epoch (ms),time (-07:00),elapsed (s),X-Axis (T),Y-Axis (T),Z-Axis (T)
1623786741637,2021-06-15T19:54:50.639Z,0.059,10.845108985900879,-28.146739959716797,-18.67119598388672
1623786741676,2021-06-15T19:54:50.654Z,0.098,11.220108985900879,-28.521739959716797,-19.10869598388672
1623786741716,2021-06-15T19:54:50.668Z,0.138,9.720108985900879,-27.396739959716797,-19.10869598388672
1623786741757,2021-06-15T19:54:50.670Z,0.179,10.845108985900879,-27.771739959716797,-19.17119598388672
1623786741796,2021-06-15T19:54:50.684Z,0.218,9.032608985900879,-28.521739959716797,-20.67119598388672
1623786741817,2021-06-15T19:54:50.707Z,0.239,11.220108985900879,-27.771739959716797,-19.10869598388672
1623786741856,2021-06-15T19:54:50.713Z,0.278,10.845108985900879,-28.521739959716797,-19.54619598388672
1623786741896,2021-06-15T19:54:50.719Z,0.318,11.595108985900879,-28.521739959716797,-18.29619598388672
1623786741937,2021-06-15T19:54:50.730Z,0.359,11.970108985900879,-26.709239959716797,-18.73369598388672
1623786741976,2021-06-15T19:54:50.744Z,0.398,11.595108985900879,-28.146739959716797,-18.29619598388672
1623786742016,2021-06-15T19:54:50.759Z,0.438,10.845108985900879,-28.146739959716797,-18.73369598388672
1623786742057,2021-06-15T19:54:50.760Z,0.479,12.657608985900879,-27.084239959716797,-18.35869598388672
1623786742097,2021-06-15T19:54:50.775Z,0.519,12.345108985900879,-28.521739959716797,-19.10869598388672
1623786742136,2021-06-15T19:54:50.789Z,0.558,10.470108985900879,-29.271739959716797,-18.73369598388672
1623786742176,2021-06-15T19:54:50.813Z,0.598,10.095108985900879,-28.896739959716797,-19.54619598388672
1623786742217,2021-06-15T19:54:50.818Z,0.639,10.095108985900879,-28.521739959716797,-19.92119598388672
1623786742256,2021-06-15T19:54:50.833Z,0.678,11.970108985900879,-27.771739959716797,-19.92119598388672
1623786742296,2021-06-15T19:54:50.835Z,0.718,11.220108985900879,-27.396739959716797,-18.73369598388672
1623786742335,2021-06-15T19:54:50.849Z,0.757,9.720108985900879,-27.396739959716797,-19.54619598388672
1623786742376,2021-06-15T19:54:50.868Z,0.798,10.470108985900879,-27.084239959716797,-19.17119598388672
1623786742416,2021-06-15T19:54:50.885Z,0.838,10.845108985900879,-27.396739959716797,-19.17119598388672
1623786742455,2021-06-15T19:54:50.886Z,0.877,9.720108985900879,-28.896739959716797,-20.35869598388672
1623786742496,2021-06-15T19:54:50.899Z,0.918,11.595108985900879,-28.896739959716797,-19.17119598388672
1623786742536,2021-06-15T19:54:50.909Z,0.958,13.407608985900879,-30.334239959716797,-19.98369598388672
1623786742576,2021-06-15T19:54:50.927Z,0.998,11.220108985900879,-30.709239959716797,-19.92119598388672
1623786742617,2021-06-15T19:54:50.951Z,1.039,10.095108985900879,-32.9592399597168,-19.98369598388672
1623786742656,2021-06-15T19:54:50.954Z,1.078,11.970108985900879,-33.6467399597168,-18.79619598388672
1623786742696,2021-06-15T19:54:50.968Z,1.118,10.470108985900879,-30.334239959716797,-20.35869598388672
1623786742735,2021-06-15T19:54:50.971Z,1.157,10.845108985900879,-28.896739959716797,-17.92119598388672
1623786742776,2021-06-15T19:54:50.984Z,1.198,10.845108985900879,-28.521739959716797,-19.54619598388672
1623786742816,2021-06-15T19:54:51.000Z,1.238,11.595108985900879,-28.521739959716797,-21.54619598388672
1623786742855,2021-06-15T19:54:51.014Z,1.277,10.470108985900879,-27.084239959716797,-19.60869598388672
1623786742896,2021-06-15T19:54:51.029Z,1.318,11.220108985900879,-28.521739959716797,-19.98369598388672
1623786742936,2021-06-15T19:54:51.060Z,1.358,11.970108985900879,-28.146739959716797,-19.54619598388672
1623786742975,2021-06-15T19:54:51.074Z,1.397,11.220108985900879,-27.771739959716797,-19.54619598388672
1623786743015,2021-06-15T19:54:51.090Z,1.437,11.970108985900879,-28.521739959716797,-19.98369598388672
1623786743056,2021-06-15T19:54:51.103Z,1.478,10.095108985900879,-28.146739959716797,-21.17119598388672
1623786743096,2021-06-15T19:54:51.121Z,1.518,12.345108985900879,-27.771739959716797,-19.17119598388672
1623786743135,2021-06-15T19:54:51.122Z,1.557,13.032608985900879,-29.271739959716797,-19.54619598388672
1623786743176,2021-06-15T19:54:51.136Z,1.598,11.220108985900879,-28.146739959716797,-19.92119598388672
1623786743216,2021-06-15T19:54:51.151Z,1.638,13.407608985900879,-28.146739959716797,-19.92119598388672
1623786743255,2021-06-15T19:54:51.164Z,1.677,10.470108985900879,-28.896739959716797,-19.98369598388672
1623786743296,2021-06-15T19:54:51.179Z,1.718,10.470108985900879,-27.396739959716797,-20.35869598388672
1623786743336,2021-06-15T19:54:51.194Z,1.758,12.345108985900879,-29.646739959716797,-19.98369598388672
1623786743375,2021-06-15T19:54:51.196Z,1.797,11.595108985900879,-28.521739959716797,-19.54619598388672
1623786743415,2021-06-15T19:54:51.214Z,1.837,11.970108985900879,-28.146739959716797,-21.54619598388672
1623786743456,2021-06-15T19:54:51.224Z,1.878,11.970108985900879,-29.271739959716797,-19.17119598388672
1623786743495,2021-06-15T19:54:51.240Z,1.917,10.845108985900879,-27.396739959716797,-19.54619598388672
1623786743535,2021-06-15T19:54:51.255Z,1.957,10.470108985900879,-27.396739959716797,-19.98369598388672
1623786743576,2021-06-15T19:54:51.269Z,1.998,13.032608985900879,-28.521739959716797,-19.54619598388672
1623786743616,2021-06-15T19:54:51.270Z,2.038,11.220108985900879,-28.146739959716797,-19.17119598388672
1623786743655,2021-06-15T19:54:51.290Z,2.077,13.032608985900879,-28.146739959716797,-21.54619598388672
1623786743695,2021-06-15T19:54:51.303Z,2.117,9.720108985900879,-27.771739959716797,-19.54619598388672
1623786743736,2021-06-15T19:54:51.315Z,2.158,11.970108985900879,-29.646739959716797,-19.60869598388672
1623786743775,2021-06-15T19:54:51.316Z,2.197,11.220108985900879,-28.896739959716797,-20.35869598388672
1623786743815,2021-06-15T19:54:51.330Z,2.237,10.470108985900879,-27.771739959716797,-19.17119598388672
1623786743856,2021-06-15T19:54:51.345Z,2.278,12.657608985900879,-29.271739959716797,-19.17119598388672
1623786743895,2021-06-15T19:54:51.358Z,2.317,11.220108985900879,-28.146739959716797,-20.35869598388672
1623786743935,2021-06-15T19:54:51.373Z,2.357,11.220108985900879,-27.771739959716797,-19.54619598388672
1623786743976,2021-06-15T19:54:51.376Z,2.398,10.470108985900879,-30.709239959716797,-19.60869598388672
1623786744016,2021-06-15T19:54:51.390Z,2.438,11.595108985900879,-29.271739959716797,-21.54619598388672
1623786744055,2021-06-15T19:54:51.405Z,2.477,10.845108985900879,-27.396739959716797,-19.98369598388672
1623786744095,2021-06-15T19:54:51.419Z,2.517,11.595108985900879,-32.5842399597168,-18.79619598388672
1623786744136,2021-06-15T19:54:51.433Z,2.558,9.345108985900879,-29.271739959716797,-21.98369598388672
1623786744175,2021-06-15T19:54:51.450Z,2.597,12.657608985900879,-28.521739959716797,-18.79619598388672
1623786744215,2021-06-15T19:54:51.451Z,2.637,13.032608985900879,-34.0217399597168,-19.17119598388672
1623786744256,2021-06-15T19:54:51.464Z,2.678,11.220108985900879,-29.271739959716797,-19.60869598388672
1623786744295,2021-06-15T19:54:51.479Z,2.717,11.220108985900879,-27.771739959716797,-19.17119598388672
1623786744335,2021-06-15T19:54:51.493Z,2.757,10.845108985900879,-34.7717399597168,-19.54619598388672
1623786744376,2021-06-15T19:54:51.509Z,2.798,10.470108985900879,-30.021739959716797,-20.79619598388672
1623786744415,2021-06-15T19:54:51.514Z,2.837,11.970108985900879,-32.5842399597168,-19.60869598388672
1623786744455,2021-06-15T19:54:51.524Z,2.877,13.032608985900879,-36.2717399597168,-19.54619598388672
1623786744495,2021-06-15T19:54:51.541Z,2.917,10.845108985900879,-28.896739959716797,-21.54619598388672
1623786744536,2021-06-15T19:54:51.554Z,2.958,10.095108985900879,-27.396739959716797,-19.60869598388672
1623786744575,2021-06-15T19:54:51.569Z,2.997,11.595108985900879,-39.2092399597168,-19.17119598388672
1623786744615,2021-06-15T19:54:51.570Z,3.037,10.845108985900879,-30.396739959716797,-20.79619598388672
1623786744656,2021-06-15T19:54:51.585Z,3.078,11.970108985900879,-27.396739959716797,-19.17119598388672
1623786744695,2021-06-15T19:54:51.602Z,3.117,12.282608985900879,-39.2092399597168,-19.98369598388672
1623786744735,2021-06-15T19:54:51.613Z,3.157,11.595108985900879,-28.146739959716797,-21.54619598388672
1623786744774,2021-06-15T19:54:51.628Z,3.196,13.032608985900879,-29.271739959716797,-19.17119598388672
1623786744815,2021-06-15T19:54:51.644Z,3.237,13.032608985900879,-38.4592399597168,-18.79619598388672
1623786744855,2021-06-15T19:54:51.658Z,3.277,12.657608985900879,-32.9592399597168,-20.35869598388672
1623786744894,2021-06-15T19:54:51.666Z,3.316,9.720108985900879,-34.3967399597168,-19.17119598388672
1623786744935,2021-06-15T19:54:51.678Z,3.357,10.845108985900879,-39.2092399597168,-19.60869598388672
1623786744975,2021-06-15T19:54:51.688Z,3.397,10.095108985900879,-32.5842399597168,-20.35869598388672
1623786745015,2021-06-15T19:54:51.703Z,3.437,10.095108985900879,-31.459239959716797,-19.17119598388672
1623786745056,2021-06-15T19:54:51.706Z,3.478,10.845108985900879,-35.8967399597168,-20.79619598388672
1623786745095,2021-06-15T19:54:51.719Z,3.517,11.220108985900879,-29.271739959716797,-19.60869598388672
1623786745135,2021-06-15T19:54:51.755Z,3.557,10.845108985900879,-27.396739959716797,-19.60869598388672
1623786745174,2021-06-15T19:54:51.763Z,3.596,13.407608985900879,-38.8342399597168,-20.35869598388672
1623786745215,2021-06-15T19:54:51.766Z,3.637,13.407608985900879,-29.271739959716797,-19.98369598388672
1623786745255,2021-06-15T19:54:51.783Z,3.677,11.220108985900879,-27.084239959716797,-20.42119598388672
1623786745294,2021-06-15T19:54:51.802Z,3.716,9.720108985900879,-38.0842399597168,-20.79619598388672
1623786745335,2021-06-15T19:54:51.808Z,3.757,11.220108985900879,-28.896739959716797,-21.54619598388672
1623786745375,2021-06-15T19:54:51.823Z,3.797,10.470108985900879,-28.146739959716797,-20.79619598388672
1623786745414,2021-06-15T19:54:51.838Z,3.836,9.345108985900879,-39.2092399597168,-19.54619598388672
1623786745454,2021-06-15T19:54:51.840Z,3.876,10.470108985900879,-29.271739959716797,-21.54619598388672
1623786745495,2021-06-15T19:54:51.857Z,3.917,11.595108985900879,-28.146739959716797,-19.17119598388672
1623786745535,2021-06-15T19:54:51.868Z,3.957,10.845108985900879,-38.4592399597168,-19.23369598388672
1623786745574,2021-06-15T19:54:51.883Z,3.996,11.595108985900879,-29.646739959716797,-21.17119598388672
1623786745615,2021-06-15T19:54:51.900Z,4.037,10.470108985900879,-26.709239959716797,-19.98369598388672
1623786745655,2021-06-15T19:54:51.901Z,4.077,9.720108985900879,-40.6467399597168,-19.98369598388672
1623786745694,2021-06-15T19:54:51.915Z,4.116,9.720108985900879,-28.896739959716797,-21.17119598388672
1623786745735,2021-06-15T19:54:51.931Z,4.157,10.845108985900879,-27.396739959716797,-18.79619598388672
1623786745775,2021-06-15T19:54:51.945Z,4.197,10.470108985900879,-41.7717399597168,-19.98369598388672
1623786745814,2021-06-15T19:54:51.960Z,4.236,10.845108985900879,-28.896739959716797,-20.79619598388672
1623786745854,2021-06-15T19:54:51.961Z,4.276,10.845108985900879,-28.896739959716797,-19.98369598388672
1623786745895,2021-06-15T19:54:51.975Z,4.317,11.595108985900879,-38.4592399597168,-19.60869598388672
1623786745934,2021-06-15T19:54:51.989Z,4.356,10.845108985900879,-28.146739959716797,-20.79619598388672
1623786745974,2021-06-15T19:54:52.004Z,4.396,10.470108985900879,-26.709239959716797,-18.35869598388672
1623786746015,2021-06-15T19:54:52.018Z,4.437,10.095108985900879,-38.4592399597168,-19.17119598388672
1623786746055,2021-06-15T19:54:52.033Z,4.477,10.470108985900879,-29.646739959716797,-19.98369598388672
1623786746094,2021-06-15T19:54:52.064Z,4.516,13.782608985900879,-28.146739959716797,-19.98369598388672
1623786746135,2021-06-15T19:54:52.080Z,4.557,11.595108985900879,-36.2717399597168,-19.23369598388672
1623786746175,2021-06-15T19:54:52.093Z,4.597,10.845108985900879,-29.271739959716797,-20.42119598388672
1623786746214,2021-06-15T19:54:52.108Z,4.636,11.220108985900879,-28.146739959716797,-18.79619598388672
1623786746254,2021-06-15T19:54:52.110Z,4.676,9.720108985900879,-35.5217399597168,-19.17119598388672
1623786746295,2021-06-15T19:54:52.126Z,4.717,11.595108985900879,-29.646739959716797,-19.98369598388672
1623786746334,2021-06-15T19:54:52.139Z,4.756,10.845108985900879,-29.646739959716797,-19.17119598388672
1623786746374,2021-06-15T19:54:52.156Z,4.796,11.970108985900879,-34.3967399597168,-18.79619598388672
1623786746415,2021-06-15T19:54:52.168Z,4.837,11.595108985900879,-28.896739959716797,-19.98369598388672
1623786746454,2021-06-15T19:54:52.183Z,4.876,10.845108985900879,-29.271739959716797,-19.60869598388672
1623786746494,2021-06-15T19:54:52.185Z,4.916,13.032608985900879,-33.6467399597168,-19.17119598388672
1623786746534,2021-06-15T19:54:52.199Z,4.956,10.845108985900879,-29.271739959716797,-18.79619598388672
1623786746575,2021-06-15T19:54:52.215Z,4.997,10.845108985900879,-28.146739959716797,-18.42119598388672
1623786746614,2021-06-15T19:54:52.231Z,5.036,9.720108985900879,-32.2092399597168,-19.60869598388672
1623786746655,2021-06-15T19:54:52.245Z,5.077,11.595108985900879,-28.521739959716797,-19.60869598388672
1623786746695,2021-06-15T19:54:52.246Z,5.117,10.470108985900879,-28.521739959716797,-18.79619598388672
1623786746734,2021-06-15T19:54:52.266Z,5.156,10.470108985900879,-34.0217399597168,-17.60869598388672
1623786746774,2021-06-15T19:54:52.273Z,5.196,12.282608985900879,-29.646739959716797,-19.60869598388672
1623786746815,2021-06-15T19:54:52.280Z,5.237,11.220108985900879,-28.896739959716797,-18.42119598388672
1623786746854,2021-06-15T19:54:52.304Z,5.276,10.845108985900879,-31.834239959716797,-18.35869598388672
1623786746894,2021-06-15T19:54:52.320Z,5.316,11.220108985900879,-28.896739959716797,-20.42119598388672
1623786746933,2021-06-15T19:54:52.333Z,5.355,10.095108985900879,-28.521739959716797,-18.79619598388672
1623786746975,2021-06-15T19:54:52.349Z,5.397,11.595108985900879,-30.709239959716797,-18.79619598388672
1623786747014,2021-06-15T19:54:52.350Z,5.436,10.470108985900879,-29.271739959716797,-18.79619598388672
1623786747054,2021-06-15T19:54:52.365Z,5.476,9.720108985900879,-29.646739959716797,-19.60869598388672
1623786747095,2021-06-15T19:54:52.380Z,5.517,10.470108985900879,-31.459239959716797,-18.42119598388672
1623786747134,2021-06-15T19:54:52.396Z,5.556,11.595108985900879,-29.646739959716797,-18.79619598388672
1623786747174,2021-06-15T19:54:52.409Z,5.596,10.470108985900879,-30.021739959716797,-17.98369598388672
1623786747213,2021-06-15T19:54:52.423Z,5.635,10.845108985900879,-34.0217399597168,-18.35869598388672
1623786747254,2021-06-15T19:54:52.426Z,5.676,9.345108985900879,-34.3967399597168,-17.98369598388672
1623786747294,2021-06-15T19:54:52.439Z,5.716,10.470108985900879,-32.5842399597168,-18.04619598388672
1623786747333,2021-06-15T19:54:52.460Z,5.755,9.720108985900879,-30.021739959716797,-19.60869598388672
1623786747374,2021-06-15T19:54:52.468Z,5.796,11.970108985900879,-28.896739959716797,-19.98369598388672
1623786747414,2021-06-15T19:54:52.483Z,5.836,10.095108985900879,-29.271739959716797,-18.35869598388672
1623786747454,2021-06-15T19:54:52.486Z,5.876,12.657608985900879,-30.396739959716797,-20.35869598388672
1623786747495,2021-06-15T19:54:52.500Z,5.917,10.470108985900879,-28.896739959716797,-19.60869598388672
1623786747534,2021-06-15T19:54:52.515Z,5.956,10.470108985900879,-28.521739959716797,-18.35869598388672
1623786747574,2021-06-15T19:54:52.529Z,5.996,10.095108985900879,-30.021739959716797,-19.60869598388672
1623786747613,2021-06-15T19:54:52.544Z,6.035,10.470108985900879,-29.271739959716797,-19.98369598388672
1623786747654,2021-06-15T19:54:52.545Z,6.076,10.845108985900879,-28.146739959716797,-17.98369598388672
1623786747694,2021-06-15T19:54:52.562Z,6.116,9.345108985900879,-30.396739959716797,-19.17119598388672
1623786747733,2021-06-15T19:54:52.580Z,6.155,12.282608985900879,-28.146739959716797,-19.98369598388672
1623786747774,2021-06-15T19:54:52.591Z,6.196,11.595108985900879,-28.146739959716797,-19.17119598388672
1623786747814,2021-06-15T19:54:52.604Z,6.236,9.720108985900879,-30.396739959716797,-20.35869598388672
1623786747853,2021-06-15T19:54:52.618Z,6.275,9.720108985900879,-30.021739959716797,-19.98369598388672
1623786747894,2021-06-15T19:54:52.621Z,6.316,12.345108985900879,-27.396739959716797,-18.79619598388672
1623786747934,2021-06-15T19:54:52.639Z,6.356,10.845108985900879,-29.271739959716797,-20.42119598388672
1623786747974,2021-06-15T19:54:52.655Z,6.396,10.095108985900879,-29.271739959716797,-19.98369598388672
1623786748013,2021-06-15T19:54:52.663Z,6.435,10.845108985900879,-29.646739959716797,-18.42119598388672
1623786748054,2021-06-15T19:54:52.678Z,6.476,11.970108985900879,-29.271739959716797,-18.35869598388672
1623786748094,2021-06-15T19:54:52.684Z,6.516,11.220108985900879,-29.646739959716797,-20.35869598388672
1623786748133,2021-06-15T19:54:52.699Z,6.555,11.595108985900879,-30.021739959716797,-17.98369598388672
1623786748174,2021-06-15T19:54:52.715Z,6.596,10.845108985900879,-29.646739959716797,-20.79619598388672
1623786748214,2021-06-15T19:54:52.726Z,6.636,12.282608985900879,-29.271739959716797,-19.60869598388672
1623786748253,2021-06-15T19:54:52.738Z,6.675,11.595108985900879,-29.271739959716797,-17.98369598388672
1623786748293,2021-06-15T19:54:52.753Z,6.715,10.845108985900879,-29.271739959716797,-20.04619598388672
1623786748334,2021-06-15T19:54:52.755Z,6.756,11.970108985900879,-28.521739959716797,-19.60869598388672
1623786748373,2021-06-15T19:54:52.770Z,6.795,11.970108985900879,-28.521739959716797,-19.17119598388672
1623786748413,2021-06-15T19:54:52.784Z,6.835,11.595108985900879,-30.396739959716797,-19.60869598388672
1623786748454,2021-06-15T19:54:52.798Z,6.876,10.095108985900879,-29.646739959716797,-19.98369598388672
1623786748494,2021-06-15T19:54:52.813Z,6.916,10.470108985900879,-28.896739959716797,-18.35869598388672
1623786748533,2021-06-15T19:54:52.815Z,6.955,10.095108985900879,-28.896739959716797,-19.17119598388672
1623786748574,2021-06-15T19:54:52.830Z,6.996,9.720108985900879,-29.271739959716797,-19.17119598388672
1623786748614,2021-06-15T19:54:52.859Z,7.036,11.220108985900879,-28.896739959716797,-18.42119598388672
1623786748653,2021-06-15T19:54:52.874Z,7.075,9.720108985900879,-29.646739959716797,-19.60869598388672
1623786748693,2021-06-15T19:54:52.888Z,7.115,11.220108985900879,-29.271739959716797,-19.60869598388672
1623786748734,2021-06-15T19:54:52.890Z,7.156,12.345108985900879,-28.521739959716797,-18.79619598388672
1623786748773,2021-06-15T19:54:52.905Z,7.195,10.095108985900879,-28.896739959716797,-18.79619598388672
1623786748813,2021-06-15T19:54:52.920Z,7.235,11.220108985900879,-28.896739959716797,-20.42119598388672
1623786748854,2021-06-15T19:54:52.933Z,7.276,10.095108985900879,-28.521739959716797,-17.60869598388672
1623786748893,2021-06-15T19:54:52.936Z,7.315,8.657608985900879,-28.896739959716797,-18.35869598388672
1623786748933,2021-06-15T19:54:52.950Z,7.355,10.470108985900879,-29.271739959716797,-17.98369598388672
1623786748974,2021-06-15T19:54:52.964Z,7.396,12.345108985900879,-28.896739959716797,-17.60869598388672
1623786749014,2021-06-15T19:54:52.980Z,7.436,10.845108985900879,-29.271739959716797,-20.35869598388672
1623786749053,2021-06-15T19:54:52.994Z,7.475,12.657608985900879,-28.521739959716797,-19.60869598388672
1623786749093,2021-06-15T19:54:53.008Z,7.515,11.595108985900879,-28.146739959716797,-17.98369598388672
1623786749134,2021-06-15T19:54:53.010Z,7.556,10.470108985900879,-30.709239959716797,-19.60869598388672
1623786749173,2021-06-15T19:54:53.024Z,7.595,10.095108985900879,-29.271739959716797,-19.98369598388672
1623786749213,2021-06-15T19:54:53.039Z,7.635,11.595108985900879,-28.146739959716797,-18.42119598388672
1623786749252,2021-06-15T19:54:53.083Z,7.674,10.095108985900879,-30.709239959716797,-19.60869598388672
1623786749293,2021-06-15T19:54:53.098Z,7.715,11.220108985900879,-28.896739959716797,-19.98369598388672
1623786749333,2021-06-15T19:54:53.113Z,7.755,10.845108985900879,-28.896739959716797,-18.35869598388672
1623786749372,2021-06-15T19:54:53.115Z,7.794,10.095108985900879,-29.646739959716797,-19.17119598388672
1623786749413,2021-06-15T19:54:53.129Z,7.835,10.470108985900879,-32.2092399597168,-19.60869598388672
1623786749453,2021-06-15T19:54:53.164Z,7.875,9.720108985900879,-35.8967399597168,-17.60869598388672
1623786749493,2021-06-15T19:54:53.173Z,7.915,9.345108985900879,-36.2717399597168,-19.60869598388672
1623786749534,2021-06-15T19:54:53.188Z,7.956,9.345108985900879,-36.6467399597168,-18.35869598388672
1623786749573,2021-06-15T19:54:53.190Z,7.995,9.720108985900879,-36.2717399597168,-17.98369598388672
1623786749613,2021-06-15T19:54:53.205Z,8.035,11.595108985900879,-34.0217399597168,-19.60869598388672
1623786749652,2021-06-15T19:54:53.219Z,8.074,11.595108985900879,-29.646739959716797,-18.35869598388672
1623786749693,2021-06-15T19:54:53.233Z,8.115,10.470108985900879,-28.896739959716797,-18.79619598388672
1623786749733,2021-06-15T19:54:53.249Z,8.155,10.845108985900879,-31.084239959716797,-21.17119598388672
1623786749772,2021-06-15T19:54:53.264Z,8.194,10.845108985900879,-30.021739959716797,-19.17119598388672
1623786749813,2021-06-15T19:54:53.266Z,8.235,10.470108985900879,-29.646739959716797,-18.42119598388672
1623786749853,2021-06-15T19:54:53.280Z,8.275,11.220108985900879,-29.646739959716797,-19.17119598388672
1623786749892,2021-06-15T19:54:53.294Z,8.314,11.220108985900879,-29.271739959716797,-20.42119598388672
1623786749933,2021-06-15T19:54:53.309Z,8.355,10.845108985900879,-29.646739959716797,-17.60869598388672
1623786749973,2021-06-15T19:54:53.323Z,8.395,11.595108985900879,-28.896739959716797,-20.79619598388672
1623786750013,2021-06-15T19:54:53.324Z,8.435,11.970108985900879,-28.146739959716797,-19.98369598388672
1623786750052,2021-06-15T19:54:53.339Z,8.474,10.470108985900879,-29.271739959716797,-19.17119598388672
1623786750093,2021-06-15T19:54:53.355Z,8.515,11.970108985900879,-29.646739959716797,-20.35869598388672
1623786750133,2021-06-15T19:54:53.369Z,8.555,9.345108985900879,-29.646739959716797,-18.35869598388672
1623786750172,2021-06-15T19:54:53.370Z,8.594,10.470108985900879,-27.771739959716797,-18.79619598388672
1623786750213,2021-06-15T19:54:53.389Z,8.635,11.970108985900879,-29.271739959716797,-20.04619598388672
1623786750253,2021-06-15T19:54:53.400Z,8.675,11.220108985900879,-28.521739959716797,-19.17119598388672
1623786750292,2021-06-15T19:54:53.416Z,8.714,10.095108985900879,-28.146739959716797,-19.98369598388672
1623786750333,2021-06-15T19:54:53.428Z,8.755,10.470108985900879,-30.021739959716797,-19.60869598388672
1623786750373,2021-06-15T19:54:53.431Z,8.795,10.845108985900879,-28.521739959716797,-18.79619598388672
1623786750412,2021-06-15T19:54:53.446Z,8.834,10.470108985900879,-28.146739959716797,-19.17119598388672
1623786750452,2021-06-15T19:54:53.459Z,8.874,9.720108985900879,-30.021739959716797,-20.42119598388672
1623786750493,2021-06-15T19:54:53.476Z,8.915,10.845108985900879,-28.521739959716797,-19.17119598388672
1623786750533,2021-06-15T19:54:53.490Z,8.955,10.095108985900879,-28.146739959716797,-20.42119598388672
1623786750572,2021-06-15T19:54:53.503Z,8.994,11.970108985900879,-28.896739959716797,-19.98369598388672
1623786750613,2021-06-15T19:54:53.505Z,9.035,11.970108985900879,-28.146739959716797,-20.42119598388672
1623786750653,2021-06-15T19:54:53.519Z,9.075,10.470108985900879,-28.146739959716797,-17.98369598388672
1623786750692,2021-06-15T19:54:53.534Z,9.114,10.470108985900879,-28.896739959716797,-20.42119598388672
1623786750733,2021-06-15T19:54:53.549Z,9.155,10.095108985900879,-27.771739959716797,-19.17119598388672
1623786750773,2021-06-15T19:54:53.569Z,9.195,11.595108985900879,-29.271739959716797,-18.79619598388672
1623786750812,2021-06-15T19:54:53.569Z,9.234,10.470108985900879,-29.271739959716797,-20.42119598388672
1623786750852,2021-06-15T19:54:53.587Z,9.274,10.845108985900879,-28.521739959716797,-19.98369598388672
1623786750893,2021-06-15T19:54:53.594Z,9.315,10.470108985900879,-27.771739959716797,-19.60869598388672
1623786750933,2021-06-15T19:54:53.609Z,9.355,10.845108985900879,-30.709239959716797,-19.98369598388672
1623786750972,2021-06-15T19:54:53.627Z,9.394,10.470108985900879,-28.521739959716797,-19.17119598388672
1623786751013,2021-06-15T19:54:53.639Z,9.435,10.845108985900879,-28.146739959716797,-19.60869598388672
1623786751053,2021-06-15T19:54:53.640Z,9.475,10.095108985900879,-29.646739959716797,-21.17119598388672
1623786751092,2021-06-15T19:54:53.654Z,9.514,11.595108985900879,-29.271739959716797,-18.79619598388672
1623786751132,2021-06-15T19:54:53.672Z,9.554,9.032608985900879,-27.084239959716797,-17.98369598388672
1623786751173,2021-06-15T19:54:53.687Z,9.595,11.595108985900879,-29.271739959716797,-19.98369598388672
1623786751212,2021-06-15T19:54:53.698Z,9.634,9.345108985900879,-29.271739959716797,-18.79619598388672
1623786751253,2021-06-15T19:54:53.699Z,9.675,10.845108985900879,-28.521739959716797,-18.79619598388672
1623786751293,2021-06-15T19:54:53.714Z,9.715,9.720108985900879,-28.146739959716797,-18.79619598388672
1623786751332,2021-06-15T19:54:53.728Z,9.754,11.970108985900879,-29.646739959716797,-18.42119598388672
1623786751372,2021-06-15T19:54:53.743Z,9.794,11.595108985900879,-28.146739959716797,-18.79619598388672
1623786751413,2021-06-15T19:54:53.747Z,9.835,12.282608985900879,-28.146739959716797,-18.42119598388672
1623786751453,2021-06-15T19:54:53.759Z,9.875,10.845108985900879,-27.771739959716797,-18.79619598388672
1623786751492,2021-06-15T19:54:53.774Z,9.914,10.845108985900879,-27.771739959716797,-21.54619598388672
1623786751532,2021-06-15T19:54:53.795Z,9.954,10.095108985900879,-28.521739959716797,-19.98369598388672
1623786751573,2021-06-15T19:54:53.803Z,9.995,9.720108985900879,-30.396739959716797,-18.79619598388672
1623786751612,2021-06-15T19:54:53.812Z,10.034,11.220108985900879,-28.521739959716797,-18.79619598388672
1623786751652,2021-06-15T19:54:53.826Z,10.074,11.970108985900879,-30.021739959716797,-19.17119598388672
1623786751693,2021-06-15T19:54:53.834Z,10.115,11.595108985900879,-28.896739959716797,-17.98369598388672
1623786751732,2021-06-15T19:54:53.852Z,10.154,10.095108985900879,-29.271739959716797,-18.79619598388672
1623786751772,2021-06-15T19:54:53.863Z,10.194,13.032608985900879,-28.521739959716797,-19.17119598388672
1623786751813,2021-06-15T19:54:53.879Z,10.235,9.345108985900879,-31.459239959716797,-19.98369598388672
1623786751852,2021-06-15T19:54:53.880Z,10.274,11.595108985900879,-33.6467399597168,-17.98369598388672
1623786751892,2021-06-15T19:54:53.896Z,10.314,11.220108985900879,-34.0217399597168,-19.60869598388672
1623786751933,2021-06-15T19:54:53.913Z,10.355,11.595108985900879,-34.0217399597168,-18.79619598388672
1623786751973,2021-06-15T19:54:54.022Z,10.395,10.095108985900879,-31.084239959716797,-18.42119598388672
1623786752012,2021-06-15T19:54:54.023Z,10.434,11.595108985900879,-28.896739959716797,-19.98369598388672
1623786752052,2021-06-15T19:54:54.024Z,10.474,11.220108985900879,-28.521739959716797,-19.60869598388672
1623786752093,2021-06-15T19:54:54.033Z,10.515,10.095108985900879,-28.521739959716797,-20.04619598388672
1623786752132,2021-06-15T19:54:54.034Z,10.554,11.220108985900879,-29.271739959716797,-20.04619598388672
1623786752172,2021-06-15T19:54:54.037Z,10.594,11.220108985900879,-29.646739959716797,-19.17119598388672
1623786752211,2021-06-15T19:54:54.038Z,10.633,9.720108985900879,-28.896739959716797,-17.98369598388672
1623786752252,2021-06-15T19:54:54.050Z,10.674,11.970108985900879,-28.521739959716797,-19.60869598388672
1623786752292,2021-06-15T19:54:54.051Z,10.714,9.345108985900879,-29.646739959716797,-18.42119598388672
1623786752331,2021-06-15T19:54:54.054Z,10.753,10.470108985900879,-28.146739959716797,-19.17119598388672
1623786752372,2021-06-15T19:54:54.057Z,10.794,11.970108985900879,-28.146739959716797,-19.98369598388672
1623786752412,2021-06-15T19:54:54.088Z,10.834,10.095108985900879,-28.521739959716797,-19.98369598388672
1623786752452,2021-06-15T19:54:54.103Z,10.874,11.220108985900879,-28.896739959716797,-19.23369598388672
1623786752491,2021-06-15T19:54:54.121Z,10.913,11.220108985900879,-28.521739959716797,-20.79619598388672
1623786752532,2021-06-15T19:54:54.122Z,10.954,11.595108985900879,-27.396739959716797,-19.98369598388672
1623786752572,2021-06-15T19:54:54.137Z,10.994,10.845108985900879,-29.271739959716797,-19.60869598388672
1623786752611,2021-06-15T19:54:54.149Z,11.033,10.470108985900879,-29.271739959716797,-19.98369598388672
1623786752652,2021-06-15T19:54:54.168Z,11.074,11.595108985900879,-29.646739959716797,-19.17119598388672
1623786752692,2021-06-15T19:54:54.170Z,11.114,11.220108985900879,-30.021739959716797,-19.60869598388672
1623786752731,2021-06-15T19:54:54.183Z,11.153,11.220108985900879,-28.521739959716797,-20.42119598388672
1623786752771,2021-06-15T19:54:54.195Z,11.193,10.470108985900879,-28.521739959716797,-19.98369598388672
1623786752812,2021-06-15T19:54:54.214Z,11.234,11.220108985900879,-29.271739959716797,-19.17119598388672
1623786752851,2021-06-15T19:54:54.223Z,11.273,9.032608985900879,-30.021739959716797,-20.79619598388672
1623786752891,2021-06-15T19:54:54.229Z,11.313,11.595108985900879,-28.896739959716797,-19.17119598388672
1623786752932,2021-06-15T19:54:54.239Z,11.354,11.220108985900879,-27.771739959716797,-18.79619598388672
1623786752972,2021-06-15T19:54:54.270Z,11.394,10.095108985900879,-28.521739959716797,-20.42119598388672
1623786753011,2021-06-15T19:54:54.283Z,11.433,10.095108985900879,-28.521739959716797,-18.79619598388672
1623786753051,2021-06-15T19:54:54.298Z,11.473,11.595108985900879,-29.646739959716797,-19.17119598388672
1623786753092,2021-06-15T19:54:54.302Z,11.514,11.595108985900879,-28.146739959716797,-20.79619598388672
1623786753131,2021-06-15T19:54:54.315Z,11.553,9.720108985900879,-29.646739959716797,-18.35869598388672
1623786753171,2021-06-15T19:54:54.329Z,11.593,12.282608985900879,-28.521739959716797,-18.42119598388672
1623786753212,2021-06-15T19:54:54.344Z,11.634,11.970108985900879,-28.521739959716797,-20.79619598388672
1623786753251,2021-06-15T19:54:54.359Z,11.673,12.657608985900879,-29.271739959716797,-17.98369598388672
1623786753291,2021-06-15T19:54:54.373Z,11.713,12.282608985900879,-28.146739959716797,-19.17119598388672
1623786753330,2021-06-15T19:54:54.377Z,11.752,11.970108985900879,-28.896739959716797,-19.17119598388672
1623786753371,2021-06-15T19:54:54.389Z,11.793,9.345108985900879,-29.271739959716797,-18.42119598388672
1623786753411,2021-06-15T19:54:54.404Z,11.833,11.595108985900879,-30.021739959716797,-19.60869598388672
1623786753451,2021-06-15T19:54:54.420Z,11.873,12.657608985900879,-28.896739959716797,-18.42119598388672
1623786753492,2021-06-15T19:54:54.433Z,11.914,12.282608985900879,-35.1467399597168,-18.42119598388672
1623786753531,2021-06-15T19:54:54.436Z,11.953,10.470108985900879,-28.896739959716797,-17.23369598388672
1623786753571,2021-06-15T19:54:54.459Z,11.993,10.845108985900879,-29.271739959716797,-19.23369598388672
1623786753612,2021-06-15T19:54:54.465Z,12.034,12.282608985900879,-32.2092399597168,-17.98369598388672
1623786753651,2021-06-15T19:54:54.478Z,12.073,11.970108985900879,-28.896739959716797,-18.35869598388672
1623786753691,2021-06-15T19:54:54.494Z,12.113,11.970108985900879,-28.146739959716797,-19.98369598388672
1623786753730,2021-06-15T19:54:54.523Z,12.152,10.845108985900879,-32.2092399597168,-18.42119598388672
1623786753771,2021-06-15T19:54:54.528Z,12.193,12.282608985900879,-29.646739959716797,-18.79619598388672
1623786753811,2021-06-15T19:54:54.539Z,12.233,9.720108985900879,-31.459239959716797,-19.60869598388672
1623786753850,2021-06-15T19:54:54.554Z,12.272,10.845108985900879,-27.771739959716797,-18.79619598388672
1623786753891,2021-06-15T19:54:54.571Z,12.313,9.720108985900879,-29.271739959716797,-18.35869598388672
1623786753931,2021-06-15T19:54:54.586Z,12.353,11.595108985900879,-28.896739959716797,-18.79619598388672
1623786753971,2021-06-15T19:54:54.588Z,12.393,10.470108985900879,-31.084239959716797,-18.42119598388672
1623786754010,2021-06-15T19:54:54.601Z,12.432,11.595108985900879,-30.709239959716797,-19.17119598388672
1623786754051,2021-06-15T19:54:54.614Z,12.473,11.220108985900879,-36.6467399597168,-19.98369598388672
1623786754091,2021-06-15T19:54:54.629Z,12.513,10.470108985900879,-34.7717399597168,-18.42119598388672
1623786754130,2021-06-15T19:54:54.643Z,12.552,10.470108985900879,-31.459239959716797,-18.79619598388672
1623786754171,2021-06-15T19:54:54.645Z,12.593,10.095108985900879,-30.709239959716797,-19.98369598388672
1623786754211,2021-06-15T19:54:54.663Z,12.633,11.970108985900879,-27.771739959716797,-17.60869598388672
1623786754250,2021-06-15T19:54:54.677Z,12.672,11.970108985900879,-28.521739959716797,-19.60869598388672
1623786754290,2021-06-15T19:54:54.688Z,12.712,11.220108985900879,-29.271739959716797,-20.04619598388672
1623786754331,2021-06-15T19:54:54.718Z,12.753,9.345108985900879,-27.771739959716797,-19.17119598388672
1623786754370,2021-06-15T19:54:54.721Z,12.792,11.220108985900879,-28.896739959716797,-19.17119598388672
1623786754410,2021-06-15T19:54:54.722Z,12.832,9.032608985900879,-28.146739959716797,-19.98369598388672
1623786754451,2021-06-15T19:54:54.736Z,12.873,9.345108985900879,-28.146739959716797,-18.79619598388672
1623786754491,2021-06-15T19:54:54.751Z,12.913,13.032608985900879,-28.896739959716797,-19.98369598388672
1623786754530,2021-06-15T19:54:54.768Z,12.952,10.845108985900879,-27.771739959716797,-19.98369598388672
1623786754570,2021-06-15T19:54:54.780Z,12.992,9.720108985900879,-28.521739959716797,-20.35869598388672
1623786754611,2021-06-15T19:54:54.785Z,13.033,11.220108985900879,-28.521739959716797,-19.60869598388672
1623786754650,2021-06-15T19:54:54.802Z,13.072,9.345108985900879,-29.646739959716797,-19.60869598388672
1623786754690,2021-06-15T19:54:54.824Z,13.112,10.845108985900879,-28.896739959716797,-19.60869598388672
1623786754731,2021-06-15T19:54:54.825Z,13.153,10.470108985900879,-28.896739959716797,-19.23369598388672
1623786754770,2021-06-15T19:54:54.838Z,13.192,11.970108985900879,-28.521739959716797,-20.79619598388672
1623786754810,2021-06-15T19:54:54.853Z,13.232,11.970108985900879,-28.521739959716797,-18.42119598388672
1623786754851,2021-06-15T19:54:54.868Z,13.273,11.970108985900879,-28.146739959716797,-19.98369598388672
1623786754891,2021-06-15T19:54:54.870Z,13.313,10.095108985900879,-29.646739959716797,-20.42119598388672
1623786754930,2021-06-15T19:54:54.885Z,13.352,13.407608985900879,-29.646739959716797,-19.98369598388672
1623786754970,2021-06-15T19:54:54.900Z,13.392,12.282608985900879,-30.021739959716797,-19.23369598388672
1623786755011,2021-06-15T19:54:54.917Z,13.433,11.220108985900879,-30.021739959716797,-20.42119598388672
1623786755050,2021-06-15T19:54:54.929Z,13.472,9.345108985900879,-27.771739959716797,-19.23369598388672
1623786755090,2021-06-15T19:54:54.930Z,13.512,11.595108985900879,-32.9592399597168,-18.42119598388672
1623786755131,2021-06-15T19:54:54.946Z,13.553,11.220108985900879,-27.771739959716797,-20.79619598388672
1623786755170,2021-06-15T19:54:54.959Z,13.592,11.220108985900879,-28.521739959716797,-19.98369598388672
1623786755210,2021-06-15T19:54:54.974Z,13.632,11.220108985900879,-34.3967399597168,-19.17119598388672
1623786755249,2021-06-15T19:54:54.979Z,13.671,10.470108985900879,-27.771739959716797,-19.98369598388672
1623786755290,2021-06-15T19:54:54.991Z,13.712,11.220108985900879,-28.896739959716797,-19.23369598388672
1623786755330,2021-06-15T19:54:55.011Z,13.752,11.220108985900879,-34.7717399597168,-18.42119598388672
1623786755370,2021-06-15T19:54:55.019Z,13.792,11.220108985900879,-28.896739959716797,-20.42119598388672
1623786755411,2021-06-15T19:54:55.033Z,13.833,8.282608985900879,-29.271739959716797,-18.04619598388672
1623786755450,2021-06-15T19:54:55.049Z,13.872,11.220108985900879,-37.3342399597168,-18.42119598388672
1623786755490,2021-06-15T19:54:55.051Z,13.912,10.470108985900879,-30.396739959716797,-19.60869598388672
1623786755529,2021-06-15T19:54:55.065Z,13.951,11.970108985900879,-28.146739959716797,-19.60869598388672
1623786755570,2021-06-15T19:54:55.080Z,13.992,11.595108985900879,-41.0217399597168,-19.98369598388672
1623786755610,2021-06-15T19:54:55.130Z,14.032,11.595108985900879,-30.021739959716797,-19.60869598388672
1623786755651,2021-06-15T19:54:55.147Z,14.073,9.720108985900879,-28.896739959716797,-17.60869598388672
1623786755690,2021-06-15T19:54:55.154Z,14.112,11.220108985900879,-42.5217399597168,-19.17119598388672
1623786755730,2021-06-15T19:54:55.168Z,14.152,11.970108985900879,-28.896739959716797,-19.98369598388672
1623786755769,2021-06-15T19:54:55.183Z,14.191,10.470108985900879,-27.771739959716797,-18.42119598388672
1623786755809,2021-06-15T19:54:55.187Z,14.231,10.470108985900879,-42.1467399597168,-18.79619598388672
1623786755850,2021-06-15T19:54:55.200Z,14.272,10.845108985900879,-28.521739959716797,-19.60869598388672
1623786755890,2021-06-15T19:54:55.215Z,14.312,10.470108985900879,-28.896739959716797,-19.17119598388672
1623786755929,2021-06-15T19:54:55.229Z,14.351,10.095108985900879,-42.8967399597168,-18.04619598388672
1623786755970,2021-06-15T19:54:55.243Z,14.392,10.845108985900879,-28.146739959716797,-20.42119598388672
1623786756010,2021-06-15T19:54:55.258Z,14.432,10.470108985900879,-27.459239959716797,-19.23369598388672
1623786756049,2021-06-15T19:54:55.260Z,14.471,9.032608985900879,-42.8967399597168,-18.79619598388672
1623786756089,2021-06-15T19:54:55.274Z,14.511,10.095108985900879,-29.646739959716797,-20.04619598388672
1623786756130,2021-06-15T19:54:55.291Z,14.552,12.282608985900879,-27.771739959716797,-18.42119598388672
1623786756169,2021-06-15T19:54:55.307Z,14.591,11.220108985900879,-39.5842399597168,-18.42119598388672
1623786756209,2021-06-15T19:54:55.323Z,14.631,12.282608985900879,-33.7092399597168,-20.79619598388672
1623786756250,2021-06-15T19:54:55.325Z,14.672,10.470108985900879,-32.5842399597168,-18.42119598388672
1623786756289,2021-06-15T19:54:55.343Z,14.711,11.220108985900879,-42.5217399597168,-18.42119598388672
1623786756329,2021-06-15T19:54:55.349Z,14.751,11.970108985900879,-32.5842399597168,-20.42119598388672
1623786756370,2021-06-15T19:54:55.378Z,14.792,10.845108985900879,-28.896739959716797,-19.60869598388672
1623786756410,2021-06-15T19:54:55.380Z,14.832,11.220108985900879,-34.7717399597168,-19.98369598388672
1623786756449,2021-06-15T19:54:55.396Z,14.871,10.095108985900879,-28.896739959716797,-19.60869598388672
1623786756489,2021-06-15T19:54:55.409Z,14.911,11.970108985900879,-28.896739959716797,-19.23369598388672
1623786756530,2021-06-15T19:54:55.426Z,14.952,12.282608985900879,-33.3342399597168,-19.98369598388672
1623786756569,2021-06-15T19:54:55.438Z,14.991,11.595108985900879,-27.396739959716797,-19.98369598388672
1623786756609,2021-06-15T19:54:55.453Z,15.031,10.470108985900879,-28.146739959716797,-19.98369598388672
1623786756648,2021-06-15T19:54:55.462Z,15.07,11.970108985900879,-32.5842399597168,-20.42119598388672
1623786756689,2021-06-15T19:54:55.471Z,15.111,10.845108985900879,-28.146739959716797,-20.42119598388672
1623786756729,2021-06-15T19:54:55.497Z,15.151,9.720108985900879,-29.646739959716797,-19.60869598388672
1623786756768,2021-06-15T19:54:55.499Z,15.19,10.470108985900879,-31.459239959716797,-19.23369598388672
1623786756809,2021-06-15T19:54:55.514Z,15.231,12.282608985900879,-28.896739959716797,-20.42119598388672
1623786756849,2021-06-15T19:54:55.515Z,15.271,12.282608985900879,-29.646739959716797,-18.79619598388672
1623786756889,2021-06-15T19:54:55.545Z,15.311,9.345108985900879,-29.271739959716797,-20.79619598388672
1623786756928,2021-06-15T19:54:55.562Z,15.35,10.470108985900879,-27.771739959716797,-20.42119598388672
1623786756969,2021-06-15T19:54:55.575Z,15.391,9.720108985900879,-28.146739959716797,-19.60869598388672
1623786757009,2021-06-15T19:54:55.588Z,15.431,12.657608985900879,-28.896739959716797,-20.79619598388672
1623786757048,2021-06-15T19:54:55.595Z,15.47,11.220108985900879,-29.646739959716797,-20.79619598388672
1623786757089,2021-06-15T19:54:55.606Z,15.511,9.720108985900879,-28.146739959716797,-18.79619598388672
1623786757129,2021-06-15T19:54:55.634Z,15.551,10.470108985900879,-29.271739959716797,-21.23369598388672
1623786757168,2021-06-15T19:54:55.648Z,15.59,10.470108985900879,-30.021739959716797,-20.42119598388672
1623786757208,2021-06-15T19:54:55.663Z,15.63,11.595108985900879,-28.146739959716797,-19.60869598388672
1623786757249,2021-06-15T19:54:55.678Z,15.671,11.970108985900879,-30.709239959716797,-19.60869598388672
1623786757288,2021-06-15T19:54:55.680Z,15.71,10.095108985900879,-28.146739959716797,-21.17119598388672
1623786757328,2021-06-15T19:54:55.696Z,15.75,9.032608985900879,-28.146739959716797,-19.98369598388672
1623786757369,2021-06-15T19:54:55.709Z,15.791,10.095108985900879,-27.771739959716797,-21.23369598388672
1623786757409,2021-06-15T19:54:55.723Z,15.831,11.595108985900879,-28.146739959716797,-21.17119598388672
1623786757448,2021-06-15T19:54:55.738Z,15.87,11.220108985900879,-28.896739959716797,-19.60869598388672
1623786757488,2021-06-15T19:54:55.745Z,15.91,12.657608985900879,-29.271739959716797,-19.60869598388672
1623786757529,2021-06-15T19:54:55.755Z,15.951,12.282608985900879,-28.896739959716797,-20.79619598388672
1623786757568,2021-06-15T19:54:55.769Z,15.99,10.470108985900879,-28.896739959716797,-19.60869598388672
1623786757608,2021-06-15T19:54:55.788Z,16.03,12.282608985900879,-28.896739959716797,-21.23369598388672
1623786757649,2021-06-15T19:54:55.790Z,16.071,11.595108985900879,-27.771739959716797,-19.98369598388672
1623786757688,2021-06-15T19:54:55.801Z,16.11,12.345108985900879,-27.771739959716797,-19.98369598388672
1623786757728,2021-06-15T19:54:55.815Z,16.15,11.220108985900879,-28.896739959716797,-20.04619598388672
1623786757767,2021-06-15T19:54:55.830Z,16.189,10.470108985900879,-28.521739959716797,-19.23369598388672
1623786757808,2021-06-15T19:54:55.844Z,16.23,10.470108985900879,-28.521739959716797,-18.79619598388672
1623786757848,2021-06-15T19:54:55.858Z,16.27,9.345108985900879,-29.271739959716797,-21.23369598388672
1623786757889,2021-06-15T19:54:55.860Z,16.311,10.095108985900879,-28.521739959716797,-20.42119598388672
1623786757929,2021-06-15T19:54:55.884Z,16.351,10.470108985900879,-28.521739959716797,-18.79619598388672
1623786757968,2021-06-15T19:54:55.889Z,16.39,10.470108985900879,-30.709239959716797,-21.17119598388672
1623786758008,2021-06-15T19:54:55.906Z,16.43,13.782608985900879,-28.896739959716797,-20.79619598388672
1623786758049,2021-06-15T19:54:55.907Z,16.471,11.220108985900879,-28.896739959716797,-19.60869598388672
1623786758088,2021-06-15T19:54:55.919Z,16.51,9.032608985900879,-28.896739959716797,-19.23369598388672
1623786758128,2021-06-15T19:54:55.933Z,16.55,11.595108985900879,-29.271739959716797,-19.60869598388672
1623786758167,2021-06-15T19:54:55.949Z,16.589,11.220108985900879,-28.896739959716797,-19.23369598388672
1623786758208,2021-06-15T19:54:55.972Z,16.63,11.970108985900879,-32.5842399597168,-19.60869598388672
1623786758248,2021-06-15T19:54:55.974Z,16.67,12.345108985900879,-28.521739959716797,-19.17119598388672
1623786758287,2021-06-15T19:54:55.986Z,16.709,10.845108985900879,-29.646739959716797,-19.60869598388672
1623786758329,2021-06-15T19:54:55.994Z,16.751,11.595108985900879,-34.0217399597168,-20.42119598388672
1623786758368,2021-06-15T19:54:56.009Z,16.79,9.720108985900879,-35.1467399597168,-20.79619598388672
1623786758408,2021-06-15T19:54:56.023Z,16.83,12.657608985900879,-37.7092399597168,-19.60869598388672
1623786758447,2021-06-15T19:54:56.025Z,16.869,11.970108985900879,-35.1467399597168,-22.04619598388672
1623786758488,2021-06-15T19:54:56.040Z,16.91,10.470108985900879,-31.084239959716797,-21.23369598388672
1623786758528,2021-06-15T19:54:56.056Z,16.95,10.845108985900879,-29.271739959716797,-19.17119598388672
1623786758567,2021-06-15T19:54:56.069Z,16.989,11.970108985900879,-30.021739959716797,-20.79619598388672
1623786758608,2021-06-15T19:54:56.086Z,17.03,10.095108985900879,-28.896739959716797,-20.79619598388672
1623786758648,2021-06-15T19:54:56.108Z,17.07,11.595108985900879,-27.396739959716797,-17.98369598388672
1623786758687,2021-06-15T19:54:56.115Z,17.109,10.095108985900879,-29.646739959716797,-21.98369598388672
1623786758727,2021-06-15T19:54:56.117Z,17.149,10.095108985900879,-28.896739959716797,-19.60869598388672
1623786758768,2021-06-15T19:54:56.160Z,17.19,10.095108985900879,-28.521739959716797,-20.79619598388672
1623786758808,2021-06-15T19:54:56.189Z,17.23,11.595108985900879,-29.271739959716797,-20.42119598388672
1623786758847,2021-06-15T19:54:56.207Z,17.269,12.282608985900879,-29.271739959716797,-19.60869598388672
1623786758888,2021-06-15T19:54:56.218Z,17.31,10.095108985900879,-27.771739959716797,-20.79619598388672
1623786758928,2021-06-15T19:54:56.220Z,17.35,10.845108985900879,-33.3342399597168,-20.42119598388672
1623786758967,2021-06-15T19:54:56.235Z,17.389,11.595108985900879,-28.896739959716797,-20.79619598388672
1623786759007,2021-06-15T19:54:56.251Z,17.429,10.470108985900879,-28.521739959716797,-20.42119598388672
1623786759048,2021-06-15T19:54:56.266Z,17.47,11.595108985900879,-28.521739959716797,-21.23369598388672
1623786759087,2021-06-15T19:54:56.279Z,17.509,11.220108985900879,-29.271739959716797,-22.42119598388672
1623786759127,2021-06-15T19:54:56.281Z,17.549,10.095108985900879,-28.146739959716797,-19.98369598388672
1623786759168,2021-06-15T19:54:56.295Z,17.59,10.095108985900879,-28.146739959716797,-22.79619598388672
1623786759207,2021-06-15T19:54:56.309Z,17.629,9.720108985900879,-30.396739959716797,-23.17119598388672
1623786759247,2021-06-15T19:54:56.326Z,17.669,10.470108985900879,-29.271739959716797,-23.54619598388672
1623786759288,2021-06-15T19:54:56.339Z,17.71,12.282608985900879,-28.896739959716797,-24.42119598388672
1623786759328,2021-06-15T19:54:56.358Z,17.75,10.470108985900879,-28.896739959716797,-24.04619598388672
1623786759367,2021-06-15T19:54:56.360Z,17.789,12.657608985900879,-28.896739959716797,-24.85869598388672
1623786759407,2021-06-15T19:54:56.370Z,17.829,12.282608985900879,-28.896739959716797,-26.42119598388672
1623786759448,2021-06-15T19:54:56.384Z,17.87,10.470108985900879,-28.896739959716797,-25.17119598388672
1623786759487,2021-06-15T19:54:56.400Z,17.909,9.345108985900879,-29.271739959716797,-25.54619598388672
1623786759527,2021-06-15T19:54:56.419Z,17.949,9.032608985900879,-30.021739959716797,-26.79619598388672
1623786759568,2021-06-15T19:54:56.420Z,17.99,11.595108985900879,-30.396739959716797,-26.79619598388672
1623786759607,2021-06-15T19:54:56.435Z,18.029,10.095108985900879,-29.646739959716797,-26.35869598388672
1623786759647,2021-06-15T19:54:56.445Z,18.069,11.595108985900879,-29.646739959716797,-26.35869598388672
1623786759688,2021-06-15T19:54:56.461Z,18.11,10.095108985900879,-29.646739959716797,-27.17119598388672
1623786759727,2021-06-15T19:54:56.474Z,18.149,11.220108985900879,-29.646739959716797,-27.60869598388672
1623786759767,2021-06-15T19:54:56.489Z,18.189,10.470108985900879,-29.271739959716797,-28.42119598388672
1623786759808,2021-06-15T19:54:56.503Z,18.23,11.595108985900879,-30.021739959716797,-27.17119598388672
1623786759848,2021-06-15T19:54:56.505Z,18.27,11.220108985900879,-28.896739959716797,-26.35869598388672
1623786759887,2021-06-15T19:54:56.540Z,18.309,12.345108985900879,-28.896739959716797,-27.54619598388672
1623786759927,2021-06-15T19:54:56.564Z,18.349,10.470108985900879,-30.021739959716797,-27.60869598388672
1623786759968,2021-06-15T19:54:56.582Z,18.39,11.220108985900879,-29.271739959716797,-25.17119598388672
1623786760007,2021-06-15T19:54:56.585Z,18.429,11.970108985900879,-29.271739959716797,-25.98369598388672
1623786760048,2021-06-15T19:54:56.587Z,18.47,11.595108985900879,-29.646739959716797,-25.23369598388672
1623786760088,2021-06-15T19:54:56.589Z,18.51,12.657608985900879,-30.709239959716797,-24.79619598388672
1623786760127,2021-06-15T19:54:56.607Z,18.549,11.970108985900879,-28.896739959716797,-25.60869598388672
1623786760168,2021-06-15T19:54:56.610Z,18.59,9.032608985900879,-29.646739959716797,-26.35869598388672
1623786760206,2021-06-15T19:54:56.611Z,18.628,11.220108985900879,-29.271739959716797,-24.79619598388672
1623786760247,2021-06-15T19:54:56.634Z,18.669,10.845108985900879,-30.396739959716797,-25.60869598388672
1623786760287,2021-06-15T19:54:56.642Z,18.709,10.845108985900879,-27.771739959716797,-25.17119598388672
1623786760327,2021-06-15T19:54:56.656Z,18.749,11.595108985900879,-29.271739959716797,-24.04619598388672
1623786760368,2021-06-15T19:54:56.671Z,18.79,10.845108985900879,-29.646739959716797,-24.79619598388672
1623786760407,2021-06-15T19:54:56.684Z,18.829,11.970108985900879,-29.646739959716797,-24.04619598388672
1623786760447,2021-06-15T19:54:56.690Z,18.869,10.470108985900879,-30.709239959716797,-22.79619598388672
1623786760488,2021-06-15T19:54:56.702Z,18.91,10.845108985900879,-31.459239959716797,-24.35869598388672
1623786760527,2021-06-15T19:54:56.713Z,18.949,11.970108985900879,-30.396739959716797,-24.42119598388672
1623786760567,2021-06-15T19:54:56.745Z,18.989,13.407608985900879,-30.396739959716797,-22.79619598388672
1623786760606,2021-06-15T19:54:56.758Z,19.028,13.407608985900879,-32.9592399597168,-23.17119598388672
1623786760647,2021-06-15T19:54:56.761Z,19.069,11.970108985900879,-31.834239959716797,-22.79619598388672
1623786760687,2021-06-15T19:54:56.779Z,19.109,10.095108985900879,-35.1467399597168,-22.35869598388672
1623786760726,2021-06-15T19:54:56.789Z,19.148,10.095108985900879,-35.8967399597168,-23.60869598388672
1623786760767,2021-06-15T19:54:56.805Z,19.189,10.470108985900879,-32.5842399597168,-24.04619598388672
1623786760807,2021-06-15T19:54:56.820Z,19.229,10.845108985900879,-31.459239959716797,-23.17119598388672
1623786760847,2021-06-15T19:54:56.823Z,19.269,11.220108985900879,-29.646739959716797,-25.54619598388672
1623786760888,2021-06-15T19:54:56.836Z,19.31,12.282608985900879,-29.271739959716797,-24.04619598388672
1623786760927,2021-06-15T19:54:56.856Z,19.349,11.595108985900879,-28.896739959716797,-24.35869598388672
1623786760967,2021-06-15T19:54:56.864Z,19.389,11.595108985900879,-29.646739959716797,-24.79619598388672
1623786761006,2021-06-15T19:54:56.878Z,19.428,11.970108985900879,-29.271739959716797,-23.17119598388672
1623786761047,2021-06-15T19:54:56.894Z,19.469,11.970108985900879,-28.896739959716797,-23.60869598388672
1623786761087,2021-06-15T19:54:56.895Z,19.509,11.970108985900879,-29.646739959716797,-25.98369598388672
1623786761126,2021-06-15T19:54:56.911Z,19.548,12.282608985900879,-29.271739959716797,-24.79619598388672
1623786761167,2021-06-15T19:54:56.929Z,19.589,11.595108985900879,-29.646739959716797,-23.98369598388672
1623786761207,2021-06-15T19:54:56.945Z,19.629,11.970108985900879,-28.896739959716797,-27.23369598388672
1623786761246,2021-06-15T19:54:56.955Z,19.668,10.470108985900879,-30.021739959716797,-26.35869598388672
1623786761287,2021-06-15T19:54:56.960Z,19.709,11.220108985900879,-28.896739959716797,-25.60869598388672
1623786761327,2021-06-15T19:54:56.981Z,19.749,10.095108985900879,-30.021739959716797,-28.35869598388672
1623786761367,2021-06-15T19:54:56.985Z,19.789,11.220108985900879,-29.646739959716797,-26.35869598388672
1623786761406,2021-06-15T19:54:57.003Z,19.828,11.220108985900879,-29.646739959716797,-25.98369598388672
1623786761447,2021-06-15T19:54:57.017Z,19.869,10.845108985900879,-29.271739959716797,-28.35869598388672
1623786761487,2021-06-15T19:54:57.019Z,19.909,10.845108985900879,-29.646739959716797,-27.17119598388672
1623786761526,2021-06-15T19:54:57.037Z,19.948,10.470108985900879,-28.896739959716797,-25.98369598388672
1623786761567,2021-06-15T19:54:57.047Z,19.989,9.720108985900879,-29.271739959716797,-27.23369598388672
1623786761607,2021-06-15T19:54:57.061Z,20.029,12.282608985900879,-29.271739959716797,-25.23369598388672
1623786761646,2021-06-15T19:54:57.075Z,20.068,11.220108985900879,-29.271739959716797,-26.42119598388672
1623786761687,2021-06-15T19:54:57.088Z,20.109,11.220108985900879,-30.021739959716797,-27.60869598388672
1623786761727,2021-06-15T19:54:57.092Z,20.149,11.595108985900879,-29.271739959716797,-25.17119598388672
1623786761766,2021-06-15T19:54:57.113Z,20.188,11.970108985900879,-30.396739959716797,-25.60869598388672
1623786761806,2021-06-15T19:54:57.120Z,20.228,9.720108985900879,-28.896739959716797,-27.17119598388672
1623786761847,2021-06-15T19:54:57.136Z,20.269,11.970108985900879,-29.646739959716797,-25.98369598388672
1623786761887,2021-06-15T19:54:57.153Z,20.309,11.220108985900879,-29.646739959716797,-26.42119598388672
1623786761926,2021-06-15T19:54:57.180Z,20.348,10.845108985900879,-28.521739959716797,-27.98369598388672
1623786761967,2021-06-15T19:54:57.194Z,20.389,10.470108985900879,-29.271739959716797,-25.98369598388672
1623786762007,2021-06-15T19:54:57.208Z,20.429,11.970108985900879,-29.646739959716797,-25.98369598388672
1623786762046,2021-06-15T19:54:57.226Z,20.468,12.282608985900879,-29.271739959716797,-26.42119598388672
1623786762087,2021-06-15T19:54:57.239Z,20.509,10.845108985900879,-29.646739959716797,-25.60869598388672
1623786762127,2021-06-15T19:54:57.240Z,20.549,10.845108985900879,-29.646739959716797,-25.60869598388672
1623786762166,2021-06-15T19:54:57.254Z,20.588,10.470108985900879,-30.396739959716797,-26.73369598388672
1623786762207,2021-06-15T19:54:57.270Z,20.629,10.845108985900879,-30.021739959716797,-24.79619598388672
1623786762247,2021-06-15T19:54:57.283Z,20.669,11.970108985900879,-30.396739959716797,-23.23369598388672
1623786762287,2021-06-15T19:54:57.299Z,20.709,10.845108985900879,-30.021739959716797,-26.35869598388672
1623786762326,2021-06-15T19:54:57.300Z,20.748,11.595108985900879,-30.021739959716797,-24.35869598388672
1623786762367,2021-06-15T19:54:57.316Z,20.789,11.595108985900879,-28.896739959716797,-24.79619598388672
1623786762407,2021-06-15T19:54:57.330Z,20.829,11.970108985900879,-30.709239959716797,-25.17119598388672
1623786762446,2021-06-15T19:54:57.347Z,20.868,10.470108985900879,-30.709239959716797,-24.79619598388672
1623786762487,2021-06-15T19:54:57.359Z,20.909,11.595108985900879,-30.709239959716797,-23.23369598388672
1623786762528,2021-06-15T19:54:57.374Z,20.95,10.470108985900879,-30.396739959716797,-24.42119598388672
1623786762566,2021-06-15T19:54:57.375Z,20.988,10.470108985900879,-30.021739959716797,-24.79619598388672
1623786762607,2021-06-15T19:54:57.390Z,21.029,11.220108985900879,-29.646739959716797,-23.60869598388672
1623786762647,2021-06-15T19:54:57.408Z,21.069,11.220108985900879,-30.396739959716797,-24.35869598388672
1623786762686,2021-06-15T19:54:57.420Z,21.108,12.282608985900879,-29.646739959716797,-23.98369598388672
1623786762727,2021-06-15T19:54:57.434Z,21.149,11.220108985900879,-30.021739959716797,-23.60869598388672
1623786762767,2021-06-15T19:54:57.438Z,21.189,11.595108985900879,-30.396739959716797,-24.35869598388672
1623786762807,2021-06-15T19:54:57.449Z,21.229,11.220108985900879,-29.646739959716797,-23.60869598388672
1623786762846,2021-06-15T19:54:57.464Z,21.268,11.220108985900879,-28.896739959716797,-23.17119598388672
1623786762887,2021-06-15T19:54:57.479Z,21.309,10.095108985900879,-29.646739959716797,-25.60869598388672
1623786762927,2021-06-15T19:54:57.480Z,21.349,10.095108985900879,-28.896739959716797,-23.98369598388672
1623786762966,2021-06-15T19:54:57.499Z,21.388,11.970108985900879,-33.7092399597168,-24.42119598388672
1623786763007,2021-06-15T19:54:57.513Z,21.429,10.845108985900879,-31.459239959716797,-24.79619598388672
1623786763047,2021-06-15T19:54:57.530Z,21.469,11.220108985900879,-32.5842399597168,-23.54619598388672
1623786763086,2021-06-15T19:54:57.542Z,21.508,11.220108985900879,-37.3342399597168,-23.98369598388672
1623786763127,2021-06-15T19:54:57.562Z,21.549,9.032608985900879,-36.2717399597168,-25.98369598388672
1623786763167,2021-06-15T19:54:57.564Z,21.589,10.095108985900879,-34.0217399597168,-23.60869598388672
1623786763206,2021-06-15T19:54:57.579Z,21.628,9.720108985900879,-31.459239959716797,-24.79619598388672
1623786763246,2021-06-15T19:54:57.601Z,21.668,11.970108985900879,-29.646739959716797,-23.98369598388672
1623786763287,2021-06-15T19:54:57.618Z,21.709,12.282608985900879,-28.896739959716797,-24.79619598388672
1623786763327,2021-06-15T19:54:57.628Z,21.749,10.095108985900879,-29.646739959716797,-23.98369598388672
1623786763366,2021-06-15T19:54:57.631Z,21.788,10.845108985900879,-30.396739959716797,-26.35869598388672
1623786763407,2021-06-15T19:54:57.645Z,21.829,10.845108985900879,-30.396739959716797,-25.23369598388672
1623786763447,2021-06-15T19:54:57.660Z,21.869,13.407608985900879,-30.021739959716797,-24.42119598388672
1623786763486,2021-06-15T19:54:57.674Z,21.908,11.970108985900879,-29.271739959716797,-25.54619598388672
1623786763527,2021-06-15T19:54:57.688Z,21.949,12.657608985900879,-28.521739959716797,-25.60869598388672
1623786763567,2021-06-15T19:54:57.690Z,21.989,10.845108985900879,-29.271739959716797,-23.98369598388672
1623786763606,2021-06-15T19:54:57.706Z,22.028,10.470108985900879,-29.271739959716797,-26.79619598388672
1623786763646,2021-06-15T19:54:57.721Z,22.068,9.345108985900879,-29.271739959716797,-24.79619598388672
1623786763687,2021-06-15T19:54:57.736Z,22.109,10.095108985900879,-30.709239959716797,-24.35869598388672
1623786763726,2021-06-15T19:54:57.748Z,22.148,11.595108985900879,-30.021739959716797,-25.98369598388672
1623786763766,2021-06-15T19:54:57.767Z,22.188,10.470108985900879,-29.271739959716797,-24.35869598388672
1623786763807,2021-06-15T19:54:57.768Z,22.229,13.407608985900879,-29.646739959716797,-23.17119598388672
1623786763847,2021-06-15T19:54:57.783Z,22.269,10.845108985900879,-29.646739959716797,-25.60869598388672
1623786763886,2021-06-15T19:54:57.794Z,22.308,9.720108985900879,-28.896739959716797,-24.79619598388672
1623786763927,2021-06-15T19:54:57.809Z,22.349,12.657608985900879,-29.646739959716797,-24.79619598388672
1623786763967,2021-06-15T19:54:57.823Z,22.389,10.845108985900879,-29.646739959716797,-24.79619598388672
1623786764006,2021-06-15T19:54:57.849Z,22.428,11.970108985900879,-29.271739959716797,-24.79619598388672
1623786764047,2021-06-15T19:54:57.863Z,22.469,9.720108985900879,-28.521739959716797,-24.79619598388672
1623786764087,2021-06-15T19:54:57.873Z,22.509,10.470108985900879,-30.709239959716797,-25.60869598388672
1623786764126,2021-06-15T19:54:57.887Z,22.548,11.970108985900879,-29.646739959716797,-25.60869598388672
1623786764166,2021-06-15T19:54:57.898Z,22.588,12.657608985900879,-29.271739959716797,-25.23369598388672
1623786764207,2021-06-15T19:54:57.913Z,22.629,10.470108985900879,-29.271739959716797,-26.35869598388672
1623786764246,2021-06-15T19:54:57.917Z,22.668,12.282608985900879,-29.646739959716797,-24.79619598388672
1623786764286,2021-06-15T19:54:57.929Z,22.708,10.845108985900879,-30.396739959716797,-24.42119598388672
1623786764327,2021-06-15T19:54:57.945Z,22.749,10.470108985900879,-30.021739959716797,-25.60869598388672
1623786764367,2021-06-15T19:54:57.962Z,22.789,12.282608985900879,-30.396739959716797,-25.17119598388672
1623786764406,2021-06-15T19:54:57.977Z,22.828,11.595108985900879,-30.021739959716797,-24.79619598388672
1623786764446,2021-06-15T19:54:57.978Z,22.868,11.970108985900879,-29.646739959716797,-26.35869598388672
1623786764487,2021-06-15T19:54:57.989Z,22.909,11.220108985900879,-28.896739959716797,-24.35869598388672
1623786764526,2021-06-15T19:54:58.006Z,22.948,10.095108985900879,-29.646739959716797,-24.42119598388672
1623786764566,2021-06-15T19:54:58.019Z,22.988,11.595108985900879,-30.021739959716797,-25.17119598388672
1623786764607,2021-06-15T19:54:58.033Z,23.029,10.470108985900879,-29.271739959716797,-23.98369598388672
1623786764646,2021-06-15T19:54:58.035Z,23.068,10.845108985900879,-29.271739959716797,-24.35869598388672
1623786764686,2021-06-15T19:54:58.050Z,23.108,12.282608985900879,-29.646739959716797,-25.60869598388672
1623786764727,2021-06-15T19:54:58.066Z,23.149,10.095108985900879,-28.896739959716797,-24.42119598388672
1623786764766,2021-06-15T19:54:58.081Z,23.188,11.970108985900879,-29.271739959716797,-25.23369598388672
1623786764806,2021-06-15T19:54:58.094Z,23.228,9.720108985900879,-29.271739959716797,-24.42119598388672
1623786764847,2021-06-15T19:54:58.108Z,23.269,11.595108985900879,-28.521739959716797,-23.17119598388672
1623786764887,2021-06-15T19:54:58.110Z,23.309,11.595108985900879,-28.896739959716797,-24.35869598388672
1623786764926,2021-06-15T19:54:58.125Z,23.348,12.282608985900879,-28.896739959716797,-25.60869598388672
1623786764966,2021-06-15T19:54:58.139Z,23.388,10.470108985900879,-29.271739959716797,-24.42119598388672
1623786765007,2021-06-15T19:54:58.154Z,23.429,10.470108985900879,-28.521739959716797,-24.04619598388672
1623786765046,2021-06-15T19:54:58.169Z,23.468,10.845108985900879,-29.646739959716797,-24.79619598388672
1623786765086,2021-06-15T19:54:58.214Z,23.508,11.970108985900879,-29.646739959716797,-24.79619598388672
1623786765127,2021-06-15T19:54:58.229Z,23.549,9.720108985900879,-31.084239959716797,-24.35869598388672
1623786765166,2021-06-15T19:54:58.243Z,23.588,9.720108985900879,-30.709239959716797,-25.98369598388672
1623786765206,2021-06-15T19:54:58.245Z,23.628,9.720108985900879,-29.271739959716797,-24.79619598388672
1623786765245,2021-06-15T19:54:58.261Z,23.667,10.470108985900879,-30.021739959716797,-23.98369598388672
1623786765287,2021-06-15T19:54:58.275Z,23.709,11.595108985900879,-28.896739959716797,-27.60869598388672
1623786765326,2021-06-15T19:54:58.292Z,23.748,11.220108985900879,-29.271739959716797,-23.60869598388672
1623786765366,2021-06-15T19:54:58.322Z,23.788,11.220108985900879,-34.0217399597168,-24.35869598388672
1623786765407,2021-06-15T19:54:58.334Z,23.829,12.345108985900879,-35.1467399597168,-25.98369598388672
1623786765446,2021-06-15T19:54:58.336Z,23.868,11.595108985900879,-38.4592399597168,-24.79619598388672
1623786765486,2021-06-15T19:54:58.356Z,23.908,11.970108985900879,-35.8967399597168,-24.42119598388672
1623786765527,2021-06-15T19:54:58.378Z,23.949,11.595108985900879,-33.7092399597168,-26.79619598388672
1623786765566,2021-06-15T19:54:58.389Z,23.988,11.220108985900879,-30.709239959716797,-23.98369598388672
1623786765606,2021-06-15T19:54:58.410Z,24.028,13.032608985900879,-28.896739959716797,-25.17119598388672
1623786765645,2021-06-15T19:54:58.423Z,24.067,13.032608985900879,-29.271739959716797,-25.98369598388672
1623786765686,2021-06-15T19:54:58.436Z,24.108,12.282608985900879,-29.271739959716797,-25.60869598388672
1623786765726,2021-06-15T19:54:58.450Z,24.148,10.095108985900879,-29.271739959716797,-25.98369598388672
1623786765766,2021-06-15T19:54:58.455Z,24.188,11.220108985900879,-28.521739959716797,-26.79619598388672
1623786765807,2021-06-15T19:54:58.468Z,24.229,10.845108985900879,-29.646739959716797,-24.42119598388672
1623786765846,2021-06-15T19:54:58.491Z,24.268,10.470108985900879,-29.646739959716797,-24.79619598388672
1623786765886,2021-06-15T19:54:58.495Z,24.308,11.970108985900879,-28.896739959716797,-26.35869598388672
1623786765927,2021-06-15T19:54:58.500Z,24.349,10.845108985900879,-30.021739959716797,-25.60869598388672
1623786765966,2021-06-15T19:54:58.514Z,24.388,10.845108985900879,-29.646739959716797,-25.60869598388672
1623786766006,2021-06-15T19:54:58.544Z,24.428,10.845108985900879,-29.646739959716797,-25.60869598388672
1623786766045,2021-06-15T19:54:58.547Z,24.467,10.845108985900879,-28.521739959716797,-24.42119598388672
1623786766086,2021-06-15T19:54:58.553Z,24.508,10.845108985900879,-28.896739959716797,-23.60869598388672
1623786766126,2021-06-15T19:54:58.560Z,24.548,12.282608985900879,-28.521739959716797,-26.79619598388672
1623786766165,2021-06-15T19:54:58.574Z,24.587,9.720108985900879,-29.271739959716797,-24.42119598388672
1623786766206,2021-06-15T19:54:58.589Z,24.628,9.720108985900879,-30.021739959716797,-24.42119598388672
1623786766246,2021-06-15T19:54:58.603Z,24.668,10.470108985900879,-29.646739959716797,-26.35869598388672
1623786766286,2021-06-15T19:54:58.605Z,24.708,12.657608985900879,-28.896739959716797,-25.54619598388672
1623786766327,2021-06-15T19:54:58.650Z,24.749,10.845108985900879,-32.2092399597168,-25.17119598388672
1623786766366,2021-06-15T19:54:58.664Z,24.788,10.095108985900879,-29.646739959716797,-25.60869598388672
1623786766406,2021-06-15T19:54:58.667Z,24.828,10.470108985900879,-28.521739959716797,-25.98369598388672
1623786766445,2021-06-15T19:54:58.680Z,24.867,9.720108985900879,-31.834239959716797,-25.54619598388672
1623786766486,2021-06-15T19:54:58.710Z,24.908,11.970108985900879,-28.896739959716797,-25.17119598388672
1623786766526,2021-06-15T19:54:58.724Z,24.948,11.220108985900879,-28.521739959716797,-24.42119598388672
1623786766565,2021-06-15T19:54:58.739Z,24.987,11.595108985900879,-36.6467399597168,-23.98369598388672
1623786766606,2021-06-15T19:54:58.740Z,25.028,11.220108985900879,-28.896739959716797,-26.42119598388672
1623786766646,2021-06-15T19:54:58.758Z,25.068,11.220108985900879,-29.646739959716797,-24.79619598388672
1623786766685,2021-06-15T19:54:58.780Z,25.107,11.595108985900879,-38.0842399597168,-24.35869598388672
1623786766725,2021-06-15T19:54:58.792Z,25.147,10.095108985900879,-31.084239959716797,-26.42119598388672
1623786766766,2021-06-15T19:54:58.808Z,25.188,10.095108985900879,-28.146739959716797,-25.17119598388672
1623786766806,2021-06-15T19:54:58.826Z,25.228,11.220108985900879,-39.2092399597168,-24.35869598388672
1623786766845,2021-06-15T19:54:58.827Z,25.267,10.095108985900879,-31.459239959716797,-26.35869598388672
1623786766886,2021-06-15T19:54:58.841Z,25.308,12.282608985900879,-27.771739959716797,-25.60869598388672
1623786766926,2021-06-15T19:54:58.844Z,25.348,11.220108985900879,-39.5842399597168,-25.17119598388672
1623786766965,2021-06-15T19:54:58.878Z,25.387,13.032608985900879,-30.709239959716797,-25.60869598388672
1623786767006,2021-06-15T19:54:58.891Z,25.428,11.595108985900879,-29.271739959716797,-25.17119598388672
1623786767046,2021-06-15T19:54:58.896Z,25.468,11.970108985900879,-42.5217399597168,-24.35869598388672
1623786767085,2021-06-15T19:54:58.906Z,25.507,9.720108985900879,-30.021739959716797,-27.54619598388672
1623786767126,2021-06-15T19:54:58.919Z,25.548,11.220108985900879,-30.021739959716797,-25.17119598388672
1623786767166,2021-06-15T19:54:58.964Z,25.588,10.095108985900879,-43.5842399597168,-23.98369598388672
1623786767205,2021-06-15T19:54:58.978Z,25.627,10.845108985900879,-30.709239959716797,-25.60869598388672
1623786767245,2021-06-15T19:54:58.979Z,25.667,10.095108985900879,-30.021739959716797,-24.79619598388672
1623786767286,2021-06-15T19:54:58.994Z,25.708,9.345108985900879,-46.2092399597168,-24.42119598388672
1623786767326,2021-06-15T19:54:59.009Z,25.748,10.470108985900879,-31.084239959716797,-25.98369598388672
1623786767365,2021-06-15T19:54:59.010Z,25.787,13.032608985900879,-30.021739959716797,-23.98369598388672
1623786767406,2021-06-15T19:54:59.026Z,25.828,11.595108985900879,-42.8967399597168,-25.17119598388672
1623786767446,2021-06-15T19:54:59.041Z,25.868,10.470108985900879,-31.084239959716797,-25.60869598388672
1623786767485,2021-06-15T19:54:59.056Z,25.907,11.595108985900879,-29.271739959716797,-25.98369598388672
1623786767525,2021-06-15T19:54:59.068Z,25.947,11.970108985900879,-46.2092399597168,-24.42119598388672
1623786767566,2021-06-15T19:54:59.085Z,25.988,10.470108985900879,-29.271739959716797,-25.17119598388672
1623786767605,2021-06-15T19:54:59.086Z,26.027,9.720108985900879,-29.271739959716797,-25.17119598388672
1623786767645,2021-06-15T19:54:59.102Z,26.067,11.970108985900879,-42.5217399597168,-25.17119598388672
1623786767686,2021-06-15T19:54:59.124Z,26.108,11.220108985900879,-34.7717399597168,-25.17119598388672
1623786767725,2021-06-15T19:54:59.143Z,26.147,10.470108985900879,-36.9592399597168,-24.42119598388672
1623786767765,2021-06-15T19:54:59.144Z,26.187,11.595108985900879,-42.5217399597168,-24.35869598388672
1623786767805,2021-06-15T19:54:59.154Z,26.227,11.220108985900879,-36.2717399597168,-24.85869598388672
1623786767846,2021-06-15T19:54:59.162Z,26.268,9.720108985900879,-30.709239959716797,-25.60869598388672
1623786767885,2021-06-15T19:54:59.176Z,26.307,10.845108985900879,-41.0217399597168,-24.79619598388672
1623786767925,2021-06-15T19:54:59.189Z,26.347,9.720108985900879,-30.021739959716797,-26.35869598388672
1623786767966,2021-06-15T19:54:59.203Z,26.388,12.282608985900879,-30.021739959716797,-24.79619598388672
1623786768005,2021-06-15T19:54:59.205Z,26.427,10.470108985900879,-39.2092399597168,-25.60869598388672
1623786768045,2021-06-15T19:54:59.220Z,26.467,9.720108985900879,-30.709239959716797,-25.98369598388672
1623786768084,2021-06-15T19:54:59.236Z,26.506,11.220108985900879,-28.521739959716797,-25.60869598388672
1623786768125,2021-06-15T19:54:59.250Z,26.547,10.095108985900879,-41.0217399597168,-24.42119598388672
1623786768165,2021-06-15T19:54:59.269Z,26.587,10.470108985900879,-30.021739959716797,-25.98369598388672
1623786768204,2021-06-15T19:54:59.278Z,26.626,10.095108985900879,-28.896739959716797,-26.04619598388672
1623786768245,2021-06-15T19:54:59.309Z,26.667,11.220108985900879,-40.2717399597168,-25.17119598388672
1623786768285,2021-06-15T19:54:59.324Z,26.707,11.970108985900879,-28.896739959716797,-25.98369598388672
1623786768325,2021-06-15T19:54:59.338Z,26.747,10.470108985900879,-31.459239959716797,-25.60869598388672
1623786768366,2021-06-15T19:54:59.340Z,26.788,9.720108985900879,-36.9592399597168,-24.79619598388672
1623786768405,2021-06-15T19:54:59.355Z,26.827,11.595108985900879,-29.271739959716797,-26.42119598388672
1623786768445,2021-06-15T19:54:59.372Z,26.867,11.970108985900879,-30.396739959716797,-24.79619598388672
1623786768484,2021-06-15T19:54:59.385Z,26.906,12.282608985900879,-34.7717399597168,-26.35869598388672
1623786768525,2021-06-15T19:54:59.401Z,26.947,13.032608985900879,-29.646739959716797,-26.73369598388672
1623786768565,2021-06-15T19:54:59.417Z,26.987,11.595108985900879,-29.646739959716797,-25.17119598388672
1623786768604,2021-06-15T19:54:59.430Z,27.026,11.595108985900879,-34.3967399597168,-25.60869598388672
1623786768645,2021-06-15T19:54:59.432Z,27.067,10.470108985900879,-29.646739959716797,-25.98369598388672
1623786768685,2021-06-15T19:54:59.445Z,27.107,9.345108985900879,-29.271739959716797,-25.60869598388672
1623786768725,2021-06-15T19:54:59.460Z,27.147,11.595108985900879,-34.0217399597168,-24.79619598388672
1623786768766,2021-06-15T19:54:59.474Z,27.188,10.845108985900879,-29.646739959716797,-26.73369598388672
1623786768805,2021-06-15T19:54:59.518Z,27.227,11.595108985900879,-29.646739959716797,-25.98369598388672
1623786768845,2021-06-15T19:54:59.520Z,27.267,11.970108985900879,-33.6467399597168,-25.98369598388672
1623786768884,2021-06-15T19:54:59.538Z,27.306,10.470108985900879,-29.646739959716797,-26.42119598388672
1623786768925,2021-06-15T19:54:59.550Z,27.347,10.470108985900879,-29.646739959716797,-25.17119598388672
1623786768965,2021-06-15T19:54:59.564Z,27.387,10.845108985900879,-32.2092399597168,-27.17119598388672
1623786769004,2021-06-15T19:54:59.578Z,27.426,10.470108985900879,-29.646739959716797,-26.35869598388672
1623786769045,2021-06-15T19:54:59.594Z,27.467,12.282608985900879,-30.021739959716797,-25.98369598388672
1623786769085,2021-06-15T19:54:59.595Z,27.507,11.220108985900879,-31.084239959716797,-26.73369598388672
1623786769124,2021-06-15T19:54:59.615Z,27.546,9.720108985900879,-29.271739959716797,-27.54619598388672
1623786769164,2021-06-15T19:54:59.630Z,27.586,11.970108985900879,-30.021739959716797,-26.79619598388672
1623786769205,2021-06-15T19:54:59.647Z,27.627,11.970108985900879,-30.709239959716797,-27.23369598388672
1623786769245,2021-06-15T19:54:59.661Z,27.667,10.470108985900879,-29.646739959716797,-27.98369598388672
1623786769284,2021-06-15T19:54:59.675Z,27.706,10.095108985900879,-29.646739959716797,-25.98369598388672
1623786769325,2021-06-15T19:54:59.675Z,27.747,11.220108985900879,-30.021739959716797,-26.35869598388672
1623786769365,2021-06-15T19:54:59.687Z,27.787,10.470108985900879,-28.521739959716797,-27.17119598388672
1623786769406,2021-06-15T19:54:59.701Z,27.828,10.845108985900879,-30.021739959716797,-24.79619598388672
1623786769445,2021-06-15T19:54:59.718Z,27.867,11.220108985900879,-30.396739959716797,-27.54619598388672
1623786769485,2021-06-15T19:54:59.730Z,27.907,12.282608985900879,-29.646739959716797,-25.98369598388672
1623786769524,2021-06-15T19:54:59.735Z,27.946,11.595108985900879,-28.896739959716797,-25.98369598388672
1623786769564,2021-06-15T19:54:59.745Z,27.986,10.845108985900879,-29.646739959716797,-28.35869598388672
1623786769605,2021-06-15T19:54:59.758Z,28.027,9.720108985900879,-28.896739959716797,-26.79619598388672
1623786769644,2021-06-15T19:54:59.774Z,28.066,11.220108985900879,-29.271739959716797,-25.98369598388672
1623786769684,2021-06-15T19:54:59.775Z,28.106,12.282608985900879,-30.021739959716797,-27.98369598388672
1623786769725,2021-06-15T19:54:59.795Z,28.147,11.220108985900879,-29.271739959716797,-27.17119598388672
1623786769765,2021-06-15T19:54:59.811Z,28.187,11.970108985900879,-28.896739959716797,-26.79619598388672
1623786769804,2021-06-15T19:54:59.821Z,28.226,12.657608985900879,-31.084239959716797,-27.17119598388672
1623786769845,2021-06-15T19:54:59.833Z,28.267,13.032608985900879,-28.896739959716797,-27.54619598388672
1623786769885,2021-06-15T19:54:59.838Z,28.307,12.282608985900879,-29.271739959716797,-26.79619598388672
1623786769924,2021-06-15T19:54:59.850Z,28.346,10.095108985900879,-29.271739959716797,-27.98369598388672
1623786769964,2021-06-15T19:54:59.872Z,28.386,12.345108985900879,-28.896739959716797,-28.35869598388672
1623786770005,2021-06-15T19:54:59.902Z,28.427,10.470108985900879,-31.459239959716797,-27.17119598388672
1623786770044,2021-06-15T19:54:59.919Z,28.466,9.345108985900879,-34.7717399597168,-26.79619598388672
1623786770084,2021-06-15T19:54:59.920Z,28.506,10.470108985900879,-35.1467399597168,-27.98369598388672
1623786770125,2021-06-15T19:54:59.934Z,28.547,12.282608985900879,-31.834239959716797,-25.17119598388672
1623786770164,2021-06-15T19:54:59.949Z,28.586,9.720108985900879,-30.396739959716797,-26.79619598388672
1623786770204,2021-06-15T19:54:59.954Z,28.626,13.032608985900879,-29.646739959716797,-27.98369598388672
1623786770245,2021-06-15T19:54:59.983Z,28.667,10.470108985900879,-29.271739959716797,-27.17119598388672
1623786770285,2021-06-15T19:54:59.998Z,28.707,10.095108985900879,-30.396739959716797,-28.42119598388672
1623786770324,2021-06-15T19:55:00.000Z,28.746,10.470108985900879,-30.396739959716797,-27.98369598388672
1623786770364,2021-06-15T19:55:00.016Z,28.786,11.220108985900879,-28.896739959716797,-26.79619598388672
1623786770405,2021-06-15T19:55:00.030Z,28.827,12.282608985900879,-30.021739959716797,-27.60869598388672
1623786770444,2021-06-15T19:55:00.061Z,28.866,11.220108985900879,-29.646739959716797,-27.60869598388672
1623786770484,2021-06-15T19:55:00.074Z,28.906,11.220108985900879,-30.021739959716797,-26.42119598388672
1623786770525,2021-06-15T19:55:00.075Z,28.947,10.095108985900879,-31.084239959716797,-27.98369598388672
1623786770564,2021-06-15T19:55:00.092Z,28.986,11.970108985900879,-30.021739959716797,-27.98369598388672
1623786770604,2021-06-15T19:55:00.108Z,29.026,11.595108985900879,-30.709239959716797,-26.42119598388672
1623786770643,2021-06-15T19:55:00.121Z,29.065,11.220108985900879,-28.896739959716797,-26.35869598388672
1623786770684,2021-06-15T19:55:00.133Z,29.106,10.095108985900879,-29.646739959716797,-27.98369598388672
1623786770724,2021-06-15T19:55:00.135Z,29.146,11.595108985900879,-28.521739959716797,-26.42119598388672
1623786770764,2021-06-15T19:55:00.150Z,29.186,11.595108985900879,-30.021739959716797,-27.23369598388672
1623786770805,2021-06-15T19:55:00.165Z,29.227,10.845108985900879,-29.271739959716797,-28.04619598388672
1623786770844,2021-06-15T19:55:00.192Z,29.266,10.845108985900879,-28.521739959716797,-25.98369598388672
1623786770884,2021-06-15T19:55:00.194Z,29.306,11.595108985900879,-30.396739959716797,-27.17119598388672
1623786770925,2021-06-15T19:55:00.209Z,29.347,11.970108985900879,-28.896739959716797,-26.79619598388672
1623786770964,2021-06-15T19:55:00.210Z,29.386,11.970108985900879,-29.271739959716797,-25.23369598388672
1623786771004,2021-06-15T19:55:00.231Z,29.426,12.657608985900879,-28.521739959716797,-27.54619598388672
1623786771043,2021-06-15T19:55:00.244Z,29.465,10.470108985900879,-29.271739959716797,-26.79619598388672
1623786771084,2021-06-15T19:55:00.256Z,29.506,12.282608985900879,-28.896739959716797,-25.98369598388672
1623786771124,2021-06-15T19:55:00.268Z,29.546,10.470108985900879,-32.2092399597168,-27.23369598388672
1623786771163,2021-06-15T19:55:00.270Z,29.585,10.845108985900879,-29.271739959716797,-27.60869598388672
1623786771204,2021-06-15T19:55:00.289Z,29.626,12.657608985900879,-31.084239959716797,-25.98369598388672
1623786771244,2021-06-15T19:55:00.302Z,29.666,10.845108985900879,-30.021739959716797,-27.60869598388672
1623786771284,2021-06-15T19:55:00.315Z,29.706,13.032608985900879,-29.271739959716797,-25.98369598388672
1623786771325,2021-06-15T19:55:00.329Z,29.747,11.220108985900879,-29.271739959716797,-25.98369598388672
1623786771364,2021-06-15T19:55:00.343Z,29.786,11.220108985900879,-31.459239959716797,-27.98369598388672
1623786771404,2021-06-15T19:55:00.375Z,29.826,9.032608985900879,-29.271739959716797,-27.17119598388672
1623786771443,2021-06-15T19:55:00.389Z,29.865,11.220108985900879,-28.521739959716797,-26.42119598388672
1623786771484,2021-06-15T19:55:00.404Z,29.906,9.720108985900879,-28.896739959716797,-27.60869598388672
1623786771524,2021-06-15T19:55:00.411Z,29.946,10.095108985900879,-30.021739959716797,-27.23369598388672
1623786771563,2021-06-15T19:55:00.422Z,29.985,11.970108985900879,-30.396739959716797,-27.23369598388672
1623786771604,2021-06-15T19:55:00.435Z,30.026,12.282608985900879,-28.896739959716797,-26.35869598388672
1623786771644,2021-06-15T19:55:00.449Z,30.066,11.595108985900879,-29.646739959716797,-27.60869598388672
1623786771683,2021-06-15T19:55:00.450Z,30.105,12.282608985900879,-30.396739959716797,-26.79619598388672
1623786771725,2021-06-15T19:55:00.465Z,30.147,11.970108985900879,-29.646739959716797,-27.54619598388672
1623786771764,2021-06-15T19:55:00.483Z,30.186,10.095108985900879,-29.271739959716797,-25.98369598388672
1623786771804,2021-06-15T19:55:00.502Z,30.226,9.720108985900879,-30.396739959716797,-26.35869598388672
1623786771845,2021-06-15T19:55:00.509Z,30.267,11.970108985900879,-30.021739959716797,-27.60869598388672
1623786771884,2021-06-15T19:55:00.519Z,30.306,11.970108985900879,-29.646739959716797,-27.98369598388672
1623786771924,2021-06-15T19:55:00.533Z,30.346,9.720108985900879,-29.646739959716797,-25.60869598388672
1623786771963,2021-06-15T19:55:00.540Z,30.385,11.970108985900879,-31.084239959716797,-27.60869598388672
1623786772004,2021-06-15T19:55:00.554Z,30.426,11.220108985900879,-28.521739959716797,-25.98369598388672
1623786772044,2021-06-15T19:55:00.572Z,30.466,12.657608985900879,-31.459239959716797,-26.35869598388672
1623786772083,2021-06-15T19:55:00.583Z,30.505,12.282608985900879,-33.3342399597168,-27.98369598388672
1623786772124,2021-06-15T19:55:00.587Z,30.546,10.470108985900879,-31.459239959716797,-25.60869598388672
1623786772164,2021-06-15T19:55:00.630Z,30.586,11.595108985900879,-30.021739959716797,-25.98369598388672
1623786772204,2021-06-15T19:55:00.644Z,30.626,11.220108985900879,-29.271739959716797,-27.98369598388672
1623786772245,2021-06-15T19:55:00.659Z,30.667,11.595108985900879,-28.146739959716797,-28.35869598388672
1623786772284,2021-06-15T19:55:00.676Z,30.706,11.220108985900879,-32.9592399597168,-25.60869598388672
1623786772324,2021-06-15T19:55:00.677Z,30.746,11.220108985900879,-36.9592399597168,-27.17119598388672
1623786772363,2021-06-15T19:55:00.700Z,30.785,12.345108985900879,-35.1467399597168,-25.54619598388672
1623786772404,2021-06-15T19:55:00.705Z,30.826,11.595108985900879,-36.9592399597168,-25.54619598388672
1623786772444,2021-06-15T19:55:00.722Z,30.866,12.282608985900879,-36.9592399597168,-25.98369598388672
1623786772483,2021-06-15T19:55:00.733Z,30.905,10.095108985900879,-37.7092399597168,-27.98369598388672
1623786772524,2021-06-15T19:55:00.748Z,30.946,12.657608985900879,-33.6467399597168,-27.17119598388672
1623786772564,2021-06-15T19:55:00.752Z,30.986,11.595108985900879,-32.5842399597168,-27.17119598388672
1623786772603,2021-06-15T19:55:00.766Z,31.025,10.845108985900879,-30.021739959716797,-27.17119598388672
1623786772644,2021-06-15T19:55:00.779Z,31.066,10.845108985900879,-30.396739959716797,-25.98369598388672
1623786772684,2021-06-15T19:55:00.796Z,31.106,10.845108985900879,-31.459239959716797,-27.54619598388672
1623786772724,2021-06-15T19:55:00.809Z,31.146,9.720108985900879,-28.521739959716797,-28.04619598388672
1623786772763,2021-06-15T19:55:00.811Z,31.185,10.470108985900879,-28.896739959716797,-25.17119598388672
1623786772804,2021-06-15T19:55:00.825Z,31.226,13.032608985900879,-30.709239959716797,-26.79619598388672
1623786772844,2021-06-15T19:55:00.840Z,31.266,11.220108985900879,-30.021739959716797,-25.98369598388672
1623786772883,2021-06-15T19:55:00.854Z,31.305,10.470108985900879,-28.896739959716797,-25.98369598388672
1623786772924,2021-06-15T19:55:00.868Z,31.346,11.595108985900879,-32.2092399597168,-27.17119598388672
1623786772964,2021-06-15T19:55:00.870Z,31.386,10.845108985900879,-29.646739959716797,-26.79619598388672
1623786773003,2021-06-15T19:55:00.895Z,31.425,11.970108985900879,-29.271739959716797,-25.54619598388672
1623786773044,2021-06-15T19:55:00.900Z,31.466,9.720108985900879,-30.396739959716797,-25.17119598388672
1623786773084,2021-06-15T19:55:00.915Z,31.506,11.970108985900879,-29.271739959716797,-27.17119598388672
1623786773123,2021-06-15T19:55:00.928Z,31.545,11.220108985900879,-30.709239959716797,-25.17119598388672
1623786773163,2021-06-15T19:55:00.944Z,31.585,10.470108985900879,-30.709239959716797,-26.79619598388672
1623786773204,2021-06-15T19:55:00.945Z,31.626,10.095108985900879,-29.646739959716797,-26.42119598388672
1623786773244,2021-06-15T19:55:00.960Z,31.666,10.470108985900879,-28.146739959716797,-25.98369598388672
1623786773283,2021-06-15T19:55:00.981Z,31.705,10.470108985900879,-29.271739959716797,-26.79619598388672
1623786773324,2021-06-15T19:55:00.992Z,31.746,13.032608985900879,-29.646739959716797,-25.23369598388672
1623786773364,2021-06-15T19:55:01.005Z,31.786,10.845108985900879,-30.021739959716797,-24.42119598388672
1623786773403,2021-06-15T19:55:01.011Z,31.825,10.845108985900879,-30.709239959716797,-24.79619598388672
1623786773444,2021-06-15T19:55:01.020Z,31.866,10.095108985900879,-29.646739959716797,-25.60869598388672
1623786773484,2021-06-15T19:55:01.035Z,31.906,10.470108985900879,-30.709239959716797,-25.60869598388672
1623786773523,2021-06-15T19:55:01.051Z,31.945,11.220108985900879,-32.9592399597168,-25.60869598388672
1623786773563,2021-06-15T19:55:01.063Z,31.985,11.970108985900879,-30.396739959716797,-25.98369598388672
1623786773604,2021-06-15T19:55:01.093Z,32.026,12.657608985900879,-30.396739959716797,-23.60869598388672
1623786773643,2021-06-15T19:55:01.095Z,32.065,11.595108985900879,-30.709239959716797,-25.60869598388672
1623786773683,2021-06-15T19:55:01.110Z,32.105,10.470108985900879,-30.334239959716797,-23.98369598388672
1623786773724,2021-06-15T19:55:01.124Z,32.146,11.970108985900879,-30.396739959716797,-23.98369598388672
1623786773764,2021-06-15T19:55:01.139Z,32.186,10.845108985900879,-30.396739959716797,-25.17119598388672
1623786773803,2021-06-15T19:55:01.183Z,32.225,9.032608985900879,-29.271739959716797,-24.79619598388672
1623786773844,2021-06-15T19:55:01.185Z,32.266,10.095108985900879,-29.646739959716797,-24.04619598388672
1623786773884,2021-06-15T19:55:01.199Z,32.306,11.595108985900879,-30.021739959716797,-24.79619598388672
1623786773923,2021-06-15T19:55:01.216Z,32.345,11.970108985900879,-29.271739959716797,-24.79619598388672
1623786773963,2021-06-15T19:55:01.229Z,32.385,11.970108985900879,-28.521739959716797,-24.79619598388672
1623786774004,2021-06-15T19:55:01.244Z,32.426,12.282608985900879,-33.3342399597168,-24.79619598388672
1623786774043,2021-06-15T19:55:01.245Z,32.465,11.970108985900879,-30.396739959716797,-24.79619598388672
1623786774083,2021-06-15T19:55:01.260Z,32.505,10.095108985900879,-30.396739959716797,-25.60869598388672
1623786774124,2021-06-15T19:55:01.274Z,32.546,11.220108985900879,-30.709239959716797,-24.79619598388672
1623786774163,2021-06-15T19:55:01.289Z,32.585,10.845108985900879,-30.396739959716797,-23.60869598388672
1623786774204,2021-06-15T19:55:01.292Z,32.626,10.845108985900879,-30.021739959716797,-23.54619598388672
1623786774244,2021-06-15T19:55:01.305Z,32.666,12.657608985900879,-31.459239959716797,-24.79619598388672
1623786774284,2021-06-15T19:55:01.319Z,32.706,11.220108985900879,-30.021739959716797,-23.17119598388672
1623786774323,2021-06-15T19:55:01.334Z,32.745,11.595108985900879,-29.646739959716797,-23.60869598388672
1623786774363,2021-06-15T19:55:01.348Z,32.785,10.845108985900879,-30.709239959716797,-25.60869598388672
1623786774404,2021-06-15T19:55:01.363Z,32.826,11.595108985900879,-30.396739959716797,-23.98369598388672
1623786774443,2021-06-15T19:55:01.376Z,32.865,11.970108985900879,-29.271739959716797,-24.35869598388672
1623786774483,2021-06-15T19:55:01.379Z,32.905,11.970108985900879,-30.021739959716797,-26.35869598388672
1623786774524,2021-06-15T19:55:01.394Z,32.946,10.845108985900879,-30.021739959716797,-24.79619598388672
1623786774563,2021-06-15T19:55:01.439Z,32.985,9.345108985900879,-30.709239959716797,-24.79619598388672
1623786774603,2021-06-15T19:55:01.453Z,33.025,9.345108985900879,-33.3342399597168,-26.79619598388672
1623786774644,2021-06-15T19:55:01.468Z,33.066,11.595108985900879,-30.396739959716797,-24.79619598388672
1623786774683,2021-06-15T19:55:01.471Z,33.105,10.470108985900879,-30.709239959716797,-25.17119598388672
1623786774723,2021-06-15T19:55:01.485Z,33.145,10.095108985900879,-29.271739959716797,-25.98369598388672
1623786774764,2021-06-15T19:55:01.499Z,33.186,10.470108985900879,-29.271739959716797,-25.60869598388672
1623786774804,2021-06-15T19:55:01.515Z,33.226,10.095108985900879,-32.9592399597168,-25.54619598388672
1623786774843,2021-06-15T19:55:01.533Z,33.265,12.282608985900879,-36.2717399597168,-26.79619598388672
1623786774883,2021-06-15T19:55:01.534Z,33.305,9.345108985900879,-36.2717399597168,-24.79619598388672
1623786774924,2021-06-15T19:55:01.551Z,33.346,12.282608985900879,-31.459239959716797,-24.85869598388672
1623786774963,2021-06-15T19:55:01.559Z,33.385,10.845108985900879,-32.2092399597168,-27.17119598388672
1623786775003,2021-06-15T19:55:01.574Z,33.425,9.345108985900879,-35.1467399597168,-25.98369598388672
1623786775044,2021-06-15T19:55:01.588Z,33.466,10.470108985900879,-30.709239959716797,-25.60869598388672
1623786775083,2021-06-15T19:55:01.603Z,33.505,11.220108985900879,-30.021739959716797,-26.35869598388672
1623786775123,2021-06-15T19:55:01.605Z,33.545,10.845108985900879,-28.896739959716797,-24.35869598388672
1623786775164,2021-06-15T19:55:01.621Z,33.586,11.220108985900879,-30.021739959716797,-24.42119598388672
1623786775204,2021-06-15T19:55:01.654Z,33.626,10.470108985900879,-30.021739959716797,-26.73369598388672
1623786775243,2021-06-15T19:55:01.664Z,33.665,11.970108985900879,-29.271739959716797,-26.42119598388672
1623786775283,2021-06-15T19:55:01.681Z,33.705,10.095108985900879,-31.084239959716797,-25.17119598388672
1623786775324,2021-06-15T19:55:01.682Z,33.746,8.657608985900879,-30.396739959716797,-27.17119598388672
1623786775363,2021-06-15T19:55:01.696Z,33.785,10.470108985900879,-30.021739959716797,-25.98369598388672
1623786775403,2021-06-15T19:55:01.740Z,33.825,11.220108985900879,-28.896739959716797,-26.35869598388672
1623786775444,2021-06-15T19:55:01.755Z,33.866,11.220108985900879,-29.646739959716797,-26.35869598388672
1623786775483,2021-06-15T19:55:01.756Z,33.905,11.595108985900879,-31.459239959716797,-26.42119598388672
1623786775523,2021-06-15T19:55:01.771Z,33.945,10.095108985900879,-30.396739959716797,-25.98369598388672
1623786775562,2021-06-15T19:55:01.786Z,33.984,11.595108985900879,-30.396739959716797,-26.79619598388672
1623786775603,2021-06-15T19:55:01.799Z,34.025,10.845108985900879,-29.271739959716797,-26.42119598388672
1623786775643,2021-06-15T19:55:01.813Z,34.065,11.970108985900879,-29.271739959716797,-25.60869598388672
1623786775683,2021-06-15T19:55:01.815Z,34.105,9.720108985900879,-29.646739959716797,-26.79619598388672
1623786775724,2021-06-15T19:55:01.830Z,34.146,13.032608985900879,-30.396739959716797,-24.79619598388672
1623786775763,2021-06-15T19:55:01.845Z,34.185,10.845108985900879,-30.709239959716797,-25.17119598388672
1623786775803,2021-06-15T19:55:01.859Z,34.225,9.345108985900879,-29.646739959716797,-27.54619598388672
1623786775844,2021-06-15T19:55:01.874Z,34.266,12.282608985900879,-30.396739959716797,-25.60869598388672
1623786775883,2021-06-15T19:55:01.888Z,34.305,10.845108985900879,-30.709239959716797,-25.98369598388672
1623786775923,2021-06-15T19:55:01.890Z,34.345,11.970108985900879,-29.646739959716797,-28.42119598388672
1623786775962,2021-06-15T19:55:01.905Z,34.384,10.470108985900879,-30.396739959716797,-26.73369598388672
1623786776003,2021-06-15T19:55:01.922Z,34.425,11.220108985900879,-31.084239959716797,-26.79619598388672
1623786776043,2021-06-15T19:55:01.937Z,34.465,9.345108985900879,-29.646739959716797,-28.35869598388672
1623786776082,2021-06-15T19:55:01.949Z,34.504,9.345108985900879,-29.646739959716797,-26.79619598388672
1623786776123,2021-06-15T19:55:01.952Z,34.545,10.095108985900879,-28.896739959716797,-27.23369598388672
1623786776163,2021-06-15T19:55:01.972Z,34.585,9.345108985900879,-28.896739959716797,-27.54619598388672
1623786776203,2021-06-15T19:55:01.990Z,34.625,11.220108985900879,-31.084239959716797,-26.79619598388672
1623786776244,2021-06-15T19:55:01.996Z,34.666,10.845108985900879,-31.459239959716797,-26.42119598388672
1623786776283,2021-06-15T19:55:02.009Z,34.705,11.970108985900879,-30.021739959716797,-28.79619598388672
1623786776323,2021-06-15T19:55:02.029Z,34.745,10.095108985900879,-37.3342399597168,-27.60869598388672
1623786776362,2021-06-15T19:55:02.038Z,34.784,10.470108985900879,-30.396739959716797,-27.17119598388672
1623786776403,2021-06-15T19:55:02.045Z,34.825,10.845108985900879,-31.084239959716797,-28.35869598388672
1623786776443,2021-06-15T19:55:02.066Z,34.865,10.845108985900879,-31.834239959716797,-26.35869598388672
1623786776482,2021-06-15T19:55:02.069Z,34.904,11.970108985900879,-30.709239959716797,-26.35869598388672
1623786776523,2021-06-15T19:55:02.085Z,34.945,10.845108985900879,-30.021739959716797,-27.54619598388672
1623786776563,2021-06-15T19:55:02.102Z,34.985,9.032608985900879,-30.709239959716797,-26.79619598388672
1623786776602,2021-06-15T19:55:02.107Z,35.024,10.470108985900879,-30.396739959716797,-27.60869598388672
1623786776643,2021-06-15T19:55:02.123Z,35.065,11.595108985900879,-30.709239959716797,-26.35869598388672
1623786776683,2021-06-15T19:55:02.140Z,35.105,10.470108985900879,-30.709239959716797,-27.60869598388672
1623786776723,2021-06-15T19:55:02.155Z,35.145,9.345108985900879,-30.021739959716797,-27.17119598388672
1623786776762,2021-06-15T19:55:02.156Z,35.184,12.282608985900879,-29.646739959716797,-29.17119598388672
1623786776803,2021-06-15T19:55:02.173Z,35.225,10.095108985900879,-29.271739959716797,-25.98369598388672
1623786776843,2021-06-15T19:55:02.180Z,35.265,11.595108985900879,-29.646739959716797,-26.79619598388672
1623786776882,2021-06-15T19:55:02.204Z,35.304,10.095108985900879,-29.271739959716797,-26.42119598388672
1623786776923,2021-06-15T19:55:02.218Z,35.345,10.845108985900879,-30.709239959716797,-27.23369598388672
1623786776963,2021-06-15T19:55:02.233Z,35.385,11.220108985900879,-30.021739959716797,-26.79619598388672
1623786777002,2021-06-15T19:55:02.236Z,35.424,11.220108985900879,-30.396739959716797,-27.23369598388672
1623786777043,2021-06-15T19:55:02.250Z,35.465,12.657608985900879,-28.896739959716797,-27.60869598388672
1623786777083,2021-06-15T19:55:02.294Z,35.505,10.845108985900879,-35.5217399597168,-26.79619598388672
1623786777122,2021-06-15T19:55:02.309Z,35.544,10.845108985900879,-38.4592399597168,-28.35869598388672
1623786777162,2021-06-15T19:55:02.329Z,35.584,11.220108985900879,-38.0842399597168,-25.98369598388672
1623786777203,2021-06-15T19:55:02.332Z,35.625,10.095108985900879,-39.9592399597168,-26.79619598388672
1623786777243,2021-06-15T19:55:02.343Z,35.665,10.095108985900879,-36.9592399597168,-27.54619598388672
1623786777282,2021-06-15T19:55:02.354Z,35.704,11.220108985900879,-30.709239959716797,-26.79619598388672
1623786777323,2021-06-15T19:55:02.369Z,35.745,9.032608985900879,-31.084239959716797,-27.98369598388672
1623786777363,2021-06-15T19:55:02.385Z,35.785,9.032608985900879,-30.709239959716797,-27.98369598388672
1623786777402,2021-06-15T19:55:02.387Z,35.824,10.095108985900879,-29.646739959716797,-27.54619598388672
1623786777442,2021-06-15T19:55:02.402Z,35.864,11.595108985900879,-30.396739959716797,-27.98369598388672
1623786777483,2021-06-15T19:55:02.416Z,35.905,9.345108985900879,-30.021739959716797,-29.17119598388672
1623786777522,2021-06-15T19:55:02.433Z,35.944,10.470108985900879,-29.646739959716797,-26.35869598388672
1623786777562,2021-06-15T19:55:02.446Z,35.984,9.345108985900879,-30.021739959716797,-27.54619598388672
1623786777603,2021-06-15T19:55:02.458Z,36.025,11.970108985900879,-29.646739959716797,-29.17119598388672
1623786777642,2021-06-15T19:55:02.461Z,36.064,10.470108985900879,-32.9592399597168,-26.73369598388672
1623786777682,2021-06-15T19:55:02.475Z,36.104,9.720108985900879,-30.709239959716797,-27.17119598388672
1623786777723,2021-06-15T19:55:02.519Z,36.145,12.657608985900879,-29.271739959716797,-28.79619598388672
1623786777763,2021-06-15T19:55:02.534Z,36.185,11.970108985900879,-30.021739959716797,-27.54619598388672
1623786777802,2021-06-15T19:55:02.549Z,36.224,13.032608985900879,-29.271739959716797,-27.17119598388672
1623786777842,2021-06-15T19:55:02.551Z,36.264,10.470108985900879,-30.396739959716797,-28.42119598388672
1623786777883,2021-06-15T19:55:02.568Z,36.305,10.845108985900879,-29.271739959716797,-27.23369598388672
1623786777922,2021-06-15T19:55:02.579Z,36.344,11.220108985900879,-28.521739959716797,-27.17119598388672
1623786777962,2021-06-15T19:55:02.594Z,36.384,10.095108985900879,-30.396739959716797,-27.17119598388672
1623786778003,2021-06-15T19:55:02.595Z,36.425,10.470108985900879,-28.896739959716797,-28.42119598388672
1623786778042,2021-06-15T19:55:02.618Z,36.464,12.345108985900879,-29.271739959716797,-26.73369598388672
1623786778082,2021-06-15T19:55:02.624Z,36.504,9.032608985900879,-28.896739959716797,-27.17119598388672
1623786778123,2021-06-15T19:55:02.644Z,36.545,10.845108985900879,-30.396739959716797,-26.42119598388672
1623786778162,2021-06-15T19:55:02.653Z,36.584,12.345108985900879,-28.896739959716797,-25.98369598388672
1623786778202,2021-06-15T19:55:02.659Z,36.624,11.970108985900879,-29.271739959716797,-26.79619598388672
1623786778242,2021-06-15T19:55:02.670Z,36.664,12.282608985900879,-30.396739959716797,-26.42119598388672
1623786778283,2021-06-15T19:55:02.690Z,36.705,13.407608985900879,-30.021739959716797,-27.23369598388672
1623786778322,2021-06-15T19:55:02.703Z,36.744,11.595108985900879,-30.021739959716797,-27.98369598388672
1623786778362,2021-06-15T19:55:02.714Z,36.784,9.720108985900879,-29.646739959716797,-27.60869598388672
1623786778403,2021-06-15T19:55:02.718Z,36.825,10.095108985900879,-29.271739959716797,-27.23369598388672
1623786778442,2021-06-15T19:55:02.730Z,36.864,12.345108985900879,-28.146739959716797,-26.73369598388672
1623786778482,2021-06-15T19:55:02.759Z,36.904,11.595108985900879,-28.146739959716797,-26.79619598388672
1623786778521,2021-06-15T19:55:02.774Z,36.943,11.595108985900879,-28.146739959716797,-26.35869598388672
1623786778562,2021-06-15T19:55:02.789Z,36.984,10.845108985900879,-30.021739959716797,-28.35869598388672
1623786778602,2021-06-15T19:55:02.805Z,37.024,10.470108985900879,-29.271739959716797,-27.98369598388672
1623786778641,2021-06-15T19:55:02.807Z,37.063,11.970108985900879,-29.271739959716797,-26.73369598388672
1623786778683,2021-06-15T19:55:02.835Z,37.105,11.595108985900879,-30.396739959716797,-27.54619598388672
1623786778722,2021-06-15T19:55:02.849Z,37.144,11.220108985900879,-30.396739959716797,-27.17119598388672
1623786778762,2021-06-15T19:55:02.864Z,37.184,11.970108985900879,-30.021739959716797,-26.79619598388672
1623786778803,2021-06-15T19:55:02.882Z,37.225,10.845108985900879,-30.334239959716797,-27.98369598388672
1623786778842,2021-06-15T19:55:02.884Z,37.264,10.845108985900879,-28.896739959716797,-27.54619598388672
1623786778882,2021-06-15T19:55:02.898Z,37.304,12.657608985900879,-29.646739959716797,-26.79619598388672
1623786778923,2021-06-15T19:55:02.910Z,37.345,11.970108985900879,-29.646739959716797,-28.35869598388672
1623786778962,2021-06-15T19:55:02.934Z,37.384,10.470108985900879,-30.396739959716797,-27.54619598388672
1623786779002,2021-06-15T19:55:02.936Z,37.424,10.845108985900879,-28.146739959716797,-27.17119598388672
1623786779041,2021-06-15T19:55:02.956Z,37.463,11.595108985900879,-29.646739959716797,-27.54619598388672
1623786779082,2021-06-15T19:55:02.966Z,37.504,10.845108985900879,-29.271739959716797,-26.35869598388672
1623786779122,2021-06-15T19:55:02.975Z,37.544,12.282608985900879,-29.646739959716797,-26.35869598388672
1623786779162,2021-06-15T19:55:02.983Z,37.584,11.970108985900879,-30.709239959716797,-27.60869598388672
1623786779201,2021-06-15T19:55:02.999Z,37.623,11.595108985900879,-30.396739959716797,-27.17119598388672
1623786779242,2021-06-15T19:55:03.001Z,37.664,11.595108985900879,-30.396739959716797,-27.23369598388672
1623786779282,2021-06-15T19:55:03.020Z,37.704,10.095108985900879,-28.146739959716797,-27.98369598388672
1623786779321,2021-06-15T19:55:03.031Z,37.743,12.282608985900879,-29.271739959716797,-27.60869598388672
1623786779362,2021-06-15T19:55:03.044Z,37.784,12.282608985900879,-33.3342399597168,-27.17119598388672
1623786779402,2021-06-15T19:55:03.058Z,37.824,10.845108985900879,-30.396739959716797,-29.17119598388672
1623786779441,2021-06-15T19:55:03.060Z,37.863,11.220108985900879,-32.2092399597168,-27.60869598388672
1623786779482,2021-06-15T19:55:03.074Z,37.904,10.845108985900879,-36.2717399597168,-27.17119598388672
1623786779522,2021-06-15T19:55:03.092Z,37.944,11.970108985900879,-36.6467399597168,-28.35869598388672
1623786779561,2021-06-15T19:55:03.104Z,37.983,10.845108985900879,-36.2717399597168,-28.35869598388672
1623786779601,2021-06-15T19:55:03.127Z,38.023,9.345108985900879,-31.459239959716797,-27.98369598388672
1623786779642,2021-06-15T19:55:03.128Z,38.064,10.095108985900879,-29.271739959716797,-28.79619598388672
1623786779682,2021-06-15T19:55:03.142Z,38.104,12.657608985900879,-28.896739959716797,-27.17119598388672
1623786779721,2021-06-15T19:55:03.151Z,38.143,12.657608985900879,-28.896739959716797,-26.79619598388672
1623786779762,2021-06-15T19:55:03.168Z,38.184,10.470108985900879,-29.271739959716797,-28.35869598388672
1623786779802,2021-06-15T19:55:03.178Z,38.224,10.845108985900879,-28.146739959716797,-27.98369598388672
1623786779841,2021-06-15T19:55:03.195Z,38.263,12.657608985900879,-30.021739959716797,-27.98369598388672
1623786779882,2021-06-15T19:55:03.196Z,38.304,10.095108985900879,-30.396739959716797,-29.17119598388672
1623786779922,2021-06-15T19:55:03.209Z,38.344,10.845108985900879,-28.896739959716797,-28.42119598388672
1623786779961,2021-06-15T19:55:03.226Z,38.383,12.282608985900879,-28.896739959716797,-27.17119598388672
1623786780001,2021-06-15T19:55:03.242Z,38.423,12.345108985900879,-29.271739959716797,-28.73369598388672
1623786780042,2021-06-15T19:55:03.254Z,38.464,11.595108985900879,-29.271739959716797,-27.98369598388672
1623786780081,2021-06-15T19:55:03.258Z,38.503,13.407608985900879,-29.271739959716797,-27.54619598388672
1623786780121,2021-06-15T19:55:03.270Z,38.543,12.657608985900879,-29.271739959716797,-28.73369598388672
1623786780162,2021-06-15T19:55:03.294Z,38.584,10.470108985900879,-28.146739959716797,-27.54619598388672
1623786780202,2021-06-15T19:55:03.312Z,38.624,10.845108985900879,-28.521739959716797,-27.98369598388672
1623786780241,2021-06-15T19:55:03.313Z,38.663,12.657608985900879,-28.521739959716797,-28.73369598388672
1623786780282,2021-06-15T19:55:03.332Z,38.704,10.470108985900879,-30.021739959716797,-28.35869598388672
1623786780322,2021-06-15T19:55:03.340Z,38.744,11.595108985900879,-29.646739959716797,-27.98369598388672
1623786780361,2021-06-15T19:55:03.353Z,38.783,11.970108985900879,-36.2717399597168,-28.79619598388672
1623786780401,2021-06-15T19:55:03.362Z,38.823,10.845108985900879,-30.021739959716797,-27.54619598388672
1623786780442,2021-06-15T19:55:03.404Z,38.864,11.220108985900879,-28.521739959716797,-28.35869598388672
1623786780481,2021-06-15T19:55:03.420Z,38.903,10.095108985900879,-28.521739959716797,-29.17119598388672
1623786780521,2021-06-15T19:55:03.420Z,38.943,11.970108985900879,-29.271739959716797,-28.35869598388672
1623786780562,2021-06-15T19:55:03.436Z,38.984,12.345108985900879,-28.896739959716797,-28.35869598388672
1623786780601,2021-06-15T19:55:03.460Z,39.023,11.970108985900879,-28.896739959716797,-29.98369598388672
1623786780641,2021-06-15T19:55:03.461Z,39.063,11.595108985900879,-29.646739959716797,-28.73369598388672
1623786780682,2021-06-15T19:55:03.465Z,39.104,10.095108985900879,-30.396739959716797,-27.98369598388672
1623786780722,2021-06-15T19:55:03.479Z,39.144,11.595108985900879,-28.896739959716797,-29.60869598388672
1623786780761,2021-06-15T19:55:03.494Z,39.183,9.720108985900879,-29.271739959716797,-27.98369598388672
1623786780801,2021-06-15T19:55:03.508Z,39.223,10.845108985900879,-28.896739959716797,-27.17119598388672
1623786780842,2021-06-15T19:55:03.511Z,39.264,11.970108985900879,-28.896739959716797,-29.60869598388672
1623786780881,2021-06-15T19:55:03.525Z,39.303,11.595108985900879,-30.396739959716797,-27.60869598388672
1623786780921,2021-06-15T19:55:03.574Z,39.343,11.220108985900879,-28.896739959716797,-28.42119598388672
1623786780962,2021-06-15T19:55:03.584Z,39.384,11.970108985900879,-28.521739959716797,-29.98369598388672
1623786781001,2021-06-15T19:55:03.600Z,39.423,11.220108985900879,-29.271739959716797,-27.98369598388672
1623786781041,2021-06-15T19:55:03.614Z,39.463,12.282608985900879,-28.521739959716797,-28.35869598388672
1623786781082,2021-06-15T19:55:03.622Z,39.504,11.220108985900879,-28.896739959716797,-30.73369598388672
1623786781121,2021-06-15T19:55:03.632Z,39.543,11.595108985900879,-29.646739959716797,-28.79619598388672
1623786781161,2021-06-15T19:55:03.645Z,39.583,11.595108985900879,-28.896739959716797,-28.04619598388672
1623786781201,2021-06-15T19:55:03.659Z,39.623,12.657608985900879,-29.646739959716797,-29.54619598388672
1623786781242,2021-06-15T19:55:03.674Z,39.664,10.845108985900879,-29.271739959716797,-27.60869598388672
1623786781281,2021-06-15T19:55:03.676Z,39.703,12.657608985900879,-31.084239959716797,-27.98369598388672
1623786781321,2021-06-15T19:55:03.691Z,39.743,10.845108985900879,-29.271739959716797,-28.79619598388672
1623786781362,2021-06-15T19:55:03.707Z,39.784,11.220108985900879,-28.896739959716797,-27.17119598388672
1623786781401,2021-06-15T19:55:03.722Z,39.823,11.220108985900879,-30.396739959716797,-27.23369598388672
1623786781441,2021-06-15T19:55:03.734Z,39.863,11.220108985900879,-30.396739959716797,-29.54619598388672
1623786781480,2021-06-15T19:55:03.749Z,39.902,10.095108985900879,-31.084239959716797,-28.35869598388672
1623786781521,2021-06-15T19:55:03.750Z,39.943,11.220108985900879,-32.2092399597168,-27.60869598388672
1623786781561,2021-06-15T19:55:03.765Z,39.983,12.282608985900879,-29.646739959716797,-28.79619598388672
1623786781600,2021-06-15T19:55:03.780Z,40.022,10.470108985900879,-28.896739959716797,-27.98369598388672
1623786781641,2021-06-15T19:55:03.795Z,40.063,13.407608985900879,-31.834239959716797,-27.98369598388672
1623786781681,2021-06-15T19:55:03.808Z,40.103,11.970108985900879,-31.084239959716797,-28.35869598388672
1623786781721,2021-06-15T19:55:03.810Z,40.143,12.657608985900879,-34.0217399597168,-27.98369598388672
1623786781762,2021-06-15T19:55:03.827Z,40.184,10.845108985900879,-38.0842399597168,-28.42119598388672
1623786781801,2021-06-15T19:55:03.843Z,40.223,12.657608985900879,-36.6467399597168,-29.17119598388672
1623786781841,2021-06-15T19:55:03.871Z,40.263,10.845108985900879,-39.5842399597168,-28.79619598388672
1623786781880,2021-06-15T19:55:03.885Z,40.302,10.470108985900879,-38.0842399597168,-26.42119598388672
1623786781921,2021-06-15T19:55:03.899Z,40.343,10.845108985900879,-32.9592399597168,-30.35869598388672
1623786781961,2021-06-15T19:55:03.900Z,40.383,12.282608985900879,-29.646739959716797,-29.54619598388672
1623786782000,2021-06-15T19:55:03.915Z,40.422,11.970108985900879,-30.709239959716797,-28.79619598388672
1623786782041,2021-06-15T19:55:03.960Z,40.463,10.470108985900879,-30.396739959716797,-29.98369598388672
1623786782081,2021-06-15T19:55:03.974Z,40.503,10.470108985900879,-30.709239959716797,-27.98369598388672
1623786782120,2021-06-15T19:55:03.988Z,40.542,12.282608985900879,-32.9592399597168,-28.79619598388672
1623786782162,2021-06-15T19:55:03.991Z,40.584,9.345108985900879,-30.396739959716797,-29.54619598388672
1623786782201,2021-06-15T19:55:04.005Z,40.623,11.595108985900879,-29.271739959716797,-27.98369598388672
1623786782241,2021-06-15T19:55:04.019Z,40.663,10.845108985900879,-35.1467399597168,-27.17119598388672
1623786782280,2021-06-15T19:55:04.034Z,40.702,10.470108985900879,-28.146739959716797,-30.73369598388672
1623786782321,2021-06-15T19:55:04.048Z,40.743,10.470108985900879,-28.521739959716797,-29.17119598388672
1623786782361,2021-06-15T19:55:04.050Z,40.783,11.220108985900879,-38.8342399597168,-28.79619598388672
1623786782400,2021-06-15T19:55:04.066Z,40.822,11.595108985900879,-31.084239959716797,-29.54619598388672
1623786782441,2021-06-15T19:55:04.079Z,40.863,11.970108985900879,-29.646739959716797,-28.35869598388672
1623786782481,2021-06-15T19:55:04.095Z,40.903,11.970108985900879,-38.8342399597168,-28.35869598388672
1623786782520,2021-06-15T19:55:04.117Z,40.942,11.970108985900879,-30.709239959716797,-29.60869598388672
1623786782560,2021-06-15T19:55:04.134Z,40.982,11.595108985900879,-28.896739959716797,-28.35869598388672
1623786782601,2021-06-15T19:55:04.135Z,41.023,11.220108985900879,-38.4592399597168,-28.79619598388672
1623786782641,2021-06-15T19:55:04.142Z,41.063,10.095108985900879,-30.396739959716797,-28.35869598388672
1623786782680,2021-06-15T19:55:04.154Z,41.102,10.470108985900879,-28.521739959716797,-28.73369598388672
1623786782721,2021-06-15T19:55:04.176Z,41.143,10.845108985900879,-38.8342399597168,-27.54619598388672
1623786782761,2021-06-15T19:55:04.187Z,41.183,12.282608985900879,-28.146739959716797,-28.79619598388672
1623786782800,2021-06-15T19:55:04.197Z,41.222,9.345108985900879,-29.646739959716797,-28.42119598388672
1623786782841,2021-06-15T19:55:04.200Z,41.263,11.970108985900879,-42.5217399597168,-27.98369598388672
1623786782881,2021-06-15T19:55:04.215Z,41.303,12.282608985900879,-31.084239959716797,-28.79619598388672
1623786782920,2021-06-15T19:55:04.229Z,41.342,11.970108985900879,-29.271739959716797,-28.79619598388672
1623786782960,2021-06-15T19:55:04.243Z,41.382,11.970108985900879,-44.3342399597168,-27.98369598388672
1623786783001,2021-06-15T19:55:04.258Z,41.423,12.345108985900879,-28.521739959716797,-28.73369598388672
1623786783040,2021-06-15T19:55:04.260Z,41.462,11.220108985900879,-28.521739959716797,-27.98369598388672
1623786783080,2021-06-15T19:55:04.274Z,41.502,10.470108985900879,-40.2717399597168,-28.79619598388672
1623786783121,2021-06-15T19:55:04.293Z,41.543,10.095108985900879,-30.021739959716797,-27.98369598388672
1623786783161,2021-06-15T19:55:04.303Z,41.583,11.220108985900879,-28.896739959716797,-28.42119598388672
1623786783200,2021-06-15T19:55:04.309Z,41.622,11.595108985900879,-41.0217399597168,-29.17119598388672
1623786783240,2021-06-15T19:55:04.319Z,41.662,10.095108985900879,-28.896739959716797,-28.35869598388672
1623786783281,2021-06-15T19:55:04.334Z,41.703,11.595108985900879,-28.146739959716797,-27.23369598388672
1623786783320,2021-06-15T19:55:04.350Z,41.742,12.282608985900879,-35.1467399597168,-27.98369598388672
1623786783360,2021-06-15T19:55:04.364Z,41.782,13.032608985900879,-28.521739959716797,-29.98369598388672
1623786783401,2021-06-15T19:55:04.381Z,41.823,11.595108985900879,-28.146739959716797,-28.35869598388672
1623786783440,2021-06-15T19:55:04.382Z,41.862,10.470108985900879,-35.5217399597168,-27.98369598388672
1623786783480,2021-06-15T19:55:04.396Z,41.902,11.220108985900879,-28.896739959716797,-27.54619598388672
1623786783521,2021-06-15T19:55:04.425Z,41.943,11.970108985900879,-28.521739959716797,-28.79619598388672
1623786783560,2021-06-15T19:55:04.440Z,41.982,11.595108985900879,-32.9592399597168,-28.04619598388672
1623786783600,2021-06-15T19:55:04.441Z,42.022,11.220108985900879,-29.646739959716797,-28.42119598388672
1623786783640,2021-06-15T19:55:04.459Z,42.062,12.657608985900879,-28.896739959716797,-28.79619598388672
1623786783681,2021-06-15T19:55:04.469Z,42.103,10.845108985900879,-34.3967399597168,-27.60869598388672
1623786783720,2021-06-15T19:55:04.503Z,42.142,11.595108985900879,-28.896739959716797,-28.79619598388672
1623786783760,2021-06-15T19:55:04.515Z,42.182,13.407608985900879,-28.521739959716797,-27.98369598388672
1623786783801,2021-06-15T19:55:04.528Z,42.223,11.970108985900879,-33.3342399597168,-29.17119598388672
1623786783840,2021-06-15T19:55:04.532Z,42.262,11.595108985900879,-29.271739959716797,-27.98369598388672
1623786783880,2021-06-15T19:55:04.545Z,42.302,11.595108985900879,-30.396739959716797,-27.60869598388672
1623786783919,2021-06-15T19:55:04.560Z,42.341,12.282608985900879,-35.1467399597168,-29.54619598388672
1623786783960,2021-06-15T19:55:04.574Z,42.382,10.845108985900879,-28.896739959716797,-28.35869598388672
1623786784000,2021-06-15T19:55:04.588Z,42.422,10.845108985900879,-28.146739959716797,-29.17119598388672
1623786784039,2021-06-15T19:55:04.590Z,42.461,13.032608985900879,-32.2092399597168,-29.54619598388672
1623786784080,2021-06-15T19:55:04.634Z,42.502,10.470108985900879,-32.5842399597168,-28.35869598388672
1623786784120,2021-06-15T19:55:04.649Z,42.542,9.720108985900879,-35.1467399597168,-29.60869598388672
1623786784160,2021-06-15T19:55:04.665Z,42.582,10.470108985900879,-35.8967399597168,-29.98369598388672
1623786784201,2021-06-15T19:55:04.683Z,42.623,11.595108985900879,-34.3967399597168,-30.04619598388672
1623786784240,2021-06-15T19:55:04.685Z,42.662,11.595108985900879,-31.459239959716797,-27.98369598388672
1623786784280,2021-06-15T19:55:04.697Z,42.702,11.595108985900879,-29.646739959716797,-29.60869598388672
1623786784319,2021-06-15T19:55:04.714Z,42.741,11.595108985900879,-29.271739959716797,-29.60869598388672
1623786784360,2021-06-15T19:55:04.724Z,42.782,11.970108985900879,-27.771739959716797,-29.23369598388672
1623786784400,2021-06-15T19:55:04.738Z,42.822,11.220108985900879,-31.834239959716797,-29.23369598388672
1623786784439,2021-06-15T19:55:04.741Z,42.861,10.470108985900879,-28.521739959716797,-29.54619598388672
1623786784480,2021-06-15T19:55:04.756Z,42.902,12.282608985900879,-28.146739959716797,-28.79619598388672
1623786784520,2021-06-15T19:55:04.771Z,42.942,10.470108985900879,-28.896739959716797,-27.98369598388672
1623786784559,2021-06-15T19:55:04.787Z,42.981,9.720108985900879,-29.271739959716797,-29.60869598388672
1623786784599,2021-06-15T19:55:04.799Z,43.021,12.282608985900879,-28.896739959716797,-28.42119598388672
1623786784640,2021-06-15T19:55:04.813Z,43.062,11.970108985900879,-29.271739959716797,-30.42119598388672
1623786784680,2021-06-15T19:55:04.816Z,43.102,11.970108985900879,-28.521739959716797,-29.60869598388672
1623786784719,2021-06-15T19:55:04.833Z,43.141,13.407608985900879,-29.646739959716797,-27.17119598388672
1623786784760,2021-06-15T19:55:04.844Z,43.182,11.595108985900879,-29.271739959716797,-29.98369598388672
1623786784800,2021-06-15T19:55:04.859Z,43.222,9.345108985900879,-28.896739959716797,-29.98369598388672
1623786784839,2021-06-15T19:55:04.874Z,43.261,11.595108985900879,-28.896739959716797,-29.23369598388672
1623786784880,2021-06-15T19:55:04.882Z,43.302,12.282608985900879,-27.771739959716797,-30.79619598388672
1623786784920,2021-06-15T19:55:04.891Z,43.342,11.595108985900879,-29.271739959716797,-29.98369598388672
1623786784959,2021-06-15T19:55:04.908Z,43.381,10.470108985900879,-27.771739959716797,-29.23369598388672
1623786784999,2021-06-15T19:55:04.919Z,43.421,10.470108985900879,-30.021739959716797,-29.98369598388672
1623786785040,2021-06-15T19:55:04.933Z,43.462,9.720108985900879,-28.146739959716797,-29.60869598388672
1623786785079,2021-06-15T19:55:04.935Z,43.501,9.720108985900879,-30.396739959716797,-29.17119598388672
1623786785119,2021-06-15T19:55:04.953Z,43.541,10.845108985900879,-28.896739959716797,-29.98369598388672
1623786785160,2021-06-15T19:55:04.980Z,43.582,11.970108985900879,-27.771739959716797,-29.23369598388672
1623786785200,2021-06-15T19:55:04.994Z,43.622,10.845108985900879,-28.521739959716797,-29.60869598388672
1623786785239,2021-06-15T19:55:05.008Z,43.661,9.345108985900879,-28.896739959716797,-29.23369598388672
1623786785280,2021-06-15T19:55:05.023Z,43.702,11.970108985900879,-28.521739959716797,-29.98369598388672
1623786785320,2021-06-15T19:55:05.026Z,43.742,10.845108985900879,-28.521739959716797,-29.60869598388672
1623786785359,2021-06-15T19:55:05.070Z,43.781,11.220108985900879,-28.521739959716797,-29.17119598388672
1623786785399,2021-06-15T19:55:05.084Z,43.821,11.595108985900879,-29.271739959716797,-29.60869598388672
1623786785440,2021-06-15T19:55:05.099Z,43.862,10.845108985900879,-30.021739959716797,-29.17119598388672
1623786785479,2021-06-15T19:55:05.114Z,43.901,11.595108985900879,-28.896739959716797,-30.35869598388672
1623786785519,2021-06-15T19:55:05.116Z,43.941,13.032608985900879,-28.146739959716797,-29.98369598388672
1623786785560,2021-06-15T19:55:05.130Z,43.982,12.282608985900879,-27.771739959716797,-28.35869598388672
1623786785600,2021-06-15T19:55:05.144Z,44.022,12.345108985900879,-27.771739959716797,-30.35869598388672
1623786785639,2021-06-15T19:55:05.159Z,44.061,10.845108985900879,-27.396739959716797,-31.54619598388672
1623786785679,2021-06-15T19:55:05.164Z,44.101,10.470108985900879,-28.146739959716797,-27.60869598388672
1623786785720,2021-06-15T19:55:05.177Z,44.142,11.595108985900879,-32.2092399597168,-29.17119598388672
1623786785759,2021-06-15T19:55:05.190Z,44.181,13.032608985900879,-28.521739959716797,-29.60869598388672
1623786785799,2021-06-15T19:55:05.204Z,44.221,11.970108985900879,-27.396739959716797,-28.35869598388672
1623786785840,2021-06-15T19:55:05.219Z,44.262,11.970108985900879,-30.021739959716797,-29.54619598388672
1623786785879,2021-06-15T19:55:05.220Z,44.301,10.470108985900879,-27.396739959716797,-30.79619598388672
1623786785919,2021-06-15T19:55:05.235Z,44.341,13.782608985900879,-28.521739959716797,-28.79619598388672
1623786785960,2021-06-15T19:55:05.249Z,44.382,13.032608985900879,-27.771739959716797,-29.54619598388672
1623786785999,2021-06-15T19:55:05.264Z,44.421,12.657608985900879,-28.896739959716797,-30.79619598388672
1623786786039,2021-06-15T19:55:05.278Z,44.461,11.970108985900879,-29.271739959716797,-28.79619598388672
1623786786079,2021-06-15T19:55:05.281Z,44.501,11.220108985900879,-29.271739959716797,-28.35869598388672
1623786786120,2021-06-15T19:55:05.295Z,44.542,10.470108985900879,-28.521739959716797,-28.79619598388672
1623786786159,2021-06-15T19:55:05.309Z,44.581,13.032608985900879,-28.146739959716797,-28.79619598388672
1623786786199,2021-06-15T19:55:05.330Z,44.621,10.845108985900879,-30.709239959716797,-29.98369598388672
1623786786240,2021-06-15T19:55:05.338Z,44.662,10.095108985900879,-28.896739959716797,-29.98369598388672
1623786786279,2021-06-15T19:55:05.340Z,44.701,13.407608985900879,-30.396739959716797,-29.60869598388672
1623786786319,2021-06-15T19:55:05.356Z,44.741,11.220108985900879,-32.9592399597168,-28.79619598388672
1623786786358,2021-06-15T19:55:05.370Z,44.78,10.845108985900879,-33.6467399597168,-29.54619598388672
1623786786399,2021-06-15T19:55:05.384Z,44.821,11.970108985900879,-38.0842399597168,-27.98369598388672
1623786786439,2021-06-15T19:55:05.402Z,44.861,11.220108985900879,-36.5842399597168,-30.35869598388672
1623786786478,2021-06-15T19:55:05.404Z,44.9,10.470108985900879,-34.3967399597168,-29.17119598388672
1623786786519,2021-06-15T19:55:05.415Z,44.941,12.345108985900879,-31.834239959716797,-30.35869598388672
1623786786559,2021-06-15T19:55:05.431Z,44.981,11.595108985900879,-34.3967399597168,-29.60869598388672
1623786786599,2021-06-15T19:55:05.445Z,45.021,12.657608985900879,-30.021739959716797,-30.35869598388672
1623786786640,2021-06-15T19:55:05.458Z,45.062,10.095108985900879,-29.646739959716797,-29.60869598388672
1623786786679,2021-06-15T19:55:05.474Z,45.101,11.595108985900879,-29.646739959716797,-30.42119598388672
1623786786719,2021-06-15T19:55:05.475Z,45.141,13.032608985900879,-28.146739959716797,-31.23369598388672
1623786786758,2021-06-15T19:55:05.490Z,45.18,12.282608985900879,-29.646739959716797,-28.79619598388672
1623786786799,2021-06-15T19:55:05.505Z,45.221,10.845108985900879,-31.834239959716797,-29.98369598388672
1623786786839,2021-06-15T19:55:05.534Z,45.261,11.595108985900879,-29.271739959716797,-29.60869598388672
1623786786878,2021-06-15T19:55:05.550Z,45.3,12.657608985900879,-28.521739959716797,-29.98369598388672
1623786786919,2021-06-15T19:55:05.552Z,45.341,12.657608985900879,-28.521739959716797,-30.79619598388672
1623786786959,2021-06-15T19:55:05.569Z,45.381,10.470108985900879,-28.896739959716797,-29.54619598388672
1623786786998,2021-06-15T19:55:05.581Z,45.42,12.657608985900879,-29.271739959716797,-29.98369598388672
1623786787039,2021-06-15T19:55:05.609Z,45.461,11.220108985900879,-29.271739959716797,-31.17119598388672
1623786787079,2021-06-15T19:55:05.623Z,45.501,13.032608985900879,-28.896739959716797,-29.98369598388672
1623786787119,2021-06-15T19:55:05.642Z,45.541,11.595108985900879,-28.896739959716797,-29.98369598388672
1623786787158,2021-06-15T19:55:05.646Z,45.58,12.282608985900879,-30.396739959716797,-30.79619598388672
1623786787199,2021-06-15T19:55:05.661Z,45.621,11.970108985900879,-28.521739959716797,-30.79619598388672
1623786787239,2021-06-15T19:55:05.701Z,45.661,10.470108985900879,-28.521739959716797,-29.98369598388672
1623786787278,2021-06-15T19:55:05.715Z,45.7,10.845108985900879,-30.021739959716797,-29.54619598388672
1623786787319,2021-06-15T19:55:05.729Z,45.741,12.657608985900879,-28.896739959716797,-29.98369598388672
1623786787359,2021-06-15T19:55:05.743Z,45.781,11.220108985900879,-28.896739959716797,-29.54619598388672
1623786787398,2021-06-15T19:55:05.746Z,45.82,12.282608985900879,-30.021739959716797,-30.42119598388672
1623786787439,2021-06-15T19:55:05.763Z,45.861,12.282608985900879,-30.021739959716797,-29.98369598388672
1623786787479,2021-06-15T19:55:05.779Z,45.901,11.595108985900879,-28.521739959716797,-29.98369598388672
1623786787518,2021-06-15T19:55:05.796Z,45.94,9.720108985900879,-30.709239959716797,-31.17119598388672
1623786787558,2021-06-15T19:55:05.811Z,45.98,11.220108985900879,-28.896739959716797,-29.98369598388672
1623786787599,2021-06-15T19:55:05.812Z,46.021,9.345108985900879,-29.271739959716797,-29.23369598388672
1623786787639,2021-06-15T19:55:05.820Z,46.061,11.220108985900879,-30.396739959716797,-30.42119598388672
1623786787678,2021-06-15T19:55:05.843Z,46.1,10.845108985900879,-28.896739959716797,-29.98369598388672
1623786787719,2021-06-15T19:55:05.850Z,46.141,9.720108985900879,-28.146739959716797,-29.98369598388672
1623786787759,2021-06-15T19:55:05.863Z,46.181,10.470108985900879,-28.521739959716797,-30.79619598388672
1623786787798,2021-06-15T19:55:05.866Z,46.22,10.470108985900879,-28.146739959716797,-29.60869598388672
1623786787838,2021-06-15T19:55:05.881Z,46.26,11.220108985900879,-27.771739959716797,-28.79619598388672
1623786787879,2021-06-15T19:55:05.895Z,46.301,12.657608985900879,-27.771739959716797,-31.17119598388672
1623786787918,2021-06-15T19:55:05.910Z,46.34,13.032608985900879,-28.521739959716797,-29.60869598388672
1623786787958,2021-06-15T19:55:05.926Z,46.38,11.220108985900879,-28.521739959716797,-27.60869598388672
1623786787999,2021-06-15T19:55:05.940Z,46.421,13.032608985900879,-28.521739959716797,-29.60869598388672
1623786788038,2021-06-15T19:55:05.942Z,46.46,12.282608985900879,-27.396739959716797,-27.98369598388672
1623786788078,2021-06-15T19:55:05.960Z,46.5,10.845108985900879,-28.521739959716797,-28.42119598388672
1623786788119,2021-06-15T19:55:05.972Z,46.541,10.845108985900879,-28.896739959716797,-27.98369598388672
1623786788159,2021-06-15T19:55:05.986Z,46.581,11.970108985900879,-29.271739959716797,-27.60869598388672
1623786788198,2021-06-15T19:55:05.999Z,46.62,12.282608985900879,-27.771739959716797,-27.17119598388672
1623786788238,2021-06-15T19:55:06.007Z,46.66,11.220108985900879,-28.146739959716797,-26.79619598388672
1623786788279,2021-06-15T19:55:06.020Z,46.701,11.970108985900879,-28.521739959716797,-26.42119598388672
1623786788318,2021-06-15T19:55:06.029Z,46.74,12.657608985900879,-29.271739959716797,-26.04619598388672
1623786788358,2021-06-15T19:55:06.043Z,46.78,13.407608985900879,-28.521739959716797,-26.79619598388672
1623786788399,2021-06-15T19:55:06.048Z,46.821,11.595108985900879,-29.271739959716797,-26.79619598388672
1623786788438,2021-06-15T19:55:06.061Z,46.86,11.595108985900879,-32.9592399597168,-24.79619598388672
1623786788478,2021-06-15T19:55:06.074Z,46.9,12.282608985900879,-28.521739959716797,-25.98369598388672
1623786788519,2021-06-15T19:55:06.103Z,46.941,10.095108985900879,-28.896739959716797,-23.23369598388672
1623786788558,2021-06-15T19:55:06.109Z,46.98,9.720108985900879,-28.896739959716797,-24.42119598388672
1623786788598,2021-06-15T19:55:06.118Z,47.02,12.657608985900879,-29.646739959716797,-24.42119598388672
1623786788639,2021-06-15T19:55:06.126Z,47.061,10.095108985900879,-28.896739959716797,-23.17119598388672
1623786788679,2021-06-15T19:55:06.135Z,47.101,9.720108985900879,-31.084239959716797,-24.79619598388672
1623786788718,2021-06-15T19:55:06.167Z,47.14,13.032608985900879,-33.6467399597168,-25.60869598388672
1623786788758,2021-06-15T19:55:06.185Z,47.18,9.720108985900879,-33.6467399597168,-25.17119598388672
1623786788799,2021-06-15T19:55:06.194Z,47.221,11.220108985900879,-31.459239959716797,-25.17119598388672
1623786788838,2021-06-15T19:55:06.210Z,47.26,12.657608985900879,-28.146739959716797,-25.60869598388672
1623786788878,2021-06-15T19:55:06.228Z,47.3,10.095108985900879,-30.709239959716797,-26.73369598388672
1623786788917,2021-06-15T19:55:06.238Z,47.339,11.220108985900879,-28.521739959716797,-24.79619598388672
1623786788958,2021-06-15T19:55:06.241Z,47.38,11.595108985900879,-29.646739959716797,-26.35869598388672
1623786788998,2021-06-15T19:55:06.256Z,47.42,11.595108985900879,-29.271739959716797,-25.98369598388672
1623786789037,2021-06-15T19:55:06.271Z,47.459,12.657608985900879,-29.271739959716797,-27.17119598388672
1623786789079,2021-06-15T19:55:06.291Z,47.501,10.470108985900879,-29.271739959716797,-25.98369598388672
1623786789118,2021-06-15T19:55:06.299Z,47.54,11.220108985900879,-28.896739959716797,-26.42119598388672
1623786789158,2021-06-15T19:55:06.301Z,47.58,11.220108985900879,-28.896739959716797,-25.98369598388672
1623786789199,2021-06-15T19:55:06.322Z,47.621,11.220108985900879,-28.521739959716797,-27.54619598388672
1623786789238,2021-06-15T19:55:06.330Z,47.66,10.845108985900879,-28.146739959716797,-26.35869598388672
1623786789278,2021-06-15T19:55:06.345Z,47.7,13.032608985900879,-28.146739959716797,-25.98369598388672
1623786789317,2021-06-15T19:55:06.358Z,47.739,10.845108985900879,-28.146739959716797,-26.79619598388672
1623786789358,2021-06-15T19:55:06.360Z,47.78,11.595108985900879,-30.021739959716797,-25.98369598388672
1623786789398,2021-06-15T19:55:06.375Z,47.82,10.470108985900879,-28.521739959716797,-25.98369598388672
1623786789437,2021-06-15T19:55:06.391Z,47.859,12.657608985900879,-28.521739959716797,-27.98369598388672
1623786789478,2021-06-15T19:55:06.410Z,47.9,11.220108985900879,-29.646739959716797,-25.98369598388672
1623786789518,2021-06-15T19:55:06.429Z,47.94,11.220108985900879,-29.646739959716797,-26.42119598388672
1623786789558,2021-06-15T19:55:06.433Z,47.98,11.970108985900879,-28.521739959716797,-27.23369598388672
1623786789599,2021-06-15T19:55:06.435Z,48.021,10.845108985900879,-28.521739959716797,-26.79619598388672
1623786789638,2021-06-15T19:55:06.453Z,48.06,11.220108985900879,-28.521739959716797,-25.23369598388672
1623786789678,2021-06-15T19:55:06.468Z,48.1,9.345108985900879,-27.771739959716797,-27.23369598388672
1623786789717,2021-06-15T19:55:06.479Z,48.139,10.845108985900879,-27.771739959716797,-25.98369598388672
1623786789758,2021-06-15T19:55:06.494Z,48.18,10.845108985900879,-29.271739959716797,-25.60869598388672
1623786789798,2021-06-15T19:55:06.503Z,48.22,11.595108985900879,-29.271739959716797,-26.42119598388672
1623786789837,2021-06-15T19:55:06.512Z,48.259,11.220108985900879,-29.646739959716797,-27.54619598388672
1623786789878,2021-06-15T19:55:06.529Z,48.3,10.845108985900879,-29.271739959716797,-26.79619598388672
1623786789918,2021-06-15T19:55:06.543Z,48.34,10.845108985900879,-29.271739959716797,-27.98369598388672
1623786789957,2021-06-15T19:55:06.555Z,48.379,9.720108985900879,-28.521739959716797,-26.79619598388672
1623786789998,2021-06-15T19:55:06.570Z,48.42,12.282608985900879,-28.896739959716797,-27.23369598388672
1623786790038,2021-06-15T19:55:06.571Z,48.46,10.845108985900879,-27.771739959716797,-29.17119598388672
1623786790078,2021-06-15T19:55:06.586Z,48.5,9.720108985900879,-28.896739959716797,-27.98369598388672
1623786790117,2021-06-15T19:55:06.602Z,48.539,11.595108985900879,-28.146739959716797,-26.79619598388672
1623786790158,2021-06-15T19:55:06.620Z,48.58,11.970108985900879,-30.021739959716797,-27.98369598388672
1623786790198,2021-06-15T19:55:06.646Z,48.62,10.845108985900879,-29.646739959716797,-27.17119598388672
1623786790237,2021-06-15T19:55:06.659Z,48.659,10.095108985900879,-27.771739959716797,-27.54619598388672
1623786790278,2021-06-15T19:55:06.661Z,48.7,13.782608985900879,-28.521739959716797,-27.98369598388672
1623786790318,2021-06-15T19:55:06.675Z,48.74,12.282608985900879,-28.896739959716797,-27.17119598388672
1623786790357,2021-06-15T19:55:06.690Z,48.779,11.220108985900879,-29.271739959716797,-27.98369598388672
1623786790398,2021-06-15T19:55:06.735Z,48.82,10.845108985900879,-28.521739959716797,-29.17119598388672
1623786790438,2021-06-15T19:55:06.750Z,48.86,10.845108985900879,-28.896739959716797,-27.17119598388672
1623786790477,2021-06-15T19:55:06.764Z,48.899,10.470108985900879,-29.271739959716797,-28.79619598388672
1623786790518,2021-06-15T19:55:06.779Z,48.94,10.845108985900879,-29.646739959716797,-28.79619598388672
1623786790558,2021-06-15T19:55:06.793Z,48.98,10.470108985900879,-28.521739959716797,-28.35869598388672
1623786790598,2021-06-15T19:55:06.806Z,49.02,11.970108985900879,-29.271739959716797,-27.98369598388672
1623786790637,2021-06-15T19:55:06.810Z,49.059,11.970108985900879,-28.146739959716797,-27.17119598388672
1623786790678,2021-06-15T19:55:06.824Z,49.1,10.845108985900879,-28.521739959716797,-28.79619598388672
1623786790718,2021-06-15T19:55:06.840Z,49.14,12.282608985900879,-28.896739959716797,-28.79619598388672
1623786790757,2021-06-15T19:55:06.840Z,49.179,11.595108985900879,-28.146739959716797,-28.79619598388672
1623786790797,2021-06-15T19:55:06.854Z,49.219,11.970108985900879,-28.521739959716797,-28.79619598388672
1623786790838,2021-06-15T19:55:06.870Z,49.26,12.657608985900879,-28.146739959716797,-28.42119598388672
1623786790877,2021-06-15T19:55:06.883Z,49.299,11.970108985900879,-30.021739959716797,-29.54619598388672
1623786790917,2021-06-15T19:55:06.886Z,49.339,11.220108985900879,-29.646739959716797,-27.98369598388672
1623786790958,2021-06-15T19:55:06.900Z,49.38,12.657608985900879,-28.896739959716797,-27.98369598388672
1623786790997,2021-06-15T19:55:06.915Z,49.419,11.970108985900879,-32.5842399597168,-30.35869598388672
1623786791037,2021-06-15T19:55:06.929Z,49.459,10.845108985900879,-31.459239959716797,-27.98369598388672
1623786791078,2021-06-15T19:55:06.945Z,49.5,12.657608985900879,-39.2092399597168,-28.79619598388672
1623786791118,2021-06-15T19:55:06.947Z,49.54,10.470108985900879,-35.5217399597168,-29.98369598388672
1623786791157,2021-06-15T19:55:06.961Z,49.579,10.845108985900879,-32.2092399597168,-28.79619598388672
1623786791197,2021-06-15T19:55:06.975Z,49.619,11.595108985900879,-29.271739959716797,-28.35869598388672
1623786791238,2021-06-15T19:55:06.990Z,49.66,9.720108985900879,-28.146739959716797,-29.98369598388672
1623786791277,2021-06-15T19:55:07.004Z,49.699,10.470108985900879,-28.521739959716797,-29.17119598388672
1623786791317,2021-06-15T19:55:07.019Z,49.739,11.220108985900879,-28.146739959716797,-29.98369598388672
1623786791358,2021-06-15T19:55:07.021Z,49.78,11.595108985900879,-28.146739959716797,-28.79619598388672
1623786791397,2021-06-15T19:55:07.040Z,49.819,12.282608985900879,-28.146739959716797,-28.79619598388672
1623786791437,2021-06-15T19:55:07.049Z,49.859,11.220108985900879,-28.521739959716797,-28.85869598388672
1623786791476,2021-06-15T19:55:07.067Z,49.898,11.220108985900879,-28.146739959716797,-29.60869598388672
1623786791517,2021-06-15T19:55:07.079Z,49.939,10.095108985900879,-29.271739959716797,-29.17119598388672
1623786791557,2021-06-15T19:55:07.082Z,49.979,9.720108985900879,-27.396739959716797,-28.79619598388672
1623786791597,2021-06-15T19:55:07.101Z,50.019,10.095108985900879,-28.521739959716797,-29.54619598388672
1623786791638,2021-06-15T19:55:07.115Z,50.06,11.595108985900879,-29.271739959716797,-29.60869598388672
1623786791677,2021-06-15T19:55:07.131Z,50.099,11.970108985900879,-28.896739959716797,-28.79619598388672
1623786791717,2021-06-15T19:55:07.146Z,50.139,10.095108985900879,-28.896739959716797,-30.35869598388672
1623786791756,2021-06-15T19:55:07.148Z,50.178,9.345108985900879,-27.771739959716797,-29.17119598388672
1623786791797,2021-06-15T19:55:07.166Z,50.219,11.595108985900879,-29.271739959716797,-28.79619598388672
1623786791837,2021-06-15T19:55:07.172Z,50.259,11.220108985900879,-28.896739959716797,-29.98369598388672
1623786791876,2021-06-15T19:55:07.199Z,50.298,10.470108985900879,-28.146739959716797,-29.17119598388672
1623786791917,2021-06-15T19:55:07.214Z,50.339,11.220108985900879,-27.771739959716797,-29.17119598388672
1623786791957,2021-06-15T19:55:07.231Z,50.379,11.595108985900879,-28.896739959716797,-29.54619598388672
1623786791996,2021-06-15T19:55:07.236Z,50.418,12.657608985900879,-28.146739959716797,-28.42119598388672
1623786792037,2021-06-15T19:55:07.245Z,50.459,10.470108985900879,-28.146739959716797,-29.17119598388672
1623786792077,2021-06-15T19:55:07.274Z,50.499,12.657608985900879,-28.896739959716797,-28.79619598388672
1623786792117,2021-06-15T19:55:07.290Z,50.539,11.220108985900879,-28.146739959716797,-29.17119598388672
1623786792156,2021-06-15T19:55:07.305Z,50.578,10.095108985900879,-27.396739959716797,-28.35869598388672
1623786792197,2021-06-15T19:55:07.319Z,50.619,13.032608985900879,-28.146739959716797,-29.54619598388672
1623786792237,2021-06-15T19:55:07.335Z,50.659,11.595108985900879,-28.896739959716797,-29.23369598388672
1623786792276,2021-06-15T19:55:07.349Z,50.698,10.470108985900879,-27.771739959716797,-29.23369598388672
1623786792317,2021-06-15T19:55:07.354Z,50.739,11.220108985900879,-28.521739959716797,-30.35869598388672
1623786792357,2021-06-15T19:55:07.367Z,50.779,11.970108985900879,-28.521739959716797,-29.60869598388672
1623786792396,2021-06-15T19:55:07.390Z,50.818,11.970108985900879,-28.521739959716797,-27.98369598388672
1623786792436,2021-06-15T19:55:07.394Z,50.858,10.470108985900879,-29.646739959716797,-29.98369598388672
1623786792477,2021-06-15T19:55:07.408Z,50.899,11.220108985900879,-32.5842399597168,-28.79619598388672
1623786792516,2021-06-15T19:55:07.419Z,50.938,11.595108985900879,-28.896739959716797,-29.17119598388672
1623786792556,2021-06-15T19:55:07.426Z,50.978,10.845108985900879,-28.896739959716797,-30.79619598388672
1623786792597,2021-06-15T19:55:07.440Z,51.019,11.970108985900879,-28.521739959716797,-29.23369598388672
1623786792637,2021-06-15T19:55:07.455Z,51.059,11.970108985900879,-27.771739959716797,-29.23369598388672
1623786792676,2021-06-15T19:55:07.471Z,51.098,11.220108985900879,-28.146739959716797,-29.23369598388672
1623786792717,2021-06-15T19:55:07.485Z,51.139,10.845108985900879,-30.396739959716797,-27.98369598388672
1623786792757,2021-06-15T19:55:07.486Z,51.179,10.470108985900879,-28.146739959716797,-28.42119598388672
1623786792796,2021-06-15T19:55:07.500Z,51.218,11.595108985900879,-28.896739959716797,-29.17119598388672
1623786792837,2021-06-15T19:55:07.514Z,51.259,11.970108985900879,-27.771739959716797,-28.42119598388672
1623786792877,2021-06-15T19:55:07.529Z,51.299,12.657608985900879,-28.146739959716797,-28.42119598388672
1623786792916,2021-06-15T19:55:07.549Z,51.338,13.032608985900879,-28.521739959716797,-29.17119598388672
1623786792956,2021-06-15T19:55:07.550Z,51.378,10.470108985900879,-28.896739959716797,-29.17119598388672
1623786792997,2021-06-15T19:55:07.562Z,51.419,10.470108985900879,-28.146739959716797,-28.42119598388672
1623786793037,2021-06-15T19:55:07.575Z,51.459,11.970108985900879,-27.396739959716797,-29.60869598388672
1623786793076,2021-06-15T19:55:07.589Z,51.498,11.220108985900879,-30.021739959716797,-28.79619598388672
1623786793117,2021-06-15T19:55:07.603Z,51.539,10.845108985900879,-28.896739959716797,-27.98369598388672
1623786793157,2021-06-15T19:55:07.608Z,51.579,10.845108985900879,-27.396739959716797,-30.79619598388672
1623786793196,2021-06-15T19:55:07.622Z,51.618,11.970108985900879,-28.146739959716797,-30.04619598388672
1623786793236,2021-06-15T19:55:07.636Z,51.658,11.970108985900879,-32.9592399597168,-28.79619598388672
1623786793277,2021-06-15T19:55:07.668Z,51.699,11.220108985900879,-30.396739959716797,-29.98369598388672
1623786793316,2021-06-15T19:55:07.681Z,51.738,11.970108985900879,-32.5842399597168,-28.35869598388672
1623786793356,2021-06-15T19:55:07.694Z,51.778,13.032608985900879,-34.7717399597168,-28.79619598388672
1623786793397,2021-06-15T19:55:07.700Z,51.819,11.595108985900879,-35.8967399597168,-30.35869598388672
1623786793436,2021-06-15T19:55:07.709Z,51.858,11.595108985900879,-33.3342399597168,-27.98369598388672
1623786793476,2021-06-15T19:55:07.723Z,51.898,12.657608985900879,-29.646739959716797,-28.79619598388672
1623786793517,2021-06-15T19:55:07.754Z,51.939,11.595108985900879,-28.896739959716797,-30.35869598388672
1623786793557,2021-06-15T19:55:07.763Z,51.979,13.032608985900879,-28.896739959716797,-29.23369598388672
1623786793596,2021-06-15T19:55:07.829Z,52.018,11.220108985900879,-30.396739959716797,-29.17119598388672
1623786793636,2021-06-15T19:55:07.845Z,52.058,13.032608985900879,-28.896739959716797,-30.73369598388672
1623786793677,2021-06-15T19:55:07.863Z,52.099,11.220108985900879,-28.146739959716797,-29.60869598388672
1623786793716,2021-06-15T19:55:07.874Z,52.138,11.970108985900879,-28.896739959716797,-29.23369598388672
1623786793756,2021-06-15T19:55:07.875Z,52.178,11.595108985900879,-28.521739959716797,-30.79619598388672
1623786793797,2021-06-15T19:55:07.890Z,52.219,11.595108985900879,-30.021739959716797,-30.35869598388672
1623786793836,2021-06-15T19:55:07.904Z,52.258,11.970108985900879,-30.396739959716797,-29.60869598388672
1623786793876,2021-06-15T19:55:07.919Z,52.298,11.970108985900879,-28.146739959716797,-30.79619598388672
1623786793917,2021-06-15T19:55:07.933Z,52.339,11.220108985900879,-28.146739959716797,-29.54619598388672
1623786793956,2021-06-15T19:55:07.935Z,52.378,11.220108985900879,-30.021739959716797,-29.60869598388672
1623786793996,2021-06-15T19:55:07.950Z,52.418,10.470108985900879,-28.521739959716797,-29.98369598388672
1623786794036,2021-06-15T19:55:07.965Z,52.458,11.220108985900879,-28.521739959716797,-29.98369598388672
1623786794077,2021-06-15T19:55:07.979Z,52.499,11.970108985900879,-32.2092399597168,-29.54619598388672
1623786794116,2021-06-15T19:55:07.993Z,52.538,11.970108985900879,-28.521739959716797,-29.98369598388672
1623786794156,2021-06-15T19:55:07.996Z,52.578,10.470108985900879,-28.146739959716797,-29.17119598388672
1623786794197,2021-06-15T19:55:08.015Z,52.619,11.220108985900879,-34.0217399597168,-29.60869598388672
1623786794236,2021-06-15T19:55:08.025Z,52.658,12.282608985900879,-26.334239959716797,-29.60869598388672
1623786794276,2021-06-15T19:55:08.039Z,52.698,11.595108985900879,-29.271739959716797,-29.60869598388672
1623786794317,2021-06-15T19:55:08.054Z,52.739,12.657608985900879,-34.0217399597168,-28.35869598388672
1623786794356,2021-06-15T19:55:08.068Z,52.778,12.657608985900879,-28.146739959716797,-31.98369598388672
1623786794396,2021-06-15T19:55:08.071Z,52.818,11.220108985900879,-28.896739959716797,-28.79619598388672
1623786794437,2021-06-15T19:55:08.085Z,52.859,11.220108985900879,-33.7092399597168,-29.23369598388672
1623786794476,2021-06-15T19:55:08.099Z,52.898,11.220108985900879,-28.896739959716797,-29.98369598388672
1623786794516,2021-06-15T19:55:08.116Z,52.938,10.095108985900879,-27.771739959716797,-29.23369598388672
1623786794556,2021-06-15T19:55:08.134Z,52.978,11.595108985900879,-34.7717399597168,-29.54619598388672
1623786794597,2021-06-15T19:55:08.135Z,53.019,12.657608985900879,-28.896739959716797,-29.98369598388672
1623786794636,2021-06-15T19:55:08.144Z,53.058,10.845108985900879,-27.396739959716797,-29.17119598388672
1623786794676,2021-06-15T19:55:08.174Z,53.098,11.970108985900879,-35.1467399597168,-30.35869598388672
1623786794717,2021-06-15T19:55:08.190Z,53.139,11.970108985900879,-26.709239959716797,-29.54619598388672
1623786794756,2021-06-15T19:55:08.190Z,53.178,11.595108985900879,-28.146739959716797,-29.60869598388672
1623786794796,2021-06-15T19:55:08.206Z,53.218,13.032608985900879,-35.1467399597168,-29.17119598388672
1623786794837,2021-06-15T19:55:08.220Z,53.259,10.845108985900879,-27.771739959716797,-31.23369598388672
1623786794876,2021-06-15T19:55:08.234Z,53.298,11.220108985900879,-28.521739959716797,-28.79619598388672
1623786794916,2021-06-15T19:55:08.255Z,53.338,10.845108985900879,-36.6467399597168,-28.42119598388672
1623786794955,2021-06-15T19:55:08.264Z,53.377,11.595108985900879,-28.521739959716797,-30.79619598388672
1623786794996,2021-06-15T19:55:08.266Z,53.418,11.220108985900879,-27.084239959716797,-29.17119598388672
1623786795036,2021-06-15T19:55:08.283Z,53.458,11.220108985900879,-36.2717399597168,-29.17119598388672
1623786795076,2021-06-15T19:55:08.309Z,53.498,10.470108985900879,-28.896739959716797,-30.79619598388672
1623786795117,2021-06-15T19:55:08.324Z,53.539,10.470108985900879,-28.146739959716797,-29.60869598388672
1623786795156,2021-06-15T19:55:08.338Z,53.578,13.032608985900879,-40.2717399597168,-28.35869598388672
1623786795197,2021-06-15T19:55:08.341Z,53.619,12.657608985900879,-29.271739959716797,-31.23369598388672
1623786795237,2021-06-15T19:55:08.355Z,53.659,11.595108985900879,-28.521739959716797,-28.79619598388672
1623786795276,2021-06-15T19:55:08.373Z,53.698,12.282608985900879,-40.6467399597168,-28.79619598388672
1623786795316,2021-06-15T19:55:08.384Z,53.738,11.970108985900879,-30.396739959716797,-30.35869598388672
1623786795355,2021-06-15T19:55:08.398Z,53.777,9.720108985900879,-28.146739959716797,-28.79619598388672
1623786795396,2021-06-15T19:55:08.401Z,53.818,12.657608985900879,-43.9592399597168,-27.98369598388672
1623786795436,2021-06-15T19:55:08.416Z,53.858,11.595108985900879,-30.396739959716797,-31.60869598388672
1623786795475,2021-06-15T19:55:08.434Z,53.897,12.282608985900879,-27.771739959716797,-28.79619598388672
1623786795516,2021-06-15T19:55:08.460Z,53.938,11.595108985900879,-46.2092399597168,-28.79619598388672
1623786795556,2021-06-15T19:55:08.468Z,53.978,11.970108985900879,-29.271739959716797,-30.35869598388672
1623786795596,2021-06-15T19:55:08.476Z,54.018,11.595108985900879,-28.146739959716797,-28.79619598388672
1623786795637,2021-06-15T19:55:08.486Z,54.059,12.282608985900879,-39.2092399597168,-28.42119598388672
1623786795676,2021-06-15T19:55:08.491Z,54.098,12.282608985900879,-33.6467399597168,-30.79619598388672
1623786795716,2021-06-15T19:55:08.505Z,54.138,11.595108985900879,-35.5217399597168,-30.35869598388672
1623786795755,2021-06-15T19:55:08.521Z,54.177,11.595108985900879,-38.4592399597168,-29.23369598388672
1623786795796,2021-06-15T19:55:08.522Z,54.218,9.720108985900879,-34.7717399597168,-29.60869598388672
1623786795836,2021-06-15T19:55:08.535Z,54.258,12.282608985900879,-30.709239959716797,-28.35869598388672
1623786795875,2021-06-15T19:55:08.549Z,54.297,11.595108985900879,-41.0217399597168,-30.42119598388672
1623786795916,2021-06-15T19:55:08.564Z,54.338,12.657608985900879,-28.896739959716797,-31.98369598388672
1623786795956,2021-06-15T19:55:08.580Z,54.378,12.657608985900879,-28.146739959716797,-30.79619598388672
1623786795995,2021-06-15T19:55:08.581Z,54.417,13.032608985900879,-41.0217399597168,-29.54619598388672
1623786796035,2021-06-15T19:55:08.597Z,54.457,11.595108985900879,-27.396739959716797,-31.17119598388672
1623786796076,2021-06-15T19:55:08.610Z,54.498,13.407608985900879,-27.396739959716797,-29.98369598388672
1623786796116,2021-06-15T19:55:08.626Z,54.538,11.220108985900879,-39.5842399597168,-29.60869598388672
1623786796155,2021-06-15T19:55:08.641Z,54.577,11.595108985900879,-28.146739959716797,-30.42119598388672
1623786796196,2021-06-15T19:55:08.642Z,54.618,10.470108985900879,-27.771739959716797,-28.79619598388672
1623786796236,2021-06-15T19:55:08.656Z,54.658,10.845108985900879,-37.7092399597168,-29.17119598388672
1623786796275,2021-06-15T19:55:08.673Z,54.697,10.470108985900879,-28.146739959716797,-31.98369598388672
1623786796316,2021-06-15T19:55:08.686Z,54.738,11.220108985900879,-27.771739959716797,-29.60869598388672
1623786796356,2021-06-15T19:55:08.699Z,54.778,11.595108985900879,-36.2717399597168,-29.54619598388672
1623786796395,2021-06-15T19:55:08.715Z,54.817,10.845108985900879,-28.521739959716797,-32.35869598388672
1623786796435,2021-06-15T19:55:08.716Z,54.857,13.032608985900879,-28.896739959716797,-30.35869598388672
1623786796476,2021-06-15T19:55:08.730Z,54.898,13.032608985900879,-35.5217399597168,-29.17119598388672
1623786796516,2021-06-15T19:55:08.745Z,54.938,10.845108985900879,-29.271739959716797,-30.79619598388672
1623786796555,2021-06-15T19:55:08.759Z,54.977,11.970108985900879,-28.146739959716797,-29.54619598388672
1623786796596,2021-06-15T19:55:08.779Z,55.018,11.595108985900879,-35.1467399597168,-29.98369598388672
1623786796636,2021-06-15T19:55:08.780Z,55.058,12.657608985900879,-28.146739959716797,-32.35869598388672
1623786796675,2021-06-15T19:55:08.791Z,55.097,13.032608985900879,-28.521739959716797,-28.79619598388672
1623786796716,2021-06-15T19:55:08.806Z,55.138,12.282608985900879,-32.2092399597168,-29.60869598388672
1623786796756,2021-06-15T19:55:08.849Z,55.178,10.845108985900879,-28.146739959716797,-31.23369598388672
1623786796795,2021-06-15T19:55:08.864Z,55.217,11.220108985900879,-28.521739959716797,-29.60869598388672
1623786796835,2021-06-15T19:55:08.865Z,55.257,10.845108985900879,-31.459239959716797,-30.42119598388672
1623786796876,2021-06-15T19:55:08.880Z,55.298,12.657608985900879,-29.646739959716797,-31.98369598388672
1623786796915,2021-06-15T19:55:08.896Z,55.337,10.845108985900879,-28.521739959716797,-30.35869598388672
1623786796955,2021-06-15T19:55:08.910Z,55.377,11.220108985900879,-31.834239959716797,-29.98369598388672
1623786796996,2021-06-15T19:55:08.939Z,55.418,12.282608985900879,-28.521739959716797,-29.17119598388672
1623786797036,2021-06-15T19:55:08.955Z,55.458,11.595108985900879,-28.521739959716797,-29.17119598388672
1623786797075,2021-06-15T19:55:08.971Z,55.497,11.220108985900879,-30.396739959716797,-30.35869598388672
1623786797115,2021-06-15T19:55:08.984Z,55.537,11.595108985900879,-28.146739959716797,-31.17119598388672
1623786797156,2021-06-15T19:55:08.999Z,55.578,10.845108985900879,-27.771739959716797,-29.98369598388672
1623786797195,2021-06-15T19:55:09.005Z,55.617,12.345108985900879,-31.459239959716797,-31.17119598388672
1623786797235,2021-06-15T19:55:09.016Z,55.657,11.970108985900879,-29.271739959716797,-30.35869598388672
1623786797276,2021-06-15T19:55:09.030Z,55.698,11.595108985900879,-28.521739959716797,-30.42119598388672
1623786797315,2021-06-15T19:55:09.045Z,55.737,11.220108985900879,-28.521739959716797,-29.60869598388672
1623786797355,2021-06-15T19:55:09.062Z,55.777,13.782608985900879,-27.396739959716797,-30.35869598388672
1623786797396,2021-06-15T19:55:09.076Z,55.818,11.220108985900879,-28.146739959716797,-29.60869598388672
1623786797435,2021-06-15T19:55:09.079Z,55.857,12.282608985900879,-30.021739959716797,-29.98369598388672
1623786797476,2021-06-15T19:55:09.091Z,55.898,12.657608985900879,-27.396739959716797,-29.17119598388672
1623786797515,2021-06-15T19:55:09.111Z,55.937,12.657608985900879,-28.521739959716797,-28.79619598388672
1623786797556,2021-06-15T19:55:09.126Z,55.978,12.657608985900879,-29.646739959716797,-29.60869598388672
1623786797595,2021-06-15T19:55:09.127Z,56.017,13.032608985900879,-28.146739959716797,-29.98369598388672
1623786797635,2021-06-15T19:55:09.136Z,56.057,11.970108985900879,-28.521739959716797,-28.79619598388672
1623786797676,2021-06-15T19:55:09.153Z,56.098,10.095108985900879,-30.396739959716797,-30.79619598388672
1623786797715,2021-06-15T19:55:09.166Z,56.137,11.220108985900879,-27.396739959716797,-30.79619598388672
1623786797755,2021-06-15T19:55:09.179Z,56.177,12.282608985900879,-27.084239959716797,-29.98369598388672
1623786797794,2021-06-15T19:55:09.181Z,56.216,10.845108985900879,-30.396739959716797,-29.54619598388672
1623786797835,2021-06-15T19:55:09.210Z,56.257,10.845108985900879,-28.521739959716797,-31.23369598388672
1623786797875,2021-06-15T19:55:09.219Z,56.297,11.220108985900879,-28.146739959716797,-30.35869598388672
1623786797914,2021-06-15T19:55:09.227Z,56.336,11.970108985900879,-29.271739959716797,-30.42119598388672
1623786797955,2021-06-15T19:55:09.254Z,56.377,10.470108985900879,-30.709239959716797,-30.42119598388672
1623786797995,2021-06-15T19:55:09.260Z,56.417,11.970108985900879,-32.2092399597168,-29.98369598388672
1623786798035,2021-06-15T19:55:09.261Z,56.457,14.157608985900879,-35.1467399597168,-30.35869598388672
1623786798076,2021-06-15T19:55:09.270Z,56.498,11.595108985900879,-34.3967399597168,-31.54619598388672
1623786798115,2021-06-15T19:55:09.285Z,56.537,10.470108985900879,-30.709239959716797,-29.98369598388672
1623786798155,2021-06-15T19:55:09.299Z,56.577,12.282608985900879,-30.709239959716797,-30.79619598388672
1623786798194,2021-06-15T19:55:09.314Z,56.616,13.407608985900879,-28.896739959716797,-31.60869598388672
1623786798235,2021-06-15T19:55:09.315Z,56.657,11.595108985900879,-29.646739959716797,-29.60869598388672
1623786798275,2021-06-15T19:55:09.331Z,56.697,11.595108985900879,-31.084239959716797,-31.60869598388672
1623786798314,2021-06-15T19:55:09.344Z,56.736,13.407608985900879,-28.146739959716797,-31.98369598388672
1623786798355,2021-06-15T19:55:09.359Z,56.777,10.470108985900879,-28.896739959716797,-29.54619598388672
1623786798395,2021-06-15T19:55:09.360Z,56.817,10.470108985900879,-28.896739959716797,-31.54619598388672
1623786798434,2021-06-15T19:55:09.374Z,56.856,12.657608985900879,-29.271739959716797,-31.98369598388672
1623786798475,2021-06-15T19:55:09.390Z,56.897,12.657608985900879,-29.646739959716797,-29.98369598388672
1623786798515,2021-06-15T19:55:09.423Z,56.937,10.845108985900879,-28.521739959716797,-29.98369598388672
1623786798555,2021-06-15T19:55:09.434Z,56.977,9.720108985900879,-28.521739959716797,-32.79619598388672
1623786798594,2021-06-15T19:55:09.435Z,57.016,11.595108985900879,-29.271739959716797,-29.60869598388672
1623786798635,2021-06-15T19:55:09.451Z,57.057,12.657608985900879,-28.146739959716797,-31.23369598388672
1623786798675,2021-06-15T19:55:09.466Z,57.097,10.845108985900879,-28.146739959716797,-32.04619598388672
1623786798714,2021-06-15T19:55:09.509Z,57.136,12.282608985900879,-28.146739959716797,-29.98369598388672
1623786798755,2021-06-15T19:55:09.523Z,57.177,12.657608985900879,-30.021739959716797,-31.17119598388672
1623786798795,2021-06-15T19:55:09.539Z,57.217,13.032608985900879,-29.271739959716797,-30.04619598388672
1623786798834,2021-06-15T19:55:09.540Z,57.256,8.970108985900879,-27.459239959716797,-30.42119598388672
1623786798874,2021-06-15T19:55:09.555Z,57.296,10.845108985900879,-28.521739959716797,-31.60869598388672
1623786798915,2021-06-15T19:55:09.569Z,57.337,11.220108985900879,-27.459239959716797,-31.98369598388672
1623786798954,2021-06-15T19:55:09.584Z,57.376,11.970108985900879,-27.771739959716797,-29.54619598388672
1623786798994,2021-06-15T19:55:09.598Z,57.416,11.970108985900879,-29.271739959716797,-30.79619598388672
1623786799035,2021-06-15T19:55:09.600Z,57.457,11.595108985900879,-28.146739959716797,-30.79619598388672
1623786799075,2021-06-15T19:55:09.616Z,57.497,10.470108985900879,-28.146739959716797,-29.98369598388672
1623786799114,2021-06-15T19:55:09.631Z,57.536,11.970108985900879,-28.896739959716797,-31.17119598388672
1623786799155,2021-06-15T19:55:09.645Z,57.577,12.657608985900879,-27.771739959716797,-32.35869598388672
1623786799195,2021-06-15T19:55:09.658Z,57.617,9.720108985900879,-28.521739959716797,-29.60869598388672
1623786799234,2021-06-15T19:55:09.673Z,57.656,11.970108985900879,-29.646739959716797,-30.79619598388672
1623786799274,2021-06-15T19:55:09.675Z,57.696,11.220108985900879,-29.646739959716797,-31.17119598388672
1623786799315,2021-06-15T19:55:09.690Z,57.737,10.845108985900879,-28.146739959716797,-29.98369598388672
1623786799354,2021-06-15T19:55:09.707Z,57.776,10.470108985900879,-27.771739959716797,-31.54619598388672
1623786799394,2021-06-15T19:55:09.719Z,57.816,11.970108985900879,-28.521739959716797,-31.17119598388672
1623786799435,2021-06-15T19:55:09.733Z,57.857,10.845108985900879,-27.771739959716797,-30.79619598388672
1623786799475,2021-06-15T19:55:09.735Z,57.897,11.220108985900879,-28.896739959716797,-31.54619598388672
1623786799514,2021-06-15T19:55:09.751Z,57.936,10.095108985900879,-28.521739959716797,-31.23369598388672
1623786799555,2021-06-15T19:55:09.765Z,57.977,13.032608985900879,-28.521739959716797,-30.79619598388672
1623786799595,2021-06-15T19:55:09.789Z,58.017,13.032608985900879,-30.396739959716797,-31.23369598388672
1623786799634,2021-06-15T19:55:09.795Z,58.056,12.282608985900879,-28.146739959716797,-32.04619598388672
1623786799675,2021-06-15T19:55:09.797Z,58.097,12.282608985900879,-28.896739959716797,-29.98369598388672
1623786799715,2021-06-15T19:55:09.810Z,58.137,13.032608985900879,-28.896739959716797,-30.42119598388672
1623786799754,2021-06-15T19:55:09.826Z,58.176,11.595108985900879,-27.771739959716797,-31.60869598388672
1623786799795,2021-06-15T19:55:09.839Z,58.217,11.220108985900879,-28.896739959716797,-31.23369598388672
1623786799835,2021-06-15T19:55:09.853Z,58.257,11.970108985900879,-27.396739959716797,-31.54619598388672
1623786799874,2021-06-15T19:55:09.869Z,58.296,10.845108985900879,-28.146739959716797,-30.79619598388672
1623786799914,2021-06-15T19:55:09.918Z,58.336,11.970108985900879,-29.271739959716797,-29.60869598388672
1623786799955,2021-06-15T19:55:09.930Z,58.377,11.220108985900879,-28.521739959716797,-31.98369598388672
1623786799995,2021-06-15T19:55:09.948Z,58.417,12.282608985900879,-27.396739959716797,-31.17119598388672
1623786800034,2021-06-15T19:55:09.986Z,58.456,11.595108985900879,-28.146739959716797,-30.42119598388672
1623786800074,2021-06-15T19:55:09.993Z,58.496,12.282608985900879,-29.271739959716797,-30.79619598388672
1623786800115,2021-06-15T19:55:10.007Z,58.537,11.970108985900879,-27.771739959716797,-30.35869598388672
1623786800154,2021-06-15T19:55:10.008Z,58.576,11.595108985900879,-27.396739959716797,-29.98369598388672
1623786800194,2021-06-15T19:55:10.024Z,58.616,12.657608985900879,-28.896739959716797,-31.17119598388672
1623786800235,2021-06-15T19:55:10.067Z,58.657,11.220108985900879,-28.896739959716797,-30.35869598388672
1623786800274,2021-06-15T19:55:10.081Z,58.696,11.595108985900879,-32.5842399597168,-29.23369598388672
1623786800314,2021-06-15T19:55:10.094Z,58.736,13.407608985900879,-37.7092399597168,-30.79619598388672
1623786800355,2021-06-15T19:55:10.099Z,58.777,11.595108985900879,-35.5217399597168,-30.42119598388672
1623786800394,2021-06-15T19:55:10.113Z,58.816,13.032608985900879,-33.7092399597168,-29.98369598388672
1623786800434,2021-06-15T19:55:10.125Z,58.856,13.032608985900879,-30.021739959716797,-31.98369598388672
1623786800474,2021-06-15T19:55:10.146Z,58.896,11.970108985900879,-28.896739959716797,-30.42119598388672
1623786800515,2021-06-15T19:55:10.153Z,58.937,11.220108985900879,-28.146739959716797,-30.35869598388672
1623786800554,2021-06-15T19:55:10.168Z,58.976,11.220108985900879,-28.146739959716797,-32.79619598388672
1623786800594,2021-06-15T19:55:10.170Z,59.016,12.282608985900879,-28.521739959716797,-31.23369598388672
1623786800635,2021-06-15T19:55:10.186Z,59.057,11.595108985900879,-27.084239959716797,-30.42119598388672
1623786800674,2021-06-15T19:55:10.200Z,59.096,10.845108985900879,-28.896739959716797,-31.98369598388672
1623786800714,2021-06-15T19:55:10.214Z,59.136,13.407608985900879,-27.771739959716797,-31.98369598388672
1623786800755,2021-06-15T19:55:10.229Z,59.177,10.470108985900879,-28.521739959716797,-31.17119598388672
1623786800794,2021-06-15T19:55:10.231Z,59.216,11.220108985900879,-29.646739959716797,-32.73369598388672
1623786800834,2021-06-15T19:55:10.245Z,59.256,11.970108985900879,-28.521739959716797,-31.60869598388672
1623786800873,2021-06-15T19:55:10.261Z,59.295,12.657608985900879,-27.396739959716797,-30.79619598388672
1623786800914,2021-06-15T19:55:10.280Z,59.336,13.782608985900879,-27.396739959716797,-31.98369598388672
1623786800954,2021-06-15T19:55:10.285Z,59.376,11.970108985900879,-26.709239959716797,-31.98369598388672
1623786800994,2021-06-15T19:55:10.292Z,59.416,13.032608985900879,-27.396739959716797,-31.17119598388672
1623786801035,2021-06-15T19:55:10.307Z,59.457,10.845108985900879,-30.021739959716797,-32.79619598388672
1623786801074,2021-06-15T19:55:10.319Z,59.496,11.220108985900879,-28.146739959716797,-29.98369598388672
1623786801114,2021-06-15T19:55:10.335Z,59.536,12.282608985900879,-27.771739959716797,-29.98369598388672
1623786801155,2021-06-15T19:55:10.336Z,59.577,11.970108985900879,-28.896739959716797,-32.35869598388672
1623786801194,2021-06-15T19:55:10.351Z,59.616,12.657608985900879,-28.521739959716797,-31.60869598388672
1623786801234,2021-06-15T19:55:10.365Z,59.656,11.595108985900879,-28.521739959716797,-30.35869598388672
1623786801273,2021-06-15T19:55:10.379Z,59.695,11.970108985900879,-28.521739959716797,-31.17119598388672
1623786801314,2021-06-15T19:55:10.396Z,59.736,11.220108985900879,-28.521739959716797,-31.23369598388672
1623786801354,2021-06-15T19:55:10.409Z,59.776,11.595108985900879,-27.771739959716797,-30.35869598388672
1623786801393,2021-06-15T19:55:10.411Z,59.815,10.470108985900879,-27.771739959716797,-31.23369598388672
1623786801434,2021-06-15T19:55:10.426Z,59.856,11.220108985900879,-28.146739959716797,-31.23369598388672
1623786801474,2021-06-15T19:55:10.452Z,59.896,12.657608985900879,-28.521739959716797,-30.79619598388672
1623786801514,2021-06-15T19:55:10.454Z,59.936,12.282608985900879,-27.771739959716797,-32.79619598388672
1623786801555,2021-06-15T19:55:10.476Z,59.977,11.595108985900879,-28.146739959716797,-31.23369598388672
1623786801594,2021-06-15T19:55:10.480Z,60.016,13.782608985900879,-27.771739959716797,-30.79619598388672
1623786801634,2021-06-15T19:55:10.485Z,60.056,11.595108985900879,-27.459239959716797,-32.42119598388672
1623786801675,2021-06-15T19:55:10.500Z,60.097,12.657608985900879,-27.084239959716797,-30.35869598388672
1623786801714,2021-06-15T19:55:10.529Z,60.136,12.657608985900879,-27.084239959716797,-30.79619598388672
1623786801754,2021-06-15T19:55:10.544Z,60.176,10.470108985900879,-28.521739959716797,-29.60869598388672
1623786801793,2021-06-15T19:55:10.561Z,60.215,12.282608985900879,-28.146739959716797,-32.35869598388672
1623786801834,2021-06-15T19:55:10.562Z,60.256,11.595108985900879,-27.771739959716797,-30.79619598388672
1623786801874,2021-06-15T19:55:10.578Z,60.296,11.970108985900879,-31.084239959716797,-31.23369598388672
1623786801913,2021-06-15T19:55:10.604Z,60.335,11.595108985900879,-27.771739959716797,-31.17119598388672
1623786801954,2021-06-15T19:55:10.622Z,60.376,10.095108985900879,-27.771739959716797,-31.17119598388672
1623786801994,2021-06-15T19:55:10.635Z,60.416,11.220108985900879,-28.521739959716797,-31.98369598388672
1623786802035,2021-06-15T19:55:10.651Z,60.457,10.845108985900879,-28.521739959716797,-30.35869598388672
1623786802075,2021-06-15T19:55:10.653Z,60.497,10.845108985900879,-27.396739959716797,-30.79619598388672
1623786802114,2021-06-15T19:55:10.667Z,60.536,9.720108985900879,-27.084239959716797,-32.79619598388672
1623786802155,2021-06-15T19:55:10.680Z,60.577,13.407608985900879,-28.521739959716797,-29.60869598388672
1623786802193,2021-06-15T19:55:10.694Z,60.615,12.282608985900879,-28.521739959716797,-30.79619598388672
1623786802234,2021-06-15T19:55:10.703Z,60.656,12.657608985900879,-27.771739959716797,-30.79619598388672
1623786802274,2021-06-15T19:55:10.711Z,60.696,11.595108985900879,-30.709239959716797,-31.98369598388672
1623786802313,2021-06-15T19:55:10.726Z,60.735,11.970108985900879,-28.146739959716797,-29.98369598388672
1623786802354,2021-06-15T19:55:10.743Z,60.776,12.657608985900879,-28.146739959716797,-31.23369598388672
1623786802394,2021-06-15T19:55:10.760Z,60.816,12.282608985900879,-27.084239959716797,-29.60869598388672
1623786802433,2021-06-15T19:55:10.769Z,60.855,11.595108985900879,-27.771739959716797,-30.79619598388672
1623786802473,2021-06-15T19:55:10.770Z,60.895,11.970108985900879,-27.084239959716797,-30.79619598388672
1623786802514,2021-06-15T19:55:10.785Z,60.936,11.970108985900879,-27.771739959716797,-31.23369598388672
1623786802554,2021-06-15T19:55:10.799Z,60.976,12.282608985900879,-28.521739959716797,-30.42119598388672
1623786802593,2021-06-15T19:55:10.816Z,61.015,12.657608985900879,-28.146739959716797,-31.98369598388672
1623786802634,2021-06-15T19:55:10.828Z,61.056,11.220108985900879,-28.146739959716797,-29.54619598388672
1623786802674,2021-06-15T19:55:10.830Z,61.096,11.220108985900879,-30.709239959716797,-29.98369598388672
1623786802713,2021-06-15T19:55:10.845Z,61.135,10.470108985900879,-34.7717399597168,-31.98369598388672
1623786802754,2021-06-15T19:55:10.859Z,61.176,12.657608985900879,-31.084239959716797,-30.79619598388672
1623786802794,2021-06-15T19:55:10.874Z,61.216,13.407608985900879,-31.834239959716797,-29.98369598388672
1623786802833,2021-06-15T19:55:10.889Z,61.255,11.970108985900879,-27.771739959716797,-31.60869598388672
1623786802873,2021-06-15T19:55:10.892Z,61.295,13.032608985900879,-28.521739959716797,-30.42119598388672
1623786802914,2021-06-15T19:55:10.908Z,61.336,11.595108985900879,-28.146739959716797,-31.23369598388672
1623786802954,2021-06-15T19:55:10.924Z,61.376,10.470108985900879,-28.146739959716797,-32.35869598388672
1623786802993,2021-06-15T19:55:10.935Z,61.415,10.470108985900879,-27.771739959716797,-31.23369598388672
1623786803034,2021-06-15T19:55:10.949Z,61.456,10.470108985900879,-28.146739959716797,-31.60869598388672
1623786803074,2021-06-15T19:55:10.980Z,61.496,10.845108985900879,-28.146739959716797,-31.98369598388672
1623786803113,2021-06-15T19:55:10.995Z,61.535,11.595108985900879,-27.084239959716797,-31.23369598388672
1623786803154,2021-06-15T19:55:11.013Z,61.576,13.032608985900879,-27.771739959716797,-30.79619598388672
1623786803194,2021-06-15T19:55:11.025Z,61.616,10.845108985900879,-27.771739959716797,-31.98369598388672
1623786803233,2021-06-15T19:55:11.039Z,61.655,12.282608985900879,-27.771739959716797,-32.35869598388672
1623786803273,2021-06-15T19:55:11.054Z,61.695,11.595108985900879,-26.709239959716797,-29.54619598388672
1623786803314,2021-06-15T19:55:11.056Z,61.736,13.782608985900879,-27.396739959716797,-31.98369598388672
1623786803353,2021-06-15T19:55:11.089Z,61.775,12.282608985900879,-27.396739959716797,-31.54619598388672
1623786803393,2021-06-15T19:55:11.100Z,61.815,10.095108985900879,-27.084239959716797,-31.17119598388672
1623786803434,2021-06-15T19:55:11.115Z,61.856,11.595108985900879,-27.084239959716797,-32.35869598388672
1623786803474,2021-06-15T19:55:11.116Z,61.896,11.595108985900879,-26.334239959716797,-31.17119598388672
1623786803513,2021-06-15T19:55:11.130Z,61.935,11.970108985900879,-28.896739959716797,-31.23369598388672
1623786803553,2021-06-15T19:55:11.147Z,61.975,13.407608985900879,-27.771739959716797,-32.79619598388672
1623786803594,2021-06-15T19:55:11.159Z,62.016,11.220108985900879,-31.084239959716797,-31.60869598388672
1623786803633,2021-06-15T19:55:11.173Z,62.055,12.282608985900879,-26.334239959716797,-31.98369598388672
1623786803673,2021-06-15T19:55:11.176Z,62.095,13.782608985900879,-27.084239959716797,-32.79619598388672
1623786803714,2021-06-15T19:55:11.190Z,62.136,12.657608985900879,-27.459239959716797,-32.04619598388672
1623786803753,2021-06-15T19:55:11.205Z,62.175,11.970108985900879,-28.521739959716797,-31.60869598388672
1623786803793,2021-06-15T19:55:11.220Z,62.215,11.970108985900879,-29.271739959716797,-33.98369598388672
1623786803834,2021-06-15T19:55:11.234Z,62.256,12.282608985900879,-27.396739959716797,-30.79619598388672
1623786803873,2021-06-15T19:55:11.238Z,62.295,12.282608985900879,-27.771739959716797,-31.23369598388672
1623786803913,2021-06-15T19:55:11.253Z,62.335,9.345108985900879,-26.709239959716797,-32.35869598388672
1623786803953,2021-06-15T19:55:11.266Z,62.375,11.970108985900879,-27.084239959716797,-31.98369598388672
1623786803994,2021-06-15T19:55:11.279Z,62.416,12.282608985900879,-27.771739959716797,-31.54619598388672
1623786804033,2021-06-15T19:55:11.293Z,62.455,10.845108985900879,-27.771739959716797,-31.17119598388672
1623786804073,2021-06-15T19:55:11.309Z,62.495,11.220108985900879,-28.146739959716797,-31.60869598388672
1623786804114,2021-06-15T19:55:11.323Z,62.536,13.032608985900879,-27.771739959716797,-30.79619598388672
1623786804153,2021-06-15T19:55:11.326Z,62.575,11.970108985900879,-27.084239959716797,-32.79619598388672
1623786804193,2021-06-15T19:55:11.339Z,62.615,12.282608985900879,-28.146739959716797,-31.60869598388672
1623786804234,2021-06-15T19:55:11.354Z,62.656,11.970108985900879,-28.146739959716797,-30.79619598388672
1623786804273,2021-06-15T19:55:11.370Z,62.695,10.845108985900879,-28.146739959716797,-31.60869598388672
1623786804313,2021-06-15T19:55:11.384Z,62.735,11.970108985900879,-27.459239959716797,-31.60869598388672
1623786804354,2021-06-15T19:55:11.399Z,62.776,10.845108985900879,-27.396739959716797,-29.98369598388672
1623786804393,2021-06-15T19:55:11.401Z,62.815,11.220108985900879,-25.959239959716797,-31.98369598388672
1623786804433,2021-06-15T19:55:11.415Z,62.855,11.970108985900879,-27.459239959716797,-31.60869598388672
1623786804474,2021-06-15T19:55:11.429Z,62.896,12.282608985900879,-27.459239959716797,-30.42119598388672
1623786804514,2021-06-15T19:55:11.444Z,62.936,11.970108985900879,-27.396739959716797,-32.79619598388672
1623786804553,2021-06-15T19:55:11.458Z,62.975,11.220108985900879,-28.146739959716797,-31.23369598388672
1623786804593,2021-06-15T19:55:11.461Z,63.015,11.595108985900879,-28.146739959716797,-31.23369598388672
1623786804632,2021-06-15T19:55:11.475Z,63.054,11.970108985900879,-27.396739959716797,-32.35869598388672
1623786804673,2021-06-15T19:55:11.490Z,63.095,11.970108985900879,-27.771739959716797,-30.79619598388672
1623786804713,2021-06-15T19:55:11.504Z,63.135,11.220108985900879,-28.896739959716797,-30.79619598388672
1623786804752,2021-06-15T19:55:11.505Z,63.174,11.970108985900879,-28.146739959716797,-31.17119598388672
1623786804793,2021-06-15T19:55:11.521Z,63.215,10.845108985900879,-27.084239959716797,-30.79619598388672
1623786804833,2021-06-15T19:55:11.535Z,63.255,11.970108985900879,-27.771739959716797,-31.60869598388672
1623786804872,2021-06-15T19:55:11.554Z,63.294,12.282608985900879,-27.771739959716797,-31.98369598388672
1623786804912,2021-06-15T19:55:11.564Z,63.334,12.282608985900879,-30.709239959716797,-31.60869598388672
1623786804953,2021-06-15T19:55:11.565Z,63.375,11.970108985900879,-30.709239959716797,-30.79619598388672
1623786804993,2021-06-15T19:55:11.581Z,63.415,10.845108985900879,-36.2717399597168,-32.79619598388672
1623786805032,2021-06-15T19:55:11.595Z,63.454,11.595108985900879,-35.1467399597168,-31.60869598388672
1623786805073,2021-06-15T19:55:11.609Z,63.495,11.970108985900879,-36.2717399597168,-31.60869598388672
1623786805113,2021-06-15T19:55:11.623Z,63.535,11.595108985900879,-31.084239959716797,-32.35869598388672
1623786805152,2021-06-15T19:55:11.654Z,63.574,11.220108985900879,-28.146739959716797,-30.79619598388672
1623786805193,2021-06-15T19:55:11.655Z,63.615,11.970108985900879,-27.771739959716797,-31.54619598388672
1623786805233,2021-06-15T19:55:11.670Z,63.655,12.657608985900879,-27.084239959716797,-31.98369598388672
1623786805272,2021-06-15T19:55:11.684Z,63.694,11.970108985900879,-26.709239959716797,-30.35869598388672
1623786805312,2021-06-15T19:55:11.699Z,63.734,12.657608985900879,-27.771739959716797,-31.98369598388672
1623786805353,2021-06-15T19:55:11.714Z,63.775,12.282608985900879,-27.771739959716797,-33.17119598388672
1623786805392,2021-06-15T19:55:11.715Z,63.814,10.845108985900879,-27.771739959716797,-31.98369598388672
1623786805432,2021-06-15T19:55:11.731Z,63.854,11.595108985900879,-28.146739959716797,-31.60869598388672
1623786805473,2021-06-15T19:55:11.745Z,63.895,11.220108985900879,-27.396739959716797,-32.79619598388672
1623786805513,2021-06-15T19:55:11.759Z,63.935,11.220108985900879,-27.771739959716797,-31.54619598388672
1623786805552,2021-06-15T19:55:11.774Z,63.974,13.032608985900879,-27.771739959716797,-30.79619598388672
1623786805593,2021-06-15T19:55:11.776Z,64.015,11.595108985900879,-27.771739959716797,-32.79619598388672
1623786805633,2021-06-15T19:55:11.790Z,64.055,12.282608985900879,-28.146739959716797,-30.35869598388672
1623786805672,2021-06-15T19:55:11.805Z,64.094,11.595108985900879,-26.709239959716797,-31.54619598388672
1623786805712,2021-06-15T19:55:11.819Z,64.134,11.220108985900879,-27.771739959716797,-32.35869598388672
1623786805753,2021-06-15T19:55:11.834Z,64.175,12.282608985900879,-27.396739959716797,-31.60869598388672
1623786805792,2021-06-15T19:55:11.848Z,64.214,10.845108985900879,-26.709239959716797,-31.54619598388672
1623786805832,2021-06-15T19:55:11.850Z,64.254,11.595108985900879,-27.084239959716797,-33.17119598388672
1623786805873,2021-06-15T19:55:11.864Z,64.295,11.970108985900879,-27.084239959716797,-30.35869598388672
1623786805912,2021-06-15T19:55:11.880Z,64.334,11.595108985900879,-27.396739959716797,-31.98369598388672
1623786805952,2021-06-15T19:55:11.895Z,64.374,10.470108985900879,-27.771739959716797,-31.54619598388672
1623786805993,2021-06-15T19:55:11.897Z,64.415,11.220108985900879,-27.771739959716797,-31.98369598388672
1623786806033,2021-06-15T19:55:11.910Z,64.455,11.220108985900879,-26.709239959716797,-31.60869598388672
1623786806072,2021-06-15T19:55:11.926Z,64.494,12.282608985900879,-27.396739959716797,-32.42119598388672
1623786806112,2021-06-15T19:55:11.939Z,64.534,11.595108985900879,-26.709239959716797,-31.60869598388672
1623786806153,2021-06-15T19:55:11.954Z,64.575,10.095108985900879,-27.396739959716797,-30.79619598388672
1623786806192,2021-06-15T19:55:11.955Z,64.614,13.032608985900879,-28.146739959716797,-32.79619598388672
1623786806232,2021-06-15T19:55:11.999Z,64.654,11.595108985900879,-28.146739959716797,-31.98369598388672
1623786806273,2021-06-15T19:55:12.014Z,64.695,12.282608985900879,-28.146739959716797,-30.42119598388672
1623786806312,2021-06-15T19:55:12.029Z,64.734,10.470108985900879,-28.146739959716797,-33.17119598388672
1623786806352,2021-06-15T19:55:12.043Z,64.774,11.220108985900879,-27.459239959716797,-31.98369598388672
1623786806391,2021-06-15T19:55:12.046Z,64.813,11.220108985900879,-27.084239959716797,-30.42119598388672
1623786806433,2021-06-15T19:55:12.060Z,64.855,10.845108985900879,-27.396739959716797,-30.79619598388672
1623786806472,2021-06-15T19:55:12.075Z,64.894,10.845108985900879,-28.146739959716797,-31.98369598388672
1623786806512,2021-06-15T19:55:12.089Z,64.934,11.595108985900879,-27.771739959716797,-31.23369598388672
1623786806553,2021-06-15T19:55:12.104Z,64.975,10.845108985900879,-28.521739959716797,-31.98369598388672
1623786806592,2021-06-15T19:55:12.105Z,65.014,11.220108985900879,-27.084239959716797,-30.35869598388672
1623786806632,2021-06-15T19:55:12.121Z,65.054,11.220108985900879,-26.709239959716797,-31.60869598388672
1623786806673,2021-06-15T19:55:12.135Z,65.095,11.220108985900879,-27.771739959716797,-31.98369598388672
1623786806712,2021-06-15T19:55:12.149Z,65.134,10.845108985900879,-27.396739959716797,-31.54619598388672
1623786806752,2021-06-15T19:55:12.163Z,65.174,12.657608985900879,-26.709239959716797,-30.79619598388672
1623786806793,2021-06-15T19:55:12.178Z,65.215,11.595108985900879,-27.771739959716797,-31.54619598388672
1623786806832,2021-06-15T19:55:12.181Z,65.254,10.095108985900879,-28.146739959716797,-30.35869598388672
1623786806872,2021-06-15T19:55:12.194Z,65.294,9.720108985900879,-28.521739959716797,-30.79619598388672
1623786806912,2021-06-15T19:55:12.209Z,65.334,13.407608985900879,-28.521739959716797,-31.60869598388672
1623786806953,2021-06-15T19:55:12.224Z,65.375,10.845108985900879,-28.146739959716797,-30.79619598388672
1623786806992,2021-06-15T19:55:12.226Z,65.414,12.282608985900879,-28.896739959716797,-29.98369598388672
1623786807032,2021-06-15T19:55:12.240Z,65.454,11.595108985900879,-28.146739959716797,-30.79619598388672
1623786807073,2021-06-15T19:55:12.256Z,65.495,10.845108985900879,-27.084239959716797,-30.79619598388672
1623786807112,2021-06-15T19:55:12.269Z,65.534,11.595108985900879,-28.521739959716797,-30.79619598388672
1623786807152,2021-06-15T19:55:12.283Z,65.574,10.095108985900879,-27.084239959716797,-32.42119598388672
1623786807191,2021-06-15T19:55:12.286Z,65.613,11.970108985900879,-26.709239959716797,-30.79619598388672
1623786807232,2021-06-15T19:55:12.300Z,65.654,11.220108985900879,-27.771739959716797,-30.79619598388672
1623786807272,2021-06-15T19:55:12.315Z,65.694,12.282608985900879,-27.084239959716797,-31.23369598388672
1623786807311,2021-06-15T19:55:12.329Z,65.733,13.407608985900879,-28.521739959716797,-30.04619598388672
1623786807352,2021-06-15T19:55:12.344Z,65.774,12.657608985900879,-30.396739959716797,-31.60869598388672
1623786807392,2021-06-15T19:55:12.359Z,65.814,11.970108985900879,-30.709239959716797,-31.92119598388672
1623786807432,2021-06-15T19:55:12.361Z,65.854,14.532608985900879,-33.3342399597168,-30.79619598388672
1623786807473,2021-06-15T19:55:12.375Z,65.895,11.970108985900879,-33.6467399597168,-30.79619598388672
1623786807512,2021-06-15T19:55:12.389Z,65.934,12.282608985900879,-32.2092399597168,-32.79619598388672
1623786807552,2021-06-15T19:55:12.406Z,65.974,11.220108985900879,-30.709239959716797,-31.54619598388672
1623786807591,2021-06-15T19:55:12.418Z,66.013,11.220108985900879,-28.521739959716797,-31.60869598388672
1623786807632,2021-06-15T19:55:12.422Z,66.054,13.407608985900879,-27.084239959716797,-33.17119598388672
1623786807672,2021-06-15T19:55:12.436Z,66.094,13.032608985900879,-27.771739959716797,-32.42119598388672
1623786807711,2021-06-15T19:55:12.450Z,66.133,11.970108985900879,-27.771739959716797,-31.60869598388672
1623786807752,2021-06-15T19:55:12.464Z,66.174,11.220108985900879,-28.146739959716797,-32.79619598388672
1623786807792,2021-06-15T19:55:12.478Z,66.214,11.595108985900879,-28.521739959716797,-32.42119598388672
1623786807831,2021-06-15T19:55:12.481Z,66.253,10.845108985900879,-27.771739959716797,-30.79619598388672
1623786807871,2021-06-15T19:55:12.496Z,66.293,10.095108985900879,-27.084239959716797,-33.23369598388672
1623786807912,2021-06-15T19:55:12.510Z,66.334,11.220108985900879,-27.396739959716797,-31.17119598388672
1623786807952,2021-06-15T19:55:12.524Z,66.374,13.032608985900879,-27.396739959716797,-31.98369598388672
1623786807991,2021-06-15T19:55:12.539Z,66.413,12.657608985900879,-27.396739959716797,-33.54619598388672
1623786808032,2021-06-15T19:55:12.554Z,66.454,11.595108985900879,-27.771739959716797,-32.42119598388672
1623786808072,2021-06-15T19:55:12.556Z,66.494,11.970108985900879,-28.896739959716797,-31.60869598388672
1623786808111,2021-06-15T19:55:12.572Z,66.533,10.845108985900879,-27.771739959716797,-32.42119598388672
1623786808152,2021-06-15T19:55:12.584Z,66.574,11.970108985900879,-27.771739959716797,-32.04619598388672
1623786808192,2021-06-15T19:55:12.599Z,66.614,12.282608985900879,-28.896739959716797,-31.98369598388672
1623786808231,2021-06-15T19:55:12.614Z,66.653,11.970108985900879,-29.271739959716797,-31.60869598388672
1623786808271,2021-06-15T19:55:12.616Z,66.693,11.220108985900879,-27.396739959716797,-31.54619598388672
1623786808312,2021-06-15T19:55:12.630Z,66.734,11.220108985900879,-29.271739959716797,-31.17119598388672
1623786808351,2021-06-15T19:55:12.645Z,66.773,11.220108985900879,-26.709239959716797,-32.79619598388672
1623786808391,2021-06-15T19:55:12.659Z,66.813,12.657608985900879,-27.396739959716797,-30.79619598388672
1623786808432,2021-06-15T19:55:12.674Z,66.854,13.407608985900879,-29.271739959716797,-33.17119598388672
1623786808472,2021-06-15T19:55:12.690Z,66.894,11.220108985900879,-27.396739959716797,-33.60869598388672
1623786808511,2021-06-15T19:55:12.691Z,66.933,10.470108985900879,-26.334239959716797,-31.60869598388672
1623786808551,2021-06-15T19:55:12.704Z,66.973,12.282608985900879,-31.834239959716797,-31.17119598388672
1623786808592,2021-06-15T19:55:12.718Z,67.014,12.345108985900879,-27.771739959716797,-32.73369598388672
1623786808631,2021-06-15T19:55:12.722Z,67.053,11.595108985900879,-30.709239959716797,-31.98369598388672
1623786808671,2021-06-15T19:55:12.737Z,67.093,11.220108985900879,-33.3342399597168,-31.54619598388672
1623786808712,2021-06-15T19:55:12.749Z,67.134,11.595108985900879,-28.146739959716797,-32.35869598388672
1623786808751,2021-06-15T19:55:12.763Z,67.173,12.657608985900879,-27.771739959716797,-31.60869598388672
1623786808791,2021-06-15T19:55:12.778Z,67.213,10.845108985900879,-34.0217399597168,-32.42119598388672
1623786808832,2021-06-15T19:55:12.781Z,67.254,10.845108985900879,-29.271739959716797,-33.60869598388672
1623786808871,2021-06-15T19:55:12.795Z,67.293,11.220108985900879,-28.896739959716797,-32.79619598388672
1623786808911,2021-06-15T19:55:12.811Z,67.333,14.157608985900879,-38.8342399597168,-31.60869598388672
1623786808951,2021-06-15T19:55:12.824Z,67.373,10.470108985900879,-29.271739959716797,-33.54619598388672
1623786808992,2021-06-15T19:55:12.839Z,67.414,13.407608985900879,-28.521739959716797,-31.23369598388672
1623786809031,2021-06-15T19:55:12.841Z,67.453,11.970108985900879,-39.9592399597168,-31.98369598388672
1623786809071,2021-06-15T19:55:12.855Z,67.493,10.470108985900879,-30.021739959716797,-33.98369598388672
1623786809112,2021-06-15T19:55:12.870Z,67.534,11.970108985900879,-28.146739959716797,-31.98369598388672
1623786809151,2021-06-15T19:55:12.884Z,67.573,11.220108985900879,-42.1467399597168,-31.98369598388672
1623786809191,2021-06-15T19:55:12.899Z,67.613,11.595108985900879,-28.896739959716797,-32.85869598388672
1623786809230,2021-06-15T19:55:12.901Z,67.652,11.220108985900879,-27.396739959716797,-31.17119598388672
1623786809271,2021-06-15T19:55:12.917Z,67.693,11.220108985900879,-41.7717399597168,-31.23369598388672
1623786809311,2021-06-15T19:55:12.930Z,67.733,11.220108985900879,-28.896739959716797,-32.79619598388672
1623786809350,2021-06-15T19:55:12.944Z,67.772,11.970108985900879,-29.271739959716797,-31.54619598388672
1623786809391,2021-06-15T19:55:12.990Z,67.813,13.032608985900879,-44.7092399597168,-31.17119598388672
1623786809431,2021-06-15T19:55:13.004Z,67.853,13.407608985900879,-28.521739959716797,-32.79619598388672
1623786809471,2021-06-15T19:55:13.008Z,67.893,12.282608985900879,-28.896739959716797,-31.98369598388672
1623786809512,2021-06-15T19:55:13.021Z,67.934,11.220108985900879,-42.5217399597168,-32.35869598388672
1623786809551,2021-06-15T19:55:13.035Z,67.973,13.032608985900879,-28.896739959716797,-33.54619598388672
1623786809591,2021-06-15T19:55:13.049Z,68.013,12.657608985900879,-28.896739959716797,-31.98369598388672
1623786809630,2021-06-15T19:55:13.064Z,68.052,13.782608985900879,-39.8967399597168,-31.54619598388672
1623786809671,2021-06-15T19:55:13.078Z,68.093,11.595108985900879,-36.9592399597168,-33.17119598388672
1623786809711,2021-06-15T19:55:13.081Z,68.133,10.845108985900879,-35.8967399597168,-31.98369598388672
1623786809750,2021-06-15T19:55:13.095Z,68.172,11.220108985900879,-43.2092399597168,-31.98369598388672
1623786809791,2021-06-15T19:55:13.110Z,68.213,10.470108985900879,-32.5842399597168,-33.17119598388672
1623786809831,2021-06-15T19:55:13.124Z,68.253,10.845108985900879,-29.646739959716797,-33.17119598388672
1623786809870,2021-06-15T19:55:13.139Z,68.292,10.845108985900879,-38.8342399597168,-31.98369598388672
1623786809910,2021-06-15T19:55:13.140Z,68.332,10.470108985900879,-29.646739959716797,-32.79619598388672
1623786809951,2021-06-15T19:55:13.156Z,68.373,11.220108985900879,-27.084239959716797,-33.17119598388672
1623786809991,2021-06-15T19:55:13.170Z,68.413,13.032608985900879,-40.2717399597168,-32.35869598388672
1623786810030,2021-06-15T19:55:13.184Z,68.452,13.782608985900879,-28.146739959716797,-33.98369598388672
1623786810071,2021-06-15T19:55:13.199Z,68.493,12.282608985900879,-27.084239959716797,-31.60869598388672
1623786810111,2021-06-15T19:55:13.214Z,68.533,10.470108985900879,-37.7092399597168,-32.42119598388672
1623786810150,2021-06-15T19:55:13.216Z,68.572,11.595108985900879,-27.084239959716797,-33.60869598388672
1623786810190,2021-06-15T19:55:13.230Z,68.612,12.282608985900879,-27.396739959716797,-33.17119598388672
1623786810231,2021-06-15T19:55:13.244Z,68.653,10.470108985900879,-38.4592399597168,-32.35869598388672
1623786810270,2021-06-15T19:55:13.259Z,68.692,11.595108985900879,-28.146739959716797,-33.17119598388672
1623786810310,2021-06-15T19:55:13.274Z,68.732,12.282608985900879,-28.146739959716797,-32.79619598388672
1623786810351,2021-06-15T19:55:13.276Z,68.773,10.095108985900879,-36.9592399597168,-34.42119598388672
1623786810391,2021-06-15T19:55:13.290Z,68.813,11.970108985900879,-28.521739959716797,-33.54619598388672
1623786810430,2021-06-15T19:55:13.305Z,68.852,11.595108985900879,-27.771739959716797,-32.79619598388672
1623786810471,2021-06-15T19:55:13.320Z,68.893,12.282608985900879,-35.5217399597168,-31.98369598388672
1623786810511,2021-06-15T19:55:13.333Z,68.933,11.970108985900879,-27.771739959716797,-33.23369598388672
1623786810550,2021-06-15T19:55:13.335Z,68.972,10.845108985900879,-28.146739959716797,-32.73369598388672
1623786810590,2021-06-15T19:55:13.352Z,69.012,11.220108985900879,-32.9592399597168,-32.79619598388672
1623786810631,2021-06-15T19:55:13.366Z,69.053,11.970108985900879,-27.771739959716797,-34.42119598388672
1623786810670,2021-06-15T19:55:13.381Z,69.092,12.282608985900879,-28.146739959716797,-32.42119598388672
1623786810710,2021-06-15T19:55:13.394Z,69.132,10.845108985900879,-30.709239959716797,-32.35869598388672
1623786810751,2021-06-15T19:55:13.408Z,69.173,11.595108985900879,-27.084239959716797,-33.98369598388672
1623786810790,2021-06-15T19:55:13.411Z,69.212,11.595108985900879,-27.396739959716797,-31.98369598388672
1623786810830,2021-06-15T19:55:13.425Z,69.252,12.282608985900879,-33.6467399597168,-33.54619598388672
1623786810871,2021-06-15T19:55:13.441Z,69.293,11.595108985900879,-28.896739959716797,-33.98369598388672
1623786810911,2021-06-15T19:55:13.454Z,69.333,10.845108985900879,-27.771739959716797,-32.35869598388672
1623786810950,2021-06-15T19:55:13.469Z,69.372,10.470108985900879,-30.021739959716797,-33.60869598388672
1623786810990,2021-06-15T19:55:13.484Z,69.412,11.595108985900879,-28.146739959716797,-33.17119598388672
1623786811031,2021-06-15T19:55:13.485Z,69.453,12.282608985900879,-27.771739959716797,-32.79619598388672
1623786811070,2021-06-15T19:55:13.501Z,69.492,11.595108985900879,-29.646739959716797,-32.79619598388672
1623786811110,2021-06-15T19:55:13.516Z,69.532,11.595108985900879,-27.771739959716797,-31.98369598388672
1623786811151,2021-06-15T19:55:13.530Z,69.573,11.970108985900879,-28.146739959716797,-32.35869598388672
1623786811190,2021-06-15T19:55:13.545Z,69.612,12.282608985900879,-29.271739959716797,-33.60869598388672
1623786811230,2021-06-15T19:55:13.546Z,69.652,12.282608985900879,-28.521739959716797,-32.79619598388672
1623786811269,2021-06-15T19:55:13.563Z,69.691,11.220108985900879,-26.709239959716797,-31.98369598388672
1623786811310,2021-06-15T19:55:13.574Z,69.732,13.032608985900879,-28.521739959716797,-32.42119598388672
1623786811350,2021-06-15T19:55:13.589Z,69.772,11.595108985900879,-28.146739959716797,-32.79619598388672
1623786811391,2021-06-15T19:55:13.604Z,69.813,11.595108985900879,-27.771739959716797,-33.17119598388672
1623786811431,2021-06-15T19:55:13.605Z,69.853,11.220108985900879,-28.146739959716797,-32.79619598388672
1623786811470,2021-06-15T19:55:13.620Z,69.892,12.657608985900879,-28.521739959716797,-33.17119598388672
1623786811510,2021-06-15T19:55:13.635Z,69.932,11.970108985900879,-27.771739959716797,-31.98369598388672
1623786811551,2021-06-15T19:55:13.650Z,69.973,13.782608985900879,-28.521739959716797,-32.79619598388672
1623786811590,2021-06-15T19:55:13.651Z,70.012,11.970108985900879,-29.271739959716797,-33.54619598388672
1623786811630,2021-06-15T19:55:13.665Z,70.052,9.720108985900879,-27.771739959716797,-32.42119598388672
1623786811669,2021-06-15T19:55:13.680Z,70.091,12.657608985900879,-28.146739959716797,-32.79619598388672
1623786811710,2021-06-15T19:55:13.694Z,70.132,10.845108985900879,-28.146739959716797,-32.79619598388672
1623786811750,2021-06-15T19:55:13.709Z,70.172,10.470108985900879,-28.146739959716797,-32.42119598388672
1623786811789,2021-06-15T19:55:13.715Z,70.211,13.407608985900879,-28.146739959716797,-32.79619598388672
1623786811830,2021-06-15T19:55:13.726Z,70.252,12.657608985900879,-27.771739959716797,-32.35869598388672
1623786811870,2021-06-15T19:55:13.740Z,70.292,11.220108985900879,-28.146739959716797,-31.17119598388672
1623786811910,2021-06-15T19:55:13.754Z,70.332,12.282608985900879,-28.521739959716797,-33.54619598388672
1623786811951,2021-06-15T19:55:13.769Z,70.373,11.595108985900879,-28.896739959716797,-33.54619598388672
1623786811990,2021-06-15T19:55:13.784Z,70.412,11.220108985900879,-29.646739959716797,-32.79619598388672
1623786812030,2021-06-15T19:55:13.787Z,70.452,11.970108985900879,-35.1467399597168,-33.60869598388672
1623786812069,2021-06-15T19:55:13.800Z,70.491,11.595108985900879,-33.6467399597168,-33.17119598388672
1623786812110,2021-06-15T19:55:13.816Z,70.532,10.095108985900879,-32.2092399597168,-31.23369598388672
1623786812150,2021-06-15T19:55:13.829Z,70.572,11.595108985900879,-30.396739959716797,-33.17119598388672
1623786812189,2021-06-15T19:55:13.844Z,70.611,11.970108985900879,-29.271739959716797,-33.98369598388672
1623786812230,2021-06-15T19:55:13.845Z,70.652,11.970108985900879,-27.459239959716797,-32.79619598388672
1623786812270,2021-06-15T19:55:13.861Z,70.692,12.282608985900879,-29.271739959716797,-33.60869598388672
1623786812309,2021-06-15T19:55:13.877Z,70.731,11.220108985900879,-28.521739959716797,-33.60869598388672
1623786812350,2021-06-15T19:55:13.891Z,70.772,12.282608985900879,-27.771739959716797,-32.35869598388672
1623786812390,2021-06-15T19:55:13.904Z,70.812,11.970108985900879,-27.396739959716797,-33.60869598388672
1623786812430,2021-06-15T19:55:13.918Z,70.852,10.470108985900879,-28.521739959716797,-34.35869598388672
1623786812469,2021-06-15T19:55:13.921Z,70.891,12.282608985900879,-27.771739959716797,-31.98369598388672
1623786812510,2021-06-15T19:55:13.935Z,70.932,11.595108985900879,-27.459239959716797,-32.42119598388672
1623786812550,2021-06-15T19:55:13.979Z,70.972,11.595108985900879,-28.146739959716797,-33.17119598388672
1623786812589,2021-06-15T19:55:13.993Z,71.011,12.657608985900879,-27.771739959716797,-32.35869598388672
1623786812630,2021-06-15T19:55:13.995Z,71.052,11.970108985900879,-28.521739959716797,-32.42119598388672
1623786812670,2021-06-15T19:55:14.010Z,71.092,12.657608985900879,-31.084239959716797,-33.98369598388672
1623786812709,2021-06-15T19:55:14.025Z,71.131,11.970108985900879,-28.521739959716797,-32.79619598388672
1623786812750,2021-06-15T19:55:14.041Z,71.172,11.595108985900879,-28.896739959716797,-32.79619598388672
1623786812790,2021-06-15T19:55:14.054Z,71.212,12.282608985900879,-28.896739959716797,-32.79619598388672
1623786812829,2021-06-15T19:55:14.068Z,71.251,11.595108985900879,-28.146739959716797,-31.98369598388672
1623786812869,2021-06-15T19:55:14.072Z,71.291,10.845108985900879,-28.896739959716797,-33.17119598388672
1623786812910,2021-06-15T19:55:14.086Z,71.332,10.845108985900879,-27.396739959716797,-33.98369598388672
1623786812950,2021-06-15T19:55:14.099Z,71.372,11.595108985900879,-28.146739959716797,-31.17119598388672
1623786812989,2021-06-15T19:55:14.114Z,71.411,11.220108985900879,-28.896739959716797,-33.60869598388672
1623786813030,2021-06-15T19:55:14.129Z,71.452,12.345108985900879,-28.146739959716797,-32.35869598388672
1623786813070,2021-06-15T19:55:14.132Z,71.492,12.282608985900879,-28.146739959716797,-31.98369598388672
1623786813109,2021-06-15T19:55:14.145Z,71.531,10.845108985900879,-29.646739959716797,-33.98369598388672
1623786813150,2021-06-15T19:55:14.160Z,71.572,10.095108985900879,-28.896739959716797,-33.17119598388672
1623786813190,2021-06-15T19:55:14.174Z,71.612,10.845108985900879,-29.271739959716797,-33.17119598388672
1623786813229,2021-06-15T19:55:14.189Z,71.651,11.220108985900879,-31.459239959716797,-35.98369598388672
1623786813270,2021-06-15T19:55:14.191Z,71.692,12.282608985900879,-30.396739959716797,-34.79619598388672
1623786813310,2021-06-15T19:55:14.206Z,71.732,11.595108985900879,-29.271739959716797,-35.17119598388672
1623786813350,2021-06-15T19:55:14.220Z,71.772,10.470108985900879,-31.459239959716797,-35.17119598388672
1623786813389,2021-06-15T19:55:14.234Z,71.811,9.032608985900879,-30.709239959716797,-34.79619598388672
1623786813430,2021-06-15T19:55:14.248Z,71.852,11.970108985900879,-30.709239959716797,-34.04619598388672
1623786813470,2021-06-15T19:55:14.264Z,71.892,9.345108985900879,-31.459239959716797,-34.42119598388672
1623786813509,2021-06-15T19:55:14.265Z,71.931,10.095108985900879,-31.459239959716797,-36.04619598388672
1623786813550,2021-06-15T19:55:14.280Z,71.972,9.345108985900879,-30.709239959716797,-33.60869598388672
1623786813590,2021-06-15T19:55:14.294Z,72.012,10.470108985900879,-31.084239959716797,-34.42119598388672
1623786813629,2021-06-15T19:55:14.310Z,72.051,8.657608985900879,-30.396739959716797,-32.79619598388672
1623786813670,2021-06-15T19:55:14.324Z,72.092,10.470108985900879,-32.2092399597168,-31.98369598388672
1623786813710,2021-06-15T19:55:14.326Z,72.132,9.032608985900879,-31.084239959716797,-33.17119598388672
1623786813749,2021-06-15T19:55:14.341Z,72.171,9.032608985900879,-31.084239959716797,-32.79619598388672
1623786813789,2021-06-15T19:55:14.356Z,72.211,11.595108985900879,-31.084239959716797,-32.42119598388672
1623786813830,2021-06-15T19:55:14.369Z,72.252,11.595108985900879,-30.709239959716797,-33.17119598388672
1623786813870,2021-06-15T19:55:14.383Z,72.292,9.720108985900879,-31.084239959716797,-33.98369598388672
1623786813911,2021-06-15T19:55:14.398Z,72.333,10.095108985900879,-31.459239959716797,-31.17119598388672
1623786813950,2021-06-15T19:55:14.400Z,72.372,10.845108985900879,-31.834239959716797,-33.60869598388672
1623786813990,2021-06-15T19:55:14.415Z,72.412,10.845108985900879,-36.6467399597168,-33.60869598388672
1623786814029,2021-06-15T19:55:14.429Z,72.451,10.095108985900879,-30.396739959716797,-29.98369598388672
1623786814070,2021-06-15T19:55:14.444Z,72.492,9.720108985900879,-30.709239959716797,-32.79619598388672
1623786814110,2021-06-15T19:55:14.446Z,72.532,11.220108985900879,-30.396739959716797,-31.98369598388672
1623786814149,2021-06-15T19:55:14.461Z,72.571,10.470108985900879,-30.709239959716797,-30.79619598388672
1623786814189,2021-06-15T19:55:14.476Z,72.611,10.470108985900879,-30.021739959716797,-33.17119598388672
1623786814230,2021-06-15T19:55:14.490Z,72.652,9.345108985900879,-31.834239959716797,-33.98369598388672
1623786814269,2021-06-15T19:55:14.504Z,72.691,9.720108985900879,-30.709239959716797,-32.79619598388672
1623786814309,2021-06-15T19:55:14.518Z,72.731,10.845108985900879,-31.084239959716797,-33.98369598388672
1623786814350,2021-06-15T19:55:14.521Z,72.772,10.095108985900879,-30.709239959716797,-33.54619598388672
1623786814390,2021-06-15T19:55:14.536Z,72.812,10.095108985900879,-32.5842399597168,-31.60869598388672
1623786814429,2021-06-15T19:55:14.550Z,72.851,11.220108985900879,-35.1467399597168,-31.98369598388672
1623786814470,2021-06-15T19:55:14.565Z,72.892,11.970108985900879,-39.2092399597168,-32.79619598388672
1623786814510,2021-06-15T19:55:14.580Z,72.932,11.220108985900879,-37.3342399597168,-31.60869598388672
1623786814549,2021-06-15T19:55:14.594Z,72.971,11.220108985900879,-35.5217399597168,-33.17119598388672
1623786814589,2021-06-15T19:55:14.595Z,73.011,11.595108985900879,-32.2092399597168,-33.17119598388672
1623786814630,2021-06-15T19:55:14.611Z,73.052,10.095108985900879,-31.084239959716797,-31.60869598388672
1623786814669,2021-06-15T19:55:14.625Z,73.091,9.345108985900879,-31.084239959716797,-33.17119598388672
1623786814709,2021-06-15T19:55:14.640Z,73.131,11.970108985900879,-31.084239959716797,-34.42119598388672
1623786814750,2021-06-15T19:55:14.654Z,73.172,11.220108985900879,-30.396739959716797,-33.60869598388672
1623786814789,2021-06-15T19:55:14.656Z,73.211,10.470108985900879,-30.396739959716797,-32.42119598388672
1623786814829,2021-06-15T19:55:14.670Z,73.251,11.970108985900879,-30.709239959716797,-34.35869598388672
1623786814870,2021-06-15T19:55:14.685Z,73.292,10.470108985900879,-30.709239959716797,-31.60869598388672
1623786814910,2021-06-15T19:55:14.700Z,73.332,9.720108985900879,-31.459239959716797,-34.42119598388672
1623786814949,2021-06-15T19:55:14.714Z,73.371,10.845108985900879,-30.709239959716797,-34.42119598388672
1623786814990,2021-06-15T19:55:14.716Z,73.412,10.845108985900879,-30.396739959716797,-32.79619598388672
1623786815030,2021-06-15T19:55:14.732Z,73.452,10.470108985900879,-30.709239959716797,-33.17119598388672
1623786815069,2021-06-15T19:55:14.745Z,73.491,11.970108985900879,-30.021739959716797,-33.60869598388672
1623786815109,2021-06-15T19:55:14.759Z,73.531,11.220108985900879,-30.709239959716797,-33.17119598388672
1623786815150,2021-06-15T19:55:14.774Z,73.572,11.970108985900879,-30.396739959716797,-33.60869598388672
1623786815189,2021-06-15T19:55:14.789Z,73.611,11.595108985900879,-29.646739959716797,-34.35869598388672
1623786815229,2021-06-15T19:55:14.791Z,73.651,10.470108985900879,-30.021739959716797,-34.04619598388672
1623786815270,2021-06-15T19:55:14.805Z,73.692,11.220108985900879,-30.709239959716797,-32.42119598388672
1623786815309,2021-06-15T19:55:14.820Z,73.731,11.595108985900879,-30.021739959716797,-34.42119598388672
1623786815349,2021-06-15T19:55:14.834Z,73.771,10.845108985900879,-30.396739959716797,-33.23369598388672
1623786815390,2021-06-15T19:55:14.849Z,73.812,9.720108985900879,-32.2092399597168,-32.79619598388672
1623786815430,2021-06-15T19:55:14.850Z,73.852,10.470108985900879,-30.396739959716797,-34.79619598388672
1623786815469,2021-06-15T19:55:14.866Z,73.891,10.845108985900879,-29.646739959716797,-33.17119598388672
1623786815509,2021-06-15T19:55:14.881Z,73.931,11.595108985900879,-31.084239959716797,-33.98369598388672
1623786815550,2021-06-15T19:55:14.894Z,73.972,10.845108985900879,-30.709239959716797,-35.17119598388672
1623786815589,2021-06-15T19:55:14.909Z,74.011,9.720108985900879,-30.709239959716797,-34.73369598388672
1623786815629,2021-06-15T19:55:14.924Z,74.051,10.470108985900879,-31.084239959716797,-34.79619598388672
1623786815670,2021-06-15T19:55:14.926Z,74.092,10.095108985900879,-29.271739959716797,-34.35869598388672
1623786815709,2021-06-15T19:55:14.970Z,74.131,11.595108985900879,-31.084239959716797,-34.42119598388672
1623786815749,2021-06-15T19:55:14.984Z,74.171,11.220108985900879,-30.396739959716797,-33.98369598388672
1623786815790,2021-06-15T19:55:14.999Z,74.212,9.720108985900879,-31.084239959716797,-34.73369598388672
1623786815829,2021-06-15T19:55:15.001Z,74.251,10.470108985900879,-28.896739959716797,-33.17119598388672
1623786815869,2021-06-15T19:55:15.016Z,74.291,10.095108985900879,-29.271739959716797,-34.42119598388672
1623786815909,2021-06-15T19:55:15.030Z,74.331,9.720108985900879,-30.709239959716797,-34.42119598388672
1623786815950,2021-06-15T19:55:15.044Z,74.372,12.282608985900879,-29.646739959716797,-33.17119598388672
1623786815989,2021-06-15T19:55:15.059Z,74.411,9.720108985900879,-30.021739959716797,-32.79619598388672
1623786816029,2021-06-15T19:55:15.074Z,74.451,11.220108985900879,-30.709239959716797,-32.79619598388672
1623786816070,2021-06-15T19:55:15.076Z,74.492,10.470108985900879,-31.459239959716797,-33.60869598388672
1623786816109,2021-06-15T19:55:15.090Z,74.531,10.095108985900879,-30.021739959716797,-33.98369598388672
1623786816149,2021-06-15T19:55:15.104Z,74.571,10.845108985900879,-29.646739959716797,-34.35869598388672
1623786816190,2021-06-15T19:55:15.119Z,74.612,10.845108985900879,-29.646739959716797,-33.54619598388672
1623786816229,2021-06-15T19:55:15.121Z,74.651,9.720108985900879,-30.709239959716797,-33.54619598388672
1623786816269,2021-06-15T19:55:15.135Z,74.691,11.220108985900879,-30.021739959716797,-33.54619598388672
1623786816310,2021-06-15T19:55:15.150Z,74.732,10.470108985900879,-29.271739959716797,-33.60869598388672
1623786816350,2021-06-15T19:55:15.165Z,74.772,9.720108985900879,-30.396739959716797,-34.42119598388672
1623786816389,2021-06-15T19:55:15.166Z,74.811,11.595108985900879,-29.271739959716797,-33.98369598388672
1623786816429,2021-06-15T19:55:15.180Z,74.851,10.845108985900879,-29.646739959716797,-32.79619598388672
1623786816470,2021-06-15T19:55:15.195Z,74.892,11.595108985900879,-30.021739959716797,-33.98369598388672
1623786816509,2021-06-15T19:55:15.210Z,74.931,11.595108985900879,-30.396739959716797,-35.17119598388672
1623786816549,2021-06-15T19:55:15.224Z,74.971,13.032608985900879,-29.271739959716797,-32.35869598388672
1623786816590,2021-06-15T19:55:15.225Z,75.012,10.845108985900879,-32.2092399597168,-33.98369598388672
1623786816629,2021-06-15T19:55:15.241Z,75.051,11.595108985900879,-29.271739959716797,-34.73369598388672
1623786816669,2021-06-15T19:55:15.255Z,75.091,10.845108985900879,-30.021739959716797,-33.17119598388672
1623786816710,2021-06-15T19:55:15.269Z,75.132,10.095108985900879,-30.021739959716797,-33.98369598388672
1623786816749,2021-06-15T19:55:15.284Z,75.171,8.282608985900879,-29.646739959716797,-33.98369598388672
1623786816789,2021-06-15T19:55:15.299Z,75.211,11.970108985900879,-28.896739959716797,-33.17119598388672
1623786816829,2021-06-15T19:55:15.301Z,75.251,9.032608985900879,-30.709239959716797,-35.60869598388672
1623786816870,2021-06-15T19:55:15.319Z,75.292,10.470108985900879,-29.646739959716797,-34.79619598388672
1623786816909,2021-06-15T19:55:15.329Z,75.331,11.220108985900879,-30.709239959716797,-32.42119598388672
1623786816949,2021-06-15T19:55:15.344Z,75.371,9.720108985900879,-36.9592399597168,-34.79619598388672
1623786816990,2021-06-15T19:55:15.358Z,75.412,10.095108985900879,-35.5217399597168,-34.35869598388672
1623786817029,2021-06-15T19:55:15.360Z,75.451,9.345108985900879,-32.9592399597168,-33.17119598388672
1623786817069,2021-06-15T19:55:15.375Z,75.491,9.032608985900879,-32.9592399597168,-35.17119598388672
1623786817110,2021-06-15T19:55:15.390Z,75.532,11.220108985900879,-31.084239959716797,-34.73369598388672
1623786817149,2021-06-15T19:55:15.404Z,75.571,9.345108985900879,-28.896739959716797,-34.35869598388672
1623786817189,2021-06-15T19:55:15.418Z,75.611,8.657608985900879,-28.896739959716797,-34.73369598388672
1623786817228,2021-06-15T19:55:15.421Z,75.65,9.720108985900879,-31.834239959716797,-34.35869598388672
1623786817269,2021-06-15T19:55:15.436Z,75.691,10.470108985900879,-30.709239959716797,-33.60869598388672
1623786817309,2021-06-15T19:55:15.450Z,75.731,8.282608985900879,-30.396739959716797,-34.42119598388672
1623786817349,2021-06-15T19:55:15.465Z,75.771,11.595108985900879,-30.021739959716797,-34.42119598388672
1623786817390,2021-06-15T19:55:15.478Z,75.812,10.845108985900879,-30.021739959716797,-33.98369598388672
1623786817429,2021-06-15T19:55:15.493Z,75.851,9.032608985900879,-30.709239959716797,-35.98369598388672
1623786817469,2021-06-15T19:55:15.496Z,75.891,10.470108985900879,-30.709239959716797,-34.35869598388672
1623786817510,2021-06-15T19:55:15.510Z,75.932,11.970108985900879,-30.021739959716797,-33.98369598388672
1623786817549,2021-06-15T19:55:15.524Z,75.971,9.720108985900879,-31.459239959716797,-34.73369598388672
1623786817589,2021-06-15T19:55:15.539Z,76.011,10.845108985900879,-29.646739959716797,-35.54619598388672
1623786817628,2021-06-15T19:55:15.554Z,76.05,11.595108985900879,-29.646739959716797,-34.79619598388672
1623786817669,2021-06-15T19:55:15.555Z,76.091,9.345108985900879,-30.021739959716797,-34.35869598388672
1623786817709,2021-06-15T19:55:15.572Z,76.131,8.657608985900879,-28.521739959716797,-35.17119598388672
1623786817748,2021-06-15T19:55:15.587Z,76.17,9.720108985900879,-29.646739959716797,-33.98369598388672
1623786817789,2021-06-15T19:55:15.599Z,76.211,10.845108985900879,-30.396739959716797,-34.79619598388672
1623786817829,2021-06-15T19:55:15.613Z,76.251,10.470108985900879,-31.084239959716797,-33.98369598388672
1623786817869,2021-06-15T19:55:15.628Z,76.291,10.095108985900879,-29.646739959716797,-33.60869598388672
1623786817910,2021-06-15T19:55:15.631Z,76.332,9.032608985900879,-32.5842399597168,-33.98369598388672
1623786817949,2021-06-15T19:55:15.645Z,76.371,10.845108985900879,-30.396739959716797,-35.23369598388672
1623786817989,2021-06-15T19:55:15.660Z,76.411,11.220108985900879,-30.396739959716797,-34.79619598388672
1623786818028,2021-06-15T19:55:15.675Z,76.45,9.032608985900879,-31.834239959716797,-36.42119598388672
1623786818069,2021-06-15T19:55:15.690Z,76.491,11.595108985900879,-28.896739959716797,-34.79619598388672
1623786818109,2021-06-15T19:55:15.704Z,76.531,11.220108985900879,-29.646739959716797,-33.98369598388672
1623786818148,2021-06-15T19:55:15.708Z,76.57,12.282608985900879,-30.021739959716797,-35.17119598388672
1623786818189,2021-06-15T19:55:15.721Z,76.611,9.720108985900879,-30.021739959716797,-34.42119598388672
1623786818229,2021-06-15T19:55:15.736Z,76.651,10.095108985900879,-29.646739959716797,-33.17119598388672
1623786818268,2021-06-15T19:55:15.749Z,76.69,10.095108985900879,-31.084239959716797,-34.73369598388672
1623786818308,2021-06-15T19:55:15.764Z,76.73,11.220108985900879,-29.646739959716797,-35.60869598388672
1623786818349,2021-06-15T19:55:15.779Z,76.771,10.095108985900879,-32.9592399597168,-34.42119598388672
1623786818389,2021-06-15T19:55:15.781Z,76.811,10.845108985900879,-30.021739959716797,-35.17119598388672
1623786818428,2021-06-15T19:55:15.795Z,76.85,10.845108985900879,-30.709239959716797,-34.42119598388672
1623786818469,2021-06-15T19:55:15.809Z,76.891,11.595108985900879,-30.709239959716797,-35.17119598388672
1623786818509,2021-06-15T19:55:15.827Z,76.931,12.657608985900879,-31.084239959716797,-36.04619598388672
1623786818548,2021-06-15T19:55:15.839Z,76.97,11.220108985900879,-30.021739959716797,-34.42119598388672
1623786818589,2021-06-15T19:55:15.842Z,77.011,11.220108985900879,-29.646739959716797,-33.98369598388672
1623786818629,2021-06-15T19:55:15.855Z,77.051,11.595108985900879,-31.084239959716797,-33.98369598388672
1623786818668,2021-06-15T19:55:15.870Z,77.09,11.220108985900879,-30.709239959716797,-33.17119598388672
1623786818709,2021-06-15T19:55:15.885Z,77.131,11.220108985900879,-30.396739959716797,-33.98369598388672
1623786818749,2021-06-15T19:55:15.899Z,77.171,9.032608985900879,-29.646739959716797,-33.98369598388672
1623786818788,2021-06-15T19:55:15.902Z,77.21,11.220108985900879,-30.021739959716797,-33.60869598388672
1623786818828,2021-06-15T19:55:15.914Z,77.25,10.845108985900879,-30.396739959716797,-33.60869598388672
1623786818869,2021-06-15T19:55:15.928Z,77.291,9.345108985900879,-29.271739959716797,-34.79619598388672
1623786818909,2021-06-15T19:55:15.960Z,77.331,12.282608985900879,-28.896739959716797,-34.42119598388672
1623786818948,2021-06-15T19:55:15.975Z,77.37,9.345108985900879,-30.396739959716797,-33.60869598388672
1623786818989,2021-06-15T19:55:15.990Z,77.411,11.220108985900879,-30.709239959716797,-35.17119598388672
1623786819029,2021-06-15T19:55:16.004Z,77.451,10.095108985900879,-29.271739959716797,-33.98369598388672
1623786819068,2021-06-15T19:55:16.019Z,77.49,9.032608985900879,-30.709239959716797,-32.42119598388672
1623786819108,2021-06-15T19:55:16.021Z,77.53,11.595108985900879,-30.709239959716797,-34.79619598388672
1623786819149,2021-06-15T19:55:16.035Z,77.571,10.095108985900879,-30.021739959716797,-33.98369598388672
1623786819188,2021-06-15T19:55:16.050Z,77.61,10.845108985900879,-31.084239959716797,-33.17119598388672
1623786819228,2021-06-15T19:55:16.064Z,77.65,10.470108985900879,-33.3342399597168,-35.17119598388672
1623786819269,2021-06-15T19:55:16.079Z,77.691,9.345108985900879,-32.2092399597168,-33.60869598388672
1623786819308,2021-06-15T19:55:16.081Z,77.73,9.720108985900879,-36.2717399597168,-34.35869598388672
1623786819348,2021-06-15T19:55:16.096Z,77.77,10.845108985900879,-38.0842399597168,-34.35869598388672
1623786819389,2021-06-15T19:55:16.110Z,77.811,9.032608985900879,-35.1467399597168,-33.98369598388672
1623786819429,2021-06-15T19:55:16.125Z,77.851,10.845108985900879,-32.2092399597168,-33.98369598388672
1623786819468,2021-06-15T19:55:16.138Z,77.89,11.220108985900879,-30.021739959716797,-34.73369598388672
1623786819508,2021-06-15T19:55:16.153Z,77.93,11.595108985900879,-30.021739959716797,-34.35869598388672
1623786819549,2021-06-15T19:55:16.155Z,77.971,11.220108985900879,-30.396739959716797,-32.79619598388672
1623786819588,2021-06-15T19:55:16.170Z,78.01,11.220108985900879,-29.271739959716797,-34.79619598388672
1623786819628,2021-06-15T19:55:16.184Z,78.05,11.970108985900879,-30.021739959716797,-35.17119598388672
1623786819669,2021-06-15T19:55:16.199Z,78.091,10.470108985900879,-30.021739959716797,-33.98369598388672
1623786819708,2021-06-15T19:55:16.214Z,78.13,9.345108985900879,-29.271739959716797,-34.73369598388672
1623786819748,2021-06-15T19:55:16.216Z,78.17,9.720108985900879,-29.646739959716797,-33.98369598388672
1623786819789,2021-06-15T19:55:16.230Z,78.211,10.095108985900879,-29.646739959716797,-33.17119598388672
1623786819829,2021-06-15T19:55:16.245Z,78.251,10.845108985900879,-30.021739959716797,-34.79619598388672
1623786819868,2021-06-15T19:55:16.260Z,78.29,10.845108985900879,-28.896739959716797,-34.79619598388672
1623786819908,2021-06-15T19:55:16.274Z,78.33,10.845108985900879,-29.646739959716797,-33.60869598388672
1623786819949,2021-06-15T19:55:16.288Z,78.371,11.220108985900879,-30.021739959716797,-35.98369598388672
1623786819988,2021-06-15T19:55:16.303Z,78.41,10.845108985900879,-30.396739959716797,-33.98369598388672
1623786820028,2021-06-15T19:55:16.306Z,78.45,12.282608985900879,-30.021739959716797,-33.98369598388672
1623786820069,2021-06-15T19:55:16.320Z,78.491,11.595108985900879,-30.021739959716797,-35.60869598388672
1623786820108,2021-06-15T19:55:16.334Z,78.53,12.282608985900879,-30.396739959716797,-33.60869598388672
1623786820148,2021-06-15T19:55:16.349Z,78.57,13.032608985900879,-29.646739959716797,-33.98369598388672
1623786820189,2021-06-15T19:55:16.364Z,78.611,9.345108985900879,-29.646739959716797,-34.73369598388672
1623786820228,2021-06-15T19:55:16.366Z,78.65,10.095108985900879,-30.021739959716797,-35.17119598388672
1623786820268,2021-06-15T19:55:16.380Z,78.69,11.220108985900879,-30.396739959716797,-33.92119598388672
1623786820308,2021-06-15T19:55:16.395Z,78.73,11.595108985900879,-30.021739959716797,-34.35869598388672
1623786820349,2021-06-15T19:55:16.409Z,78.771,12.282608985900879,-29.271739959716797,-33.98369598388672
1623786820388,2021-06-15T19:55:16.424Z,78.81,11.220108985900879,-29.646739959716797,-34.42119598388672
1623786820428,2021-06-15T19:55:16.426Z,78.85,10.845108985900879,-29.271739959716797,-35.17119598388672
1623786820469,2021-06-15T19:55:16.443Z,78.891,11.595108985900879,-30.021739959716797,-33.98369598388672
1623786820508,2021-06-15T19:55:16.457Z,78.93,11.595108985900879,-30.709239959716797,-33.17119598388672
1623786820548,2021-06-15T19:55:16.469Z,78.97,11.970108985900879,-30.021739959716797,-33.98369598388672
1623786820589,2021-06-15T19:55:16.485Z,79.011,10.095108985900879,-30.709239959716797,-33.54619598388672
1623786820628,2021-06-15T19:55:16.499Z,79.05,11.220108985900879,-30.021739959716797,-34.35869598388672
1623786820668,2021-06-15T19:55:16.501Z,79.09,11.595108985900879,-30.396739959716797,-35.17119598388672
1623786820709,2021-06-15T19:55:16.515Z,79.131,9.345108985900879,-30.021739959716797,-34.35869598388672
1623786820748,2021-06-15T19:55:16.531Z,79.17,10.095108985900879,-28.896739959716797,-35.17119598388672
1623786820788,2021-06-15T19:55:16.544Z,79.21,10.470108985900879,-29.646739959716797,-34.73369598388672
1623786820829,2021-06-15T19:55:16.559Z,79.251,10.095108985900879,-29.646739959716797,-34.35869598388672
1623786820869,2021-06-15T19:55:16.561Z,79.291,9.345108985900879,-29.271739959716797,-34.42119598388672
1623786820908,2021-06-15T19:55:16.576Z,79.33,10.470108985900879,-28.896739959716797,-34.79619598388672
1623786820948,2021-06-15T19:55:16.590Z,79.37,11.595108985900879,-31.084239959716797,-33.98369598388672
1623786820989,2021-06-15T19:55:16.604Z,79.411,11.220108985900879,-28.896739959716797,-33.60869598388672
1623786821028,2021-06-15T19:55:16.619Z,79.45,9.720108985900879,-29.646739959716797,-34.04619598388672
1623786821069,2021-06-15T19:55:16.635Z,79.491,11.220108985900879,-30.709239959716797,-33.17119598388672
1623786821109,2021-06-15T19:55:16.637Z,79.531,10.095108985900879,-30.021739959716797,-33.98369598388672
1623786821148,2021-06-15T19:55:16.650Z,79.57,11.220108985900879,-29.646739959716797,-34.35869598388672
1623786821189,2021-06-15T19:55:16.665Z,79.611,11.595108985900879,-29.646739959716797,-33.23369598388672
1623786821227,2021-06-15T19:55:16.680Z,79.649,11.220108985900879,-28.896739959716797,-31.98369598388672
1623786821268,2021-06-15T19:55:16.681Z,79.69,11.970108985900879,-30.396739959716797,-35.17119598388672
1623786821308,2021-06-15T19:55:16.697Z,79.73,9.720108985900879,-30.021739959716797,-33.17119598388672
1623786821348,2021-06-15T19:55:16.709Z,79.77,11.220108985900879,-30.709239959716797,-33.54619598388672
1623786821389,2021-06-15T19:55:16.724Z,79.811,11.595108985900879,-29.646739959716797,-35.17119598388672
1623786821428,2021-06-15T19:55:16.739Z,79.85,12.657608985900879,-31.459239959716797,-34.35869598388672
1623786821468,2021-06-15T19:55:16.741Z,79.89,11.970108985900879,-30.021739959716797,-33.54619598388672
1623786821507,2021-06-15T19:55:16.755Z,79.929,11.970108985900879,-30.396739959716797,-35.17119598388672
1623786821548,2021-06-15T19:55:16.770Z,79.97,9.720108985900879,-30.396739959716797,-33.17119598388672
1623786821588,2021-06-15T19:55:16.785Z,80.01,10.095108985900879,-30.396739959716797,-33.98369598388672
1623786821627,2021-06-15T19:55:16.799Z,80.049,12.282608985900879,-29.646739959716797,-35.17119598388672
1623786821668,2021-06-15T19:55:16.801Z,80.09,10.470108985900879,-31.084239959716797,-33.60869598388672
1623786821708,2021-06-15T19:55:16.816Z,80.13,11.970108985900879,-36.9592399597168,-33.98369598388672
1623786821747,2021-06-15T19:55:16.830Z,80.169,11.220108985900879,-38.8342399597168,-35.17119598388672
1623786821788,2021-06-15T19:55:16.845Z,80.21,10.470108985900879,-37.7092399597168,-33.60869598388672
1623786821828,2021-06-15T19:55:16.860Z,80.25,9.720108985900879,-34.3967399597168,-34.79619598388672
1623786821868,2021-06-15T19:55:16.874Z,80.29,13.032608985900879,-29.271739959716797,-34.42119598388672
1623786821907,2021-06-15T19:55:16.876Z,80.329,11.970108985900879,-30.396739959716797,-34.73369598388672
1623786821948,2021-06-15T19:55:16.891Z,80.37,9.345108985900879,-29.646739959716797,-33.98369598388672
1623786821988,2021-06-15T19:55:16.905Z,80.41,11.220108985900879,-28.896739959716797,-34.35869598388672
1623786822027,2021-06-15T19:55:16.919Z,80.449,11.970108985900879,-29.271739959716797,-32.79619598388672
1623786822068,2021-06-15T19:55:16.979Z,80.49,10.470108985900879,-28.896739959716797,-33.60869598388672
1623786822108,2021-06-15T19:55:16.981Z,80.53,10.095108985900879,-30.396739959716797,-33.98369598388672
1623786822147,2021-06-15T19:55:16.995Z,80.569,10.470108985900879,-30.021739959716797,-33.92119598388672
1623786822188,2021-06-15T19:55:17.009Z,80.61,9.345108985900879,-29.646739959716797,-33.54619598388672
1623786822228,2021-06-15T19:55:17.024Z,80.65,9.032608985900879,-28.521739959716797,-34.35869598388672
1623786822267,2021-06-15T19:55:17.039Z,80.689,10.845108985900879,-28.146739959716797,-33.60869598388672
1623786822307,2021-06-15T19:55:17.041Z,80.729,10.470108985900879,-28.896739959716797,-33.54619598388672
1623786822348,2021-06-15T19:55:17.056Z,80.77,9.720108985900879,-30.021739959716797,-35.60869598388672
1623786822388,2021-06-15T19:55:17.070Z,80.81,10.095108985900879,-30.396739959716797,-33.98369598388672
1623786822427,2021-06-15T19:55:17.085Z,80.849,9.720108985900879,-28.521739959716797,-34.73369598388672
1623786822468,2021-06-15T19:55:17.099Z,80.89,10.470108985900879,-30.021739959716797,-34.35869598388672
1623786822508,2021-06-15T19:55:17.101Z,80.93,10.470108985900879,-29.271739959716797,-34.35869598388672
1623786822547,2021-06-15T19:55:17.116Z,80.969,10.845108985900879,-29.646739959716797,-33.17119598388672
1623786822588,2021-06-15T19:55:17.131Z,81.01,11.595108985900879,-28.896739959716797,-35.98369598388672
1623786822628,2021-06-15T19:55:17.132Z,81.05,10.095108985900879,-29.271739959716797,-33.60869598388672
1623786822667,2021-06-15T19:55:17.145Z,81.089,10.845108985900879,-29.646739959716797,-32.79619598388672
1623786822708,2021-06-15T19:55:17.160Z,81.13,12.345108985900879,-30.021739959716797,-35.17119598388672
1623786822748,2021-06-15T19:55:17.174Z,81.17,9.720108985900879,-30.396739959716797,-34.35869598388672
1623786822787,2021-06-15T19:55:17.189Z,81.209,12.282608985900879,-30.021739959716797,-33.98369598388672
1623786822827,2021-06-15T19:55:17.191Z,81.249,10.845108985900879,-28.896739959716797,-35.17119598388672
1623786822868,2021-06-15T19:55:17.206Z,81.29,11.220108985900879,-30.021739959716797,-33.98369598388672
1623786822908,2021-06-15T19:55:17.222Z,81.33,10.845108985900879,-29.646739959716797,-32.79619598388672
1623786822947,2021-06-15T19:55:17.239Z,81.369,10.845108985900879,-29.646739959716797,-34.79619598388672
1623786822988,2021-06-15T19:55:17.249Z,81.41,11.595108985900879,-28.896739959716797,-34.42119598388672
1623786823028,2021-06-15T19:55:17.263Z,81.45,9.032608985900879,-29.271739959716797,-32.79619598388672
1623786823067,2021-06-15T19:55:17.266Z,81.489,10.470108985900879,-30.021739959716797,-35.17119598388672
1623786823108,2021-06-15T19:55:17.280Z,81.53,9.720108985900879,-29.646739959716797,-33.17119598388672
1623786823148,2021-06-15T19:55:17.295Z,81.57,11.970108985900879,-29.646739959716797,-33.98369598388672
1623786823187,2021-06-15T19:55:17.309Z,81.609,11.220108985900879,-31.084239959716797,-34.42119598388672
1623786823227,2021-06-15T19:55:17.324Z,81.649,11.220108985900879,-29.271739959716797,-34.35869598388672
1623786823268,2021-06-15T19:55:17.326Z,81.69,9.720108985900879,-31.084239959716797,-33.17119598388672
1623786823308,2021-06-15T19:55:17.341Z,81.73,9.720108985900879,-29.271739959716797,-34.35869598388672
1623786823347,2021-06-15T19:55:17.356Z,81.769,11.970108985900879,-28.146739959716797,-33.60869598388672
1623786823388,2021-06-15T19:55:17.369Z,81.81,10.845108985900879,-28.896739959716797,-33.54619598388672
1623786823428,2021-06-15T19:55:17.384Z,81.85,10.470108985900879,-29.271739959716797,-33.54619598388672
1623786823467,2021-06-15T19:55:17.398Z,81.889,8.657608985900879,-29.271739959716797,-33.17119598388672
1623786823508,2021-06-15T19:55:17.402Z,81.93,11.970108985900879,-30.396739959716797,-32.79619598388672
1623786823548,2021-06-15T19:55:17.417Z,81.97,10.470108985900879,-30.021739959716797,-34.79619598388672
1623786823587,2021-06-15T19:55:17.429Z,82.009,10.845108985900879,-30.396739959716797,-33.60869598388672
1623786823627,2021-06-15T19:55:17.444Z,82.049,10.095108985900879,-30.021739959716797,-33.17119598388672
1623786823668,2021-06-15T19:55:17.459Z,82.09,10.470108985900879,-29.271739959716797,-34.35869598388672
1623786823707,2021-06-15T19:55:17.461Z,82.129,10.470108985900879,-30.396739959716797,-32.79619598388672
1623786823747,2021-06-15T19:55:17.475Z,82.169,10.470108985900879,-29.271739959716797,-33.17119598388672
1623786823788,2021-06-15T19:55:17.489Z,82.21,10.470108985900879,-30.396739959716797,-34.35869598388672
1623786823828,2021-06-15T19:55:17.504Z,82.25,10.845108985900879,-30.021739959716797,-33.92119598388672
1623786823867,2021-06-15T19:55:17.506Z,82.289,11.595108985900879,-30.396739959716797,-33.98369598388672
1623786823908,2021-06-15T19:55:17.520Z,82.33,10.470108985900879,-30.021739959716797,-33.98369598388672
1623786823948,2021-06-15T19:55:17.536Z,82.37,9.345108985900879,-30.396739959716797,-33.17119598388672
1623786823987,2021-06-15T19:55:17.549Z,82.409,10.845108985900879,-30.396739959716797,-33.60869598388672
1623786824027,2021-06-15T19:55:17.564Z,82.449,11.220108985900879,-31.459239959716797,-34.42119598388672
1623786824068,2021-06-15T19:55:17.566Z,82.49,11.595108985900879,-31.084239959716797,-33.17119598388672
1623786824107,2021-06-15T19:55:17.582Z,82.529,9.345108985900879,-36.9592399597168,-33.17119598388672
1623786824147,2021-06-15T19:55:17.595Z,82.569,9.032608985900879,-38.4592399597168,-33.54619598388672
1623786824188,2021-06-15T19:55:17.613Z,82.61,10.470108985900879,-36.9592399597168,-33.54619598388672
1623786824227,2021-06-15T19:55:17.624Z,82.649,11.970108985900879,-34.0217399597168,-33.17119598388672
1623786824267,2021-06-15T19:55:17.640Z,82.689,10.845108985900879,-32.5842399597168,-34.42119598388672
1623786824308,2021-06-15T19:55:17.642Z,82.73,9.345108985900879,-29.271739959716797,-34.42119598388672
1623786824348,2021-06-15T19:55:17.657Z,82.77,10.845108985900879,-30.021739959716797,-33.17119598388672
1623786824387,2021-06-15T19:55:17.672Z,82.809,11.595108985900879,-29.646739959716797,-35.60869598388672
1623786824427,2021-06-15T19:55:17.692Z,82.849,9.345108985900879,-29.646739959716797,-33.17119598388672
1623786824468,2021-06-15T19:55:17.699Z,82.89,8.657608985900879,-29.646739959716797,-33.17119598388672
1623786824507,2021-06-15T19:55:17.703Z,82.929,9.032608985900879,-29.646739959716797,-35.17119598388672
1623786824547,2021-06-15T19:55:17.716Z,82.969,11.220108985900879,-28.521739959716797,-31.98369598388672
1623786824588,2021-06-15T19:55:17.730Z,83.01,10.095108985900879,-31.084239959716797,-33.17119598388672
1623786824627,2021-06-15T19:55:17.746Z,83.049,9.345108985900879,-30.021739959716797,-35.23369598388672
1623786824667,2021-06-15T19:55:17.760Z,83.089,11.595108985900879,-28.521739959716797,-33.92119598388672
1623786824708,2021-06-15T19:55:17.774Z,83.13,10.470108985900879,-30.021739959716797,-34.35869598388672
1623786824747,2021-06-15T19:55:17.776Z,83.169,10.095108985900879,-30.021739959716797,-34.73369598388672
1623786824787,2021-06-15T19:55:17.790Z,83.209,11.970108985900879,-29.646739959716797,-33.98369598388672
1623786824827,2021-06-15T19:55:17.805Z,83.249,10.095108985900879,-29.271739959716797,-32.35869598388672
1623786824868,2021-06-15T19:55:17.822Z,83.29,9.345108985900879,-30.021739959716797,-35.17119598388672
1623786824907,2021-06-15T19:55:17.834Z,83.329,11.220108985900879,-28.896739959716797,-33.98369598388672
1623786824947,2021-06-15T19:55:17.849Z,83.369,11.220108985900879,-29.271739959716797,-33.98369598388672
1623786824988,2021-06-15T19:55:17.851Z,83.41,10.470108985900879,-30.396739959716797,-34.35869598388672
1623786825027,2021-06-15T19:55:17.866Z,83.449,10.845108985900879,-29.271739959716797,-33.98369598388672
1623786825067,2021-06-15T19:55:17.880Z,83.489,10.095108985900879,-29.646739959716797,-33.98369598388672
1623786825108,2021-06-15T19:55:17.894Z,83.53,9.032608985900879,-30.396739959716797,-33.98369598388672
1623786825147,2021-06-15T19:55:17.909Z,83.569,10.845108985900879,-29.646739959716797,-34.79619598388672
1623786825187,2021-06-15T19:55:17.924Z,83.609,11.970108985900879,-30.021739959716797,-34.79619598388672
1623786825228,2021-06-15T19:55:17.955Z,83.65,11.595108985900879,-30.021739959716797,-35.23369598388672
1623786825267,2021-06-15T19:55:17.972Z,83.689,11.220108985900879,-29.271739959716797,-35.17119598388672
1623786825307,2021-06-15T19:55:17.984Z,83.729,11.220108985900879,-29.271739959716797,-33.17119598388672
1623786825347,2021-06-15T19:55:17.999Z,83.769,11.970108985900879,-30.709239959716797,-34.79619598388672
1623786825388,2021-06-15T19:55:18.001Z,83.81,9.032608985900879,-28.146739959716797,-33.60869598388672
1623786825427,2021-06-15T19:55:18.016Z,83.849,8.657608985900879,-29.646739959716797,-33.54619598388672
1623786825467,2021-06-15T19:55:18.030Z,83.889,10.095108985900879,-30.396739959716797,-34.35869598388672
1623786825508,2021-06-15T19:55:18.046Z,83.93,12.282608985900879,-29.271739959716797,-33.98369598388672
1623786825547,2021-06-15T19:55:18.059Z,83.969,12.657608985900879,-30.396739959716797,-33.60869598388672
1623786825587,2021-06-15T19:55:18.075Z,84.009,13.032608985900879,-29.271739959716797,-34.42119598388672
1623786825628,2021-06-15T19:55:18.077Z,84.05,12.282608985900879,-29.646739959716797,-32.42119598388672
1623786825667,2021-06-15T19:55:18.091Z,84.089,11.220108985900879,-28.896739959716797,-33.98369598388672
1623786825707,2021-06-15T19:55:18.104Z,84.129,11.595108985900879,-28.521739959716797,-34.79619598388672
1623786825746,2021-06-15T19:55:18.119Z,84.168,11.595108985900879,-29.646739959716797,-33.98369598388672
1623786825787,2021-06-15T19:55:18.134Z,84.209,9.032608985900879,-29.646739959716797,-34.35869598388672
1623786825827,2021-06-15T19:55:18.136Z,84.249,10.845108985900879,-30.021739959716797,-35.17119598388672
1623786825867,2021-06-15T19:55:18.152Z,84.289,10.470108985900879,-29.271739959716797,-34.73369598388672
1623786825908,2021-06-15T19:55:18.165Z,84.33,10.095108985900879,-29.646739959716797,-33.17119598388672
1623786825947,2021-06-15T19:55:18.179Z,84.369,11.220108985900879,-30.396739959716797,-33.98369598388672
1623786825988,2021-06-15T19:55:18.195Z,84.41,11.970108985900879,-29.646739959716797,-32.79619598388672
1623786826028,2021-06-15T19:55:18.195Z,84.45,10.845108985900879,-31.459239959716797,-31.98369598388672
1623786826067,2021-06-15T19:55:18.210Z,84.489,12.282608985900879,-29.271739959716797,-31.54619598388672
1623786826107,2021-06-15T19:55:18.224Z,84.529,11.595108985900879,-30.396739959716797,-30.79619598388672
1623786826146,2021-06-15T19:55:18.226Z,84.568,11.220108985900879,-29.646739959716797,-29.98369598388672
1623786826187,2021-06-15T19:55:18.241Z,84.609,11.970108985900879,-30.709239959716797,-31.60869598388672
1623786826227,2021-06-15T19:55:18.255Z,84.649,10.845108985900879,-29.646739959716797,-27.98369598388672
1623786826266,2021-06-15T19:55:18.270Z,84.688,11.220108985900879,-30.709239959716797,-27.60869598388672
1623786826308,2021-06-15T19:55:18.284Z,84.73,11.970108985900879,-28.521739959716797,-27.98369598388672
1623786826347,2021-06-15T19:55:18.299Z,84.769,10.845108985900879,-29.271739959716797,-26.79619598388672
1623786826387,2021-06-15T19:55:18.301Z,84.809,8.657608985900879,-28.521739959716797,-27.54619598388672
1623786826428,2021-06-15T19:55:18.315Z,84.85,10.095108985900879,-28.146739959716797,-28.79619598388672
1623786826467,2021-06-15T19:55:18.329Z,84.889,11.595108985900879,-29.646739959716797,-28.35869598388672
1623786826507,2021-06-15T19:55:18.344Z,84.929,10.470108985900879,-30.021739959716797,-29.54619598388672
1623786826548,2021-06-15T19:55:18.359Z,84.97,10.095108985900879,-34.0217399597168,-31.60869598388672
1623786826587,2021-06-15T19:55:18.361Z,85.009,11.220108985900879,-34.3967399597168,-31.23369598388672
1623786826627,2021-06-15T19:55:18.376Z,85.049,10.845108985900879,-37.3342399597168,-33.17119598388672
1623786826666,2021-06-15T19:55:18.392Z,85.088,10.845108985900879,-35.5217399597168,-34.73369598388672
1623786826707,2021-06-15T19:55:18.404Z,85.129,11.220108985900879,-31.084239959716797,-33.98369598388672
1623786826747,2021-06-15T19:55:18.419Z,85.169,9.720108985900879,-29.646739959716797,-33.98369598388672
1623786826787,2021-06-15T19:55:18.421Z,85.209,10.095108985900879,-29.646739959716797,-34.79619598388672
1623786826828,2021-06-15T19:55:18.436Z,85.25,12.282608985900879,-28.146739959716797,-33.60869598388672
1623786826867,2021-06-15T19:55:18.450Z,85.289,10.845108985900879,-29.271739959716797,-33.98369598388672
1623786826907,2021-06-15T19:55:18.464Z,85.329,11.970108985900879,-30.021739959716797,-34.73369598388672
1623786826948,2021-06-15T19:55:18.479Z,85.37,10.095108985900879,-29.646739959716797,-34.79619598388672
1623786826987,2021-06-15T19:55:18.493Z,85.409,9.720108985900879,-28.896739959716797,-34.73369598388672
1623786827027,2021-06-15T19:55:18.496Z,85.449,9.720108985900879,-30.396739959716797,-35.17119598388672
1623786827066,2021-06-15T19:55:18.510Z,85.488,11.970108985900879,-29.646739959716797,-34.73369598388672
1623786827107,2021-06-15T19:55:18.527Z,85.529,8.657608985900879,-29.271739959716797,-33.17119598388672
1623786827147,2021-06-15T19:55:18.539Z,85.569,11.595108985900879,-29.271739959716797,-34.35869598388672
1623786827186,2021-06-15T19:55:18.553Z,85.608,11.220108985900879,-29.271739959716797,-34.73369598388672
1623786827227,2021-06-15T19:55:18.556Z,85.649,10.845108985900879,-30.709239959716797,-33.54619598388672
1623786827267,2021-06-15T19:55:18.571Z,85.689,10.095108985900879,-28.896739959716797,-35.54619598388672
1623786827307,2021-06-15T19:55:18.586Z,85.729,10.845108985900879,-30.021739959716797,-34.73369598388672
1623786827348,2021-06-15T19:55:18.599Z,85.77,9.720108985900879,-32.2092399597168,-34.79619598388672
1623786827387,2021-06-15T19:55:18.614Z,85.809,11.970108985900879,-29.646739959716797,-35.60869598388672
1623786827427,2021-06-15T19:55:18.628Z,85.849,10.095108985900879,-29.646739959716797,-34.79619598388672
1623786827466,2021-06-15T19:55:18.631Z,85.888,10.470108985900879,-28.896739959716797,-34.35869598388672
1623786827507,2021-06-15T19:55:18.645Z,85.929,9.032608985900879,-28.521739959716797,-36.35869598388672
1623786827547,2021-06-15T19:55:18.660Z,85.969,12.282608985900879,-29.271739959716797,-34.79619598388672
1623786827586,2021-06-15T19:55:18.674Z,86.008,11.595108985900879,-29.646739959716797,-35.17119598388672
1623786827627,2021-06-15T19:55:18.690Z,86.049,11.220108985900879,-30.021739959716797,-35.92119598388672
1623786827667,2021-06-15T19:55:18.691Z,86.089,10.095108985900879,-30.021739959716797,-34.73369598388672
1623786827706,2021-06-15T19:55:18.721Z,86.128,11.595108985900879,-30.021739959716797,-34.35869598388672
1623786827747,2021-06-15T19:55:18.736Z,86.169,11.970108985900879,-30.021739959716797,-35.60869598388672
1623786827787,2021-06-15T19:55:18.750Z,86.209,9.720108985900879,-29.271739959716797,-33.98369598388672
1623786827827,2021-06-15T19:55:18.764Z,86.249,11.220108985900879,-29.271739959716797,-33.98369598388672
1623786827868,2021-06-15T19:55:18.766Z,86.29,12.657608985900879,-28.521739959716797,-35.17119598388672
1623786827907,2021-06-15T19:55:18.781Z,86.329,9.032608985900879,-31.084239959716797,-34.35869598388672
1623786827947,2021-06-15T19:55:18.795Z,86.369,12.282608985900879,-30.709239959716797,-34.73369598388672
1623786827986,2021-06-15T19:55:18.809Z,86.408,13.032608985900879,-30.021739959716797,-34.35869598388672
1623786828027,2021-06-15T19:55:18.824Z,86.449,8.657608985900879,-29.646739959716797,-33.98369598388672
1623786828067,2021-06-15T19:55:18.839Z,86.489,10.095108985900879,-30.709239959716797,-33.98369598388672
1623786828106,2021-06-15T19:55:18.841Z,86.528,10.470108985900879,-30.396739959716797,-34.79619598388672
1623786828147,2021-06-15T19:55:18.870Z,86.569,11.595108985900879,-31.084239959716797,-34.35869598388672
1623786828187,2021-06-15T19:55:18.884Z,86.609,9.345108985900879,-30.021739959716797,-33.54619598388672
1623786828226,2021-06-15T19:55:18.899Z,86.648,10.470108985900879,-29.646739959716797,-34.42119598388672
1623786828267,2021-06-15T19:55:18.914Z,86.689,9.720108985900879,-30.396739959716797,-33.60869598388672
1623786828307,2021-06-15T19:55:18.916Z,86.729,10.470108985900879,-30.709239959716797,-33.17119598388672
1623786828347,2021-06-15T19:55:18.930Z,86.769,11.220108985900879,-30.709239959716797,-35.17119598388672
1623786828388,2021-06-15T19:55:18.975Z,86.81,11.595108985900879,-30.709239959716797,-31.98369598388672
1623786828427,2021-06-15T19:55:18.990Z,86.849,10.845108985900879,-30.396739959716797,-33.17119598388672
1623786828467,2021-06-15T19:55:19.007Z,86.889,11.220108985900879,-29.646739959716797,-34.42119598388672
1623786828506,2021-06-15T19:55:19.007Z,86.928,10.095108985900879,-30.396739959716797,-34.79619598388672
1623786828547,2021-06-15T19:55:19.021Z,86.969,11.220108985900879,-31.084239959716797,-33.17119598388672
1623786828587,2021-06-15T19:55:19.035Z,87.009,9.345108985900879,-30.396739959716797,-33.54619598388672
1623786828626,2021-06-15T19:55:19.050Z,87.048,8.657608985900879,-31.084239959716797,-33.98369598388672
1623786828667,2021-06-15T19:55:19.064Z,87.089,9.720108985900879,-31.459239959716797,-33.98369598388672
1623786828707,2021-06-15T19:55:19.066Z,87.129,10.470108985900879,-30.021739959716797,-33.98369598388672
1623786828746,2021-06-15T19:55:19.081Z,87.168,10.095108985900879,-30.021739959716797,-31.92119598388672
1623786828787,2021-06-15T19:55:19.095Z,87.209,9.345108985900879,-32.2092399597168,-32.79619598388672
1623786828827,2021-06-15T19:55:19.109Z,87.249,12.282608985900879,-30.396739959716797,-32.35869598388672
1623786828867,2021-06-15T19:55:19.123Z,87.289,10.470108985900879,-30.021739959716797,-32.35869598388672
1623786828906,2021-06-15T19:55:19.139Z,87.328,10.470108985900879,-30.709239959716797,-32.79619598388672
1623786828947,2021-06-15T19:55:19.141Z,87.369,10.845108985900879,-32.5842399597168,-33.60869598388672
1623786828987,2021-06-15T19:55:19.155Z,87.409,10.095108985900879,-34.0217399597168,-33.60869598388672
1623786829026,2021-06-15T19:55:19.170Z,87.448,10.470108985900879,-35.5217399597168,-32.79619598388672
1623786829067,2021-06-15T19:55:19.185Z,87.489,9.032608985900879,-38.4592399597168,-35.17119598388672
1623786829107,2021-06-15T19:55:19.199Z,87.529,11.970108985900879,-36.6467399597168,-33.17119598388672
1623786829146,2021-06-15T19:55:19.202Z,87.568,12.282608985900879,-36.2717399597168,-32.35869598388672
1623786829187,2021-06-15T19:55:19.215Z,87.609,10.095108985900879,-32.9592399597168,-34.73369598388672
1623786829227,2021-06-15T19:55:19.230Z,87.649,12.282608985900879,-30.396739959716797,-33.17119598388672
1623786829266,2021-06-15T19:55:19.244Z,87.688,10.470108985900879,-29.646739959716797,-33.17119598388672
1623786829306,2021-06-15T19:55:19.259Z,87.728,9.032608985900879,-30.021739959716797,-35.60869598388672
1623786829347,2021-06-15T19:55:19.262Z,87.769,11.970108985900879,-28.896739959716797,-33.98369598388672
1623786829387,2021-06-15T19:55:19.276Z,87.809,10.845108985900879,-30.396739959716797,-32.35869598388672
1623786829426,2021-06-15T19:55:19.290Z,87.848,9.720108985900879,-30.021739959716797,-35.60869598388672
1623786829467,2021-06-15T19:55:19.305Z,87.889,9.345108985900879,-29.271739959716797,-34.35869598388672
1623786829507,2021-06-15T19:55:19.319Z,87.929,9.720108985900879,-30.396739959716797,-33.54619598388672
1623786829546,2021-06-15T19:55:19.334Z,87.968,10.845108985900879,-29.271739959716797,-35.17119598388672
1623786829587,2021-06-15T19:55:19.336Z,88.009,10.095108985900879,-30.396739959716797,-34.35869598388672
1623786829627,2021-06-15T19:55:19.350Z,88.049,10.095108985900879,-30.709239959716797,-33.98369598388672
1623786829666,2021-06-15T19:55:19.364Z,88.088,10.095108985900879,-30.396739959716797,-34.79619598388672
1623786829707,2021-06-15T19:55:19.380Z,88.129,9.720108985900879,-29.646739959716797,-34.42119598388672
1623786829747,2021-06-15T19:55:19.394Z,88.169,10.095108985900879,-29.271739959716797,-33.60869598388672
1623786829787,2021-06-15T19:55:19.396Z,88.209,11.595108985900879,-30.709239959716797,-34.79619598388672
1623786829826,2021-06-15T19:55:19.411Z,88.248,12.345108985900879,-29.646739959716797,-33.54619598388672
1623786829867,2021-06-15T19:55:19.425Z,88.289,9.032608985900879,-30.021739959716797,-32.73369598388672
1623786829907,2021-06-15T19:55:19.439Z,88.329,11.970108985900879,-30.709239959716797,-35.17119598388672
1623786829946,2021-06-15T19:55:19.441Z,88.368,9.032608985900879,-29.271739959716797,-34.35869598388672
1623786829987,2021-06-15T19:55:19.456Z,88.409,9.345108985900879,-30.709239959716797,-34.35869598388672
1623786830027,2021-06-15T19:55:19.470Z,88.449,10.095108985900879,-28.521739959716797,-35.17119598388672
1623786830066,2021-06-15T19:55:19.485Z,88.488,11.220108985900879,-28.896739959716797,-34.35869598388672
1623786830107,2021-06-15T19:55:19.499Z,88.529,10.470108985900879,-28.896739959716797,-33.60869598388672
1623786830147,2021-06-15T19:55:19.514Z,88.569,10.845108985900879,-30.396739959716797,-33.98369598388672
1623786830186,2021-06-15T19:55:19.515Z,88.608,12.282608985900879,-30.021739959716797,-35.17119598388672
1623786830227,2021-06-15T19:55:19.530Z,88.649,11.220108985900879,-28.896739959716797,-34.35869598388672
1623786830267,2021-06-15T19:55:19.544Z,88.689,10.845108985900879,-30.021739959716797,-36.73369598388672
1623786830307,2021-06-15T19:55:19.559Z,88.729,9.720108985900879,-28.896739959716797,-33.98369598388672
1623786830346,2021-06-15T19:55:19.561Z,88.768,11.595108985900879,-29.646739959716797,-33.98369598388672
1623786830387,2021-06-15T19:55:19.575Z,88.809,11.970108985900879,-30.709239959716797,-33.92119598388672
1623786830427,2021-06-15T19:55:19.589Z,88.849,10.470108985900879,-30.396739959716797,-34.35869598388672
1623786830466,2021-06-15T19:55:19.604Z,88.888,10.845108985900879,-29.646739959716797,-34.35869598388672
1623786830507,2021-06-15T19:55:19.619Z,88.929,12.657608985900879,-28.521739959716797,-35.54619598388672
1623786830547,2021-06-15T19:55:19.621Z,88.969,10.095108985900879,-28.146739959716797,-34.73369598388672
1623786830586,2021-06-15T19:55:19.635Z,89.008,10.845108985900879,-30.396739959716797,-33.60869598388672
1623786830627,2021-06-15T19:55:19.651Z,89.049,11.970108985900879,-28.521739959716797,-35.60869598388672
1623786830667,2021-06-15T19:55:19.665Z,89.089,10.470108985900879,-28.896739959716797,-35.17119598388672
1623786830706,2021-06-15T19:55:19.679Z,89.128,11.595108985900879,-29.271739959716797,-33.98369598388672
1623786830746,2021-06-15T19:55:19.681Z,89.168,10.095108985900879,-29.271739959716797,-35.17119598388672
1623786830787,2021-06-15T19:55:19.696Z,89.209,10.470108985900879,-29.646739959716797,-35.17119598388672
1623786830827,2021-06-15T19:55:19.710Z,89.249,10.095108985900879,-28.896739959716797,-33.60869598388672
1623786830866,2021-06-15T19:55:19.724Z,89.288,12.282608985900879,-29.646739959716797,-34.79619598388672
1623786830907,2021-06-15T19:55:19.739Z,89.329,11.220108985900879,-29.271739959716797,-33.54619598388672
1623786830947,2021-06-15T19:55:19.754Z,89.369,11.595108985900879,-28.896739959716797,-33.54619598388672
1623786830988,2021-06-15T19:55:19.756Z,89.41,10.095108985900879,-29.646739959716797,-35.17119598388672
1623786831027,2021-06-15T19:55:19.769Z,89.449,10.095108985900879,-28.896739959716797,-33.98369598388672
1623786831067,2021-06-15T19:55:19.785Z,89.489,12.657608985900879,-29.646739959716797,-34.35869598388672
1623786831106,2021-06-15T19:55:19.800Z,89.528,10.470108985900879,-28.896739959716797,-34.73369598388672
1623786831146,2021-06-15T19:55:19.802Z,89.568,10.845108985900879,-28.896739959716797,-34.35869598388672
1623786831187,2021-06-15T19:55:19.816Z,89.609,10.845108985900879,-29.646739959716797,-34.73369598388672
1623786831226,2021-06-15T19:55:19.830Z,89.648,9.720108985900879,-28.521739959716797,-35.17119598388672
1623786831266,2021-06-15T19:55:19.845Z,89.688,11.595108985900879,-28.896739959716797,-34.79619598388672
1623786831307,2021-06-15T19:55:19.859Z,89.729,10.845108985900879,-29.271739959716797,-34.04619598388672
1623786831347,2021-06-15T19:55:19.862Z,89.769,11.970108985900879,-29.646739959716797,-35.54619598388672
1623786831386,2021-06-15T19:55:19.877Z,89.808,11.970108985900879,-29.271739959716797,-33.98369598388672
1623786831427,2021-06-15T19:55:19.890Z,89.849,11.595108985900879,-31.834239959716797,-34.79619598388672
1623786831467,2021-06-15T19:55:19.904Z,89.889,10.095108985900879,-31.084239959716797,-35.98369598388672
1623786831506,2021-06-15T19:55:19.919Z,89.928,11.595108985900879,-32.9592399597168,-34.42119598388672
1623786831547,2021-06-15T19:55:19.935Z,89.969,11.970108985900879,-36.2717399597168,-35.17119598388672
1623786831587,2021-06-15T19:55:19.967Z,90.009,11.970108985900879,-38.0842399597168,-34.35869598388672
1623786831626,2021-06-15T19:55:19.981Z,90.048,11.220108985900879,-34.7717399597168,-34.35869598388672
1623786831666,2021-06-15T19:55:19.995Z,90.088,10.845108985900879,-32.9592399597168,-35.17119598388672
1623786831707,2021-06-15T19:55:20.009Z,90.129,12.282608985900879,-33.3342399597168,-36.73369598388672
1623786831746,2021-06-15T19:55:20.024Z,90.168,10.470108985900879,-30.709239959716797,-34.35869598388672
1623786831786,2021-06-15T19:55:20.039Z,90.208,11.595108985900879,-28.146739959716797,-34.42119598388672
1623786831827,2021-06-15T19:55:20.054Z,90.249,11.220108985900879,-28.521739959716797,-36.79619598388672
1623786831867,2021-06-15T19:55:20.056Z,90.289,9.345108985900879,-28.896739959716797,-34.42119598388672
1623786831906,2021-06-15T19:55:20.070Z,90.328,9.032608985900879,-30.021739959716797,-34.79619598388672
1623786831946,2021-06-15T19:55:20.087Z,90.368,11.970108985900879,-29.271739959716797,-35.60869598388672
1623786831987,2021-06-15T19:55:20.101Z,90.409,10.845108985900879,-28.146739959716797,-34.35869598388672
1623786832026,2021-06-15T19:55:20.114Z,90.448,10.470108985900879,-28.896739959716797,-34.79619598388672
1623786832066,2021-06-15T19:55:20.117Z,90.488,11.220108985900879,-30.021739959716797,-35.54619598388672
1623786832107,2021-06-15T19:55:20.131Z,90.529,10.095108985900879,-28.896739959716797,-35.54619598388672
1623786832146,2021-06-15T19:55:20.145Z,90.568,10.470108985900879,-30.021739959716797,-33.92119598388672
1623786832186,2021-06-15T19:55:20.159Z,90.608,11.220108985900879,-28.896739959716797,-35.92119598388672
1623786832227,2021-06-15T19:55:20.174Z,90.649,12.282608985900879,-29.271739959716797,-35.17119598388672
1623786832266,2021-06-15T19:55:20.189Z,90.688,12.282608985900879,-28.521739959716797,-34.73369598388672
1623786832306,2021-06-15T19:55:20.191Z,90.728,11.970108985900879,-28.146739959716797,-35.54619598388672
1623786832347,2021-06-15T19:55:20.205Z,90.769,10.470108985900879,-29.271739959716797,-34.73369598388672
1623786832387,2021-06-15T19:55:20.220Z,90.809,11.220108985900879,-28.896739959716797,-35.17119598388672
1623786832426,2021-06-15T19:55:20.236Z,90.848,10.845108985900879,-28.896739959716797,-36.35869598388672
1623786832466,2021-06-15T19:55:20.249Z,90.888,11.595108985900879,-30.021739959716797,-34.73369598388672
1623786832507,2021-06-15T19:55:20.251Z,90.929,10.095108985900879,-28.521739959716797,-34.73369598388672
1623786832546,2021-06-15T19:55:20.266Z,90.968,12.657608985900879,-29.271739959716797,-36.79619598388672
1623786832586,2021-06-15T19:55:20.280Z,91.008,12.657608985900879,-28.521739959716797,-35.60869598388672
1623786832627,2021-06-15T19:55:20.294Z,91.049,11.220108985900879,-28.896739959716797,-36.79619598388672
1623786832666,2021-06-15T19:55:20.296Z,91.088,12.282608985900879,-28.896739959716797,-35.60869598388672
1623786832706,2021-06-15T19:55:20.311Z,91.128,11.220108985900879,-32.2092399597168,-35.17119598388672
1623786832747,2021-06-15T19:55:20.325Z,91.169,8.657608985900879,-28.521739959716797,-35.17119598388672
1623786832787,2021-06-15T19:55:20.339Z,91.209,10.470108985900879,-29.271739959716797,-36.35869598388672
1623786832826,2021-06-15T19:55:20.354Z,91.248,12.657608985900879,-28.521739959716797,-35.98369598388672
1623786832866,2021-06-15T19:55:20.370Z,91.288,10.470108985900879,-29.271739959716797,-34.73369598388672
1623786832907,2021-06-15T19:55:20.371Z,91.329,9.720108985900879,-29.646739959716797,-36.35869598388672
1623786832946,2021-06-15T19:55:20.387Z,91.368,11.220108985900879,-29.646739959716797,-35.54619598388672
1623786832986,2021-06-15T19:55:20.399Z,91.408,10.470108985900879,-30.709239959716797,-35.98369598388672
1623786833027,2021-06-15T19:55:20.414Z,91.449,11.595108985900879,-28.896739959716797,-37.98369598388672
1623786833066,2021-06-15T19:55:20.429Z,91.488,10.095108985900879,-30.021739959716797,-35.60869598388672
1623786833106,2021-06-15T19:55:20.431Z,91.528,12.282608985900879,-31.834239959716797,-34.42119598388672
1623786833147,2021-06-15T19:55:20.460Z,91.569,11.220108985900879,-28.521739959716797,-36.42119598388672
1623786833186,2021-06-15T19:55:20.475Z,91.608,10.470108985900879,-28.896739959716797,-36.42119598388672
1623786833226,2021-06-15T19:55:20.491Z,91.648,9.720108985900879,-29.646739959716797,-35.17119598388672
1623786833266,2021-06-15T19:55:20.492Z,91.688,13.032608985900879,-29.646739959716797,-35.17119598388672
1623786833307,2021-06-15T19:55:20.506Z,91.729,10.845108985900879,-29.646739959716797,-35.92119598388672
1623786833346,2021-06-15T19:55:20.522Z,91.768,11.220108985900879,-29.271739959716797,-35.54619598388672
1623786833387,2021-06-15T19:55:20.536Z,91.809,11.970108985900879,-28.521739959716797,-35.17119598388672
1623786833427,2021-06-15T19:55:20.549Z,91.849,13.032608985900879,-29.271739959716797,-35.17119598388672
1623786833466,2021-06-15T19:55:20.552Z,91.888,10.470108985900879,-30.021739959716797,-35.17119598388672
1623786833506,2021-06-15T19:55:20.567Z,91.928,12.282608985900879,-29.271739959716797,-36.79619598388672
1623786833547,2021-06-15T19:55:20.580Z,91.969,11.970108985900879,-28.521739959716797,-34.79619598388672
1623786833586,2021-06-15T19:55:20.594Z,92.008,10.095108985900879,-31.084239959716797,-34.79619598388672
1623786833626,2021-06-15T19:55:20.610Z,92.048,9.720108985900879,-29.646739959716797,-34.79619598388672
1623786833665,2021-06-15T19:55:20.624Z,92.087,11.970108985900879,-29.271739959716797,-35.17119598388672
1623786833706,2021-06-15T19:55:20.627Z,92.128,10.470108985900879,-33.3342399597168,-35.17119598388672
1623786833746,2021-06-15T19:55:20.640Z,92.168,13.032608985900879,-28.896739959716797,-35.60869598388672
1623786833786,2021-06-15T19:55:20.654Z,92.208,10.470108985900879,-28.521739959716797,-33.98369598388672
1623786833827,2021-06-15T19:55:20.669Z,92.249,11.970108985900879,-36.2717399597168,-35.17119598388672
1623786833866,2021-06-15T19:55:20.684Z,92.288,10.470108985900879,-30.396739959716797,-35.98369598388672
1623786833906,2021-06-15T19:55:20.686Z,92.328,11.220108985900879,-33.6467399597168,-35.54619598388672
1623786833945,2021-06-15T19:55:20.701Z,92.367,11.595108985900879,-38.8342399597168,-35.17119598388672
1623786833986,2021-06-15T19:55:20.714Z,92.408,12.657608985900879,-37.7092399597168,-35.17119598388672
1623786834026,2021-06-15T19:55:20.716Z,92.448,10.845108985900879,-35.1467399597168,-36.35869598388672
1623786834065,2021-06-15T19:55:20.730Z,92.487,11.595108985900879,-32.9592399597168,-34.35869598388672
1623786834106,2021-06-15T19:55:20.746Z,92.528,10.845108985900879,-32.2092399597168,-35.54619598388672
1623786834146,2021-06-15T19:55:20.760Z,92.568,10.470108985900879,-28.146739959716797,-35.17119598388672
1623786834185,2021-06-15T19:55:20.774Z,92.607,10.845108985900879,-31.834239959716797,-34.79619598388672
1623786834226,2021-06-15T19:55:20.776Z,92.648,10.845108985900879,-29.271739959716797,-35.17119598388672
1623786834266,2021-06-15T19:55:20.791Z,92.688,13.032608985900879,-28.146739959716797,-35.98369598388672
1623786834306,2021-06-15T19:55:20.805Z,92.728,10.095108985900879,-33.3342399597168,-35.98369598388672
1623786834345,2021-06-15T19:55:20.819Z,92.767,11.220108985900879,-28.521739959716797,-36.79619598388672
1623786834386,2021-06-15T19:55:20.834Z,92.808,12.282608985900879,-28.521739959716797,-35.98369598388672
1623786834426,2021-06-15T19:55:20.849Z,92.848,10.095108985900879,-34.7717399597168,-34.42119598388672
1623786834465,2021-06-15T19:55:20.851Z,92.887,9.345108985900879,-28.896739959716797,-35.60869598388672
1623786834506,2021-06-15T19:55:20.865Z,92.928,10.845108985900879,-28.896739959716797,-35.54619598388672
1623786834546,2021-06-15T19:55:20.880Z,92.968,12.282608985900879,-37.3342399597168,-35.23369598388672
1623786834585,2021-06-15T19:55:20.894Z,93.007,13.032608985900879,-30.709239959716797,-37.17119598388672
1623786834625,2021-06-15T19:55:20.910Z,93.047,11.220108985900879,-28.896739959716797,-35.60869598388672
1623786834666,2021-06-15T19:55:20.911Z,93.088,11.220108985900879,-36.2717399597168,-35.60869598388672
1623786834705,2021-06-15T19:55:20.927Z,93.127,9.720108985900879,-30.396739959716797,-36.79619598388672
1623786834745,2021-06-15T19:55:20.970Z,93.167,11.595108985900879,-27.771739959716797,-35.17119598388672
1623786834786,2021-06-15T19:55:20.984Z,93.208,11.970108985900879,-38.8342399597168,-36.35869598388672
1623786834826,2021-06-15T19:55:20.999Z,93.248,9.345108985900879,-30.396739959716797,-36.35869598388672
1623786834865,2021-06-15T19:55:21.014Z,93.287,10.095108985900879,-29.646739959716797,-34.79619598388672
1623786834906,2021-06-15T19:55:21.016Z,93.328,11.970108985900879,-40.2717399597168,-34.42119598388672
1623786834946,2021-06-15T19:55:21.030Z,93.368,11.220108985900879,-29.646739959716797,-35.98369598388672
1623786834985,2021-06-15T19:55:21.045Z,93.407,11.595108985900879,-29.271739959716797,-34.42119598388672
1623786835025,2021-06-15T19:55:21.059Z,93.447,10.095108985900879,-42.1467399597168,-35.60869598388672
1623786835066,2021-06-15T19:55:21.074Z,93.488,9.032608985900879,-29.646739959716797,-36.35869598388672
1623786835105,2021-06-15T19:55:21.076Z,93.527,11.970108985900879,-29.271739959716797,-35.60869598388672
1623786835145,2021-06-15T19:55:21.091Z,93.567,11.220108985900879,-42.8967399597168,-35.98369598388672
1623786835186,2021-06-15T19:55:21.106Z,93.608,8.657608985900879,-30.396739959716797,-36.42119598388672
1623786835225,2021-06-15T19:55:21.120Z,93.647,11.970108985900879,-30.021739959716797,-34.42119598388672
1623786835265,2021-06-15T19:55:21.135Z,93.687,11.220108985900879,-41.3967399597168,-33.54619598388672
1623786835305,2021-06-15T19:55:21.149Z,93.727,10.095108985900879,-31.459239959716797,-35.17119598388672
1623786835346,2021-06-15T19:55:21.151Z,93.768,10.095108985900879,-29.646739959716797,-34.35869598388672
1623786835385,2021-06-15T19:55:21.165Z,93.807,11.595108985900879,-41.0217399597168,-33.98369598388672
1623786835425,2021-06-15T19:55:21.180Z,93.847,11.970108985900879,-29.271739959716797,-35.17119598388672
1623786835466,2021-06-15T19:55:21.194Z,93.888,9.720108985900879,-30.021739959716797,-33.98369598388672
1623786835505,2021-06-15T19:55:21.209Z,93.927,10.845108985900879,-38.8342399597168,-35.54619598388672
1623786835545,2021-06-15T19:55:21.211Z,93.967,9.720108985900879,-28.896739959716797,-35.17119598388672
1623786835586,2021-06-15T19:55:21.226Z,94.008,10.845108985900879,-29.646739959716797,-34.73369598388672
1623786835625,2021-06-15T19:55:21.242Z,94.047,11.220108985900879,-37.7092399597168,-34.79619598388672
1623786835665,2021-06-15T19:55:21.254Z,94.087,11.220108985900879,-29.646739959716797,-35.54619598388672
1623786835706,2021-06-15T19:55:21.269Z,94.128,10.845108985900879,-28.521739959716797,-33.98369598388672
1623786835745,2021-06-15T19:55:21.284Z,94.167,10.470108985900879,-35.8967399597168,-34.35869598388672
1623786835785,2021-06-15T19:55:21.286Z,94.207,10.470108985900879,-28.896739959716797,-34.79619598388672
1623786835825,2021-06-15T19:55:21.302Z,94.247,10.095108985900879,-28.896739959716797,-33.60869598388672
1623786835866,2021-06-15T19:55:21.314Z,94.288,10.095108985900879,-32.9592399597168,-34.35869598388672
1623786835905,2021-06-15T19:55:21.329Z,94.327,10.845108985900879,-29.646739959716797,-36.35869598388672
1623786835945,2021-06-15T19:55:21.344Z,94.367,10.845108985900879,-31.084239959716797,-33.98369598388672
1623786835984,2021-06-15T19:55:21.346Z,94.406,12.345108985900879,-34.0217399597168,-34.73369598388672
1623786836025,2021-06-15T19:55:21.360Z,94.447,13.782608985900879,-30.396739959716797,-35.17119598388672
1623786836065,2021-06-15T19:55:21.375Z,94.487,11.220108985900879,-30.396739959716797,-34.35869598388672
1623786836104,2021-06-15T19:55:21.390Z,94.526,9.720108985900879,-33.6467399597168,-34.79619598388672
1623786836145,2021-06-15T19:55:21.404Z,94.567,11.595108985900879,-29.646739959716797,-35.54619598388672
1623786836185,2021-06-15T19:55:21.406Z,94.607,10.470108985900879,-33.3342399597168,-34.35869598388672
1623786836225,2021-06-15T19:55:21.421Z,94.647,9.032608985900879,-38.8342399597168,-35.17119598388672
1623786836266,2021-06-15T19:55:21.435Z,94.688,11.970108985900879,-37.3342399597168,-35.17119598388672
1623786836305,2021-06-15T19:55:21.449Z,94.727,12.657608985900879,-36.6467399597168,-34.35869598388672
1623786836345,2021-06-15T19:55:21.464Z,94.767,11.220108985900879,-35.8967399597168,-35.98369598388672
1623786836384,2021-06-15T19:55:21.479Z,94.806,10.470108985900879,-32.5842399597168,-34.73369598388672
1623786836425,2021-06-15T19:55:21.495Z,94.847,11.220108985900879,-29.646739959716797,-34.73369598388672
1623786836465,2021-06-15T19:55:21.509Z,94.887,10.845108985900879,-30.396739959716797,-35.17119598388672
1623786836504,2021-06-15T19:55:21.510Z,94.926,10.845108985900879,-28.896739959716797,-35.60869598388672
1623786836545,2021-06-15T19:55:21.526Z,94.967,11.220108985900879,-28.896739959716797,-35.17119598388672
1623786836585,2021-06-15T19:55:21.539Z,95.007,10.095108985900879,-30.396739959716797,-35.92119598388672
1623786836624,2021-06-15T19:55:21.541Z,95.046,11.595108985900879,-29.271739959716797,-35.17119598388672
1623786836664,2021-06-15T19:55:21.556Z,95.086,11.595108985900879,-28.521739959716797,-35.17119598388672
1623786836705,2021-06-15T19:55:21.573Z,95.127,13.032608985900879,-29.646739959716797,-35.17119598388672
1623786836745,2021-06-15T19:55:21.584Z,95.167,10.845108985900879,-30.396739959716797,-36.35869598388672
1623786836784,2021-06-15T19:55:21.599Z,95.206,10.845108985900879,-28.521739959716797,-35.17119598388672
1623786836825,2021-06-15T19:55:21.614Z,95.247,10.845108985900879,-28.146739959716797,-35.17119598388672
1623786836865,2021-06-15T19:55:21.616Z,95.287,11.970108985900879,-29.271739959716797,-35.60869598388672
1623786836904,2021-06-15T19:55:21.630Z,95.326,13.032608985900879,-28.896739959716797,-34.73369598388672
1623786836945,2021-06-15T19:55:21.645Z,95.367,11.970108985900879,-30.021739959716797,-35.98369598388672
1623786836985,2021-06-15T19:55:21.659Z,95.407,12.657608985900879,-29.271739959716797,-35.54619598388672
1623786837024,2021-06-15T19:55:21.674Z,95.446,11.220108985900879,-29.271739959716797,-35.98369598388672
1623786837064,2021-06-15T19:55:21.676Z,95.486,11.595108985900879,-30.021739959716797,-35.17119598388672
1623786837105,2021-06-15T19:55:21.690Z,95.527,10.095108985900879,-29.271739959716797,-35.98369598388672
1623786837144,2021-06-15T19:55:21.705Z,95.566,11.595108985900879,-29.271739959716797,-34.73369598388672
1623786837184,2021-06-15T19:55:21.719Z,95.606,12.345108985900879,-29.646739959716797,-35.92119598388672
1623786837225,2021-06-15T19:55:21.735Z,95.647,11.220108985900879,-29.271739959716797,-34.73369598388672
1623786837265,2021-06-15T19:55:21.736Z,95.687,10.845108985900879,-29.271739959716797,-34.42119598388672
1623786837304,2021-06-15T19:55:21.752Z,95.726,9.032608985900879,-29.271739959716797,-35.98369598388672
1623786837345,2021-06-15T19:55:21.767Z,95.767,11.595108985900879,-29.646739959716797,-36.73369598388672
1623786837385,2021-06-15T19:55:21.780Z,95.807,11.220108985900879,-29.646739959716797,-35.60869598388672
1623786837424,2021-06-15T19:55:21.794Z,95.846,10.470108985900879,-28.896739959716797,-35.98369598388672
1623786837464,2021-06-15T19:55:21.809Z,95.886,9.720108985900879,-29.271739959716797,-35.54619598388672
1623786837505,2021-06-15T19:55:21.811Z,95.927,9.720108985900879,-28.146739959716797,-35.98369598388672
1623786837544,2021-06-15T19:55:21.825Z,95.966,12.345108985900879,-31.084239959716797,-36.73369598388672
1623786837584,2021-06-15T19:55:21.839Z,96.006,11.220108985900879,-28.521739959716797,-36.73369598388672
1623786837625,2021-06-15T19:55:21.854Z,96.047,11.220108985900879,-30.396739959716797,-35.17119598388672
1623786837664,2021-06-15T19:55:21.870Z,96.086,10.470108985900879,-28.896739959716797,-35.98369598388672
1623786837704,2021-06-15T19:55:21.871Z,96.126,11.220108985900879,-28.146739959716797,-36.79619598388672
1623786837744,2021-06-15T19:55:21.886Z,96.166,10.470108985900879,-28.521739959716797,-35.54619598388672
1623786837785,2021-06-15T19:55:21.901Z,96.207,10.845108985900879,-30.021739959716797,-36.35869598388672
1623786837824,2021-06-15T19:55:21.915Z,96.246,11.970108985900879,-28.521739959716797,-36.35869598388672
1623786837864,2021-06-15T19:55:21.930Z,96.286,11.595108985900879,-28.896739959716797,-35.17119598388672
1623786837905,2021-06-15T19:55:21.960Z,96.327,10.470108985900879,-29.271739959716797,-35.98369598388672
1623786837944,2021-06-15T19:55:21.974Z,96.366,12.282608985900879,-29.271739959716797,-36.79619598388672
1623786837984,2021-06-15T19:55:21.989Z,96.406,12.657608985900879,-28.521739959716797,-34.79619598388672
1623786838025,2021-06-15T19:55:22.004Z,96.447,11.220108985900879,-29.646739959716797,-36.35869598388672
1623786838064,2021-06-15T19:55:22.006Z,96.486,9.720108985900879,-29.271739959716797,-35.92119598388672
1623786838104,2021-06-15T19:55:22.020Z,96.526,9.032608985900879,-28.521739959716797,-34.73369598388672
1623786838143,2021-06-15T19:55:22.036Z,96.565,10.095108985900879,-29.271739959716797,-36.35869598388672
1623786838184,2021-06-15T19:55:22.049Z,96.606,11.220108985900879,-28.896739959716797,-35.98369598388672
1623786838224,2021-06-15T19:55:22.064Z,96.646,10.095108985900879,-28.521739959716797,-34.79619598388672
1623786838264,2021-06-15T19:55:22.066Z,96.686,10.470108985900879,-29.271739959716797,-37.10869598388672
1623786838305,2021-06-15T19:55:22.081Z,96.727,12.345108985900879,-28.521739959716797,-36.35869598388672
1623786838344,2021-06-15T19:55:22.095Z,96.766,10.845108985900879,-29.646739959716797,-36.73369598388672
1623786838384,2021-06-15T19:55:22.109Z,96.806,10.470108985900879,-29.646739959716797,-37.92119598388672
1623786838423,2021-06-15T19:55:22.124Z,96.845,11.970108985900879,-28.896739959716797,-36.35869598388672
1623786838464,2021-06-15T19:55:22.139Z,96.886,13.407608985900879,-30.709239959716797,-35.17119598388672
1623786838504,2021-06-15T19:55:22.141Z,96.926,10.845108985900879,-34.7717399597168,-36.35869598388672
1623786838543,2021-06-15T19:55:22.155Z,96.965,9.720108985900879,-32.9592399597168,-36.35869598388672
1623786838584,2021-06-15T19:55:22.169Z,97.006,11.970108985900879,-38.4592399597168,-35.17119598388672
1623786838624,2021-06-15T19:55:22.185Z,97.046,10.845108985900879,-38.0842399597168,-36.35869598388672
1623786838663,2021-06-15T19:55:22.201Z,97.085,11.970108985900879,-31.459239959716797,-35.98369598388672
1623786838703,2021-06-15T19:55:22.216Z,97.125,12.282608985900879,-31.084239959716797,-36.42119598388672
1623786838744,2021-06-15T19:55:22.229Z,97.166,10.470108985900879,-29.271739959716797,-37.98369598388672
1623786838784,2021-06-15T19:55:22.245Z,97.206,11.595108985900879,-29.646739959716797,-36.35869598388672
1623786838823,2021-06-15T19:55:22.259Z,97.245,10.470108985900879,-29.646739959716797,-35.98369598388672
1623786838864,2021-06-15T19:55:22.261Z,97.286,9.345108985900879,-31.084239959716797,-37.10869598388672
1623786838904,2021-06-15T19:55:22.275Z,97.326,10.845108985900879,-29.646739959716797,-35.17119598388672
1623786838943,2021-06-15T19:55:22.290Z,97.365,10.095108985900879,-29.271739959716797,-36.35869598388672
1623786838984,2021-06-15T19:55:22.304Z,97.406,11.970108985900879,-29.646739959716797,-35.17119598388672
1623786839024,2021-06-15T19:55:22.306Z,97.446,11.595108985900879,-30.396739959716797,-36.79619598388672
1623786839063,2021-06-15T19:55:22.320Z,97.485,10.470108985900879,-28.521739959716797,-35.98369598388672
1623786839103,2021-06-15T19:55:22.335Z,97.525,10.845108985900879,-30.021739959716797,-37.17119598388672
1623786839144,2021-06-15T19:55:22.349Z,97.566,11.220108985900879,-29.271739959716797,-36.42119598388672
1623786839183,2021-06-15T19:55:22.365Z,97.605,10.470108985900879,-28.521739959716797,-35.17119598388672
1623786839223,2021-06-15T19:55:22.366Z,97.645,10.470108985900879,-30.396739959716797,-35.98369598388672
1623786839264,2021-06-15T19:55:22.383Z,97.686,10.470108985900879,-30.021739959716797,-36.42119598388672
1623786839304,2021-06-15T19:55:22.395Z,97.726,11.220108985900879,-28.896739959716797,-36.35869598388672
1623786839343,2021-06-15T19:55:22.409Z,97.765,11.220108985900879,-31.834239959716797,-37.54619598388672
1623786839383,2021-06-15T19:55:22.424Z,97.805,9.720108985900879,-27.771739959716797,-35.98369598388672
1623786839424,2021-06-15T19:55:22.439Z,97.846,9.720108985900879,-29.271739959716797,-35.98369598388672
1623786839463,2021-06-15T19:55:22.441Z,97.885,10.095108985900879,-31.459239959716797,-36.35869598388672
1623786839503,2021-06-15T19:55:22.455Z,97.925,11.220108985900879,-28.896739959716797,-36.42119598388672
1623786839544,2021-06-15T19:55:22.471Z,97.966,9.720108985900879,-27.771739959716797,-35.92119598388672
1623786839583,2021-06-15T19:55:22.484Z,98.005,10.470108985900879,-29.646739959716797,-37.17119598388672
1623786839623,2021-06-15T19:55:22.502Z,98.045,11.970108985900879,-29.646739959716797,-35.54619598388672
1623786839664,2021-06-15T19:55:22.503Z,98.086,11.970108985900879,-29.271739959716797,-35.98369598388672
1623786839704,2021-06-15T19:55:22.519Z,98.126,9.345108985900879,-30.396739959716797,-36.35869598388672
1623786839743,2021-06-15T19:55:22.531Z,98.165,10.095108985900879,-29.646739959716797,-35.54619598388672
1623786839783,2021-06-15T19:55:22.545Z,98.205,10.470108985900879,-28.896739959716797,-35.17119598388672
1623786839824,2021-06-15T19:55:22.559Z,98.246,10.095108985900879,-30.021739959716797,-35.98369598388672
1623786839863,2021-06-15T19:55:22.574Z,98.285,12.282608985900879,-28.896739959716797,-36.35869598388672
1623786839903,2021-06-15T19:55:22.576Z,98.325,11.970108985900879,-29.646739959716797,-34.79619598388672
1623786839944,2021-06-15T19:55:22.590Z,98.366,12.282608985900879,-30.021739959716797,-35.60869598388672
1623786839983,2021-06-15T19:55:22.604Z,98.405,10.845108985900879,-28.521739959716797,-35.98369598388672
1623786840023,2021-06-15T19:55:22.619Z,98.445,10.845108985900879,-28.521739959716797,-35.98369598388672
1623786840064,2021-06-15T19:55:22.634Z,98.486,11.595108985900879,-30.396739959716797,-35.92119598388672
1623786840103,2021-06-15T19:55:22.636Z,98.525,11.220108985900879,-29.271739959716797,-35.98369598388672
1623786840143,2021-06-15T19:55:22.650Z,98.565,13.032608985900879,-29.271739959716797,-35.60869598388672
1623786840183,2021-06-15T19:55:22.680Z,98.605,11.220108985900879,-30.709239959716797,-35.60869598388672
1623786840224,2021-06-15T19:55:22.694Z,98.646,10.845108985900879,-28.896739959716797,-35.98369598388672
1623786840263,2021-06-15T19:55:22.709Z,98.685,11.970108985900879,-29.646739959716797,-35.17119598388672
1623786840304,2021-06-15T19:55:22.711Z,98.726,11.220108985900879,-28.896739959716797,-35.17119598388672
1623786840344,2021-06-15T19:55:22.726Z,98.766,10.095108985900879,-29.271739959716797,-37.17119598388672
1623786840383,2021-06-15T19:55:22.755Z,98.805,11.970108985900879,-29.271739959716797,-34.42119598388672
1623786840423,2021-06-15T19:55:22.756Z,98.845,10.470108985900879,-28.146739959716797,-36.79619598388672
1623786840464,2021-06-15T19:55:22.770Z,98.886,12.657608985900879,-28.896739959716797,-35.60869598388672
1623786840503,2021-06-15T19:55:22.785Z,98.925,12.282608985900879,-28.896739959716797,-35.17119598388672
1623786840543,2021-06-15T19:55:22.799Z,98.965,10.470108985900879,-28.896739959716797,-35.98369598388672
1623786840582,2021-06-15T19:55:22.814Z,99.004,9.345108985900879,-28.896739959716797,-35.17119598388672
1623786840623,2021-06-15T19:55:22.829Z,99.045,11.220108985900879,-28.521739959716797,-35.92119598388672
1623786840663,2021-06-15T19:55:22.831Z,99.085,10.845108985900879,-28.146739959716797,-36.73369598388672
1623786840703,2021-06-15T19:55:22.845Z,99.125,11.220108985900879,-29.646739959716797,-35.17119598388672
1623786840744,2021-06-15T19:55:22.859Z,99.166,11.595108985900879,-28.146739959716797,-34.73369598388672
1623786840783,2021-06-15T19:55:22.875Z,99.205,10.845108985900879,-28.146739959716797,-36.35869598388672
1623786840823,2021-06-15T19:55:22.889Z,99.245,9.032608985900879,-29.646739959716797,-35.92119598388672
1623786840862,2021-06-15T19:55:22.891Z,99.284,10.095108985900879,-31.834239959716797,-35.17119598388672
1623786840903,2021-06-15T19:55:22.920Z,99.325,11.220108985900879,-32.5842399597168,-37.54619598388672
1623786840943,2021-06-15T19:55:22.935Z,99.365,10.095108985900879,-32.9592399597168,-35.60869598388672
1623786840982,2021-06-15T19:55:22.949Z,99.404,10.470108985900879,-30.709239959716797,-36.42119598388672
1623786841023,2021-06-15T19:55:22.964Z,99.445,10.845108985900879,-30.021739959716797,-36.79619598388672
1623786841063,2021-06-15T19:55:23.009Z,99.485,10.845108985900879,-29.646739959716797,-34.79619598388672
1623786841102,2021-06-15T19:55:23.024Z,99.524,9.032608985900879,-28.896739959716797,-35.60869598388672
1623786841143,2021-06-15T19:55:23.026Z,99.565,12.657608985900879,-29.271739959716797,-36.42119598388672
1623786841183,2021-06-15T19:55:23.041Z,99.605,10.095108985900879,-28.146739959716797,-35.98369598388672
1623786841223,2021-06-15T19:55:23.056Z,99.645,11.970108985900879,-28.896739959716797,-36.42119598388672
1623786841262,2021-06-15T19:55:23.069Z,99.684,10.845108985900879,-28.896739959716797,-36.73369598388672
1623786841303,2021-06-15T19:55:23.084Z,99.725,10.470108985900879,-29.271739959716797,-35.17119598388672
1623786841343,2021-06-15T19:55:23.099Z,99.765,10.095108985900879,-27.771739959716797,-34.35869598388672
1623786841382,2021-06-15T19:55:23.101Z,99.804,10.470108985900879,-30.021739959716797,-37.17119598388672
1623786841423,2021-06-15T19:55:23.115Z,99.845,10.470108985900879,-28.896739959716797,-36.73369598388672
1623786841463,2021-06-15T19:55:23.130Z,99.885,11.220108985900879,-28.521739959716797,-35.98369598388672
1623786841502,2021-06-15T19:55:23.144Z,99.924,9.032608985900879,-29.646739959716797,-37.17119598388672
1623786841542,2021-06-15T19:55:23.159Z,99.964,10.845108985900879,-29.646739959716797,-36.35869598388672
1623786841583,2021-06-15T19:55:23.161Z,100.005,11.595108985900879,-28.146739959716797,-35.54619598388672
1623786841622,2021-06-15T19:55:23.180Z,100.044,13.407608985900879,-28.896739959716797,-37.98369598388672
1623786841662,2021-06-15T19:55:23.190Z,100.084,10.845108985900879,-29.271739959716797,-35.98369598388672
1623786841703,2021-06-15T19:55:23.204Z,100.125,10.845108985900879,-28.146739959716797,-36.35869598388672
1623786841743,2021-06-15T19:55:23.219Z,100.165,11.595108985900879,-28.146739959716797,-35.98369598388672
1623786841782,2021-06-15T19:55:23.221Z,100.204,10.470108985900879,-29.271739959716797,-35.98369598388672
1623786841823,2021-06-15T19:55:23.236Z,100.245,11.595108985900879,-29.646739959716797,-35.98369598388672
1623786841863,2021-06-15T19:55:23.250Z,100.285,11.970108985900879,-28.896739959716797,-35.92119598388672
1623786841902,2021-06-15T19:55:23.265Z,100.324,10.845108985900879,-28.896739959716797,-35.17119598388672
1623786841942,2021-06-15T19:55:23.280Z,100.364,11.220108985900879,-30.021739959716797,-35.23369598388672
1623786841983,2021-06-15T19:55:23.294Z,100.405,9.720108985900879,-29.646739959716797,-36.79619598388672
1623786842022,2021-06-15T19:55:23.296Z,100.444,10.845108985900879,-28.146739959716797,-35.17119598388672
1623786842062,2021-06-15T19:55:23.310Z,100.484,10.470108985900879,-27.771739959716797,-35.60869598388672
1623786842103,2021-06-15T19:55:23.325Z,100.525,11.595108985900879,-28.146739959716797,-35.60869598388672
1623786842142,2021-06-15T19:55:23.339Z,100.564,10.095108985900879,-28.896739959716797,-36.79619598388672
1623786842182,2021-06-15T19:55:23.354Z,100.604,10.845108985900879,-30.709239959716797,-34.35869598388672
1623786842223,2021-06-15T19:55:23.356Z,100.645,10.095108985900879,-28.521739959716797,-38.35869598388672
1623786842263,2021-06-15T19:55:23.373Z,100.685,11.220108985900879,-28.146739959716797,-35.98369598388672
1623786842302,2021-06-15T19:55:23.385Z,100.724,12.282608985900879,-28.521739959716797,-35.60869598388672
1623786842342,2021-06-15T19:55:23.400Z,100.764,12.657608985900879,-28.896739959716797,-36.73369598388672
1623786842383,2021-06-15T19:55:23.414Z,100.805,10.845108985900879,-28.896739959716797,-35.54619598388672
1623786842422,2021-06-15T19:55:23.429Z,100.844,11.595108985900879,-28.521739959716797,-35.17119598388672
1623786842462,2021-06-15T19:55:23.431Z,100.884,9.720108985900879,-30.021739959716797,-37.54619598388672
1623786842503,2021-06-15T19:55:23.445Z,100.925,12.282608985900879,-28.521739959716797,-35.17119598388672
1623786842542,2021-06-15T19:55:23.459Z,100.964,11.595108985900879,-29.646739959716797,-33.98369598388672
1623786842582,2021-06-15T19:55:23.474Z,101.004,13.032608985900879,-30.021739959716797,-37.10869598388672
1623786842623,2021-06-15T19:55:23.489Z,101.045,10.095108985900879,-27.396739959716797,-35.98369598388672
1623786842662,2021-06-15T19:55:23.491Z,101.084,10.095108985900879,-28.521739959716797,-35.17119598388672
1623786842702,2021-06-15T19:55:23.506Z,101.124,10.845108985900879,-28.521739959716797,-37.10869598388672
1623786842742,2021-06-15T19:55:23.521Z,101.164,11.595108985900879,-28.146739959716797,-36.35869598388672
1623786842783,2021-06-15T19:55:23.535Z,101.205,10.470108985900879,-28.521739959716797,-36.42119598388672
1623786842822,2021-06-15T19:55:23.536Z,101.244,10.470108985900879,-30.021739959716797,-35.60869598388672
1623786842862,2021-06-15T19:55:23.551Z,101.284,11.220108985900879,-28.896739959716797,-35.98369598388672
1623786842903,2021-06-15T19:55:23.565Z,101.325,10.845108985900879,-27.771739959716797,-34.73369598388672
1623786842942,2021-06-15T19:55:23.579Z,101.364,10.470108985900879,-29.271739959716797,-36.73369598388672
1623786842982,2021-06-15T19:55:23.594Z,101.404,10.095108985900879,-28.896739959716797,-33.98369598388672
1623786843021,2021-06-15T19:55:23.596Z,101.443,12.282608985900879,-30.396739959716797,-35.60869598388672
1623786843062,2021-06-15T19:55:23.611Z,101.484,10.470108985900879,-27.771739959716797,-36.35869598388672
1623786843102,2021-06-15T19:55:23.626Z,101.524,9.720108985900879,-28.896739959716797,-35.17119598388672
1623786843141,2021-06-15T19:55:23.642Z,101.563,10.845108985900879,-31.459239959716797,-35.17119598388672
1623786843183,2021-06-15T19:55:23.655Z,101.605,10.470108985900879,-35.1467399597168,-36.35869598388672
1623786843222,2021-06-15T19:55:23.669Z,101.644,10.095108985900879,-35.8967399597168,-34.73369598388672
1623786843262,2021-06-15T19:55:23.671Z,101.684,9.345108985900879,-35.8967399597168,-34.79619598388672
1623786843303,2021-06-15T19:55:23.685Z,101.725,9.720108985900879,-32.2092399597168,-36.79619598388672
1623786843342,2021-06-15T19:55:23.700Z,101.764,10.845108985900879,-30.709239959716797,-35.98369598388672
1623786843382,2021-06-15T19:55:23.714Z,101.804,12.282608985900879,-28.896739959716797,-35.54619598388672
1623786843421,2021-06-15T19:55:23.729Z,101.843,10.845108985900879,-28.896739959716797,-37.54619598388672
1623786843462,2021-06-15T19:55:23.731Z,101.884,11.595108985900879,-28.896739959716797,-36.73369598388672
1623786843502,2021-06-15T19:55:23.746Z,101.924,11.220108985900879,-29.271739959716797,-35.54619598388672
1623786843541,2021-06-15T19:55:23.761Z,101.963,11.970108985900879,-29.271739959716797,-36.73369598388672
1623786843582,2021-06-15T19:55:23.775Z,102.004,10.470108985900879,-28.146739959716797,-35.98369598388672
1623786843622,2021-06-15T19:55:23.789Z,102.044,10.095108985900879,-28.896739959716797,-36.35869598388672
1623786843662,2021-06-15T19:55:23.804Z,102.084,11.220108985900879,-29.646739959716797,-36.35869598388672
1623786843703,2021-06-15T19:55:23.806Z,102.125,9.345108985900879,-30.396739959716797,-36.35869598388672
1623786843742,2021-06-15T19:55:23.820Z,102.164,12.345108985900879,-28.896739959716797,-36.35869598388672
1623786843782,2021-06-15T19:55:23.835Z,102.204,11.970108985900879,-29.646739959716797,-36.35869598388672
1623786843821,2021-06-15T19:55:23.849Z,102.243,11.220108985900879,-29.646739959716797,-35.98369598388672
1623786843862,2021-06-15T19:55:23.864Z,102.284,11.595108985900879,-29.271739959716797,-36.73369598388672
1623786843902,2021-06-15T19:55:23.866Z,102.324,10.470108985900879,-28.521739959716797,-36.79619598388672
1623786843941,2021-06-15T19:55:23.880Z,102.363,11.220108985900879,-29.271739959716797,-36.79619598388672
1623786843982,2021-06-15T19:55:23.895Z,102.404,11.220108985900879,-29.271739959716797,-36.35869598388672
1623786844022,2021-06-15T19:55:23.910Z,102.444,10.845108985900879,-30.396739959716797,-36.35869598388672
1623786844061,2021-06-15T19:55:23.924Z,102.483,11.970108985900879,-28.521739959716797,-36.35869598388672
1623786844101,2021-06-15T19:55:23.926Z,102.523,11.970108985900879,-30.021739959716797,-35.98369598388672
1623786844142,2021-06-15T19:55:23.941Z,102.564,10.470108985900879,-29.646739959716797,-37.17119598388672
1623786844182,2021-06-15T19:55:23.955Z,102.604,9.032608985900879,-29.646739959716797,-36.35869598388672
1623786844221,2021-06-15T19:55:24.000Z,102.643,12.282608985900879,-28.896739959716797,-35.98369598388672
1623786844262,2021-06-15T19:55:24.015Z,102.684,11.220108985900879,-28.521739959716797,-37.10869598388672
1623786844302,2021-06-15T19:55:24.029Z,102.724,12.657608985900879,-28.521739959716797,-35.54619598388672
1623786844341,2021-06-15T19:55:24.031Z,102.763,12.657608985900879,-29.271739959716797,-35.17119598388672
1623786844382,2021-06-15T19:55:24.046Z,102.804,9.720108985900879,-29.271739959716797,-37.17119598388672
1623786844422,2021-06-15T19:55:24.061Z,102.844,12.282608985900879,-29.646739959716797,-35.98369598388672
1623786844461,2021-06-15T19:55:24.074Z,102.883,9.720108985900879,-28.521739959716797,-36.35869598388672
1623786844501,2021-06-15T19:55:24.089Z,102.923,10.845108985900879,-29.271739959716797,-36.73369598388672
1623786844542,2021-06-15T19:55:24.104Z,102.964,10.470108985900879,-29.271739959716797,-36.73369598388672
1623786844581,2021-06-15T19:55:24.106Z,103.003,10.095108985900879,-28.521739959716797,-36.35869598388672
1623786844621,2021-06-15T19:55:24.120Z,103.043,11.970108985900879,-28.896739959716797,-37.54619598388672
1623786844662,2021-06-15T19:55:24.136Z,103.084,11.970108985900879,-30.396739959716797,-36.79619598388672
1623786844702,2021-06-15T19:55:24.149Z,103.124,10.845108985900879,-27.771739959716797,-36.79619598388672
1623786844741,2021-06-15T19:55:24.164Z,103.163,11.220108985900879,-29.646739959716797,-37.54619598388672
1623786844782,2021-06-15T19:55:24.166Z,103.204,10.845108985900879,-28.521739959716797,-35.17119598388672
1623786844822,2021-06-15T19:55:24.183Z,103.244,10.095108985900879,-28.896739959716797,-35.98369598388672
1623786844861,2021-06-15T19:55:24.196Z,103.283,11.595108985900879,-30.021739959716797,-35.98369598388672
1623786844902,2021-06-15T19:55:24.211Z,103.324,11.220108985900879,-28.896739959716797,-35.54619598388672
1623786844942,2021-06-15T19:55:24.224Z,103.364,11.970108985900879,-28.896739959716797,-35.98369598388672
1623786844981,2021-06-15T19:55:24.239Z,103.403,9.345108985900879,-29.646739959716797,-36.42119598388672
1623786845021,2021-06-15T19:55:24.241Z,103.443,10.095108985900879,-28.521739959716797,-35.17119598388672
1623786845062,2021-06-15T19:55:24.255Z,103.484,10.470108985900879,-28.896739959716797,-35.17119598388672
1623786845101,2021-06-15T19:55:24.269Z,103.523,11.220108985900879,-28.896739959716797,-35.60869598388672
1623786845141,2021-06-15T19:55:24.284Z,103.563,10.095108985900879,-28.521739959716797,-35.98369598388672
1623786845181,2021-06-15T19:55:24.300Z,103.603,11.595108985900879,-29.271739959716797,-35.17119598388672
1623786845222,2021-06-15T19:55:24.302Z,103.644,10.095108985900879,-30.709239959716797,-36.73369598388672
1623786845261,2021-06-15T19:55:24.315Z,103.683,10.845108985900879,-28.521739959716797,-36.42119598388672
1623786845301,2021-06-15T19:55:24.330Z,103.723,10.470108985900879,-28.896739959716797,-35.17119598388672
1623786845342,2021-06-15T19:55:24.345Z,103.764,11.595108985900879,-27.771739959716797,-37.17119598388672
1623786845381,2021-06-15T19:55:24.359Z,103.803,10.470108985900879,-28.896739959716797,-35.17119598388672
1623786845421,2021-06-15T19:55:24.361Z,103.843,9.720108985900879,-28.896739959716797,-34.79619598388672
1623786845462,2021-06-15T19:55:24.375Z,103.884,10.470108985900879,-28.896739959716797,-35.98369598388672
1623786845501,2021-06-15T19:55:24.389Z,103.923,9.032608985900879,-30.396739959716797,-34.79619598388672
1623786845541,2021-06-15T19:55:24.391Z,103.963,10.470108985900879,-34.0217399597168,-35.98369598388672
1623786845580,2021-06-15T19:55:24.405Z,104.002,10.845108985900879,-35.1467399597168,-37.98369598388672
1623786845621,2021-06-15T19:55:24.420Z,104.043,10.470108985900879,-33.3342399597168,-34.73369598388672
1623786845661,2021-06-15T19:55:24.434Z,104.083,11.220108985900879,-30.709239959716797,-35.60869598388672
1623786845701,2021-06-15T19:55:24.450Z,104.123,9.032608985900879,-29.646739959716797,-37.54619598388672
1623786845742,2021-06-15T19:55:24.465Z,104.164,10.845108985900879,-30.021739959716797,-35.98369598388672
1623786845781,2021-06-15T19:55:24.480Z,104.203,10.095108985900879,-29.271739959716797,-35.92119598388672
1623786845821,2021-06-15T19:55:24.482Z,104.243,11.220108985900879,-28.146739959716797,-36.73369598388672
1623786845862,2021-06-15T19:55:24.496Z,104.284,12.282608985900879,-28.896739959716797,-36.35869598388672
1623786845901,2021-06-15T19:55:24.510Z,104.323,11.970108985900879,-29.271739959716797,-36.35869598388672
1623786845941,2021-06-15T19:55:24.524Z,104.363,11.970108985900879,-28.896739959716797,-38.73369598388672
1623786845980,2021-06-15T19:55:24.539Z,104.402,10.095108985900879,-28.521739959716797,-36.73369598388672
1623786846021,2021-06-15T19:55:24.541Z,104.443,10.095108985900879,-28.146739959716797,-36.35869598388672
1623786846061,2021-06-15T19:55:24.556Z,104.483,12.282608985900879,-28.521739959716797,-37.54619598388672
1623786846100,2021-06-15T19:55:24.572Z,104.522,11.220108985900879,-29.271739959716797,-35.17119598388672
1623786846141,2021-06-15T19:55:24.588Z,104.563,12.657608985900879,-29.271739959716797,-34.79619598388672
1623786846181,2021-06-15T19:55:24.600Z,104.603,12.282608985900879,-28.146739959716797,-35.17119598388672
1623786846221,2021-06-15T19:55:24.614Z,104.643,10.845108985900879,-28.146739959716797,-35.54619598388672
1623786846260,2021-06-15T19:55:24.617Z,104.682,12.345108985900879,-28.521739959716797,-35.54619598388672
1623786846301,2021-06-15T19:55:24.630Z,104.723,11.220108985900879,-30.021739959716797,-37.54619598388672
1623786846341,2021-06-15T19:55:24.661Z,104.763,11.595108985900879,-28.146739959716797,-36.35869598388672
1623786846380,2021-06-15T19:55:24.674Z,104.802,9.345108985900879,-29.646739959716797,-35.98369598388672
1623786846421,2021-06-15T19:55:24.689Z,104.843,11.970108985900879,-29.646739959716797,-37.17119598388672
1623786846461,2021-06-15T19:55:24.691Z,104.883,10.470108985900879,-28.521739959716797,-35.92119598388672
1623786846500,2021-06-15T19:55:24.705Z,104.922,10.470108985900879,-30.021739959716797,-35.60869598388672
1623786846541,2021-06-15T19:55:24.721Z,104.963,12.657608985900879,-28.146739959716797,-36.35869598388672
1623786846581,2021-06-15T19:55:24.735Z,105.003,10.470108985900879,-28.521739959716797,-37.17119598388672
1623786846620,2021-06-15T19:55:24.749Z,105.042,11.595108985900879,-31.459239959716797,-36.79619598388672
1623786846660,2021-06-15T19:55:24.751Z,105.082,11.220108985900879,-28.521739959716797,-36.73369598388672
1623786846701,2021-06-15T19:55:24.766Z,105.123,9.720108985900879,-29.271739959716797,-35.54619598388672
1623786846741,2021-06-15T19:55:24.780Z,105.163,11.595108985900879,-31.834239959716797,-35.60869598388672
1623786846780,2021-06-15T19:55:24.794Z,105.202,11.220108985900879,-28.521739959716797,-36.35869598388672
1623786846821,2021-06-15T19:55:24.809Z,105.243,10.845108985900879,-27.771739959716797,-34.79619598388672
1623786846861,2021-06-15T19:55:24.824Z,105.283,11.970108985900879,-34.0217399597168,-35.60869598388672
1623786846900,2021-06-15T19:55:24.826Z,105.322,9.720108985900879,-28.521739959716797,-37.17119598388672
1623786846941,2021-06-15T19:55:24.840Z,105.363,12.282608985900879,-28.896739959716797,-35.98369598388672
1623786846981,2021-06-15T19:55:24.854Z,105.403,11.220108985900879,-36.2717399597168,-35.17119598388672
1623786847020,2021-06-15T19:55:24.870Z,105.442,9.720108985900879,-30.709239959716797,-37.54619598388672
1623786847060,2021-06-15T19:55:24.885Z,105.482,9.720108985900879,-30.021739959716797,-35.60869598388672
1623786847101,2021-06-15T19:55:24.886Z,105.523,10.470108985900879,-36.9592399597168,-35.54619598388672
1623786847141,2021-06-15T19:55:24.901Z,105.563,9.345108985900879,-29.271739959716797,-35.98369598388672
1623786847180,2021-06-15T19:55:24.915Z,105.602,13.032608985900879,-29.646739959716797,-33.98369598388672
1623786847221,2021-06-15T19:55:24.929Z,105.643,10.095108985900879,-38.8342399597168,-35.17119598388672
1623786847261,2021-06-15T19:55:24.944Z,105.683,10.095108985900879,-29.271739959716797,-35.98369598388672
1623786847300,2021-06-15T19:55:24.959Z,105.722,10.095108985900879,-28.896739959716797,-35.17119598388672
1623786847341,2021-06-15T19:55:24.961Z,105.763,10.845108985900879,-40.6467399597168,-35.54619598388672
1623786847381,2021-06-15T19:55:25.004Z,105.803,11.220108985900879,-29.646739959716797,-37.17119598388672
1623786847420,2021-06-15T19:55:25.019Z,105.842,11.220108985900879,-28.146739959716797,-36.35869598388672
1623786847460,2021-06-15T19:55:25.021Z,105.882,11.970108985900879,-45.8342399597168,-35.92119598388672
1623786847501,2021-06-15T19:55:25.035Z,105.923,11.970108985900879,-31.459239959716797,-35.98369598388672
1623786847540,2021-06-15T19:55:25.052Z,105.962,11.595108985900879,-33.6467399597168,-34.73369598388672
1623786847580,2021-06-15T19:55:25.064Z,106.002,10.845108985900879,-45.4592399597168,-35.17119598388672
1623786847621,2021-06-15T19:55:25.080Z,106.043,9.345108985900879,-28.896739959716797,-36.42119598388672
1623786847661,2021-06-15T19:55:25.081Z,106.083,11.595108985900879,-29.646739959716797,-35.54619598388672
1623786847700,2021-06-15T19:55:25.096Z,106.122,11.595108985900879,-43.5842399597168,-35.17119598388672
1623786847740,2021-06-15T19:55:25.110Z,106.162,10.470108985900879,-31.084239959716797,-36.35869598388672
1623786847781,2021-06-15T19:55:25.124Z,106.203,11.220108985900879,-32.5842399597168,-35.92119598388672
1623786847820,2021-06-15T19:55:25.139Z,106.242,13.032608985900879,-41.0217399597168,-35.54619598388672
1623786847860,2021-06-15T19:55:25.154Z,106.282,11.220108985900879,-36.2717399597168,-36.73369598388672
1623786847901,2021-06-15T19:55:25.156Z,106.323,10.095108985900879,-36.6467399597168,-35.54619598388672
1623786847940,2021-06-15T19:55:25.170Z,106.362,10.845108985900879,-39.8967399597168,-34.73369598388672
1623786847980,2021-06-15T19:55:25.185Z,106.402,12.657608985900879,-31.459239959716797,-36.35869598388672
1623786848021,2021-06-15T19:55:25.201Z,106.443,9.720108985900879,-28.896739959716797,-35.92119598388672
1623786848060,2021-06-15T19:55:25.214Z,106.482,11.595108985900879,-41.0217399597168,-36.35869598388672
1623786848100,2021-06-15T19:55:25.216Z,106.522,11.220108985900879,-30.021739959716797,-36.79619598388672
1623786848140,2021-06-15T19:55:25.230Z,106.562,10.095108985900879,-29.271739959716797,-35.17119598388672
1623786848181,2021-06-15T19:55:25.245Z,106.603,10.470108985900879,-40.6467399597168,-36.79619598388672
1623786848220,2021-06-15T19:55:25.261Z,106.642,11.595108985900879,-30.396739959716797,-36.42119598388672
1623786848260,2021-06-15T19:55:25.274Z,106.682,12.282608985900879,-29.646739959716797,-35.17119598388672
1623786848301,2021-06-15T19:55:25.277Z,106.723,9.720108985900879,-40.6467399597168,-35.17119598388672
1623786848340,2021-06-15T19:55:25.291Z,106.762,10.095108985900879,-27.771739959716797,-36.73369598388672
1623786848380,2021-06-15T19:55:25.305Z,106.802,10.095108985900879,-28.521739959716797,-35.60869598388672
1623786848421,2021-06-15T19:55:25.319Z,106.843,11.970108985900879,-39.5842399597168,-35.60869598388672
1623786848460,2021-06-15T19:55:25.334Z,106.882,11.595108985900879,-31.084239959716797,-37.60869598388672
1623786848500,2021-06-15T19:55:25.350Z,106.922,10.470108985900879,-28.896739959716797,-36.79619598388672
1623786848539,2021-06-15T19:55:25.351Z,106.961,10.845108985900879,-38.8342399597168,-35.98369598388672
1623786848580,2021-06-15T19:55:25.366Z,107.002,11.220108985900879,-29.271739959716797,-37.17119598388672
1623786848620,2021-06-15T19:55:25.379Z,107.042,8.657608985900879,-28.146739959716797,-35.60869598388672
1623786848660,2021-06-15T19:55:25.396Z,107.082,11.220108985900879,-39.2092399597168,-35.54619598388672
1623786848701,2021-06-15T19:55:25.409Z,107.123,10.845108985900879,-29.271739959716797,-37.54619598388672
1623786848740,2021-06-15T19:55:25.412Z,107.162,11.595108985900879,-29.646739959716797,-35.98369598388672
1623786848780,2021-06-15T19:55:25.426Z,107.202,11.970108985900879,-39.5842399597168,-36.35869598388672
1623786848821,2021-06-15T19:55:25.440Z,107.243,11.220108985900879,-28.521739959716797,-36.73369598388672
1623786848860,2021-06-15T19:55:25.454Z,107.282,11.220108985900879,-27.771739959716797,-35.98369598388672
1623786848900,2021-06-15T19:55:25.469Z,107.322,12.657608985900879,-37.7092399597168,-35.98369598388672
1623786848939,2021-06-15T19:55:25.484Z,107.361,11.595108985900879,-27.771739959716797,-37.10869598388672
1623786848980,2021-06-15T19:55:25.486Z,107.402,10.845108985900879,-28.896739959716797,-36.35869598388672
1623786849020,2021-06-15T19:55:25.500Z,107.442,12.345108985900879,-35.8967399597168,-36.35869598388672
1623786849059,2021-06-15T19:55:25.514Z,107.481,10.470108985900879,-29.646739959716797,-36.35869598388672
1623786849100,2021-06-15T19:55:25.529Z,107.522,11.220108985900879,-29.646739959716797,-35.98369598388672
1623786849140,2021-06-15T19:55:25.544Z,107.562,10.845108985900879,-34.7717399597168,-36.73369598388672
1623786849180,2021-06-15T19:55:25.546Z,107.602,11.595108985900879,-28.146739959716797,-36.73369598388672
1623786849221,2021-06-15T19:55:25.560Z,107.643,10.845108985900879,-28.146739959716797,-35.17119598388672
1623786849260,2021-06-15T19:55:25.575Z,107.682,11.970108985900879,-35.8967399597168,-36.73369598388672
1623786849300,2021-06-15T19:55:25.590Z,107.722,11.595108985900879,-28.896739959716797,-37.54619598388672
1623786849339,2021-06-15T19:55:25.604Z,107.761,11.595108985900879,-28.521739959716797,-36.35869598388672
1623786849380,2021-06-15T19:55:25.606Z,107.802,10.470108985900879,-33.6467399597168,-37.10869598388672
1623786849420,2021-06-15T19:55:25.621Z,107.842,11.220108985900879,-27.771739959716797,-36.79619598388672
1623786849459,2021-06-15T19:55:25.637Z,107.881,11.220108985900879,-27.771739959716797,-35.54619598388672
1623786849500,2021-06-15T19:55:25.649Z,107.922,13.407608985900879,-32.9592399597168,-37.17119598388672
1623786849540,2021-06-15T19:55:25.664Z,107.962,12.282608985900879,-29.646739959716797,-36.79619598388672
1623786849579,2021-06-15T19:55:25.681Z,108.001,10.470108985900879,-28.521739959716797,-34.42119598388672
1623786849620,2021-06-15T19:55:25.682Z,108.042,10.470108985900879,-32.2092399597168,-35.60869598388672
1623786849660,2021-06-15T19:55:25.695Z,108.082,10.095108985900879,-30.021739959716797,-36.73369598388672
1623786849700,2021-06-15T19:55:25.696Z,108.122,10.470108985900879,-29.271739959716797,-36.35869598388672
1623786849739,2021-06-15T19:55:25.711Z,108.161,12.282608985900879,-33.6467399597168,-35.17119598388672
1623786849780,2021-06-15T19:55:25.725Z,108.202,11.220108985900879,-28.521739959716797,-36.73369598388672
1623786849820,2021-06-15T19:55:25.739Z,108.242,11.595108985900879,-27.396739959716797,-35.98369598388672
1623786849859,2021-06-15T19:55:25.755Z,108.281,10.845108985900879,-32.2092399597168,-37.17119598388672
1623786849900,2021-06-15T19:55:25.769Z,108.322,10.095108985900879,-27.459239959716797,-35.98369598388672
1623786849940,2021-06-15T19:55:25.771Z,108.362,9.345108985900879,-29.646739959716797,-35.92119598388672
1623786849979,2021-06-15T19:55:25.787Z,108.401,11.220108985900879,-31.084239959716797,-35.98369598388672
1623786850020,2021-06-15T19:55:25.800Z,108.442,9.720108985900879,-28.896739959716797,-35.60869598388672
1623786850060,2021-06-15T19:55:25.814Z,108.482,9.345108985900879,-28.896739959716797,-35.17119598388672
1623786850100,2021-06-15T19:55:25.829Z,108.522,9.720108985900879,-30.709239959716797,-36.42119598388672
1623786850139,2021-06-15T19:55:25.831Z,108.561,10.470108985900879,-28.521739959716797,-35.60869598388672
1623786850180,2021-06-15T19:55:25.846Z,108.602,10.845108985900879,-28.896739959716797,-36.35869598388672
1623786850220,2021-06-15T19:55:25.860Z,108.642,9.345108985900879,-32.5842399597168,-35.54619598388672
1623786850259,2021-06-15T19:55:25.876Z,108.681,9.720108985900879,-34.7717399597168,-37.17119598388672
1623786850300,2021-06-15T19:55:25.889Z,108.722,12.657608985900879,-35.1467399597168,-37.17119598388672
1623786850340,2021-06-15T19:55:25.904Z,108.762,9.345108985900879,-31.834239959716797,-36.73369598388672
1623786850379,2021-06-15T19:55:25.907Z,108.801,11.970108985900879,-27.771739959716797,-36.35869598388672
1623786850420,2021-06-15T19:55:25.921Z,108.842,10.470108985900879,-28.896739959716797,-35.98369598388672
1623786850460,2021-06-15T19:55:25.937Z,108.882,10.095108985900879,-28.896739959716797,-37.98369598388672
1623786850499,2021-06-15T19:55:25.949Z,108.921,11.220108985900879,-28.896739959716797,-36.79619598388672
1623786850539,2021-06-15T19:55:25.964Z,108.961,10.845108985900879,-29.271739959716797,-35.98369598388672
1623786850580,2021-06-15T19:55:26.009Z,109.002,10.845108985900879,-27.771739959716797,-35.98369598388672
1623786850620,2021-06-15T19:55:26.011Z,109.042,11.970108985900879,-28.521739959716797,-37.98369598388672
1623786850659,2021-06-15T19:55:26.025Z,109.081,11.220108985900879,-28.896739959716797,-36.42119598388672
1623786850700,2021-06-15T19:55:26.040Z,109.122,11.970108985900879,-29.646739959716797,-36.79619598388672
1623786850740,2021-06-15T19:55:26.054Z,109.162,10.470108985900879,-28.521739959716797,-37.17119598388672
1623786850779,2021-06-15T19:55:26.070Z,109.201,11.220108985900879,-28.521739959716797,-36.42119598388672
1623786850820,2021-06-15T19:55:26.072Z,109.242,11.220108985900879,-29.271739959716797,-37.23369598388672
1623786850860,2021-06-15T19:55:26.085Z,109.282,10.845108985900879,-28.521739959716797,-37.54619598388672
1623786850899,2021-06-15T19:55:26.100Z,109.321,11.595108985900879,-29.271739959716797,-35.60869598388672
1623786850939,2021-06-15T19:55:26.114Z,109.361,9.032608985900879,-29.271739959716797,-36.79619598388672
1623786850980,2021-06-15T19:55:26.129Z,109.402,11.970108985900879,-27.771739959716797,-36.35869598388672
1623786851019,2021-06-15T19:55:26.131Z,109.441,12.282608985900879,-26.709239959716797,-35.60869598388672
1623786851059,2021-06-15T19:55:26.146Z,109.481,11.970108985900879,-29.646739959716797,-36.35869598388672
1623786851100,2021-06-15T19:55:26.160Z,109.522,11.970108985900879,-28.146739959716797,-36.73369598388672
1623786851140,2021-06-15T19:55:26.175Z,109.562,11.595108985900879,-28.521739959716797,-35.98369598388672
1623786851179,2021-06-15T19:55:26.189Z,109.601,12.657608985900879,-28.521739959716797,-37.54619598388672
1623786851219,2021-06-15T19:55:26.204Z,109.641,12.282608985900879,-28.146739959716797,-36.79619598388672
1623786851260,2021-06-15T19:55:26.208Z,109.682,10.095108985900879,-28.896739959716797,-36.04619598388672
1623786851299,2021-06-15T19:55:26.220Z,109.721,12.282608985900879,-29.271739959716797,-36.35869598388672
1623786851339,2021-06-15T19:55:26.235Z,109.761,9.720108985900879,-28.896739959716797,-36.42119598388672
1623786851380,2021-06-15T19:55:26.250Z,109.802,11.970108985900879,-28.896739959716797,-36.42119598388672
1623786851419,2021-06-15T19:55:26.264Z,109.841,10.470108985900879,-29.646739959716797,-38.35869598388672
1623786851459,2021-06-15T19:55:26.266Z,109.881,12.282608985900879,-27.771739959716797,-36.35869598388672
1623786851500,2021-06-15T19:55:26.281Z,109.922,11.595108985900879,-29.271739959716797,-35.54619598388672
1623786851539,2021-06-15T19:55:26.295Z,109.961,12.282608985900879,-28.521739959716797,-37.60869598388672
1623786851579,2021-06-15T19:55:26.309Z,110.001,10.470108985900879,-31.834239959716797,-36.79619598388672
1623786851619,2021-06-15T19:55:26.324Z,110.041,11.595108985900879,-28.896739959716797,-36.73369598388672
1623786851660,2021-06-15T19:55:26.342Z,110.082,12.282608985900879,-28.521739959716797,-37.17119598388672
1623786851699,2021-06-15T19:55:26.342Z,110.121,10.095108985900879,-29.271739959716797,-37.54619598388672
1623786851739,2021-06-15T19:55:26.357Z,110.161,12.282608985900879,-28.521739959716797,-35.98369598388672
1623786851780,2021-06-15T19:55:26.370Z,110.202,11.970108985900879,-29.646739959716797,-36.35869598388672
1623786851819,2021-06-15T19:55:26.385Z,110.241,10.845108985900879,-29.646739959716797,-36.73369598388672
1623786851859,2021-06-15T19:55:26.399Z,110.281,12.657608985900879,-28.896739959716797,-35.17119598388672
1623786851900,2021-06-15T19:55:26.401Z,110.322,12.282608985900879,-30.396739959716797,-37.17119598388672
1623786851939,2021-06-15T19:55:26.415Z,110.361,10.095108985900879,-28.521739959716797,-36.79619598388672
1623786851979,2021-06-15T19:55:26.431Z,110.401,11.220108985900879,-28.896739959716797,-35.92119598388672
1623786852020,2021-06-15T19:55:26.445Z,110.442,11.220108985900879,-28.521739959716797,-35.98369598388672
1623786852059,2021-06-15T19:55:26.459Z,110.481,9.720108985900879,-29.271739959716797,-37.54619598388672
1623786852099,2021-06-15T19:55:26.461Z,110.521,10.095108985900879,-28.146739959716797,-35.98369598388672
1623786852139,2021-06-15T19:55:26.476Z,110.561,11.970108985900879,-28.146739959716797,-36.79619598388672
1623786852180,2021-06-15T19:55:26.490Z,110.602,12.657608985900879,-28.146739959716797,-37.17119598388672
1623786852219,2021-06-15T19:55:26.506Z,110.641,10.845108985900879,-27.771739959716797,-35.98369598388672
1623786852259,2021-06-15T19:55:26.520Z,110.681,10.845108985900879,-28.146739959716797,-37.17119598388672
1623786852300,2021-06-15T19:55:26.534Z,110.722,12.282608985900879,-29.646739959716797,-37.17119598388672
1623786852339,2021-06-15T19:55:26.537Z,110.761,11.595108985900879,-29.271739959716797,-35.54619598388672
1623786852379,2021-06-15T19:55:26.550Z,110.801,12.657608985900879,-31.084239959716797,-37.17119598388672
1623786852418,2021-06-15T19:55:26.565Z,110.84,11.220108985900879,-28.521739959716797,-37.17119598388672
1623786852459,2021-06-15T19:55:26.579Z,110.881,11.220108985900879,-28.521739959716797,-35.98369598388672
1623786852499,2021-06-15T19:55:26.594Z,110.921,13.032608985900879,-32.2092399597168,-36.35869598388672
1623786852538,2021-06-15T19:55:26.596Z,110.96,11.595108985900879,-31.834239959716797,-37.10869598388672
1623786852579,2021-06-15T19:55:26.610Z,111.001,9.345108985900879,-33.7092399597168,-35.17119598388672
1623786852619,2021-06-15T19:55:26.626Z,111.041,10.470108985900879,-36.9592399597168,-37.54619598388672
1623786852659,2021-06-15T19:55:26.640Z,111.081,10.095108985900879,-35.5217399597168,-36.35869598388672
1623786852700,2021-06-15T19:55:26.655Z,111.122,11.220108985900879,-34.7717399597168,-35.98369598388672
1623786852739,2021-06-15T19:55:26.669Z,111.161,10.470108985900879,-30.396739959716797,-37.54619598388672
1623786852779,2021-06-15T19:55:26.684Z,111.201,10.845108985900879,-29.271739959716797,-36.79619598388672
1623786852820,2021-06-15T19:55:26.686Z,111.242,11.595108985900879,-28.521739959716797,-37.17119598388672
1623786852859,2021-06-15T19:55:26.701Z,111.281,11.220108985900879,-28.896739959716797,-37.17119598388672
1623786852899,2021-06-15T19:55:26.717Z,111.321,12.345108985900879,-32.5842399597168,-37.92119598388672
1623786852938,2021-06-15T19:55:26.729Z,111.36,10.845108985900879,-27.084239959716797,-36.42119598388672
1623786852979,2021-06-15T19:55:26.744Z,111.401,10.095108985900879,-28.521739959716797,-36.79619598388672
1623786853019,2021-06-15T19:55:26.744Z,111.441,10.470108985900879,-28.896739959716797,-37.60869598388672
1623786853058,2021-06-15T19:55:26.760Z,111.48,10.845108985900879,-28.521739959716797,-36.35869598388672
1623786853100,2021-06-15T19:55:26.774Z,111.522,9.345108985900879,-30.396739959716797,-37.17119598388672
1623786853139,2021-06-15T19:55:26.776Z,111.561,11.970108985900879,-29.271739959716797,-37.17119598388672
1623786853179,2021-06-15T19:55:26.791Z,111.601,12.657608985900879,-28.521739959716797,-35.60869598388672
1623786853220,2021-06-15T19:55:26.806Z,111.642,10.095108985900879,-29.646739959716797,-37.17119598388672
1623786853259,2021-06-15T19:55:26.819Z,111.681,11.595108985900879,-28.896739959716797,-37.17119598388672
1623786853299,2021-06-15T19:55:26.834Z,111.721,10.845108985900879,-27.771739959716797,-35.98369598388672
1623786853338,2021-06-15T19:55:26.836Z,111.76,9.345108985900879,-27.771739959716797,-36.79619598388672
1623786853379,2021-06-15T19:55:26.851Z,111.801,10.470108985900879,-28.896739959716797,-37.17119598388672
1623786853419,2021-06-15T19:55:26.865Z,111.841,10.470108985900879,-28.521739959716797,-36.42119598388672
1623786853458,2021-06-15T19:55:26.879Z,111.88,12.345108985900879,-30.396739959716797,-37.10869598388672
1623786853499,2021-06-15T19:55:26.894Z,111.921,10.845108985900879,-29.646739959716797,-37.98369598388672
1623786853539,2021-06-15T19:55:26.909Z,111.961,11.970108985900879,-28.146739959716797,-36.35869598388672
1623786853579,2021-06-15T19:55:26.911Z,112.001,10.095108985900879,-29.271739959716797,-37.60869598388672
1623786853620,2021-06-15T19:55:26.926Z,112.042,10.845108985900879,-29.646739959716797,-37.54619598388672
1623786853659,2021-06-15T19:55:26.940Z,112.081,11.970108985900879,-28.146739959716797,-35.54619598388672
1623786853699,2021-06-15T19:55:26.958Z,112.121,11.220108985900879,-28.521739959716797,-37.98369598388672
1623786853738,2021-06-15T19:55:26.986Z,112.16,12.657608985900879,-28.146739959716797,-37.98369598388672
1623786853779,2021-06-15T19:55:27.001Z,112.201,10.470108985900879,-27.396739959716797,-35.98369598388672
1623786853819,2021-06-15T19:55:27.017Z,112.241,11.220108985900879,-28.521739959716797,-36.35869598388672
1623786853858,2021-06-15T19:55:27.029Z,112.28,10.845108985900879,-28.521739959716797,-37.17119598388672
1623786853899,2021-06-15T19:55:27.045Z,112.321,10.095108985900879,-28.521739959716797,-35.60869598388672
1623786853939,2021-06-15T19:55:27.059Z,112.361,11.220108985900879,-29.271739959716797,-35.54619598388672
1623786853978,2021-06-15T19:55:27.061Z,112.4,10.845108985900879,-29.646739959716797,-37.54619598388672
1623786854019,2021-06-15T19:55:27.075Z,112.441,10.470108985900879,-29.271739959716797,-35.17119598388672
1623786854059,2021-06-15T19:55:27.091Z,112.481,11.595108985900879,-30.021739959716797,-37.54619598388672
1623786854099,2021-06-15T19:55:27.107Z,112.521,11.595108985900879,-29.271739959716797,-36.79619598388672
1623786854138,2021-06-15T19:55:27.124Z,112.56,10.470108985900879,-27.771739959716797,-36.35869598388672
1623786854179,2021-06-15T19:55:27.124Z,112.601,11.970108985900879,-31.459239959716797,-36.73369598388672
1623786854219,2021-06-15T19:55:27.136Z,112.641,11.595108985900879,-29.271739959716797,-36.35869598388672
1623786854258,2021-06-15T19:55:27.150Z,112.68,11.220108985900879,-28.896739959716797,-36.79619598388672
1623786854299,2021-06-15T19:55:27.165Z,112.721,10.095108985900879,-31.459239959716797,-36.79619598388672
1623786854339,2021-06-15T19:55:27.179Z,112.761,10.095108985900879,-29.646739959716797,-36.35869598388672
1623786854380,2021-06-15T19:55:27.194Z,112.802,11.220108985900879,-29.271739959716797,-35.54619598388672
1623786854419,2021-06-15T19:55:27.196Z,112.841,11.595108985900879,-29.646739959716797,-37.17119598388672
1623786854459,2021-06-15T19:55:27.210Z,112.881,12.657608985900879,-28.896739959716797,-36.42119598388672
1623786854498,2021-06-15T19:55:27.225Z,112.92,11.595108985900879,-28.146739959716797,-36.73369598388672
1623786854538,2021-06-15T19:55:27.239Z,112.96,11.220108985900879,-30.021739959716797,-36.73369598388672
1623786854579,2021-06-15T19:55:27.241Z,113.001,10.845108985900879,-28.521739959716797,-37.17119598388672
1623786854619,2021-06-15T19:55:27.256Z,113.041,10.095108985900879,-30.396739959716797,-35.17119598388672
1623786854658,2021-06-15T19:55:27.269Z,113.08,9.720108985900879,-31.084239959716797,-37.17119598388672
1623786854699,2021-06-15T19:55:27.284Z,113.121,11.220108985900879,-28.521739959716797,-36.73369598388672
1623786854739,2021-06-15T19:55:27.299Z,113.161,11.970108985900879,-30.021739959716797,-35.17119598388672
1623786854778,2021-06-15T19:55:27.301Z,113.2,9.720108985900879,-28.146739959716797,-37.54619598388672
1623786854819,2021-06-15T19:55:27.315Z,113.241,11.970108985900879,-28.146739959716797,-35.98369598388672
1623786854859,2021-06-15T19:55:27.332Z,113.281,9.720108985900879,-28.146739959716797,-35.98369598388672
1623786854898,2021-06-15T19:55:27.345Z,113.32,11.220108985900879,-30.021739959716797,-36.35869598388672
1623786854938,2021-06-15T19:55:27.359Z,113.36,10.470108985900879,-28.896739959716797,-36.35869598388672
1623786854979,2021-06-15T19:55:27.361Z,113.401,11.220108985900879,-32.2092399597168,-35.98369598388672
1623786855018,2021-06-15T19:55:27.376Z,113.44,11.595108985900879,-34.0217399597168,-36.35869598388672
1623786855058,2021-06-15T19:55:27.391Z,113.48,10.095108985900879,-33.3342399597168,-36.73369598388672
1623786855099,2021-06-15T19:55:27.408Z,113.521,9.720108985900879,-33.3342399597168,-35.92119598388672
1623786855139,2021-06-15T19:55:27.419Z,113.561,11.220108985900879,-32.9592399597168,-36.73369598388672
1623786855178,2021-06-15T19:55:27.434Z,113.6,11.220108985900879,-28.896739959716797,-36.35869598388672
1623786855219,2021-06-15T19:55:27.436Z,113.641,11.220108985900879,-28.896739959716797,-35.98369598388672
1623786855259,2021-06-15T19:55:27.450Z,113.681,9.720108985900879,-30.709239959716797,-36.35869598388672
1623786855298,2021-06-15T19:55:27.464Z,113.72,11.220108985900879,-28.521739959716797,-37.17119598388672
1623786855339,2021-06-15T19:55:27.479Z,113.761,11.595108985900879,-28.521739959716797,-35.60869598388672
1623786855379,2021-06-15T19:55:27.494Z,113.801,9.032608985900879,-30.709239959716797,-36.79619598388672
1623786855418,2021-06-15T19:55:27.496Z,113.84,10.845108985900879,-28.146739959716797,-37.98369598388672
1623786855458,2021-06-15T19:55:27.524Z,113.88,10.845108985900879,-28.521739959716797,-35.54619598388672
1623786855499,2021-06-15T19:55:27.539Z,113.921,11.220108985900879,-28.896739959716797,-37.17119598388672
1623786855538,2021-06-15T19:55:27.541Z,113.96,10.845108985900879,-28.146739959716797,-37.98369598388672
1623786855578,2021-06-15T19:55:27.557Z,114,10.845108985900879,-29.271739959716797,-36.73369598388672
1623786855619,2021-06-15T19:55:27.573Z,114.041,10.845108985900879,-27.396739959716797,-37.60869598388672
1623786855659,2021-06-15T19:55:27.584Z,114.081,11.970108985900879,-27.771739959716797,-36.35869598388672
1623786855698,2021-06-15T19:55:27.599Z,114.12,10.095108985900879,-28.896739959716797,-36.42119598388672
1623786855739,2021-06-15T19:55:27.601Z,114.161,11.595108985900879,-27.396739959716797,-36.73369598388672
1623786855779,2021-06-15T19:55:27.616Z,114.201,10.095108985900879,-28.146739959716797,-36.85869598388672
1623786855818,2021-06-15T19:55:27.630Z,114.24,9.032608985900879,-28.521739959716797,-35.98369598388672
1623786855858,2021-06-15T19:55:27.645Z,114.28,11.970108985900879,-30.396739959716797,-37.54619598388672
1623786855899,2021-06-15T19:55:27.660Z,114.321,10.845108985900879,-29.646739959716797,-37.54619598388672
1623786855938,2021-06-15T19:55:27.674Z,114.36,13.032608985900879,-28.146739959716797,-36.73369598388672
1623786855978,2021-06-15T19:55:27.676Z,114.4,9.720108985900879,-31.834239959716797,-37.17119598388672
1623786856019,2021-06-15T19:55:27.690Z,114.441,13.407608985900879,-28.521739959716797,-35.98369598388672
1623786856058,2021-06-15T19:55:27.706Z,114.48,11.970108985900879,-28.521739959716797,-36.42119598388672
1623786856098,2021-06-15T19:55:27.720Z,114.52,9.720108985900879,-31.459239959716797,-36.35869598388672
1623786856139,2021-06-15T19:55:27.734Z,114.561,10.470108985900879,-28.521739959716797,-36.35869598388672
1623786856179,2021-06-15T19:55:27.740Z,114.601,11.595108985900879,-28.896739959716797,-35.98369598388672
1623786856218,2021-06-15T19:55:27.750Z,114.64,11.970108985900879,-28.146739959716797,-38.73369598388672
1623786856259,2021-06-15T19:55:27.765Z,114.681,11.220108985900879,-28.146739959716797,-35.98369598388672
1623786856299,2021-06-15T19:55:27.780Z,114.721,13.032608985900879,-28.896739959716797,-35.54619598388672
1623786856338,2021-06-15T19:55:27.795Z,114.76,11.220108985900879,-29.271739959716797,-36.79619598388672
1623786856378,2021-06-15T19:55:27.796Z,114.8,11.595108985900879,-28.146739959716797,-36.42119598388672
1623786856419,2021-06-15T19:55:27.812Z,114.841,11.220108985900879,-28.521739959716797,-36.35869598388672
1623786856458,2021-06-15T19:55:27.826Z,114.88,11.595108985900879,-29.646739959716797,-37.54619598388672
1623786856498,2021-06-15T19:55:27.840Z,114.92,10.845108985900879,-29.271739959716797,-36.79619598388672
1623786856539,2021-06-15T19:55:27.855Z,114.961,11.595108985900879,-29.646739959716797,-36.79619598388672
1623786856579,2021-06-15T19:55:27.869Z,115.001,10.845108985900879,-28.896739959716797,-36.79619598388672
1623786856618,2021-06-15T19:55:27.871Z,115.04,10.845108985900879,-28.896739959716797,-35.60869598388672
1623786856659,2021-06-15T19:55:27.885Z,115.081,11.595108985900879,-28.896739959716797,-35.60869598388672
1623786856699,2021-06-15T19:55:27.900Z,115.121,10.845108985900879,-28.896739959716797,-36.73369598388672
1623786856738,2021-06-15T19:55:27.914Z,115.16,10.470108985900879,-28.521739959716797,-35.98369598388672
1623786856779,2021-06-15T19:55:27.929Z,115.201,11.970108985900879,-29.646739959716797,-35.17119598388672
1623786856819,2021-06-15T19:55:27.931Z,115.241,10.470108985900879,-28.896739959716797,-36.42119598388672
1623786856858,2021-06-15T19:55:27.974Z,115.28,11.595108985900879,-27.771739959716797,-35.54619598388672
1623786856898,2021-06-15T19:55:27.976Z,115.32,13.032608985900879,-28.896739959716797,-35.98369598388672
1623786856939,2021-06-15T19:55:27.991Z,115.361,12.282608985900879,-28.521739959716797,-36.35869598388672
1623786856978,2021-06-15T19:55:28.006Z,115.4,10.095108985900879,-28.896739959716797,-36.35869598388672
1623786857018,2021-06-15T19:55:28.019Z,115.44,11.220108985900879,-28.521739959716797,-35.98369598388672
1623786857059,2021-06-15T19:55:28.036Z,115.481,10.095108985900879,-28.896739959716797,-35.54619598388672
1623786857099,2021-06-15T19:55:28.049Z,115.521,12.657608985900879,-28.896739959716797,-35.17119598388672
1623786857138,2021-06-15T19:55:28.051Z,115.56,11.970108985900879,-28.521739959716797,-35.92119598388672
1623786857178,2021-06-15T19:55:28.066Z,115.6,10.470108985900879,-28.521739959716797,-36.35869598388672
1623786857219,2021-06-15T19:55:28.079Z,115.641,11.970108985900879,-27.084239959716797,-35.98369598388672
1623786857258,2021-06-15T19:55:28.095Z,115.68,10.845108985900879,-29.271739959716797,-35.54619598388672
1623786857298,2021-06-15T19:55:28.109Z,115.72,13.032608985900879,-30.021739959716797,-37.17119598388672
1623786857339,2021-06-15T19:55:28.112Z,115.761,11.595108985900879,-31.084239959716797,-35.98369598388672
1623786857378,2021-06-15T19:55:28.126Z,115.8,9.720108985900879,-34.0217399597168,-36.35869598388672
1623786857418,2021-06-15T19:55:28.141Z,115.84,11.595108985900879,-37.7092399597168,-37.60869598388672
1623786857459,2021-06-15T19:55:28.154Z,115.881,10.845108985900879,-36.9592399597168,-36.79619598388672
1623786857498,2021-06-15T19:55:28.169Z,115.92,12.657608985900879,-31.459239959716797,-36.35869598388672
1623786857538,2021-06-15T19:55:28.171Z,115.96,10.470108985900879,-30.709239959716797,-37.54619598388672
1623786857579,2021-06-15T19:55:28.186Z,116.001,10.845108985900879,-28.521739959716797,-35.54619598388672
1623786857619,2021-06-15T19:55:28.200Z,116.041,10.470108985900879,-30.396739959716797,-35.98369598388672
1623786857658,2021-06-15T19:55:28.215Z,116.08,11.595108985900879,-28.896739959716797,-39.54619598388672
1623786857699,2021-06-15T19:55:28.230Z,116.121,11.220108985900879,-27.771739959716797,-35.98369598388672
1623786857739,2021-06-15T19:55:28.244Z,116.161,9.720108985900879,-30.021739959716797,-37.17119598388672
1623786857778,2021-06-15T19:55:28.246Z,116.2,10.095108985900879,-29.646739959716797,-37.92119598388672
1623786857818,2021-06-15T19:55:28.260Z,116.24,10.845108985900879,-28.146739959716797,-36.42119598388672
1623786857859,2021-06-15T19:55:28.275Z,116.281,10.095108985900879,-29.271739959716797,-35.17119598388672
1623786857898,2021-06-15T19:55:28.290Z,116.32,11.220108985900879,-28.521739959716797,-36.79619598388672
1623786857938,2021-06-15T19:55:28.304Z,116.36,10.470108985900879,-29.646739959716797,-36.35869598388672
1623786857977,2021-06-15T19:55:28.306Z,116.399,11.970108985900879,-28.896739959716797,-36.79619598388672
1623786858018,2021-06-15T19:55:28.321Z,116.44,10.845108985900879,-29.271739959716797,-36.79619598388672
1623786858058,2021-06-15T19:55:28.335Z,116.48,10.845108985900879,-27.771739959716797,-37.17119598388672
1623786858098,2021-06-15T19:55:28.350Z,116.52,10.470108985900879,-28.146739959716797,-36.35869598388672
1623786858139,2021-06-15T19:55:28.365Z,116.561,11.970108985900879,-28.521739959716797,-37.10869598388672
1623786858178,2021-06-15T19:55:28.366Z,116.6,10.845108985900879,-28.896739959716797,-36.73369598388672
1623786858218,2021-06-15T19:55:28.380Z,116.64,10.845108985900879,-29.646739959716797,-35.60869598388672
1623786858259,2021-06-15T19:55:28.394Z,116.681,11.220108985900879,-32.2092399597168,-37.17119598388672
1623786858298,2021-06-15T19:55:28.409Z,116.72,9.720108985900879,-27.771739959716797,-35.98369598388672
1623786858338,2021-06-15T19:55:28.424Z,116.76,11.595108985900879,-28.521739959716797,-37.17119598388672
1623786858377,2021-06-15T19:55:28.426Z,116.799,10.845108985900879,-28.146739959716797,-37.54619598388672
1623786858418,2021-06-15T19:55:28.440Z,116.84,12.282608985900879,-28.896739959716797,-36.35869598388672
1623786858458,2021-06-15T19:55:28.455Z,116.88,12.657608985900879,-28.521739959716797,-35.60869598388672
1623786858497,2021-06-15T19:55:28.469Z,116.919,11.970108985900879,-27.396739959716797,-37.60869598388672
1623786858538,2021-06-15T19:55:28.484Z,116.96,11.970108985900879,-28.521739959716797,-35.98369598388672
1623786858578,2021-06-15T19:55:28.486Z,117,12.657608985900879,-28.521739959716797,-36.42119598388672
1623786858618,2021-06-15T19:55:28.501Z,117.04,10.470108985900879,-27.396739959716797,-37.17119598388672
1623786858659,2021-06-15T19:55:28.516Z,117.081,11.970108985900879,-29.271739959716797,-35.98369598388672
1623786858698,2021-06-15T19:55:28.529Z,117.12,11.595108985900879,-28.146739959716797,-36.73369598388672
1623786858738,2021-06-15T19:55:28.544Z,117.16,10.470108985900879,-28.521739959716797,-37.54619598388672
1623786858777,2021-06-15T19:55:28.546Z,117.199,10.095108985900879,-28.896739959716797,-35.54619598388672
1623786858818,2021-06-15T19:55:28.561Z,117.24,11.595108985900879,-28.521739959716797,-35.60869598388672
1623786858858,2021-06-15T19:55:28.575Z,117.28,10.470108985900879,-29.271739959716797,-37.10869598388672
1623786858897,2021-06-15T19:55:28.590Z,117.319,11.595108985900879,-28.521739959716797,-36.79619598388672
1623786858938,2021-06-15T19:55:28.605Z,117.36,10.845108985900879,-28.896739959716797,-36.35869598388672
1623786858978,2021-06-15T19:55:28.619Z,117.4,11.220108985900879,-27.459239959716797,-36.42119598388672
1623786859017,2021-06-15T19:55:28.622Z,117.439,10.470108985900879,-29.271739959716797,-36.35869598388672
1623786859057,2021-06-15T19:55:28.637Z,117.479,10.845108985900879,-28.521739959716797,-35.23369598388672
1623786859098,2021-06-15T19:55:28.652Z,117.52,11.595108985900879,-27.771739959716797,-36.35869598388672
1623786859138,2021-06-15T19:55:28.667Z,117.56,10.470108985900879,-27.396739959716797,-35.54619598388672
1623786859179,2021-06-15T19:55:28.679Z,117.601,11.970108985900879,-28.521739959716797,-36.79619598388672
1623786859218,2021-06-15T19:55:28.682Z,117.64,11.220108985900879,-27.771739959716797,-36.79619598388672
1623786859258,2021-06-15T19:55:28.694Z,117.68,9.720108985900879,-27.771739959716797,-36.79619598388672
1623786859297,2021-06-15T19:55:28.709Z,117.719,9.345108985900879,-29.271739959716797,-35.98369598388672
1623786859338,2021-06-15T19:55:28.724Z,117.76,11.970108985900879,-28.896739959716797,-37.98369598388672
1623786859378,2021-06-15T19:55:28.728Z,117.8,10.095108985900879,-28.146739959716797,-35.98369598388672
1623786859417,2021-06-15T19:55:28.741Z,117.839,11.220108985900879,-28.521739959716797,-37.17119598388672
1623786859457,2021-06-15T19:55:28.755Z,117.879,10.470108985900879,-30.021739959716797,-37.17119598388672
1623786859498,2021-06-15T19:55:28.770Z,117.92,11.970108985900879,-30.021739959716797,-37.23369598388672
1623786859537,2021-06-15T19:55:28.784Z,117.959,11.970108985900879,-28.146739959716797,-35.98369598388672
1623786859577,2021-06-15T19:55:28.800Z,117.999,10.470108985900879,-28.146739959716797,-36.79619598388672
1623786859618,2021-06-15T19:55:28.815Z,118.04,10.845108985900879,-28.896739959716797,-35.60869598388672
1623786859658,2021-06-15T19:55:28.816Z,118.08,12.282608985900879,-28.896739959716797,-35.54619598388672
1623786859697,2021-06-15T19:55:28.831Z,118.119,11.220108985900879,-29.646739959716797,-37.60869598388672
1623786859738,2021-06-15T19:55:28.860Z,118.16,11.220108985900879,-31.459239959716797,-36.35869598388672
1623786859778,2021-06-15T19:55:28.876Z,118.2,12.657608985900879,-35.8967399597168,-36.73369598388672
1623786859817,2021-06-15T19:55:28.890Z,118.239,11.595108985900879,-30.396739959716797,-37.98369598388672
1623786859857,2021-06-15T19:55:28.893Z,118.279,11.220108985900879,-30.021739959716797,-36.42119598388672
1623786859898,2021-06-15T19:55:28.906Z,118.32,12.282608985900879,-29.646739959716797,-35.98369598388672
1623786859937,2021-06-15T19:55:28.920Z,118.359,10.470108985900879,-28.521739959716797,-37.17119598388672
1623786859977,2021-06-15T19:55:28.935Z,118.399,10.845108985900879,-28.146739959716797,-35.60869598388672
1623786860018,2021-06-15T19:55:28.949Z,118.44,13.407608985900879,-28.146739959716797,-36.35869598388672
1623786860058,2021-06-15T19:55:28.983Z,118.48,9.720108985900879,-28.521739959716797,-37.17119598388672
1623786860097,2021-06-15T19:55:29.000Z,118.519,9.720108985900879,-28.896739959716797,-37.17119598388672
1623786860138,2021-06-15T19:55:29.010Z,118.56,9.345108985900879,-26.709239959716797,-36.42119598388672
1623786860178,2021-06-15T19:55:29.024Z,118.6,10.470108985900879,-29.271739959716797,-37.17119598388672
1623786860217,2021-06-15T19:55:29.039Z,118.639,10.095108985900879,-27.771739959716797,-37.17119598388672
1623786860257,2021-06-15T19:55:29.041Z,118.679,9.720108985900879,-28.896739959716797,-35.98369598388672
1623786860298,2021-06-15T19:55:29.056Z,118.72,10.470108985900879,-29.646739959716797,-37.17119598388672
1623786860337,2021-06-15T19:55:29.070Z,118.759,10.845108985900879,-27.396739959716797,-37.17119598388672
1623786860377,2021-06-15T19:55:29.085Z,118.799,10.845108985900879,-27.771739959716797,-35.54619598388672
1623786860418,2021-06-15T19:55:29.099Z,118.84,11.220108985900879,-27.771739959716797,-36.35869598388672
1623786860457,2021-06-15T19:55:29.115Z,118.879,11.220108985900879,-28.521739959716797,-35.98369598388672
1623786860497,2021-06-15T19:55:29.118Z,118.919,12.657608985900879,-28.521739959716797,-36.35869598388672
1623786860538,2021-06-15T19:55:29.131Z,118.96,13.032608985900879,-28.896739959716797,-37.17119598388672
1623786860578,2021-06-15T19:55:29.145Z,119,10.095108985900879,-28.896739959716797,-36.42119598388672
1623786860617,2021-06-15T19:55:29.160Z,119.039,10.095108985900879,-28.521739959716797,-35.17119598388672
1623786860657,2021-06-15T19:55:29.174Z,119.079,10.845108985900879,-28.521739959716797,-37.10869598388672
1623786860698,2021-06-15T19:55:29.175Z,119.12,10.095108985900879,-28.146739959716797,-36.73369598388672
1623786860737,2021-06-15T19:55:29.190Z,119.159,10.845108985900879,-28.896739959716797,-36.35869598388672
1623786860777,2021-06-15T19:55:29.204Z,119.199,10.845108985900879,-28.521739959716797,-37.98369598388672
1623786860818,2021-06-15T19:55:29.219Z,119.24,10.845108985900879,-28.521739959716797,-36.79619598388672
1623786860857,2021-06-15T19:55:29.221Z,119.279,9.345108985900879,-28.521739959716797,-35.98369598388672
1623786860897,2021-06-15T19:55:29.236Z,119.319,11.595108985900879,-28.146739959716797,-38.35869598388672
1623786860938,2021-06-15T19:55:29.251Z,119.36,10.095108985900879,-29.646739959716797,-35.17119598388672
1623786860977,2021-06-15T19:55:29.268Z,119.399,10.470108985900879,-29.271739959716797,-37.54619598388672
1623786861017,2021-06-15T19:55:29.281Z,119.439,11.970108985900879,-29.646739959716797,-37.17119598388672
1623786861057,2021-06-15T19:55:29.296Z,119.479,9.720108985900879,-27.396739959716797,-36.79619598388672
1623786861098,2021-06-15T19:55:29.310Z,119.52,11.220108985900879,-28.146739959716797,-35.98369598388672
1623786861137,2021-06-15T19:55:29.313Z,119.559,10.845108985900879,-29.271739959716797,-37.98369598388672
1623786861177,2021-06-15T19:55:29.325Z,119.599,10.845108985900879,-28.521739959716797,-37.17119598388672
1623786861218,2021-06-15T19:55:29.340Z,119.64,10.845108985900879,-28.521739959716797,-36.35869598388672
1623786861257,2021-06-15T19:55:29.354Z,119.679,10.845108985900879,-27.771739959716797,-37.54619598388672
1623786861297,2021-06-15T19:55:29.370Z,119.719,9.032608985900879,-30.021739959716797,-36.73369598388672
1623786861338,2021-06-15T19:55:29.371Z,119.76,9.345108985900879,-28.146739959716797,-36.35869598388672
1623786861377,2021-06-15T19:55:29.386Z,119.799,9.720108985900879,-29.646739959716797,-37.54619598388672
1623786861417,2021-06-15T19:55:29.400Z,119.839,10.845108985900879,-29.646739959716797,-35.98369598388672
1623786861456,2021-06-15T19:55:29.414Z,119.878,10.095108985900879,-29.271739959716797,-35.92119598388672
1623786861497,2021-06-15T19:55:29.429Z,119.919,10.095108985900879,-28.146739959716797,-37.54619598388672
1623786861538,2021-06-15T19:55:29.444Z,119.96,9.720108985900879,-28.896739959716797,-37.17119598388672
1623786861577,2021-06-15T19:55:29.445Z,119.999,11.970108985900879,-30.021739959716797,-37.98369598388672
1623786861618,2021-06-15T19:55:29.459Z,120.04,10.470108985900879,-30.021739959716797,-39.54619598388672
1623786861657,2021-06-15T19:55:29.474Z,120.079,8.657608985900879,-29.271739959716797,-40.73369598388672
1623786861697,2021-06-15T19:55:29.489Z,120.119,9.345108985900879,-29.646739959716797,-40.79619598388672
1623786861736,2021-06-15T19:55:29.491Z,120.158,10.095108985900879,-30.396739959716797,-41.98369598388672
1623786861777,2021-06-15T19:55:29.505Z,120.199,7.907608509063721,-30.709239959716797,-39.98369598388672
1623786861817,2021-06-15T19:55:29.520Z,120.239,9.345108985900879,-30.396739959716797,-39.54619598388672
1623786861856,2021-06-15T19:55:29.535Z,120.278,10.470108985900879,-30.396739959716797,-41.92119598388672
1623786861897,2021-06-15T19:55:29.549Z,120.319,9.032608985900879,-30.396739959716797,-39.92119598388672
1623786861937,2021-06-15T19:55:29.556Z,120.359,10.095108985900879,-33.3342399597168,-39.10869598388672
1623786861976,2021-06-15T19:55:29.565Z,120.398,11.220108985900879,-32.9592399597168,-39.10869598388672
1623786862017,2021-06-15T19:55:29.580Z,120.439,9.720108985900879,-36.6467399597168,-37.92119598388672
1623786862057,2021-06-15T19:55:29.594Z,120.479,6.782608509063721,-40.6467399597168,-37.54619598388672
1623786862097,2021-06-15T19:55:29.596Z,120.519,7.907608509063721,-38.0842399597168,-39.54619598388672
1623786862136,2021-06-15T19:55:29.611Z,120.558,10.845108985900879,-36.2717399597168,-37.10869598388672
1623786862177,2021-06-15T19:55:29.625Z,120.599,11.970108985900879,-30.709239959716797,-37.98369598388672
1623786862217,2021-06-15T19:55:29.639Z,120.639,9.720108985900879,-31.084239959716797,-40.73369598388672
1623786862256,2021-06-15T19:55:29.654Z,120.678,9.720108985900879,-29.271739959716797,-39.17119598388672
1623786862297,2021-06-15T19:55:29.670Z,120.719,9.032608985900879,-35.1467399597168,-39.17119598388672
1623786862337,2021-06-15T19:55:29.671Z,120.759,9.032608985900879,-31.459239959716797,-39.17119598388672
1623786862376,2021-06-15T19:55:29.686Z,120.798,10.095108985900879,-30.021739959716797,-38.79619598388672
1623786862417,2021-06-15T19:55:29.700Z,120.839,10.845108985900879,-29.646739959716797,-37.17119598388672
1623786862457,2021-06-15T19:55:29.714Z,120.879,10.470108985900879,-31.084239959716797,-40.73369598388672
1623786862496,2021-06-15T19:55:29.730Z,120.918,11.970108985900879,-28.896739959716797,-38.42119598388672
1623786862536,2021-06-15T19:55:29.731Z,120.958,11.220108985900879,-30.709239959716797,-38.79619598388672
1623786862577,2021-06-15T19:55:29.745Z,120.999,9.345108985900879,-30.021739959716797,-39.92119598388672
1623786862617,2021-06-15T19:55:29.760Z,121.039,11.595108985900879,-30.396739959716797,-38.35869598388672
1623786862656,2021-06-15T19:55:29.774Z,121.078,11.595108985900879,-31.084239959716797,-37.98369598388672
1623786862697,2021-06-15T19:55:29.789Z,121.119,10.095108985900879,-30.396739959716797,-39.98369598388672
1623786862737,2021-06-15T19:55:29.791Z,121.159,8.282608985900879,-30.021739959716797,-38.73369598388672
1623786862776,2021-06-15T19:55:29.806Z,121.198,10.845108985900879,-30.396739959716797,-38.35869598388672
1623786862816,2021-06-15T19:55:29.821Z,121.238,10.470108985900879,-30.709239959716797,-39.17119598388672
1623786862857,2021-06-15T19:55:29.837Z,121.279,9.345108985900879,-29.646739959716797,-38.79619598388672
1623786862896,2021-06-15T19:55:29.849Z,121.318,11.595108985900879,-30.709239959716797,-38.35869598388672
1623786862936,2021-06-15T19:55:29.864Z,121.358,12.345108985900879,-30.396739959716797,-40.35869598388672
1623786862977,2021-06-15T19:55:29.866Z,121.399,10.095108985900879,-30.021739959716797,-38.35869598388672
1623786863016,2021-06-15T19:55:29.881Z,121.438,10.845108985900879,-31.459239959716797,-37.17119598388672
1623786863056,2021-06-15T19:55:29.894Z,121.478,9.032608985900879,-29.646739959716797,-39.17119598388672
1623786863097,2021-06-15T19:55:29.909Z,121.519,11.220108985900879,-29.271739959716797,-37.54619598388672
1623786863137,2021-06-15T19:55:29.924Z,121.559,11.595108985900879,-34.3967399597168,-38.35869598388672
1623786863176,2021-06-15T19:55:29.926Z,121.598,9.720108985900879,-31.084239959716797,-39.54619598388672
1623786863216,2021-06-15T19:55:29.972Z,121.638,9.720108985900879,-29.646739959716797,-37.10869598388672
1623786863257,2021-06-15T19:55:29.986Z,121.679,9.032608985900879,-38.4592399597168,-37.54619598388672
1623786863296,2021-06-15T19:55:30.001Z,121.718,11.220108985900879,-30.396739959716797,-39.54619598388672
1623786863336,2021-06-15T19:55:30.015Z,121.758,10.845108985900879,-29.271739959716797,-37.54619598388672
1623786863377,2021-06-15T19:55:30.029Z,121.799,10.095108985900879,-37.7092399597168,-37.54619598388672
1623786863416,2021-06-15T19:55:30.031Z,121.838,10.095108985900879,-31.834239959716797,-38.73369598388672
1623786863456,2021-06-15T19:55:30.046Z,121.878,10.470108985900879,-30.396739959716797,-37.98369598388672
1623786863497,2021-06-15T19:55:30.060Z,121.919,11.595108985900879,-39.2092399597168,-38.35869598388672
1623786863537,2021-06-15T19:55:30.075Z,121.959,10.845108985900879,-31.834239959716797,-39.92119598388672
1623786863576,2021-06-15T19:55:30.089Z,121.998,10.845108985900879,-28.896739959716797,-39.54619598388672
1623786863616,2021-06-15T19:55:30.105Z,122.038,9.345108985900879,-39.5842399597168,-38.73369598388672
1623786863657,2021-06-15T19:55:30.106Z,122.079,8.657608985900879,-32.2092399597168,-38.73369598388672
1623786863696,2021-06-15T19:55:30.122Z,122.118,9.720108985900879,-29.646739959716797,-38.73369598388672
1623786863736,2021-06-15T19:55:30.134Z,122.158,10.470108985900879,-40.6467399597168,-38.42119598388672
1623786863777,2021-06-15T19:55:30.149Z,122.199,10.470108985900879,-30.396739959716797,-39.17119598388672
1623786863816,2021-06-15T19:55:30.164Z,122.238,9.720108985900879,-29.646739959716797,-39.17119598388672
1623786863856,2021-06-15T19:55:30.165Z,122.278,10.845108985900879,-42.1467399597168,-37.10869598388672
1623786863897,2021-06-15T19:55:30.180Z,122.319,10.095108985900879,-30.334239959716797,-40.73369598388672
1623786863936,2021-06-15T19:55:30.194Z,122.358,9.345108985900879,-29.271739959716797,-38.35869598388672
1623786863976,2021-06-15T19:55:30.196Z,122.398,10.845108985900879,-43.2092399597168,-38.73369598388672
1623786864016,2021-06-15T19:55:30.210Z,122.438,9.345108985900879,-33.6467399597168,-39.54619598388672
1623786864057,2021-06-15T19:55:30.225Z,122.479,11.595108985900879,-29.646739959716797,-37.98369598388672
1623786864096,2021-06-15T19:55:30.239Z,122.518,9.345108985900879,-41.3967399597168,-37.54619598388672
1623786864136,2021-06-15T19:55:30.254Z,122.558,11.970108985900879,-30.021739959716797,-39.54619598388672
1623786864177,2021-06-15T19:55:30.258Z,122.599,9.345108985900879,-28.146739959716797,-37.10869598388672
1623786864216,2021-06-15T19:55:30.270Z,122.638,11.595108985900879,-46.5217399597168,-37.98369598388672
1623786864256,2021-06-15T19:55:30.285Z,122.678,10.470108985900879,-31.084239959716797,-38.35869598388672
1623786864297,2021-06-15T19:55:30.299Z,122.719,10.095108985900879,-30.396739959716797,-37.98369598388672
1623786864336,2021-06-15T19:55:30.314Z,122.758,9.345108985900879,-48.7717399597168,-39.54619598388672
1623786864376,2021-06-15T19:55:30.316Z,122.798,9.032608985900879,-34.3967399597168,-39.92119598388672
1623786864415,2021-06-15T19:55:30.331Z,122.837,9.345108985900879,-32.5842399597168,-37.92119598388672
1623786864456,2021-06-15T19:55:30.346Z,122.878,11.595108985900879,-47.6467399597168,-39.10869598388672
1623786864496,2021-06-15T19:55:30.360Z,122.918,10.470108985900879,-31.834239959716797,-39.54619598388672
1623786864536,2021-06-15T19:55:30.374Z,122.958,9.032608985900879,-31.084239959716797,-39.92119598388672
1623786864577,2021-06-15T19:55:30.389Z,122.999,11.970108985900879,-45.0842399597168,-39.54619598388672
1623786864616,2021-06-15T19:55:30.391Z,123.038,10.470108985900879,-30.396739959716797,-39.17119598388672
1623786864656,2021-06-15T19:55:30.406Z,123.078,11.220108985900879,-29.271739959716797,-38.79619598388672
1623786864697,2021-06-15T19:55:30.420Z,123.119,11.220108985900879,-44.7092399597168,-39.54619598388672
1623786864736,2021-06-15T19:55:30.434Z,123.158,10.095108985900879,-30.021739959716797,-40.35869598388672
1623786864776,2021-06-15T19:55:30.449Z,123.198,9.720108985900879,-28.896739959716797,-38.73369598388672
1623786864815,2021-06-15T19:55:30.451Z,123.237,10.470108985900879,-44.7092399597168,-38.35869598388672
1623786864856,2021-06-15T19:55:30.466Z,123.278,11.970108985900879,-29.646739959716797,-40.35869598388672
1623786864896,2021-06-15T19:55:30.480Z,123.318,12.657608985900879,-30.021739959716797,-39.92119598388672
1623786864935,2021-06-15T19:55:30.495Z,123.357,10.095108985900879,-46.1467399597168,-39.17119598388672
1623786864976,2021-06-15T19:55:30.509Z,123.398,12.345108985900879,-29.271739959716797,-40.35869598388672
1623786865016,2021-06-15T19:55:30.525Z,123.438,11.220108985900879,-29.646739959716797,-39.54619598388672
1623786865056,2021-06-15T19:55:30.527Z,123.478,10.095108985900879,-46.5217399597168,-38.35869598388672
1623786865097,2021-06-15T19:55:30.540Z,123.519,11.970108985900879,-28.521739959716797,-40.73369598388672
1623786865136,2021-06-15T19:55:30.555Z,123.558,10.095108985900879,-29.271739959716797,-39.17119598388672
1623786865176,2021-06-15T19:55:30.569Z,123.598,9.345108985900879,-46.2092399597168,-37.98369598388672
1623786865217,2021-06-15T19:55:30.584Z,123.639,11.595108985900879,-30.021739959716797,-40.35869598388672
1623786865256,2021-06-15T19:55:30.586Z,123.678,11.970108985900879,-29.646739959716797,-38.35869598388672
1623786865296,2021-06-15T19:55:30.600Z,123.718,9.345108985900879,-44.3342399597168,-38.73369598388672
1623786865335,2021-06-15T19:55:30.615Z,123.757,10.470108985900879,-31.084239959716797,-40.35869598388672
1623786865376,2021-06-15T19:55:30.631Z,123.798,10.470108985900879,-29.646739959716797,-37.98369598388672
1623786865416,2021-06-15T19:55:30.646Z,123.838,11.595108985900879,-42.8967399597168,-39.54619598388672
1623786865455,2021-06-15T19:55:30.649Z,123.877,12.657608985900879,-31.084239959716797,-40.79619598388672
1623786865496,2021-06-15T19:55:30.662Z,123.918,9.720108985900879,-29.646739959716797,-39.60869598388672
1623786865536,2021-06-15T19:55:30.676Z,123.958,9.720108985900879,-42.1467399597168,-38.79619598388672
1623786865576,2021-06-15T19:55:30.691Z,123.998,10.470108985900879,-30.396739959716797,-41.17119598388672
1623786865617,2021-06-15T19:55:30.704Z,124.039,10.470108985900879,-29.646739959716797,-38.73369598388672
1623786865656,2021-06-15T19:55:30.719Z,124.078,11.595108985900879,-41.7717399597168,-39.54619598388672
1623786865696,2021-06-15T19:55:30.722Z,124.118,10.845108985900879,-28.896739959716797,-39.98369598388672
1623786865735,2021-06-15T19:55:30.734Z,124.157,10.845108985900879,-29.271739959716797,-38.73369598388672
1623786865776,2021-06-15T19:55:30.736Z,124.198,10.470108985900879,-39.9592399597168,-40.79619598388672
1623786865816,2021-06-15T19:55:30.752Z,124.238,10.470108985900879,-28.896739959716797,-40.35869598388672
1623786865855,2021-06-15T19:55:30.765Z,124.277,10.095108985900879,-28.896739959716797,-39.17119598388672
1623786865896,2021-06-15T19:55:30.781Z,124.318,11.595108985900879,-36.2717399597168,-39.17119598388672
1623786865936,2021-06-15T19:55:30.794Z,124.358,9.720108985900879,-29.271739959716797,-39.54619598388672
1623786865975,2021-06-15T19:55:30.809Z,124.397,10.845108985900879,-29.271739959716797,-39.92119598388672
1623786866015,2021-06-15T19:55:30.811Z,124.437,9.720108985900879,-34.0217399597168,-39.98369598388672
1623786866056,2021-06-15T19:55:30.826Z,124.478,11.595108985900879,-30.396739959716797,-40.35869598388672
1623786866096,2021-06-15T19:55:30.840Z,124.518,9.345108985900879,-28.521739959716797,-38.35869598388672
1623786866135,2021-06-15T19:55:30.855Z,124.557,9.032608985900879,-35.5217399597168,-39.17119598388672
1623786866176,2021-06-15T19:55:30.869Z,124.598,10.095108985900879,-29.646739959716797,-40.73369598388672
1623786866216,2021-06-15T19:55:30.871Z,124.638,10.470108985900879,-28.896739959716797,-38.79619598388672
1623786866255,2021-06-15T19:55:30.886Z,124.677,10.470108985900879,-34.3967399597168,-39.17119598388672
1623786866296,2021-06-15T19:55:30.900Z,124.718,10.845108985900879,-29.271739959716797,-40.35869598388672
1623786866336,2021-06-15T19:55:30.915Z,124.758,10.845108985900879,-30.709239959716797,-38.79619598388672
1623786866375,2021-06-15T19:55:30.929Z,124.797,8.657608985900879,-34.3967399597168,-38.73369598388672
1623786866415,2021-06-15T19:55:30.962Z,124.837,9.720108985900879,-31.084239959716797,-39.17119598388672
1623786866456,2021-06-15T19:55:30.976Z,124.878,8.657608985900879,-28.146739959716797,-38.73369598388672
1623786866495,2021-06-15T19:55:30.990Z,124.917,9.720108985900879,-34.3967399597168,-39.98369598388672
1623786866535,2021-06-15T19:55:31.006Z,124.957,9.720108985900879,-30.021739959716797,-39.17119598388672
1623786866576,2021-06-15T19:55:31.019Z,124.998,9.345108985900879,-29.646739959716797,-39.10869598388672
1623786866616,2021-06-15T19:55:31.035Z,125.038,10.470108985900879,-32.2092399597168,-39.92119598388672
1623786866655,2021-06-15T19:55:31.052Z,125.077,9.720108985900879,-31.834239959716797,-39.92119598388672
1623786866696,2021-06-15T19:55:31.057Z,125.118,10.095108985900879,-35.5217399597168,-38.73369598388672
1623786866736,2021-06-15T19:55:31.067Z,125.158,9.720108985900879,-35.8967399597168,-39.10869598388672
1623786866775,2021-06-15T19:55:31.080Z,125.197,10.095108985900879,-37.7092399597168,-39.92119598388672
1623786866815,2021-06-15T19:55:31.094Z,125.237,9.720108985900879,-33.6467399597168,-38.35869598388672
1623786866856,2021-06-15T19:55:31.109Z,125.278,10.470108985900879,-34.7717399597168,-39.54619598388672
1623786866895,2021-06-15T19:55:31.111Z,125.317,8.657608985900879,-29.646739959716797,-40.35869598388672
1623786866935,2021-06-15T19:55:31.126Z,125.357,11.595108985900879,-29.271739959716797,-39.10869598388672
1623786866976,2021-06-15T19:55:31.140Z,125.398,10.470108985900879,-30.021739959716797,-39.92119598388672
1623786867016,2021-06-15T19:55:31.155Z,125.438,10.095108985900879,-29.271739959716797,-39.92119598388672
1623786867055,2021-06-15T19:55:31.169Z,125.477,11.220108985900879,-28.521739959716797,-38.35869598388672
1623786867095,2021-06-15T19:55:31.171Z,125.517,9.720108985900879,-29.646739959716797,-39.92119598388672
1623786867136,2021-06-15T19:55:31.186Z,125.558,10.470108985900879,-28.521739959716797,-41.10869598388672
1623786867175,2021-06-15T19:55:31.201Z,125.597,10.470108985900879,-28.146739959716797,-38.35869598388672
1623786867215,2021-06-15T19:55:31.215Z,125.637,11.595108985900879,-28.896739959716797,-39.92119598388672
1623786867256,2021-06-15T19:55:31.229Z,125.678,10.470108985900879,-28.896739959716797,-39.10869598388672
1623786867295,2021-06-15T19:55:31.244Z,125.717,10.095108985900879,-28.521739959716797,-39.17119598388672
1623786867335,2021-06-15T19:55:31.246Z,125.757,10.470108985900879,-29.646739959716797,-39.10869598388672
1623786867376,2021-06-15T19:55:31.260Z,125.798,11.970108985900879,-28.896739959716797,-39.98369598388672
1623786867415,2021-06-15T19:55:31.275Z,125.837,10.095108985900879,-28.896739959716797,-40.35869598388672
1623786867455,2021-06-15T19:55:31.289Z,125.877,11.220108985900879,-29.646739959716797,-39.17119598388672
1623786867495,2021-06-15T19:55:31.304Z,125.917,9.720108985900879,-29.271739959716797,-39.17119598388672
1623786867536,2021-06-15T19:55:31.306Z,125.958,10.845108985900879,-28.896739959716797,-39.17119598388672
1623786867575,2021-06-15T19:55:31.321Z,125.997,12.657608985900879,-30.396739959716797,-40.79619598388672
1623786867615,2021-06-15T19:55:31.335Z,126.037,11.595108985900879,-28.146739959716797,-39.54619598388672
1623786867656,2021-06-15T19:55:31.350Z,126.078,10.095108985900879,-32.9592399597168,-38.79619598388672
1623786867695,2021-06-15T19:55:31.364Z,126.117,9.345108985900879,-30.709239959716797,-40.35869598388672
1623786867735,2021-06-15T19:55:31.379Z,126.157,10.095108985900879,-28.896739959716797,-39.54619598388672
1623786867774,2021-06-15T19:55:31.381Z,126.196,9.032608985900879,-28.146739959716797,-37.92119598388672
1623786867815,2021-06-15T19:55:31.395Z,126.237,9.032608985900879,-29.646739959716797,-38.35869598388672
1623786867855,2021-06-15T19:55:31.409Z,126.277,10.470108985900879,-29.646739959716797,-40.79619598388672
1623786867894,2021-06-15T19:55:31.424Z,126.316,10.470108985900879,-29.646739959716797,-38.73369598388672
1623786867935,2021-06-15T19:55:31.439Z,126.357,9.345108985900879,-29.271739959716797,-38.35869598388672
1623786867975,2021-06-15T19:55:31.442Z,126.397,9.720108985900879,-29.646739959716797,-40.35869598388672
1623786868015,2021-06-15T19:55:31.456Z,126.437,11.595108985900879,-29.646739959716797,-39.98369598388672
1623786868056,2021-06-15T19:55:31.470Z,126.478,11.220108985900879,-29.271739959716797,-39.98369598388672
1623786868095,2021-06-15T19:55:31.485Z,126.517,10.845108985900879,-28.896739959716797,-39.54619598388672
1623786868135,2021-06-15T19:55:31.499Z,126.557,10.095108985900879,-28.521739959716797,-38.73369598388672
1623786868174,2021-06-15T19:55:31.501Z,126.596,10.845108985900879,-30.021739959716797,-39.17119598388672
1623786868215,2021-06-15T19:55:31.516Z,126.637,10.470108985900879,-29.271739959716797,-39.17119598388672
1623786868255,2021-06-15T19:55:31.530Z,126.677,11.220108985900879,-29.646739959716797,-39.10869598388672
1623786868294,2021-06-15T19:55:31.545Z,126.716,11.970108985900879,-29.646739959716797,-38.73369598388672
1623786868335,2021-06-15T19:55:31.547Z,126.757,13.032608985900879,-27.396739959716797,-39.10869598388672
1623786868375,2021-06-15T19:55:31.561Z,126.797,9.345108985900879,-29.271739959716797,-38.35869598388672
1623786868414,2021-06-15T19:55:31.575Z,126.836,11.220108985900879,-29.646739959716797,-39.17119598388672
1623786868455,2021-06-15T19:55:31.589Z,126.877,10.845108985900879,-30.709239959716797,-39.98369598388672
1623786868495,2021-06-15T19:55:31.604Z,126.917,11.595108985900879,-30.396739959716797,-38.35869598388672
1623786868535,2021-06-15T19:55:31.606Z,126.957,10.470108985900879,-29.271739959716797,-38.35869598388672
1623786868574,2021-06-15T19:55:31.635Z,126.996,9.720108985900879,-29.646739959716797,-38.35869598388672
1623786868615,2021-06-15T19:55:31.649Z,127.037,10.095108985900879,-30.021739959716797,-37.10869598388672
1623786868655,2021-06-15T19:55:31.651Z,127.077,11.220108985900879,-29.646739959716797,-39.10869598388672
1623786868694,2021-06-15T19:55:31.666Z,127.116,10.095108985900879,-29.271739959716797,-39.10869598388672
1623786868735,2021-06-15T19:55:31.680Z,127.157,11.220108985900879,-28.896739959716797,-38.73369598388672
1623786868775,2021-06-15T19:55:31.695Z,127.197,9.032608985900879,-29.646739959716797,-39.17119598388672
1623786868814,2021-06-15T19:55:31.724Z,127.236,10.095108985900879,-28.146739959716797,-39.54619598388672
1623786868855,2021-06-15T19:55:31.739Z,127.277,11.970108985900879,-29.271739959716797,-37.54619598388672
1623786868895,2021-06-15T19:55:31.741Z,127.317,9.720108985900879,-29.646739959716797,-39.17119598388672
1623786868934,2021-06-15T19:55:31.756Z,127.356,8.657608985900879,-29.271739959716797,-38.79619598388672
1623786868974,2021-06-15T19:55:31.771Z,127.396,10.470108985900879,-27.771739959716797,-37.92119598388672
1623786869015,2021-06-15T19:55:31.785Z,127.437,9.345108985900879,-30.021739959716797,-39.17119598388672
1623786869055,2021-06-15T19:55:31.799Z,127.477,9.720108985900879,-33.3342399597168,-37.54619598388672
1623786869094,2021-06-15T19:55:31.803Z,127.516,10.095108985900879,-33.3342399597168,-38.73369598388672
1623786869135,2021-06-15T19:55:31.816Z,127.557,9.720108985900879,-34.7717399597168,-39.54619598388672
1623786869175,2021-06-15T19:55:31.832Z,127.597,10.095108985900879,-32.2092399597168,-38.35869598388672
1623786869214,2021-06-15T19:55:31.845Z,127.636,9.345108985900879,-31.834239959716797,-38.73369598388672
1623786869255,2021-06-15T19:55:31.859Z,127.677,11.970108985900879,-28.896739959716797,-39.92119598388672
1623786869295,2021-06-15T19:55:31.874Z,127.717,12.657608985900879,-29.646739959716797,-39.98369598388672
1623786869334,2021-06-15T19:55:31.876Z,127.756,9.032608985900879,-28.896739959716797,-39.98369598388672
1623786869374,2021-06-15T19:55:31.890Z,127.796,9.720108985900879,-29.271739959716797,-39.17119598388672
1623786869415,2021-06-15T19:55:31.906Z,127.837,11.595108985900879,-28.521739959716797,-39.54619598388672
1623786869454,2021-06-15T19:55:31.921Z,127.876,11.220108985900879,-28.896739959716797,-37.92119598388672
1623786869494,2021-06-15T19:55:31.934Z,127.916,9.720108985900879,-31.084239959716797,-40.35869598388672
1623786869535,2021-06-15T19:55:31.937Z,127.957,11.220108985900879,-30.021739959716797,-40.35869598388672
1623786869575,2021-06-15T19:55:31.981Z,127.997,10.095108985900879,-28.896739959716797,-40.73369598388672
1623786869614,2021-06-15T19:55:31.996Z,128.036,10.845108985900879,-30.021739959716797,-40.73369598388672
1623786869655,2021-06-15T19:55:32.011Z,128.077,11.970108985900879,-28.896739959716797,-38.79619598388672
1623786869695,2021-06-15T19:55:32.024Z,128.117,11.220108985900879,-27.771739959716797,-37.92119598388672
1623786869734,2021-06-15T19:55:32.039Z,128.156,10.845108985900879,-31.084239959716797,-40.79619598388672
1623786869774,2021-06-15T19:55:32.041Z,128.196,9.345108985900879,-29.271739959716797,-40.79619598388672
1623786869815,2021-06-15T19:55:32.055Z,128.237,10.095108985900879,-29.271739959716797,-39.92119598388672
1623786869854,2021-06-15T19:55:32.071Z,128.276,10.470108985900879,-31.459239959716797,-38.79619598388672
1623786869894,2021-06-15T19:55:32.085Z,128.316,11.595108985900879,-28.896739959716797,-39.10869598388672
1623786869935,2021-06-15T19:55:32.099Z,128.357,12.657608985900879,-28.521739959716797,-38.35869598388672
1623786869975,2021-06-15T19:55:32.102Z,128.397,11.595108985900879,-29.646739959716797,-40.35869598388672
1623786870014,2021-06-15T19:55:32.116Z,128.436,10.470108985900879,-29.646739959716797,-39.92119598388672
1623786870055,2021-06-15T19:55:32.130Z,128.477,10.845108985900879,-29.646739959716797,-37.98369598388672
1623786870095,2021-06-15T19:55:32.146Z,128.517,11.970108985900879,-30.396739959716797,-39.17119598388672
1623786870134,2021-06-15T19:55:32.160Z,128.556,11.220108985900879,-28.521739959716797,-39.92119598388672
1623786870175,2021-06-15T19:55:32.174Z,128.597,9.720108985900879,-30.021739959716797,-38.35869598388672
1623786870215,2021-06-15T19:55:32.176Z,128.637,9.345108985900879,-29.271739959716797,-39.54619598388672
1623786870254,2021-06-15T19:55:32.190Z,128.676,10.095108985900879,-30.021739959716797,-38.73369598388672
1623786870294,2021-06-15T19:55:32.205Z,128.716,9.720108985900879,-30.396739959716797,-39.92119598388672
1623786870335,2021-06-15T19:55:32.219Z,128.757,11.595108985900879,-30.021739959716797,-39.54619598388672
1623786870374,2021-06-15T19:55:32.235Z,128.796,10.845108985900879,-29.646739959716797,-39.54619598388672
1623786870414,2021-06-15T19:55:32.236Z,128.836,10.470108985900879,-28.896739959716797,-39.54619598388672
1623786870455,2021-06-15T19:55:32.253Z,128.877,9.720108985900879,-28.896739959716797,-39.92119598388672
1623786870495,2021-06-15T19:55:32.266Z,128.917,11.970108985900879,-28.896739959716797,-40.73369598388672
1623786870534,2021-06-15T19:55:32.281Z,128.956,10.470108985900879,-28.896739959716797,-39.17119598388672
1623786870575,2021-06-15T19:55:32.298Z,128.997,11.220108985900879,-30.021739959716797,-39.17119598388672
1623786870615,2021-06-15T19:55:32.309Z,129.037,11.970108985900879,-30.021739959716797,-38.35869598388672
1623786870654,2021-06-15T19:55:32.311Z,129.076,10.470108985900879,-29.271739959716797,-39.17119598388672
1623786870694,2021-06-15T19:55:32.325Z,129.116,10.095108985900879,-30.709239959716797,-39.54619598388672
1623786870735,2021-06-15T19:55:32.340Z,129.157,10.470108985900879,-28.521739959716797,-39.98369598388672
1623786870774,2021-06-15T19:55:32.354Z,129.196,11.970108985900879,-29.271739959716797,-38.35869598388672
1623786870814,2021-06-15T19:55:32.369Z,129.236,9.720108985900879,-30.021739959716797,-39.17119598388672
1623786870855,2021-06-15T19:55:32.371Z,129.277,9.720108985900879,-27.771739959716797,-37.54619598388672
1623786870894,2021-06-15T19:55:32.387Z,129.316,10.845108985900879,-29.646739959716797,-39.17119598388672
1623786870934,2021-06-15T19:55:32.400Z,129.356,8.282608985900879,-29.646739959716797,-39.10869598388672
1623786870975,2021-06-15T19:55:32.414Z,129.397,11.595108985900879,-29.646739959716797,-37.98369598388672
1623786871015,2021-06-15T19:55:32.416Z,129.437,10.845108985900879,-28.521739959716797,-38.35869598388672
1623786871054,2021-06-15T19:55:32.430Z,129.476,10.845108985900879,-30.021739959716797,-39.92119598388672
1623786871095,2021-06-15T19:55:32.446Z,129.517,11.220108985900879,-28.896739959716797,-39.54619598388672
1623786871135,2021-06-15T19:55:32.461Z,129.557,10.470108985900879,-29.271739959716797,-39.17119598388672
1623786871174,2021-06-15T19:55:32.474Z,129.596,10.095108985900879,-28.896739959716797,-40.35869598388672
1623786871214,2021-06-15T19:55:32.476Z,129.636,10.845108985900879,-29.646739959716797,-38.35869598388672
1623786871255,2021-06-15T19:55:32.491Z,129.677,9.345108985900879,-29.271739959716797,-37.98369598388672
1623786871294,2021-06-15T19:55:32.505Z,129.716,11.595108985900879,-28.146739959716797,-39.54619598388672
1623786871334,2021-06-15T19:55:32.520Z,129.756,11.970108985900879,-28.896739959716797,-38.73369598388672
1623786871375,2021-06-15T19:55:32.535Z,129.797,11.970108985900879,-35.1467399597168,-37.98369598388672
1623786871414,2021-06-15T19:55:32.549Z,129.836,10.845108985900879,-35.8967399597168,-39.54619598388672
1623786871454,2021-06-15T19:55:32.551Z,129.876,10.845108985900879,-36.6467399597168,-38.73369598388672
1623786871495,2021-06-15T19:55:32.566Z,129.917,10.845108985900879,-38.4592399597168,-37.98369598388672
1623786871535,2021-06-15T19:55:32.581Z,129.957,10.095108985900879,-34.7717399597168,-39.10869598388672
1623786871574,2021-06-15T19:55:32.595Z,129.996,10.470108985900879,-30.709239959716797,-38.35869598388672
1623786871614,2021-06-15T19:55:32.609Z,130.036,11.970108985900879,-28.896739959716797,-39.17119598388672
1623786871655,2021-06-15T19:55:32.613Z,130.077,9.720108985900879,-29.646739959716797,-40.35869598388672
1623786871694,2021-06-15T19:55:32.626Z,130.116,9.720108985900879,-28.521739959716797,-39.17119598388672
1623786871734,2021-06-15T19:55:32.640Z,130.156,9.720108985900879,-28.146739959716797,-37.54619598388672
1623786871775,2021-06-15T19:55:32.655Z,130.197,11.970108985900879,-29.646739959716797,-39.98369598388672
1623786871814,2021-06-15T19:55:32.669Z,130.236,10.845108985900879,-29.271739959716797,-37.98369598388672
1623786871854,2021-06-15T19:55:32.685Z,130.276,10.095108985900879,-31.084239959716797,-38.35869598388672
1623786871893,2021-06-15T19:55:32.686Z,130.315,12.657608985900879,-28.896739959716797,-39.54619598388672
1623786871934,2021-06-15T19:55:32.700Z,130.356,9.720108985900879,-28.521739959716797,-37.98369598388672
1623786871974,2021-06-15T19:55:32.714Z,130.396,11.220108985900879,-28.521739959716797,-38.42119598388672
1623786872014,2021-06-15T19:55:32.730Z,130.436,11.595108985900879,-30.396739959716797,-39.54619598388672
1623786872055,2021-06-15T19:55:32.744Z,130.477,9.720108985900879,-29.271739959716797,-36.73369598388672
1623786872094,2021-06-15T19:55:32.747Z,130.516,10.095108985900879,-28.896739959716797,-38.73369598388672
1623786872134,2021-06-15T19:55:32.760Z,130.556,11.595108985900879,-28.896739959716797,-38.79619598388672
1623786872175,2021-06-15T19:55:32.776Z,130.597,11.220108985900879,-28.521739959716797,-37.98369598388672
1623786872214,2021-06-15T19:55:32.790Z,130.636,11.595108985900879,-27.771739959716797,-39.54619598388672
1623786872254,2021-06-15T19:55:32.804Z,130.676,10.095108985900879,-31.084239959716797,-39.54619598388672
1623786872295,2021-06-15T19:55:32.806Z,130.717,10.845108985900879,-28.896739959716797,-38.73369598388672
1623786872334,2021-06-15T19:55:32.821Z,130.756,10.095108985900879,-28.521739959716797,-38.35869598388672
1623786872374,2021-06-15T19:55:32.835Z,130.796,10.095108985900879,-30.021739959716797,-39.92119598388672
1623786872415,2021-06-15T19:55:32.850Z,130.837,10.095108985900879,-27.396739959716797,-38.73369598388672
1623786872454,2021-06-15T19:55:32.865Z,130.876,9.720108985900879,-29.646739959716797,-38.73369598388672
1623786872494,2021-06-15T19:55:32.879Z,130.916,10.095108985900879,-28.146739959716797,-39.10869598388672
1623786872534,2021-06-15T19:55:32.883Z,130.956,11.595108985900879,-27.771739959716797,-38.42119598388672
1623786872575,2021-06-15T19:55:32.896Z,130.997,9.345108985900879,-30.021739959716797,-37.98369598388672
1623786872614,2021-06-15T19:55:32.910Z,131.036,10.470108985900879,-28.521739959716797,-39.54619598388672
1623786872654,2021-06-15T19:55:32.925Z,131.076,9.032608985900879,-29.646739959716797,-38.79619598388672
1623786872695,2021-06-15T19:55:32.939Z,131.117,11.220108985900879,-29.271739959716797,-37.54619598388672
1623786872734,2021-06-15T19:55:32.984Z,131.156,10.095108985900879,-28.146739959716797,-38.35869598388672
1623786872774,2021-06-15T19:55:32.986Z,131.196,10.095108985900879,-30.021739959716797,-38.73369598388672
1623786872813,2021-06-15T19:55:33.000Z,131.235,9.720108985900879,-28.896739959716797,-37.92119598388672
1623786872854,2021-06-15T19:55:33.017Z,131.276,11.220108985900879,-29.646739959716797,-38.73369598388672
1623786872894,2021-06-15T19:55:33.030Z,131.316,9.345108985900879,-27.084239959716797,-38.42119598388672
1623786872933,2021-06-15T19:55:33.044Z,131.355,10.095108985900879,-28.896739959716797,-37.17119598388672
1623786872975,2021-06-15T19:55:33.046Z,131.397,12.657608985900879,-28.521739959716797,-38.73369598388672
1623786873014,2021-06-15T19:55:33.061Z,131.436,11.220108985900879,-31.459239959716797,-37.54619598388672
1623786873054,2021-06-15T19:55:33.076Z,131.476,11.970108985900879,-28.521739959716797,-36.35869598388672
1623786873095,2021-06-15T19:55:33.090Z,131.517,11.220108985900879,-28.146739959716797,-38.73369598388672
1623786873134,2021-06-15T19:55:33.105Z,131.556,10.470108985900879,-27.771739959716797,-37.54619598388672
1623786873174,2021-06-15T19:55:33.119Z,131.596,10.470108985900879,-28.521739959716797,-37.17119598388672
1623786873215,2021-06-15T19:55:33.121Z,131.637,9.345108985900879,-29.271739959716797,-37.54619598388672
1623786873254,2021-06-15T19:55:33.136Z,131.676,11.970108985900879,-28.146739959716797,-37.54619598388672
1623786873295,2021-06-15T19:55:33.153Z,131.717,10.470108985900879,-28.146739959716797,-35.17119598388672
1623786873333,2021-06-15T19:55:33.164Z,131.755,11.970108985900879,-28.896739959716797,-36.35869598388672
1623786873374,2021-06-15T19:55:33.166Z,131.796,9.720108985900879,-29.271739959716797,-35.17119598388672
1623786873414,2021-06-15T19:55:33.181Z,131.836,10.095108985900879,-28.521739959716797,-33.54619598388672
1623786873454,2021-06-15T19:55:33.195Z,131.876,10.095108985900879,-29.271739959716797,-33.98369598388672
1623786873495,2021-06-15T19:55:33.212Z,131.917,10.095108985900879,-29.271739959716797,-34.79619598388672
1623786873534,2021-06-15T19:55:33.225Z,131.956,11.595108985900879,-27.771739959716797,-32.79619598388672
1623786873574,2021-06-15T19:55:33.239Z,131.996,10.470108985900879,-28.146739959716797,-32.35869598388672
1623786873613,2021-06-15T19:55:33.241Z,132.035,10.470108985900879,-28.896739959716797,-31.98369598388672
1623786873654,2021-06-15T19:55:33.256Z,132.076,10.845108985900879,-29.646739959716797,-30.79619598388672
1623786873694,2021-06-15T19:55:33.271Z,132.116,10.845108985900879,-28.146739959716797,-30.35869598388672
1623786873733,2021-06-15T19:55:33.285Z,132.155,11.970108985900879,-28.146739959716797,-29.54619598388672
1623786873774,2021-06-15T19:55:33.300Z,132.196,11.220108985900879,-30.021739959716797,-27.54619598388672
1623786873814,2021-06-15T19:55:33.315Z,132.236,10.845108985900879,-31.459239959716797,-28.42119598388672
1623786873853,2021-06-15T19:55:33.316Z,132.275,10.845108985900879,-32.5842399597168,-26.73369598388672
1623786873894,2021-06-15T19:55:33.331Z,132.316,10.845108985900879,-34.0217399597168,-24.35869598388672
1623786873934,2021-06-15T19:55:33.345Z,132.356,12.282608985900879,-30.396739959716797,-25.98369598388672
1623786873974,2021-06-15T19:55:33.360Z,132.396,10.470108985900879,-30.021739959716797,-24.35869598388672
1623786874013,2021-06-15T19:55:33.375Z,132.435,11.970108985900879,-28.896739959716797,-24.42119598388672
1623786874054,2021-06-15T19:55:33.376Z,132.476,11.220108985900879,-27.396739959716797,-24.35869598388672
1623786874094,2021-06-15T19:55:33.390Z,132.516,11.220108985900879,-29.271739959716797,-23.54619598388672
1623786874133,2021-06-15T19:55:33.405Z,132.555,11.970108985900879,-27.396739959716797,-22.79619598388672
1623786874174,2021-06-15T19:55:33.420Z,132.596,11.595108985900879,-27.396739959716797,-24.42119598388672
1623786874214,2021-06-15T19:55:33.434Z,132.636,10.845108985900879,-27.396739959716797,-21.54619598388672
1623786874253,2021-06-15T19:55:33.464Z,132.675,10.470108985900879,-27.396739959716797,-21.17119598388672
1623786874294,2021-06-15T19:55:33.466Z,132.716,10.845108985900879,-27.396739959716797,-21.54619598388672
1623786874334,2021-06-15T19:55:33.481Z,132.756,10.845108985900879,-29.271739959716797,-21.23369598388672
1623786874373,2021-06-15T19:55:33.496Z,132.795,12.657608985900879,-27.771739959716797,-19.60869598388672
1623786874413,2021-06-15T19:55:33.511Z,132.835,12.657608985900879,-26.709239959716797,-20.35869598388672
1623786874454,2021-06-15T19:55:33.524Z,132.876,10.845108985900879,-27.396739959716797,-19.98369598388672
1623786874494,2021-06-15T19:55:33.526Z,132.916,11.595108985900879,-27.084239959716797,-18.42119598388672
1623786874533,2021-06-15T19:55:33.541Z,132.955,12.345108985900879,-25.584239959716797,-20.35869598388672
1623786874574,2021-06-15T19:55:33.555Z,132.996,10.470108985900879,-26.334239959716797,-20.42119598388672
1623786874614,2021-06-15T19:55:33.570Z,133.036,11.220108985900879,-25.584239959716797,-17.67119598388672
1623786874653,2021-06-15T19:55:33.584Z,133.075,11.970108985900879,-26.334239959716797,-21.60869598388672
1623786874694,2021-06-15T19:55:33.586Z,133.116,10.470108985900879,-26.334239959716797,-20.04619598388672
1623786874734,2021-06-15T19:55:33.600Z,133.156,11.595108985900879,-25.959239959716797,-20.04619598388672
1623786874773,2021-06-15T19:55:33.615Z,133.195,11.595108985900879,-27.084239959716797,-21.17119598388672
1623786874813,2021-06-15T19:55:33.630Z,133.235,12.345108985900879,-26.334239959716797,-20.79619598388672
1623786874854,2021-06-15T19:55:33.631Z,133.276,11.220108985900879,-27.396739959716797,-20.79619598388672
1623786874893,2021-06-15T19:55:33.646Z,133.315,10.845108985900879,-26.334239959716797,-22.79619598388672
1623786874933,2021-06-15T19:55:33.660Z,133.355,11.595108985900879,-26.709239959716797,-20.42119598388672
1623786874974,2021-06-15T19:55:33.676Z,133.396,11.595108985900879,-25.584239959716797,-20.42119598388672
1623786875014,2021-06-15T19:55:33.690Z,133.436,11.970108985900879,-27.396739959716797,-22.35869598388672
1623786875053,2021-06-15T19:55:33.704Z,133.475,10.470108985900879,-26.334239959716797,-21.54619598388672
1623786875094,2021-06-15T19:55:33.707Z,133.516,10.845108985900879,-27.084239959716797,-21.23369598388672
1623786875134,2021-06-15T19:55:33.721Z,133.556,12.657608985900879,-27.396739959716797,-22.35869598388672
1623786875173,2021-06-15T19:55:33.735Z,133.595,11.595108985900879,-27.084239959716797,-20.79619598388672
1623786875214,2021-06-15T19:55:33.750Z,133.636,11.220108985900879,-27.396739959716797,-21.23369598388672
1623786875254,2021-06-15T19:55:33.779Z,133.676,13.782608985900879,-27.396739959716797,-20.79619598388672
1623786875293,2021-06-15T19:55:33.781Z,133.715,11.595108985900879,-25.959239959716797,-21.23369598388672
1623786875333,2021-06-15T19:55:33.796Z,133.755,11.595108985900879,-26.709239959716797,-21.17119598388672
1623786875374,2021-06-15T19:55:33.810Z,133.796,12.657608985900879,-25.959239959716797,-21.54619598388672
1623786875413,2021-06-15T19:55:33.825Z,133.835,11.970108985900879,-26.334239959716797,-22.04619598388672
1623786875453,2021-06-15T19:55:33.840Z,133.875,11.595108985900879,-27.084239959716797,-19.60869598388672
1623786875494,2021-06-15T19:55:33.854Z,133.916,10.095108985900879,-27.084239959716797,-22.35869598388672
1623786875534,2021-06-15T19:55:33.856Z,133.956,12.282608985900879,-27.396739959716797,-20.79619598388672
1623786875573,2021-06-15T19:55:33.872Z,133.995,11.220108985900879,-26.709239959716797,-20.42119598388672
1623786875614,2021-06-15T19:55:33.885Z,134.036,12.657608985900879,-25.584239959716797,-21.60869598388672
1623786875654,2021-06-15T19:55:33.900Z,134.076,11.220108985900879,-28.521739959716797,-21.17119598388672
1623786875693,2021-06-15T19:55:33.914Z,134.115,11.595108985900879,-27.396739959716797,-20.79619598388672
1623786875733,2021-06-15T19:55:33.916Z,134.155,11.595108985900879,-27.084239959716797,-20.79619598388672
1623786875774,2021-06-15T19:55:33.930Z,134.196,11.970108985900879,-27.396739959716797,-20.79619598388672
1623786875813,2021-06-15T19:55:33.946Z,134.235,11.220108985900879,-27.084239959716797,-21.17119598388672
1623786875853,2021-06-15T19:55:33.961Z,134.275,11.595108985900879,-26.709239959716797,-21.98369598388672
1623786875894,2021-06-15T19:55:34.004Z,134.316,11.595108985900879,-29.646739959716797,-20.42119598388672
1623786875933,2021-06-15T19:55:34.006Z,134.355,12.345108985900879,-27.771739959716797,-20.35869598388672
1623786875973,2021-06-15T19:55:34.020Z,134.395,11.595108985900879,-27.084239959716797,-22.79619598388672
1623786876014,2021-06-15T19:55:34.035Z,134.436,11.220108985900879,-27.771739959716797,-19.17119598388672
1623786876054,2021-06-15T19:55:34.050Z,134.476,11.595108985900879,-26.334239959716797,-20.42119598388672
1623786876093,2021-06-15T19:55:34.064Z,134.515,11.220108985900879,-29.271739959716797,-20.35869598388672
1623786876133,2021-06-15T19:55:34.066Z,134.555,11.595108985900879,-26.709239959716797,-19.60869598388672
1623786876174,2021-06-15T19:55:34.080Z,134.596,13.782608985900879,-34.3967399597168,-19.17119598388672
1623786876213,2021-06-15T19:55:34.095Z,134.635,13.032608985900879,-35.1467399597168,-20.79619598388672
1623786876253,2021-06-15T19:55:34.111Z,134.675,10.845108985900879,-34.7717399597168,-20.35869598388672
1623786876294,2021-06-15T19:55:34.128Z,134.716,12.657608985900879,-32.9592399597168,-21.23369598388672
1623786876333,2021-06-15T19:55:34.129Z,134.755,10.470108985900879,-29.271739959716797,-21.17119598388672
1623786876373,2021-06-15T19:55:34.142Z,134.795,11.970108985900879,-28.146739959716797,-20.79619598388672
1623786876414,2021-06-15T19:55:34.156Z,134.836,11.595108985900879,-27.459239959716797,-21.60869598388672
1623786876454,2021-06-15T19:55:34.170Z,134.876,11.220108985900879,-27.771739959716797,-21.23369598388672
1623786876493,2021-06-15T19:55:34.184Z,134.915,10.095108985900879,-27.459239959716797,-20.79619598388672
1623786876533,2021-06-15T19:55:34.199Z,134.955,11.595108985900879,-27.084239959716797,-21.23369598388672
1623786876574,2021-06-15T19:55:34.201Z,134.996,10.470108985900879,-27.084239959716797,-21.60869598388672
1623786876613,2021-06-15T19:55:34.215Z,135.035,10.845108985900879,-26.334239959716797,-21.54619598388672
1623786876653,2021-06-15T19:55:34.230Z,135.075,11.220108985900879,-26.334239959716797,-19.60869598388672
1623786876694,2021-06-15T19:55:34.245Z,135.116,11.220108985900879,-26.709239959716797,-22.79619598388672
1623786876733,2021-06-15T19:55:34.260Z,135.155,10.470108985900879,-25.959239959716797,-19.98369598388672
1623786876773,2021-06-15T19:55:34.262Z,135.195,11.595108985900879,-26.709239959716797,-18.79619598388672
1623786876814,2021-06-15T19:55:34.276Z,135.236,11.220108985900879,-27.084239959716797,-22.42119598388672
1623786876853,2021-06-15T19:55:34.290Z,135.275,9.720108985900879,-26.709239959716797,-19.98369598388672
1623786876893,2021-06-15T19:55:34.305Z,135.315,11.220108985900879,-27.459239959716797,-20.79619598388672
1623786876933,2021-06-15T19:55:34.320Z,135.355,10.845108985900879,-27.771739959716797,-20.79619598388672
1623786876974,2021-06-15T19:55:34.335Z,135.396,10.845108985900879,-27.396739959716797,-19.60869598388672
1623786877013,2021-06-15T19:55:34.337Z,135.435,12.657608985900879,-27.084239959716797,-19.98369598388672
1623786877053,2021-06-15T19:55:34.352Z,135.475,10.845108985900879,-27.396739959716797,-20.35869598388672
1623786877094,2021-06-15T19:55:34.365Z,135.516,11.220108985900879,-27.084239959716797,-19.98369598388672
1623786877133,2021-06-15T19:55:34.382Z,135.555,11.595108985900879,-27.396739959716797,-20.42119598388672
1623786877173,2021-06-15T19:55:34.394Z,135.595,12.657608985900879,-26.334239959716797,-20.35869598388672
1623786877214,2021-06-15T19:55:34.399Z,135.636,11.595108985900879,-26.709239959716797,-19.98369598388672
1623786877253,2021-06-15T19:55:34.410Z,135.675,10.845108985900879,-27.771739959716797,-22.35869598388672
1623786877293,2021-06-15T19:55:34.425Z,135.715,10.845108985900879,-26.709239959716797,-19.98369598388672
1623786877332,2021-06-15T19:55:34.440Z,135.754,9.345108985900879,-27.084239959716797,-19.60869598388672
1623786877373,2021-06-15T19:55:34.454Z,135.795,10.845108985900879,-30.396739959716797,-19.60869598388672
1623786877413,2021-06-15T19:55:34.456Z,135.835,11.970108985900879,-28.146739959716797,-20.79619598388672
1623786877453,2021-06-15T19:55:34.471Z,135.875,10.470108985900879,-27.396739959716797,-20.79619598388672
1623786877494,2021-06-15T19:55:34.486Z,135.916,10.845108985900879,-27.396739959716797,-20.35869598388672
1623786877533,2021-06-15T19:55:34.500Z,135.955,11.220108985900879,-27.771739959716797,-19.98369598388672
1623786877573,2021-06-15T19:55:34.514Z,135.995,13.032608985900879,-27.084239959716797,-18.79619598388672
1623786877614,2021-06-15T19:55:34.530Z,136.036,11.220108985900879,-27.396739959716797,-19.17119598388672
1623786877653,2021-06-15T19:55:34.531Z,136.075,12.657608985900879,-25.959239959716797,-19.98369598388672
1623786877693,2021-06-15T19:55:34.546Z,136.115,9.345108985900879,-26.709239959716797,-20.42119598388672
1623786877732,2021-06-15T19:55:34.560Z,136.154,10.470108985900879,-27.084239959716797,-21.17119598388672
1623786877773,2021-06-15T19:55:34.575Z,136.195,11.595108985900879,-26.334239959716797,-21.17119598388672
1623786877813,2021-06-15T19:55:34.589Z,136.235,11.595108985900879,-27.396739959716797,-19.60869598388672
1623786877852,2021-06-15T19:55:34.591Z,136.274,11.595108985900879,-27.084239959716797,-20.35869598388672
1623786877893,2021-06-15T19:55:34.605Z,136.315,10.470108985900879,-27.084239959716797,-21.17119598388672
1623786877933,2021-06-15T19:55:34.620Z,136.355,10.095108985900879,-25.584239959716797,-20.35869598388672
1623786877974,2021-06-15T19:55:34.634Z,136.396,10.845108985900879,-27.084239959716797,-19.98369598388672
1623786878014,2021-06-15T19:55:34.649Z,136.436,10.845108985900879,-26.334239959716797,-21.23369598388672
1623786878053,2021-06-15T19:55:34.652Z,136.475,11.220108985900879,-26.709239959716797,-19.23369598388672
1623786878093,2021-06-15T19:55:34.665Z,136.515,11.220108985900879,-26.334239959716797,-19.98369598388672
1623786878132,2021-06-15T19:55:34.679Z,136.554,9.345108985900879,-27.771739959716797,-21.17119598388672
1623786878173,2021-06-15T19:55:34.682Z,136.595,10.470108985900879,-25.959239959716797,-18.79619598388672
1623786878213,2021-06-15T19:55:34.696Z,136.635,11.220108985900879,-27.771739959716797,-20.35869598388672
1623786878252,2021-06-15T19:55:34.710Z,136.674,11.970108985900879,-27.084239959716797,-19.98369598388672
1623786878293,2021-06-15T19:55:34.725Z,136.715,11.970108985900879,-27.396739959716797,-21.17119598388672
1623786878333,2021-06-15T19:55:34.739Z,136.755,11.970108985900879,-27.396739959716797,-20.35869598388672
1623786878372,2021-06-15T19:55:34.754Z,136.794,11.595108985900879,-27.396739959716797,-20.42119598388672
1623786878413,2021-06-15T19:55:34.756Z,136.835,13.032608985900879,-26.709239959716797,-20.79619598388672
1623786878453,2021-06-15T19:55:34.770Z,136.875,10.095108985900879,-27.396739959716797,-19.17119598388672
1623786878493,2021-06-15T19:55:34.785Z,136.915,13.032608985900879,-25.959239959716797,-21.60869598388672
1623786878534,2021-06-15T19:55:34.800Z,136.956,12.282608985900879,-26.334239959716797,-19.98369598388672
1623786878573,2021-06-15T19:55:34.815Z,136.995,12.282608985900879,-32.2092399597168,-19.23369598388672
1623786878613,2021-06-15T19:55:34.816Z,137.035,11.970108985900879,-33.3342399597168,-21.17119598388672
1623786878652,2021-06-15T19:55:34.832Z,137.074,11.220108985900879,-32.9592399597168,-20.42119598388672
1623786878693,2021-06-15T19:55:34.845Z,137.115,10.095108985900879,-30.334239959716797,-19.98369598388672
1623786878733,2021-06-15T19:55:34.860Z,137.155,11.220108985900879,-29.646739959716797,-21.98369598388672
1623786878772,2021-06-15T19:55:34.874Z,137.194,11.970108985900879,-27.771739959716797,-20.42119598388672
1623786878813,2021-06-15T19:55:34.876Z,137.235,11.220108985900879,-25.959239959716797,-20.42119598388672
1623786878853,2021-06-15T19:55:34.891Z,137.275,11.595108985900879,-27.084239959716797,-22.79619598388672
1623786878892,2021-06-15T19:55:34.905Z,137.314,11.220108985900879,-26.709239959716797,-18.79619598388672
1623786878933,2021-06-15T19:55:34.920Z,137.355,12.345108985900879,-27.771739959716797,-19.98369598388672
1623786878973,2021-06-15T19:55:34.934Z,137.395,11.220108985900879,-27.084239959716797,-22.35869598388672
1623786879013,2021-06-15T19:55:34.949Z,137.435,10.845108985900879,-26.334239959716797,-21.17119598388672
1623786879052,2021-06-15T19:55:34.982Z,137.474,11.595108985900879,-26.334239959716797,-18.79619598388672
1623786879093,2021-06-15T19:55:34.998Z,137.515,12.282608985900879,-27.084239959716797,-20.85869598388672
1623786879133,2021-06-15T19:55:35.011Z,137.555,11.220108985900879,-26.709239959716797,-19.98369598388672
1623786879172,2021-06-15T19:55:35.025Z,137.594,11.970108985900879,-27.396739959716797,-20.79619598388672
1623786879213,2021-06-15T19:55:35.039Z,137.635,11.595108985900879,-27.084239959716797,-20.42119598388672
1623786879253,2021-06-15T19:55:35.054Z,137.675,11.595108985900879,-27.771739959716797,-20.79619598388672
1623786879292,2021-06-15T19:55:35.056Z,137.714,10.470108985900879,-27.084239959716797,-20.42119598388672
1623786879333,2021-06-15T19:55:35.071Z,137.755,10.470108985900879,-27.396739959716797,-20.35869598388672
1623786879373,2021-06-15T19:55:35.086Z,137.795,11.220108985900879,-26.709239959716797,-20.79619598388672
1623786879412,2021-06-15T19:55:35.101Z,137.834,11.595108985900879,-27.771739959716797,-20.79619598388672
1623786879452,2021-06-15T19:55:35.115Z,137.874,11.220108985900879,-26.334239959716797,-21.98369598388672
1623786879493,2021-06-15T19:55:35.118Z,137.915,10.470108985900879,-27.084239959716797,-19.60869598388672
1623786879533,2021-06-15T19:55:35.132Z,137.955,11.970108985900879,-27.084239959716797,-20.79619598388672
1623786879572,2021-06-15T19:55:35.145Z,137.994,12.282608985900879,-26.709239959716797,-19.98369598388672
1623786879613,2021-06-15T19:55:35.161Z,138.035,10.470108985900879,-25.959239959716797,-19.98369598388672
1623786879653,2021-06-15T19:55:35.174Z,138.075,10.470108985900879,-26.709239959716797,-19.98369598388672
1623786879692,2021-06-15T19:55:35.189Z,138.114,12.345108985900879,-25.959239959716797,-21.54619598388672
1623786879733,2021-06-15T19:55:35.205Z,138.155,10.470108985900879,-25.959239959716797,-19.98369598388672
1623786879773,2021-06-15T19:55:35.220Z,138.195,11.595108985900879,-27.396739959716797,-18.79619598388672
1623786879812,2021-06-15T19:55:35.221Z,138.234,11.970108985900879,-26.709239959716797,-19.17119598388672
1623786879852,2021-06-15T19:55:35.237Z,138.274,11.970108985900879,-27.396739959716797,-18.35869598388672
1623786879893,2021-06-15T19:55:35.250Z,138.315,10.470108985900879,-27.771739959716797,-16.79619598388672
1623786879933,2021-06-15T19:55:35.265Z,138.355,9.032608985900879,-26.709239959716797,-17.98369598388672
1623786879972,2021-06-15T19:55:35.266Z,138.394,8.657608985900879,-26.709239959716797,-15.983695983886719
1623786880013,2021-06-15T19:55:35.282Z,138.435,10.095108985900879,-29.271739959716797,-14.421195983886719
1623786880053,2021-06-15T19:55:35.296Z,138.475,11.970108985900879,-25.959239959716797,-15.233695983886719
1623786880092,2021-06-15T19:55:35.310Z,138.514,11.595108985900879,-26.709239959716797,-13.171195983886719
1623786880133,2021-06-15T19:55:35.324Z,138.555,10.470108985900879,-29.271739959716797,-11.233695983886719
1623786880173,2021-06-15T19:55:35.339Z,138.595,11.220108985900879,-26.334239959716797,-11.983695983886719
1623786880212,2021-06-15T19:55:35.341Z,138.634,9.032608985900879,-26.709239959716797,-9.608695983886719
1623786880252,2021-06-15T19:55:35.355Z,138.674,9.720108985900879,-31.084239959716797,-8.796195983886719
1623786880293,2021-06-15T19:55:35.369Z,138.715,9.032608985900879,-27.771739959716797,-9.233695983886719
1623786880332,2021-06-15T19:55:35.371Z,138.754,8.657608985900879,-28.521739959716797,-8.046195983886719
1623786880372,2021-06-15T19:55:35.386Z,138.794,9.720108985900879,-31.834239959716797,-7.2336955070495605
