epoch (ms),time (-07:00),elapsed (s),W-Axis,X-Axis (i),Y-Axis (j),Z-Axis (k)
1612902977947,2021-02-09T20:37:43.151Z,14.172,0.5460843489961621,0.7715753140964552,-0.2924193268944023,-0.1447561940540683
1612902977987,2021-02-09T20:37:43.166Z,14.212,0.5451729824267917,0.7719136168793626,-0.2928977400526119,-0.14541905370401234
1612902978026,2021-02-09T20:37:43.180Z,14.251,0.5446996049945431,0.7718791514148212,-0.2935740189276884,-0.14601099732749478
1612902978066,2021-02-09T20:37:43.194Z,14.290999999999999,0.5439514880808908,0.7724174985758917,-0.29351808660600137,-0.14606546252793273
1612902978104,2021-02-09T20:37:43.209Z,14.329,0.5429780684739832,0.7730251979571361,-0.2937464079587713,-0.1460133839444603
1612902978144,2021-02-09T20:37:43.224Z,14.369000000000002,0.5422576047441549,0.7736199303079478,-0.293780018508461,-0.1454723143853356
1612902978183,2021-02-09T20:37:43.226Z,14.408,0.5415341091195801,0.7737480500829788,-0.2942426808271052,-0.14654694958452485
1612902978223,2021-02-09T20:37:43.240Z,14.448,0.5407248663754066,0.7745035097896944,-0.29431149194116807,-0.14540178100046566
1612902978262,2021-02-09T20:37:43.255Z,14.487,0.5409548127188939,0.7742143860091188,-0.2942687446333302,-0.1461707256078092
1612902978302,2021-02-09T20:37:43.269Z,14.527000000000001,0.5405606637759927,0.7748028878516406,-0.2937400647297143,-0.14557275887816262
1612902978341,2021-02-09T20:37:43.300Z,14.565999999999999,0.5403708631068884,0.7751009084750148,-0.29347667493947144,-0.14522173822398207
1612902978379,2021-02-09T20:37:43.315Z,14.604000000000001,0.5397832050433006,0.7753546645453007,-0.2937685207720235,-0.14546233850878268
1612902978419,2021-02-09T20:37:43.329Z,14.644,0.5395314263402937,0.7754850217883953,-0.293718068068084,-0.14580300910273625
1612902978459,2021-02-09T20:37:43.345Z,14.684000000000001,0.5396703729855253,0.7753265767707515,-0.2936261841530445,-0.14631558992238114
1612902978498,2021-02-09T20:37:43.346Z,14.722999999999999,0.5398009364627713,0.7754546925738054,-0.2933240482332332,-0.14575997903144766
1612902978538,2021-02-09T20:37:43.361Z,14.763,0.5399153393878305,0.7752408884582749,-0.2934847894823,-0.1461494765597137
1612902978577,2021-02-09T20:37:43.375Z,14.802,0.5393858570019969,0.7754579507207913,-0.2936167132808409,-0.14668704650475642
1612902978617,2021-02-09T20:37:43.389Z,14.842,0.5388491731324723,0.7755782120945517,-0.2940318685472244,-0.14719125591317306
1612902978656,2021-02-09T20:37:43.404Z,14.880999999999998,0.5387926031198506,0.7754902919349012,-0.29411779569020113,-0.1476890659337855
1612902978694,2021-02-09T20:37:43.419Z,14.919,0.5384816991292223,0.7758887313028552,-0.2938711662259642,-0.1472204945010829
1612902978734,2021-02-09T20:37:43.421Z,14.959000000000001,0.5387600254766787,0.7757911417293232,-0.2936581923163844,-0.14714144707782015
1612902978773,2021-02-09T20:37:43.435Z,14.998,0.5384894172353502,0.7758961060147271,-0.2938081097919472,-0.14727924095811729
1612902978813,2021-02-09T20:37:43.449Z,15.038,0.5389775432433228,0.7758859296993336,-0.2931348791660416,-0.146888306513157
1612902978853,2021-02-09T20:37:43.464Z,15.078,0.5388881898354263,0.7761883208533361,-0.2927235292148856,-0.1464381947128478
1612902978892,2021-02-09T20:37:43.479Z,15.117,0.5391697482551052,0.7761316604223533,-0.29244110575277904,-0.14626629113592474
1612902978932,2021-02-09T20:37:43.481Z,15.157,0.5394301402896532,0.7760136589381015,-0.2921226202379939,-0.14656841281078953
1612902978971,2021-02-09T20:37:43.495Z,15.196,0.5398386743682779,0.7758316116712033,-0.2917123487324277,-0.14684488954326594
1612902979009,2021-02-09T20:37:43.510Z,15.234000000000002,0.5399645991860507,0.7760739104923842,-0.2910040293889724,-0.1465065594377558
1612902979049,2021-02-09T20:37:43.524Z,15.274000000000001,0.540395919346878,0.7759993386248867,-0.29046542160462424,-0.14638003845821687
1612902979088,2021-02-09T20:37:43.539Z,15.312999999999999,0.5404879154757448,0.7760432387536572,-0.2901952548476805,-0.14634349617700065
1612902979128,2021-02-09T20:37:43.541Z,15.353,0.5401984169370492,0.7763145061365272,-0.28989181414147536,-0.14657487504504402
1612902979168,2021-02-09T20:37:43.556Z,15.392999999999999,0.5405013587061906,0.7761580910477276,-0.289517319874529,-0.14702591754714084
1612902979207,2021-02-09T20:37:43.570Z,15.432,0.5401482408143748,0.7764624110985904,-0.2893914491846261,-0.14696459177271842
1612902979247,2021-02-09T20:37:43.584Z,15.472000000000001,0.540143094131057,0.7764495231637043,-0.2893188212457554,-0.14719441400525554
1612902979286,2021-02-09T20:37:43.599Z,15.511,0.5399797743669791,0.776688990318172,-0.28874772021028977,-0.14765097245357076
1612902979324,2021-02-09T20:37:43.614Z,15.549000000000001,0.5399392955697194,0.7768804018083673,-0.2881856227053435,-0.147889976846568
1612902979364,2021-02-09T20:37:43.616Z,15.589,0.5398152340463482,0.7770336224381338,-0.2877791452091861,-0.1483287776354552
1612902979403,2021-02-09T20:37:43.630Z,15.628,0.5397341455364123,0.7771720454666712,-0.28745592538789017,-0.148525266694328
1612902979443,2021-02-09T20:37:43.644Z,15.668,0.5397594128369768,0.7773771512736181,-0.2865649553056207,-0.14908074095027835
1612902979482,2021-02-09T20:37:43.659Z,15.707,0.5394033875493419,0.7778205007857547,-0.2858934776912688,-0.1493458183923612
1612902979522,2021-02-09T20:37:43.674Z,15.747,0.5394359859757771,0.7784916162705999,-0.2843790247142827,-0.14862096330357707
1612902979562,2021-02-09T20:37:43.676Z,15.787,0.539181118734241,0.7789259295979153,-0.28359086326398586,-0.14877613946363585
1612902979601,2021-02-09T20:37:43.690Z,15.825999999999999,0.5387097463196706,0.7797016148987453,-0.2824682885800314,-0.14855593859268296
1612902979639,2021-02-09T20:37:43.705Z,15.864,0.5387179350942161,0.7799500633699183,-0.2816305745198877,-0.14881231317563245
1612902979679,2021-02-09T20:37:43.719Z,15.904000000000002,0.5384490231501944,0.7807781693814635,-0.28005333528257154,-0.14841909945502182
1612902979718,2021-02-09T20:37:43.734Z,15.943,0.5383293902716382,0.7809515144887396,-0.2795804566062986,-0.14883201225315665
1612902979758,2021-02-09T20:37:43.736Z,15.982999999999999,0.5386120952593285,0.7812736039754422,-0.2779091636786717,-0.14924832767907706
1612902979797,2021-02-09T20:37:43.751Z,16.022000000000002,0.5380989584519373,0.7820924994128329,-0.27658091703598703,-0.14927769293052687
1612902979837,2021-02-09T20:37:43.765Z,16.062,0.5377936662300807,0.7823103615896401,-0.2758255296338121,-0.15062784574746552
1612902979876,2021-02-09T20:37:43.779Z,16.101,0.5369880180201403,0.7827897768992058,-0.2756094312102207,-0.15140500359258782
1612902979916,2021-02-09T20:37:43.794Z,16.141,0.5370328463032877,0.7831220391176443,-0.27426541055558984,-0.15196735969406774
1612902979954,2021-02-09T20:37:43.809Z,16.179000000000002,0.5362845977240229,0.7834535757935669,-0.27403063763993524,-0.15331840872806868
1612902979994,2021-02-09T20:37:43.811Z,16.219,0.5356932502605602,0.7834860274740502,-0.27432272975718114,-0.15469139057095918
1612902980033,2021-02-09T20:37:43.825Z,16.258,0.5352521693674082,0.7840884355871643,-0.2737306627579401,-0.15421402216418398
1612902980073,2021-02-09T20:37:43.839Z,16.298,0.5350018564026265,0.7852683889465784,-0.270613095988482,-0.1545804749847709
1612902980112,2021-02-09T20:37:43.856Z,16.337,0.5343744826054804,0.7858956333141688,-0.2693062392503811,-0.15584003137404562
1612902980152,2021-02-09T20:37:43.870Z,16.377,0.5344578980710655,0.786471924314554,-0.26720001530471105,-0.15627162018608182
1612902980191,2021-02-09T20:37:43.884Z,16.416,0.5341517102756259,0.7871554834120267,-0.2654146589581781,-0.15691798543862615
1612902980231,2021-02-09T20:37:43.899Z,16.456,0.5333794536986025,0.7881061014677665,-0.26363699507427324,-0.157767759791621
1612902980269,2021-02-09T20:37:43.914Z,16.494,0.5322258566239461,0.7892528779943007,-0.2621419619533615,-0.15842071803227925
1612902980309,2021-02-09T20:37:43.917Z,16.534000000000002,0.5309490231673231,0.7902129283558877,-0.2608350133567896,-0.1600679807583058
1612902980348,2021-02-09T20:37:43.930Z,16.573,0.5302495255820217,0.7908700626963096,-0.2600503117549072,-0.1604176421312566
1612902980388,2021-02-09T20:37:43.960Z,16.613,0.5281236966850102,0.7930277716773183,-0.256920222874633,-0.16181567731933635
1612902980427,2021-02-09T20:37:43.974Z,16.652,0.527105494198575,0.7940386929566309,-0.2548604027359497,-0.16342743708040866
1612902980467,2021-02-09T20:37:43.989Z,16.692,0.5260869491172735,0.7945415917604861,-0.2530225467070265,-0.16708013583033346
1612902980506,2021-02-09T20:37:43.991Z,16.730999999999998,0.5240754714156708,0.7963212634726895,-0.2506911836258207,-0.16843775127324373
1612902980546,2021-02-09T20:37:44.006Z,16.771,0.5214791254457921,0.7983350056978077,-0.2481222448267031,-0.17075155057548067
1612902980584,2021-02-09T20:37:44.020Z,16.809,0.5189776885724781,0.8002385413114255,-0.2462025861099978,-0.17223449816015216
1612902980624,2021-02-09T20:37:44.034Z,16.849,0.5162622519477921,0.8016954874711258,-0.2447235037394549,-0.17569302575718104
1612902980663,2021-02-09T20:37:44.049Z,16.887999999999998,0.5154896466612563,0.8016108211362913,-0.2441055184589237,-0.17917313269615429
1612902980703,2021-02-09T20:37:44.064Z,16.928,0.5124473524587694,0.8042235107226579,-0.24114896923141396,-0.18019275900420453
1612902980742,2021-02-09T20:37:44.066Z,16.967,0.5053027282809883,0.8090593818050289,-0.23687399632227465,-0.18434418724594834
1612902980782,2021-02-09T20:37:44.080Z,17.007,0.5006912704124062,0.8114937047873678,-0.2340022565679204,-0.18981349463197805
1612902980821,2021-02-09T20:37:44.094Z,17.046,0.4964558052604511,0.8156724272873832,-0.2282189825761768,-0.19006898952275386
1612902980861,2021-02-09T20:37:44.109Z,17.086,0.4916322917893418,0.819913056672256,-0.2206996540619281,-0.19321472993864344
1612902980899,2021-02-09T20:37:44.111Z,17.124000000000002,0.4859699047661947,0.8270139395843588,-0.21069889809198475,-0.188380385755836
1612902980939,2021-02-09T20:37:44.126Z,17.164,0.4805794903513594,0.8309553490023951,-0.20422592447764765,-0.19195919667779696
1612902980978,2021-02-09T20:37:44.139Z,17.203,0.4729029737933228,0.8376612216311317,-0.19680398529762486,-0.18961710504024745
1612902981018,2021-02-09T20:37:44.154Z,17.243,0.47374417412974296,0.8396121177203031,-0.18773945869638076,-0.18807404101509012
1612902981057,2021-02-09T20:37:44.169Z,17.282,0.4678476575351162,0.8455318908066021,-0.18121272302608535,-0.18263718126763828
1612902981097,2021-02-09T20:37:44.171Z,17.322,0.4645907089093542,0.8463041780839548,-0.17879823985233206,-0.18962041234649216
1612902981136,2021-02-09T20:37:44.185Z,17.361,0.4612965947563533,0.8483119024267674,-0.17477458651042402,-0.19242196282488613
1612902981176,2021-02-09T20:37:44.200Z,17.401,0.4638123630634128,0.8464014347448321,-0.17207603327598464,-0.19716120790719613
1612902981214,2021-02-09T20:37:44.214Z,17.439,0.4571956323774203,0.852047496984966,-0.17031649990407882,-0.18968264674737415
1612902981253,2021-02-09T20:37:44.229Z,17.477999999999998,0.4585860290253047,0.8505975901374456,-0.1716284259651084,-0.19164101084035187
1612902981293,2021-02-09T20:37:44.231Z,17.518,0.4566288486416498,0.8500992752313725,-0.17323378823925673,-0.19700601882067625
1612902981333,2021-02-09T20:37:44.246Z,17.558,0.4554847309606434,0.8499955569908145,-0.17349481034084555,-0.19985185448821688
1612902981372,2021-02-09T20:37:44.260Z,17.597,0.4530716648638611,0.8515607293268851,-0.17365566414376207,-0.19852984933390114
1612902981412,2021-02-09T20:37:44.274Z,17.637,0.4581510380165178,0.8467112081752328,-0.17328106949774882,-0.2077292162131777
1612902981451,2021-02-09T20:37:44.306Z,17.676,0.4551160292849229,0.8479233431038895,-0.17479579946336682,-0.20818701351768176
1612902981489,2021-02-09T20:37:44.320Z,17.714000000000002,0.4531153345525149,0.8484939171435457,-0.17572757319035712,-0.20943826342001629
1612902981529,2021-02-09T20:37:44.334Z,17.754,0.44929106495510207,0.8491481964640546,-0.1783268242199407,-0.21280137019526965
1612902981568,2021-02-09T20:37:44.349Z,17.793,0.44942781384618496,0.8475909100079555,-0.1806349590806552,-0.21673786233894293
1612902981608,2021-02-09T20:37:44.364Z,17.833,0.4484913284019063,0.8461572312830261,-0.1848693335877799,-0.2206735094988679
1612902981647,2021-02-09T20:37:44.366Z,17.872,0.4504608683124438,0.8420763353185335,-0.18833553699422667,-0.229177174083294
1612902981687,2021-02-09T20:37:44.380Z,17.912,0.4536941708103726,0.8359318733752513,-0.19325188972825985,-0.2409008293146531
1612902981727,2021-02-09T20:37:44.395Z,17.952,0.4581704039421492,0.8274483799081159,-0.20299580337675424,-0.2533806688568578
1612902981766,2021-02-09T20:37:44.409Z,17.991,0.46127704478161496,0.8212934639903564,-0.2091907997201321,-0.2625637889670097
1612902981804,2021-02-09T20:37:44.424Z,18.029,0.4635599737521043,0.8188568319415017,-0.2103779386224928,-0.265191935131192
1612902981844,2021-02-09T20:37:44.426Z,18.069000000000003,0.4638817991963957,0.8169033920539915,-0.2144717394953712,-0.26736566231067715
1612902981883,2021-02-09T20:37:44.441Z,18.108,0.4635032558172642,0.8152772925821747,-0.21683008876658053,-0.27105789169871314
1612902981923,2021-02-09T20:37:44.455Z,18.148,0.4628621111963556,0.8136656694348501,-0.21902870548480596,-0.2751967851840566
1612902981962,2021-02-09T20:37:44.469Z,18.187,0.4622536490274725,0.8128830954859492,-0.22042074940080225,-0.2774118423347424
1612902982002,2021-02-09T20:37:44.484Z,18.227,0.4611418827983466,0.8129131417697683,-0.2213341044681582,-0.27844497134349355
1612902982042,2021-02-09T20:37:44.499Z,18.267,0.4609547903185421,0.8126544277099051,-0.22198176064875788,-0.2789938356759035
1612902982081,2021-02-09T20:37:44.501Z,18.305999999999997,0.4605876198196847,0.8128400728739399,-0.2224870507946735,-0.2786567290194411
1612902982119,2021-02-09T20:37:44.515Z,18.344,0.4610864470051274,0.8131146530004638,-0.22182992633843096,-0.2775523972960953
1612902982159,2021-02-09T20:37:44.529Z,18.384,0.4618816097354338,0.8125686129878751,-0.22141257127657205,-0.2781620050543617
1612902982198,2021-02-09T20:37:44.544Z,18.423,0.46068089495840897,0.8119277043228371,-0.2227213986597985,-0.2809656465698076
1612902982238,2021-02-09T20:37:44.559Z,18.463,0.4595434934042724,0.8114417594831952,-0.2244759309165461,-0.28282963966982666
1612902982277,2021-02-09T20:37:44.574Z,18.502,0.4580323348046104,0.8099538673246637,-0.22699948441898796,-0.2874932123594785
1612902982317,2021-02-09T20:37:44.576Z,18.542,0.4565140648718394,0.8095201501497901,-0.22839804366543784,-0.2900109803532477
1612902982356,2021-02-09T20:37:44.591Z,18.581,0.455923658375761,0.8093449801195751,-0.2286419755732553,-0.2912338714752556
1612902982396,2021-02-09T20:37:44.605Z,18.621,0.4545867523982467,0.8100891521220879,-0.22910269434450964,-0.2908924296062345
1612902982434,2021-02-09T20:37:44.619Z,18.659000000000002,0.45456272884414206,0.8100229998321054,-0.229064770223912,-0.29114394434889146
1612902982474,2021-02-09T20:37:44.634Z,18.699,0.4543209271366842,0.8105089286420605,-0.22879409368647635,-0.2903808438092066
1612902982513,2021-02-09T20:37:44.649Z,18.738,0.4546587605293513,0.8106349714651677,-0.22827402744278946,-0.2899091631988012
1612902982553,2021-02-09T20:37:44.651Z,18.778,0.4544667702154579,0.8111940716156321,-0.22764973555694445,-0.2891361804521121
1612902982592,2021-02-09T20:37:44.665Z,18.817,0.4546153996187313,0.8115996768462026,-0.2267645921165397,-0.28845904862711474
1612902982632,2021-02-09T20:37:44.679Z,18.857,0.454536363433593,0.8121315284596863,-0.2261807444329533,-0.2875436412895502
1612902982671,2021-02-09T20:37:44.694Z,18.896,0.4545918262543532,0.8123536713396357,-0.22568260825360795,-0.2872196798542811
1612902982711,2021-02-09T20:37:44.709Z,18.936,0.4540814977159622,0.8126742770423844,-0.2255779552420039,-0.2872021917996152
1612902982749,2021-02-09T20:37:44.711Z,18.974,0.4538685067610128,0.8128500606692476,-0.2255935621271338,-0.2870290963775621
1612902982789,2021-02-09T20:37:44.725Z,19.014,0.4528950384737279,0.8126528436020136,-0.2264937988099596,-0.2884128967506053
1612902982828,2021-02-09T20:37:44.740Z,19.053,0.4526236143814235,0.8125985673803264,-0.22679134824043745,-0.28875788536249875
1612902982868,2021-02-09T20:37:44.754Z,19.093,0.4528674219109654,0.8121700280518674,-0.22716080951283815,-0.2892903564369486
1612902982907,2021-02-09T20:37:44.769Z,19.132,0.4529957876516672,0.8118800290444068,-0.2275818947442917,-0.2895722983872885
1612902982947,2021-02-09T20:37:44.771Z,19.172,0.4535141537796695,0.8113089278218271,-0.2280879123609307,-0.28996317040779546
1612902982986,2021-02-09T20:37:44.786Z,19.211,0.45368731182123,0.8108113918971399,-0.2289237236761099,-0.29042492765000866
1612902983026,2021-02-09T20:37:44.800Z,19.250999999999998,0.4533467503350978,0.8109927933463149,-0.2295800314801255,-0.2899317544639297
1612902983064,2021-02-09T20:37:44.814Z,19.289,0.4532760451704246,0.8109454756397382,-0.2298238614103465,-0.2899814737884749
1612902983104,2021-02-09T20:37:44.829Z,19.329,0.4526556285613592,0.8112777133628633,-0.2297431235181775,-0.2900852476920464
1612902983143,2021-02-09T20:37:44.844Z,19.368,0.4523132914271845,0.8114997124895866,-0.2296322629244232,-0.2900860680071244
1612902983183,2021-02-09T20:37:44.846Z,19.408,0.452501685435828,0.8113631260797769,-0.2295068167813749,-0.29027353197745664
1612902983222,2021-02-09T20:37:44.860Z,19.447,0.45284723818513295,0.810890166743287,-0.22964856228464806,-0.29094338656813673
1612902983262,2021-02-09T20:37:44.875Z,19.487000000000002,0.4526718306158271,0.810917990819926,-0.2297754001548521,-0.2910386424775375
1612902983301,2021-02-09T20:37:44.889Z,19.526,0.4521781780808937,0.8111176878108599,-0.2300516165742557,-0.2910313479668122
1612902983341,2021-02-09T20:37:44.904Z,19.566,0.4518648339105842,0.8108868299011519,-0.23048252433096866,-0.2918193395678996
1612902983379,2021-02-09T20:37:44.906Z,19.604,0.4516810968219768,0.8110376260163806,-0.2304981310786332,-0.2916723633268441
1612902983418,2021-02-09T20:37:44.921Z,19.643,0.4522970414137258,0.8103472597574466,-0.2310801859908839,-0.2921757220824593
1612902983458,2021-02-09T20:37:44.935Z,19.683,0.4524933261258389,0.8100452456805369,-0.2313529569286877,-0.2924932462165352
1612902983498,2021-02-09T20:37:44.951Z,19.723,0.4525567878352916,0.8100795304379191,-0.231386187040458,-0.2922737425711749
1612902983537,2021-02-09T20:37:44.964Z,19.762,0.4525600917404712,0.81022944214516,-0.23111971090680414,-0.2920638520518321
1612902983577,2021-02-09T20:37:44.979Z,19.802,0.4522867211543801,0.8105161380030662,-0.2309798011852858,-0.29180240463097723
1612902983616,2021-02-09T20:37:44.981Z,19.840999999999998,0.4519430242863557,0.8108083927081582,-0.23097973884923945,-0.2915229208039269
1612902983656,2021-02-09T20:37:44.995Z,19.881,0.4518714963564495,0.8108533624185846,-0.23094388682446,-0.2915371272642124
1612902983694,2021-02-09T20:37:45.009Z,19.919,0.4520072440732972,0.8107308641567582,-0.2309467663628935,-0.29166506186964186
1612902983733,2021-02-09T20:37:45.024Z,19.958,0.4516769610153175,0.8110619407350095,-0.2310567584034953,-0.2911687235525066
1612902983773,2021-02-09T20:37:45.039Z,19.998,0.4518486481948881,0.8111254875497198,-0.2308733083142196,-0.2908706896195093
1612902983813,2021-02-09T20:37:45.041Z,20.038,0.4517509533644184,0.8111213350467471,-0.2309823668751415,-0.2909474216401986
1612902983852,2021-02-09T20:37:45.055Z,20.077,0.4517681083660373,0.8112807770821314,-0.2308708413647822,-0.2905645050722865
1612902983892,2021-02-09T20:37:45.070Z,20.117,0.4517869838894113,0.8113560873627209,-0.23076969740286385,-0.2904051780670513
1612902983931,2021-02-09T20:37:45.084Z,20.156,0.4517803676210957,0.8113701266053553,-0.23077038016400986,-0.2903757027086048
1612902983971,2021-02-09T20:37:45.099Z,20.195999999999998,0.4518912495757595,0.8113883051993194,-0.2306687311825016,-0.29023310148446185
1612902984009,2021-02-09T20:37:45.101Z,20.234,0.451799973950262,0.8114448002780221,-0.2307007536796954,-0.2901918019033688
1612902984048,2021-02-09T20:37:45.116Z,20.273,0.4516720908720392,0.8114703577420501,-0.2307777482886923,-0.29025818115613977
1612902984088,2021-02-09T20:37:45.130Z,20.313,0.4517581860140136,0.8113948249830406,-0.2308448813199937,-0.2902819665918417
1612902984127,2021-02-09T20:37:45.144Z,20.352,0.4514941541572234,0.811580647754951,-0.23092841624874386,-0.29010678640865056
1612902984167,2021-02-09T20:37:45.159Z,20.392,0.4514748232556287,0.8115982822658351,-0.2308870151983643,-0.2901204894560792
1612902984207,2021-02-09T20:37:45.174Z,20.432000000000002,0.4513573942630922,0.8116581200189922,-0.23094653653282146,-0.2900884280952289
1612902984246,2021-02-09T20:37:45.176Z,20.471,0.4511983493573925,0.8119409811622817,-0.2307391735037017,-0.28970903758292504
1612902984286,2021-02-09T20:37:45.189Z,20.511,0.451168361434413,0.8119113880948985,-0.23077665965319555,-0.28980880055946456
1612902984325,2021-02-09T20:37:45.204Z,20.55,0.4513570251392866,0.8118108260905587,-0.2307146744582595,-0.2898460927616544
1612902984363,2021-02-09T20:37:45.219Z,20.588,0.4513680107446401,0.8118087337065182,-0.23079618731701945,-0.2897699409431093
1612902984403,2021-02-09T20:37:45.221Z,20.628,0.4514720531650514,0.8118733621460643,-0.2306556389003888,-0.28953860760187417
1612902984442,2021-02-09T20:37:45.235Z,20.666999999999998,0.4514263706642373,0.8118487698029713,-0.230731382171959,-0.2896184319399133
1612902984482,2021-02-09T20:37:45.249Z,20.706999999999997,0.4512659367139607,0.8118731047965785,-0.2308435029925019,-0.2897108786286539
1612902984522,2021-02-09T20:37:45.264Z,20.747,0.4513005039881819,0.8119358503355659,-0.2307724088785742,-0.2895377787789615
1612902984561,2021-02-09T20:37:45.296Z,20.785999999999998,0.45128361843080295,0.8120616012165898,-0.23069258225012945,-0.2892749281571374
1612902984601,2021-02-09T20:37:45.311Z,20.826,0.4511926244766136,0.8120718368940925,-0.2307483742195681,-0.2893436281247373
1612902984640,2021-02-09T20:37:45.325Z,20.865,0.4514807974113684,0.8119198725913819,-0.2306776722235125,-0.28937695415760223
1612902984678,2021-02-09T20:37:45.339Z,20.903000000000002,0.4511976828753133,0.8121364740143845,-0.2307276417309316,-0.28917080399776546
1612902984718,2021-02-09T20:37:45.354Z,20.943,0.4513693348976834,0.8121495073370836,-0.2305620620664777,-0.28899833352773624
1612902984757,2021-02-09T20:37:45.369Z,20.982,0.4511927594833642,0.8121827188846277,-0.23067163814671685,-0.28909327264685897
1612902984797,2021-02-09T20:37:45.371Z,21.022,0.4512727640076744,0.8120839320478604,-0.23069048080693344,-0.2892308452423875
1612902984836,2021-02-09T20:37:45.399Z,21.061,0.4512727640076744,0.8120839320478604,-0.23069048080693344,-0.2892308452423875
1612902984876,2021-02-09T20:37:45.401Z,21.101,0.4513798266378127,0.8120000428034174,-0.23067617912510605,-0.2893107031824238
1612902984916,2021-02-09T20:37:45.416Z,21.141,0.4513755234995242,0.8120024643948306,-0.2306775257382311,-0.28930954654407803
1612902984955,2021-02-09T20:37:45.430Z,21.18,0.4513544017476351,0.8121098726973025,-0.2306060285672297,-0.28909793890489033
1612902984993,2021-02-09T20:37:45.444Z,21.218000000000004,0.4514059538230092,0.8120312184694698,-0.23063046144229385,-0.28921887099399624
1612902985033,2021-02-09T20:37:45.459Z,21.258000000000003,0.451473385902576,0.8120126844213066,-0.23059337215558265,-0.28919522623737104
1612902985072,2021-02-09T20:37:45.474Z,21.296999999999997,0.451473385902576,0.8120126844213066,-0.23059337215558265,-0.28919522623737104
1612902985112,2021-02-09T20:37:45.476Z,21.337,0.4514656516715408,0.8118498677033738,-0.23073250731609776,-0.28955322090840657
1612902985151,2021-02-09T20:37:45.490Z,21.375999999999998,0.4512420896117961,0.8120421990063902,-0.23074847334742754,-0.28934959070902005
1612902985191,2021-02-09T20:37:45.504Z,21.416,0.4515231436483705,0.811837680499323,-0.23069804476202074,-0.2895252034182045
1612902985231,2021-02-09T20:37:45.519Z,21.456,0.4515565756228048,0.8117577515223614,-0.230737439306643,-0.28966574867833383
1612902985270,2021-02-09T20:37:45.534Z,21.495,0.451589992401094,0.8118333769713921,-0.23064973073521786,-0.289471498614591
1612902985308,2021-02-09T20:37:45.536Z,21.533,0.4516663707274151,0.8117906301787046,-0.2306254899818573,-0.28949152954553786
1612902985348,2021-02-09T20:37:45.550Z,21.573,0.4516243018847302,0.8117420236247913,-0.23069784339428315,-0.2896357748654083
1612902985387,2021-02-09T20:37:45.565Z,21.612,0.45172839274276294,0.8117658912868715,-0.23059762298601486,-0.2894863264585579
1612902985427,2021-02-09T20:37:45.579Z,21.651999999999997,0.4521150711642156,0.8113685625393584,-0.2307110658594201,-0.2899058851403364
1612902985466,2021-02-09T20:37:45.594Z,21.691,0.4520921239209156,0.8113244674239086,-0.2307649291794674,-0.29002218451143
1612902985506,2021-02-09T20:37:45.596Z,21.730999999999998,0.4521453669850673,0.8113860339652801,-0.2306732845194327,-0.2898397950748813
1612902985544,2021-02-09T20:37:45.611Z,21.769000000000002,0.4520935220052014,0.8114150957257267,-0.2306897680284315,-0.2898261905286179
1612902985584,2021-02-09T20:37:45.625Z,21.809,0.4519682454363352,0.811485304590172,-0.2307296109393831,-0.2897932921707427
1612902985623,2021-02-09T20:37:45.639Z,21.848000000000003,0.4521645570326584,0.8116844841639789,-0.23041435326648216,-0.2891794206711533
1612902985663,2021-02-09T20:37:45.654Z,21.888,0.4522286489268112,0.8116769560116911,-0.23037074897808354,-0.2891350656435557
1612902985702,2021-02-09T20:37:45.669Z,21.927,0.4522409092665791,0.8116095596777733,-0.23041647758961475,-0.2892686112950788
1612902985742,2021-02-09T20:37:45.671Z,21.967,0.4523132030604061,0.8116188569541295,-0.23035266973356894,-0.2891802982921295
1612902985781,2021-02-09T20:37:45.685Z,22.006,0.4523791473407834,0.8116257245633175,-0.23025114205454386,-0.28913872424992426
1612902985821,2021-02-09T20:37:45.699Z,22.046,0.4523747643018515,0.8116932396994551,-0.2301991174187657,-0.2889974456438477
1612902985859,2021-02-09T20:37:45.714Z,22.084,0.452392570529613,0.8117116205212745,-0.2301701637773516,-0.2889410025369233
1612902985898,2021-02-09T20:37:45.729Z,22.123,0.4525041626570211,0.8116490509979587,-0.23013479996576125,-0.28897019679700586
1612902985938,2021-02-09T20:37:45.731Z,22.163,0.4524765158056615,0.8117060119656874,-0.2301095167403199,-0.2888736109246827
1612902985978,2021-02-09T20:37:45.746Z,22.203000000000003,0.4523889445080743,0.8117685469896705,-0.2301708958179868,-0.2887861279969918
1612902986017,2021-02-09T20:37:45.761Z,22.241999999999997,0.4524395371165627,0.8118268647498541,-0.2300836398418747,-0.28861241414964633
1612902986057,2021-02-09T20:37:45.774Z,22.281999999999996,0.4523655295292024,0.8120008491637399,-0.2299980026692561,-0.2883070714000654
1612902986096,2021-02-09T20:37:45.789Z,22.320999999999998,0.4525129813927437,0.8118861189122867,-0.22997780596397696,-0.2884148754010275
1612902986136,2021-02-09T20:37:45.804Z,22.361,0.4524683015540309,0.8119976297566148,-0.2299206763439909,-0.2882165296230797
1612902986174,2021-02-09T20:37:45.806Z,22.399,0.452658687423657,0.8118429341372134,-0.22990004145585385,-0.2883697867842069
1612902986213,2021-02-09T20:37:45.820Z,22.438000000000002,0.4524316041188552,0.8120673007375353,-0.2298917987311279,-0.2881008565475972
1612902986253,2021-02-09T20:37:45.834Z,22.478,0.4524996996973712,0.8120922539876541,-0.2298182226755449,-0.2879822517331474
1612902986293,2021-02-09T20:37:45.849Z,22.518,0.4524178677241925,0.8120989424500374,-0.22987636469770814,-0.28804554776769586
1612902986332,2021-02-09T20:37:45.864Z,22.557,0.4525881003483593,0.8119185635490471,-0.22989266458601956,-0.28827351657246536
1612902986372,2021-02-09T20:37:45.866Z,22.596999999999998,0.4524469754962872,0.8119854117590131,-0.2299473972877369,-0.2882631088700111
1612902986411,2021-02-09T20:37:45.880Z,22.636,0.452674738478729,0.8118823793601075,-0.22985506957285,-0.2882693709353201
1612902986451,2021-02-09T20:37:45.895Z,22.676,0.4524820322105879,0.8119119898143289,-0.2299806357840467,-0.2883883466554761
1612902986489,2021-02-09T20:37:45.909Z,22.714000000000002,0.4525430629525074,0.8119169761857477,-0.22992905531529595,-0.2883196654353816
1612902986528,2021-02-09T20:37:45.924Z,22.753,0.4526490351293688,0.8117822144041567,-0.2299575932702536,-0.28850995246418715
1612902986568,2021-02-09T20:37:45.926Z,22.793000000000003,0.4525281101002897,0.8118500275905532,-0.22999584064307876,-0.2884783450402498
1612902986607,2021-02-09T20:37:45.941Z,22.831999999999997,0.4525979123504009,0.8117922863090482,-0.22998906840817296,-0.2885367256311192
1612902986647,2021-02-09T20:37:45.955Z,22.872,0.4526204224799745,0.8118428755835656,-0.2299298735782836,-0.2884062269690635
1612902986687,2021-02-09T20:37:45.969Z,22.912,0.4526063782209286,0.8117538390804184,-0.23001411003751496,-0.2886116427235497
1612902986726,2021-02-09T20:37:45.984Z,22.951,0.4525809558026543,0.8117244721574967,-0.2300580606147045,-0.28869906215918056
1612902986766,2021-02-09T20:37:45.999Z,22.991,0.4526214050127983,0.8116450453053505,-0.2300919400791323,-0.28883192909742
1612902986804,2021-02-09T20:37:46.001Z,23.029,0.4526948847364326,0.8116038224709057,-0.2300686529589463,-0.288851158228141
1612902986843,2021-02-09T20:37:46.015Z,23.068,0.4527363264263333,0.8115329810476893,-0.2300946546660693,-0.2889645121808933
1612902986883,2021-02-09T20:37:46.030Z,23.108,0.4524793764645052,0.8117033183909711,-0.2301545391985557,-0.28884082965134805
1612902986922,2021-02-09T20:37:46.045Z,23.147,0.452470578819454,0.8116782551906601,-0.2301819763505143,-0.2889031725627209
1612902986962,2021-02-09T20:37:46.059Z,23.186999999999998,0.4524489406236623,0.8116532661593917,-0.2302193242413373,-0.2889774980983455
1612902987001,2021-02-09T20:37:46.074Z,23.226,0.4525661233318384,0.8115660933371939,-0.2301997724017991,-0.2890543978976212
1612902987041,2021-02-09T20:37:46.076Z,23.266,0.4526136725243279,0.8115394178668919,-0.2301846988789853,-0.2890668453736917
1612902987081,2021-02-09T20:37:46.091Z,23.305999999999997,0.4526136725243279,0.8115394178668919,-0.2301846988789853,-0.2890668453736917
1612902987119,2021-02-09T20:37:46.105Z,23.344,0.4524201508600169,0.811647948059869,-0.2302460638985587,-0.28901620294582925
1612902987158,2021-02-09T20:37:46.119Z,23.383000000000003,0.4524628589003022,0.8115934158298908,-0.2302576320216422,-0.289093257605779
1612902987198,2021-02-09T20:37:46.135Z,23.423000000000002,0.4524242416669731,0.8115391573555387,-0.23033219423569265,-0.28924657634844664
1612902987237,2021-02-09T20:37:46.149Z,23.462,0.4525322947967681,0.8114785596440236,-0.2302978985291059,-0.2892748646825529
1612902987277,2021-02-09T20:37:46.151Z,23.502,0.4525039876068818,0.8114660191484208,-0.2303301951512791,-0.289328605859945
1612902987316,2021-02-09T20:37:46.165Z,23.541,0.4526766161415979,0.8114297864292117,-0.2302256916057353,-0.2892433470603904
1612902987356,2021-02-09T20:37:46.179Z,23.581,0.4526199738666562,0.8115052617006179,-0.2302077902114747,-0.2891344718554134
1612902987394,2021-02-09T20:37:46.194Z,23.619,0.4526969244609481,0.8114309023811044,-0.23020899948145165,-0.2892217173767113
1612902987434,2021-02-09T20:37:46.209Z,23.659000000000002,0.4528045698536522,0.8112684105011319,-0.23025857091628035,-0.28946947708214105
1612902987473,2021-02-09T20:37:46.211Z,23.698,0.4527272918069909,0.8112680251494813,-0.2303190148827445,-0.2895433335558089
1612902987513,2021-02-09T20:37:46.225Z,23.738000000000003,0.4524949297931975,0.8114202891203601,-0.2303748970210397,-0.28943541548647084
1612902987552,2021-02-09T20:37:46.240Z,23.776999999999997,0.4524033174875082,0.8115651464262384,-0.23032733772842465,-0.2892102503843721
1612902987592,2021-02-09T20:37:46.254Z,23.816999999999997,0.4525060795481673,0.8114033282134461,-0.2303801622443427,-0.2894613407354442
1612902987631,2021-02-09T20:37:46.300Z,23.855999999999998,0.4523287417482791,0.8114634205756123,-0.23046875164957434,-0.2894995353523601
1612902987671,2021-02-09T20:37:46.314Z,23.896,0.4525759620026295,0.81122408003948,-0.2304726044530157,-0.28978072602941923
1612902987709,2021-02-09T20:37:46.316Z,23.934,0.4523965505214341,0.8113706759541457,-0.2304920818439439,-0.28963492103899485
1612902987749,2021-02-09T20:37:46.330Z,23.974,0.452365087854068,0.8114233146596022,-0.2304734292873009,-0.2895514291281553
1612902987788,2021-02-09T20:37:46.345Z,24.013,0.4523123029925853,0.8114528926644318,-0.2304902178929123,-0.2895376365928057
1612902987828,2021-02-09T20:37:46.359Z,24.053,0.4525099359381763,0.8113205744340186,-0.2304449736756536,-0.2896356288250969
1612902987867,2021-02-09T20:37:46.374Z,24.092,0.4525036975887863,0.8114677311689508,-0.2303292138423017,-0.28932503899728257
1612902987907,2021-02-09T20:37:46.376Z,24.131999999999998,0.4525555597442721,0.8114386471429749,-0.23031274009308186,-0.28933860616610385
1612902987946,2021-02-09T20:37:46.391Z,24.171,0.4523724769279367,0.8115582807630087,-0.2303568968664947,-0.2892542119124835
1612902987986,2021-02-09T20:37:46.405Z,24.211,0.4523765348252972,0.8114516774226089,-0.2304411195783851,-0.28947976847260265
1612902988024,2021-02-09T20:37:46.419Z,24.249000000000002,0.4524900708191549,0.8112794707979533,-0.23058866641217066,-0.2896674351633714
1612902988064,2021-02-09T20:37:46.434Z,24.289,0.4524287759778704,0.8113318143379559,-0.23062709406831355,-0.28958596856866525
1612902988103,2021-02-09T20:37:46.449Z,24.328000000000003,0.4523528436014794,0.8114892166137893,-0.23056200652609946,-0.28931525599569224
1612902988143,2021-02-09T20:37:46.451Z,24.368000000000002,0.4520140411167071,0.8118334405883331,-0.2305257595501726,-0.2889076765329529
1612902988182,2021-02-09T20:37:46.465Z,24.406999999999996,0.4520395421479169,0.8119022150311929,-0.2303791583322174,-0.2887914281419786
1612902988222,2021-02-09T20:37:46.479Z,24.447,0.4521745377082,0.8115987971629757,-0.2308026680140629,-0.2890946355946048
1612902988261,2021-02-09T20:37:46.494Z,24.486,0.4519868046102045,0.8114931741166075,-0.2315699956095449,-0.2890710880627906
1612902988301,2021-02-09T20:37:46.509Z,24.526,0.4526243812376389,0.8113051484251457,-0.23142989931190625,-0.2887132268403684
1612902988340,2021-02-09T20:37:46.511Z,24.565,0.4545744631270842,0.8107148441528341,-0.23096016144761256,-0.2876819472387202
1612902988378,2021-02-09T20:37:46.525Z,24.603,0.4576828802237736,0.8106334572087563,-0.22939976732487705,-0.284210355115964
1612902988418,2021-02-09T20:37:46.540Z,24.643,0.4617207877195016,0.8111555716217298,-0.2262255748512996,-0.2786799994579924
1612902988458,2021-02-09T20:37:46.554Z,24.683000000000003,0.4656233264289791,0.8127339509015334,-0.2217382589306011,-0.271091474346985
1612902988497,2021-02-09T20:37:46.569Z,24.721999999999998,0.4684350411538223,0.8149669143857355,-0.21720141325620815,-0.2630990056144567
1612902988537,2021-02-09T20:37:46.571Z,24.761999999999997,0.4708013026744987,0.8165406879888872,-0.21415487791882706,-0.2564081249145626
1612902988576,2021-02-09T20:37:46.586Z,24.801,0.4722909267757989,0.8184446505463687,-0.2121498465076912,-0.2491627522404833
1612902988616,2021-02-09T20:37:46.600Z,24.840999999999998,0.4737550537824394,0.8188963442608099,-0.21179098645484,-0.2451723973622743
1612902988654,2021-02-09T20:37:46.614Z,24.879,0.4745960436947024,0.8208213296021682,-0.2111185656041473,-0.2375708135203315
1612902988693,2021-02-09T20:37:46.629Z,24.918000000000003,0.4789178834066552,0.8209881290132807,-0.20870570515671885,-0.2303433993141518
1612902988733,2021-02-09T20:37:46.644Z,24.958000000000002,0.483768781118968,0.8208293416496781,-0.20591914078213186,-0.2231686935059954
1612902988772,2021-02-09T20:37:46.659Z,24.997,0.4897340810267818,0.8208262860539299,-0.202992491866656,-0.21260006173454274
1612902988812,2021-02-09T20:37:46.661Z,25.037,0.4945065167834777,0.8216886841559072,-0.19815959740856467,-0.2025432920234131
1612902988852,2021-02-09T20:37:46.676Z,25.076999999999998,0.4994077079168534,0.8212151421629972,-0.19552435768600224,-0.19485342467331707
1612902988891,2021-02-09T20:37:46.690Z,25.116,0.5074656538072476,0.8186746703166717,-0.193334394734476,-0.186741013707555
1612902988931,2021-02-09T20:37:46.704Z,25.156,0.51436605063793,0.8166158438755511,-0.18965890673339608,-0.1805425949166926
1612902988969,2021-02-09T20:37:46.719Z,25.194000000000003,0.5194666085091045,0.8167827775878131,-0.18535940152567232,-0.1692992296084959
1612902989008,2021-02-09T20:37:46.734Z,25.233,0.5270143356638394,0.8142335978559628,-0.18337113908991687,-0.16017042010372068
1612902989048,2021-02-09T20:37:46.736Z,25.273000000000003,0.5308411800480258,0.8137532503346634,-0.18338314062183855,-0.1496125424911333
1612902989087,2021-02-09T20:37:46.750Z,25.311999999999998,0.5357812709100491,0.8094076319041854,-0.1880956134685378,-0.14972560018636022
1612902989127,2021-02-09T20:37:46.764Z,25.351999999999997,0.5379175260631357,0.8092525577185607,-0.18946998033669216,-0.14091188569917207
1612902989167,2021-02-09T20:37:46.779Z,25.392,0.5414288607358643,0.8069430991977183,-0.19123522591400705,-0.13829935570733576
1612902989206,2021-02-09T20:37:46.794Z,25.430999999999997,0.5409256311286258,0.8070289107854411,-0.19485434843923968,-0.1346684136643844
1612902989246,2021-02-09T20:37:46.796Z,25.471,0.5439300397097874,0.8050060260049162,-0.19687959835816404,-0.13169598986836828
1612902989284,2021-02-09T20:37:46.810Z,25.509,0.545442248276249,0.8053363050215651,-0.1969036570573125,-0.12310621205698552
1612902989323,2021-02-09T20:37:46.825Z,25.548000000000002,0.541771774511096,0.8070972784279562,-0.19988123172619116,-0.1229830098058459
1612902989363,2021-02-09T20:37:46.839Z,25.588,0.5416575896047513,0.8069950017344288,-0.20245357606800296,-0.1199111018067025
1612902989402,2021-02-09T20:37:46.854Z,25.627,0.5429593069107724,0.8063539362771575,-0.20312007321765266,-0.11717831004654095
1612902989442,2021-02-09T20:37:46.856Z,25.666999999999998,0.5438687907977698,0.8048579337933548,-0.20599495773885512,-0.11822234218721395
1612902989481,2021-02-09T20:37:46.871Z,25.706,0.5443813769721049,0.8042322600769062,-0.20789139163373427,-0.11679279747542627
1612902989521,2021-02-09T20:37:46.885Z,25.746,0.5438510094690026,0.803526955599591,-0.2114562737955115,-0.1177147203917903
1612902989559,2021-02-09T20:37:46.914Z,25.784000000000002,0.5432627127365587,0.8036456345221007,-0.21302067142748546,-0.11679688612402656
1612902989599,2021-02-09T20:37:46.930Z,25.824,0.5424532402990234,0.8036883637356066,-0.2164113671341587,-0.11399831691826615
1612902989638,2021-02-09T20:37:46.945Z,25.863000000000003,0.5393019851091768,0.8053991200940582,-0.21827778240088974,-0.11331564728301023
1612902989678,2021-02-09T20:37:46.959Z,25.903000000000002,0.5400552761409987,0.8046642785320239,-0.22041149956269285,-0.11079020005096242
1612902989717,2021-02-09T20:37:46.974Z,25.941999999999997,0.5385681682712903,0.8054477360403827,-0.2218298498444871,-0.10949790112281407
1612902989757,2021-02-09T20:37:46.976Z,25.982,0.537782910614748,0.8055096586758224,-0.2239504679639408,-0.10858139218771364
1612902989796,2021-02-09T20:37:46.991Z,26.021,0.5367494635689987,0.8045177378595493,-0.229098444775182,-0.1102956274261974
1612902989836,2021-02-09T20:37:47.005Z,26.061,0.5378212916251902,0.8013353617663825,-0.23566350350993545,-0.11433551229069475
1612902989874,2021-02-09T20:37:47.019Z,26.099,0.5391285953224901,0.7990210109056815,-0.23937140837514725,-0.11664952074209425
1612902989914,2021-02-09T20:37:47.034Z,26.139,0.5385980732361726,0.7912352055732522,-0.2563176363121533,-0.13475991348723335
1612902989953,2021-02-09T20:37:47.049Z,26.178,0.5421310470915611,0.7855202873211186,-0.2645274335955909,-0.13811966862718966
1612902989993,2021-02-09T20:37:47.051Z,26.218000000000004,0.5410890695873568,0.7844440758625093,-0.2690462258110521,-0.13958595557623493
1612902990032,2021-02-09T20:37:47.065Z,26.256999999999998,0.5424284372909689,0.7808421619567091,-0.2734132601158195,-0.1459523816924178
1612902990072,2021-02-09T20:37:47.079Z,26.296999999999997,0.5447167876562554,0.7784189264899699,-0.27590584534693513,-0.14568308285811934
1612902990111,2021-02-09T20:37:47.094Z,26.336,0.5470602824642047,0.7758650919371463,-0.27774464983647096,-0.14702488208043
1612902990151,2021-02-09T20:37:47.109Z,26.375999999999998,0.5466270660989732,0.7739168585365187,-0.2826437105987037,-0.14954624548945078
1612902990190,2021-02-09T20:37:47.111Z,26.415,0.5442565075586037,0.7737011711873137,-0.2872291404212638,-0.1505681658796201
1612902990229,2021-02-09T20:37:47.125Z,26.454,0.5441329524886513,0.7724701320719191,-0.2904202314613957,-0.15121281106666934
1612902990268,2021-02-09T20:37:47.140Z,26.493000000000002,0.5442621486073937,0.7719550379018199,-0.2917318517688525,-0.1508531064140855
1612902990308,2021-02-09T20:37:47.154Z,26.533,0.5449248787590271,0.7714710326283903,-0.2921994908671296,-0.15002926335130498
1612902990347,2021-02-09T20:37:47.169Z,26.572,0.5455454724994245,0.7703038159772956,-0.2934613166915585,-0.15130308698719067
1612902990387,2021-02-09T20:37:47.171Z,26.612,0.5445908813428493,0.7696907831650758,-0.2955272141346885,-0.15381981658661747
1612902990426,2021-02-09T20:37:47.186Z,26.651,0.5445077100701753,0.7699620386169925,-0.2955781652048333,-0.15265438420511573
1612902990466,2021-02-09T20:37:47.200Z,26.691,0.5446215362541291,0.7702987769424464,-0.2952276965617714,-0.15122097629626086
1612902990505,2021-02-09T20:37:47.214Z,26.73,0.5444349401764323,0.7703137436302999,-0.29569846860968235,-0.15089648091074234
