epoch (ms),time (-07:00),elapsed (s),X-Axis (g),Y-Axis (g),Z-Axis (g)
1616625307221,2021-03-24T22:36:27.685Z,-0.003,-0.18634742498397827,0.131307914853096,0.9677336812019348
1616625307262,2021-03-24T22:36:27.687Z,0.038,-0.18781226873397827,0.10762627422809601,0.9670012593269348
1616625307302,2021-03-24T22:36:27.689Z,0.078,-0.18512672185897827,0.11934502422809601,0.9694426655769348
1616625307343,2021-03-24T22:36:27.700Z,0.119,-0.17975562810897827,0.12422783672809601,0.9689543843269348
1616625307383,2021-03-24T22:36:27.702Z,0.159,-0.18146461248397827,0.131063774228096,0.9674895405769348
1616625307424,2021-03-24T22:36:27.705Z,0.2,-0.18439429998397827,0.128866508603096,0.9679778218269348
1616625307463,2021-03-24T22:36:27.716Z,0.239,-0.18439429998397827,0.125692680478096,0.9711516499519348
1616625307504,2021-03-24T22:36:27.718Z,0.28,-0.18463844060897827,0.12203057110309601,0.9682219624519348
1616625307544,2021-03-24T22:36:27.730Z,0.32,-0.18219703435897827,0.12007744610309601,0.9667571187019348
1616625307585,2021-03-24T22:36:27.731Z,0.361,-0.18366187810897827,0.12276299297809601,0.9721282124519348
1616625307626,2021-03-24T22:36:27.734Z,0.402,-0.18537086248397827,0.12080986797809601,0.9704192280769348
1616625307665,2021-03-24T22:36:27.745Z,0.441,-0.18756812810897827,0.12178643047809601,0.9694426655769348
1616625307706,2021-03-24T22:36:27.747Z,0.482,-0.18610328435897827,0.12032158672809601,0.9679778218269348
1616625307746,2021-03-24T22:36:27.749Z,0.522,-0.18488258123397827,0.12178643047809601,0.9718840718269348
1616625307787,2021-03-24T22:36:27.775Z,0.563,-0.18268531560897827,0.125936821103096,0.9604094624519348
1616625307826,2021-03-24T22:36:27.778Z,0.602,-0.18561500310897827,0.133016899228096,0.9784758687019348
1616625307867,2021-03-24T22:36:27.780Z,0.643,-0.18830054998397827,0.10811455547809601,0.9674895405769348
1616625307907,2021-03-24T22:36:27.791Z,0.683,-0.18756812810897827,0.11592705547809601,0.9687102437019348
1616625307948,2021-03-24T22:36:27.793Z,0.724,-0.18146461248397827,0.12325127422809601,0.9674895405769348
1616625307987,2021-03-24T22:36:27.805Z,0.763,-0.18268531560897827,0.125448539853096,0.9684661030769348
1616625308029,2021-03-24T22:36:27.807Z,0.805,-0.18512672185897827,0.126425102353096,0.9691985249519348
1616625308068,2021-03-24T22:36:27.809Z,0.844,-0.18537086248397827,0.12300713360309601,0.9704192280769348
1616625308109,2021-03-24T22:36:27.820Z,0.885,-0.18756812810897827,0.12056572735309601,0.9696868062019348
1616625308149,2021-03-24T22:36:27.822Z,0.925,-0.18756812810897827,0.11958916485309601,0.9687102437019348
1616625308190,2021-03-24T22:36:27.824Z,0.966,-0.18268531560897827,0.12373955547809601,0.9682219624519348
1616625308231,2021-03-24T22:36:27.835Z,1.007,-0.18659156560897827,0.12007744610309601,0.9670012593269348
1616625308270,2021-03-24T22:36:27.837Z,1.046,-0.18415015935897827,0.12422783672809601,0.9674895405769348
1616625308311,2021-03-24T22:36:27.839Z,1.087,-0.18463844060897827,0.12373955547809601,0.9699309468269348
1616625308351,2021-03-24T22:36:27.865Z,1.127,-0.18390601873397827,0.12154228985309601,0.9670012593269348
1616625308392,2021-03-24T22:36:27.867Z,1.168,-0.18463844060897827,0.12349541485309601,0.9682219624519348
1616625308431,2021-03-24T22:36:27.869Z,1.207,-0.17877906560897827,0.129110649228096,0.9757903218269348
1616625308472,2021-03-24T22:36:27.881Z,1.248,-0.18830054998397827,0.11348564922809601,0.9633391499519348
1616625308512,2021-03-24T22:36:27.883Z,1.288,-0.18585914373397827,0.11446221172809601,0.9679778218269348
1616625308553,2021-03-24T22:36:27.885Z,1.329,-0.18707984685897827,0.12251885235309601,0.9667571187019348
1616625308592,2021-03-24T22:36:27.897Z,1.368,-0.18122047185897827,0.128622367978096,0.9731047749519348
1616625308633,2021-03-24T22:36:27.899Z,1.409,-0.18341773748397827,0.125204399228096,0.9667571187019348
1616625308673,2021-03-24T22:36:27.910Z,1.449,-0.18561500310897827,0.127645805478096,0.9718840718269348
1616625308714,2021-03-24T22:36:27.911Z,1.49,-0.18195289373397827,0.12276299297809601,0.9679778218269348
1616625308755,2021-03-24T22:36:27.914Z,1.531,-0.18317359685897827,0.12154228985309601,0.9662688374519348
1616625308795,2021-03-24T22:36:27.925Z,1.571,-0.18390601873397827,0.12227471172809601,0.9709075093269348
1616625308836,2021-03-24T22:36:27.927Z,1.612,-0.18683570623397827,0.125692680478096,0.9684661030769348
1616625308885,2021-03-24T22:36:27.929Z,1.661,-0.18561500310897827,0.12300713360309601,0.9696868062019348
1616625308926,2021-03-24T22:36:27.941Z,1.702,-0.18561500310897827,0.12373955547809601,0.9689543843269348
1616625308966,2021-03-24T22:36:27.943Z,1.742,-0.18659156560897827,0.12227471172809601,0.9709075093269348
1616625309007,2021-03-24T22:36:27.945Z,1.783,-0.18341773748397827,0.12032158672809601,0.9706633687019348
1616625309047,2021-03-24T22:36:27.957Z,1.823,-0.18366187810897827,0.126913383603096,0.9667571187019348
1616625309088,2021-03-24T22:36:27.986Z,1.864,-0.18952125310897827,0.131796196103096,0.9753020405769348
1616625309127,2021-03-24T22:36:27.988Z,1.903,-0.19147437810897827,0.10909111797809601,0.9670012593269348
1616625309168,2021-03-24T22:36:28.000Z,1.944,-0.18512672185897827,0.11788018047809601,0.9677336812019348
1616625309208,2021-03-24T22:36:28.002Z,1.984,-0.18097633123397827,0.126669242978096,0.9723723530769348
1616625309249,2021-03-24T22:36:28.004Z,2.025,-0.18317359685897827,0.129598930478096,0.9687102437019348
1616625309288,2021-03-24T22:36:28.015Z,2.064,-0.18244117498397827,0.125448539853096,0.9706633687019348
1616625309329,2021-03-24T22:36:28.018Z,2.105,-0.18415015935897827,0.12349541485309601,0.9706633687019348
1616625309369,2021-03-24T22:36:28.020Z,2.145,-0.18634742498397827,0.12227471172809601,0.9662688374519348
1616625309410,2021-03-24T22:36:28.031Z,2.186,-0.18537086248397827,0.11958916485309601,0.9677336812019348
1616625309451,2021-03-24T22:36:28.033Z,2.227,-0.18659156560897827,0.12251885235309601,0.9709075093269348
1616625309490,2021-03-24T22:36:28.045Z,2.266,-0.18707984685897827,0.12105400860309601,0.9701750874519348
1616625309531,2021-03-24T22:36:28.047Z,2.307,-0.18463844060897827,0.12129814922809601,0.9687102437019348
1616625309571,2021-03-24T22:36:28.049Z,2.347,-0.18561500310897827,0.12422783672809601,0.9682219624519348
1616625309612,2021-03-24T22:36:28.060Z,2.388,-0.18610328435897827,0.12300713360309601,0.9691985249519348
1616625309652,2021-03-24T22:36:28.062Z,2.428,-0.18317359685897827,0.12373955547809601,0.9670012593269348
1616625309693,2021-03-24T22:36:28.064Z,2.469,-0.17975562810897827,0.126913383603096,0.9638274312019348
1616625309732,2021-03-24T22:36:28.076Z,2.508,-0.18561500310897827,0.130087211728096,0.9743254780769348
1616625309773,2021-03-24T22:36:28.078Z,2.549,-0.19318336248397827,0.11055596172809601,0.9687102437019348
1616625309813,2021-03-24T22:36:28.080Z,2.589,-0.18854469060897827,0.11568291485309601,0.9682219624519348
1616625309854,2021-03-24T22:36:28.091Z,2.63,-0.18317359685897827,0.12398369610309601,0.9709075093269348
1616625309893,2021-03-24T22:36:28.093Z,2.669,-0.18341773748397827,0.127645805478096,0.9677336812019348
1616625309934,2021-03-24T22:36:28.105Z,2.71,-0.18512672185897827,0.126913383603096,0.9726164937019348
1616625309975,2021-03-24T22:36:28.107Z,2.751,-0.18366187810897827,0.12496025860309601,0.9723723530769348
1616625310015,2021-03-24T22:36:28.109Z,2.791,-0.18683570623397827,0.12325127422809601,0.9682219624519348
1616625310056,2021-03-24T22:36:28.121Z,2.832,-0.18488258123397827,0.12056572735309601,0.9691985249519348
1616625310095,2021-03-24T22:36:28.123Z,2.871,-0.18463844060897827,0.12349541485309601,0.9701750874519348
1616625310136,2021-03-24T22:36:28.125Z,2.912,-0.18634742498397827,0.11763603985309601,0.9691985249519348
1616625310176,2021-03-24T22:36:28.138Z,2.952,-0.18537086248397827,0.11983330547809601,0.9699309468269348
1616625310217,2021-03-24T22:36:28.139Z,2.993,-0.18390601873397827,0.12471611797809601,0.9716399312019348
1616625310257,2021-03-24T22:36:28.150Z,3.033,-0.18292945623397827,0.129354789853096,0.9689543843269348
1616625310298,2021-03-24T22:36:28.152Z,3.074,-0.18512672185897827,0.12251885235309601,0.9701750874519348
1616625310337,2021-03-24T22:36:28.154Z,3.113,-0.18268531560897827,0.126425102353096,0.9618743062019348
1616625310378,2021-03-24T22:36:28.165Z,3.154,-0.18707984685897827,0.131307914853096,0.9814055562019348
1616625310418,2021-03-24T22:36:28.167Z,3.194,-0.19391578435897827,0.10445244610309601,0.9640715718269348
1616625310459,2021-03-24T22:36:28.169Z,3.235,-0.18561500310897827,0.11861260235309601,0.9679778218269348
1616625310500,2021-03-24T22:36:28.195Z,3.276,-0.18146461248397827,0.127889946103096,0.9684661030769348
1616625310539,2021-03-24T22:36:28.198Z,3.315,-0.18219703435897827,0.127401664853096,0.9718840718269348
1616625310580,2021-03-24T22:36:28.200Z,3.356,-0.18219703435897827,0.129110649228096,0.9694426655769348
1616625310620,2021-03-24T22:36:28.211Z,3.396,-0.18439429998397827,0.12447197735309601,0.9687102437019348
1616625310661,2021-03-24T22:36:28.213Z,3.437,-0.18805640935897827,0.12373955547809601,0.9682219624519348
1616625310700,2021-03-24T22:36:28.240Z,3.476,-0.18390601873397827,0.125692680478096,0.9662688374519348
1616625310741,2021-03-24T22:36:28.242Z,3.517,-0.18366187810897827,0.128866508603096,0.9657805562019348
1616625310781,2021-03-24T22:36:28.244Z,3.557,-0.18195289373397827,0.125936821103096,0.9711516499519348
1616625310822,2021-03-24T22:36:28.255Z,3.598,-0.18707984685897827,0.12056572735309601,0.9704192280769348
1616625310862,2021-03-24T22:36:28.257Z,3.638,-0.18317359685897827,0.12251885235309601,0.9750578999519348
1616625310903,2021-03-24T22:36:28.259Z,3.679,-0.18561500310897827,0.134237602353096,0.9782317280769348
1616625310942,2021-03-24T22:36:28.270Z,3.718,-0.17975562810897827,0.143270805478096,0.9960539937019348
1616625310983,2021-03-24T22:36:28.272Z,3.759,-0.18683570623397827,0.11202080547809601,0.9879973530769348
1616625311024,2021-03-24T22:36:28.275Z,3.8,-0.17707008123397827,0.09541924297809601,0.9565032124519348
1616625311064,2021-03-24T22:36:28.286Z,3.84,-0.17072242498397827,0.10884697735309601,0.9525969624519348
1616625311105,2021-03-24T22:36:28.289Z,3.881,-0.19367164373397827,0.09810478985309601,0.9650481343269348
1616625311144,2021-03-24T22:36:28.299Z,3.92,-0.16852515935897827,0.157430961728096,0.9879973530769348
1616625311185,2021-03-24T22:36:28.302Z,3.961,-0.17072242498397827,0.130087211728096,0.9804289937019348
1616625311225,2021-03-24T22:36:28.304Z,4.001,-0.15753883123397827,0.171346977353096,0.9919036030769348
1616625311266,2021-03-24T22:36:28.330Z,4.042,-0.14801734685897827,0.143759086728096,0.9555266499519348
1616625311305,2021-03-24T22:36:28.333Z,4.081,-0.16022437810897827,0.12325127422809601,0.9018157124519348
1616625311346,2021-03-24T22:36:28.335Z,4.122,-0.13361304998397827,0.10591728985309601,0.9191496968269348
1616625311386,2021-03-24T22:36:28.346Z,4.162,-0.10260719805955887,0.168905571103096,0.9665129780769348
1616625311427,2021-03-24T22:36:28.348Z,4.203,-0.15900367498397827,0.134237602353096,1.0241302251815796
1616625311466,2021-03-24T22:36:28.350Z,4.242,-0.20587867498397827,0.07027275860309601,1.0097259283065796
1616625311508,2021-03-24T22:36:28.362Z,4.284,-0.18878883123397827,0.07344658672809601,0.9901946187019348
1616625311547,2021-03-24T22:36:28.364Z,4.323,-0.18830054998397827,0.10152275860309601,0.9525969624519348
1616625311588,2021-03-24T22:36:28.375Z,4.364,-0.18097633123397827,0.10005791485309601,0.9496672749519348
1616625311629,2021-03-24T22:36:28.377Z,4.405,-0.17926734685897827,0.11031182110309601,0.9753020405769348
1616625311669,2021-03-24T22:36:28.379Z,4.445,-0.17853492498397827,0.135946586728096,0.9753020405769348
1616625311710,2021-03-24T22:36:28.390Z,4.486,-0.17145484685897827,0.165243461728096,0.9884856343269348
1616625311749,2021-03-24T22:36:28.392Z,4.525,-0.17462867498397827,0.131063774228096,0.9657805562019348
1616625311790,2021-03-24T22:36:28.395Z,4.566,-0.18170875310897827,0.12032158672809601,0.9750578999519348
1616625311830,2021-03-24T22:36:28.420Z,4.606,-0.17853492498397827,0.10982353985309601,0.9767668843269348
1616625311871,2021-03-24T22:36:28.422Z,4.647,-0.17755836248397827,0.11104424297809601,0.9733489155769348
1616625311910,2021-03-24T22:36:28.424Z,4.686,-0.18561500310897827,0.11202080547809601,0.9674895405769348
1616625311951,2021-03-24T22:36:28.436Z,4.727,-0.18415015935897827,0.11446221172809601,0.9691985249519348
1616625311991,2021-03-24T22:36:28.438Z,4.767,-0.18707984685897827,0.11177666485309601,0.9716399312019348
1616625312032,2021-03-24T22:36:28.440Z,4.808,-0.18634742498397827,0.12007744610309601,0.9760344624519348
1616625312071,2021-03-24T22:36:28.451Z,4.847,-0.18366187810897827,0.11470635235309601,0.9711516499519348
1616625312112,2021-03-24T22:36:28.454Z,4.888,-0.18561500310897827,0.11812432110309601,0.9696868062019348
1616625312154,2021-03-24T22:36:28.480Z,4.93,-0.18219703435897827,0.11324150860309601,0.9716399312019348
1616625312193,2021-03-24T22:36:28.482Z,4.969,-0.18830054998397827,0.10372002422809601,0.9684661030769348
1616625312234,2021-03-24T22:36:28.511Z,5.01,-0.18659156560897827,0.10909111797809601,0.9718840718269348
1616625312274,2021-03-24T22:36:28.513Z,5.05,-0.18390601873397827,0.10640557110309601,0.9696868062019348
1616625312315,2021-03-24T22:36:28.525Z,5.091,-0.18512672185897827,0.10445244610309601,0.9704192280769348
1616625312354,2021-03-24T22:36:28.527Z,5.13,-0.17853492498397827,0.11763603985309601,0.9718840718269348
1616625312395,2021-03-24T22:36:28.529Z,5.171,-0.18634742498397827,0.11299736797809601,0.9682219624519348
1616625312435,2021-03-24T22:36:28.555Z,5.211,-0.19147437810897827,0.10249932110309601,0.9709075093269348
1616625312476,2021-03-24T22:36:28.558Z,5.252,-0.18512672185897827,0.10884697735309601,0.9684661030769348
1616625312515,2021-03-24T22:36:28.560Z,5.291,-0.18048804998397827,0.11495049297809601,0.9770110249519348
1616625312556,2021-03-24T22:36:28.571Z,5.332,-0.17877906560897827,0.11348564922809601,0.9694426655769348
1616625312596,2021-03-24T22:36:28.573Z,5.372,-0.18268531560897827,0.11226494610309601,0.9674895405769348
1616625312637,2021-03-24T22:36:28.575Z,5.413,-0.18048804998397827,0.11177666485309601,0.9728606343269348
1616625312678,2021-03-24T22:36:28.587Z,5.454,-0.18610328435897827,0.11421807110309601,0.9718840718269348
1616625312717,2021-03-24T22:36:28.589Z,5.493,-0.18170875310897827,0.11934502422809601,0.9770110249519348
1616625312758,2021-03-24T22:36:28.600Z,5.534,-0.19074195623397827,0.11226494610309601,0.9718840718269348
1616625312798,2021-03-24T22:36:28.602Z,5.574,-0.18976539373397827,0.10933525860309601,0.9699309468269348
1616625312839,2021-03-24T22:36:28.604Z,5.615,-0.18781226873397827,0.11372978985309601,0.9699309468269348
1616625312879,2021-03-24T22:36:28.615Z,5.655,-0.18976539373397827,0.11495049297809601,0.9735930562019348
1616625312920,2021-03-24T22:36:28.617Z,5.696,-0.18952125310897827,0.11202080547809601,0.9674895405769348
1616625312959,2021-03-24T22:36:28.620Z,5.735,-0.18390601873397827,0.11348564922809601,0.9687102437019348
1616625313000,2021-03-24T22:36:28.632Z,5.776,-0.18512672185897827,0.11861260235309601,0.9767668843269348
1616625313040,2021-03-24T22:36:28.634Z,5.816,-0.19220679998397827,0.10567314922809601,0.9672453999519348
1616625313081,2021-03-24T22:36:28.636Z,5.857,-0.19196265935897827,0.10591728985309601,0.9709075093269348
1616625313120,2021-03-24T22:36:28.647Z,5.896,-0.18512672185897827,0.11470635235309601,0.9721282124519348
1616625313161,2021-03-24T22:36:28.649Z,5.937,-0.17902320623397827,0.12373955547809601,0.9735930562019348
1616625313202,2021-03-24T22:36:28.660Z,5.978,-0.18585914373397827,0.12154228985309601,0.9721282124519348
1616625313242,2021-03-24T22:36:28.662Z,6.018,-0.18952125310897827,0.10909111797809601,0.9733489155769348
1616625313283,2021-03-24T22:36:28.664Z,6.059,-0.18610328435897827,0.10274346172809601,0.9691985249519348
1616625313322,2021-03-24T22:36:28.675Z,6.098,-0.19196265935897827,0.10420830547809601,0.9672453999519348
1616625313363,2021-03-24T22:36:28.677Z,6.139,-0.18195289373397827,0.11226494610309601,0.9704192280769348
1616625313403,2021-03-24T22:36:28.679Z,6.179,-0.18903297185897827,0.11470635235309601,0.9694426655769348
1616625313444,2021-03-24T22:36:28.691Z,6.22,-0.18683570623397827,0.11519463360309601,0.9713957905769348
1616625313484,2021-03-24T22:36:28.693Z,6.26,-0.18537086248397827,0.12007744610309601,0.9699309468269348
1616625313525,2021-03-24T22:36:28.695Z,6.301,-0.19049781560897827,0.11372978985309601,0.9706633687019348
1616625313564,2021-03-24T22:36:28.706Z,6.34,-0.19123023748397827,0.11080010235309601,0.9726164937019348
1616625313605,2021-03-24T22:36:28.709Z,6.381,-0.18585914373397827,0.10787041485309601,0.9640715718269348
1616625313645,2021-03-24T22:36:28.720Z,6.421,-0.18854469060897827,0.11763603985309601,0.9772551655769348
1616625313686,2021-03-24T22:36:28.722Z,6.462,-0.19513648748397827,0.09883721172809601,0.9665129780769348
1616625313727,2021-03-24T22:36:28.724Z,6.503,-0.19196265935897827,0.10713799297809601,0.9687102437019348
1616625313766,2021-03-24T22:36:28.751Z,6.542,-0.18659156560897827,0.11055596172809601,0.9694426655769348
1616625313807,2021-03-24T22:36:28.752Z,6.583,-0.18439429998397827,0.11910088360309601,0.9718840718269348
1616625313847,2021-03-24T22:36:28.754Z,6.623,-0.18854469060897827,0.11446221172809601,0.9701750874519348
1616625313888,2021-03-24T22:36:28.766Z,6.664,-0.19147437810897827,0.11299736797809601,0.9711516499519348
1616625313927,2021-03-24T22:36:28.768Z,6.703,-0.18878883123397827,0.11080010235309601,0.9679778218269348
1616625313968,2021-03-24T22:36:28.770Z,6.744,-0.19098609685897827,0.10860283672809601,0.9691985249519348
1616625314008,2021-03-24T22:36:28.810Z,6.784,-0.19123023748397827,0.11055596172809601,0.9701750874519348
1616625314049,2021-03-24T22:36:28.813Z,6.825,-0.18976539373397827,0.11128838360309601,0.9694426655769348
1616625314089,2021-03-24T22:36:28.814Z,6.865,-0.19147437810897827,0.10982353985309601,0.9738371968269348
1616625314130,2021-03-24T22:36:28.826Z,6.906,-0.18976539373397827,0.11812432110309601,0.9694426655769348
1616625314169,2021-03-24T22:36:28.828Z,6.945,-0.18927711248397827,0.12496025860309601,0.9694426655769348
1616625314210,2021-03-24T22:36:28.840Z,6.986,-0.19123023748397827,0.11910088360309601,0.9750578999519348
1616625314251,2021-03-24T22:36:28.842Z,7.027,-0.17975562810897827,0.127889946103096,0.9748137593269348
1616625314291,2021-03-24T22:36:28.844Z,7.067,-0.18878883123397827,0.133993461728096,0.9684661030769348
1616625314332,2021-03-24T22:36:28.855Z,7.108,-0.19904273748397827,0.11470635235309601,0.9699309468269348
1616625314371,2021-03-24T22:36:28.857Z,7.147,-0.19440406560897827,0.09102471172809601,0.9628508687019348
1616625314412,2021-03-24T22:36:28.859Z,7.188,-0.17389625310897827,0.08345635235309601,0.9628508687019348
1616625314452,2021-03-24T22:36:28.870Z,7.228,-0.18488258123397827,0.11617119610309601,0.9623625874519348
1616625314493,2021-03-24T22:36:28.872Z,7.269,-0.19806617498397827,0.12349541485309601,0.9755461812019348
1616625314532,2021-03-24T22:36:28.875Z,7.308,-0.19635719060897827,0.11812432110309601,0.9745696187019348
1616625314573,2021-03-24T22:36:28.886Z,7.349,-0.18097633123397827,0.12349541485309601,0.9713957905769348
1616625314613,2021-03-24T22:36:28.888Z,7.389,-0.19049781560897827,0.12007744610309601,0.9740813374519348
1616625314654,2021-03-24T22:36:28.890Z,7.43,-0.21100562810897827,0.11714775860309601,0.9706633687019348
1616625314694,2021-03-24T22:36:28.902Z,7.47,-0.19757789373397827,0.08833916485309601,0.9660246968269348
1616625314735,2021-03-24T22:36:28.904Z,7.511,-0.19415992498397827,0.10591728985309601,0.9704192280769348
1616625314776,2021-03-24T22:36:28.915Z,7.552,-0.16242164373397827,0.09981377422809601,0.9596770405769348
1616625314815,2021-03-24T22:36:28.917Z,7.591,-0.18219703435897827,0.12056572735309601,0.9523528218269348
1616625314856,2021-03-24T22:36:28.919Z,7.632,-0.17365211248397827,0.139364555478096,0.9748137593269348
1616625314896,2021-03-24T22:36:28.930Z,7.672,-0.19147437810897827,0.136190727353096,0.9823821187019348
1616625314937,2021-03-24T22:36:28.934Z,7.713,-0.23151344060897827,0.168173149228096,0.9848235249519348
1616625314976,2021-03-24T22:36:28.945Z,7.752,-0.23590797185897827,0.11299736797809601,0.9506438374519348
1616625315017,2021-03-24T22:36:28.947Z,7.793,-0.24274390935897827,0.131307914853096,0.9679778218269348
1616625315057,2021-03-24T22:36:28.949Z,7.833,-0.22296851873397827,0.131063774228096,0.9569914937019348
1616625315098,2021-03-24T22:36:28.975Z,7.874,-0.21124976873397827,0.12227471172809601,0.9538176655769348
1616625315137,2021-03-24T22:36:28.977Z,7.913,-0.21247047185897827,0.12105400860309601,0.9618743062019348
1616625315178,2021-03-24T22:36:28.979Z,7.954,-0.20197242498397827,0.11983330547809601,0.9667571187019348
1616625315218,2021-03-24T22:36:28.990Z,7.994,-0.20758765935897827,0.135702446103096,0.9723723530769348
1616625315259,2021-03-24T22:36:28.992Z,8.035,-0.20734351873397827,0.164511039853096,0.9860442280769348
1616625315300,2021-03-24T22:36:28.995Z,8.076,-0.20368140935897827,0.12349541485309601,0.9623625874519348
1616625315340,2021-03-24T22:36:29.006Z,8.116,-0.19684547185897827,0.10396416485309601,0.9589446187019348
1616625315381,2021-03-24T22:36:29.037Z,8.157,-0.21662086248397827,0.10933525860309601,0.9533293843269348
1616625315420,2021-03-24T22:36:29.038Z,8.196,-0.21417945623397827,0.11885674297809601,0.9753020405769348
1616625315461,2021-03-24T22:36:29.050Z,8.237,-0.20856422185897827,0.11641533672809601,0.9757903218269348
1616625315501,2021-03-24T22:36:29.052Z,8.277,-0.21002906560897827,0.11836846172809601,0.9655364155769348
1616625315542,2021-03-24T22:36:29.054Z,8.318,-0.20905250310897827,0.10298760235309601,0.9608977437019348
1616625315581,2021-03-24T22:36:29.065Z,8.357,-0.20758765935897827,0.11177666485309601,0.9630950093269348
1616625315622,2021-03-24T22:36:29.067Z,8.398,-0.20075172185897827,0.12032158672809601,0.9721282124519348
1616625315662,2021-03-24T22:36:29.069Z,8.438,-0.20221656560897827,0.12105400860309601,0.9648039937019348
1616625315703,2021-03-24T22:36:29.080Z,8.479,-0.21417945623397827,0.11128838360309601,0.9628508687019348
1616625315744,2021-03-24T22:36:29.083Z,8.52,-0.21759742498397827,0.09493096172809601,0.9606536030769348
1616625315783,2021-03-24T22:36:29.084Z,8.559,-0.21491187810897827,0.10957939922809601,0.9657805562019348
1616625315824,2021-03-24T22:36:29.110Z,8.6,-0.20001929998397827,0.10323174297809601,0.9667571187019348
1616625315864,2021-03-24T22:36:29.113Z,8.64,-0.19953101873397827,0.11006768047809601,0.9589446187019348
1616625315905,2021-03-24T22:36:29.115Z,8.681,-0.21955054998397827,0.143026664853096,0.9762786030769348
1616625315945,2021-03-24T22:36:29.126Z,8.721,-0.22125953435897827,0.10591728985309601,0.9694426655769348
1616625315986,2021-03-24T22:36:29.129Z,8.762,-0.22370094060897827,0.12032158672809601,0.9728606343269348
1616625316025,2021-03-24T22:36:29.140Z,8.801,-0.20221656560897827,0.126669242978096,0.9594328999519348
1616625316066,2021-03-24T22:36:29.142Z,8.842,-0.19806617498397827,0.131796196103096,0.9728606343269348
1616625316106,2021-03-24T22:36:29.144Z,8.882,-0.20001929998397827,0.09102471172809601,0.9577239155769348
1616625316147,2021-03-24T22:36:29.155Z,8.923,-0.20832008123397827,0.09029228985309601,0.9662688374519348
1616625316186,2021-03-24T22:36:29.157Z,8.962,-0.19806617498397827,0.08370049297809601,0.9662688374519348
1616625316227,2021-03-24T22:36:29.159Z,9.003,-0.21247047185897827,0.10835869610309601,0.9677336812019348
1616625316268,2021-03-24T22:36:29.170Z,9.044,-0.20465797185897827,0.156210258603096,0.9757903218269348
1616625316308,2021-03-24T22:36:29.173Z,9.084,-0.20709937810897827,0.08150322735309601,0.9616301655769348
1616625316349,2021-03-24T22:36:29.175Z,9.125,-0.21393531560897827,0.139364555478096,0.9626067280769348
1616625316388,2021-03-24T22:36:29.186Z,9.164,-0.21076148748397827,0.127645805478096,0.9621184468269348
1616625316429,2021-03-24T22:36:29.188Z,9.205,-0.21417945623397827,0.10591728985309601,0.9545500874519348
1616625316469,2021-03-24T22:36:29.200Z,9.245,-0.22028297185897827,0.12178643047809601,0.9726164937019348
1616625316510,2021-03-24T22:36:29.202Z,9.286,-0.21369117498397827,0.09590752422809601,0.9684661030769348
1616625316550,2021-03-24T22:36:29.204Z,9.326,-0.21759742498397827,0.09615166485309601,0.9545500874519348
1616625316591,2021-03-24T22:36:29.215Z,9.367,-0.19489234685897827,0.133016899228096,0.9672453999519348
1616625316630,2021-03-24T22:36:29.217Z,9.406,-0.18878883123397827,0.10469658672809601,0.9491789937019348
1616625316671,2021-03-24T22:36:29.219Z,9.447,-0.19660133123397827,0.154012992978096,0.9879973530769348
1616625316711,2021-03-24T22:36:29.230Z,9.487,-0.20587867498397827,0.08028252422809601,0.9662688374519348
1616625316752,2021-03-24T22:36:29.232Z,9.528,-0.23126929998397827,0.10713799297809601,0.9565032124519348
1616625316793,2021-03-24T22:36:29.235Z,9.569,-0.21344703435897827,0.126913383603096,0.9789641499519348
1616625316832,2021-03-24T22:36:29.247Z,9.608,-0.22077125310897827,0.11275322735309601,0.9704192280769348
1616625316873,2021-03-24T22:36:29.248Z,9.649,-0.21491187810897827,0.12276299297809601,0.9650481343269348
1616625316913,2021-03-24T22:36:29.250Z,9.689,-0.20856422185897827,0.11031182110309601,0.9728606343269348
1616625316954,2021-03-24T22:36:29.262Z,9.73,-0.21222633123397827,0.09371025860309601,0.9596770405769348
1616625316993,2021-03-24T22:36:29.264Z,9.769,-0.20343726873397827,0.09786064922809601,0.9691985249519348
1616625317034,2021-03-24T22:36:29.275Z,9.81,-0.21247047185897827,0.08150322735309601,0.9640715718269348
1616625317074,2021-03-24T22:36:29.277Z,9.85,-0.20783179998397827,0.09639580547809601,0.9689543843269348
1616625317115,2021-03-24T22:36:29.279Z,9.891,-0.20001929998397827,0.08980400860309601,0.9696868062019348
1616625317154,2021-03-24T22:36:29.305Z,9.93,-0.21881812810897827,0.10884697735309601,0.9701750874519348
1616625317195,2021-03-24T22:36:29.307Z,9.971,-0.20124000310897827,0.08785088360309601,0.9691985249519348
1616625317237,2021-03-24T22:36:29.310Z,10.013,-0.21100562810897827,0.09078057110309601,0.9650481343269348
1616625317276,2021-03-24T22:36:29.322Z,10.052,-0.19806617498397827,0.07442314922809601,0.9572356343269348
1616625317317,2021-03-24T22:36:29.323Z,10.093,-0.20709937810897827,0.10542900860309601,0.9821379780769348
1616625317357,2021-03-24T22:36:29.325Z,10.133,-0.21027320623397827,0.07124932110309601,0.9589446187019348
1616625317398,2021-03-24T22:36:29.352Z,10.174,-0.21295875310897827,0.08907158672809601,0.9650481343269348
1616625317437,2021-03-24T22:36:29.354Z,10.213,-0.20026344060897827,0.09004814922809601,0.9670012593269348
1616625317478,2021-03-24T22:36:29.365Z,10.254,-0.19538062810897827,0.09639580547809601,0.9750578999519348
1616625317518,2021-03-24T22:36:29.367Z,10.294,-0.19440406560897827,0.10176689922809601,0.9726164937019348
1616625317559,2021-03-24T22:36:29.369Z,10.335,-0.21124976873397827,0.11836846172809601,0.9767668843269348
1616625317598,2021-03-24T22:36:29.380Z,10.374,-0.19977515935897827,0.09444268047809601,0.9740813374519348
1616625317639,2021-03-24T22:36:29.382Z,10.415,-0.18927711248397827,0.07759697735309601,0.9584563374519348
1616625317679,2021-03-24T22:36:29.384Z,10.455,-0.20001929998397827,0.09810478985309601,0.9691985249519348
1616625317720,2021-03-24T22:36:29.396Z,10.496,-0.19098609685897827,0.10787041485309601,0.9762786030769348
1616625317759,2021-03-24T22:36:29.398Z,10.535,-0.18805640935897827,0.09468682110309601,0.9745696187019348
1616625317800,2021-03-24T22:36:29.400Z,10.576,-0.19049781560897827,0.09566338360309601,0.9728606343269348
1616625317841,2021-03-24T22:36:29.411Z,10.617,-0.18878883123397827,0.09419853985309601,0.9765227437019348
1616625317881,2021-03-24T22:36:29.414Z,10.657,-0.18878883123397827,0.09053643047809601,0.9740813374519348
1616625317922,2021-03-24T22:36:29.440Z,10.698,-0.18781226873397827,0.09224541485309601,0.9611418843269348
1616625317962,2021-03-24T22:36:29.442Z,10.738,-0.19074195623397827,0.09737236797809601,0.9765227437019348
1616625318003,2021-03-24T22:36:29.444Z,10.779,-0.19660133123397827,0.08467705547809601,0.9640715718269348
1616625318042,2021-03-24T22:36:29.455Z,10.818,-0.19757789373397827,0.09517510235309601,0.9716399312019348
1616625318083,2021-03-24T22:36:29.458Z,10.859,-0.19562476873397827,0.10738213360309601,0.9762786030769348
1616625318123,2021-03-24T22:36:29.459Z,10.899,-0.19562476873397827,0.10762627422809601,0.9757903218269348
1616625318164,2021-03-24T22:36:29.471Z,10.94,-0.19367164373397827,0.10152275860309601,0.9709075093269348
1616625318203,2021-03-24T22:36:29.473Z,10.979,-0.19123023748397827,0.08467705547809601,0.9709075093269348
1616625318244,2021-03-24T22:36:29.475Z,11.02,-0.19513648748397827,0.07393486797809601,0.9694426655769348
1616625318285,2021-03-24T22:36:29.487Z,11.061,-0.20197242498397827,0.07832939922809601,0.9711516499519348
1616625318325,2021-03-24T22:36:29.489Z,11.101,-0.19635719060897827,0.08760674297809601,0.9743254780769348
1616625318366,2021-03-24T22:36:29.500Z,11.142,-0.19367164373397827,0.09493096172809601,0.9665129780769348
1616625318405,2021-03-24T22:36:29.503Z,11.181,-0.19245094060897827,0.10005791485309601,0.9691985249519348
1616625318446,2021-03-24T22:36:29.504Z,11.222,-0.19293922185897827,0.10616143047809601,0.9706633687019348
1616625318486,2021-03-24T22:36:29.532Z,11.262,-0.19586890935897827,0.09663994610309601,0.9731047749519348
1616625318527,2021-03-24T22:36:29.562Z,11.303,-0.19318336248397827,0.09004814922809601,0.9748137593269348
1616625318567,2021-03-24T22:36:29.563Z,11.343,-0.19293922185897827,0.09297783672809601,0.9626067280769348
1616625318608,2021-03-24T22:36:29.565Z,11.384,-0.19806617498397827,0.09981377422809601,0.9806731343269348
1616625318647,2021-03-24T22:36:29.591Z,11.423,-0.20172828435897827,0.07710869610309601,0.9689543843269348
1616625318688,2021-03-24T22:36:29.593Z,11.464,-0.19464820623397827,0.08931572735309601,0.9713957905769348
1616625318728,2021-03-24T22:36:29.605Z,11.504,-0.19367164373397827,0.09200127422809601,0.9733489155769348
1616625318769,2021-03-24T22:36:29.607Z,11.545,-0.19147437810897827,0.09444268047809601,0.9738371968269348
1616625318810,2021-03-24T22:36:29.609Z,11.586,-0.18903297185897827,0.09248955547809601,0.9745696187019348
1616625318849,2021-03-24T22:36:29.620Z,11.625,-0.18927711248397827,0.09126885235309601,0.9750578999519348
1616625318890,2021-03-24T22:36:29.623Z,11.666,-0.19269508123397827,0.08882744610309601,0.9694426655769348
1616625318930,2021-03-24T22:36:29.625Z,11.706,-0.19586890935897827,0.08345635235309601,0.9726164937019348
1616625318971,2021-03-24T22:36:29.636Z,11.747,-0.18732398748397827,0.08589775860309601,0.9723723530769348
1616625319010,2021-03-24T22:36:29.638Z,11.786,-0.19049781560897827,0.08516533672809601,0.9733489155769348
1616625319051,2021-03-24T22:36:29.665Z,11.827,-0.18927711248397827,0.08540947735309601,0.9721282124519348
1616625319091,2021-03-24T22:36:29.667Z,11.867,-0.18732398748397827,0.08785088360309601,0.9716399312019348
1616625319132,2021-03-24T22:36:29.669Z,11.908,-0.19000953435897827,0.08663018047809601,0.9735930562019348
1616625319172,2021-03-24T22:36:29.680Z,11.948,-0.19074195623397827,0.08467705547809601,0.9733489155769348
1616625319213,2021-03-24T22:36:29.682Z,11.989,-0.18463844060897827,0.09517510235309601,0.9662688374519348
1616625319252,2021-03-24T22:36:29.684Z,12.028,-0.18903297185897827,0.09419853985309601,0.9816496968269348
1616625319293,2021-03-24T22:36:29.695Z,12.069,-0.19342750310897827,0.07320244610309601,0.9694426655769348
1616625319334,2021-03-24T22:36:29.698Z,12.11,-0.19196265935897827,0.08418877422809601,0.9726164937019348
1616625319374,2021-03-24T22:36:29.700Z,12.15,-0.18756812810897827,0.09175713360309601,0.9735930562019348
1616625319415,2021-03-24T22:36:29.711Z,12.191,-0.19000953435897827,0.09297783672809601,0.9735930562019348
1616625319454,2021-03-24T22:36:29.713Z,12.23,-0.19074195623397827,0.09444268047809601,0.9706633687019348
1616625319495,2021-03-24T22:36:29.725Z,12.271,-0.19123023748397827,0.09224541485309601,0.9757903218269348
1616625319535,2021-03-24T22:36:29.727Z,12.311,-0.19245094060897827,0.08907158672809601,0.9721282124519348
1616625319576,2021-03-24T22:36:29.729Z,12.352,-0.18756812810897827,0.09004814922809601,0.9740813374519348
1616625319615,2021-03-24T22:36:29.740Z,12.391,-0.18805640935897827,0.09078057110309601,0.9743254780769348
1616625319656,2021-03-24T22:36:29.742Z,12.432,-0.18952125310897827,0.09200127422809601,0.9726164937019348
1616625319696,2021-03-24T22:36:29.744Z,12.472,-0.18756812810897827,0.09151299297809601,0.9706633687019348
1616625319737,2021-03-24T22:36:29.755Z,12.513,-0.18878883123397827,0.09541924297809601,0.9757903218269348
1616625319777,2021-03-24T22:36:29.757Z,12.553,-0.18903297185897827,0.08638603985309601,0.9738371968269348
1616625319818,2021-03-24T22:36:29.760Z,12.594,-0.18805640935897827,0.08736260235309601,0.9774993062019348
1616625319857,2021-03-24T22:36:29.771Z,12.633,-0.18317359685897827,0.09541924297809601,0.9645598530769348
1616625319898,2021-03-24T22:36:29.773Z,12.674,-0.18854469060897827,0.09224541485309601,0.9811614155769348
1616625319939,2021-03-24T22:36:29.775Z,12.715,-0.19415992498397827,0.07149346172809601,0.9699309468269348
1616625319979,2021-03-24T22:36:29.786Z,12.755,-0.19049781560897827,0.08199150860309601,0.9728606343269348
1616625320020,2021-03-24T22:36:29.789Z,12.796,-0.18512672185897827,0.09151299297809601,0.9731047749519348
1616625320059,2021-03-24T22:36:29.800Z,12.835,-0.18854469060897827,0.09053643047809601,0.9772551655769348
1616625320100,2021-03-24T22:36:29.802Z,12.876,-0.18634742498397827,0.09468682110309601,0.9738371968269348
1616625320140,2021-03-24T22:36:29.804Z,12.916,-0.18878883123397827,0.09395439922809601,0.9743254780769348
1616625320181,2021-03-24T22:36:29.830Z,12.957,-0.19098609685897827,0.08980400860309601,0.9731047749519348
1616625320222,2021-03-24T22:36:29.830Z,12.998,-0.18878883123397827,0.09151299297809601,0.9704192280769348
1616625320261,2021-03-24T22:36:29.834Z,13.037,-0.19098609685897827,0.09029228985309601,0.9745696187019348
1616625320301,2021-03-24T22:36:29.834Z,13.077,-0.19147437810897827,0.08687432110309601,0.9721282124519348
1616625320342,2021-03-24T22:36:29.835Z,13.118,-0.19049781560897827,0.08809502422809601,0.9723723530769348
1616625320382,2021-03-24T22:36:29.835Z,13.158,-0.19074195623397827,0.09248955547809601,0.9726164937019348
1616625320423,2021-03-24T22:36:29.847Z,13.199,-0.18830054998397827,0.09224541485309601,0.9750578999519348
1616625320464,2021-03-24T22:36:29.849Z,13.24,-0.18927711248397827,0.09004814922809601,0.9711516499519348
1616625320503,2021-03-24T22:36:29.860Z,13.279,-0.18439429998397827,0.09737236797809601,0.9677336812019348
1616625320544,2021-03-24T22:36:29.862Z,13.32,-0.18732398748397827,0.09541924297809601,0.9818938374519348
1616625320584,2021-03-24T22:36:29.864Z,13.36,-0.19391578435897827,0.07784111797809601,0.9704192280769348
1616625320625,2021-03-24T22:36:29.875Z,13.401,-0.19708961248397827,0.08125908672809601,0.9728606343269348
1616625320664,2021-03-24T22:36:29.878Z,13.44,-0.19049781560897827,0.08785088360309601,0.9709075093269348
1616625320705,2021-03-24T22:36:29.879Z,13.481,-0.18756812810897827,0.09566338360309601,0.9753020405769348
1616625320745,2021-03-24T22:36:29.906Z,13.521,-0.18976539373397827,0.09273369610309601,0.9711516499519348
1616625320786,2021-03-24T22:36:29.908Z,13.562,-0.18805640935897827,0.09590752422809601,0.9762786030769348
1616625320825,2021-03-24T22:36:29.910Z,13.601,-0.18976539373397827,0.08833916485309601,0.9728606343269348
1616625320866,2021-03-24T22:36:29.921Z,13.642,-0.19635719060897827,0.08833916485309601,0.9731047749519348
1616625320906,2021-03-24T22:36:29.924Z,13.682,-0.19000953435897827,0.08882744610309601,0.9738371968269348
1616625320947,2021-03-24T22:36:29.935Z,13.723,-0.19269508123397827,0.08785088360309601,0.9723723530769348
1616625320987,2021-03-24T22:36:29.937Z,13.763,-0.19196265935897827,0.08907158672809601,0.9735930562019348
1616625321028,2021-03-24T22:36:29.939Z,13.804,-0.18854469060897827,0.08711846172809601,0.9735930562019348
1616625321069,2021-03-24T22:36:29.950Z,13.845,-0.19147437810897827,0.08955986797809601,0.9726164937019348
1616625321108,2021-03-24T22:36:29.952Z,13.884,-0.19171851873397827,0.08833916485309601,0.9721282124519348
1616625321149,2021-03-24T22:36:29.954Z,13.925,-0.18830054998397827,0.08687432110309601,0.9709075093269348
1616625321189,2021-03-24T22:36:29.966Z,13.965,-0.18903297185897827,0.09224541485309601,0.9792082905769348
1616625321230,2021-03-24T22:36:29.968Z,14.006,-0.19245094060897827,0.08150322735309601,0.9699309468269348
1616625321269,2021-03-24T22:36:29.970Z,14.045,-0.19049781560897827,0.08150322735309601,0.9706633687019348
1616625321310,2021-03-24T22:36:29.996Z,14.086,-0.19025367498397827,0.08174736797809601,0.9718840718269348
1616625321350,2021-03-24T22:36:29.999Z,14.126,-0.18781226873397827,0.09053643047809601,0.9743254780769348
1616625321391,2021-03-24T22:36:30.010Z,14.167,-0.18634742498397827,0.09517510235309601,0.9711516499519348
1616625321430,2021-03-24T22:36:30.012Z,14.206,-0.19147437810897827,0.09419853985309601,0.9723723530769348
1616625321471,2021-03-24T22:36:30.014Z,14.247,-0.19391578435897827,0.08882744610309601,0.9745696187019348
1616625321511,2021-03-24T22:36:30.026Z,14.287,-0.19269508123397827,0.08809502422809601,0.9706633687019348
1616625321552,2021-03-24T22:36:30.030Z,14.328,-0.19171851873397827,0.08418877422809601,0.9728606343269348
1616625321593,2021-03-24T22:36:30.030Z,14.369,-0.19171851873397827,0.08711846172809601,0.9728606343269348
1616625321633,2021-03-24T22:36:30.040Z,14.409,-0.19123023748397827,0.08492119610309601,0.9716399312019348
1616625321674,2021-03-24T22:36:30.043Z,14.45,-0.19074195623397827,0.08589775860309601,0.9745696187019348
1616625321713,2021-03-24T22:36:30.071Z,14.489,-0.19196265935897827,0.08882744610309601,0.9757903218269348
1616625321754,2021-03-24T22:36:30.074Z,14.53,-0.18976539373397827,0.08955986797809601,0.9726164937019348
1616625321794,2021-03-24T22:36:30.085Z,14.57,-0.18854469060897827,0.09151299297809601,0.9733489155769348
1616625321835,2021-03-24T22:36:30.087Z,14.611,-0.18390601873397827,0.09615166485309601,0.9794524312019348
1616625321874,2021-03-24T22:36:30.089Z,14.65,-0.19196265935897827,0.07784111797809601,0.9640715718269348
1616625321915,2021-03-24T22:36:30.101Z,14.691,-0.19000953435897827,0.08321221172809601,0.9677336812019348
1616625321955,2021-03-24T22:36:30.103Z,14.731,-0.18756812810897827,0.08614189922809601,0.9718840718269348
1616625321996,2021-03-24T22:36:30.105Z,14.772,-0.18927711248397827,0.08589775860309601,0.9750578999519348
1616625322037,2021-03-24T22:36:30.116Z,14.813,-0.19025367498397827,0.08296807110309601,0.9743254780769348
1616625322076,2021-03-24T22:36:30.119Z,14.852,-0.18854469060897827,0.09517510235309601,0.9745696187019348
1616625322117,2021-03-24T22:36:30.144Z,14.893,-0.19000953435897827,0.08858330547809601,0.9723723530769348
1616625322157,2021-03-24T22:36:30.147Z,14.933,-0.18805640935897827,0.09322197735309601,0.9689543843269348
1616625322198,2021-03-24T22:36:30.149Z,14.974,-0.17536109685897827,0.10030205547809601,0.9731047749519348
1616625322237,2021-03-24T22:36:30.160Z,15.013,-0.18170875310897827,0.09175713360309601,0.9731047749519348
1616625322279,2021-03-24T22:36:30.162Z,15.055,-0.18488258123397827,0.09224541485309601,0.9755461812019348
1616625322318,2021-03-24T22:36:30.165Z,15.094,-0.18415015935897827,0.08809502422809601,0.9792082905769348
1616625322359,2021-03-24T22:36:30.176Z,15.135,-0.18463844060897827,0.09175713360309601,0.9735930562019348
1616625322399,2021-03-24T22:36:30.179Z,15.175,-0.18097633123397827,0.09419853985309601,0.9745696187019348
1616625322440,2021-03-24T22:36:30.190Z,15.216,-0.18024390935897827,0.09493096172809601,0.9713957905769348
1616625322479,2021-03-24T22:36:30.192Z,15.255,-0.18097633123397827,0.09248955547809601,0.9767668843269348
1616625322520,2021-03-24T22:36:30.194Z,15.296,-0.18561500310897827,0.09151299297809601,0.9738371968269348
1616625322560,2021-03-24T22:36:30.220Z,15.336,-0.18927711248397827,0.08589775860309601,0.9706633687019348
1616625322601,2021-03-24T22:36:30.223Z,15.377,-0.18561500310897827,0.08565361797809601,0.9733489155769348
1616625322642,2021-03-24T22:36:30.224Z,15.418,-0.18097633123397827,0.09444268047809601,0.9740813374519348
1616625322681,2021-03-24T22:36:30.238Z,15.457,-0.18292945623397827,0.09297783672809601,0.9743254780769348
1616625322722,2021-03-24T22:36:30.239Z,15.498,-0.18610328435897827,0.09786064922809601,0.9731047749519348
1616625322762,2021-03-24T22:36:30.250Z,15.538,-0.18707984685897827,0.08785088360309601,0.9721282124519348
1616625322803,2021-03-24T22:36:30.252Z,15.579,-0.18463844060897827,0.08858330547809601,0.9726164937019348
1616625322842,2021-03-24T22:36:30.254Z,15.618,-0.18244117498397827,0.08736260235309601,0.9757903218269348
1616625322883,2021-03-24T22:36:30.265Z,15.659,-0.18537086248397827,0.08907158672809601,0.9757903218269348
1616625322923,2021-03-24T22:36:30.267Z,15.699,-0.18683570623397827,0.09126885235309601,0.9772551655769348
1616625322964,2021-03-24T22:36:30.269Z,15.74,-0.18732398748397827,0.08931572735309601,0.9757903218269348
1616625323004,2021-03-24T22:36:30.281Z,15.78,-0.18561500310897827,0.08663018047809601,0.9713957905769348
1616625323045,2021-03-24T22:36:30.283Z,15.821,-0.18707984685897827,0.08565361797809601,0.9701750874519348
1616625323084,2021-03-24T22:36:30.285Z,15.86,-0.18781226873397827,0.08882744610309601,0.9718840718269348
1616625323125,2021-03-24T22:36:30.296Z,15.901,-0.18707984685897827,0.09468682110309601,0.9789641499519348
1616625323166,2021-03-24T22:36:30.299Z,15.942,-0.19269508123397827,0.08028252422809601,0.9706633687019348
1616625323206,2021-03-24T22:36:30.310Z,15.982,-0.19391578435897827,0.08101494610309601,0.9672453999519348
1616625323247,2021-03-24T22:36:30.312Z,16.023,-0.19098609685897827,0.08418877422809601,0.9750578999519348
1616625323286,2021-03-24T22:36:30.314Z,16.062,-0.18903297185897827,0.09004814922809601,0.9731047749519348
1616625323327,2021-03-24T22:36:30.325Z,16.103,-0.18927711248397827,0.09102471172809601,0.9718840718269348
1616625323367,2021-03-24T22:36:30.328Z,16.143,-0.18976539373397827,0.09102471172809601,0.9745696187019348
1616625323408,2021-03-24T22:36:30.329Z,16.184,-0.19318336248397827,0.08736260235309601,0.9738371968269348
1616625323447,2021-03-24T22:36:30.341Z,16.223,-0.19440406560897827,0.08663018047809601,0.9731047749519348
1616625323488,2021-03-24T22:36:30.343Z,16.264,-0.19049781560897827,0.08785088360309601,0.9743254780769348
1616625323528,2021-03-24T22:36:30.345Z,16.304,-0.19245094060897827,0.08467705547809601,0.9716399312019348
1616625323569,2021-03-24T22:36:30.356Z,16.345,-0.19367164373397827,0.08516533672809601,0.9735930562019348
1616625323609,2021-03-24T22:36:30.359Z,16.385,-0.19098609685897827,0.08565361797809601,0.9765227437019348
1616625323650,2021-03-24T22:36:30.370Z,16.426,-0.19123023748397827,0.08638603985309601,0.9748137593269348
1616625323689,2021-03-24T22:36:30.372Z,16.465,-0.18952125310897827,0.08882744610309601,0.9753020405769348
1616625323730,2021-03-24T22:36:30.374Z,16.506,-0.18756812810897827,0.08638603985309601,0.9660246968269348
1616625323771,2021-03-24T22:36:30.385Z,16.547,-0.19171851873397827,0.09297783672809601,0.9816496968269348
1616625323811,2021-03-24T22:36:30.387Z,16.587,-0.19391578435897827,0.07491143047809601,0.9699309468269348
1616625323852,2021-03-24T22:36:30.389Z,16.628,-0.19245094060897827,0.08101494610309601,0.9691985249519348
1616625323891,2021-03-24T22:36:30.415Z,16.667,-0.19098609685897827,0.08077080547809601,0.9755461812019348
1616625323932,2021-03-24T22:36:30.418Z,16.708,-0.18927711248397827,0.09322197735309601,0.9750578999519348
1616625323972,2021-03-24T22:36:30.420Z,16.748,-0.19123023748397827,0.08907158672809601,0.9750578999519348
1616625324013,2021-03-24T22:36:30.431Z,16.789,-0.18927711248397827,0.09151299297809601,0.9767668843269348
1616625324052,2021-03-24T22:36:30.433Z,16.828,-0.19025367498397827,0.08907158672809601,0.9721282124519348
1616625324093,2021-03-24T22:36:30.460Z,16.869,-0.19147437810897827,0.08760674297809601,0.9731047749519348
1616625324133,2021-03-24T22:36:30.462Z,16.909,-0.19245094060897827,0.08687432110309601,0.9731047749519348
1616625324174,2021-03-24T22:36:30.464Z,16.95,-0.19074195623397827,0.08467705547809601,0.9721282124519348
1616625324214,2021-03-24T22:36:30.476Z,16.99,-0.19025367498397827,0.08589775860309601,0.9733489155769348
1616625324255,2021-03-24T22:36:30.478Z,17.031,-0.19269508123397827,0.08663018047809601,0.9735930562019348
1616625324296,2021-03-24T22:36:30.479Z,17.072,-0.19391578435897827,0.08370049297809601,0.9709075093269348
1616625324335,2021-03-24T22:36:30.490Z,17.111,-0.18805640935897827,0.08882744610309601,0.9777434468269348
1616625324376,2021-03-24T22:36:30.493Z,17.152,-0.18390601873397827,0.09615166485309601,0.9738371968269348
1616625324416,2021-03-24T22:36:30.495Z,17.192,-0.19342750310897827,0.08809502422809601,0.9767668843269348
1616625324457,2021-03-24T22:36:30.506Z,17.233,-0.19464820623397827,0.07271416485309601,0.9689543843269348
1616625324496,2021-03-24T22:36:30.508Z,17.272,-0.19074195623397827,0.08565361797809601,0.9706633687019348
1616625324537,2021-03-24T22:36:30.520Z,17.313,-0.18952125310897827,0.08882744610309601,0.9728606343269348
1616625324577,2021-03-24T22:36:30.522Z,17.353,-0.18610328435897827,0.09224541485309601,0.9731047749519348
1616625324618,2021-03-24T22:36:30.524Z,17.394,-0.18903297185897827,0.09004814922809601,0.9709075093269348
1616625324657,2021-03-24T22:36:30.550Z,17.433,-0.18927711248397827,0.08907158672809601,0.9713957905769348
1616625324698,2021-03-24T22:36:30.553Z,17.474,-0.19342750310897827,0.08540947735309601,0.9733489155769348
1616625324738,2021-03-24T22:36:30.555Z,17.514,-0.19171851873397827,0.08565361797809601,0.9738371968269348
1616625324779,2021-03-24T22:36:30.565Z,17.555,-0.18927711248397827,0.08809502422809601,0.9687102437019348
1616625324819,2021-03-24T22:36:30.567Z,17.595,-0.19025367498397827,0.08760674297809601,0.9718840718269348
1616625324860,2021-03-24T22:36:30.597Z,17.636,-0.19123023748397827,0.08833916485309601,0.9743254780769348
1616625324901,2021-03-24T22:36:30.599Z,17.677,-0.19049781560897827,0.08711846172809601,0.9733489155769348
1616625324940,2021-03-24T22:36:30.610Z,17.716,-0.19440406560897827,0.08955986797809601,0.9753020405769348
1616625324981,2021-03-24T22:36:30.612Z,17.757,-0.18585914373397827,0.09151299297809601,0.9655364155769348
1616625325021,2021-03-24T22:36:30.614Z,17.797,-0.19074195623397827,0.09200127422809601,0.9818938374519348
1616625325072,2021-03-24T22:36:30.641Z,17.848,-0.19391578435897827,0.07295830547809601,0.9728606343269348
1616625325112,2021-03-24T22:36:30.643Z,17.888,-0.18878883123397827,0.07857353985309601,0.9723723530769348
1616625325153,2021-03-24T22:36:30.645Z,17.929,-0.18537086248397827,0.08711846172809601,0.9728606343269348
1616625325192,2021-03-24T22:36:30.656Z,17.968,-0.18830054998397827,0.09297783672809601,0.9740813374519348
1616625325233,2021-03-24T22:36:30.659Z,18.009,-0.19025367498397827,0.09078057110309601,0.9804289937019348
1616625325273,2021-03-24T22:36:30.670Z,18.049,-0.18756812810897827,0.08980400860309601,0.9743254780769348
1616625325314,2021-03-24T22:36:30.672Z,18.09,-0.19123023748397827,0.08296807110309601,0.9701750874519348
1616625325353,2021-03-24T22:36:30.674Z,18.129,-0.18903297185897827,0.08272393047809601,0.9750578999519348
1616625325394,2021-03-24T22:36:30.701Z,18.17,-0.18610328435897827,0.08321221172809601,0.9711516499519348
1616625325434,2021-03-24T22:36:30.703Z,18.21,-0.17902320623397827,0.09273369610309601,0.9713957905769348
1616625325475,2021-03-24T22:36:30.705Z,18.251,-0.18219703435897827,0.09395439922809601,0.9721282124519348
1616625325514,2021-03-24T22:36:30.716Z,18.29,-0.18585914373397827,0.08931572735309601,0.9738371968269348
1616625325555,2021-03-24T22:36:30.719Z,18.331,-0.18927711248397827,0.08052666485309601,0.9740813374519348
1616625325596,2021-03-24T22:36:30.730Z,18.372,-0.18292945623397827,0.08785088360309601,0.9648039937019348
1616625325636,2021-03-24T22:36:30.732Z,18.412,-0.18463844060897827,0.09663994610309601,0.9787200093269348
1616625325677,2021-03-24T22:36:30.734Z,18.453,-0.19074195623397827,0.08272393047809601,0.9753020405769348
1616625325716,2021-03-24T22:36:30.745Z,18.492,-0.18439429998397827,0.08785088360309601,0.9701750874519348
1616625325758,2021-03-24T22:36:30.747Z,18.534,-0.18707984685897827,0.08882744610309601,0.9713957905769348
1616625325797,2021-03-24T22:36:30.750Z,18.573,-0.18341773748397827,0.09493096172809601,0.9748137593269348
1616625325838,2021-03-24T22:36:30.775Z,18.614,-0.18585914373397827,0.09224541485309601,0.9733489155769348
1616625325878,2021-03-24T22:36:30.778Z,18.654,-0.18781226873397827,0.09322197735309601,0.9748137593269348
1616625325919,2021-03-24T22:36:30.780Z,18.695,-0.18707984685897827,0.08687432110309601,0.9716399312019348
1616625325958,2021-03-24T22:36:30.791Z,18.734,-0.18585914373397827,0.08345635235309601,0.9709075093269348
1616625325999,2021-03-24T22:36:30.793Z,18.775,-0.18366187810897827,0.09126885235309601,0.9762786030769348
1616625326039,2021-03-24T22:36:30.805Z,18.815,-0.18585914373397827,0.09004814922809601,0.9728606343269348
1616625326080,2021-03-24T22:36:30.807Z,18.856,-0.18927711248397827,0.08711846172809601,0.9757903218269348
1616625326121,2021-03-24T22:36:30.809Z,18.897,-0.18830054998397827,0.08809502422809601,0.9750578999519348
1616625326160,2021-03-24T22:36:30.820Z,18.936,-0.18537086248397827,0.08614189922809601,0.9726164937019348
1616625326201,2021-03-24T22:36:30.822Z,18.977,-0.18537086248397827,0.08492119610309601,0.9689543843269348
1616625326241,2021-03-24T22:36:30.824Z,19.017,-0.18195289373397827,0.09053643047809601,0.9711516499519348
1616625326282,2021-03-24T22:36:30.836Z,19.058,-0.19293922185897827,0.08589775860309601,0.9735930562019348
1616625326321,2021-03-24T22:36:30.838Z,19.097,-0.19489234685897827,0.06685478985309601,0.9701750874519348
1616625326362,2021-03-24T22:36:30.840Z,19.138,-0.19196265935897827,0.07857353985309601,0.9740813374519348
1616625326402,2021-03-24T22:36:30.851Z,19.178,-0.18805640935897827,0.09297783672809601,0.9750578999519348
1616625326443,2021-03-24T22:36:30.853Z,19.219,-0.18805640935897827,0.08516533672809601,0.9687102437019348
1616625326483,2021-03-24T22:36:30.855Z,19.259,-0.19757789373397827,0.09786064922809601,0.9735930562019348
1616625326524,2021-03-24T22:36:30.866Z,19.3,-0.19757789373397827,0.09590752422809601,0.9840911030769348
1616625326563,2021-03-24T22:36:30.869Z,19.339,-0.19220679998397827,0.09346611797809601,0.9709075093269348
1616625326604,2021-03-24T22:36:30.880Z,19.38,-0.19269508123397827,0.09956963360309601,0.9691985249519348
1616625326645,2021-03-24T22:36:30.882Z,19.421,-0.20148414373397827,0.08321221172809601,0.9711516499519348
1616625326685,2021-03-24T22:36:30.884Z,19.461,-0.19318336248397827,0.08028252422809601,0.9691985249519348
1616625326726,2021-03-24T22:36:30.895Z,19.502,-0.19562476873397827,0.08663018047809601,0.9718840718269348
1616625326765,2021-03-24T22:36:30.897Z,19.541,-0.19562476873397827,0.08443291485309601,0.9701750874519348
1616625326806,2021-03-24T22:36:30.900Z,19.582,-0.19513648748397827,0.08223564922809601,0.9760344624519348
1616625326856,2021-03-24T22:36:30.911Z,19.632,-0.19025367498397827,0.08443291485309601,0.9709075093269348
1616625326897,2021-03-24T22:36:30.913Z,19.673,-0.19415992498397827,0.08638603985309601,0.9772551655769348
1616625326937,2021-03-24T22:36:30.925Z,19.713,-0.19196265935897827,0.07417900860309601,0.9701750874519348
1616625326978,2021-03-24T22:36:30.927Z,19.754,-0.18341773748397827,0.08614189922809601,0.9672453999519348
1616625327017,2021-03-24T22:36:30.929Z,19.793,-0.17926734685897827,0.08150322735309601,0.9674895405769348
1616625327058,2021-03-24T22:36:30.940Z,19.834,-0.16632789373397827,0.11617119610309601,0.9726164937019348
1616625327098,2021-03-24T22:36:30.942Z,19.874,-0.15338844060897827,0.10689385235309601,0.9779875874519348
1616625327139,2021-03-24T22:36:30.944Z,19.915,-0.17462867498397827,0.10323174297809601,0.9755461812019348
1616625327178,2021-03-24T22:36:30.970Z,19.954,-0.17731422185897827,0.09908135235309601,0.9731047749519348
1616625327219,2021-03-24T22:36:30.972Z,19.995,-0.18805640935897827,0.09541924297809601,0.9674895405769348
1616625327259,2021-03-24T22:36:30.975Z,20.035,-0.18976539373397827,0.11495049297809601,0.9643157124519348
1616625327300,2021-03-24T22:36:30.986Z,20.076,-0.20246070623397827,0.11299736797809601,0.9638274312019348
1616625327341,2021-03-24T22:36:30.988Z,20.117,-0.20612281560897827,0.11031182110309601,0.9643157124519348
1616625327381,2021-03-24T22:36:30.990Z,20.157,-0.21076148748397827,0.12422783672809601,0.9716399312019348
1616625327422,2021-03-24T22:36:31.017Z,20.198,-0.20294898748397827,0.12080986797809601,0.9689543843269348
1616625327471,2021-03-24T22:36:31.019Z,20.247,-0.19000953435897827,0.142050102353096,0.9687102437019348
1616625327512,2021-03-24T22:36:31.030Z,20.288,-0.18683570623397827,0.150106742978096,0.9694426655769348
1616625327552,2021-03-24T22:36:31.033Z,20.328,-0.20246070623397827,0.12203057110309601,0.9674895405769348
1616625327593,2021-03-24T22:36:31.035Z,20.369,-0.19586890935897827,0.09004814922809601,0.9589446187019348
1616625327633,2021-03-24T22:36:31.046Z,20.409,-0.20343726873397827,0.11958916485309601,0.9662688374519348
1616625327674,2021-03-24T22:36:31.048Z,20.45,-0.20148414373397827,0.147665336728096,0.9731047749519348
1616625327713,2021-03-24T22:36:31.060Z,20.489,-0.20124000310897827,0.132284477353096,0.9679778218269348
1616625327754,2021-03-24T22:36:31.062Z,20.53,-0.20075172185897827,0.129110649228096,0.9711516499519348
1616625327794,2021-03-24T22:36:31.064Z,20.57,-0.19245094060897827,0.10664971172809601,0.9623625874519348
1616625327835,2021-03-24T22:36:31.075Z,20.611,-0.18927711248397827,0.11934502422809601,0.9691985249519348
1616625327874,2021-03-24T22:36:31.077Z,20.65,-0.18634742498397827,0.125204399228096,0.9687102437019348
1616625327915,2021-03-24T22:36:31.079Z,20.691,-0.18952125310897827,0.132284477353096,0.9706633687019348
1616625327955,2021-03-24T22:36:31.105Z,20.731,-0.19171851873397827,0.11348564922809601,0.9643157124519348
1616625327996,2021-03-24T22:36:31.107Z,20.772,-0.19538062810897827,0.11568291485309601,0.9665129780769348
1616625328037,2021-03-24T22:36:31.136Z,20.813,-0.19318336248397827,0.11836846172809601,0.9648039937019348
1616625328076,2021-03-24T22:36:31.138Z,20.852,-0.19538062810897827,0.12203057110309601,0.9696868062019348
1616625328117,2021-03-24T22:36:31.150Z,20.893,-0.19708961248397827,0.12422783672809601,0.9652922749519348
1616625328157,2021-03-24T22:36:31.153Z,20.933,-0.20050758123397827,0.11812432110309601,0.9765227437019348
1616625328198,2021-03-24T22:36:31.154Z,20.974,-0.19098609685897827,0.10420830547809601,0.9665129780769348
1616625328237,2021-03-24T22:36:31.165Z,21.013,-0.19025367498397827,0.12276299297809601,0.9650481343269348
1616625328279,2021-03-24T22:36:31.169Z,21.055,-0.19171851873397827,0.134481742978096,0.9677336812019348
1616625328318,2021-03-24T22:36:31.171Z,21.094,-0.20050758123397827,0.11836846172809601,0.9665129780769348
1616625328359,2021-03-24T22:36:31.196Z,21.135,-0.20832008123397827,0.11910088360309601,0.9608977437019348
1616625328399,2021-03-24T22:36:31.198Z,21.175,-0.20416969060897827,0.130819633603096,0.9743254780769348
1616625328440,2021-03-24T22:36:31.210Z,21.216,-0.18781226873397827,0.11568291485309601,0.9667571187019348
1616625328479,2021-03-24T22:36:31.211Z,21.255,-0.18048804998397827,0.11665947735309601,0.9648039937019348
1616625328520,2021-03-24T22:36:31.214Z,21.296,-0.19489234685897827,0.11910088360309601,0.9657805562019348
1616625328560,2021-03-24T22:36:31.225Z,21.336,-0.21076148748397827,0.11958916485309601,0.9713957905769348
1616625328601,2021-03-24T22:36:31.227Z,21.377,-0.20172828435897827,0.10835869610309601,0.9709075093269348
1616625328642,2021-03-24T22:36:31.229Z,21.418,-0.20221656560897827,0.10469658672809601,0.9643157124519348
1616625328681,2021-03-24T22:36:31.240Z,21.457,-0.20343726873397827,0.11080010235309601,0.9650481343269348
1616625328722,2021-03-24T22:36:31.243Z,21.498,-0.20636695623397827,0.10127861797809601,0.9513762593269348
1616625328762,2021-03-24T22:36:31.245Z,21.538,-0.19953101873397827,0.136190727353096,0.9811614155769348
1616625328803,2021-03-24T22:36:31.256Z,21.579,-0.21149390935897827,0.09224541485309601,0.9455168843269348
1616625328842,2021-03-24T22:36:31.258Z,21.618,-0.21759742498397827,0.127889946103096,0.9706633687019348
1616625328883,2021-03-24T22:36:31.270Z,21.659,-0.20709937810897827,0.09444268047809601,0.9745696187019348
1616625328923,2021-03-24T22:36:31.271Z,21.699,-0.21735328435897827,0.10176689922809601,0.9633391499519348
1616625328964,2021-03-24T22:36:31.274Z,21.74,-0.19757789373397827,0.11275322735309601,0.9789641499519348
1616625329004,2021-03-24T22:36:31.285Z,21.78,-0.21076148748397827,0.08565361797809601,0.9623625874519348
1616625329045,2021-03-24T22:36:31.287Z,21.821,-0.21271461248397827,0.12349541485309601,0.9731047749519348
1616625329084,2021-03-24T22:36:31.289Z,21.86,-0.19562476873397827,0.08003838360309601,0.9655364155769348
1616625329125,2021-03-24T22:36:31.300Z,21.901,-0.21686500310897827,0.09395439922809601,0.9687102437019348
1616625329166,2021-03-24T22:36:31.302Z,21.942,-0.19464820623397827,0.07369072735309601,0.9635832905769348
1616625329206,2021-03-24T22:36:31.305Z,21.982,-0.20294898748397827,0.07979424297809601,0.9718840718269348
1616625329256,2021-03-24T22:36:31.331Z,22.032,-0.20343726873397827,0.10884697735309601,0.9689543843269348
1616625329297,2021-03-24T22:36:31.333Z,22.073,-0.19318336248397827,0.10298760235309601,0.9801848530769348
1616625329338,2021-03-24T22:36:31.335Z,22.114,-0.19000953435897827,0.08370049297809601,0.9628508687019348
1616625329377,2021-03-24T22:36:31.347Z,22.153,-0.18976539373397827,0.07149346172809601,0.9535735249519348
1616625329418,2021-03-24T22:36:31.349Z,22.194,-0.19928687810897827,0.06856377422809601,0.9774993062019348
1616625329458,2021-03-24T22:36:31.359Z,22.234,-0.21344703435897827,0.06172783300280571,0.9748137593269348
1616625329499,2021-03-24T22:36:31.362Z,22.275,-0.20075172185897827,0.07149346172809601,0.9760344624519348
1616625329538,2021-03-24T22:36:31.364Z,22.314,-0.18805640935897827,0.08931572735309601,0.9716399312019348
1616625329579,2021-03-24T22:36:31.375Z,22.355,-0.17877906560897827,0.10030205547809601,0.9767668843269348
1616625329619,2021-03-24T22:36:31.377Z,22.395,-0.17584937810897827,0.11641533672809601,0.9689543843269348
1616625329660,2021-03-24T22:36:31.380Z,22.436,-0.17316383123397827,0.10591728985309601,0.9723723530769348
1616625329699,2021-03-24T22:36:31.391Z,22.475,-0.18610328435897827,0.09273369610309601,0.9709075093269348
1616625329740,2021-03-24T22:36:31.393Z,22.516,-0.18512672185897827,0.07955010235309601,0.9757903218269348
1616625329781,2021-03-24T22:36:31.395Z,22.557,-0.19000953435897827,0.07637627422809601,0.9735930562019348
1616625329821,2021-03-24T22:36:31.407Z,22.597,-0.19000953435897827,0.07881768047809601,0.9696868062019348
1616625329862,2021-03-24T22:36:31.409Z,22.638,-0.18707984685897827,0.08418877422809601,0.9682219624519348
1616625329902,2021-03-24T22:36:31.420Z,22.678,-0.19245094060897827,0.08980400860309601,0.9687102437019348
1616625329943,2021-03-24T22:36:31.421Z,22.719,-0.19708961248397827,0.08833916485309601,0.9716399312019348
1616625329982,2021-03-24T22:36:31.424Z,22.758,-0.19684547185897827,0.09297783672809601,0.9745696187019348
1616625330023,2021-03-24T22:36:31.435Z,22.799,-0.19220679998397827,0.10201103985309601,0.9677336812019348
1616625330063,2021-03-24T22:36:31.437Z,22.839,-0.19635719060897827,0.10054619610309601,0.9843352437019348
1616625330104,2021-03-24T22:36:31.439Z,22.88,-0.20026344060897827,0.07930596172809601,0.9743254780769348
1616625330143,2021-03-24T22:36:31.451Z,22.919,-0.19757789373397827,0.08003838360309601,0.9735930562019348
1616625330184,2021-03-24T22:36:31.453Z,22.96,-0.19147437810897827,0.08443291485309601,0.9733489155769348
1616625330224,2021-03-24T22:36:31.455Z,23,-0.18927711248397827,0.08370049297809601,0.9748137593269348
1616625330265,2021-03-24T22:36:31.466Z,23.041,-0.19025367498397827,0.08687432110309601,0.9691985249519348
1616625330306,2021-03-24T22:36:31.469Z,23.082,-0.18756812810897827,0.08980400860309601,0.9772551655769348
1616625330345,2021-03-24T22:36:31.480Z,23.121,-0.18952125310897827,0.08687432110309601,0.9733489155769348
1616625330386,2021-03-24T22:36:31.482Z,23.162,-0.19123023748397827,0.09004814922809601,0.9731047749519348
1616625330426,2021-03-24T22:36:31.484Z,23.202,-0.18561500310897827,0.08907158672809601,0.9718840718269348
1616625330467,2021-03-24T22:36:31.496Z,23.243,-0.18952125310897827,0.08394463360309601,0.9740813374519348
1616625330507,2021-03-24T22:36:31.499Z,23.283,-0.18830054998397827,0.08785088360309601,0.9711516499519348
1616625330548,2021-03-24T22:36:31.525Z,23.324,-0.18805640935897827,0.08736260235309601,0.9735930562019348
1616625330587,2021-03-24T22:36:31.527Z,23.363,-0.19269508123397827,0.08589775860309601,0.9713957905769348
1616625330628,2021-03-24T22:36:31.529Z,23.404,-0.19220679998397827,0.08540947735309601,0.9723723530769348
1616625330668,2021-03-24T22:36:31.540Z,23.444,-0.18439429998397827,0.09004814922809601,0.9784758687019348
1616625330709,2021-03-24T22:36:31.543Z,23.485,-0.18268531560897827,0.10420830547809601,0.9853118062019348
1616625330748,2021-03-24T22:36:31.545Z,23.524,-0.18537086248397827,0.09883721172809601,0.9748137593269348
1616625330789,2021-03-24T22:36:31.571Z,23.565,-0.19489234685897827,0.08199150860309601,0.9772551655769348
1616625330830,2021-03-24T22:36:31.573Z,23.606,-0.19489234685897827,0.07686455547809601,0.9804289937019348
1616625330870,2021-03-24T22:36:31.575Z,23.646,-0.18244117498397827,0.07759697735309601,0.9696868062019348
1616625330911,2021-03-24T22:36:31.586Z,23.687,-0.17780250310897827,0.09297783672809601,0.9621184468269348
1616625330950,2021-03-24T22:36:31.589Z,23.726,-0.17804664373397827,0.10372002422809601,0.9728606343269348
1616625330991,2021-03-24T22:36:31.600Z,23.767,-0.18732398748397827,0.08638603985309601,0.9760344624519348
1616625331031,2021-03-24T22:36:31.602Z,23.807,-0.18366187810897827,0.08809502422809601,0.9711516499519348
1616625331072,2021-03-24T22:36:31.604Z,23.848,-0.16730445623397827,0.11934502422809601,0.9843352437019348
1616625331112,2021-03-24T22:36:31.615Z,23.888,-0.18146461248397827,0.10274346172809601,0.9657805562019348
1616625331153,2021-03-24T22:36:31.617Z,23.929,-0.19171851873397827,0.10249932110309601,1.0063079595565796
1616625331192,2021-03-24T22:36:31.646Z,23.968,-0.18244117498397827,0.132284477353096,0.9262297749519348
1616625331233,2021-03-24T22:36:31.648Z,24.009,-0.15216773748397827,0.152792289853096,0.9137786030769348
1616625331274,2021-03-24T22:36:31.660Z,24.05,-0.13776344060897827,0.135946586728096,0.9069426655769348
1616625331314,2021-03-24T22:36:31.663Z,24.09,-0.13581031560897827,0.141561821103096,0.9816496968269348
1616625331355,2021-03-24T22:36:31.664Z,24.131,-0.18366187810897827,0.08125908672809601,0.9931243062019348
1616625331394,2021-03-24T22:36:31.675Z,24.17,-0.18512672185897827,0.127645805478096,1.0185149908065796
1616625331435,2021-03-24T22:36:31.677Z,24.211,-0.18927711248397827,0.08565361797809601,0.9921477437019348
1616625331475,2021-03-24T22:36:31.680Z,24.251,-0.21027320623397827,0.03804619237780571,0.9484465718269348
1616625331516,2021-03-24T22:36:31.691Z,24.292,-0.16388648748397827,0.09517510235309601,0.9608977437019348
1616625331555,2021-03-24T22:36:31.693Z,24.331,-0.16876929998397827,0.12056572735309601,0.9672453999519348
1616625331596,2021-03-24T22:36:31.705Z,24.372,-0.18463844060897827,0.11714775860309601,0.9757903218269348
1616625331637,2021-03-24T22:36:31.707Z,24.413,-0.18439429998397827,0.11250908672809601,0.9799407124519348
1616625331677,2021-03-24T22:36:31.709Z,24.453,-0.18732398748397827,0.12300713360309601,0.9774993062019348
1616625331716,2021-03-24T22:36:31.720Z,24.492,-0.18707984685897827,0.10884697735309601,0.9782317280769348
1616625331758,2021-03-24T22:36:31.722Z,24.534,-0.19196265935897827,0.08711846172809601,0.9755461812019348
1616625331799,2021-03-24T22:36:31.724Z,24.575,-0.18927711248397827,0.08711846172809601,0.9757903218269348
1616625331838,2021-03-24T22:36:31.750Z,24.614,-0.18268531560897827,0.09371025860309601,0.9748137593269348
1616625331879,2021-03-24T22:36:31.753Z,24.655,-0.18146461248397827,0.09688408672809601,0.9731047749519348
1616625331919,2021-03-24T22:36:31.755Z,24.695,-0.18244117498397827,0.09248955547809601,0.9699309468269348
1616625331960,2021-03-24T22:36:31.766Z,24.736,-0.18073219060897827,0.09493096172809601,0.9748137593269348
1616625331999,2021-03-24T22:36:31.768Z,24.775,-0.18219703435897827,0.09786064922809601,0.9743254780769348
1616625332040,2021-03-24T22:36:31.770Z,24.816,-0.17926734685897827,0.09639580547809601,0.9733489155769348
1616625332080,2021-03-24T22:36:31.782Z,24.856,-0.18244117498397827,0.10054619610309601,0.9711516499519348
1616625332121,2021-03-24T22:36:31.784Z,24.897,-0.18439429998397827,0.09761650860309601,0.9721282124519348
1616625332160,2021-03-24T22:36:31.810Z,24.936,-0.18463844060897827,0.09224541485309601,0.9779875874519348
1616625332201,2021-03-24T22:36:31.812Z,24.977,-0.18854469060897827,0.08955986797809601,0.9633391499519348
1616625332241,2021-03-24T22:36:31.814Z,25.017,-0.18805640935897827,0.10494072735309601,0.9833586812019348
1616625332282,2021-03-24T22:36:31.825Z,25.058,-0.19684547185897827,0.07930596172809601,0.9731047749519348
1616625332323,2021-03-24T22:36:31.828Z,25.099,-0.19293922185897827,0.08418877422809601,0.9726164937019348
1616625332362,2021-03-24T22:36:31.829Z,25.138,-0.19269508123397827,0.08760674297809601,0.9694426655769348
1616625332404,2021-03-24T22:36:31.841Z,25.18,-0.18732398748397827,0.09615166485309601,0.9721282124519348
1616625332443,2021-03-24T22:36:31.843Z,25.219,-0.19123023748397827,0.09346611797809601,0.9694426655769348
1616625332484,2021-03-24T22:36:31.845Z,25.26,-0.19098609685897827,0.09541924297809601,0.9750578999519348
1616625332524,2021-03-24T22:36:31.856Z,25.3,-0.19391578435897827,0.09322197735309601,0.9701750874519348
1616625332565,2021-03-24T22:36:31.859Z,25.341,-0.19196265935897827,0.09761650860309601,0.9701750874519348
1616625332604,2021-03-24T22:36:31.885Z,25.38,-0.18878883123397827,0.09932549297809601,0.9733489155769348
1616625332645,2021-03-24T22:36:31.887Z,25.421,-0.19342750310897827,0.09371025860309601,0.9762786030769348
1616625332685,2021-03-24T22:36:31.889Z,25.461,-0.18952125310897827,0.09541924297809601,0.9733489155769348
1616625332726,2021-03-24T22:36:31.900Z,25.502,-0.18854469060897827,0.09029228985309601,0.9721282124519348
1616625332765,2021-03-24T22:36:31.902Z,25.541,-0.19098609685897827,0.08540947735309601,0.9716399312019348
1616625332806,2021-03-24T22:36:31.904Z,25.582,-0.19147437810897827,0.08711846172809601,0.9706633687019348
1616625332847,2021-03-24T22:36:31.916Z,25.623,-0.18756812810897827,0.08467705547809601,0.9738371968269348
1616625332887,2021-03-24T22:36:31.918Z,25.663,-0.18683570623397827,0.09248955547809601,0.9716399312019348
1616625332928,2021-03-24T22:36:31.920Z,25.704,-0.19074195623397827,0.09688408672809601,0.9733489155769348
1616625332967,2021-03-24T22:36:31.931Z,25.743,-0.19635719060897827,0.07930596172809601,0.9689543843269348
1616625333008,2021-03-24T22:36:31.934Z,25.784,-0.18952125310897827,0.08833916485309601,0.9738371968269348
1616625333048,2021-03-24T22:36:31.945Z,25.824,-0.18463844060897827,0.09615166485309601,0.9704192280769348
1616625333089,2021-03-24T22:36:31.947Z,25.865,-0.18952125310897827,0.09712822735309601,0.9728606343269348
1616625333129,2021-03-24T22:36:31.949Z,25.905,-0.19269508123397827,0.09541924297809601,0.9743254780769348
1616625333170,2021-03-24T22:36:31.960Z,25.946,-0.19342750310897827,0.08907158672809601,0.9731047749519348
1616625333209,2021-03-24T22:36:31.963Z,25.985,-0.19171851873397827,0.08833916485309601,0.9733489155769348
1616625333250,2021-03-24T22:36:31.964Z,26.026,-0.19293922185897827,0.08736260235309601,0.9726164937019348
1616625333290,2021-03-24T22:36:31.975Z,26.066,-0.19245094060897827,0.08614189922809601,0.9706633687019348
1616625333331,2021-03-24T22:36:31.978Z,26.107,-0.19440406560897827,0.09078057110309601,0.9726164937019348
1616625333370,2021-03-24T22:36:31.980Z,26.146,-0.19562476873397827,0.09102471172809601,0.9731047749519348
1616625333411,2021-03-24T22:36:31.991Z,26.187,-0.19513648748397827,0.09224541485309601,0.9716399312019348
1616625333452,2021-03-24T22:36:31.993Z,26.228,-0.19098609685897827,0.09102471172809601,0.9706633687019348
1616625333492,2021-03-24T22:36:32.008Z,26.268,-0.19074195623397827,0.08833916485309601,0.9735930562019348
1616625333533,2021-03-24T22:36:32.008Z,26.309,-0.18659156560897827,0.09200127422809601,0.9772551655769348
1616625333572,2021-03-24T22:36:32.009Z,26.348,-0.19684547185897827,0.08589775860309601,0.9740813374519348
1616625333613,2021-03-24T22:36:32.021Z,26.389,-0.19513648748397827,0.07881768047809601,0.9733489155769348
1616625333653,2021-03-24T22:36:32.022Z,26.429,-0.19220679998397827,0.08028252422809601,0.9731047749519348
1616625333694,2021-03-24T22:36:32.024Z,26.47,-0.18805640935897827,0.08980400860309601,0.9713957905769348
1616625333734,2021-03-24T22:36:32.036Z,26.51,-0.18683570623397827,0.09395439922809601,0.9699309468269348
1616625333775,2021-03-24T22:36:32.038Z,26.551,-0.19196265935897827,0.09053643047809601,0.9782317280769348
1616625333814,2021-03-24T22:36:32.040Z,26.59,-0.19049781560897827,0.08980400860309601,0.9733489155769348
1616625333855,2021-03-24T22:36:32.051Z,26.631,-0.19245094060897827,0.08833916485309601,0.9709075093269348
1616625333895,2021-03-24T22:36:32.053Z,26.671,-0.19245094060897827,0.08418877422809601,0.9699309468269348
1616625333936,2021-03-24T22:36:32.080Z,26.712,-0.19245094060897827,0.08345635235309601,0.9718840718269348
1616625333977,2021-03-24T22:36:32.081Z,26.753,-0.19171851873397827,0.08736260235309601,0.9699309468269348
1616625334016,2021-03-24T22:36:32.084Z,26.792,-0.19074195623397827,0.08443291485309601,0.9743254780769348
1616625334057,2021-03-24T22:36:32.085Z,26.833,-0.19342750310897827,0.08345635235309601,0.9748137593269348
1616625334097,2021-03-24T22:36:32.096Z,26.873,-0.19513648748397827,0.08687432110309601,0.9750578999519348
1616625334138,2021-03-24T22:36:32.099Z,26.914,-0.19123023748397827,0.09395439922809601,0.9655364155769348
1616625334177,2021-03-24T22:36:32.125Z,26.953,-0.19049781560897827,0.09395439922809601,0.9809172749519348
1616625334218,2021-03-24T22:36:32.127Z,26.994,-0.19757789373397827,0.07588799297809601,0.9694426655769348
1616625334258,2021-03-24T22:36:32.129Z,27.034,-0.19098609685897827,0.08370049297809601,0.9711516499519348
1616625334299,2021-03-24T22:36:32.141Z,27.075,-0.19123023748397827,0.08101494610309601,0.9735930562019348
1616625334339,2021-03-24T22:36:32.170Z,27.115,-0.18659156560897827,0.09102471172809601,0.9738371968269348
1616625334380,2021-03-24T22:36:32.172Z,27.156,-0.18805640935897827,0.09078057110309601,0.9726164937019348
1616625334419,2021-03-24T22:36:32.174Z,27.195,-0.19098609685897827,0.09371025860309601,0.9765227437019348
1616625334460,2021-03-24T22:36:32.185Z,27.236,-0.19171851873397827,0.08687432110309601,0.9721282124519348
1616625334500,2021-03-24T22:36:32.189Z,27.276,-0.19269508123397827,0.08687432110309601,0.9731047749519348
1616625334541,2021-03-24T22:36:32.200Z,27.317,-0.19123023748397827,0.08540947735309601,0.9755461812019348
1616625334582,2021-03-24T22:36:32.202Z,27.358,-0.19562476873397827,0.08614189922809601,0.9726164937019348
1616625334621,2021-03-24T22:36:32.204Z,27.397,-0.19269508123397827,0.08394463360309601,0.9726164937019348
1616625334673,2021-03-24T22:36:32.215Z,27.449,-0.19538062810897827,0.08467705547809601,0.9728606343269348
1616625334712,2021-03-24T22:36:32.217Z,27.488,-0.19367164373397827,0.08858330547809601,0.9748137593269348
1616625334753,2021-03-24T22:36:32.219Z,27.529,-0.19220679998397827,0.09102471172809601,0.9706633687019348
1616625334793,2021-03-24T22:36:32.231Z,27.569,-0.19025367498397827,0.09541924297809601,0.9818938374519348
1616625334834,2021-03-24T22:36:32.233Z,27.61,-0.19586890935897827,0.07686455547809601,0.9684661030769348
1616625334873,2021-03-24T22:36:32.235Z,27.649,-0.19489234685897827,0.08003838360309601,0.9709075093269348
1616625334914,2021-03-24T22:36:32.246Z,27.69,-0.19391578435897827,0.08467705547809601,0.9711516499519348
1616625334954,2021-03-24T22:36:32.249Z,27.73,-0.19293922185897827,0.09004814922809601,0.9735930562019348
1616625334995,2021-03-24T22:36:32.260Z,27.771,-0.19123023748397827,0.08785088360309601,0.9728606343269348
1616625335034,2021-03-24T22:36:32.261Z,27.81,-0.19293922185897827,0.09371025860309601,0.9750578999519348
1616625335075,2021-03-24T22:36:32.264Z,27.851,-0.19123023748397827,0.08492119610309601,0.9716399312019348
1616625335115,2021-03-24T22:36:32.275Z,27.891,-0.19562476873397827,0.08516533672809601,0.9728606343269348
1616625335156,2021-03-24T22:36:32.277Z,27.932,-0.18927711248397827,0.08687432110309601,0.9762786030769348
1616625335197,2021-03-24T22:36:32.279Z,27.973,-0.19391578435897827,0.08321221172809601,0.9716399312019348
1616625335237,2021-03-24T22:36:32.305Z,28.013,-0.19586890935897827,0.08614189922809601,0.9713957905769348
1616625335278,2021-03-24T22:36:32.308Z,28.054,-0.19269508123397827,0.08370049297809601,0.9713957905769348
1616625335317,2021-03-24T22:36:32.310Z,28.093,-0.19513648748397827,0.08687432110309601,0.9726164937019348
1616625335358,2021-03-24T22:36:32.321Z,28.134,-0.19293922185897827,0.08614189922809601,0.9716399312019348
1616625335398,2021-03-24T22:36:32.323Z,28.174,-0.18927711248397827,0.09322197735309601,0.9779875874519348
1616625335439,2021-03-24T22:36:32.335Z,28.215,-0.19733375310897827,0.08101494610309601,0.9706633687019348
1616625335478,2021-03-24T22:36:32.337Z,28.254,-0.19733375310897827,0.07735283672809601,0.9711516499519348
1616625335519,2021-03-24T22:36:32.339Z,28.295,-0.19660133123397827,0.08150322735309601,0.9704192280769348
1616625335559,2021-03-24T22:36:32.365Z,28.335,-0.19171851873397827,0.08955986797809601,0.9750578999519348
1616625335600,2021-03-24T22:36:32.369Z,28.376,-0.19269508123397827,0.08736260235309601,0.9728606343269348
1616625335639,2021-03-24T22:36:32.369Z,28.415,-0.19293922185897827,0.09029228985309601,0.9750578999519348
1616625335680,2021-03-24T22:36:32.380Z,28.456,-0.19293922185897827,0.08760674297809601,0.9731047749519348
1616625335720,2021-03-24T22:36:32.383Z,28.496,-0.19415992498397827,0.08394463360309601,0.9701750874519348
1616625335761,2021-03-24T22:36:32.385Z,28.537,-0.19293922185897827,0.08394463360309601,0.9721282124519348
1616625335802,2021-03-24T22:36:32.396Z,28.578,-0.19415992498397827,0.08321221172809601,0.9721282124519348
1616625335841,2021-03-24T22:36:32.398Z,28.617,-0.19293922185897827,0.08296807110309601,0.9733489155769348
1616625335883,2021-03-24T22:36:32.410Z,28.659,-0.19513648748397827,0.08247978985309601,0.9728606343269348
1616625335922,2021-03-24T22:36:32.412Z,28.698,-0.19293922185897827,0.08443291485309601,0.9755461812019348
1616625335963,2021-03-24T22:36:32.414Z,28.739,-0.19293922185897827,0.08394463360309601,0.9760344624519348
1616625336003,2021-03-24T22:36:32.440Z,28.779,-0.19098609685897827,0.08809502422809601,0.9721282124519348
1616625336044,2021-03-24T22:36:32.442Z,28.82,-0.19928687810897827,0.08492119610309601,0.9718840718269348
1616625336083,2021-03-24T22:36:32.444Z,28.859,-0.19855445623397827,0.07369072735309601,0.9689543843269348
1616625336124,2021-03-24T22:36:32.455Z,28.9,-0.19733375310897827,0.07784111797809601,0.9723723530769348
1616625336164,2021-03-24T22:36:32.457Z,28.94,-0.19147437810897827,0.08711846172809601,0.9726164937019348
1616625336205,2021-03-24T22:36:32.460Z,28.981,-0.19123023748397827,0.08687432110309601,0.9704192280769348
1616625336244,2021-03-24T22:36:32.471Z,29.02,-0.19245094060897827,0.08858330547809601,0.9750578999519348
1616625336285,2021-03-24T22:36:32.473Z,29.061,-0.19196265935897827,0.08370049297809601,0.9772551655769348
1616625336326,2021-03-24T22:36:32.475Z,29.102,-0.19708961248397827,0.07979424297809601,0.9718840718269348
1616625336366,2021-03-24T22:36:32.487Z,29.142,-0.19293922185897827,0.08223564922809601,0.9731047749519348
1616625336407,2021-03-24T22:36:32.489Z,29.183,-0.19342750310897827,0.08370049297809601,0.9748137593269348
1616625336446,2021-03-24T22:36:32.500Z,29.222,-0.19489234685897827,0.07393486797809601,0.9699309468269348
1616625336487,2021-03-24T22:36:32.502Z,29.263,-0.19342750310897827,0.07710869610309601,0.9738371968269348
1616625336527,2021-03-24T22:36:32.504Z,29.303,-0.19245094060897827,0.08492119610309601,0.9777434468269348
1616625336568,2021-03-24T22:36:32.515Z,29.344,-0.19318336248397827,0.08125908672809601,0.9711516499519348
1616625336608,2021-03-24T22:36:32.517Z,29.384,-0.19367164373397827,0.08247978985309601,0.9716399312019348
1616625336649,2021-03-24T22:36:32.520Z,29.425,-0.18976539373397827,0.09273369610309601,0.9753020405769348
1616625336688,2021-03-24T22:36:32.531Z,29.464,-0.19733375310897827,0.07955010235309601,0.9699309468269348
1616625336729,2021-03-24T22:36:32.533Z,29.505,-0.20050758123397827,0.07271416485309601,0.9691985249519348
1616625336769,2021-03-24T22:36:32.535Z,29.545,-0.19367164373397827,0.07808525860309601,0.9711516499519348
1616625336810,2021-03-24T22:36:32.546Z,29.586,-0.19098609685897827,0.08638603985309601,0.9777434468269348
1616625336849,2021-03-24T22:36:32.549Z,29.625,-0.19000953435897827,0.08687432110309601,0.9701750874519348
1616625336890,2021-03-24T22:36:32.560Z,29.666,-0.19415992498397827,0.08931572735309601,0.9721282124519348
1616625336931,2021-03-24T22:36:32.562Z,29.707,-0.19220679998397827,0.08077080547809601,0.9723723530769348
1616625336971,2021-03-24T22:36:32.564Z,29.747,-0.19660133123397827,0.08028252422809601,0.9721282124519348
1616625337012,2021-03-24T22:36:32.575Z,29.788,-0.19245094060897827,0.08125908672809601,0.9723723530769348
1616625337051,2021-03-24T22:36:32.578Z,29.827,-0.19464820623397827,0.08321221172809601,0.9711516499519348
1616625337092,2021-03-24T22:36:32.579Z,29.868,-0.19245094060897827,0.08174736797809601,0.9704192280769348
1616625337132,2021-03-24T22:36:32.591Z,29.908,-0.19367164373397827,0.07906182110309601,0.9726164937019348
1616625337173,2021-03-24T22:36:32.593Z,29.949,-0.19562476873397827,0.08150322735309601,0.9750578999519348
1616625337213,2021-03-24T22:36:32.595Z,29.989,-0.19660133123397827,0.07784111797809601,0.9721282124519348
1616625337254,2021-03-24T22:36:32.606Z,30.03,-0.19538062810897827,0.07906182110309601,0.9755461812019348
1616625337293,2021-03-24T22:36:32.609Z,30.069,-0.18756812810897827,0.09200127422809601,0.9716399312019348
1616625337334,2021-03-24T22:36:32.635Z,30.11,-0.19757789373397827,0.08223564922809601,0.9765227437019348
1616625337374,2021-03-24T22:36:32.636Z,30.15,-0.19831031560897827,0.07124932110309601,0.9677336812019348
1616625337415,2021-03-24T22:36:32.639Z,30.191,-0.19391578435897827,0.07515557110309601,0.9718840718269348
1616625337454,2021-03-24T22:36:32.650Z,30.23,-0.19318336248397827,0.08321221172809601,0.9757903218269348
1616625337495,2021-03-24T22:36:32.652Z,30.271,-0.19415992498397827,0.08589775860309601,0.9699309468269348
1616625337536,2021-03-24T22:36:32.683Z,30.312,-0.19367164373397827,0.08663018047809601,0.9728606343269348
1616625337576,2021-03-24T22:36:32.685Z,30.352,-0.19293922185897827,0.08028252422809601,0.9740813374519348
1616625337617,2021-03-24T22:36:32.696Z,30.393,-0.19318336248397827,0.08150322735309601,0.9721282124519348
1616625337656,2021-03-24T22:36:32.699Z,30.432,-0.19269508123397827,0.08272393047809601,0.9723723530769348
1616625337697,2021-03-24T22:36:32.710Z,30.473,-0.19464820623397827,0.08443291485309601,0.9762786030769348
1616625337737,2021-03-24T22:36:32.712Z,30.513,-0.19440406560897827,0.07759697735309601,0.9716399312019348
1616625337778,2021-03-24T22:36:32.714Z,30.554,-0.19708961248397827,0.07466728985309601,0.9709075093269348
1616625337818,2021-03-24T22:36:32.726Z,30.594,-0.19660133123397827,0.07784111797809601,0.9743254780769348
1616625337859,2021-03-24T22:36:32.727Z,30.635,-0.19635719060897827,0.08223564922809601,0.9713957905769348
1616625337898,2021-03-24T22:36:32.729Z,30.674,-0.19586890935897827,0.08370049297809601,0.9753020405769348
1616625337939,2021-03-24T22:36:32.740Z,30.715,-0.19147437810897827,0.08345635235309601,0.9674895405769348
1616625337979,2021-03-24T22:36:32.743Z,30.755,-0.19464820623397827,0.08980400860309601,0.9833586812019348
1616625338020,2021-03-24T22:36:32.745Z,30.796,-0.19879859685897827,0.06783135235309601,0.9699309468269348
1616625338061,2021-03-24T22:36:32.771Z,30.837,-0.19538062810897827,0.07832939922809601,0.9731047749519348
1616625338100,2021-03-24T22:36:32.773Z,30.876,-0.19367164373397827,0.07832939922809601,0.9753020405769348
1616625338141,2021-03-24T22:36:32.785Z,30.917,-0.19171851873397827,0.08272393047809601,0.9740813374519348
1616625338181,2021-03-24T22:36:32.787Z,30.957,-0.19733375310897827,0.07686455547809601,0.9709075093269348
1616625338222,2021-03-24T22:36:32.789Z,30.998,-0.19538062810897827,0.08223564922809601,0.9753020405769348
1616625338272,2021-03-24T22:36:32.800Z,31.048,-0.19953101873397827,0.07491143047809601,0.9723723530769348
1616625338313,2021-03-24T22:36:32.803Z,31.089,-0.19635719060897827,0.07564385235309601,0.9748137593269348
1616625338352,2021-03-24T22:36:32.805Z,31.128,-0.19635719060897827,0.07832939922809601,0.9709075093269348
1616625338393,2021-03-24T22:36:32.816Z,31.169,-0.19586890935897827,0.07662041485309601,0.9718840718269348
1616625338433,2021-03-24T22:36:32.819Z,31.209,-0.19440406560897827,0.07686455547809601,0.9713957905769348
1616625338474,2021-03-24T22:36:32.830Z,31.25,-0.19489234685897827,0.08077080547809601,0.9733489155769348
1616625338513,2021-03-24T22:36:32.832Z,31.289,-0.19196265935897827,0.08418877422809601,0.9745696187019348
1616625338554,2021-03-24T22:36:32.834Z,31.33,-0.19855445623397827,0.07588799297809601,0.9709075093269348
1616625338594,2021-03-24T22:36:32.860Z,31.37,-0.19806617498397827,0.07295830547809601,0.9748137593269348
1616625338635,2021-03-24T22:36:32.862Z,31.411,-0.19074195623397827,0.08418877422809601,0.9762786030769348
1616625338676,2021-03-24T22:36:32.864Z,31.452,-0.20099586248397827,0.07808525860309601,0.9667571187019348
1616625338716,2021-03-24T22:36:32.875Z,31.492,-0.20026344060897827,0.06880791485309601,0.9687102437019348
1616625338757,2021-03-24T22:36:32.878Z,31.533,-0.19757789373397827,0.07100518047809601,0.9735930562019348
1616625338796,2021-03-24T22:36:32.880Z,31.572,-0.19293922185897827,0.07930596172809601,0.9743254780769348
1616625338837,2021-03-24T22:36:32.891Z,31.613,-0.19318336248397827,0.08443291485309601,0.9733489155769348
1616625338877,2021-03-24T22:36:32.893Z,31.653,-0.19562476873397827,0.08443291485309601,0.9743254780769348
1616625338918,2021-03-24T22:36:32.905Z,31.694,-0.19562476873397827,0.08077080547809601,0.9755461812019348
1616625338957,2021-03-24T22:36:32.907Z,31.733,-0.19464820623397827,0.07735283672809601,0.9709075093269348
1616625338998,2021-03-24T22:36:32.909Z,31.774,-0.19660133123397827,0.07759697735309601,0.9740813374519348
1616625339038,2021-03-24T22:36:32.920Z,31.814,-0.19879859685897827,0.08101494610309601,0.9733489155769348
1616625339079,2021-03-24T22:36:32.923Z,31.855,-0.19757789373397827,0.07637627422809601,0.9704192280769348
1616625339118,2021-03-24T22:36:32.925Z,31.894,-0.19635719060897827,0.07808525860309601,0.9699309468269348
1616625339159,2021-03-24T22:36:32.936Z,31.935,-0.19733375310897827,0.07832939922809601,0.9711516499519348
1616625339199,2021-03-24T22:36:32.938Z,31.975,-0.19831031560897827,0.08077080547809601,0.9721282124519348
1616625339240,2021-03-24T22:36:32.950Z,32.016,-0.19782203435897827,0.07759697735309601,0.9716399312019348
1616625339281,2021-03-24T22:36:32.951Z,32.057,-0.19660133123397827,0.07588799297809601,0.9704192280769348
1616625339320,2021-03-24T22:36:32.954Z,32.096,-0.19415992498397827,0.08760674297809601,0.9806731343269348
1616625339362,2021-03-24T22:36:32.970Z,32.138,-0.19977515935897827,0.06563408672809601,0.9679778218269348
1616625339401,2021-03-24T22:36:32.970Z,32.177,-0.20075172185897827,0.07100518047809601,0.9704192280769348
1616625339442,2021-03-24T22:36:32.972Z,32.218,-0.19367164373397827,0.07491143047809601,0.9711516499519348
1616625339482,2021-03-24T22:36:32.995Z,32.258,-0.19513648748397827,0.08370049297809601,0.9762786030769348
1616625339523,2021-03-24T22:36:32.998Z,32.299,-0.19171851873397827,0.08150322735309601,0.9694426655769348
1616625339562,2021-03-24T22:36:33.000Z,32.338,-0.19415992498397827,0.08565361797809601,0.9716399312019348
1616625339603,2021-03-24T22:36:33.011Z,32.379,-0.20050758123397827,0.07759697735309601,0.9726164937019348
1616625339643,2021-03-24T22:36:33.013Z,32.419,-0.19757789373397827,0.07686455547809601,0.9733489155769348
1616625339684,2021-03-24T22:36:33.025Z,32.46,-0.19562476873397827,0.07613213360309601,0.9745696187019348
1616625339723,2021-03-24T22:36:33.027Z,32.499,-0.19660133123397827,0.07832939922809601,0.9723723530769348
1616625339764,2021-03-24T22:36:33.029Z,32.54,-0.19635719060897827,0.07955010235309601,0.9733489155769348
1616625339804,2021-03-24T22:36:33.040Z,32.58,-0.19782203435897827,0.07955010235309601,0.9731047749519348
1616625339845,2021-03-24T22:36:33.042Z,32.621,-0.19513648748397827,0.08296807110309601,0.9755461812019348
1616625339886,2021-03-24T22:36:33.044Z,32.662,-0.19733375310897827,0.07539971172809601,0.9706633687019348
1616625339925,2021-03-24T22:36:33.055Z,32.701,-0.19513648748397827,0.07613213360309601,0.9760344624519348
1616625339966,2021-03-24T22:36:33.057Z,32.742,-0.19318336248397827,0.08321221172809601,0.9648039937019348
1616625340006,2021-03-24T22:36:33.060Z,32.782,-0.19904273748397827,0.08223564922809601,0.9809172749519348
1616625340047,2021-03-24T22:36:33.071Z,32.823,-0.20441383123397827,0.06587822735309601,0.9718840718269348
1616625340087,2021-03-24T22:36:33.073Z,32.863,-0.19904273748397827,0.07149346172809601,0.9728606343269348
1616625340128,2021-03-24T22:36:33.075Z,32.904,-0.19293922185897827,0.07906182110309601,0.9750578999519348
1616625340167,2021-03-24T22:36:33.086Z,32.943,-0.19513648748397827,0.08443291485309601,0.9701750874519348
1616625340208,2021-03-24T22:36:33.089Z,32.984,-0.19415992498397827,0.08174736797809601,0.9709075093269348
1616625340248,2021-03-24T22:36:33.100Z,33.024,-0.19586890935897827,0.07784111797809601,0.9743254780769348
1616625340289,2021-03-24T22:36:33.102Z,33.065,-0.19782203435897827,0.07100518047809601,0.9704192280769348
1616625340328,2021-03-24T22:36:33.104Z,33.104,-0.19684547185897827,0.07173760235309601,0.9716399312019348
1616625340369,2021-03-24T22:36:33.115Z,33.145,-0.19684547185897827,0.07295830547809601,0.9706633687019348
1616625340410,2021-03-24T22:36:33.118Z,33.186,-0.19757789373397827,0.07515557110309601,0.9716399312019348
1616625340450,2021-03-24T22:36:33.120Z,33.226,-0.19684547185897827,0.07564385235309601,0.9726164937019348
1616625340491,2021-03-24T22:36:33.131Z,33.267,-0.19831031560897827,0.07857353985309601,0.9733489155769348
1616625340530,2021-03-24T22:36:33.133Z,33.306,-0.19831031560897827,0.07637627422809601,0.9723723530769348
1616625340571,2021-03-24T22:36:33.145Z,33.347,-0.20197242498397827,0.07613213360309601,0.9691985249519348
1616625340611,2021-03-24T22:36:33.148Z,33.387,-0.19415992498397827,0.07295830547809601,0.9743254780769348
1616625340652,2021-03-24T22:36:33.190Z,33.428,-0.19245094060897827,0.08028252422809601,0.9762786030769348
1616625340692,2021-03-24T22:36:33.193Z,33.468,-0.19953101873397827,0.07271416485309601,0.9691985249519348
1616625340733,2021-03-24T22:36:33.195Z,33.509,-0.20001929998397827,0.06734307110309601,0.9716399312019348
1616625340772,2021-03-24T22:36:33.206Z,33.548,-0.19928687810897827,0.07271416485309601,0.9704192280769348
1616625340813,2021-03-24T22:36:33.208Z,33.589,-0.19635719060897827,0.08028252422809601,0.9735930562019348
1616625340853,2021-03-24T22:36:33.220Z,33.629,-0.19318336248397827,0.08174736797809601,0.9718840718269348
1616625340894,2021-03-24T22:36:33.222Z,33.67,-0.19806617498397827,0.08199150860309601,0.9743254780769348
1616625340933,2021-03-24T22:36:33.224Z,33.709,-0.19855445623397827,0.07564385235309601,0.9753020405769348
1616625340974,2021-03-24T22:36:33.235Z,33.75,-0.19806617498397827,0.07222588360309601,0.9704192280769348
1616625341015,2021-03-24T22:36:33.237Z,33.791,-0.19953101873397827,0.07369072735309601,0.9735930562019348
1616625341055,2021-03-24T22:36:33.239Z,33.831,-0.20075172185897827,0.07393486797809601,0.9738371968269348
1616625341096,2021-03-24T22:36:33.250Z,33.872,-0.19855445623397827,0.07637627422809601,0.9711516499519348
1616625341135,2021-03-24T22:36:33.253Z,33.911,-0.19757789373397827,0.07637627422809601,0.9745696187019348
1616625341176,2021-03-24T22:36:33.255Z,33.952,-0.19831031560897827,0.07613213360309601,0.9743254780769348
1616625341216,2021-03-24T22:36:33.266Z,33.992,-0.19879859685897827,0.07735283672809601,0.9735930562019348
1616625341257,2021-03-24T22:36:33.268Z,34.033,-0.19782203435897827,0.07515557110309601,0.9723723530769348
1616625341297,2021-03-24T22:36:33.270Z,34.073,-0.19513648748397827,0.07564385235309601,0.9657805562019348
1616625341338,2021-03-24T22:36:33.281Z,34.114,-0.19782203435897827,0.08638603985309601,0.9858000874519348
1616625341377,2021-03-24T22:36:33.284Z,34.153,-0.20124000310897827,0.06319268047809601,0.9694426655769348
1616625341418,2021-03-24T22:36:33.295Z,34.194,-0.20099586248397827,0.07198174297809601,0.9684661030769348
1616625341458,2021-03-24T22:36:33.297Z,34.234,-0.19586890935897827,0.07588799297809601,0.9704192280769348
1616625341499,2021-03-24T22:36:33.299Z,34.275,-0.19538062810897827,0.07955010235309601,0.9745696187019348
1616625341540,2021-03-24T22:36:33.325Z,34.316,-0.19367164373397827,0.08125908672809601,0.9706633687019348
1616625341579,2021-03-24T22:36:33.327Z,34.355,-0.19855445623397827,0.08101494610309601,0.9743254780769348
1616625341620,2021-03-24T22:36:33.330Z,34.396,-0.19977515935897827,0.07369072735309601,0.9711516499519348
1616625341660,2021-03-24T22:36:33.341Z,34.436,-0.19806617498397827,0.07442314922809601,0.9728606343269348
1616625341701,2021-03-24T22:36:33.343Z,34.477,-0.19782203435897827,0.07515557110309601,0.9748137593269348
1616625341740,2021-03-24T22:36:33.345Z,34.516,-0.19708961248397827,0.07491143047809601,0.9701750874519348
1616625341781,2021-03-24T22:36:33.356Z,34.557,-0.19660133123397827,0.07637627422809601,0.9755461812019348
1616625341822,2021-03-24T22:36:33.359Z,34.598,-0.19635719060897827,0.07515557110309601,0.9745696187019348
1616625341872,2021-03-24T22:36:33.370Z,34.648,-0.19367164373397827,0.08150322735309601,0.9726164937019348
1616625341912,2021-03-24T22:36:33.372Z,34.688,-0.19342750310897827,0.07588799297809601,0.9699309468269348
1616625341953,2021-03-24T22:36:33.374Z,34.729,-0.18927711248397827,0.07491143047809601,0.9679778218269348
1616625341992,2021-03-24T22:36:33.385Z,34.768,-0.18805640935897827,0.08492119610309601,0.9804289937019348
1616625342033,2021-03-24T22:36:33.388Z,34.809,-0.19782203435897827,0.06978447735309601,0.9679778218269348
1616625342073,2021-03-24T22:36:33.390Z,34.849,-0.20148414373397827,0.06416924297809601,0.9709075093269348
1616625342114,2021-03-24T22:36:33.417Z,34.89,-0.19660133123397827,0.06636650860309601,0.9740813374519348
1616625342155,2021-03-24T22:36:33.419Z,34.931,-0.19635719060897827,0.07564385235309601,0.9733489155769348
1616625342195,2021-03-24T22:36:33.430Z,34.971,-0.19391578435897827,0.07979424297809601,0.9704192280769348
1616625342236,2021-03-24T22:36:33.432Z,35.012,-0.19733375310897827,0.08663018047809601,0.9767668843269348
1616625342275,2021-03-24T22:36:33.434Z,35.051,-0.19464820623397827,0.08296807110309601,0.9755461812019348
1616625342316,2021-03-24T22:36:33.445Z,35.092,-0.19489234685897827,0.08516533672809601,0.9691985249519348
1616625342356,2021-03-24T22:36:33.447Z,35.132,-0.19562476873397827,0.07344658672809601,0.9711516499519348
1616625342397,2021-03-24T22:36:33.450Z,35.173,-0.20075172185897827,0.07247002422809601,0.9731047749519348
1616625342436,2021-03-24T22:36:33.476Z,35.212,-0.19928687810897827,0.06221611425280571,0.9689543843269348
1616625342477,2021-03-24T22:36:33.478Z,35.253,-0.19538062810897827,0.07369072735309601,0.9691985249519348
1616625342517,2021-03-24T22:36:33.480Z,35.293,-0.19049781560897827,0.08345635235309601,0.9767668843269348
1616625342558,2021-03-24T22:36:33.492Z,35.334,-0.19635719060897827,0.07955010235309601,0.9762786030769348
1616625342597,2021-03-24T22:36:33.494Z,35.373,-0.19196265935897827,0.07515557110309601,0.9748137593269348
1616625342638,2021-03-24T22:36:33.505Z,35.414,-0.18781226873397827,0.07979424297809601,0.9660246968269348
1616625342679,2021-03-24T22:36:33.506Z,35.455,-0.19684547185897827,0.08467705547809601,0.9848235249519348
1616625342719,2021-03-24T22:36:33.509Z,35.495,-0.20319312810897827,0.05904228612780571,0.9701750874519348
1616625342760,2021-03-24T22:36:33.520Z,35.536,-0.19977515935897827,0.05977470800280571,0.9682219624519348
1616625342800,2021-03-24T22:36:33.522Z,35.576,-0.19513648748397827,0.06807549297809601,0.9709075093269348
1616625342841,2021-03-24T22:36:33.524Z,35.617,-0.19660133123397827,0.08028252422809601,0.9735930562019348
1616625342880,2021-03-24T22:36:33.551Z,35.656,-0.19415992498397827,0.08174736797809601,0.9760344624519348
1616625342921,2021-03-24T22:36:33.553Z,35.697,-0.19513648748397827,0.08321221172809601,0.9748137593269348
1616625342961,2021-03-24T22:36:33.556Z,35.737,-0.19879859685897827,0.07491143047809601,0.9721282124519348
1616625343002,2021-03-24T22:36:33.566Z,35.778,-0.19635719060897827,0.07198174297809601,0.9726164937019348
1616625343041,2021-03-24T22:36:33.569Z,35.817,-0.19660133123397827,0.07564385235309601,0.9731047749519348
1616625343082,2021-03-24T22:36:33.580Z,35.858,-0.19708961248397827,0.07393486797809601,0.9723723530769348
1616625343122,2021-03-24T22:36:33.582Z,35.898,-0.19586890935897827,0.07100518047809601,0.9755461812019348
1616625343163,2021-03-24T22:36:33.584Z,35.939,-0.19733375310897827,0.07076103985309601,0.9757903218269348
1616625343202,2021-03-24T22:36:33.595Z,35.978,-0.19684547185897827,0.06978447735309601,0.9723723530769348
1616625343243,2021-03-24T22:36:33.597Z,36.019,-0.19855445623397827,0.06978447735309601,0.9684661030769348
1616625343284,2021-03-24T22:36:33.599Z,36.06,-0.19782203435897827,0.07247002422809601,0.9728606343269348
1616625343324,2021-03-24T22:36:33.611Z,36.1,-0.19684547185897827,0.08077080547809601,0.9804289937019348
1616625343365,2021-03-24T22:36:33.613Z,36.141,-0.20465797185897827,0.06343682110309601,0.9711516499519348
1616625343404,2021-03-24T22:36:33.615Z,36.18,-0.20246070623397827,0.06294853985309601,0.9696868062019348
1616625343445,2021-03-24T22:36:33.626Z,36.221,-0.20050758123397827,0.06563408672809601,0.9709075093269348
1616625343485,2021-03-24T22:36:33.629Z,36.261,-0.19440406560897827,0.07662041485309601,0.9772551655769348
1616625343526,2021-03-24T22:36:33.640Z,36.302,-0.19391578435897827,0.08003838360309601,0.9713957905769348
1616625343566,2021-03-24T22:36:33.642Z,36.342,-0.20124000310897827,0.07515557110309601,0.9767668843269348
1616625343607,2021-03-24T22:36:33.644Z,36.383,-0.20099586248397827,0.06954033672809601,0.9731047749519348
1616625343646,2021-03-24T22:36:33.656Z,36.422,-0.19538062810897827,0.07686455547809601,0.9738371968269348
1616625343687,2021-03-24T22:36:33.658Z,36.463,-0.19977515935897827,0.06978447735309601,0.9721282124519348
1616625343727,2021-03-24T22:36:33.660Z,36.503,-0.19611304998397827,0.07076103985309601,0.9706633687019348
1616625343768,2021-03-24T22:36:33.671Z,36.544,-0.19293922185897827,0.07881768047809601,0.9743254780769348
1616625343807,2021-03-24T22:36:33.700Z,36.583,-0.19708961248397827,0.07027275860309601,0.9718840718269348
1616625343848,2021-03-24T22:36:33.702Z,36.624,-0.19928687810897827,0.06661064922809601,0.9723723530769348
1616625343889,2021-03-24T22:36:33.705Z,36.665,-0.19611304998397827,0.06978447735309601,0.9706633687019348
1616625343929,2021-03-24T22:36:33.716Z,36.705,-0.19440406560897827,0.06929619610309601,0.9721282124519348
1616625343970,2021-03-24T22:36:33.718Z,36.746,-0.19220679998397827,0.08028252422809601,0.9796965718269348
1616625344009,2021-03-24T22:36:33.720Z,36.785,-0.20050758123397827,0.06856377422809601,0.9701750874519348
1616625344050,2021-03-24T22:36:33.747Z,36.826,-0.20197242498397827,0.06734307110309601,0.9716399312019348
1616625344090,2021-03-24T22:36:33.749Z,36.866,-0.19489234685897827,0.07271416485309601,0.9733489155769348
1616625344131,2021-03-24T22:36:33.760Z,36.907,-0.19415992498397827,0.08272393047809601,0.9787200093269348
1616625344171,2021-03-24T22:36:33.762Z,36.947,-0.19708961248397827,0.07906182110309601,0.9723723530769348
1616625344212,2021-03-24T22:36:33.764Z,36.988,-0.19855445623397827,0.07857353985309601,0.9738371968269348
1616625344251,2021-03-24T22:36:33.775Z,37.027,-0.19440406560897827,0.06831963360309601,0.9726164937019348
1616625344292,2021-03-24T22:36:33.777Z,37.068,-0.19904273748397827,0.07051689922809601,0.9743254780769348
1616625344333,2021-03-24T22:36:33.780Z,37.109,-0.19586890935897827,0.07100518047809601,0.9726164937019348
1616625344373,2021-03-24T22:36:33.791Z,37.149,-0.19733375310897827,0.06954033672809601,0.9721282124519348
1616625344414,2021-03-24T22:36:33.793Z,37.19,-0.19928687810897827,0.06734307110309601,0.9733489155769348
1616625344453,2021-03-24T22:36:33.795Z,37.229,-0.19757789373397827,0.07051689922809601,0.9733489155769348
1616625344494,2021-03-24T22:36:33.807Z,37.27,-0.20026344060897827,0.06978447735309601,0.9750578999519348
1616625344534,2021-03-24T22:36:33.809Z,37.31,-0.20026344060897827,0.06929619610309601,0.9718840718269348
1616625344575,2021-03-24T22:36:33.820Z,37.351,-0.19782203435897827,0.06929619610309601,0.9711516499519348
1616625344614,2021-03-24T22:36:33.822Z,37.39,-0.19415992498397827,0.07686455547809601,0.9794524312019348
1616625344655,2021-03-24T22:36:33.824Z,37.431,-0.20294898748397827,0.06758721172809601,0.9694426655769348
1616625344695,2021-03-24T22:36:33.836Z,37.471,-0.19904273748397827,0.06441338360309601,0.9718840718269348
1616625344736,2021-03-24T22:36:33.837Z,37.512,-0.19953101873397827,0.06416924297809601,0.9750578999519348
1616625344776,2021-03-24T22:36:33.839Z,37.552,-0.19269508123397827,0.07613213360309601,0.9731047749519348
1616625344817,2021-03-24T22:36:33.851Z,37.593,-0.19489234685897827,0.07466728985309601,0.9733489155769348
1616625344858,2021-03-24T22:36:33.853Z,37.634,-0.19806617498397827,0.07393486797809601,0.9762786030769348
1616625344897,2021-03-24T22:36:33.855Z,37.673,-0.19928687810897827,0.06929619610309601,0.9743254780769348
1616625344938,2021-03-24T22:36:33.881Z,37.714,-0.19611304998397827,0.06831963360309601,0.9733489155769348
1616625344978,2021-03-24T22:36:33.884Z,37.754,-0.19562476873397827,0.06783135235309601,0.9738371968269348
1616625345019,2021-03-24T22:36:33.895Z,37.795,-0.20026344060897827,0.07100518047809601,0.9723723530769348
1616625345058,2021-03-24T22:36:33.897Z,37.834,-0.19708961248397827,0.07466728985309601,0.9704192280769348
1616625345099,2021-03-24T22:36:33.899Z,37.875,-0.19806617498397827,0.07369072735309601,0.9757903218269348
1616625345139,2021-03-24T22:36:33.910Z,37.915,-0.19953101873397827,0.07271416485309601,0.9726164937019348
1616625345180,2021-03-24T22:36:33.912Z,37.956,-0.19806617498397827,0.07271416485309601,0.9711516499519348
1616625345219,2021-03-24T22:36:33.914Z,37.995,-0.20148414373397827,0.07149346172809601,0.9691985249519348
1616625345260,2021-03-24T22:36:33.925Z,38.036,-0.19660133123397827,0.08028252422809601,0.9789641499519348
1616625345300,2021-03-24T22:36:33.928Z,38.076,-0.20490211248397827,0.06050712987780571,0.9687102437019348
1616625345341,2021-03-24T22:36:33.930Z,38.117,-0.20368140935897827,0.06368096172809601,0.9701750874519348
1616625345382,2021-03-24T22:36:33.941Z,38.158,-0.19953101873397827,0.06807549297809601,0.9718840718269348
1616625345422,2021-03-24T22:36:33.944Z,38.198,-0.19684547185897827,0.07539971172809601,0.9753020405769348
1616625345471,2021-03-24T22:36:33.970Z,38.247,-0.19538062810897827,0.07588799297809601,0.9704192280769348
1616625345512,2021-03-24T22:36:33.972Z,38.288,-0.20099586248397827,0.07491143047809601,0.9701750874519348
1616625345553,2021-03-24T22:36:33.974Z,38.329,-0.20197242498397827,0.07002861797809601,0.9682219624519348
1616625345593,2021-03-24T22:36:33.985Z,38.369,-0.20001929998397827,0.06905205547809601,0.9694426655769348
1616625345634,2021-03-24T22:36:33.987Z,38.41,-0.20246070623397827,0.06880791485309601,0.9704192280769348
1616625345674,2021-03-24T22:36:33.989Z,38.45,-0.20075172185897827,0.06880791485309601,0.9718840718269348
1616625345715,2021-03-24T22:36:34.000Z,38.491,-0.19782203435897827,0.07027275860309601,0.9738371968269348
1616625345754,2021-03-24T22:36:34.003Z,38.53,-0.20075172185897827,0.07247002422809601,0.9743254780769348
1616625345795,2021-03-24T22:36:34.005Z,38.571,-0.19904273748397827,0.07466728985309601,0.9745696187019348
1616625345835,2021-03-24T22:36:34.031Z,38.611,-0.20172828435897827,0.07149346172809601,0.9733489155769348
1616625345876,2021-03-24T22:36:34.033Z,38.652,-0.19538062810897827,0.07393486797809601,0.9623625874519348
1616625345915,2021-03-24T22:36:34.047Z,38.691,-0.20001929998397827,0.07906182110309601,0.9816496968269348
1616625345956,2021-03-24T22:36:34.048Z,38.732,-0.20197242498397827,0.05757744237780571,0.9711516499519348
1616625345996,2021-03-24T22:36:34.049Z,38.772,-0.20343726873397827,0.06246025487780571,0.9745696187019348
1616625346037,2021-03-24T22:36:34.060Z,38.813,-0.20148414373397827,0.06563408672809601,0.9706633687019348
1616625346078,2021-03-24T22:36:34.063Z,38.854,-0.19831031560897827,0.07393486797809601,0.9750578999519348
1616625346117,2021-03-24T22:36:34.065Z,38.893,-0.20246070623397827,0.06929619610309601,0.9738371968269348
1616625346158,2021-03-24T22:36:34.076Z,38.934,-0.20270484685897827,0.07247002422809601,0.9733489155769348
1616625346198,2021-03-24T22:36:34.079Z,38.974,-0.20441383123397827,0.06734307110309601,0.9728606343269348
1616625346239,2021-03-24T22:36:34.105Z,39.015,-0.20612281560897827,0.06368096172809601,0.9709075093269348
1616625346279,2021-03-24T22:36:34.107Z,39.055,-0.20465797185897827,0.06392510235309601,0.9748137593269348
1616625346320,2021-03-24T22:36:34.109Z,39.096,-0.20416969060897827,0.06197197362780571,0.9704192280769348
1616625346359,2021-03-24T22:36:34.120Z,39.135,-0.20270484685897827,0.05977470800280571,0.9721282124519348
1616625346400,2021-03-24T22:36:34.122Z,39.176,-0.20343726873397827,0.06172783300280571,0.9718840718269348
1616625346440,2021-03-24T22:36:34.124Z,39.216,-0.20197242498397827,0.06538994610309601,0.9728606343269348
1616625346481,2021-03-24T22:36:34.135Z,39.257,-0.20465797185897827,0.06709893047809601,0.9713957905769348
1616625346522,2021-03-24T22:36:34.138Z,39.298,-0.20172828435897827,0.06392510235309601,0.9699309468269348
1616625346561,2021-03-24T22:36:34.140Z,39.337,-0.20197242498397827,0.07539971172809601,0.9770110249519348
1616625346602,2021-03-24T22:36:34.152Z,39.378,-0.20636695623397827,0.06001884862780571,0.9687102437019348
1616625346642,2021-03-24T22:36:34.154Z,39.418,-0.20587867498397827,0.05855400487780571,0.9701750874519348
1616625346683,2021-03-24T22:36:34.165Z,39.459,-0.20050758123397827,0.06294853985309601,0.9716399312019348
1616625346722,2021-03-24T22:36:34.167Z,39.498,-0.20075172185897827,0.07027275860309601,0.9765227437019348
1616625346763,2021-03-24T22:36:34.169Z,39.539,-0.20148414373397827,0.06490166485309601,0.9699309468269348
1616625346803,2021-03-24T22:36:34.180Z,39.579,-0.20221656560897827,0.06978447735309601,0.9750578999519348
1616625346844,2021-03-24T22:36:34.183Z,39.62,-0.20270484685897827,0.06538994610309601,0.9723723530769348
1616625346883,2021-03-24T22:36:34.185Z,39.659,-0.20758765935897827,0.06392510235309601,0.9699309468269348
1616625346925,2021-03-24T22:36:34.196Z,39.701,-0.20514625310897827,0.06441338360309601,0.9733489155769348
1616625346964,2021-03-24T22:36:34.225Z,39.74,-0.20465797185897827,0.06221611425280571,0.9726164937019348
1616625347005,2021-03-24T22:36:34.227Z,39.781,-0.20343726873397827,0.06197197362780571,0.9713957905769348
1616625347046,2021-03-24T22:36:34.229Z,39.822,-0.20343726873397827,0.06490166485309601,0.9726164937019348
1616625347086,2021-03-24T22:36:34.241Z,39.862,-0.20197242498397827,0.07466728985309601,0.9753020405769348
1616625347127,2021-03-24T22:36:34.243Z,39.903,-0.20221656560897827,0.06392510235309601,0.9738371968269348
1616625347166,2021-03-24T22:36:34.245Z,39.942,-0.20001929998397827,0.06026298925280571,0.9728606343269348
1616625347207,2021-03-24T22:36:34.257Z,39.983,-0.19220679998397827,0.07051689922809601,0.9718840718269348
1616625347247,2021-03-24T22:36:34.259Z,40.023,-0.20905250310897827,0.05879814550280571,0.9728606343269348
1616625347288,2021-03-24T22:36:34.270Z,40.064,-0.21100562810897827,0.05269462987780571,0.9670012593269348
1616625347327,2021-03-24T22:36:34.271Z,40.103,-0.20368140935897827,0.06319268047809601,0.9735930562019348
1616625347368,2021-03-24T22:36:34.274Z,40.144,-0.19757789373397827,0.07393486797809601,0.9735930562019348
1616625347408,2021-03-24T22:36:34.300Z,40.184,-0.19489234685897827,0.07564385235309601,0.9667571187019348
1616625347449,2021-03-24T22:36:34.302Z,40.225,-0.19757789373397827,0.07979424297809601,0.9691985249519348
1616625347490,2021-03-24T22:36:34.304Z,40.266,-0.19928687810897827,0.07222588360309601,0.9740813374519348
1616625347529,2021-03-24T22:36:34.316Z,40.305,-0.20148414373397827,0.07149346172809601,0.9699309468269348
1616625347570,2021-03-24T22:36:34.318Z,40.346,-0.19879859685897827,0.07271416485309601,0.9735930562019348
1616625347610,2021-03-24T22:36:34.320Z,40.386,-0.20343726873397827,0.06954033672809601,0.9750578999519348
1616625347651,2021-03-24T22:36:34.346Z,40.427,-0.20221656560897827,0.06807549297809601,0.9740813374519348
1616625347691,2021-03-24T22:36:34.349Z,40.467,-0.20075172185897827,0.06709893047809601,0.9709075093269348
1616625347732,2021-03-24T22:36:34.360Z,40.508,-0.20221656560897827,0.07051689922809601,0.9721282124519348
1616625347771,2021-03-24T22:36:34.362Z,40.547,-0.20124000310897827,0.07027275860309601,0.9723723530769348
1616625347812,2021-03-24T22:36:34.364Z,40.588,-0.20099586248397827,0.06905205547809601,0.9753020405769348
1616625347853,2021-03-24T22:36:34.375Z,40.629,-0.19562476873397827,0.07466728985309601,0.9645598530769348
1616625347893,2021-03-24T22:36:34.378Z,40.669,-0.20368140935897827,0.07832939922809601,0.9828703999519348
1616625347934,2021-03-24T22:36:34.379Z,40.71,-0.20563453435897827,0.05611259862780571,0.9711516499519348
1616625347973,2021-03-24T22:36:34.390Z,40.749,-0.20392554998397827,0.06148369237780571,0.9713957905769348
1616625348014,2021-03-24T22:36:34.393Z,40.79,-0.19513648748397827,0.07002861797809601,0.9704192280769348
1616625348054,2021-03-24T22:36:34.395Z,40.83,-0.20050758123397827,0.07222588360309601,0.9745696187019348
1616625348095,2021-03-24T22:36:34.406Z,40.871,-0.19953101873397827,0.07076103985309601,0.9753020405769348
1616625348134,2021-03-24T22:36:34.408Z,40.91,-0.19977515935897827,0.07320244610309601,0.9755461812019348
1616625348175,2021-03-24T22:36:34.435Z,40.951,-0.19831031560897827,0.06831963360309601,0.9735930562019348
1616625348215,2021-03-24T22:36:34.437Z,40.991,-0.19977515935897827,0.06661064922809601,0.9731047749519348
1616625348256,2021-03-24T22:36:34.439Z,41.032,-0.20026344060897827,0.06783135235309601,0.9745696187019348
1616625348296,2021-03-24T22:36:34.450Z,41.072,-0.20319312810897827,0.06441338360309601,0.9721282124519348
1616625348337,2021-03-24T22:36:34.452Z,41.113,-0.20221656560897827,0.06783135235309601,0.9735930562019348
1616625348376,2021-03-24T22:36:34.454Z,41.152,-0.20026344060897827,0.06514580547809601,0.9743254780769348
1616625348417,2021-03-24T22:36:34.465Z,41.193,-0.20148414373397827,0.06856377422809601,0.9728606343269348
1616625348458,2021-03-24T22:36:34.468Z,41.234,-0.20197242498397827,0.06831963360309601,0.9709075093269348
1616625348498,2021-03-24T22:36:34.470Z,41.274,-0.20124000310897827,0.06587822735309601,0.9726164937019348
1616625348539,2021-03-24T22:36:34.481Z,41.315,-0.19733375310897827,0.07247002422809601,0.9774993062019348
1616625348578,2021-03-24T22:36:34.483Z,41.354,-0.20856422185897827,0.06368096172809601,0.9701750874519348
1616625348619,2021-03-24T22:36:34.495Z,41.395,-0.20465797185897827,0.06099541112780571,0.9679778218269348
1616625348659,2021-03-24T22:36:34.497Z,41.435,-0.20221656560897827,0.06368096172809601,0.9699309468269348
1616625348700,2021-03-24T22:36:34.499Z,41.476,-0.19904273748397827,0.07149346172809601,0.9745696187019348
1616625348739,2021-03-24T22:36:34.525Z,41.515,-0.20050758123397827,0.06954033672809601,0.9721282124519348
1616625348780,2021-03-24T22:36:34.528Z,41.556,-0.20148414373397827,0.07466728985309601,0.9745696187019348
1616625348820,2021-03-24T22:36:34.529Z,41.596,-0.19928687810897827,0.06880791485309601,0.9726164937019348
1616625348861,2021-03-24T22:36:34.540Z,41.637,-0.20099586248397827,0.06709893047809601,0.9726164937019348
1616625348902,2021-03-24T22:36:34.542Z,41.678,-0.20270484685897827,0.06661064922809601,0.9740813374519348
1616625348942,2021-03-24T22:36:34.545Z,41.718,-0.20221656560897827,0.06880791485309601,0.9716399312019348
1616625348983,2021-03-24T22:36:34.556Z,41.759,-0.20197242498397827,0.06368096172809601,0.9728606343269348
1616625349022,2021-03-24T22:36:34.558Z,41.798,-0.20246070623397827,0.06636650860309601,0.9735930562019348
1616625349063,2021-03-24T22:36:34.560Z,41.839,-0.20343726873397827,0.07320244610309601,0.9774993062019348
1616625349103,2021-03-24T22:36:34.572Z,41.879,-0.20197242498397827,0.06905205547809601,0.9748137593269348
1616625349144,2021-03-24T22:36:34.574Z,41.92,-0.20050758123397827,0.06709893047809601,0.9726164937019348
1616625349183,2021-03-24T22:36:34.585Z,41.959,-0.19904273748397827,0.07100518047809601,0.9662688374519348
1616625349224,2021-03-24T22:36:34.587Z,42,-0.20368140935897827,0.07344658672809601,0.9833586812019348
1616625349264,2021-03-24T22:36:34.589Z,42.04,-0.20685523748397827,0.05049736425280571,0.9682219624519348
1616625349305,2021-03-24T22:36:34.600Z,42.081,-0.20539039373397827,0.06123955175280571,0.9721282124519348
1616625349344,2021-03-24T22:36:34.602Z,42.12,-0.19806617498397827,0.06905205547809601,0.9726164937019348
1616625349385,2021-03-24T22:36:34.605Z,42.161,-0.19782203435897827,0.07271416485309601,0.9740813374519348
1616625349426,2021-03-24T22:36:34.616Z,42.202,-0.19806617498397827,0.07271416485309601,0.9726164937019348
1616625349466,2021-03-24T22:36:34.618Z,42.242,-0.19928687810897827,0.06978447735309601,0.9726164937019348
1616625349507,2021-03-24T22:36:34.620Z,42.283,-0.20221656560897827,0.06490166485309601,0.9696868062019348
1616625349547,2021-03-24T22:36:34.632Z,42.323,-0.20172828435897827,0.06636650860309601,0.9704192280769348
1616625349588,2021-03-24T22:36:34.634Z,42.364,-0.20294898748397827,0.06880791485309601,0.9740813374519348
1616625349627,2021-03-24T22:36:34.660Z,42.403,-0.20319312810897827,0.06514580547809601,0.9709075093269348
1616625349668,2021-03-24T22:36:34.662Z,42.444,-0.20343726873397827,0.06538994610309601,0.9718840718269348
1616625349708,2021-03-24T22:36:34.664Z,42.484,-0.20075172185897827,0.06978447735309601,0.9735930562019348
1616625349749,2021-03-24T22:36:34.676Z,42.525,-0.20075172185897827,0.07076103985309601,0.9726164937019348
1616625349788,2021-03-24T22:36:34.678Z,42.564,-0.20148414373397827,0.06954033672809601,0.9716399312019348
1616625349829,2021-03-24T22:36:34.680Z,42.605,-0.19806617498397827,0.06563408672809601,0.9706633687019348
1616625349870,2021-03-24T22:36:34.692Z,42.646,-0.19977515935897827,0.07076103985309601,0.9765227437019348
1616625349910,2021-03-24T22:36:34.694Z,42.686,-0.20587867498397827,0.05782158300280571,0.9679778218269348
1616625349951,2021-03-24T22:36:34.705Z,42.727,-0.20514625310897827,0.05830986425280571,0.9699309468269348
1616625349990,2021-03-24T22:36:34.707Z,42.766,-0.20148414373397827,0.06123955175280571,0.9728606343269348
1616625350031,2021-03-24T22:36:34.709Z,42.807,-0.19977515935897827,0.07247002422809601,0.9765227437019348
1616625350071,2021-03-24T22:36:34.720Z,42.847,-0.19953101873397827,0.07124932110309601,0.9713957905769348
1616625350112,2021-03-24T22:36:34.722Z,42.888,-0.20148414373397827,0.07149346172809601,0.9733489155769348
1616625350152,2021-03-24T22:36:34.751Z,42.928,-0.20197242498397827,0.06612236797809601,0.9750578999519348
1616625350193,2021-03-24T22:36:34.753Z,42.969,-0.20294898748397827,0.06294853985309601,0.9704192280769348
1616625350232,2021-03-24T22:36:34.765Z,43.008,-0.20124000310897827,0.06514580547809601,0.9740813374519348
1616625350273,2021-03-24T22:36:34.767Z,43.049,-0.20368140935897827,0.06538994610309601,0.9723723530769348
1616625350313,2021-03-24T22:36:34.769Z,43.089,-0.20441383123397827,0.06319268047809601,0.9726164937019348
1616625350354,2021-03-24T22:36:34.780Z,43.13,-0.20587867498397827,0.06441338360309601,0.9711516499519348
1616625350395,2021-03-24T22:36:34.783Z,43.171,-0.20319312810897827,0.06831963360309601,0.9760344624519348
1616625350434,2021-03-24T22:36:34.785Z,43.21,-0.20368140935897827,0.06441338360309601,0.9740813374519348
1616625350475,2021-03-24T22:36:34.796Z,43.251,-0.20075172185897827,0.06783135235309601,0.9713957905769348
1616625350515,2021-03-24T22:36:34.798Z,43.291,-0.19904273748397827,0.06465752422809601,0.9674895405769348
1616625350556,2021-03-24T22:36:34.810Z,43.332,-0.20539039373397827,0.06172783300280571,0.9811614155769348
1616625350595,2021-03-24T22:36:34.813Z,43.371,-0.20905250310897827,0.05440361425280571,0.9694426655769348
1616625350636,2021-03-24T22:36:34.814Z,43.412,-0.20246070623397827,0.06148369237780571,0.9667571187019348
1616625350676,2021-03-24T22:36:34.826Z,43.452,-0.20075172185897827,0.06246025487780571,0.9699309468269348
1616625350717,2021-03-24T22:36:34.828Z,43.493,-0.19660133123397827,0.07417900860309601,0.9713957905769348
1616625350757,2021-03-24T22:36:34.830Z,43.533,-0.19660133123397827,0.07466728985309601,0.9731047749519348
1616625350798,2021-03-24T22:36:34.856Z,43.574,-0.19635719060897827,0.07588799297809601,0.9772551655769348
1616625350839,2021-03-24T22:36:34.858Z,43.615,-0.19318336248397827,0.07344658672809601,0.9718840718269348
1616625350878,2021-03-24T22:36:34.870Z,43.654,-0.20026344060897827,0.06661064922809601,0.9733489155769348
1616625350919,2021-03-24T22:36:34.872Z,43.695,-0.20441383123397827,0.06246025487780571,0.9731047749519348
1616625350959,2021-03-24T22:36:34.874Z,43.735,-0.19538062810897827,0.06880791485309601,0.9735930562019348
1616625351000,2021-03-24T22:36:34.900Z,43.776,-0.20734351873397827,0.05660087987780571,0.9687102437019348
1616625351039,2021-03-24T22:36:34.902Z,43.815,-0.19879859685897827,0.06831963360309601,0.9750578999519348
1616625351080,2021-03-24T22:36:34.904Z,43.856,-0.20001929998397827,0.07955010235309601,0.9762786030769348
1616625351120,2021-03-24T22:36:34.915Z,43.896,-0.20319312810897827,0.06856377422809601,0.9716399312019348
1616625351161,2021-03-24T22:36:34.917Z,43.937,-0.19782203435897827,0.06050712987780571,0.9704192280769348
1616625351200,2021-03-24T22:36:34.920Z,43.976,-0.20075172185897827,0.06294853985309601,0.9638274312019348
1616625351241,2021-03-24T22:36:34.931Z,44.017,-0.20441383123397827,0.07100518047809601,0.9823821187019348
1616625351281,2021-03-24T22:36:34.933Z,44.057,-0.20856422185897827,0.04244072362780571,0.9713957905769348
1616625351322,2021-03-24T22:36:34.945Z,44.098,-0.20661109685897827,0.04805595800280571,0.9704192280769348
1616625351363,2021-03-24T22:36:34.947Z,44.139,-0.20050758123397827,0.05855400487780571,0.9735930562019348
1616625351403,2021-03-24T22:36:34.949Z,44.179,-0.19928687810897827,0.06661064922809601,0.9723723530769348
1616625351444,2021-03-24T22:36:34.960Z,44.22,-0.19538062810897827,0.06905205547809601,0.9728606343269348
1616625351483,2021-03-24T22:36:34.962Z,44.259,-0.19855445623397827,0.07320244610309601,0.9757903218269348
1616625351524,2021-03-24T22:36:34.964Z,44.3,-0.20050758123397827,0.06758721172809601,0.9731047749519348
1616625351564,2021-03-24T22:36:34.990Z,44.34,-0.20392554998397827,0.06294853985309601,0.9718840718269348
1616625351605,2021-03-24T22:36:34.992Z,44.381,-0.20075172185897827,0.06514580547809601,0.9726164937019348
1616625351644,2021-03-24T22:36:34.995Z,44.42,-0.20099586248397827,0.06685478985309601,0.9745696187019348
1616625351685,2021-03-24T22:36:35.006Z,44.461,-0.20148414373397827,0.06490166485309601,0.9735930562019348
1616625351725,2021-03-24T22:36:35.008Z,44.501,-0.20246070623397827,0.06538994610309601,0.9711516499519348
1616625351766,2021-03-24T22:36:35.010Z,44.542,-0.20294898748397827,0.06587822735309601,0.9721282124519348
1616625351805,2021-03-24T22:36:35.022Z,44.581,-0.20539039373397827,0.06368096172809601,0.9728606343269348
1616625351846,2021-03-24T22:36:35.024Z,44.622,-0.20270484685897827,0.06246025487780571,0.9750578999519348
1616625351886,2021-03-24T22:36:35.035Z,44.662,-0.19855445623397827,0.06807549297809601,0.9733489155769348
1616625351927,2021-03-24T22:36:35.037Z,44.703,-0.20709937810897827,0.06465752422809601,0.9709075093269348
1616625351968,2021-03-24T22:36:35.039Z,44.744,-0.20563453435897827,0.05391533300280571,0.9701750874519348
1616625352008,2021-03-24T22:36:35.050Z,44.784,-0.20416969060897827,0.05733330175280571,0.9728606343269348
1616625352049,2021-03-24T22:36:35.053Z,44.825,-0.19538062810897827,0.06636650860309601,0.9745696187019348
1616625352088,2021-03-24T22:36:35.054Z,44.864,-0.19879859685897827,0.06880791485309601,0.9731047749519348
1616625352129,2021-03-24T22:36:35.081Z,44.905,-0.20514625310897827,0.06880791485309601,0.9733489155769348
1616625352169,2021-03-24T22:36:35.083Z,44.945,-0.20246070623397827,0.06319268047809601,0.9733489155769348
1616625352210,2021-03-24T22:36:35.085Z,44.986,-0.20270484685897827,0.06246025487780571,0.9713957905769348
1616625352249,2021-03-24T22:36:35.096Z,45.025,-0.20246070623397827,0.06246025487780571,0.9711516499519348
1616625352290,2021-03-24T22:36:35.099Z,45.066,-0.20099586248397827,0.06514580547809601,0.9716399312019348
1616625352330,2021-03-24T22:36:35.110Z,45.106,-0.20441383123397827,0.06392510235309601,0.9745696187019348
1616625352371,2021-03-24T22:36:35.112Z,45.147,-0.20172828435897827,0.06343682110309601,0.9748137593269348
1616625352412,2021-03-24T22:36:35.114Z,45.188,-0.20246070623397827,0.06758721172809601,0.9745696187019348
1616625352451,2021-03-24T22:36:35.140Z,45.227,-0.20270484685897827,0.06441338360309601,0.9750578999519348
1616625352492,2021-03-24T22:36:35.142Z,45.268,-0.20416969060897827,0.06441338360309601,0.9750578999519348
1616625352532,2021-03-24T22:36:35.144Z,45.308,-0.19635719060897827,0.07271416485309601,0.9672453999519348
1616625352573,2021-03-24T22:36:35.156Z,45.349,-0.20343726873397827,0.06905205547809601,0.9784758687019348
1616625352612,2021-03-24T22:36:35.158Z,45.388,-0.20441383123397827,0.04683525487780571,0.9662688374519348
1616625352654,2021-03-24T22:36:35.160Z,45.43,-0.20270484685897827,0.06001884862780571,0.9696868062019348
1616625352693,2021-03-24T22:36:35.171Z,45.469,-0.19757789373397827,0.06416924297809601,0.9716399312019348
1616625352734,2021-03-24T22:36:35.174Z,45.51,-0.19684547185897827,0.06905205547809601,0.9672453999519348
1616625352774,2021-03-24T22:36:35.185Z,45.55,-0.20001929998397827,0.06661064922809601,0.9718840718269348
1616625352815,2021-03-24T22:36:35.187Z,45.591,-0.20075172185897827,0.06099541112780571,0.9738371968269348
1616625352854,2021-03-24T22:36:35.189Z,45.63,-0.20221656560897827,0.05928642675280571,0.9709075093269348
1616625352895,2021-03-24T22:36:35.200Z,45.671,-0.20026344060897827,0.06197197362780571,0.9723723530769348
1616625352935,2021-03-24T22:36:35.202Z,45.711,-0.20124000310897827,0.06416924297809601,0.9743254780769348
1616625352976,2021-03-24T22:36:35.204Z,45.752,-0.20050758123397827,0.06416924297809601,0.9740813374519348
1616625353017,2021-03-24T22:36:35.215Z,45.793,-0.20172828435897827,0.06514580547809601,0.9711516499519348
1616625353056,2021-03-24T22:36:35.218Z,45.832,-0.20001929998397827,0.06587822735309601,0.9731047749519348
1616625353097,2021-03-24T22:36:35.220Z,45.873,-0.20221656560897827,0.06246025487780571,0.9709075093269348
1616625353137,2021-03-24T22:36:35.231Z,45.913,-0.19831031560897827,0.06001884862780571,0.9760344624519348
1616625353178,2021-03-24T22:36:35.233Z,45.954,-0.19635719060897827,0.06490166485309601,0.9665129780769348
1616625353217,2021-03-24T22:36:35.245Z,45.993,-0.20392554998397827,0.08199150860309601,0.9814055562019348
1616625353258,2021-03-24T22:36:35.247Z,46.034,-0.20270484685897827,0.06563408672809601,0.9718840718269348
1616625353298,2021-03-24T22:36:35.276Z,46.074,-0.20319312810897827,0.06416924297809601,0.9728606343269348
1616625353339,2021-03-24T22:36:35.278Z,46.115,-0.19660133123397827,0.06099541112780571,0.9706633687019348
1616625353379,2021-03-24T22:36:35.290Z,46.155,-0.20001929998397827,0.05855400487780571,0.9682219624519348
1616625353420,2021-03-24T22:36:35.293Z,46.196,-0.20392554998397827,0.05342705175280571,0.9709075093269348
1616625353459,2021-03-24T22:36:35.294Z,46.235,-0.20050758123397827,0.05562431737780571,0.9748137593269348
1616625353500,2021-03-24T22:36:35.305Z,46.276,-0.20587867498397827,0.05538017675280571,0.9713957905769348
1616625353541,2021-03-24T22:36:35.307Z,46.317,-0.20685523748397827,0.06075127050280571,0.9713957905769348
1616625353581,2021-03-24T22:36:35.320Z,46.357,-0.20172828435897827,0.06392510235309601,0.9750578999519348
1616625353622,2021-03-24T22:36:35.322Z,46.398,-0.20514625310897827,0.06514580547809601,0.9753020405769348
1616625353661,2021-03-24T22:36:35.324Z,46.437,-0.20246070623397827,0.06685478985309601,0.9745696187019348
1616625353702,2021-03-24T22:36:35.335Z,46.478,-0.20319312810897827,0.06319268047809601,0.9718840718269348
1616625353742,2021-03-24T22:36:35.337Z,46.518,-0.20636695623397827,0.06514580547809601,0.9709075093269348
1616625353783,2021-03-24T22:36:35.339Z,46.559,-0.20441383123397827,0.06343682110309601,0.9765227437019348
1616625353824,2021-03-24T22:36:35.351Z,46.6,-0.20319312810897827,0.06465752422809601,0.9652922749519348
1616625353863,2021-03-24T22:36:35.352Z,46.639,-0.20416969060897827,0.07295830547809601,0.9818938374519348
1616625353903,2021-03-24T22:36:35.355Z,46.679,-0.21051734685897827,0.04756767675280571,0.9721282124519348
1616625353944,2021-03-24T22:36:35.366Z,46.72,-0.21002906560897827,0.05220634862780571,0.9726164937019348
1616625353984,2021-03-24T22:36:35.368Z,46.76,-0.19733375310897827,0.06148369237780571,0.9706633687019348
1616625354025,2021-03-24T22:36:35.370Z,46.801,-0.20050758123397827,0.07124932110309601,0.9765227437019348
1616625354064,2021-03-24T22:36:35.382Z,46.84,-0.20270484685897827,0.05684502050280571,0.9728606343269348
1616625354105,2021-03-24T22:36:35.384Z,46.881,-0.19855445623397827,0.06343682110309601,0.9723723530769348
1616625354146,2021-03-24T22:36:35.410Z,46.922,-0.19513648748397827,0.06392510235309601,0.9750578999519348
1616625354186,2021-03-24T22:36:35.412Z,46.962,-0.20563453435897827,0.05733330175280571,0.9718840718269348
1616625354227,2021-03-24T22:36:35.414Z,47.003,-0.19489234685897827,0.05806572362780571,0.9689543843269348
1616625354266,2021-03-24T22:36:35.425Z,47.042,-0.19977515935897827,0.06246025487780571,0.9687102437019348
1616625354307,2021-03-24T22:36:35.427Z,47.083,-0.20148414373397827,0.06197197362780571,0.9779875874519348
1616625354347,2021-03-24T22:36:35.429Z,47.123,-0.20270484685897827,0.06050712987780571,0.9743254780769348
1616625354388,2021-03-24T22:36:35.456Z,47.164,-0.20514625310897827,0.06123955175280571,0.9735930562019348
1616625354427,2021-03-24T22:36:35.458Z,47.203,-0.19782203435897827,0.06709893047809601,0.9760344624519348
1616625354468,2021-03-24T22:36:35.460Z,47.244,-0.19708961248397827,0.06954033672809601,0.9650481343269348
1616625354508,2021-03-24T22:36:35.472Z,47.284,-0.20490211248397827,0.06636650860309601,0.9821379780769348
1616625354549,2021-03-24T22:36:35.474Z,47.325,-0.21076148748397827,0.04414970800280571,0.9723723530769348
1616625354589,2021-03-24T22:36:35.485Z,47.365,-0.20856422185897827,0.04830009862780571,0.9721282124519348
1616625354630,2021-03-24T22:36:35.487Z,47.406,-0.20392554998397827,0.05464775487780571,0.9733489155769348
1616625354669,2021-03-24T22:36:35.490Z,47.445,-0.20685523748397827,0.05977470800280571,0.9689543843269348
1616625354710,2021-03-24T22:36:35.501Z,47.486,-0.20832008123397827,0.05928642675280571,0.9753020405769348
1616625354751,2021-03-24T22:36:35.503Z,47.527,-0.20026344060897827,0.06978447735309601,0.9755461812019348
1616625354791,2021-03-24T22:36:35.505Z,47.567,-0.20441383123397827,0.05586845800280571,0.9682219624519348
1616625354832,2021-03-24T22:36:35.517Z,47.608,-0.20319312810897827,0.05293877050280571,0.9706633687019348
1616625354871,2021-03-24T22:36:35.519Z,47.647,-0.19953101873397827,0.06001884862780571,0.9731047749519348
1616625354912,2021-03-24T22:36:35.530Z,47.688,-0.20319312810897827,0.06148369237780571,0.9735930562019348
1616625354952,2021-03-24T22:36:35.532Z,47.728,-0.20221656560897827,0.05977470800280571,0.9716399312019348
1616625354993,2021-03-24T22:36:35.534Z,47.769,-0.20050758123397827,0.06099541112780571,0.9743254780769348
1616625355032,2021-03-24T22:36:35.545Z,47.808,-0.20368140935897827,0.05660087987780571,0.9745696187019348
1616625355073,2021-03-24T22:36:35.548Z,47.849,-0.19733375310897827,0.05684502050280571,0.9770110249519348
1616625355113,2021-03-24T22:36:35.549Z,47.889,-0.19708961248397827,0.06197197362780571,0.9652922749519348
1616625355154,2021-03-24T22:36:35.561Z,47.93,-0.20856422185897827,0.06734307110309601,0.9796965718269348
1616625355194,2021-03-24T22:36:35.564Z,47.97,-0.20636695623397827,0.04512627050280571,0.9721282124519348
1616625355235,2021-03-24T22:36:35.565Z,48.011,-0.20539039373397827,0.05098564550280571,0.9721282124519348
1616625355276,2021-03-24T22:36:35.576Z,48.052,-0.20050758123397827,0.05782158300280571,0.9753020405769348
1616625355315,2021-03-24T22:36:35.579Z,48.091,-0.20270484685897827,0.06221611425280571,0.9757903218269348
1616625355356,2021-03-24T22:36:35.590Z,48.132,-0.20343726873397827,0.06392510235309601,0.9731047749519348
1616625355396,2021-03-24T22:36:35.592Z,48.172,-0.20246070623397827,0.05538017675280571,0.9721282124519348
1616625355437,2021-03-24T22:36:35.594Z,48.213,-0.20246070623397827,0.06050712987780571,0.9762786030769348
1616625355476,2021-03-24T22:36:35.605Z,48.252,-0.20783179998397827,0.06026298925280571,0.9777434468269348
1616625355517,2021-03-24T22:36:35.607Z,48.293,-0.20514625310897827,0.06001884862780571,0.9765227437019348
1616625355557,2021-03-24T22:36:35.609Z,48.333,-0.20416969060897827,0.05660087987780571,0.9677336812019348
1616625355598,2021-03-24T22:36:35.636Z,48.374,-0.20294898748397827,0.05562431737780571,0.9735930562019348
1616625355637,2021-03-24T22:36:35.638Z,48.413,-0.20148414373397827,0.05953056737780571,0.9709075093269348
1616625355678,2021-03-24T22:36:35.642Z,48.454,-0.20465797185897827,0.06148369237780571,0.9660246968269348
1616625355718,2021-03-24T22:36:35.651Z,48.494,-0.19098609685897827,0.06563408672809601,0.9772551655769348
1616625355759,2021-03-24T22:36:35.654Z,48.535,-0.19562476873397827,0.06636650860309601,0.9662688374519348
1616625355799,2021-03-24T22:36:35.665Z,48.575,-0.20905250310897827,0.04366142675280571,0.9630950093269348
1616625355840,2021-03-24T22:36:35.667Z,48.616,-0.21295875310897827,0.04268486425280571,0.9704192280769348
1616625355881,2021-03-24T22:36:35.669Z,48.657,-0.20124000310897827,0.05367119237780571,0.9733489155769348
1616625355920,2021-03-24T22:36:35.695Z,48.696,-0.19220679998397827,0.06954033672809601,0.9799407124519348
1616625355961,2021-03-24T22:36:35.697Z,48.737,-0.19293922185897827,0.06807549297809601,0.9740813374519348
1616625356001,2021-03-24T22:36:35.699Z,48.777,-0.20319312810897827,0.05611259862780571,0.9774993062019348
1616625356042,2021-03-24T22:36:35.710Z,48.818,-0.20832008123397827,0.03169853612780571,0.9704192280769348
1616625356081,2021-03-24T22:36:35.713Z,48.857,-0.20172828435897827,0.04707939550280571,0.9716399312019348
1616625356122,2021-03-24T22:36:35.715Z,48.898,-0.19684547185897827,0.06978447735309601,0.9753020405769348
1616625356162,2021-03-24T22:36:35.726Z,48.938,-0.19562476873397827,0.07906182110309601,0.9796965718269348
1616625356203,2021-03-24T22:36:35.728Z,48.979,-0.19953101873397827,0.06954033672809601,0.9743254780769348
1616625356242,2021-03-24T22:36:35.740Z,49.018,-0.20075172185897827,0.07002861797809601,0.9762786030769348
1616625356283,2021-03-24T22:36:35.742Z,49.059,-0.20001929998397827,0.06661064922809601,0.9713957905769348
1616625356323,2021-03-24T22:36:35.744Z,49.099,-0.19684547185897827,0.06661064922809601,0.9718840718269348
1616625356364,2021-03-24T22:36:35.770Z,49.14,-0.19049781560897827,0.08199150860309601,0.9738371968269348
1616625356405,2021-03-24T22:36:35.772Z,49.181,-0.20050758123397827,0.07662041485309601,0.9677336812019348
1616625356445,2021-03-24T22:36:35.801Z,49.221,-0.20587867498397827,0.05904228612780571,0.9670012593269348
1616625356486,2021-03-24T22:36:35.803Z,49.262,-0.20343726873397827,0.05464775487780571,0.9740813374519348
1616625356525,2021-03-24T22:36:35.815Z,49.301,-0.20001929998397827,0.05977470800280571,0.9782317280769348
1616625356566,2021-03-24T22:36:35.817Z,49.342,-0.18854469060897827,0.07955010235309601,0.9757903218269348
1616625356606,2021-03-24T22:36:35.819Z,49.382,-0.18976539373397827,0.08223564922809601,0.9726164937019348
1616625356647,2021-03-24T22:36:35.830Z,49.423,-0.19391578435897827,0.07051689922809601,0.9774993062019348
1616625356686,2021-03-24T22:36:35.832Z,49.462,-0.19440406560897827,0.06197197362780571,0.9740813374519348
1616625356727,2021-03-24T22:36:35.834Z,49.503,-0.20490211248397827,0.05367119237780571,0.9711516499519348
1616625356767,2021-03-24T22:36:35.845Z,49.543,-0.19879859685897827,0.05928642675280571,0.9635832905769348
1616625356808,2021-03-24T22:36:35.847Z,49.584,-0.19513648748397827,0.06441338360309601,0.9713957905769348
1616625356847,2021-03-24T22:36:35.849Z,49.623,-0.19660133123397827,0.07051689922809601,0.9826262593269348
1616625356888,2021-03-24T22:36:35.860Z,49.664,-0.19440406560897827,0.07198174297809601,0.9753020405769348
1616625356928,2021-03-24T22:36:35.863Z,49.704,-0.18732398748397827,0.08052666485309601,0.9794524312019348
1616625356969,2021-03-24T22:36:35.865Z,49.745,-0.19415992498397827,0.07613213360309601,0.9709075093269348
1616625357010,2021-03-24T22:36:35.876Z,49.786,-0.20294898748397827,0.07369072735309601,0.9818938374519348
1616625357050,2021-03-24T22:36:35.878Z,49.826,-0.20441383123397827,0.04512627050280571,0.9660246968269348
1616625357091,2021-03-24T22:36:35.890Z,49.867,-0.20221656560897827,0.04756767675280571,0.9706633687019348
1616625357130,2021-03-24T22:36:35.892Z,49.906,-0.19953101873397827,0.05879814550280571,0.9723723530769348
1616625357171,2021-03-24T22:36:35.894Z,49.947,-0.19440406560897827,0.07539971172809601,0.9748137593269348
1616625357211,2021-03-24T22:36:35.905Z,49.987,-0.19293922185897827,0.08003838360309601,0.9784758687019348
1616625357252,2021-03-24T22:36:35.907Z,50.028,-0.19562476873397827,0.07710869610309601,0.9787200093269348
1616625357291,2021-03-24T22:36:35.909Z,50.067,-0.20026344060897827,0.06392510235309601,0.9728606343269348
1616625357332,2021-03-24T22:36:35.920Z,50.108,-0.20148414373397827,0.06490166485309601,0.9738371968269348
1616625357372,2021-03-24T22:36:35.922Z,50.148,-0.19806617498397827,0.06709893047809601,0.9706633687019348
1616625357413,2021-03-24T22:36:35.925Z,50.189,-0.19684547185897827,0.06246025487780571,0.9757903218269348
1616625357452,2021-03-24T22:36:35.936Z,50.228,-0.20294898748397827,0.06783135235309601,0.9814055562019348
1616625357493,2021-03-24T22:36:35.939Z,50.269,-0.20172828435897827,0.06490166485309601,0.9794524312019348
1616625357533,2021-03-24T22:36:35.965Z,50.309,-0.19391578435897827,0.06416924297809601,0.9745696187019348
1616625357574,2021-03-24T22:36:35.967Z,50.35,-0.19098609685897827,0.07295830547809601,0.9638274312019348
1616625357615,2021-03-24T22:36:35.969Z,50.391,-0.19269508123397827,0.07564385235309601,0.9760344624519348
1616625357654,2021-03-24T22:36:35.980Z,50.43,-0.19806617498397827,0.05660087987780571,0.9650481343269348
1616625357695,2021-03-24T22:36:35.983Z,50.471,-0.19635719060897827,0.05855400487780571,0.9687102437019348
1616625357735,2021-03-24T22:36:35.985Z,50.511,-0.19879859685897827,0.05855400487780571,0.9711516499519348
1616625357776,2021-03-24T22:36:35.996Z,50.552,-0.19513648748397827,0.06563408672809601,0.9716399312019348
1616625357816,2021-03-24T22:36:35.998Z,50.592,-0.19049781560897827,0.07613213360309601,0.9704192280769348
1616625357857,2021-03-24T22:36:36.010Z,50.633,-0.19440406560897827,0.07588799297809601,0.9836028218269348
1616625357896,2021-03-24T22:36:36.012Z,50.672,-0.18854469060897827,0.07100518047809601,0.9806731343269348
1616625357937,2021-03-24T22:36:36.014Z,50.713,-0.19123023748397827,0.06612236797809601,0.9711516499519348
1616625357977,2021-03-24T22:36:36.025Z,50.753,-0.19171851873397827,0.06368096172809601,0.9716399312019348
1616625358018,2021-03-24T22:36:36.027Z,50.794,-0.19293922185897827,0.06270439922809601,0.9709075093269348
1616625358057,2021-03-24T22:36:36.029Z,50.833,-0.19586890935897827,0.06905205547809601,0.9767668843269348
1616625358098,2021-03-24T22:36:36.040Z,50.874,-0.19782203435897827,0.06661064922809601,0.9728606343269348
1616625358138,2021-03-24T22:36:36.042Z,50.914,-0.19318336248397827,0.06661064922809601,0.9767668843269348
1616625358179,2021-03-24T22:36:36.045Z,50.955,-0.19342750310897827,0.06807549297809601,0.9652922749519348
1616625358220,2021-03-24T22:36:36.056Z,50.996,-0.19538062810897827,0.07588799297809601,0.9779875874519348
1616625358259,2021-03-24T22:36:36.058Z,51.035,-0.20124000310897827,0.05806572362780571,0.9748137593269348
1616625358300,2021-03-24T22:36:36.060Z,51.076,-0.19879859685897827,0.05733330175280571,0.9709075093269348
1616625358340,2021-03-24T22:36:36.072Z,51.116,-0.19196265935897827,0.06172783300280571,0.9650481343269348
1616625358381,2021-03-24T22:36:36.074Z,51.157,-0.18390601873397827,0.08247978985309601,0.9782317280769348
1616625358421,2021-03-24T22:36:36.100Z,51.197,-0.20270484685897827,0.06270439922809601,0.9799407124519348
1616625358462,2021-03-24T22:36:36.102Z,51.238,-0.20270484685897827,0.05904228612780571,0.9767668843269348
1616625358501,2021-03-24T22:36:36.104Z,51.277,-0.19367164373397827,0.06001884862780571,0.9604094624519348
1616625358542,2021-03-24T22:36:36.115Z,51.318,-0.19611304998397827,0.06392510235309601,0.9662688374519348
1616625358582,2021-03-24T22:36:36.118Z,51.358,-0.19367164373397827,0.07515557110309601,0.9840911030769348
1616625358623,2021-03-24T22:36:36.130Z,51.399,-0.19562476873397827,0.07906182110309601,0.9794524312019348
1616625358662,2021-03-24T22:36:36.132Z,51.438,-0.19098609685897827,0.07344658672809601,0.9718840718269348
1616625358703,2021-03-24T22:36:36.134Z,51.479,-0.19440406560897827,0.07198174297809601,0.9821379780769348
1616625358744,2021-03-24T22:36:36.145Z,51.52,-0.21149390935897827,0.05025322362780571,0.9694426655769348
1616625358784,2021-03-24T22:36:36.147Z,51.56,-0.19293922185897827,0.06050712987780571,0.9677336812019348
1616625358825,2021-03-24T22:36:36.149Z,51.601,-0.19513648748397827,0.06807549297809601,0.9774993062019348
1616625358864,2021-03-24T22:36:36.160Z,51.64,-0.21051734685897827,0.04805595800280571,0.9745696187019348
1616625358905,2021-03-24T22:36:36.163Z,51.681,-0.19708961248397827,0.06514580547809601,0.9772551655769348
1616625358945,2021-03-24T22:36:36.165Z,51.721,-0.19074195623397827,0.07686455547809601,0.9701750874519348
1616625358986,2021-03-24T22:36:36.191Z,51.762,-0.19342750310897827,0.07613213360309601,0.9677336812019348
1616625359026,2021-03-24T22:36:36.193Z,51.802,-0.19245094060897827,0.07881768047809601,0.9748137593269348
1616625359067,2021-03-24T22:36:36.195Z,51.843,-0.20075172185897827,0.05904228612780571,0.9750578999519348
1616625359106,2021-03-24T22:36:36.207Z,51.882,-0.19098609685897827,0.07173760235309601,0.9782317280769348
1616625359147,2021-03-24T22:36:36.209Z,51.923,-0.19318336248397827,0.06416924297809601,0.9701750874519348
1616625359187,2021-03-24T22:36:36.220Z,51.963,-0.19562476873397827,0.06441338360309601,0.9757903218269348
1616625359228,2021-03-24T22:36:36.222Z,52.004,-0.20050758123397827,0.06319268047809601,0.9762786030769348
1616625359269,2021-03-24T22:36:36.224Z,52.045,-0.19855445623397827,0.06270439922809601,0.9745696187019348
1616625359308,2021-03-24T22:36:36.250Z,52.084,-0.20026344060897827,0.05830986425280571,0.9713957905769348
1616625359349,2021-03-24T22:36:36.252Z,52.125,-0.20465797185897827,0.06001884862780571,0.9662688374519348
1616625359389,2021-03-24T22:36:36.254Z,52.165,-0.20246070623397827,0.06001884862780571,0.9743254780769348
1616625359430,2021-03-24T22:36:36.266Z,52.206,-0.19318336248397827,0.07930596172809601,0.9740813374519348
1616625359469,2021-03-24T22:36:36.268Z,52.245,-0.20416969060897827,0.08247978985309601,0.9765227437019348
1616625359510,2021-03-24T22:36:36.270Z,52.286,-0.20832008123397827,0.04219658300280571,0.9677336812019348
1616625359550,2021-03-24T22:36:36.281Z,52.326,-0.19269508123397827,0.06563408672809601,0.9765227437019348
1616625359591,2021-03-24T22:36:36.325Z,52.367,-0.19586890935897827,0.06026298925280571,0.9757903218269348
1616625359631,2021-03-24T22:36:36.328Z,52.407,-0.19611304998397827,0.06392510235309601,0.9745696187019348
1616625359672,2021-03-24T22:36:36.330Z,52.448,-0.19660133123397827,0.06905205547809601,0.9753020405769348
1616625359711,2021-03-24T22:36:36.341Z,52.487,-0.19757789373397827,0.06099541112780571,0.9745696187019348
1616625359752,2021-03-24T22:36:36.343Z,52.528,-0.19831031560897827,0.05757744237780571,0.9604094624519348
1616625359793,2021-03-24T22:36:36.355Z,52.569,-0.18585914373397827,0.07295830547809601,0.9696868062019348
1616625359833,2021-03-24T22:36:36.357Z,52.609,-0.19806617498397827,0.07076103985309601,0.9711516499519348
1616625359874,2021-03-24T22:36:36.359Z,52.65,-0.21124976873397827,0.06514580547809601,0.9662688374519348
1616625359913,2021-03-24T22:36:36.370Z,52.689,-0.19245094060897827,0.07124932110309601,0.9823821187019348
1616625359954,2021-03-24T22:36:36.372Z,52.73,-0.20978492498397827,0.05904228612780571,0.9716399312019348
1616625359994,2021-03-24T22:36:36.374Z,52.77,-0.19977515935897827,0.06416924297809601,0.9889739155769348
1616625360035,2021-03-24T22:36:36.385Z,52.811,-0.20490211248397827,0.08150322735309601,0.9682219624519348
1616625360074,2021-03-24T22:36:36.388Z,52.85,-0.20319312810897827,0.08638603985309601,0.9794524312019348
1616625360115,2021-03-24T22:36:36.390Z,52.891,-0.20001929998397827,0.06441338360309601,0.9733489155769348
1616625360155,2021-03-24T22:36:36.401Z,52.931,-0.20294898748397827,0.06880791485309601,0.9799407124519348
1616625360196,2021-03-24T22:36:36.403Z,52.972,-0.19342750310897827,0.07295830547809601,0.9743254780769348
1616625360236,2021-03-24T22:36:36.405Z,53.012,-0.18927711248397827,0.07588799297809601,0.9709075093269348
1616625360277,2021-03-24T22:36:36.417Z,53.053,-0.19806617498397827,0.06734307110309601,0.9694426655769348
1616625360316,2021-03-24T22:36:36.419Z,53.092,-0.19586890935897827,0.05928642675280571,0.9696868062019348
1616625360357,2021-03-24T22:36:36.430Z,53.133,-0.19782203435897827,0.05635673925280571,0.9679778218269348
1616625360397,2021-03-24T22:36:36.432Z,53.173,-0.19611304998397827,0.05440361425280571,0.9782317280769348
1616625360438,2021-03-24T22:36:36.434Z,53.214,-0.20270484685897827,0.06368096172809601,0.9831145405769348
1616625360479,2021-03-24T22:36:36.445Z,53.255,-0.20246070623397827,0.06050712987780571,0.9774993062019348
1616625360518,2021-03-24T22:36:36.447Z,53.294,-0.19098609685897827,0.07222588360309601,0.9706633687019348
1616625360559,2021-03-24T22:36:36.449Z,53.335,-0.19220679998397827,0.06880791485309601,0.9682219624519348
1616625360599,2021-03-24T22:36:36.461Z,53.375,-0.19318336248397827,0.06807549297809601,0.9738371968269348
1616625360640,2021-03-24T22:36:36.463Z,53.416,-0.19171851873397827,0.07832939922809601,0.9762786030769348
1616625360679,2021-03-24T22:36:36.465Z,53.455,-0.20832008123397827,0.06563408672809601,0.9652922749519348
1616625360720,2021-03-24T22:36:36.477Z,53.496,-0.20587867498397827,0.04390556737780571,0.9723723530769348
1616625360760,2021-03-24T22:36:36.479Z,53.536,-0.20124000310897827,0.05660087987780571,0.9772551655769348
1616625360801,2021-03-24T22:36:36.490Z,53.577,-0.19464820623397827,0.07393486797809601,0.9782317280769348
1616625360841,2021-03-24T22:36:36.492Z,53.617,-0.19708961248397827,0.06905205547809601,0.9682219624519348
1616625360882,2021-03-24T22:36:36.494Z,53.658,-0.19269508123397827,0.07076103985309601,0.9706633687019348
1616625360921,2021-03-24T22:36:36.506Z,53.697,-0.19293922185897827,0.06880791485309601,0.9787200093269348
1616625360962,2021-03-24T22:36:36.508Z,53.738,-0.19440406560897827,0.05953056737780571,0.9704192280769348
1616625361003,2021-03-24T22:36:36.510Z,53.779,-0.19635719060897827,0.06392510235309601,0.9735930562019348
1616625361043,2021-03-24T22:36:36.522Z,53.819,-0.19806617498397827,0.06075127050280571,0.9718840718269348
1616625361084,2021-03-24T22:36:36.524Z,53.86,-0.19171851873397827,0.06661064922809601,0.9760344624519348
1616625361123,2021-03-24T22:36:36.535Z,53.899,-0.19318336248397827,0.06905205547809601,0.9755461812019348
1616625361164,2021-03-24T22:36:36.537Z,53.94,-0.19733375310897827,0.06319268047809601,0.9699309468269348
1616625361204,2021-03-24T22:36:36.539Z,53.98,-0.20026344060897827,0.05367119237780571,0.9704192280769348
1616625361245,2021-03-24T22:36:36.550Z,54.021,-0.19538062810897827,0.08370049297809601,0.9836028218269348
1616625361284,2021-03-24T22:36:36.552Z,54.06,-0.19293922185897827,0.08663018047809601,0.9699309468269348
1616625361325,2021-03-24T22:36:36.555Z,54.101,-0.20368140935897827,0.06880791485309601,0.9762786030769348
1616625361365,2021-03-24T22:36:36.567Z,54.141,-0.19928687810897827,0.06441338360309601,0.9792082905769348
1616625361406,2021-03-24T22:36:36.569Z,54.182,-0.19049781560897827,0.06246025487780571,0.9684661030769348
1616625361445,2021-03-24T22:36:36.580Z,54.221,-0.19855445623397827,0.07076103985309601,0.9660246968269348
1616625361487,2021-03-24T22:36:36.582Z,54.263,-0.20563453435897827,0.05733330175280571,0.9770110249519348
1616625361526,2021-03-24T22:36:36.584Z,54.302,-0.19147437810897827,0.07832939922809601,0.9738371968269348
1616625361567,2021-03-24T22:36:36.595Z,54.343,-0.18537086248397827,0.07784111797809601,0.9709075093269348
1616625361608,2021-03-24T22:36:36.598Z,54.384,-0.21686500310897827,0.05586845800280571,0.9726164937019348
1616625361648,2021-03-24T22:36:36.599Z,54.424,-0.18952125310897827,0.07344658672809601,0.9814055562019348
1616625361689,2021-03-24T22:36:36.611Z,54.465,-0.18488258123397827,0.07271416485309601,0.9779875874519348
1616625361728,2021-03-24T22:36:36.613Z,54.504,-0.20075172185897827,0.05904228612780571,0.9660246968269348
1616625361769,2021-03-24T22:36:36.615Z,54.545,-0.20197242498397827,0.06294853985309601,0.9716399312019348
1616625361809,2021-03-24T22:36:36.627Z,54.585,-0.19269508123397827,0.05538017675280571,0.9726164937019348
1616625361850,2021-03-24T22:36:36.629Z,54.626,-0.18927711248397827,0.07784111797809601,0.9774993062019348
1616625361889,2021-03-24T22:36:36.655Z,54.665,-0.19611304998397827,0.06954033672809601,0.9757903218269348
1616625361930,2021-03-24T22:36:36.657Z,54.706,-0.20416969060897827,0.04537041112780571,0.9696868062019348
1616625361970,2021-03-24T22:36:36.659Z,54.746,-0.19415992498397827,0.06612236797809601,0.9772551655769348
1616625362011,2021-03-24T22:36:36.670Z,54.787,-0.19367164373397827,0.06685478985309601,0.9750578999519348
1616625362052,2021-03-24T22:36:36.673Z,54.828,-0.19660133123397827,0.06856377422809601,0.9748137593269348
1616625362091,2021-03-24T22:36:36.674Z,54.867,-0.19440406560897827,0.08467705547809601,0.9748137593269348
1616625362133,2021-03-24T22:36:36.686Z,54.909,-0.19879859685897827,0.07027275860309601,0.9755461812019348
1616625362172,2021-03-24T22:36:36.688Z,54.948,-0.20026344060897827,0.04903252050280571,0.9689543843269348
1616625362213,2021-03-24T22:36:36.690Z,54.989,-0.19928687810897827,0.05171806737780571,0.9704192280769348
1616625362253,2021-03-24T22:36:36.701Z,55.029,-0.20075172185897827,0.06538994610309601,0.9770110249519348
1616625362294,2021-03-24T22:36:36.704Z,55.07,-0.19025367498397827,0.08467705547809601,0.9782317280769348
1616625362333,2021-03-24T22:36:36.715Z,55.109,-0.20050758123397827,0.06246025487780571,0.9740813374519348
1616625362374,2021-03-24T22:36:36.717Z,55.15,-0.20563453435897827,0.04292900487780571,0.9706633687019348
1616625362414,2021-03-24T22:36:36.719Z,55.19,-0.19708961248397827,0.05611259862780571,0.9718840718269348
1616625362455,2021-03-24T22:36:36.746Z,55.231,-0.20075172185897827,0.05904228612780571,0.9662688374519348
1616625362494,2021-03-24T22:36:36.747Z,55.27,-0.18341773748397827,0.08174736797809601,0.9796965718269348
1616625362535,2021-03-24T22:36:36.750Z,55.311,-0.21808570623397827,0.04756767675280571,0.9767668843269348
1616625362575,2021-03-24T22:36:36.761Z,55.351,-0.18366187810897827,0.08150322735309601,0.9679778218269348
1616625362616,2021-03-24T22:36:36.764Z,55.392,-0.20319312810897827,0.07979424297809601,0.9740813374519348
1616625362657,2021-03-24T22:36:36.775Z,55.433,-0.18634742498397827,0.08638603985309601,0.9774993062019348
1616625362696,2021-03-24T22:36:36.777Z,55.472,-0.20197242498397827,0.04878837987780571,0.9691985249519348
1616625362737,2021-03-24T22:36:36.805Z,55.513,-0.22418922185897827,0.03560478612780571,0.9704192280769348
1616625362777,2021-03-24T22:36:36.807Z,55.553,-0.20832008123397827,0.04878837987780571,0.9723723530769348
1616625362818,2021-03-24T22:36:36.810Z,55.594,-0.19855445623397827,0.06734307110309601,0.9762786030769348
1616625362858,2021-03-24T22:36:36.821Z,55.634,-0.19513648748397827,0.07271416485309601,0.9823821187019348
1616625362899,2021-03-24T22:36:36.823Z,55.675,-0.19123023748397827,0.07076103985309601,0.9767668843269348
1616625362938,2021-03-24T22:36:36.825Z,55.714,-0.19464820623397827,0.06123955175280571,0.9677336812019348
1616625362979,2021-03-24T22:36:36.837Z,55.755,-0.19904273748397827,0.05879814550280571,0.9679778218269348
1616625363019,2021-03-24T22:36:36.839Z,55.795,-0.20539039373397827,0.05977470800280571,0.9757903218269348
1616625363060,2021-03-24T22:36:36.850Z,55.836,-0.20587867498397827,0.06368096172809601,0.9677336812019348
1616625363099,2021-03-24T22:36:36.852Z,55.875,-0.20026344060897827,0.07002861797809601,0.9723723530769348
1616625363140,2021-03-24T22:36:36.854Z,55.916,-0.20709937810897827,0.04781181737780571,0.9757903218269348
1616625363181,2021-03-24T22:36:36.865Z,55.957,-0.19440406560897827,0.07466728985309601,0.9799407124519348
1616625363221,2021-03-24T22:36:36.867Z,55.997,-0.19782203435897827,0.05147392675280571,0.9691985249519348
1616625363262,2021-03-24T22:36:36.869Z,56.038,-0.20148414373397827,0.05684502050280571,0.9682219624519348
1616625363301,2021-03-24T22:36:36.882Z,56.077,-0.19879859685897827,0.07857353985309601,0.9796965718269348
1616625363342,2021-03-24T22:36:36.883Z,56.118,-0.20709937810897827,0.05171806737780571,0.9596770405769348
1616625363382,2021-03-24T22:36:36.885Z,56.158,-0.19171851873397827,0.06831963360309601,0.9738371968269348
1616625363423,2021-03-24T22:36:36.896Z,56.199,-0.20441383123397827,0.05635673925280571,0.9718840718269348
1616625363463,2021-03-24T22:36:36.899Z,56.239,-0.19806617498397827,0.07271416485309601,0.9794524312019348
1616625363504,2021-03-24T22:36:36.910Z,56.28,-0.19684547185897827,0.07417900860309601,0.9750578999519348
1616625363543,2021-03-24T22:36:36.912Z,56.319,-0.20026344060897827,0.07710869610309601,0.9809172749519348
1616625363584,2021-03-24T22:36:36.914Z,56.36,-0.20807594060897827,0.08199150860309601,0.9833586812019348
1616625363624,2021-03-24T22:36:36.925Z,56.4,-0.20197242498397827,0.06270439922809601,0.9643157124519348
1616625363665,2021-03-24T22:36:36.927Z,56.441,-0.19293922185897827,0.04976494237780571,0.9589446187019348
1616625363704,2021-03-24T22:36:36.929Z,56.48,-0.18805640935897827,0.05977470800280571,0.9670012593269348
1616625363745,2021-03-24T22:36:36.941Z,56.521,-0.19611304998397827,0.05855400487780571,0.9750578999519348
1616625363786,2021-03-24T22:36:36.943Z,56.562,-0.19831031560897827,0.06270439922809601,0.9750578999519348
1616625363826,2021-03-24T22:36:36.945Z,56.602,-0.20270484685897827,0.06123955175280571,0.9748137593269348
1616625363867,2021-03-24T22:36:36.956Z,56.643,-0.19855445623397827,0.05708916112780571,0.9743254780769348
1616625363906,2021-03-24T22:36:36.959Z,56.682,-0.20343726873397827,0.06441338360309601,0.9760344624519348
1616625363947,2021-03-24T22:36:36.970Z,56.723,-0.20343726873397827,0.05708916112780571,0.9713957905769348
1616625363987,2021-03-24T22:36:36.972Z,56.763,-0.20221656560897827,0.06929619610309601,0.9713957905769348
1616625364028,2021-03-24T22:36:36.974Z,56.804,-0.20416969060897827,0.06490166485309601,0.9782317280769348
1616625364068,2021-03-24T22:36:36.985Z,56.844,-0.20490211248397827,0.06294853985309601,0.9770110249519348
1616625364109,2021-03-24T22:36:36.987Z,56.885,-0.20148414373397827,0.06172783300280571,0.9728606343269348
1616625364148,2021-03-24T22:36:36.989Z,56.924,-0.19928687810897827,0.06685478985309601,0.9699309468269348
1616625364189,2021-03-24T22:36:37.000Z,56.965,-0.20075172185897827,0.06148369237780571,0.9689543843269348
1616625364229,2021-03-24T22:36:37.003Z,57.005,-0.20026344060897827,0.05586845800280571,0.9682219624519348
1616625364270,2021-03-24T22:36:37.005Z,57.046,-0.20197242498397827,0.04927666112780571,0.9687102437019348
1616625364311,2021-03-24T22:36:37.016Z,57.087,-0.19806617498397827,0.06221611425280571,0.9760344624519348
1616625364350,2021-03-24T22:36:37.018Z,57.126,-0.20221656560897827,0.05147392675280571,0.9721282124519348
1616625364391,2021-03-24T22:36:37.030Z,57.167,-0.19977515935897827,0.06001884862780571,0.9721282124519348
1616625364431,2021-03-24T22:36:37.032Z,57.207,-0.19733375310897827,0.06465752422809601,0.9772551655769348
1616625364472,2021-03-24T22:36:37.034Z,57.248,-0.19342750310897827,0.07002861797809601,0.9811614155769348
1616625364511,2021-03-24T22:36:37.045Z,57.287,-0.20148414373397827,0.06831963360309601,0.9757903218269348
1616625364552,2021-03-24T22:36:37.047Z,57.328,-0.19660133123397827,0.05611259862780571,0.9682219624519348
1616625364592,2021-03-24T22:36:37.049Z,57.368,-0.20905250310897827,0.05611259862780571,0.9711516499519348
1616625364633,2021-03-24T22:36:37.075Z,57.409,-0.19269508123397827,0.06075127050280571,0.9735930562019348
1616625364673,2021-03-24T22:36:37.077Z,57.449,-0.20612281560897827,0.05830986425280571,0.9740813374519348
1616625364714,2021-03-24T22:36:37.080Z,57.49,-0.18488258123397827,0.07247002422809601,0.9735930562019348
1616625364753,2021-03-24T22:36:37.091Z,57.529,-0.19440406560897827,0.06905205547809601,0.9740813374519348
1616625364794,2021-03-24T22:36:37.093Z,57.57,-0.21564429998397827,0.04854423925280571,0.9726164937019348
1616625364834,2021-03-24T22:36:37.120Z,57.61,-0.17194312810897827,0.07247002422809601,0.9836028218269348
1616625364875,2021-03-24T22:36:37.123Z,57.651,-0.21222633123397827,0.04585869237780571,0.9606536030769348
1616625364916,2021-03-24T22:36:37.124Z,57.692,-0.19025367498397827,0.06978447735309601,0.9772551655769348
1616625364955,2021-03-24T22:36:37.137Z,57.731,-0.20246070623397827,0.05122978612780571,0.9711516499519348
1616625364996,2021-03-24T22:36:37.137Z,57.772,-0.20026344060897827,0.05782158300280571,0.9745696187019348
1616625365036,2021-03-24T22:36:37.139Z,57.812,-0.19831031560897827,0.05440361425280571,0.9735930562019348
1616625365077,2021-03-24T22:36:37.150Z,57.853,-0.19171851873397827,0.06246025487780571,0.9704192280769348
1616625365116,2021-03-24T22:36:37.153Z,57.892,-0.20587867498397827,0.05684502050280571,0.9726164937019348
1616625365157,2021-03-24T22:36:37.165Z,57.933,-0.19684547185897827,0.05708916112780571,0.9767668843269348
1616625365197,2021-03-24T22:36:37.167Z,57.973,-0.20148414373397827,0.06099541112780571,0.9738371968269348
1616625365238,2021-03-24T22:36:37.169Z,58.014,-0.19708961248397827,0.06148369237780571,0.9789641499519348
1616625365278,2021-03-24T22:36:37.180Z,58.054,-0.19782203435897827,0.06368096172809601,0.9745696187019348
1616625365319,2021-03-24T22:36:37.182Z,58.095,-0.19684547185897827,0.06514580547809601,0.9713957905769348
1616625365358,2021-03-24T22:36:37.184Z,58.134,-0.20343726873397827,0.06050712987780571,0.9731047749519348
1616625365399,2021-03-24T22:36:37.210Z,58.175,-0.20050758123397827,0.05708916112780571,0.9726164937019348
1616625365440,2021-03-24T22:36:37.213Z,58.216,-0.20514625310897827,0.05635673925280571,0.9765227437019348
1616625365480,2021-03-24T22:36:37.215Z,58.256,-0.19611304998397827,0.06343682110309601,0.9672453999519348
1616625365521,2021-03-24T22:36:37.226Z,58.297,-0.20734351873397827,0.07369072735309601,0.9836028218269348
1616625365560,2021-03-24T22:36:37.228Z,58.336,-0.20587867498397827,0.05098564550280571,0.9753020405769348
1616625365601,2021-03-24T22:36:37.230Z,58.377,-0.20368140935897827,0.05538017675280571,0.9762786030769348
1616625365641,2021-03-24T22:36:37.242Z,58.417,-0.20148414373397827,0.05830986425280571,0.9767668843269348
1616625365682,2021-03-24T22:36:37.244Z,58.458,-0.20124000310897827,0.06709893047809601,0.9731047749519348
1616625365721,2021-03-24T22:36:37.255Z,58.497,-0.19977515935897827,0.06538994610309601,0.9731047749519348
1616625365762,2021-03-24T22:36:37.257Z,58.538,-0.20099586248397827,0.06587822735309601,0.9738371968269348
1616625365802,2021-03-24T22:36:37.259Z,58.578,-0.20148414373397827,0.05611259862780571,0.9757903218269348
1616625365843,2021-03-24T22:36:37.270Z,58.619,-0.20343726873397827,0.05733330175280571,0.9779875874519348
1616625365884,2021-03-24T22:36:37.272Z,58.66,-0.20221656560897827,0.05318291112780571,0.9772551655769348
1616625365924,2021-03-24T22:36:37.301Z,58.7,-0.20416969060897827,0.04903252050280571,0.9709075093269348
1616625365965,2021-03-24T22:36:37.303Z,58.741,-0.20661109685897827,0.04268486425280571,0.9687102437019348
1616625366004,2021-03-24T22:36:37.315Z,58.78,-0.20539039373397827,0.04146416112780571,0.9701750874519348
1616625366045,2021-03-24T22:36:37.317Z,58.821,-0.20294898748397827,0.04219658300280571,0.9723723530769348
1616625366085,2021-03-24T22:36:37.319Z,58.861,-0.19440406560897827,0.05464775487780571,0.9699309468269348
1616625366126,2021-03-24T22:36:37.330Z,58.902,-0.20099586248397827,0.04830009862780571,0.9704192280769348
1616625366165,2021-03-24T22:36:37.333Z,58.941,-0.20709937810897827,0.04097587987780571,0.9696868062019348
1616625366206,2021-03-24T22:36:37.335Z,58.982,-0.20148414373397827,0.04903252050280571,0.9706633687019348
1616625366246,2021-03-24T22:36:37.361Z,59.022,-0.19733375310897827,0.05196220800280571,0.9765227437019348
1616625366287,2021-03-24T22:36:37.363Z,59.063,-0.19831031560897827,0.06270439922809601,0.9731047749519348
1616625366326,2021-03-24T22:36:37.375Z,59.102,-0.20539039373397827,0.06026298925280571,0.9716399312019348
1616625366367,2021-03-24T22:36:37.377Z,59.143,-0.20612281560897827,0.05562431737780571,0.9779875874519348
1616625366408,2021-03-24T22:36:37.379Z,59.184,-0.20148414373397827,0.05928642675280571,0.9772551655769348
1616625366448,2021-03-24T22:36:37.390Z,59.224,-0.20075172185897827,0.05708916112780571,0.9711516499519348
1616625366489,2021-03-24T22:36:37.392Z,59.265,-0.20709937810897827,0.04878837987780571,0.9721282124519348
1616625366529,2021-03-24T22:36:37.394Z,59.305,-0.20221656560897827,0.05000908300280571,0.9743254780769348
1616625366570,2021-03-24T22:36:37.405Z,59.346,-0.20465797185897827,0.04756767675280571,0.9753020405769348
1616625366609,2021-03-24T22:36:37.408Z,59.385,-0.19831031560897827,0.05977470800280571,0.9713957905769348
1616625366650,2021-03-24T22:36:37.435Z,59.426,-0.20392554998397827,0.04976494237780571,0.9772551655769348
1616625366690,2021-03-24T22:36:37.437Z,59.466,-0.18683570623397827,0.06636650860309601,0.9670012593269348
1616625366731,2021-03-24T22:36:37.439Z,59.507,-0.21247047185897827,0.05977470800280571,0.9823821187019348
1616625366770,2021-03-24T22:36:37.450Z,59.546,-0.19953101873397827,0.04659111425280571,0.9691985249519348
1616625366811,2021-03-24T22:36:37.452Z,59.587,-0.20172828435897827,0.05562431737780571,0.9735930562019348
1616625366852,2021-03-24T22:36:37.454Z,59.628,-0.20099586248397827,0.05440361425280571,0.9704192280769348
1616625366892,2021-03-24T22:36:37.465Z,59.668,-0.19928687810897827,0.06075127050280571,0.9735930562019348
1616625366933,2021-03-24T22:36:37.468Z,59.709,-0.18854469060897827,0.07271416485309601,0.9779875874519348
1616625366972,2021-03-24T22:36:37.470Z,59.748,-0.19928687810897827,0.06709893047809601,0.9765227437019348
1616625367013,2021-03-24T22:36:37.481Z,59.789,-0.21076148748397827,0.03755791112780571,0.9691985249519348
1616625367053,2021-03-24T22:36:37.483Z,59.829,-0.21857398748397827,0.03609306737780571,0.9657805562019348
1616625367094,2021-03-24T22:36:37.495Z,59.87,-0.20734351873397827,0.05269462987780571,0.9777434468269348
1616625367133,2021-03-24T22:36:37.496Z,59.909,-0.19171851873397827,0.06831963360309601,0.9713957905769348
1616625367175,2021-03-24T22:36:37.499Z,59.951,-0.18585914373397827,0.07539971172809601,0.9767668843269348
1616625367214,2021-03-24T22:36:37.510Z,59.99,-0.20099586248397827,0.05928642675280571,0.9721282124519348
1616625367255,2021-03-24T22:36:37.512Z,60.031,-0.18439429998397827,0.07393486797809601,0.9792082905769348
1616625367295,2021-03-24T22:36:37.514Z,60.071,-0.19879859685897827,0.08052666485309601,0.9543059468269348
1616625367336,2021-03-24T22:36:37.525Z,60.112,-0.24274390935897827,0.02266533486545086,0.9621184468269348
1616625367377,2021-03-24T22:36:37.529Z,60.153,-0.22687476873397827,0.02193291299045086,0.9713957905769348
1616625367416,2021-03-24T22:36:37.531Z,60.192,-0.25055640935897827,0.02583916299045086,0.9709075093269348
1616625367457,2021-03-24T22:36:37.541Z,60.233,-0.23761695623397827,0.03999931737780571,0.9630950093269348
1616625367497,2021-03-24T22:36:37.543Z,60.273,-0.24201148748397827,0.05562431737780571,0.9670012593269348
1616625367538,2021-03-24T22:36:37.545Z,60.314,-0.24542945623397827,0.05122978612780571,0.9591887593269348
1616625367577,2021-03-24T22:36:37.556Z,60.353,-0.23346656560897827,0.05879814550280571,0.9643157124519348
1616625367618,2021-03-24T22:36:37.559Z,60.394,-0.24030250310897827,0.04659111425280571,0.9611418843269348
1616625367658,2021-03-24T22:36:37.570Z,60.434,-0.26081031560897827,0.05757744237780571,0.9682219624519348
1616625367699,2021-03-24T22:36:37.571Z,60.475,-0.22614234685897827,0.08516533672809601,0.9667571187019348
1616625367738,2021-03-24T22:36:37.574Z,60.514,-0.21466773748397827,0.09468682110309601,0.9711516499519348
1616625367779,2021-03-24T22:36:37.585Z,60.555,-0.24884742498397827,0.05538017675280571,0.9811614155769348
1616625367819,2021-03-24T22:36:37.587Z,60.595,-0.24518531560897827,0.06099541112780571,0.9623625874519348
1616625367860,2021-03-24T22:36:37.589Z,60.636,-0.24005836248397827,0.03023369424045086,0.9572356343269348
1616625367901,2021-03-24T22:36:37.600Z,60.677,-0.23932594060897827,0.06246025487780571,0.9670012593269348
1616625367941,2021-03-24T22:36:37.602Z,60.717,-0.20587867498397827,0.07906182110309601,0.9696868062019348
1616625367982,2021-03-24T22:36:37.604Z,60.758,-0.23859351873397827,0.05415947362780571,0.9716399312019348
1616625368021,2021-03-24T22:36:37.631Z,60.797,-0.24152320623397827,0.03340752050280571,0.9650481343269348
1616625368062,2021-03-24T22:36:37.633Z,60.838,-0.20783179998397827,0.07247002422809601,0.9660246968269348
1616625368102,2021-03-24T22:36:37.635Z,60.878,-0.21808570623397827,0.06221611425280571,0.9633391499519348
1616625368143,2021-03-24T22:36:37.646Z,60.919,-0.23786109685897827,0.03267509862780571,0.9745696187019348
1616625368182,2021-03-24T22:36:37.649Z,60.958,-0.23664039373397827,0.02193291299045086,0.9574797749519348
1616625368223,2021-03-24T22:36:37.675Z,60.999,-0.22077125310897827,0.03755791112780571,0.9484465718269348
1616625368263,2021-03-24T22:36:37.677Z,61.039,-0.16071265935897827,0.08614189922809601,0.9350188374519348
1616625368304,2021-03-24T22:36:37.679Z,61.08,-0.19757789373397827,0.03218681737780571,1.0226653814315796
1616625368343,2021-03-24T22:36:37.690Z,61.119,-0.40119117498397827,-0.00101630634162575,0.9706633687019348
1616625368384,2021-03-24T22:36:37.692Z,61.16,-0.18170875310897827,0.05440361425280571,0.9372161030769348
1616625368424,2021-03-24T22:36:37.694Z,61.2,-0.17267554998397827,0.08711846172809601,0.9889739155769348
1616625368465,2021-03-24T22:36:37.706Z,61.241,-0.18927711248397827,0.11421807110309601,1.0045989751815796
1616625368506,2021-03-24T22:36:37.708Z,61.282,-0.21393531560897827,0.05245048925280571,0.9694426655769348
1616625368546,2021-03-24T22:36:37.710Z,61.322,-0.21540015935897827,0.007772756274789572,0.9430754780769348
1616625368587,2021-03-24T22:36:37.721Z,61.363,-0.23859351873397827,0.07320244610309601,0.9486907124519348
1616625368626,2021-03-24T22:36:37.723Z,61.402,-0.23493140935897827,0.08492119610309601,0.9882414937019348
1616625368667,2021-03-24T22:36:37.735Z,61.443,-0.23419898748397827,0.04805595800280571,0.9721282124519348
1616625368707,2021-03-24T22:36:37.737Z,61.483,-0.22858375310897827,0.04390556737780571,0.9718840718269348
1616625368748,2021-03-24T22:36:37.739Z,61.524,-0.22125953435897827,0.05025322362780571,0.9728606343269348
1616625368787,2021-03-24T22:36:37.765Z,61.563,-0.21979469060897827,0.05074150487780571,0.9706633687019348
1616625368828,2021-03-24T22:36:37.767Z,61.604,-0.21588844060897827,0.04976494237780571,0.9682219624519348
1616625368868,2021-03-24T22:36:37.769Z,61.644,-0.21662086248397827,0.05611259862780571,0.9645598530769348
1616625368909,2021-03-24T22:36:37.780Z,61.685,-0.22418922185897827,0.05269462987780571,0.9643157124519348
1616625368948,2021-03-24T22:36:37.782Z,61.724,-0.21710914373397827,0.05586845800280571,0.9667571187019348
1616625368989,2021-03-24T22:36:37.785Z,61.765,-0.22028297185897827,0.05415947362780571,0.9691985249519348
1616625369029,2021-03-24T22:36:37.796Z,61.805,-0.22125953435897827,0.05025322362780571,0.9696868062019348
1616625369070,2021-03-24T22:36:37.828Z,61.846,-0.21881812810897827,0.04903252050280571,0.9699309468269348
1616625369110,2021-03-24T22:36:37.829Z,61.886,-0.22052711248397827,0.05074150487780571,0.9687102437019348
1616625369151,2021-03-24T22:36:37.831Z,61.927,-0.22394508123397827,0.05196220800280571,0.9674895405769348
1616625369192,2021-03-24T22:36:37.857Z,61.968,-0.22394508123397827,0.05025322362780571,0.9689543843269348
1616625369231,2021-03-24T22:36:37.859Z,62.007,-0.22418922185897827,0.05391533300280571,0.9718840718269348
1616625369272,2021-03-24T22:36:37.870Z,62.048,-0.21759742498397827,0.05806572362780571,0.9633391499519348
1616625369312,2021-03-24T22:36:37.872Z,62.088,-0.22077125310897827,0.06490166485309601,0.9748137593269348
1616625369353,2021-03-24T22:36:37.874Z,62.129,-0.22907203435897827,0.04122002050280571,0.9667571187019348
1616625369392,2021-03-24T22:36:37.885Z,62.168,-0.22174781560897827,0.04952080175280571,0.9677336812019348
1616625369433,2021-03-24T22:36:37.887Z,62.209,-0.21979469060897827,0.05660087987780571,0.9694426655769348
1616625369473,2021-03-24T22:36:37.889Z,62.249,-0.22028297185897827,0.06123955175280571,0.9713957905769348
1616625369514,2021-03-24T22:36:37.901Z,62.29,-0.22345679998397827,0.05464775487780571,0.9699309468269348
1616625369553,2021-03-24T22:36:37.903Z,62.329,-0.22003883123397827,0.05171806737780571,0.9696868062019348
1616625369594,2021-03-24T22:36:37.905Z,62.37,-0.22345679998397827,0.04585869237780571,0.9670012593269348
1616625369634,2021-03-24T22:36:37.916Z,62.41,-0.21979469060897827,0.04976494237780571,0.9684661030769348
1616625369675,2021-03-24T22:36:37.919Z,62.451,-0.22370094060897827,0.04927666112780571,0.9723723530769348
1616625369715,2021-03-24T22:36:37.930Z,62.491,-0.22199195623397827,0.04707939550280571,0.9660246968269348
1616625369756,2021-03-24T22:36:37.932Z,62.532,-0.22589820623397827,0.05171806737780571,0.9691985249519348
1616625369797,2021-03-24T22:36:37.934Z,62.573,-0.22345679998397827,0.05049736425280571,0.9687102437019348
1616625369836,2021-03-24T22:36:37.947Z,62.612,-0.22223609685897827,0.04903252050280571,0.9689543843269348
1616625369877,2021-03-24T22:36:37.949Z,62.653,-0.21759742498397827,0.05538017675280571,0.9691985249519348
1616625369917,2021-03-24T22:36:37.949Z,62.693,-0.22614234685897827,0.04830009862780571,0.9711516499519348
1616625369958,2021-03-24T22:36:37.960Z,62.734,-0.22663062810897827,0.05440361425280571,0.9701750874519348
1616625369997,2021-03-24T22:36:37.963Z,62.773,-0.22101539373397827,0.06001884862780571,0.9735930562019348
1616625370038,2021-03-24T22:36:37.965Z,62.814,-0.22345679998397827,0.03999931737780571,0.9657805562019348
1616625370078,2021-03-24T22:36:37.991Z,62.854,-0.22736304998397827,0.04390556737780571,0.9733489155769348
1616625370119,2021-03-24T22:36:37.994Z,62.895,-0.22833961248397827,0.04097587987780571,0.9711516499519348
1616625370158,2021-03-24T22:36:38.005Z,62.934,-0.23493140935897827,0.03243095800280571,0.9633391499519348
1616625370199,2021-03-24T22:36:38.007Z,62.975,-0.23200172185897827,0.03633720800280571,0.9638274312019348
1616625370239,2021-03-24T22:36:38.009Z,63.015,-0.22882789373397827,0.03584892675280571,0.9667571187019348
1616625370280,2021-03-24T22:36:38.020Z,63.056,-0.23615211248397827,0.03731377050280571,0.9706633687019348
1616625370320,2021-03-24T22:36:38.022Z,63.096,-0.23200172185897827,0.04195244237780571,0.9699309468269348
1616625370361,2021-03-24T22:36:38.024Z,63.137,-0.22809547185897827,0.04707939550280571,0.9694426655769348
1616625370402,2021-03-24T22:36:38.035Z,63.178,-0.22150367498397827,0.05367119237780571,0.9706633687019348
1616625370441,2021-03-24T22:36:38.038Z,63.217,-0.22809547185897827,0.04170830175280571,0.9713957905769348
1616625370482,2021-03-24T22:36:38.040Z,63.258,-0.22540992498397827,0.03999931737780571,0.9677336812019348
1616625370522,2021-03-24T22:36:38.051Z,63.298,-0.22003883123397827,0.04585869237780571,0.9699309468269348
1616625370563,2021-03-24T22:36:38.054Z,63.339,-0.22980445623397827,0.04024345800280571,0.9738371968269348
1616625370602,2021-03-24T22:36:38.065Z,63.378,-0.22736304998397827,0.03902275487780571,0.9740813374519348
1616625370643,2021-03-24T22:36:38.067Z,63.419,-0.24103492498397827,0.02095635049045086,0.9687102437019348
1616625370683,2021-03-24T22:36:38.069Z,63.459,-0.23688453435897827,0.02559502236545086,0.9626067280769348
1616625370724,2021-03-24T22:36:38.080Z,63.5,-0.22467750310897827,0.03511650487780571,0.9643157124519348
1616625370763,2021-03-24T22:36:38.083Z,63.539,-0.21662086248397827,0.04317314550280571,0.9665129780769348
1616625370804,2021-03-24T22:36:38.085Z,63.58,-0.21491187810897827,0.05074150487780571,0.9721282124519348
1616625370844,2021-03-24T22:36:38.096Z,63.62,-0.21588844060897827,0.04756767675280571,0.9731047749519348
1616625370885,2021-03-24T22:36:38.098Z,63.661,-0.21466773748397827,0.03194267675280571,0.9704192280769348
1616625370925,2021-03-24T22:36:38.110Z,63.701,-0.21857398748397827,0.02803642861545086,0.9665129780769348
1616625370966,2021-03-24T22:36:38.112Z,63.742,-0.21417945623397827,0.03731377050280571,0.9721282124519348
1616625371007,2021-03-24T22:36:38.114Z,63.783,-0.21173804998397827,0.04952080175280571,0.9753020405769348
1616625371046,2021-03-24T22:36:38.125Z,63.822,-0.20612281560897827,0.04781181737780571,0.9845793843269348
1616625371087,2021-03-24T22:36:38.127Z,63.863,-0.20978492498397827,0.02998955361545086,0.9811614155769348
1616625371127,2021-03-24T22:36:38.129Z,63.903,-0.20832008123397827,0.02681572549045086,0.9745696187019348
1616625371168,2021-03-24T22:36:38.141Z,63.944,-0.20343726873397827,0.03975517675280571,0.9745696187019348
1616625371207,2021-03-24T22:36:38.143Z,63.983,-0.20734351873397827,0.02217705361545086,0.9616301655769348
1616625371248,2021-03-24T22:36:38.145Z,64.024,-0.20539039373397827,0.04317314550280571,0.9840911030769348
1616625371288,2021-03-24T22:36:38.156Z,64.064,-0.19464820623397827,0.06563408672809601,0.9682219624519348
1616625371329,2021-03-24T22:36:38.158Z,64.105,-0.20099586248397827,0.06001884862780571,0.9601653218269348
1616625371368,2021-03-24T22:36:38.185Z,64.144,-0.19782203435897827,0.06465752422809601,0.9745696187019348
1616625371409,2021-03-24T22:36:38.187Z,64.185,-0.17951148748397827,0.09346611797809601,0.9784758687019348
1616625371449,2021-03-24T22:36:38.189Z,64.225,-0.18097633123397827,0.08540947735309601,0.9772551655769348
1616625371490,2021-03-24T22:36:38.200Z,64.266,-0.18170875310897827,0.08540947735309601,0.9745696187019348
1616625371529,2021-03-24T22:36:38.203Z,64.305,-0.18415015935897827,0.07759697735309601,0.9799407124519348
1616625371570,2021-03-24T22:36:38.204Z,64.346,-0.18878883123397827,0.09053643047809601,0.9738371968269348
1616625371612,2021-03-24T22:36:38.230Z,64.388,-0.17267554998397827,0.09712822735309601,0.9748137593269348
1616625371651,2021-03-24T22:36:38.232Z,64.427,-0.17707008123397827,0.09419853985309601,0.9670012593269348
1616625371692,2021-03-24T22:36:38.234Z,64.468,-0.19245094060897827,0.08296807110309601,0.9738371968269348
1616625371732,2021-03-24T22:36:38.245Z,64.508,-0.17975562810897827,0.06538994610309601,0.9743254780769348
1616625371773,2021-03-24T22:36:38.247Z,64.549,-0.17682594060897827,0.06416924297809601,0.9782317280769348
1616625371812,2021-03-24T22:36:38.249Z,64.588,-0.17462867498397827,0.05806572362780571,0.9699309468269348
1616625371853,2021-03-24T22:36:38.261Z,64.629,-0.17267554998397827,0.08687432110309601,0.9860442280769348
1616625371893,2021-03-24T22:36:38.263Z,64.669,-0.17853492498397827,0.09346611797809601,0.9901946187019348
1616625371934,2021-03-24T22:36:38.265Z,64.71,-0.17414039373397827,0.09981377422809601,0.9784758687019348
1616625371973,2021-03-24T22:36:38.276Z,64.749,-0.18732398748397827,0.11080010235309601,0.9828703999519348
1616625372014,2021-03-24T22:36:38.279Z,64.79,-0.18854469060897827,0.08955986797809601,0.9950774312019348
1616625372054,2021-03-24T22:36:38.290Z,64.83,-0.16168922185897827,0.127645805478096,0.9369719624519348
1616625372095,2021-03-24T22:36:38.292Z,64.871,-0.17999976873397827,0.06929619610309601,0.9071868062019348
1616625372136,2021-03-24T22:36:38.294Z,64.912,-0.15363258123397827,0.05977470800280571,0.9193938374519348
1616625372175,2021-03-24T22:36:38.320Z,64.951,-0.12531226873397827,0.10445244610309601,0.9118254780769348
1616625372216,2021-03-24T22:36:38.350Z,64.992,-0.13214820623397827,0.12129814922809601,0.9738371968269348
1616625372256,2021-03-24T22:36:38.352Z,65.032,-0.19928687810897827,0.09981377422809601,0.9962981343269348
1616625372297,2021-03-24T22:36:38.355Z,65.073,-0.22614234685897827,0.07710869610309601,0.9875090718269348
1616625372337,2021-03-24T22:36:38.380Z,65.113,-0.20758765935897827,0.11617119610309601,0.9972746968269348
1616625372378,2021-03-24T22:36:38.383Z,65.154,-0.20416969060897827,0.08272393047809601,0.9699309468269348
1616625372417,2021-03-24T22:36:38.385Z,65.193,-0.20026344060897827,0.07295830547809601,0.9630950093269348
1616625372458,2021-03-24T22:36:38.396Z,65.234,-0.19440406560897827,0.125448539853096,0.9892180562019348
1616625372498,2021-03-24T22:36:38.398Z,65.274,-0.17926734685897827,0.11202080547809601,0.9823821187019348
1616625372539,2021-03-24T22:36:38.410Z,65.315,-0.19684547185897827,0.11910088360309601,0.9606536030769348
1616625372578,2021-03-24T22:36:38.412Z,65.354,-0.19538062810897827,0.130087211728096,0.9892180562019348
1616625372619,2021-03-24T22:36:38.414Z,65.395,-0.21002906560897827,0.06978447735309601,0.9687102437019348
1616625372659,2021-03-24T22:36:38.425Z,65.435,-0.21027320623397827,0.09908135235309601,0.9726164937019348
1616625372700,2021-03-24T22:36:38.427Z,65.476,-0.20148414373397827,0.07979424297809601,0.9711516499519348
1616625372741,2021-03-24T22:36:38.430Z,65.517,-0.20758765935897827,0.08980400860309601,0.9630950093269348
1616625372780,2021-03-24T22:36:38.440Z,65.556,-0.20124000310897827,0.10323174297809601,0.9694426655769348
1616625372821,2021-03-24T22:36:38.442Z,65.597,-0.19635719060897827,0.08663018047809601,0.9640715718269348
1616625372861,2021-03-24T22:36:38.445Z,65.637,-0.20026344060897827,0.06856377422809601,0.9606536030769348
1616625372902,2021-03-24T22:36:38.471Z,65.678,-0.21540015935897827,0.05586845800280571,0.9677336812019348
1616625372942,2021-03-24T22:36:38.474Z,65.718,-0.22467750310897827,0.09395439922809601,0.9870207905769348
1616625372983,2021-03-24T22:36:38.485Z,65.759,-0.22736304998397827,0.11885674297809601,0.9953215718269348
1616625373024,2021-03-24T22:36:38.488Z,65.8,-0.15973609685897827,0.05562431737780571,0.9562590718269348
1616625373063,2021-03-24T22:36:38.489Z,65.839,-0.20563453435897827,0.03584892675280571,0.9413664937019348
1616625373103,2021-03-24T22:36:38.500Z,65.879,-0.25568336248397827,0.05489189550280571,0.9699309468269348
1616625373144,2021-03-24T22:36:38.502Z,65.92,-0.23297828435897827,0.07979424297809601,0.9941008687019348
1616625373183,2021-03-24T22:36:38.505Z,65.959,-0.18659156560897827,0.08858330547809601,0.9850676655769348
1616625373224,2021-03-24T22:36:38.516Z,66,-0.18415015935897827,0.09200127422809601,0.9577239155769348
1616625373265,2021-03-24T22:36:38.518Z,66.041,-0.20124000310897827,0.09981377422809601,0.9684661030769348
1616625373305,2021-03-24T22:36:38.545Z,66.081,-0.20856422185897827,0.07076103985309601,0.9716399312019348
1616625373346,2021-03-24T22:36:38.547Z,66.122,-0.20612281560897827,0.07735283672809601,0.9731047749519348
1616625373385,2021-03-24T22:36:38.549Z,66.161,-0.20050758123397827,0.06709893047809601,0.9694426655769348
1616625373426,2021-03-24T22:36:38.560Z,66.202,-0.20343726873397827,0.07442314922809601,0.9626067280769348
1616625373466,2021-03-24T22:36:38.563Z,66.242,-0.20246070623397827,0.08345635235309601,0.9694426655769348
1616625373507,2021-03-24T22:36:38.564Z,66.283,-0.21710914373397827,0.07344658672809601,0.9733489155769348
1616625373547,2021-03-24T22:36:38.575Z,66.323,-0.20978492498397827,0.07588799297809601,0.9767668843269348
1616625373588,2021-03-24T22:36:38.578Z,66.364,-0.21247047185897827,0.06636650860309601,0.9704192280769348
1616625373627,2021-03-24T22:36:38.580Z,66.403,-0.20807594060897827,0.06685478985309601,0.9704192280769348
1616625373668,2021-03-24T22:36:38.591Z,66.444,-0.20929664373397827,0.07320244610309601,0.9753020405769348
1616625373708,2021-03-24T22:36:38.593Z,66.484,-0.20758765935897827,0.06807549297809601,0.9723723530769348
1616625373749,2021-03-24T22:36:38.595Z,66.525,-0.20661109685897827,0.07295830547809601,0.9713957905769348
1616625373788,2021-03-24T22:36:38.607Z,66.564,-0.20636695623397827,0.06734307110309601,0.9650481343269348
1616625373829,2021-03-24T22:36:38.609Z,66.605,-0.20612281560897827,0.06343682110309601,0.9743254780769348
1616625373870,2021-03-24T22:36:38.620Z,66.646,-0.19757789373397827,0.08687432110309601,0.9731047749519348
1616625373910,2021-03-24T22:36:38.622Z,66.686,-0.20832008123397827,0.07881768047809601,0.9728606343269348
1616625373951,2021-03-24T22:36:38.624Z,66.727,-0.21710914373397827,0.05245048925280571,0.9660246968269348
1616625373990,2021-03-24T22:36:38.635Z,66.766,-0.20807594060897827,0.06954033672809601,0.9711516499519348
1616625374031,2021-03-24T22:36:38.638Z,66.807,-0.20343726873397827,0.07857353985309601,0.9728606343269348
1616625374071,2021-03-24T22:36:38.639Z,66.847,-0.21027320623397827,0.06416924297809601,0.9689543843269348
1616625374112,2021-03-24T22:36:38.651Z,66.888,-0.21247047185897827,0.06465752422809601,0.9735930562019348
1616625374152,2021-03-24T22:36:38.653Z,66.928,-0.20246070623397827,0.07393486797809601,0.9762786030769348
1616625374193,2021-03-24T22:36:38.655Z,66.969,-0.21051734685897827,0.06050712987780571,0.9699309468269348
1616625374232,2021-03-24T22:36:38.667Z,67.008,-0.21173804998397827,0.06636650860309601,0.9711516499519348
1616625374273,2021-03-24T22:36:38.669Z,67.049,-0.21076148748397827,0.07466728985309601,0.9723723530769348
1616625374313,2021-03-24T22:36:38.680Z,67.089,-0.21149390935897827,0.07344658672809601,0.9726164937019348
1616625374354,2021-03-24T22:36:38.682Z,67.13,-0.20929664373397827,0.07393486797809601,0.9650481343269348
1616625374393,2021-03-24T22:36:38.684Z,67.169,-0.20709937810897827,0.06661064922809601,0.9635832905769348
1616625374434,2021-03-24T22:36:38.695Z,67.21,-0.21247047185897827,0.06123955175280571,0.9721282124519348
1616625374475,2021-03-24T22:36:38.697Z,67.251,-0.20539039373397827,0.06807549297809601,0.9672453999519348
1616625374515,2021-03-24T22:36:38.700Z,67.291,-0.20465797185897827,0.08223564922809601,0.9850676655769348
1616625374556,2021-03-24T22:36:38.712Z,67.332,-0.21710914373397827,0.04707939550280571,0.9613860249519348
1616625374595,2021-03-24T22:36:38.714Z,67.371,-0.21588844060897827,0.05635673925280571,0.9672453999519348
1616625374636,2021-03-24T22:36:38.740Z,67.412,-0.21320289373397827,0.05733330175280571,0.9709075093269348
1616625374676,2021-03-24T22:36:38.742Z,67.452,-0.21344703435897827,0.06465752422809601,0.9650481343269348
1616625374717,2021-03-24T22:36:38.744Z,67.493,-0.20709937810897827,0.06929619610309601,0.9701750874519348
1616625374757,2021-03-24T22:36:38.755Z,67.533,-0.21149390935897827,0.07491143047809601,0.9735930562019348
1616625374798,2021-03-24T22:36:38.757Z,67.574,-0.20783179998397827,0.06685478985309601,0.9718840718269348
1616625374837,2021-03-24T22:36:38.759Z,67.613,-0.20539039373397827,0.06783135235309601,0.9694426655769348
1616625374878,2021-03-24T22:36:38.771Z,67.654,-0.21100562810897827,0.06954033672809601,0.9731047749519348
1616625374918,2021-03-24T22:36:38.773Z,67.694,-0.21295875310897827,0.06538994610309601,0.9735930562019348
1616625374959,2021-03-24T22:36:38.775Z,67.735,-0.21540015935897827,0.05830986425280571,0.9718840718269348
1616625374998,2021-03-24T22:36:38.786Z,67.774,-0.21881812810897827,0.05171806737780571,0.9689543843269348
1616625375039,2021-03-24T22:36:38.789Z,67.815,-0.22223609685897827,0.05611259862780571,0.9694426655769348
1616625375079,2021-03-24T22:36:38.801Z,67.855,-0.21613258123397827,0.06148369237780571,0.9645598530769348
1616625375120,2021-03-24T22:36:38.802Z,67.896,-0.21564429998397827,0.07857353985309601,0.9760344624519348
1616625375161,2021-03-24T22:36:38.804Z,67.937,-0.21979469060897827,0.06343682110309601,0.9772551655769348
1616625375200,2021-03-24T22:36:38.815Z,67.976,-0.22003883123397827,0.05538017675280571,0.9694426655769348
1616625375241,2021-03-24T22:36:38.817Z,68.017,-0.21832984685897827,0.05000908300280571,0.9711516499519348
1616625375281,2021-03-24T22:36:38.819Z,68.057,-0.21247047185897827,0.05318291112780571,0.9670012593269348
1616625375322,2021-03-24T22:36:38.831Z,68.098,-0.21002906560897827,0.06099541112780571,0.9704192280769348
1616625375362,2021-03-24T22:36:38.833Z,68.138,-0.21515601873397827,0.05464775487780571,0.9689543843269348
1616625375403,2021-03-24T22:36:38.862Z,68.179,-0.21857398748397827,0.05122978612780571,0.9731047749519348
1616625375442,2021-03-24T22:36:38.864Z,68.218,-0.21857398748397827,0.04122002050280571,0.9691985249519348
1616625375483,2021-03-24T22:36:38.875Z,68.259,-0.21442359685897827,0.04488212987780571,0.9687102437019348
1616625375523,2021-03-24T22:36:38.878Z,68.299,-0.21442359685897827,0.04854423925280571,0.9687102437019348
1616625375564,2021-03-24T22:36:38.880Z,68.34,-0.21124976873397827,0.05122978612780571,0.9706633687019348
1616625375603,2021-03-24T22:36:38.891Z,68.379,-0.21515601873397827,0.04927666112780571,0.9711516499519348
1616625375644,2021-03-24T22:36:38.893Z,68.42,-0.21564429998397827,0.04317314550280571,0.9709075093269348
1616625375685,2021-03-24T22:36:38.895Z,68.461,-0.20954078435897827,0.05147392675280571,0.9630950093269348
1616625375725,2021-03-24T22:36:38.907Z,68.501,-0.21173804998397827,0.05806572362780571,0.9779875874519348
1616625375766,2021-03-24T22:36:38.909Z,68.542,-0.22125953435897827,0.03999931737780571,0.9684661030769348
1616625375805,2021-03-24T22:36:38.920Z,68.581,-0.21564429998397827,0.04561455175280571,0.9679778218269348
1616625375846,2021-03-24T22:36:38.922Z,68.622,-0.21686500310897827,0.05025322362780571,0.9687102437019348
1616625375886,2021-03-24T22:36:38.924Z,68.662,-0.21271461248397827,0.05953056737780571,0.9706633687019348
1616625375927,2021-03-24T22:36:38.936Z,68.703,-0.21222633123397827,0.06050712987780571,0.9740813374519348
1616625375966,2021-03-24T22:36:38.937Z,68.742,-0.21491187810897827,0.05806572362780571,0.9723723530769348
1616625376008,2021-03-24T22:36:38.939Z,68.784,-0.21735328435897827,0.05147392675280571,0.9689543843269348
1616625376047,2021-03-24T22:36:38.966Z,68.823,-0.22150367498397827,0.05171806737780571,0.9701750874519348
1616625376088,2021-03-24T22:36:38.968Z,68.864,-0.21808570623397827,0.05342705175280571,0.9713957905769348
1616625376128,2021-03-24T22:36:38.970Z,68.904,-0.21759742498397827,0.05464775487780571,0.9696868062019348
1616625376169,2021-03-24T22:36:38.981Z,68.945,-0.21832984685897827,0.05611259862780571,0.9731047749519348
1616625376210,2021-03-24T22:36:38.984Z,68.986,-0.21832984685897827,0.05318291112780571,0.9716399312019348
1616625376249,2021-03-24T22:36:38.995Z,69.025,-0.21930640935897827,0.05049736425280571,0.9731047749519348
1616625376290,2021-03-24T22:36:38.997Z,69.066,-0.21515601873397827,0.05415947362780571,0.9652922749519348
1616625376330,2021-03-24T22:36:38.999Z,69.106,-0.22052711248397827,0.05953056737780571,0.9735930562019348
1616625376371,2021-03-24T22:36:39.011Z,69.147,-0.22540992498397827,0.04048759862780571,0.9689543843269348
1616625376410,2021-03-24T22:36:39.013Z,69.186,-0.22492164373397827,0.04195244237780571,0.9699309468269348
1616625376451,2021-03-24T22:36:39.015Z,69.227,-0.21564429998397827,0.05245048925280571,0.9687102437019348
1616625376491,2021-03-24T22:36:39.027Z,69.267,-0.21808570623397827,0.05806572362780571,0.9679778218269348
1616625376532,2021-03-24T22:36:39.029Z,69.308,-0.21955054998397827,0.05733330175280571,0.9721282124519348
1616625376571,2021-03-24T22:36:39.040Z,69.347,-0.22248023748397827,0.05269462987780571,0.9733489155769348
1616625376612,2021-03-24T22:36:39.042Z,69.388,-0.22101539373397827,0.04903252050280571,0.9682219624519348
1616625376654,2021-03-24T22:36:39.044Z,69.43,-0.22077125310897827,0.04903252050280571,0.9677336812019348
1616625376693,2021-03-24T22:36:39.055Z,69.469,-0.22052711248397827,0.05074150487780571,0.9699309468269348
1616625376734,2021-03-24T22:36:39.058Z,69.51,-0.22296851873397827,0.05171806737780571,0.9731047749519348
1616625376774,2021-03-24T22:36:39.060Z,69.55,-0.22565406560897827,0.04683525487780571,0.9667571187019348
1616625376815,2021-03-24T22:36:39.072Z,69.591,-0.22125953435897827,0.05196220800280571,0.9689543843269348
1616625376854,2021-03-24T22:36:39.074Z,69.63,-0.21613258123397827,0.05147392675280571,0.9635832905769348
1616625376895,2021-03-24T22:36:39.100Z,69.671,-0.21686500310897827,0.06270439922809601,0.9818938374519348
1616625376935,2021-03-24T22:36:39.102Z,69.711,-0.23297828435897827,0.03853447362780571,0.9674895405769348
1616625376976,2021-03-24T22:36:39.104Z,69.752,-0.22418922185897827,0.04024345800280571,0.9679778218269348
1616625377015,2021-03-24T22:36:39.115Z,69.791,-0.22052711248397827,0.04488212987780571,0.9684661030769348
1616625377056,2021-03-24T22:36:39.117Z,69.832,-0.21955054998397827,0.06368096172809601,0.9677336812019348
1616625377096,2021-03-24T22:36:39.119Z,69.872,-0.21491187810897827,0.05782158300280571,0.9694426655769348
1616625377137,2021-03-24T22:36:39.131Z,69.913,-0.22052711248397827,0.05489189550280571,0.9728606343269348
1616625377176,2021-03-24T22:36:39.133Z,69.952,-0.22272437810897827,0.05171806737780571,0.9723723530769348
1616625377217,2021-03-24T22:36:39.135Z,69.993,-0.22736304998397827,0.04170830175280571,0.9640715718269348
1616625377258,2021-03-24T22:36:39.147Z,70.034,-0.22370094060897827,0.04707939550280571,0.9677336812019348
1616625377298,2021-03-24T22:36:39.149Z,70.074,-0.22150367498397827,0.04927666112780571,0.9701750874519348
1616625377339,2021-03-24T22:36:39.160Z,70.115,-0.22589820623397827,0.04512627050280571,0.9687102437019348
1616625377379,2021-03-24T22:36:39.162Z,70.155,-0.22565406560897827,0.04683525487780571,0.9699309468269348
1616625377420,2021-03-24T22:36:39.164Z,70.196,-0.21881812810897827,0.05122978612780571,0.9728606343269348
1616625377459,2021-03-24T22:36:39.175Z,70.235,-0.21344703435897827,0.05806572362780571,0.9672453999519348
1616625377500,2021-03-24T22:36:39.177Z,70.276,-0.22443336248397827,0.05660087987780571,0.9723723530769348
1616625377540,2021-03-24T22:36:39.179Z,70.316,-0.22711890935897827,0.03926689550280571,0.9670012593269348
1616625377581,2021-03-24T22:36:39.191Z,70.357,-0.22443336248397827,0.04146416112780571,0.9652922749519348
1616625377620,2021-03-24T22:36:39.193Z,70.396,-0.22052711248397827,0.05122978612780571,0.9662688374519348
1616625377661,2021-03-24T22:36:39.195Z,70.437,-0.21881812810897827,0.05122978612780571,0.9716399312019348
1616625377701,2021-03-24T22:36:39.206Z,70.477,-0.21857398748397827,0.05513603612780571,0.9694426655769348
1616625377742,2021-03-24T22:36:39.209Z,70.518,-0.21857398748397827,0.05367119237780571,0.9716399312019348
1616625377783,2021-03-24T22:36:39.220Z,70.559,-0.22052711248397827,0.04585869237780571,0.9694426655769348
1616625377822,2021-03-24T22:36:39.223Z,70.598,-0.21979469060897827,0.04683525487780571,0.9674895405769348
1616625377863,2021-03-24T22:36:39.224Z,70.639,-0.22174781560897827,0.04903252050280571,0.9711516499519348
1616625377903,2021-03-24T22:36:39.237Z,70.679,-0.22272437810897827,0.04805595800280571,0.9694426655769348
1616625377944,2021-03-24T22:36:39.238Z,70.72,-0.22443336248397827,0.04414970800280571,0.9662688374519348
1616625377984,2021-03-24T22:36:39.239Z,70.76,-0.22052711248397827,0.04756767675280571,0.9709075093269348
1616625378025,2021-03-24T22:36:39.250Z,70.801,-0.21710914373397827,0.04781181737780571,0.9608977437019348
1616625378064,2021-03-24T22:36:39.253Z,70.84,-0.22150367498397827,0.06001884862780571,0.9809172749519348
1616625378105,2021-03-24T22:36:39.255Z,70.881,-0.22907203435897827,0.03609306737780571,0.9667571187019348
1616625378145,2021-03-24T22:36:39.266Z,70.921,-0.22736304998397827,0.03804619237780571,0.9652922749519348
1616625378186,2021-03-24T22:36:39.296Z,70.962,-0.22101539373397827,0.04634697362780571,0.9684661030769348
1616625378225,2021-03-24T22:36:39.299Z,71.001,-0.22345679998397827,0.05391533300280571,0.9709075093269348
1616625378266,2021-03-24T22:36:39.310Z,71.042,-0.22150367498397827,0.05000908300280571,0.9684661030769348
1616625378306,2021-03-24T22:36:39.312Z,71.082,-0.21906226873397827,0.05196220800280571,0.9709075093269348
1616625378347,2021-03-24T22:36:39.314Z,71.123,-0.22223609685897827,0.04585869237780571,0.9689543843269348
1616625378388,2021-03-24T22:36:39.340Z,71.164,-0.22638648748397827,0.04219658300280571,0.9667571187019348
1616625378427,2021-03-24T22:36:39.343Z,71.203,-0.22077125310897827,0.04781181737780571,0.9706633687019348
1616625378468,2021-03-24T22:36:39.344Z,71.244,-0.22272437810897827,0.04659111425280571,0.9701750874519348
1616625378508,2021-03-24T22:36:39.356Z,71.284,-0.22272437810897827,0.04292900487780571,0.9704192280769348
1616625378549,2021-03-24T22:36:39.386Z,71.325,-0.22443336248397827,0.04317314550280571,0.9682219624519348
1616625378589,2021-03-24T22:36:39.389Z,71.365,-0.21955054998397827,0.04683525487780571,0.9701750874519348
1616625378630,2021-03-24T22:36:39.400Z,71.406,-0.21662086248397827,0.05586845800280571,0.9706633687019348
1616625378669,2021-03-24T22:36:39.402Z,71.445,-0.22956031560897827,0.04610283300280571,0.9687102437019348
1616625378710,2021-03-24T22:36:39.404Z,71.486,-0.22882789373397827,0.03291923925280571,0.9657805562019348
1616625378750,2021-03-24T22:36:39.416Z,71.526,-0.22077125310897827,0.04048759862780571,0.9672453999519348
1616625378791,2021-03-24T22:36:39.418Z,71.567,-0.22101539373397827,0.05489189550280571,0.9699309468269348
1616625378830,2021-03-24T22:36:39.420Z,71.606,-0.22174781560897827,0.05025322362780571,0.9674895405769348
1616625378871,2021-03-24T22:36:39.431Z,71.647,-0.21930640935897827,0.05074150487780571,0.9721282124519348
1616625378912,2021-03-24T22:36:39.434Z,71.688,-0.22321265935897827,0.04683525487780571,0.9691985249519348
1616625378952,2021-03-24T22:36:39.445Z,71.728,-0.22516578435897827,0.04268486425280571,0.9667571187019348
1616625378993,2021-03-24T22:36:39.447Z,71.769,-0.22248023748397827,0.04683525487780571,0.9709075093269348
1616625379032,2021-03-24T22:36:39.449Z,71.808,-0.22199195623397827,0.04707939550280571,0.9701750874519348
1616625379073,2021-03-24T22:36:39.460Z,71.849,-0.22296851873397827,0.04561455175280571,0.9696868062019348
1616625379113,2021-03-24T22:36:39.462Z,71.889,-0.22370094060897827,0.04659111425280571,0.9701750874519348
1616625379154,2021-03-24T22:36:39.464Z,71.93,-0.22443336248397827,0.04805595800280571,0.9716399312019348
1616625379194,2021-03-24T22:36:39.475Z,71.97,-0.22199195623397827,0.04878837987780571,0.9691985249519348
1616625379235,2021-03-24T22:36:39.478Z,72.011,-0.21955054998397827,0.04292900487780571,0.9657805562019348
1616625379274,2021-03-24T22:36:39.480Z,72.05,-0.22150367498397827,0.05440361425280571,0.9796965718269348
1616625379315,2021-03-24T22:36:39.491Z,72.091,-0.22980445623397827,0.03560478612780571,0.9623625874519348
1616625379355,2021-03-24T22:36:39.493Z,72.131,-0.22516578435897827,0.03609306737780571,0.9662688374519348
1616625379396,2021-03-24T22:36:39.505Z,72.172,-0.21979469060897827,0.04244072362780571,0.9679778218269348
1616625379437,2021-03-24T22:36:39.507Z,72.213,-0.22125953435897827,0.05269462987780571,0.9718840718269348
1616625379476,2021-03-24T22:36:39.509Z,72.252,-0.22003883123397827,0.04854423925280571,0.9701750874519348
1616625379517,2021-03-24T22:36:39.521Z,72.293,-0.22370094060897827,0.05147392675280571,0.9699309468269348
1616625379557,2021-03-24T22:36:39.523Z,72.333,-0.22687476873397827,0.04463798925280571,0.9709075093269348
1616625379598,2021-03-24T22:36:39.524Z,72.374,-0.22296851873397827,0.04146416112780571,0.9691985249519348
1616625379637,2021-03-24T22:36:39.535Z,72.413,-0.22223609685897827,0.04561455175280571,0.9694426655769348
1616625379678,2021-03-24T22:36:39.539Z,72.454,-0.22248023748397827,0.04341728612780571,0.9687102437019348
1616625379718,2021-03-24T22:36:39.540Z,72.494,-0.22589820623397827,0.04463798925280571,0.9713957905769348
1616625379759,2021-03-24T22:36:39.551Z,72.535,-0.22370094060897827,0.04414970800280571,0.9713957905769348
1616625379799,2021-03-24T22:36:39.553Z,72.575,-0.22418922185897827,0.04781181737780571,0.9713957905769348
1616625379840,2021-03-24T22:36:39.565Z,72.616,-0.22272437810897827,0.04463798925280571,0.9699309468269348
1616625379879,2021-03-24T22:36:39.567Z,72.655,-0.22614234685897827,0.04292900487780571,0.9701750874519348
1616625379920,2021-03-24T22:36:39.569Z,72.696,-0.22345679998397827,0.04561455175280571,0.9711516499519348
1616625379961,2021-03-24T22:36:39.580Z,72.737,-0.22565406560897827,0.04366142675280571,0.9672453999519348
1616625380001,2021-03-24T22:36:39.583Z,72.777,-0.22418922185897827,0.04097587987780571,0.9694426655769348
1616625380042,2021-03-24T22:36:39.584Z,72.818,-0.22296851873397827,0.04097587987780571,0.9674895405769348
1616625380081,2021-03-24T22:36:39.595Z,72.857,-0.21417945623397827,0.05147392675280571,0.9731047749519348
1616625380122,2021-03-24T22:36:39.598Z,72.898,-0.22785133123397827,0.04122002050280571,0.9662688374519348
1616625380162,2021-03-24T22:36:39.600Z,72.938,-0.23200172185897827,0.03121025674045086,0.9657805562019348
1616625380203,2021-03-24T22:36:39.611Z,72.979,-0.22809547185897827,0.03755791112780571,0.9677336812019348
1616625380242,2021-03-24T22:36:39.613Z,73.018,-0.22077125310897827,0.04781181737780571,0.9738371968269348
1616625380283,2021-03-24T22:36:39.615Z,73.059,-0.22101539373397827,0.04732353612780571,0.9643157124519348
1616625380323,2021-03-24T22:36:39.627Z,73.099,-0.22272437810897827,0.04830009862780571,0.9691985249519348
1616625380364,2021-03-24T22:36:39.629Z,73.14,-0.22272437810897827,0.04366142675280571,0.9699309468269348
1616625380404,2021-03-24T22:36:39.655Z,73.18,-0.22492164373397827,0.04317314550280571,0.9650481343269348
1616625380445,2021-03-24T22:36:39.657Z,73.221,-0.22199195623397827,0.04439384862780571,0.9679778218269348
1616625380486,2021-03-24T22:36:39.659Z,73.262,-0.22638648748397827,0.04195244237780571,0.9684661030769348
1616625380525,2021-03-24T22:36:39.670Z,73.301,-0.22272437810897827,0.04317314550280571,0.9691985249519348
1616625380566,2021-03-24T22:36:39.673Z,73.342,-0.22321265935897827,0.04195244237780571,0.9677336812019348
1616625380606,2021-03-24T22:36:39.685Z,73.382,-0.22321265935897827,0.04341728612780571,0.9716399312019348
1616625380647,2021-03-24T22:36:39.687Z,73.423,-0.22345679998397827,0.04561455175280571,0.9709075093269348
1616625380686,2021-03-24T22:36:39.689Z,73.462,-0.22272437810897827,0.04463798925280571,0.9711516499519348
1616625380727,2021-03-24T22:36:39.700Z,73.503,-0.22248023748397827,0.03975517675280571,0.9691985249519348
1616625380767,2021-03-24T22:36:39.702Z,73.543,-0.21857398748397827,0.04854423925280571,0.9662688374519348
1616625380808,2021-03-24T22:36:39.704Z,73.584,-0.22589820623397827,0.04439384862780571,0.9728606343269348
1616625380847,2021-03-24T22:36:39.715Z,73.623,-0.23346656560897827,0.02901299111545086,0.9682219624519348
1616625380888,2021-03-24T22:36:39.718Z,73.664,-0.22785133123397827,0.03438408300280571,0.9684661030769348
1616625380928,2021-03-24T22:36:39.720Z,73.704,-0.22174781560897827,0.05025322362780571,0.9687102437019348
1616625380969,2021-03-24T22:36:39.731Z,73.745,-0.22052711248397827,0.04903252050280571,0.9709075093269348
1616625381010,2021-03-24T22:36:39.733Z,73.786,-0.22272437810897827,0.04659111425280571,0.9696868062019348
1616625381050,2021-03-24T22:36:39.735Z,73.826,-0.22272437810897827,0.04537041112780571,0.9699309468269348
1616625381091,2021-03-24T22:36:39.747Z,73.867,-0.22394508123397827,0.03951103612780571,0.9691985249519348
1616625381130,2021-03-24T22:36:39.749Z,73.906,-0.22321265935897827,0.04048759862780571,0.9682219624519348
1616625381171,2021-03-24T22:36:39.760Z,73.947,-0.22370094060897827,0.04366142675280571,0.9706633687019348
1616625381211,2021-03-24T22:36:39.762Z,73.987,-0.22492164373397827,0.04390556737780571,0.9701750874519348
1616625381252,2021-03-24T22:36:39.764Z,74.028,-0.22370094060897827,0.04073173925280571,0.9689543843269348
1616625381291,2021-03-24T22:36:39.775Z,74.067,-0.22663062810897827,0.04292900487780571,0.9687102437019348
1616625381332,2021-03-24T22:36:39.777Z,74.108,-0.22492164373397827,0.04561455175280571,0.9689543843269348
1616625381372,2021-03-24T22:36:39.779Z,74.148,-0.22589820623397827,0.04292900487780571,0.9674895405769348
1616625381413,2021-03-24T22:36:39.791Z,74.189,-0.22760719060897827,0.04292900487780571,0.9684661030769348
1616625381454,2021-03-24T22:36:39.793Z,74.23,-0.22199195623397827,0.04048759862780571,0.9628508687019348
1616625381493,2021-03-24T22:36:39.795Z,74.269,-0.22223609685897827,0.05318291112780571,0.9799407124519348
1616625381534,2021-03-24T22:36:39.807Z,74.31,-0.22980445623397827,0.02950127236545086,0.9679778218269348
1616625381574,2021-03-24T22:36:39.809Z,74.35,-0.23273414373397827,0.03072197549045086,0.9716399312019348
1616625381615,2021-03-24T22:36:39.820Z,74.391,-0.22174781560897827,0.03340752050280571,0.9706633687019348
1616625381654,2021-03-24T22:36:39.822Z,74.43,-0.21979469060897827,0.05074150487780571,0.9687102437019348
1616625381695,2021-03-24T22:36:39.851Z,74.471,-0.22003883123397827,0.04781181737780571,0.9674895405769348
1616625381735,2021-03-24T22:36:39.853Z,74.511,-0.22248023748397827,0.04830009862780571,0.9740813374519348
1616625381776,2021-03-24T22:36:39.865Z,74.552,-0.22589820623397827,0.03951103612780571,0.9691985249519348
1616625381816,2021-03-24T22:36:39.867Z,74.592,-0.22052711248397827,0.03804619237780571,0.9679778218269348
1616625381857,2021-03-24T22:36:39.869Z,74.633,-0.22272437810897827,0.03682548925280571,0.9731047749519348
1616625381896,2021-03-24T22:36:39.895Z,74.672,-0.22540992498397827,0.03706962987780571,0.9701750874519348
1616625381937,2021-03-24T22:36:39.897Z,74.713,-0.22492164373397827,0.04317314550280571,0.9667571187019348
1616625381978,2021-03-24T22:36:39.899Z,74.754,-0.22443336248397827,0.04976494237780571,0.9696868062019348
1616625382018,2021-03-24T22:36:39.910Z,74.794,-0.22345679998397827,0.04781181737780571,0.9704192280769348
1616625382059,2021-03-24T22:36:39.912Z,74.835,-0.21808570623397827,0.05049736425280571,0.9709075093269348
1616625382098,2021-03-24T22:36:39.915Z,74.874,-0.22199195623397827,0.04756767675280571,0.9679778218269348
1616625382139,2021-03-24T22:36:39.926Z,74.915,-0.22125953435897827,0.04390556737780571,0.9701750874519348
1616625382179,2021-03-24T22:36:39.930Z,74.955,-0.21002906560897827,0.05464775487780571,0.9633391499519348
1616625382220,2021-03-24T22:36:39.933Z,74.996,-0.21784156560897827,0.05245048925280571,0.9713957905769348
1616625382259,2021-03-24T22:36:39.942Z,75.035,-0.22174781560897827,0.04024345800280571,0.9652922749519348
1616625382300,2021-03-24T22:36:39.944Z,75.076,-0.21222633123397827,0.05220634862780571,0.9674895405769348
1616625382340,2021-03-24T22:36:39.955Z,75.116,-0.21491187810897827,0.04976494237780571,0.9726164937019348
1616625382381,2021-03-24T22:36:39.957Z,75.157,-0.21808570623397827,0.04903252050280571,0.9777434468269348
1616625382421,2021-03-24T22:36:39.959Z,75.197,-0.21149390935897827,0.05464775487780571,0.9630950093269348
1616625382462,2021-03-24T22:36:39.970Z,75.238,-0.21100562810897827,0.06246025487780571,0.9689543843269348
1616625382503,2021-03-24T22:36:39.973Z,75.279,-0.21491187810897827,0.05782158300280571,0.9826262593269348
1616625382542,2021-03-24T22:36:39.985Z,75.318,-0.21491187810897827,0.05513603612780571,0.9753020405769348
1616625382583,2021-03-24T22:36:39.987Z,75.359,-0.20880836248397827,0.03682548925280571,0.9811614155769348
1616625382623,2021-03-24T22:36:39.989Z,75.399,-0.21320289373397827,0.03536064550280571,0.9640715718269348
1616625382664,2021-03-24T22:36:40.000Z,75.44,-0.20954078435897827,0.04122002050280571,0.9892180562019348
1616625382703,2021-03-24T22:36:40.002Z,75.479,-0.20221656560897827,0.05000908300280571,0.9782317280769348
1616625382744,2021-03-24T22:36:40.004Z,75.52,-0.20270484685897827,0.06905205547809601,0.9677336812019348
1616625382784,2021-03-24T22:36:40.015Z,75.56,-0.20099586248397827,0.06294853985309601,0.9762786030769348
1616625382825,2021-03-24T22:36:40.017Z,75.601,-0.20319312810897827,0.06563408672809601,0.9777434468269348
1616625382864,2021-03-24T22:36:40.020Z,75.64,-0.19586890935897827,0.08125908672809601,0.9743254780769348
1616625382905,2021-03-24T22:36:40.031Z,75.681,-0.17731422185897827,0.11910088360309601,0.9989836812019348
1616625382945,2021-03-24T22:36:40.033Z,75.721,-0.17707008123397827,0.09639580547809601,0.9884856343269348
1616625382986,2021-03-24T22:36:40.035Z,75.762,-0.19879859685897827,0.06978447735309601,0.9118254780769348
1616625383027,2021-03-24T22:36:40.047Z,75.803,-0.16950172185897827,0.08540947735309601,0.9877532124519348
1616625383067,2021-03-24T22:36:40.049Z,75.843,-0.18024390935897827,0.05830986425280571,0.8903411030769348
1616625383108,2021-03-24T22:36:40.060Z,75.884,-0.13214820623397827,0.12325127422809601,0.9399016499519348
1616625383147,2021-03-24T22:36:40.062Z,75.923,-0.20221656560897827,0.06636650860309601,0.9860442280769348
1616625383188,2021-03-24T22:36:40.064Z,75.964,-0.22663062810897827,0.03609306737780571,1.0111907720565796
1616625383228,2021-03-24T22:36:40.075Z,76.004,-0.19171851873397827,0.11299736797809601,0.9936125874519348
1616625383269,2021-03-24T22:36:40.078Z,76.045,-0.21320289373397827,0.05122978612780571,0.9770110249519348
1616625383308,2021-03-24T22:36:40.079Z,76.084,-0.21149390935897827,0.06563408672809601,0.9772551655769348
1616625383349,2021-03-24T22:36:40.091Z,76.125,-0.19757789373397827,0.08394463360309601,0.9755461812019348
1616625383389,2021-03-24T22:36:40.093Z,76.165,-0.20270484685897827,0.07149346172809601,0.9823821187019348
1616625383430,2021-03-24T22:36:40.097Z,76.206,-0.20124000310897827,0.07686455547809601,0.9823821187019348
1616625383469,2021-03-24T22:36:40.106Z,76.245,-0.20514625310897827,0.05904228612780571,0.9718840718269348
1616625383510,2021-03-24T22:36:40.109Z,76.286,-0.21100562810897827,0.04414970800280571,0.9694426655769348
1616625383551,2021-03-24T22:36:40.120Z,76.327,-0.20734351873397827,0.05049736425280571,0.9743254780769348
1616625383591,2021-03-24T22:36:40.121Z,76.367,-0.19977515935897827,0.05538017675280571,0.9640715718269348
1616625383632,2021-03-24T22:36:40.124Z,76.408,-0.20539039373397827,0.06441338360309601,0.9782317280769348
1616625383672,2021-03-24T22:36:40.135Z,76.448,-0.20929664373397827,0.04219658300280571,0.9672453999519348
1616625383713,2021-03-24T22:36:40.137Z,76.489,-0.21198219060897827,0.04512627050280571,0.9726164937019348
1616625383752,2021-03-24T22:36:40.139Z,76.528,-0.20880836248397827,0.04756767675280571,0.9728606343269348
1616625383793,2021-03-24T22:36:40.150Z,76.569,-0.20856422185897827,0.05684502050280571,0.9706633687019348
1616625383833,2021-03-24T22:36:40.152Z,76.609,-0.21247047185897827,0.06050712987780571,0.9713957905769348
1616625383874,2021-03-24T22:36:40.154Z,76.65,-0.21393531560897827,0.06123955175280571,0.9726164937019348
1616625383913,2021-03-24T22:36:40.166Z,76.689,-0.21930640935897827,0.05245048925280571,0.9701750874519348
1616625383954,2021-03-24T22:36:40.168Z,76.73,-0.21759742498397827,0.05196220800280571,0.9728606343269348
1616625383994,2021-03-24T22:36:40.170Z,76.77,-0.21417945623397827,0.05733330175280571,0.9723723530769348
1616625384035,2021-03-24T22:36:40.181Z,76.811,-0.21320289373397827,0.06099541112780571,0.9704192280769348
1616625384076,2021-03-24T22:36:40.183Z,76.852,-0.21173804998397827,0.06368096172809601,0.9723723530769348
1616625384115,2021-03-24T22:36:40.210Z,76.891,-0.21491187810897827,0.05806572362780571,0.9706633687019348
1616625384156,2021-03-24T22:36:40.212Z,76.932,-0.21540015935897827,0.05586845800280571,0.9694426655769348
1616625384196,2021-03-24T22:36:40.214Z,76.972,-0.22125953435897827,0.05391533300280571,0.9706633687019348
1616625384237,2021-03-24T22:36:40.225Z,77.013,-0.21564429998397827,0.05367119237780571,0.9760344624519348
1616625384277,2021-03-24T22:36:40.229Z,77.053,-0.21076148748397827,0.05757744237780571,0.9657805562019348
1616625384318,2021-03-24T22:36:40.229Z,77.094,-0.21662086248397827,0.06880791485309601,0.9804289937019348
1616625384357,2021-03-24T22:36:40.240Z,77.133,-0.22052711248397827,0.04073173925280571,0.9670012593269348
1616625384398,2021-03-24T22:36:40.242Z,77.174,-0.21662086248397827,0.04390556737780571,0.9723723530769348
