epoch (ms),time (-07:00),elapsed (s),Pressure (Pa)
1613782948488,2021-02-20T01:03:59.223Z,0.273,99574.208984375
1613782948566,2021-02-20T01:03:59.236Z,0.351,99573.927734375
1613782948644,2021-02-20T01:03:59.250Z,0.429,99574.412109375
1613782948721,2021-02-20T01:03:59.254Z,0.506,99574.130859375
1613782948799,2021-02-20T01:03:59.268Z,0.584,99573.990234375
1613782948877,2021-02-20T01:03:59.281Z,0.662,99573.802734375
1613782948954,2021-02-20T01:03:59.285Z,0.739,99573.662109375
1613782949033,2021-02-20T01:03:59.299Z,0.818,99574.185546875
1613782949111,2021-02-20T01:03:59.311Z,0.896,99574.044921875
1613782949189,2021-02-20T01:03:59.315Z,0.974,99573.833984375
1613782949266,2021-02-20T01:03:59.328Z,1.051,99574.505859375
1613782949344,2021-02-20T01:03:59.341Z,1.129,99573.693359375
1613782949421,2021-02-20T01:03:59.355Z,1.206,99574.349609375
1613782949499,2021-02-20T01:03:59.359Z,1.284,99574.208984375
1613782949577,2021-02-20T01:03:59.401Z,1.362,99574.068359375
1613782949654,2021-02-20T01:03:59.405Z,1.439,99574.732421875
1613782949732,2021-02-20T01:03:59.417Z,1.517,99574.732421875
1613782949810,2021-02-20T01:03:59.431Z,1.595,99575.396484375
1613782949887,2021-02-20T01:03:59.435Z,1.672,99574.552734375
1613782949965,2021-02-20T01:03:59.448Z,1.75,99575.224609375
1613782950043,2021-02-20T01:03:59.462Z,1.828,99575.224609375
1613782950120,2021-02-20T01:03:59.475Z,1.905,99575.224609375
1613782950198,2021-02-20T01:03:59.479Z,1.983,99575.224609375
1613782950275,2021-02-20T01:03:59.492Z,2.06,99575.224609375
1613782950353,2021-02-20T01:03:59.495Z,2.138,99574.412109375
1613782950431,2021-02-20T01:03:59.509Z,2.216,99574.412109375
1613782950508,2021-02-20T01:03:59.522Z,2.293,99575.076171875
1613782950586,2021-02-20T01:03:59.536Z,2.371,99575.076171875
1613782950664,2021-02-20T01:03:59.540Z,2.449,99575.076171875
1613782950741,2021-02-20T01:03:59.553Z,2.526,99575.076171875
1613782950819,2021-02-20T01:03:59.566Z,2.604,99575.740234375
1613782950897,2021-02-20T01:03:59.571Z,2.682,99574.935546875
1613782950974,2021-02-20T01:03:59.583Z,2.759,99574.935546875
1613782951052,2021-02-20T01:03:59.597Z,2.837,99574.935546875
1613782951129,2021-02-20T01:03:59.610Z,2.914,99574.935546875
1613782951207,2021-02-20T01:03:59.614Z,2.992,99576.412109375
1613782951285,2021-02-20T01:03:59.627Z,3.07,99576.412109375
1613782951362,2021-02-20T01:03:59.642Z,3.147,99575.740234375
1613782951440,2021-02-20T01:03:59.644Z,3.225,99574.935546875
1613782951518,2021-02-20T01:03:59.657Z,3.303,99575.599609375
1613782951595,2021-02-20T01:03:59.670Z,3.38,99574.935546875
1613782951673,2021-02-20T01:03:59.675Z,3.458,99574.935546875
1613782951751,2021-02-20T01:03:59.688Z,3.536,99575.599609375
1613782951828,2021-02-20T01:03:59.701Z,3.613,99574.935546875
1613782951906,2021-02-20T01:03:59.705Z,3.691,99574.935546875
1613782951983,2021-02-20T01:03:59.719Z,3.768,99574.935546875
1613782952061,2021-02-20T01:03:59.731Z,3.846,99574.935546875
1613782952139,2021-02-20T01:03:59.745Z,3.924,99574.935546875
1613782952216,2021-02-20T01:03:59.749Z,4.001,99574.271484375
1613782952294,2021-02-20T01:03:59.763Z,4.079,99574.271484375
1613782952372,2021-02-20T01:03:59.766Z,4.157,99574.935546875
1613782952449,2021-02-20T01:03:59.779Z,4.234,99574.935546875
1613782952527,2021-02-20T01:03:59.792Z,4.312,99574.271484375
1613782952605,2021-02-20T01:03:59.806Z,4.39,99574.935546875
1613782952682,2021-02-20T01:03:59.811Z,4.467,99574.935546875
1613782952760,2021-02-20T01:03:59.851Z,4.545,99574.935546875
1613782952837,2021-02-20T01:03:59.854Z,4.622,99574.935546875
1613782952915,2021-02-20T01:03:59.868Z,4.7,99574.935546875
1613782952993,2021-02-20T01:03:59.881Z,4.778,99574.935546875
1613782953070,2021-02-20T01:03:59.885Z,4.855,99575.599609375
1613782953148,2021-02-20T01:03:59.898Z,4.933,99575.599609375
1613782953226,2021-02-20T01:03:59.911Z,5.011,99575.740234375
1613782953303,2021-02-20T01:03:59.925Z,5.088,99576.412109375
1613782953381,2021-02-20T01:03:59.929Z,5.166,99576.412109375
1613782953459,2021-02-20T01:03:59.943Z,5.244,99575.740234375
1613782953536,2021-02-20T01:03:59.956Z,5.321,99575.740234375
1613782953614,2021-02-20T01:03:59.960Z,5.399,99576.412109375
1613782953691,2021-02-20T01:03:59.973Z,5.476,99576.412109375
1613782953769,2021-02-20T01:03:59.986Z,5.554,99576.412109375
1613782953848,2021-02-20T01:03:59.990Z,5.633,99574.935546875
1613782953924,2021-02-20T01:04:00.004Z,5.709,99575.740234375
1613782954002,2021-02-20T01:04:00.016Z,5.787,99575.740234375
1613782954080,2021-02-20T01:04:00.031Z,5.865,99575.740234375
1613782954157,2021-02-20T01:04:00.033Z,5.942,99575.740234375
1613782954235,2021-02-20T01:04:00.047Z,6.02,99575.740234375
1613782954313,2021-02-20T01:04:00.060Z,6.098,99575.740234375
1613782954390,2021-02-20T01:04:00.065Z,6.175,99575.076171875
1613782954468,2021-02-20T01:04:00.077Z,6.253,99575.076171875
1613782954545,2021-02-20T01:04:00.090Z,6.33,99575.076171875
1613782954623,2021-02-20T01:04:00.095Z,6.408,99575.076171875
1613782954701,2021-02-20T01:04:00.108Z,6.486,99574.412109375
1613782954778,2021-02-20T01:04:00.122Z,6.563,99574.412109375
1613782954856,2021-02-20T01:04:00.135Z,6.641,99574.412109375
1613782954934,2021-02-20T01:04:00.139Z,6.719,99574.412109375
1613782955013,2021-02-20T01:04:00.153Z,6.798,99574.412109375
1613782955090,2021-02-20T01:04:00.165Z,6.875,99574.412109375
1613782955167,2021-02-20T01:04:00.170Z,6.952,99574.412109375
1613782955244,2021-02-20T01:04:00.183Z,7.029,99574.412109375
1613782955323,2021-02-20T01:04:00.196Z,7.108,99574.412109375
1613782955401,2021-02-20T01:04:00.200Z,7.186,99574.412109375
1613782955479,2021-02-20T01:04:00.213Z,7.264,99575.888671875
1613782955556,2021-02-20T01:04:00.226Z,7.341,99575.224609375
1613782955634,2021-02-20T01:04:00.230Z,7.419,99575.224609375
1613782955711,2021-02-20T01:04:00.243Z,7.496,99575.888671875
1613782955789,2021-02-20T01:04:00.257Z,7.574,99575.224609375
1613782955867,2021-02-20T01:04:00.270Z,7.652,99575.224609375
1613782955944,2021-02-20T01:04:00.302Z,7.729,99575.224609375
1613782956022,2021-02-20T01:04:00.305Z,7.807,99575.224609375
1613782956100,2021-02-20T01:04:00.318Z,7.885,99575.224609375
1613782956177,2021-02-20T01:04:00.332Z,7.962,99575.224609375
1613782956255,2021-02-20T01:04:00.345Z,8.04,99575.224609375
1613782956333,2021-02-20T01:04:00.350Z,8.118,99575.888671875
1613782956410,2021-02-20T01:04:00.363Z,8.195,99575.888671875
1613782956488,2021-02-20T01:04:00.376Z,8.273,99575.888671875
1613782956565,2021-02-20T01:04:00.380Z,8.35,99575.888671875
1613782956643,2021-02-20T01:04:00.393Z,8.428,99575.888671875
1613782956721,2021-02-20T01:04:00.406Z,8.506,99575.888671875
1613782956800,2021-02-20T01:04:00.420Z,8.585,99575.888671875
1613782956876,2021-02-20T01:04:00.423Z,8.661,99575.888671875
1613782956954,2021-02-20T01:04:00.438Z,8.739,99576.552734375
1613782957031,2021-02-20T01:04:00.451Z,8.816,99576.552734375
1613782957109,2021-02-20T01:04:00.456Z,8.894,99575.888671875
1613782957187,2021-02-20T01:04:00.468Z,8.972,99575.888671875
1613782957266,2021-02-20T01:04:00.481Z,9.051,99577.396484375
1613782957342,2021-02-20T01:04:00.485Z,9.127,99577.396484375
1613782957419,2021-02-20T01:04:00.499Z,9.204,99577.396484375
1613782957497,2021-02-20T01:04:00.512Z,9.282,99576.724609375
1613782957575,2021-02-20T01:04:00.515Z,9.36,99576.724609375
1613782957652,2021-02-20T01:04:00.528Z,9.437,99576.724609375
1613782957732,2021-02-20T01:04:00.542Z,9.517,99576.724609375
1613782957809,2021-02-20T01:04:00.555Z,9.594,99576.724609375
1613782957887,2021-02-20T01:04:00.560Z,9.672,99576.724609375
1613782957964,2021-02-20T01:04:00.573Z,9.749,99576.724609375
1613782958042,2021-02-20T01:04:00.587Z,9.827,99576.060546875
1613782958120,2021-02-20T01:04:00.590Z,9.905,99576.060546875
1613782958197,2021-02-20T01:04:00.603Z,9.982,99576.060546875
1613782958275,2021-02-20T01:04:00.616Z,10.06,99576.060546875
1613782958353,2021-02-20T01:04:00.630Z,10.138,99576.060546875
1613782958430,2021-02-20T01:04:00.634Z,10.215,99576.060546875
1613782958508,2021-02-20T01:04:00.648Z,10.293,99576.060546875
1613782958586,2021-02-20T01:04:00.661Z,10.371,99575.396484375
1613782958663,2021-02-20T01:04:00.665Z,10.448,99576.208984375
1613782958741,2021-02-20T01:04:00.678Z,10.526,99576.208984375
1613782958818,2021-02-20T01:04:00.691Z,10.603,99576.208984375
1613782958896,2021-02-20T01:04:00.695Z,10.681,99576.208984375
1613782958975,2021-02-20T01:04:00.708Z,10.76,99575.537109375
1613782959053,2021-02-20T01:04:00.721Z,10.838,99575.537109375
1613782959130,2021-02-20T01:04:00.752Z,10.915,99575.537109375
1613782959208,2021-02-20T01:04:00.766Z,10.993,99575.537109375
1613782959286,2021-02-20T01:04:00.770Z,11.071,99575.537109375
1613782959363,2021-02-20T01:04:00.783Z,11.148,99575.537109375
1613782959441,2021-02-20T01:04:00.796Z,11.226,99575.537109375
1613782959519,2021-02-20T01:04:00.800Z,11.304,99575.537109375
1613782959596,2021-02-20T01:04:00.814Z,11.381,99575.537109375
1613782959674,2021-02-20T01:04:00.827Z,11.459,99575.537109375
1613782959752,2021-02-20T01:04:00.840Z,11.537,99574.880859375
1613782959829,2021-02-20T01:04:00.845Z,11.614,99575.537109375
1613782959907,2021-02-20T01:04:00.857Z,11.692,99575.537109375
1613782959984,2021-02-20T01:04:00.871Z,11.769,99574.880859375
1613782960062,2021-02-20T01:04:00.875Z,11.847,99574.880859375
1613782960140,2021-02-20T01:04:00.888Z,11.925,99574.880859375
1613782960217,2021-02-20T01:04:00.901Z,12.002,99574.880859375
1613782960295,2021-02-20T01:04:00.915Z,12.08,99574.880859375
1613782960373,2021-02-20T01:04:00.919Z,12.158,99574.880859375
1613782960450,2021-02-20T01:04:00.932Z,12.235,99574.880859375
1613782960528,2021-02-20T01:04:00.936Z,12.313,99574.880859375
1613782960606,2021-02-20T01:04:00.949Z,12.391,99574.208984375
1613782960683,2021-02-20T01:04:00.962Z,12.468,99574.208984375
1613782960761,2021-02-20T01:04:00.976Z,12.546,99573.552734375
1613782960838,2021-02-20T01:04:00.979Z,12.623,99574.208984375
1613782960916,2021-02-20T01:04:00.993Z,12.701,99574.208984375
1613782960994,2021-02-20T01:04:01.006Z,12.779,99574.208984375
1613782961071,2021-02-20T01:04:01.011Z,12.856,99574.208984375
1613782961149,2021-02-20T01:04:01.023Z,12.934,99573.552734375
1613782961227,2021-02-20T01:04:01.036Z,13.012,99574.208984375
1613782961304,2021-02-20T01:04:01.041Z,13.089,99573.552734375
1613782961382,2021-02-20T01:04:01.055Z,13.167,99573.552734375
1613782961460,2021-02-20T01:04:01.068Z,13.245,99573.552734375
1613782961537,2021-02-20T01:04:01.081Z,13.322,99573.552734375
1613782961615,2021-02-20T01:04:01.085Z,13.4,99573.552734375
1613782961694,2021-02-20T01:04:01.100Z,13.479,99573.552734375
1613782961770,2021-02-20T01:04:01.112Z,13.555,99573.552734375
1613782961848,2021-02-20T01:04:01.126Z,13.633,99573.552734375
1613782961925,2021-02-20T01:04:01.130Z,13.71,99573.552734375
1613782962003,2021-02-20T01:04:01.142Z,13.788,99573.552734375
1613782962081,2021-02-20T01:04:01.155Z,13.866,99573.552734375
1613782962158,2021-02-20T01:04:01.160Z,13.943,99573.552734375
1613782962236,2021-02-20T01:04:01.172Z,14.021,99574.208984375
1613782962314,2021-02-20T01:04:01.203Z,14.099,99573.552734375
1613782962391,2021-02-20T01:04:01.217Z,14.176,99573.552734375
1613782962469,2021-02-20T01:04:01.230Z,14.254,99574.349609375
1613782962546,2021-02-20T01:04:01.235Z,14.331,99574.349609375
1613782962624,2021-02-20T01:04:01.247Z,14.409,99574.349609375
1613782962702,2021-02-20T01:04:01.261Z,14.487,99574.349609375
1613782962779,2021-02-20T01:04:01.265Z,14.564,99573.693359375
1613782962857,2021-02-20T01:04:01.278Z,14.642,99574.349609375
1613782962935,2021-02-20T01:04:01.291Z,14.72,99574.349609375
1613782963012,2021-02-20T01:04:01.305Z,14.797,99574.349609375
1613782963090,2021-02-20T01:04:01.309Z,14.875,99574.349609375
1613782963168,2021-02-20T01:04:01.335Z,14.953,99574.349609375
1613782963245,2021-02-20T01:04:01.338Z,15.03,99574.349609375
1613782963323,2021-02-20T01:04:01.352Z,15.108,99574.349609375
1613782963400,2021-02-20T01:04:01.365Z,15.185,99574.349609375
1613782963480,2021-02-20T01:04:01.370Z,15.265,99574.349609375
1613782963557,2021-02-20T01:04:01.383Z,15.342,99574.349609375
1613782963635,2021-02-20T01:04:01.396Z,15.42,99573.693359375
1613782963712,2021-02-20T01:04:01.399Z,15.497,99573.693359375
1613782963790,2021-02-20T01:04:01.413Z,15.575,99573.693359375
1613782963868,2021-02-20T01:04:01.426Z,15.653,99573.693359375
1613782963945,2021-02-20T01:04:01.430Z,15.73,99574.349609375
1613782964023,2021-02-20T01:04:01.443Z,15.808,99574.349609375
1613782964101,2021-02-20T01:04:01.456Z,15.886,99574.349609375
1613782964178,2021-02-20T01:04:01.461Z,15.963,99574.349609375
1613782964256,2021-02-20T01:04:01.474Z,16.041,99574.349609375
1613782964334,2021-02-20T01:04:01.487Z,16.119,99574.349609375
1613782964411,2021-02-20T01:04:01.500Z,16.196,99574.349609375
1613782964489,2021-02-20T01:04:01.504Z,16.274,99574.349609375
1613782964566,2021-02-20T01:04:01.518Z,16.351,99574.349609375
1613782964644,2021-02-20T01:04:01.531Z,16.429,99574.349609375
1613782964722,2021-02-20T01:04:01.535Z,16.507,99574.349609375
1613782964799,2021-02-20T01:04:01.548Z,16.584,99574.349609375
1613782964877,2021-02-20T01:04:01.562Z,16.662,99574.349609375
1613782964955,2021-02-20T01:04:01.575Z,16.74,99574.349609375
1613782965032,2021-02-20T01:04:01.580Z,16.817,99574.349609375
1613782965110,2021-02-20T01:04:01.593Z,16.895,99574.349609375
1613782965188,2021-02-20T01:04:01.606Z,16.973,99574.349609375
1613782965265,2021-02-20T01:04:01.610Z,17.05,99574.349609375
1613782965343,2021-02-20T01:04:01.622Z,17.128,99574.349609375
1613782965420,2021-02-20T01:04:01.665Z,17.205,99574.349609375
1613782965498,2021-02-20T01:04:01.670Z,17.283,99574.349609375
1613782965576,2021-02-20T01:04:01.683Z,17.361,99574.349609375
1613782965653,2021-02-20T01:04:01.696Z,17.438,99574.349609375
1613782965731,2021-02-20T01:04:01.711Z,17.516,99574.349609375
1613782965809,2021-02-20T01:04:01.715Z,17.594,99574.349609375
1613782965886,2021-02-20T01:04:01.728Z,17.671,99574.349609375
1613782965964,2021-02-20T01:04:01.740Z,17.749,99574.349609375
1613782966042,2021-02-20T01:04:01.745Z,17.827,99574.349609375
1613782966119,2021-02-20T01:04:01.758Z,17.904,99575.021484375
1613782966197,2021-02-20T01:04:01.771Z,17.982,99574.349609375
1613782966274,2021-02-20T01:04:01.775Z,18.059,99574.349609375
1613782966352,2021-02-20T01:04:01.789Z,18.137,99575.021484375
1613782966430,2021-02-20T01:04:01.802Z,18.215,99574.349609375
1613782966509,2021-02-20T01:04:01.816Z,18.294,99574.349609375
1613782966585,2021-02-20T01:04:01.820Z,18.37,99574.349609375
1613782966663,2021-02-20T01:04:01.833Z,18.448,99575.021484375
1613782966740,2021-02-20T01:04:01.846Z,18.525,99575.021484375
1613782966818,2021-02-20T01:04:01.849Z,18.603,99575.021484375
1613782966896,2021-02-20T01:04:01.862Z,18.681,99574.349609375
1613782966973,2021-02-20T01:04:01.876Z,18.758,99574.349609375
1613782967051,2021-02-20T01:04:01.885Z,18.836,99574.349609375
1613782967128,2021-02-20T01:04:01.893Z,18.913,99574.349609375
1613782967206,2021-02-20T01:04:01.906Z,18.991,99574.349609375
1613782967285,2021-02-20T01:04:01.910Z,19.07,99574.349609375
1613782967363,2021-02-20T01:04:01.923Z,19.148,99574.349609375
1613782967440,2021-02-20T01:04:01.937Z,19.225,99574.349609375
1613782967518,2021-02-20T01:04:01.950Z,19.303,99574.349609375
1613782967596,2021-02-20T01:04:01.955Z,19.381,99574.349609375
1613782967673,2021-02-20T01:04:01.968Z,19.458,99574.349609375
1613782967751,2021-02-20T01:04:01.981Z,19.536,99574.349609375
1613782967829,2021-02-20T01:04:01.985Z,19.614,99574.349609375
1613782967906,2021-02-20T01:04:01.998Z,19.691,99574.349609375
1613782967984,2021-02-20T01:04:02.011Z,19.769,99574.349609375
1613782968062,2021-02-20T01:04:02.025Z,19.847,99574.349609375
1613782968139,2021-02-20T01:04:02.029Z,19.924,99574.349609375
1613782968217,2021-02-20T01:04:02.043Z,20.002,99574.349609375
1613782968294,2021-02-20T01:04:02.060Z,20.079,99574.349609375
1613782968372,2021-02-20T01:04:02.060Z,20.157,99574.349609375
1613782968450,2021-02-20T01:04:02.072Z,20.235,99575.162109375
1613782968527,2021-02-20T01:04:02.085Z,20.312,99575.162109375
1613782968605,2021-02-20T01:04:02.116Z,20.39,99575.162109375
1613782968683,2021-02-20T01:04:02.121Z,20.468,99575.162109375
1613782968760,2021-02-20T01:04:02.134Z,20.545,99575.162109375
1613782968838,2021-02-20T01:04:02.147Z,20.623,99575.162109375
1613782968916,2021-02-20T01:04:02.161Z,20.701,99574.505859375
1613782968993,2021-02-20T01:04:02.165Z,20.778,99574.505859375
1613782969071,2021-02-20T01:04:02.178Z,20.856,99573.833984375
1613782969149,2021-02-20T01:04:02.191Z,20.934,99573.833984375
1613782969226,2021-02-20T01:04:02.195Z,21.011,99573.833984375
1613782969304,2021-02-20T01:04:02.209Z,21.089,99573.833984375
1613782969381,2021-02-20T01:04:02.222Z,21.166,99573.833984375
1613782969459,2021-02-20T01:04:02.235Z,21.244,99573.833984375
1613782969537,2021-02-20T01:04:02.239Z,21.322,99573.833984375
1613782969614,2021-02-20T01:04:02.252Z,21.399,99573.833984375
1613782969692,2021-02-20T01:04:02.266Z,21.477,99573.833984375
1613782969770,2021-02-20T01:04:02.270Z,21.555,99573.833984375
1613782969847,2021-02-20T01:04:02.283Z,21.632,99573.833984375
1613782969925,2021-02-20T01:04:02.296Z,21.71,99573.833984375
1613782970003,2021-02-20T01:04:02.300Z,21.788,99573.833984375
1613782970080,2021-02-20T01:04:02.313Z,21.865,99573.833984375
1613782970158,2021-02-20T01:04:02.327Z,21.943,99573.029296875
1613782970235,2021-02-20T01:04:02.340Z,22.02,99573.029296875
1613782970313,2021-02-20T01:04:02.345Z,22.098,99573.029296875
1613782970392,2021-02-20T01:04:02.358Z,22.177,99573.029296875
1613782970470,2021-02-20T01:04:02.371Z,22.255,99573.693359375
1613782970547,2021-02-20T01:04:02.375Z,22.332,99573.693359375
1613782970625,2021-02-20T01:04:02.388Z,22.41,99573.029296875
1613782970703,2021-02-20T01:04:02.401Z,22.488,99573.029296875
1613782970780,2021-02-20T01:04:02.405Z,22.565,99573.029296875
1613782970858,2021-02-20T01:04:02.418Z,22.643,99573.029296875
1613782970936,2021-02-20T01:04:02.432Z,22.721,99573.029296875
1613782971013,2021-02-20T01:04:02.445Z,22.798,99573.029296875
1613782971091,2021-02-20T01:04:02.450Z,22.876,99573.833984375
1613782971169,2021-02-20T01:04:02.463Z,22.954,99573.833984375
1613782971246,2021-02-20T01:04:02.476Z,23.031,99573.833984375
1613782971324,2021-02-20T01:04:02.480Z,23.109,99573.833984375
1613782971401,2021-02-20T01:04:02.494Z,23.186,99573.833984375
1613782971479,2021-02-20T01:04:02.507Z,23.264,99573.833984375
1613782971557,2021-02-20T01:04:02.510Z,23.342,99573.833984375
1613782971634,2021-02-20T01:04:02.523Z,23.419,99573.833984375
1613782971712,2021-02-20T01:04:02.536Z,23.497,99573.833984375
1613782971790,2021-02-20T01:04:02.567Z,23.575,99573.833984375
1613782971867,2021-02-20T01:04:02.581Z,23.652,99573.833984375
1613782971945,2021-02-20T01:04:02.585Z,23.73,99573.833984375
1613782972023,2021-02-20T01:04:02.598Z,23.808,99573.833984375
1613782972100,2021-02-20T01:04:02.612Z,23.885,99574.505859375
1613782972178,2021-02-20T01:04:02.625Z,23.963,99573.833984375
1613782972255,2021-02-20T01:04:02.630Z,24.04,99573.833984375
1613782972333,2021-02-20T01:04:02.643Z,24.118,99573.833984375
1613782972411,2021-02-20T01:04:02.656Z,24.196,99573.833984375
1613782972488,2021-02-20T01:04:02.660Z,24.273,99573.833984375
1613782972566,2021-02-20T01:04:02.673Z,24.351,99573.833984375
1613782972644,2021-02-20T01:04:02.686Z,24.429,99573.833984375
1613782972721,2021-02-20T01:04:02.690Z,24.506,99573.169921875
1613782972799,2021-02-20T01:04:02.703Z,24.584,99573.169921875
1613782972877,2021-02-20T01:04:02.717Z,24.662,99573.169921875
1613782972954,2021-02-20T01:04:02.730Z,24.739,99573.169921875
1613782973032,2021-02-20T01:04:02.735Z,24.817,99573.169921875
1613782973109,2021-02-20T01:04:02.747Z,24.894,99573.169921875
1613782973187,2021-02-20T01:04:02.760Z,24.972,99573.169921875
1613782973265,2021-02-20T01:04:02.763Z,25.05,99573.169921875
1613782973342,2021-02-20T01:04:02.777Z,25.127,99573.169921875
1613782973420,2021-02-20T01:04:02.790Z,25.205,99573.169921875
1613782973498,2021-02-20T01:04:02.795Z,25.283,99573.169921875
1613782973575,2021-02-20T01:04:02.808Z,25.36,99573.169921875
1613782973653,2021-02-20T01:04:02.821Z,25.438,99573.169921875
1613782973731,2021-02-20T01:04:02.825Z,25.516,99573.169921875
1613782973808,2021-02-20T01:04:02.839Z,25.593,99573.169921875
1613782973886,2021-02-20T01:04:02.852Z,25.671,99573.169921875
1613782973963,2021-02-20T01:04:02.866Z,25.748,99573.169921875
1613782974041,2021-02-20T01:04:02.869Z,25.826,99572.505859375
1613782974119,2021-02-20T01:04:02.883Z,25.904,99572.505859375
1613782974196,2021-02-20T01:04:02.896Z,25.981,99572.505859375
1613782974274,2021-02-20T01:04:02.900Z,26.059,99573.169921875
1613782974352,2021-02-20T01:04:02.913Z,26.137,99573.169921875
1613782974429,2021-02-20T01:04:02.927Z,26.214,99573.169921875
1613782974507,2021-02-20T01:04:02.940Z,26.292,99572.505859375
1613782974586,2021-02-20T01:04:02.945Z,26.371,99572.505859375
1613782974664,2021-02-20T01:04:02.957Z,26.449,99572.505859375
1613782974741,2021-02-20T01:04:02.971Z,26.526,99572.505859375
1613782974819,2021-02-20T01:04:02.974Z,26.604,99572.505859375
1613782974897,2021-02-20T01:04:02.988Z,26.682,99572.505859375
1613782974974,2021-02-20T01:04:03.018Z,26.759,99573.169921875
1613782975052,2021-02-20T01:04:03.031Z,26.837,99573.169921875
1613782975129,2021-02-20T01:04:03.045Z,26.914,99573.169921875
1613782975207,2021-02-20T01:04:03.049Z,26.992,99573.169921875
1613782975285,2021-02-20T01:04:03.063Z,27.07,99573.169921875
1613782975362,2021-02-20T01:04:03.076Z,27.147,99573.169921875
1613782975440,2021-02-20T01:04:03.081Z,27.225,99572.505859375
1613782975518,2021-02-20T01:04:03.093Z,27.303,99572.505859375
1613782975595,2021-02-20T01:04:03.106Z,27.38,99572.505859375
1613782975673,2021-02-20T01:04:03.111Z,27.458,99572.505859375
1613782975751,2021-02-20T01:04:03.124Z,27.536,99572.505859375
1613782975828,2021-02-20T01:04:03.137Z,27.613,99572.505859375
1613782975906,2021-02-20T01:04:03.151Z,27.691,99572.505859375
1613782975983,2021-02-20T01:04:03.155Z,27.768,99573.169921875
1613782976061,2021-02-20T01:04:03.168Z,27.846,99573.169921875
1613782976139,2021-02-20T01:04:03.180Z,27.924,99573.169921875
1613782976216,2021-02-20T01:04:03.185Z,28.001,99573.169921875
1613782976294,2021-02-20T01:04:03.198Z,28.079,99572.505859375
1613782976372,2021-02-20T01:04:03.211Z,28.157,99572.505859375
1613782976449,2021-02-20T01:04:03.215Z,28.234,99572.505859375
1613782976527,2021-02-20T01:04:03.228Z,28.312,99572.505859375
1613782976605,2021-02-20T01:04:03.242Z,28.39,99572.505859375
1613782976682,2021-02-20T01:04:03.255Z,28.467,99572.505859375
1613782976760,2021-02-20T01:04:03.259Z,28.545,99572.505859375
1613782976837,2021-02-20T01:04:03.273Z,28.622,99572.505859375
1613782976915,2021-02-20T01:04:03.286Z,28.7,99572.505859375
1613782976993,2021-02-20T01:04:03.290Z,28.778,99571.693359375
1613782977070,2021-02-20T01:04:03.302Z,28.855,99572.505859375
1613782977148,2021-02-20T01:04:03.316Z,28.933,99571.693359375
1613782977226,2021-02-20T01:04:03.320Z,29.011,99571.693359375
1613782977303,2021-02-20T01:04:03.333Z,29.088,99572.505859375
1613782977381,2021-02-20T01:04:03.346Z,29.166,99572.505859375
1613782977459,2021-02-20T01:04:03.360Z,29.244,99572.505859375
1613782977536,2021-02-20T01:04:03.364Z,29.321,99572.505859375
1613782977615,2021-02-20T01:04:03.378Z,29.4,99572.505859375
1613782977691,2021-02-20T01:04:03.391Z,29.476,99572.505859375
1613782977769,2021-02-20T01:04:03.395Z,29.554,99572.505859375
1613782977847,2021-02-20T01:04:03.408Z,29.632,99572.505859375
1613782977924,2021-02-20T01:04:03.421Z,29.709,99571.849609375
1613782978002,2021-02-20T01:04:03.424Z,29.787,99571.849609375
1613782978080,2021-02-20T01:04:03.438Z,29.865,99571.849609375
1613782978157,2021-02-20T01:04:03.469Z,29.942,99571.849609375
1613782978235,2021-02-20T01:04:03.483Z,30.02,99571.849609375
1613782978313,2021-02-20T01:04:03.496Z,30.098,99571.849609375
1613782978390,2021-02-20T01:04:03.500Z,30.175,99572.505859375
1613782978468,2021-02-20T01:04:03.514Z,30.253,99571.849609375
1613782978545,2021-02-20T01:04:03.526Z,30.33,99572.505859375
1613782978623,2021-02-20T01:04:03.540Z,30.408,99572.505859375
1613782978701,2021-02-20T01:04:03.544Z,30.486,99572.505859375
1613782978778,2021-02-20T01:04:03.558Z,30.563,99572.505859375
1613782978856,2021-02-20T01:04:03.571Z,30.641,99572.505859375
1613782978934,2021-02-20T01:04:03.575Z,30.719,99572.505859375
1613782979011,2021-02-20T01:04:03.588Z,30.796,99572.505859375
1613782979090,2021-02-20T01:04:03.602Z,30.875,99573.169921875
1613782979168,2021-02-20T01:04:03.615Z,30.953,99573.169921875
1613782979246,2021-02-20T01:04:03.620Z,31.031,99573.169921875
1613782979323,2021-02-20T01:04:03.633Z,31.108,99573.169921875
1613782979401,2021-02-20T01:04:03.646Z,31.186,99573.169921875
1613782979479,2021-02-20T01:04:03.650Z,31.264,99573.169921875
1613782979556,2021-02-20T01:04:03.663Z,31.341,99573.169921875
1613782979634,2021-02-20T01:04:03.676Z,31.419,99573.169921875
1613782979711,2021-02-20T01:04:03.680Z,31.496,99573.169921875
1613782979789,2021-02-20T01:04:03.693Z,31.574,99573.169921875
1613782979867,2021-02-20T01:04:03.706Z,31.652,99573.169921875
1613782979944,2021-02-20T01:04:03.711Z,31.729,99573.169921875
1613782980022,2021-02-20T01:04:03.724Z,31.807,99573.169921875
1613782980100,2021-02-20T01:04:03.737Z,31.885,99573.169921875
1613782980177,2021-02-20T01:04:03.751Z,31.962,99573.169921875
1613782980255,2021-02-20T01:04:03.755Z,32.04,99573.169921875
1613782980333,2021-02-20T01:04:03.768Z,32.118,99573.169921875
1613782980410,2021-02-20T01:04:03.781Z,32.195,99573.833984375
1613782980488,2021-02-20T01:04:03.785Z,32.273,99573.169921875
1613782980565,2021-02-20T01:04:03.798Z,32.35,99573.169921875
1613782980643,2021-02-20T01:04:03.812Z,32.428,99573.169921875
1613782980721,2021-02-20T01:04:03.825Z,32.506,99573.169921875
1613782980798,2021-02-20T01:04:03.829Z,32.583,99573.169921875
1613782980876,2021-02-20T01:04:03.842Z,32.661,99573.169921875
1613782980954,2021-02-20T01:04:03.855Z,32.739,99573.169921875
1613782981031,2021-02-20T01:04:03.859Z,32.816,99573.169921875
1613782981109,2021-02-20T01:04:03.873Z,32.894,99573.833984375
1613782981187,2021-02-20T01:04:03.885Z,32.972,99573.833984375
1613782981264,2021-02-20T01:04:03.916Z,33.049,99574.505859375
1613782981342,2021-02-20T01:04:03.930Z,33.127,99574.505859375
1613782981419,2021-02-20T01:04:03.934Z,33.204,99574.505859375
1613782981497,2021-02-20T01:04:03.948Z,33.282,99573.833984375
1613782981575,2021-02-20T01:04:03.960Z,33.36,99573.833984375
1613782981652,2021-02-20T01:04:03.965Z,33.437,99573.833984375
1613782981730,2021-02-20T01:04:03.978Z,33.515,99573.833984375
1613782981808,2021-02-20T01:04:03.991Z,33.593,99573.833984375
1613782981885,2021-02-20T01:04:03.995Z,33.67,99574.505859375
1613782981963,2021-02-20T01:04:04.008Z,33.748,99573.833984375
1613782982041,2021-02-20T01:04:04.021Z,33.826,99574.505859375
1613782982120,2021-02-20T01:04:04.035Z,33.905,99574.505859375
1613782982197,2021-02-20T01:04:04.039Z,33.982,99574.505859375
1613782982275,2021-02-20T01:04:04.053Z,34.06,99573.833984375
1613782982353,2021-02-20T01:04:04.066Z,34.138,99574.505859375
1613782982430,2021-02-20T01:04:04.070Z,34.215,99574.505859375
1613782982508,2021-02-20T01:04:04.082Z,34.293,99574.505859375
1613782982586,2021-02-20T01:04:04.096Z,34.371,99574.505859375
1613782982663,2021-02-20T01:04:04.100Z,34.448,99574.505859375
1613782982741,2021-02-20T01:04:04.113Z,34.526,99574.505859375
1613782982818,2021-02-20T01:04:04.126Z,34.603,99574.505859375
1613782982896,2021-02-20T01:04:04.130Z,34.681,99575.162109375
1613782982974,2021-02-20T01:04:04.143Z,34.759,99575.162109375
1613782983051,2021-02-20T01:04:04.157Z,34.836,99575.162109375
1613782983129,2021-02-20T01:04:04.170Z,34.914,99575.162109375
1613782983207,2021-02-20T01:04:04.176Z,34.992,99575.162109375
1613782983284,2021-02-20T01:04:04.188Z,35.069,99575.162109375
1613782983362,2021-02-20T01:04:04.201Z,35.147,99575.162109375
1613782983440,2021-02-20T01:04:04.205Z,35.225,99574.505859375
1613782983517,2021-02-20T01:04:04.218Z,35.302,99574.505859375
1613782983595,2021-02-20T01:04:04.231Z,35.38,99574.505859375
1613782983672,2021-02-20T01:04:04.245Z,35.457,99574.505859375
1613782983750,2021-02-20T01:04:04.249Z,35.535,99574.505859375
1613782983828,2021-02-20T01:04:04.263Z,35.613,99574.505859375
1613782983905,2021-02-20T01:04:04.276Z,35.69,99575.162109375
1613782983983,2021-02-20T01:04:04.280Z,35.768,99575.162109375
1613782984061,2021-02-20T01:04:04.293Z,35.846,99574.505859375
1613782984138,2021-02-20T01:04:04.306Z,35.923,99574.505859375
1613782984216,2021-02-20T01:04:04.310Z,36.001,99574.505859375
1613782984294,2021-02-20T01:04:04.323Z,36.079,99574.505859375
1613782984371,2021-02-20T01:04:04.336Z,36.156,99574.505859375
1613782984449,2021-02-20T01:04:04.367Z,36.234,99574.505859375
1613782984526,2021-02-20T01:04:04.381Z,36.311,99575.162109375
1613782984604,2021-02-20T01:04:04.385Z,36.389,99575.162109375
1613782984682,2021-02-20T01:04:04.398Z,36.467,99575.162109375
1613782984759,2021-02-20T01:04:04.412Z,36.544,99575.162109375
1613782984837,2021-02-20T01:04:04.425Z,36.622,99575.162109375
1613782984915,2021-02-20T01:04:04.428Z,36.7,99575.162109375
1613782984992,2021-02-20T01:04:04.442Z,36.777,99575.162109375
1613782985070,2021-02-20T01:04:04.446Z,36.855,99575.162109375
1613782985148,2021-02-20T01:04:04.459Z,36.933,99575.162109375
1613782985225,2021-02-20T01:04:04.472Z,37.01,99575.162109375
1613782985303,2021-02-20T01:04:04.486Z,37.088,99575.162109375
1613782985380,2021-02-20T01:04:04.490Z,37.165,99575.162109375
1613782985458,2021-02-20T01:04:04.503Z,37.243,99575.162109375
1613782985536,2021-02-20T01:04:04.516Z,37.321,99575.826171875
1613782985613,2021-02-20T01:04:04.520Z,37.398,99575.826171875
1613782985691,2021-02-20T01:04:04.533Z,37.476,99575.826171875
1613782985769,2021-02-20T01:04:04.546Z,37.554,99575.826171875
1613782985846,2021-02-20T01:04:04.550Z,37.631,99575.826171875
1613782985924,2021-02-20T01:04:04.563Z,37.709,99575.162109375
1613782986002,2021-02-20T01:04:04.576Z,37.787,99575.826171875
1613782986079,2021-02-20T01:04:04.590Z,37.864,99575.826171875
1613782986157,2021-02-20T01:04:04.594Z,37.942,99575.826171875
1613782986234,2021-02-20T01:04:04.608Z,38.019,99575.826171875
1613782986314,2021-02-20T01:04:04.621Z,38.099,99575.826171875
1613782986391,2021-02-20T01:04:04.625Z,38.176,99575.826171875
1613782986469,2021-02-20T01:04:04.638Z,38.254,99575.826171875
1613782986546,2021-02-20T01:04:04.651Z,38.331,99575.826171875
1613782986624,2021-02-20T01:04:04.656Z,38.409,99575.826171875
1613782986702,2021-02-20T01:04:04.669Z,38.487,99575.162109375
1613782986779,2021-02-20T01:04:04.682Z,38.564,99575.162109375
1613782986857,2021-02-20T01:04:04.696Z,38.642,99575.162109375
1613782986935,2021-02-20T01:04:04.700Z,38.72,99575.162109375
1613782987012,2021-02-20T01:04:04.713Z,38.797,99575.162109375
1613782987090,2021-02-20T01:04:04.726Z,38.875,99575.826171875
1613782987168,2021-02-20T01:04:04.730Z,38.953,99575.826171875
1613782987245,2021-02-20T01:04:04.743Z,39.03,99575.826171875
1613782987323,2021-02-20T01:04:04.756Z,39.108,99575.826171875
1613782987400,2021-02-20T01:04:04.761Z,39.185,99575.826171875
1613782987478,2021-02-20T01:04:04.774Z,39.263,99575.826171875
1613782987556,2021-02-20T01:04:04.787Z,39.341,99575.826171875
1613782987633,2021-02-20T01:04:04.818Z,39.418,99575.826171875
1613782987711,2021-02-20T01:04:04.832Z,39.496,99575.826171875
1613782987790,2021-02-20T01:04:04.845Z,39.575,99575.826171875
1613782987868,2021-02-20T01:04:04.850Z,39.653,99575.826171875
1613782987945,2021-02-20T01:04:04.862Z,39.73,99575.162109375
1613782988023,2021-02-20T01:04:04.876Z,39.808,99575.162109375
1613782988101,2021-02-20T01:04:04.880Z,39.886,99575.162109375
1613782988178,2021-02-20T01:04:04.893Z,39.963,99575.162109375
1613782988256,2021-02-20T01:04:04.906Z,40.041,99575.162109375
1613782988334,2021-02-20T01:04:04.910Z,40.119,99575.162109375
1613782988411,2021-02-20T01:04:04.923Z,40.196,99575.826171875
1613782988489,2021-02-20T01:04:04.937Z,40.274,99575.162109375
1613782988566,2021-02-20T01:04:04.950Z,40.351,99575.162109375
1613782988644,2021-02-20T01:04:04.954Z,40.429,99575.826171875
1613782988722,2021-02-20T01:04:04.967Z,40.507,99575.826171875
1613782988799,2021-02-20T01:04:04.980Z,40.584,99575.826171875
1613782988877,2021-02-20T01:04:04.984Z,40.662,99575.826171875
1613782988955,2021-02-20T01:04:04.998Z,40.74,99575.826171875
1613782989032,2021-02-20T01:04:05.011Z,40.817,99575.162109375
1613782989110,2021-02-20T01:04:05.015Z,40.895,99575.162109375
1613782989188,2021-02-20T01:04:05.028Z,40.973,99575.162109375
1613782989265,2021-02-20T01:04:05.042Z,41.05,99575.162109375
1613782989343,2021-02-20T01:04:05.046Z,41.128,99575.162109375
1613782989420,2021-02-20T01:04:05.058Z,41.205,99575.162109375
1613782989498,2021-02-20T01:04:05.072Z,41.283,99575.162109375
1613782989576,2021-02-20T01:04:05.085Z,41.361,99575.162109375
1613782989653,2021-02-20T01:04:05.089Z,41.438,99575.162109375
1613782989731,2021-02-20T01:04:05.103Z,41.516,99575.162109375
1613782989809,2021-02-20T01:04:05.116Z,41.594,99575.826171875
1613782989886,2021-02-20T01:04:05.120Z,41.671,99575.826171875
1613782989964,2021-02-20T01:04:05.133Z,41.749,99575.021484375
1613782990042,2021-02-20T01:04:05.146Z,41.827,99575.021484375
1613782990119,2021-02-20T01:04:05.150Z,41.904,99574.349609375
1613782990197,2021-02-20T01:04:05.164Z,41.982,99575.021484375
1613782990274,2021-02-20T01:04:05.177Z,42.059,99574.349609375
1613782990352,2021-02-20T01:04:05.190Z,42.137,99574.349609375
1613782990430,2021-02-20T01:04:05.194Z,42.215,99575.021484375
1613782990507,2021-02-20T01:04:05.208Z,42.292,99574.349609375
1613782990586,2021-02-20T01:04:05.221Z,42.371,99574.349609375
1613782990664,2021-02-20T01:04:05.225Z,42.449,99574.349609375
1613782990742,2021-02-20T01:04:05.265Z,42.527,99575.021484375
1613782990819,2021-02-20T01:04:05.269Z,42.604,99575.021484375
1613782990897,2021-02-20T01:04:05.283Z,42.682,99575.021484375
1613782990975,2021-02-20T01:04:05.296Z,42.76,99575.021484375
1613782991052,2021-02-20T01:04:05.300Z,42.837,99575.021484375
1613782991130,2021-02-20T01:04:05.313Z,42.915,99575.021484375
1613782991208,2021-02-20T01:04:05.327Z,42.993,99574.349609375
1613782991285,2021-02-20T01:04:05.340Z,43.07,99574.349609375
1613782991363,2021-02-20T01:04:05.345Z,43.148,99574.349609375
1613782991440,2021-02-20T01:04:05.358Z,43.225,99574.349609375
1613782991518,2021-02-20T01:04:05.371Z,43.303,99574.349609375
1613782991596,2021-02-20T01:04:05.375Z,43.381,99574.349609375
1613782991673,2021-02-20T01:04:05.388Z,43.458,99574.349609375
1613782991751,2021-02-20T01:04:05.401Z,43.536,99574.349609375
1613782991829,2021-02-20T01:04:05.405Z,43.614,99574.349609375
1613782991906,2021-02-20T01:04:05.418Z,43.691,99574.349609375
1613782991984,2021-02-20T01:04:05.432Z,43.769,99574.349609375
1613782992062,2021-02-20T01:04:05.445Z,43.847,99574.349609375
1613782992139,2021-02-20T01:04:05.450Z,43.924,99574.349609375
1613782992217,2021-02-20T01:04:05.463Z,44.002,99574.349609375
1613782992294,2021-02-20T01:04:05.476Z,44.079,99574.349609375
1613782992372,2021-02-20T01:04:05.480Z,44.157,99574.349609375
1613782992450,2021-02-20T01:04:05.493Z,44.235,99574.349609375
1613782992527,2021-02-20T01:04:05.506Z,44.312,99575.021484375
1613782992605,2021-02-20T01:04:05.510Z,44.39,99574.349609375
1613782992683,2021-02-20T01:04:05.523Z,44.468,99574.349609375
1613782992760,2021-02-20T01:04:05.537Z,44.545,99575.021484375
1613782992838,2021-02-20T01:04:05.550Z,44.623,99575.021484375
1613782992916,2021-02-20T01:04:05.555Z,44.701,99575.021484375
1613782992993,2021-02-20T01:04:05.568Z,44.778,99575.021484375
1613782993071,2021-02-20T01:04:05.581Z,44.856,99575.021484375
1613782993149,2021-02-20T01:04:05.585Z,44.934,99575.021484375
1613782993226,2021-02-20T01:04:05.598Z,45.011,99575.685546875
1613782993304,2021-02-20T01:04:05.611Z,45.089,99575.021484375
1613782993381,2021-02-20T01:04:05.615Z,45.166,99575.021484375
1613782993459,2021-02-20T01:04:05.628Z,45.244,99575.021484375
1613782993537,2021-02-20T01:04:05.642Z,45.322,99574.349609375
1613782993616,2021-02-20T01:04:05.655Z,45.401,99574.349609375
1613782993693,2021-02-20T01:04:05.660Z,45.478,99574.349609375
1613782993771,2021-02-20T01:04:05.673Z,45.556,99574.349609375
1613782993849,2021-02-20T01:04:05.686Z,45.634,99574.349609375
1613782993926,2021-02-20T01:04:05.717Z,45.711,99574.349609375
1613782994004,2021-02-20T01:04:05.720Z,45.789,99575.021484375
1613782994082,2021-02-20T01:04:05.734Z,45.867,99574.349609375
1613782994159,2021-02-20T01:04:05.747Z,45.944,99575.021484375
1613782994237,2021-02-20T01:04:05.761Z,46.022,99574.349609375
1613782994315,2021-02-20T01:04:05.765Z,46.1,99574.349609375
1613782994392,2021-02-20T01:04:05.778Z,46.177,99574.349609375
1613782994470,2021-02-20T01:04:05.791Z,46.255,99574.349609375
1613782994547,2021-02-20T01:04:05.805Z,46.332,99574.349609375
1613782994625,2021-02-20T01:04:05.808Z,46.41,99574.349609375
1613782994703,2021-02-20T01:04:05.822Z,46.488,99574.349609375
1613782994780,2021-02-20T01:04:05.835Z,46.565,99574.349609375
1613782994858,2021-02-20T01:04:05.839Z,46.643,99574.349609375
1613782994936,2021-02-20T01:04:05.852Z,46.721,99574.349609375
1613782995013,2021-02-20T01:04:05.865Z,46.798,99574.349609375
1613782995091,2021-02-20T01:04:05.869Z,46.876,99574.349609375
1613782995169,2021-02-20T01:04:05.884Z,46.954,99574.349609375
1613782995246,2021-02-20T01:04:05.895Z,47.031,99575.021484375
1613782995324,2021-02-20T01:04:05.900Z,47.109,99575.021484375
1613782995401,2021-02-20T01:04:05.913Z,47.186,99575.021484375
1613782995479,2021-02-20T01:04:05.926Z,47.264,99575.021484375
1613782995557,2021-02-20T01:04:05.930Z,47.342,99575.021484375
1613782995634,2021-02-20T01:04:05.943Z,47.419,99575.685546875
1613782995712,2021-02-20T01:04:05.957Z,47.497,99575.685546875
1613782995790,2021-02-20T01:04:05.970Z,47.575,99575.021484375
1613782995867,2021-02-20T01:04:05.974Z,47.652,99575.021484375
1613782995945,2021-02-20T01:04:05.988Z,47.73,99575.021484375
1613782996023,2021-02-20T01:04:06.001Z,47.808,99575.021484375
1613782996100,2021-02-20T01:04:06.005Z,47.885,99575.685546875
1613782996178,2021-02-20T01:04:06.018Z,47.963,99575.685546875
1613782996255,2021-02-20T01:04:06.032Z,48.04,99575.685546875
1613782996335,2021-02-20T01:04:06.045Z,48.12,99575.685546875
1613782996411,2021-02-20T01:04:06.049Z,48.196,99575.685546875
1613782996488,2021-02-20T01:04:06.062Z,48.273,99575.685546875
1613782996566,2021-02-20T01:04:06.076Z,48.351,99576.349609375
1613782996645,2021-02-20T01:04:06.080Z,48.43,99576.349609375
1613782996723,2021-02-20T01:04:06.093Z,48.508,99576.349609375
1613782996800,2021-02-20T01:04:06.106Z,48.585,99576.349609375
1613782996878,2021-02-20T01:04:06.110Z,48.663,99577.162109375
1613782996956,2021-02-20T01:04:06.123Z,48.741,99577.162109375
1613782997033,2021-02-20T01:04:06.137Z,48.818,99576.349609375
1613782997111,2021-02-20T01:04:06.168Z,48.896,99577.162109375
1613782997189,2021-02-20T01:04:06.181Z,48.974,99577.162109375
1613782997266,2021-02-20T01:04:06.185Z,49.051,99577.162109375
1613782997344,2021-02-20T01:04:06.198Z,49.129,99576.349609375
1613782997421,2021-02-20T01:04:06.211Z,49.206,99576.349609375
1613782997499,2021-02-20T01:04:06.215Z,49.284,99576.349609375
1613782997577,2021-02-20T01:04:06.229Z,49.362,99576.349609375
1613782997654,2021-02-20T01:04:06.242Z,49.439,99576.349609375
1613782997732,2021-02-20T01:04:06.256Z,49.517,99576.349609375
1613782997810,2021-02-20T01:04:06.260Z,49.595,99576.349609375
1613782997887,2021-02-20T01:04:06.273Z,49.672,99576.349609375
1613782997965,2021-02-20T01:04:06.286Z,49.75,99576.349609375
1613782998043,2021-02-20T01:04:06.290Z,49.828,99576.349609375
1613782998120,2021-02-20T01:04:06.303Z,49.905,99575.685546875
1613782998198,2021-02-20T01:04:06.316Z,49.983,99575.685546875
1613782998275,2021-02-20T01:04:06.320Z,50.06,99575.685546875
1613782998353,2021-02-20T01:04:06.334Z,50.138,99575.685546875
1613782998431,2021-02-20T01:04:06.347Z,50.216,99575.685546875
1613782998508,2021-02-20T01:04:06.360Z,50.293,99575.685546875
1613782998586,2021-02-20T01:04:06.365Z,50.371,99575.685546875
1613782998664,2021-02-20T01:04:06.378Z,50.449,99575.685546875
1613782998741,2021-02-20T01:04:06.391Z,50.526,99575.685546875
1613782998819,2021-02-20T01:04:06.395Z,50.604,99575.685546875
1613782998897,2021-02-20T01:04:06.408Z,50.682,99575.685546875
1613782998974,2021-02-20T01:04:06.421Z,50.759,99575.685546875
1613782999052,2021-02-20T01:04:06.425Z,50.837,99575.685546875
1613782999129,2021-02-20T01:04:06.438Z,50.914,99575.021484375
1613782999207,2021-02-20T01:04:06.451Z,50.992,99575.021484375
1613782999285,2021-02-20T01:04:06.465Z,51.07,99575.685546875
1613782999362,2021-02-20T01:04:06.469Z,51.147,99575.021484375
1613782999440,2021-02-20T01:04:06.483Z,51.225,99575.685546875
1613782999518,2021-02-20T01:04:06.495Z,51.303,99575.685546875
1613782999595,2021-02-20T01:04:06.500Z,51.38,99575.021484375
1613782999673,2021-02-20T01:04:06.512Z,51.458,99575.021484375
1613782999751,2021-02-20T01:04:06.526Z,51.536,99575.021484375
1613782999828,2021-02-20T01:04:06.530Z,51.613,99575.021484375
1613782999906,2021-02-20T01:04:06.543Z,51.691,99575.021484375
1613782999983,2021-02-20T01:04:06.556Z,51.768,99575.021484375
1613783000061,2021-02-20T01:04:06.570Z,51.846,99575.021484375
1613783000139,2021-02-20T01:04:06.574Z,51.924,99575.021484375
1613783000216,2021-02-20T01:04:06.588Z,52.001,99575.021484375
1613783000294,2021-02-20T01:04:06.619Z,52.079,99575.021484375
1613783000372,2021-02-20T01:04:06.631Z,52.157,99575.021484375
1613783000449,2021-02-20T01:04:06.645Z,52.234,99575.021484375
1613783000528,2021-02-20T01:04:06.649Z,52.313,99575.021484375
1613783000606,2021-02-20T01:04:06.663Z,52.391,99575.021484375
1613783000684,2021-02-20T01:04:06.676Z,52.469,99575.021484375
1613783000761,2021-02-20T01:04:06.690Z,52.546,99575.021484375
1613783000839,2021-02-20T01:04:06.694Z,52.624,99575.021484375
1613783000917,2021-02-20T01:04:06.707Z,52.702,99575.685546875
1613783000994,2021-02-20T01:04:06.720Z,52.779,99575.021484375
1613783001072,2021-02-20T01:04:06.725Z,52.857,99575.021484375
1613783001149,2021-02-20T01:04:06.737Z,52.934,99575.021484375
1613783001227,2021-02-20T01:04:06.750Z,53.012,99575.021484375
1613783001305,2021-02-20T01:04:06.754Z,53.09,99575.021484375
1613783001382,2021-02-20T01:04:06.768Z,53.167,99575.685546875
1613783001460,2021-02-20T01:04:06.781Z,53.245,99575.685546875
1613783001538,2021-02-20T01:04:06.785Z,53.323,99575.685546875
1613783001615,2021-02-20T01:04:06.798Z,53.4,99575.685546875
1613783001693,2021-02-20T01:04:06.812Z,53.478,99575.685546875
1613783001771,2021-02-20T01:04:06.825Z,53.556,99575.685546875
1613783001848,2021-02-20T01:04:06.830Z,53.633,99575.685546875
1613783001926,2021-02-20T01:04:06.843Z,53.711,99575.685546875
1613783002003,2021-02-20T01:04:06.856Z,53.788,99575.685546875
1613783002083,2021-02-20T01:04:06.860Z,53.868,99575.685546875
1613783002160,2021-02-20T01:04:06.873Z,53.945,99575.685546875
1613783002238,2021-02-20T01:04:06.886Z,54.023,99575.685546875
1613783002315,2021-02-20T01:04:06.891Z,54.1,99575.685546875
1613783002393,2021-02-20T01:04:06.903Z,54.178,99575.685546875
1613783002471,2021-02-20T01:04:06.916Z,54.256,99575.685546875
1613783002548,2021-02-20T01:04:06.920Z,54.333,99575.685546875
1613783002626,2021-02-20T01:04:06.934Z,54.411,99575.685546875
1613783002704,2021-02-20T01:04:06.946Z,54.489,99576.349609375
1613783002781,2021-02-20T01:04:06.960Z,54.566,99575.685546875
1613783002859,2021-02-20T01:04:06.964Z,54.644,99576.349609375
1613783002937,2021-02-20T01:04:06.978Z,54.722,99576.349609375
1613783003014,2021-02-20T01:04:06.990Z,54.799,99576.349609375
1613783003092,2021-02-20T01:04:06.995Z,54.877,99575.685546875
1613783003169,2021-02-20T01:04:07.008Z,54.954,99575.685546875
1613783003247,2021-02-20T01:04:07.021Z,55.032,99576.349609375
1613783003325,2021-02-20T01:04:07.025Z,55.11,99576.349609375
1613783003402,2021-02-20T01:04:07.066Z,55.187,99576.349609375
1613783003480,2021-02-20T01:04:07.070Z,55.265,99576.349609375
1613783003558,2021-02-20T01:04:07.083Z,55.343,99576.349609375
1613783003635,2021-02-20T01:04:07.096Z,55.42,99576.349609375
1613783003713,2021-02-20T01:04:07.101Z,55.498,99576.349609375
1613783003791,2021-02-20T01:04:07.114Z,55.576,99577.013671875
1613783003868,2021-02-20T01:04:07.127Z,55.653,99576.349609375
1613783003946,2021-02-20T01:04:07.140Z,55.731,99576.349609375
1613783004024,2021-02-20T01:04:07.144Z,55.809,99576.349609375
1613783004101,2021-02-20T01:04:07.158Z,55.886,99576.349609375
1613783004179,2021-02-20T01:04:07.170Z,55.964,99576.349609375
1613783004256,2021-02-20T01:04:07.175Z,56.041,99576.349609375
1613783004334,2021-02-20T01:04:07.188Z,56.119,99576.349609375
1613783004412,2021-02-20T01:04:07.201Z,56.197,99576.349609375
1613783004491,2021-02-20T01:04:07.205Z,56.276,99576.349609375
1613783004568,2021-02-20T01:04:07.218Z,56.353,99576.349609375
1613783004646,2021-02-20T01:04:07.231Z,56.431,99576.349609375
1613783004724,2021-02-20T01:04:07.245Z,56.509,99576.349609375
1613783004801,2021-02-20T01:04:07.249Z,56.586,99575.685546875
1613783004879,2021-02-20T01:04:07.262Z,56.664,99575.685546875
1613783004957,2021-02-20T01:04:07.275Z,56.742,99575.685546875
1613783005034,2021-02-20T01:04:07.281Z,56.819,99576.349609375
1613783005112,2021-02-20T01:04:07.293Z,56.897,99576.349609375
1613783005190,2021-02-20T01:04:07.306Z,56.975,99576.349609375
1613783005267,2021-02-20T01:04:07.310Z,57.052,99577.013671875
1613783005345,2021-02-20T01:04:07.324Z,57.13,99576.349609375
1613783005422,2021-02-20T01:04:07.337Z,57.207,99576.349609375
1613783005500,2021-02-20T01:04:07.351Z,57.285,99576.349609375
1613783005578,2021-02-20T01:04:07.355Z,57.363,99576.349609375
1613783005655,2021-02-20T01:04:07.368Z,57.44,99576.349609375
1613783005733,2021-02-20T01:04:07.380Z,57.518,99576.349609375
1613783005811,2021-02-20T01:04:07.385Z,57.596,99576.349609375
1613783005888,2021-02-20T01:04:07.398Z,57.673,99576.349609375
1613783005966,2021-02-20T01:04:07.411Z,57.751,99575.685546875
1613783006044,2021-02-20T01:04:07.415Z,57.829,99575.685546875
1613783006121,2021-02-20T01:04:07.428Z,57.906,99576.349609375
1613783006199,2021-02-20T01:04:07.441Z,57.984,99576.349609375
1613783006276,2021-02-20T01:04:07.455Z,58.061,99576.349609375
1613783006354,2021-02-20T01:04:07.458Z,58.139,99576.349609375
1613783006432,2021-02-20T01:04:07.472Z,58.217,99575.685546875
1613783006509,2021-02-20T01:04:07.485Z,58.294,99576.349609375
1613783006587,2021-02-20T01:04:07.516Z,58.372,99576.349609375
1613783006665,2021-02-20T01:04:07.532Z,58.45,99576.349609375
1613783006742,2021-02-20T01:04:07.535Z,58.527,99576.349609375
1613783006820,2021-02-20T01:04:07.549Z,58.605,99576.349609375
1613783006898,2021-02-20T01:04:07.562Z,58.683,99576.349609375
1613783006975,2021-02-20T01:04:07.576Z,58.76,99576.349609375
1613783007053,2021-02-20T01:04:07.580Z,58.838,99576.349609375
1613783007130,2021-02-20T01:04:07.593Z,58.915,99576.349609375
1613783007208,2021-02-20T01:04:07.606Z,58.993,99576.349609375
1613783007286,2021-02-20T01:04:07.610Z,59.071,99576.349609375
1613783007363,2021-02-20T01:04:07.623Z,59.148,99576.349609375
1613783007441,2021-02-20T01:04:07.636Z,59.226,99576.349609375
1613783007520,2021-02-20T01:04:07.640Z,59.305,99576.349609375
1613783007596,2021-02-20T01:04:07.654Z,59.381,99576.349609375
1613783007674,2021-02-20T01:04:07.667Z,59.459,99577.013671875
1613783007752,2021-02-20T01:04:07.681Z,59.537,99577.013671875
1613783007829,2021-02-20T01:04:07.684Z,59.614,99577.013671875
1613783007907,2021-02-20T01:04:07.698Z,59.692,99577.013671875
1613783007984,2021-02-20T01:04:07.711Z,59.769,99577.013671875
1613783008062,2021-02-20T01:04:07.715Z,59.847,99577.013671875
1613783008140,2021-02-20T01:04:07.728Z,59.925,99577.013671875
1613783008217,2021-02-20T01:04:07.741Z,60.002,99577.677734375
1613783008295,2021-02-20T01:04:07.745Z,60.08,99577.677734375
1613783008373,2021-02-20T01:04:07.758Z,60.158,99577.677734375
1613783008450,2021-02-20T01:04:07.772Z,60.235,99577.677734375
1613783008528,2021-02-20T01:04:07.785Z,60.313,99577.677734375
1613783008606,2021-02-20T01:04:07.789Z,60.391,99577.677734375
1613783008685,2021-02-20T01:04:07.803Z,60.47,99577.677734375
1613783008762,2021-02-20T01:04:07.815Z,60.547,99577.677734375
1613783008840,2021-02-20T01:04:07.820Z,60.625,99577.677734375
1613783008918,2021-02-20T01:04:07.833Z,60.703,99577.677734375
1613783008995,2021-02-20T01:04:07.846Z,60.78,99577.677734375
1613783009073,2021-02-20T01:04:07.850Z,60.858,99577.677734375
1613783009150,2021-02-20T01:04:07.863Z,60.935,99577.677734375
1613783009228,2021-02-20T01:04:07.876Z,61.013,99577.677734375
1613783009306,2021-02-20T01:04:07.891Z,61.091,99577.677734375
1613783009383,2021-02-20T01:04:07.895Z,61.168,99577.677734375
1613783009461,2021-02-20T01:04:07.908Z,61.246,99577.677734375
1613783009539,2021-02-20T01:04:07.921Z,61.324,99577.677734375
1613783009616,2021-02-20T01:04:07.925Z,61.401,99577.677734375
1613783009694,2021-02-20T01:04:07.938Z,61.479,99577.677734375
1613783009772,2021-02-20T01:04:07.982Z,61.557,99577.677734375
1613783009849,2021-02-20T01:04:07.996Z,61.634,99577.677734375
1613783009927,2021-02-20T01:04:08.000Z,61.712,99577.677734375
1613783010004,2021-02-20T01:04:08.013Z,61.789,99577.677734375
1613783010082,2021-02-20T01:04:08.026Z,61.867,99577.677734375
1613783010160,2021-02-20T01:04:08.030Z,61.945,99577.677734375
1613783010237,2021-02-20T01:04:08.043Z,62.022,99577.677734375
1613783010315,2021-02-20T01:04:08.057Z,62.1,99577.677734375
1613783010393,2021-02-20T01:04:08.060Z,62.178,99577.677734375
1613783010470,2021-02-20T01:04:08.074Z,62.255,99577.677734375
1613783010548,2021-02-20T01:04:08.086Z,62.333,99577.013671875
1613783010626,2021-02-20T01:04:08.100Z,62.411,99576.208984375
1613783010703,2021-02-20T01:04:08.104Z,62.488,99577.013671875
1613783010781,2021-02-20T01:04:08.118Z,62.566,99577.013671875
1613783010858,2021-02-20T01:04:08.130Z,62.643,99577.013671875
1613783010936,2021-02-20T01:04:08.135Z,62.721,99576.349609375
1613783011014,2021-02-20T01:04:08.148Z,62.799,99576.349609375
1613783011091,2021-02-20T01:04:08.161Z,62.876,99576.349609375
1613783011169,2021-02-20T01:04:08.165Z,62.954,99576.349609375
1613783011247,2021-02-20T01:04:08.179Z,63.032,99577.013671875
1613783011324,2021-02-20T01:04:08.192Z,63.109,99576.349609375
1613783011402,2021-02-20T01:04:08.206Z,63.187,99577.013671875
1613783011480,2021-02-20T01:04:08.210Z,63.265,99577.013671875
1613783011557,2021-02-20T01:04:08.223Z,63.342,99577.013671875
1613783011635,2021-02-20T01:04:08.236Z,63.42,99577.013671875
1613783011714,2021-02-20T01:04:08.240Z,63.499,99577.013671875
1613783011792,2021-02-20T01:04:08.253Z,63.577,99576.208984375
1613783011869,2021-02-20T01:04:08.266Z,63.654,99576.208984375
1613783011947,2021-02-20T01:04:08.270Z,63.732,99576.208984375
1613783012024,2021-02-20T01:04:08.283Z,63.809,99576.208984375
1613783012102,2021-02-20T01:04:08.296Z,63.887,99576.208984375
1613783012180,2021-02-20T01:04:08.310Z,63.965,99576.208984375
1613783012257,2021-02-20T01:04:08.314Z,64.042,99576.208984375
1613783012335,2021-02-20T01:04:08.328Z,64.12,99576.208984375
1613783012413,2021-02-20T01:04:08.340Z,64.198,99576.208984375
1613783012490,2021-02-20T01:04:08.345Z,64.275,99576.208984375
1613783012568,2021-02-20T01:04:08.358Z,64.353,99576.208984375
1613783012646,2021-02-20T01:04:08.371Z,64.431,99576.208984375
1613783012723,2021-02-20T01:04:08.375Z,64.508,99576.208984375
1613783012801,2021-02-20T01:04:08.388Z,64.586,99576.208984375
1613783012878,2021-02-20T01:04:08.401Z,64.663,99576.208984375
1613783012956,2021-02-20T01:04:08.433Z,64.741,99576.208984375
1613783013034,2021-02-20T01:04:08.447Z,64.819,99576.208984375
1613783013111,2021-02-20T01:04:08.451Z,64.896,99576.208984375
1613783013189,2021-02-20T01:04:08.464Z,64.974,99576.208984375
1613783013267,2021-02-20T01:04:08.477Z,65.052,99576.208984375
1613783013344,2021-02-20T01:04:08.491Z,65.129,99575.537109375
1613783013422,2021-02-20T01:04:08.495Z,65.207,99575.537109375
1613783013500,2021-02-20T01:04:08.508Z,65.285,99575.537109375
1613783013577,2021-02-20T01:04:08.520Z,65.362,99575.537109375
1613783013655,2021-02-20T01:04:08.525Z,65.44,99574.880859375
1613783013732,2021-02-20T01:04:08.538Z,65.517,99575.537109375
1613783013810,2021-02-20T01:04:08.552Z,65.595,99575.537109375
1613783013888,2021-02-20T01:04:08.556Z,65.673,99575.537109375
1613783013965,2021-02-20T01:04:08.569Z,65.75,99575.537109375
1613783014043,2021-02-20T01:04:08.582Z,65.828,99575.537109375
1613783014121,2021-02-20T01:04:08.596Z,65.906,99575.537109375
1613783014198,2021-02-20T01:04:08.599Z,65.983,99575.537109375
1613783014276,2021-02-20T01:04:08.613Z,66.061,99575.537109375
1613783014354,2021-02-20T01:04:08.626Z,66.139,99575.537109375
1613783014431,2021-02-20T01:04:08.630Z,66.216,99575.537109375
1613783014509,2021-02-20T01:04:08.643Z,66.294,99575.537109375
1613783014586,2021-02-20T01:04:08.657Z,66.371,99575.537109375
1613783014664,2021-02-20T01:04:08.660Z,66.449,99576.208984375
1613783014743,2021-02-20T01:04:08.674Z,66.528,99576.208984375
1613783014819,2021-02-20T01:04:08.687Z,66.604,99576.208984375
1613783014897,2021-02-20T01:04:08.701Z,66.682,99576.208984375
1613783014975,2021-02-20T01:04:08.705Z,66.76,99576.208984375
1613783015054,2021-02-20T01:04:08.718Z,66.839,99576.208984375
1613783015131,2021-02-20T01:04:08.730Z,66.916,99575.537109375
1613783015209,2021-02-20T01:04:08.735Z,66.994,99575.537109375
1613783015287,2021-02-20T01:04:08.748Z,67.072,99575.537109375
1613783015364,2021-02-20T01:04:08.761Z,67.149,99575.537109375
1613783015442,2021-02-20T01:04:08.765Z,67.227,99575.537109375
1613783015520,2021-02-20T01:04:08.778Z,67.305,99575.537109375
1613783015597,2021-02-20T01:04:08.791Z,67.382,99575.537109375
1613783015675,2021-02-20T01:04:08.805Z,67.46,99575.537109375
1613783015753,2021-02-20T01:04:08.809Z,67.538,99575.537109375
1613783015830,2021-02-20T01:04:08.823Z,67.615,99575.537109375
1613783015908,2021-02-20T01:04:08.836Z,67.693,99575.537109375
1613783015985,2021-02-20T01:04:08.840Z,67.77,99575.537109375
1613783016063,2021-02-20T01:04:08.853Z,67.848,99575.537109375
1613783016141,2021-02-20T01:04:08.887Z,67.926,99575.537109375
1613783016218,2021-02-20T01:04:08.898Z,68.003,99575.537109375
1613783016296,2021-02-20T01:04:08.910Z,68.081,99575.537109375
1613783016374,2021-02-20T01:04:08.916Z,68.159,99575.537109375
1613783016451,2021-02-20T01:04:08.928Z,68.236,99575.537109375
1613783016529,2021-02-20T01:04:08.941Z,68.314,99575.537109375
1613783016607,2021-02-20T01:04:08.945Z,68.392,99576.208984375
1613783016684,2021-02-20T01:04:08.958Z,68.469,99576.208984375
1613783016762,2021-02-20T01:04:08.971Z,68.547,99576.208984375
1613783016839,2021-02-20T01:04:08.975Z,68.624,99576.208984375
1613783016917,2021-02-20T01:04:08.989Z,68.702,99576.208984375
1613783016995,2021-02-20T01:04:09.002Z,68.78,99576.208984375
1613783017072,2021-02-20T01:04:09.016Z,68.857,99576.208984375
1613783017150,2021-02-20T01:04:09.020Z,68.935,99576.208984375
1613783017228,2021-02-20T01:04:09.032Z,69.013,99576.208984375
1613783017305,2021-02-20T01:04:09.046Z,69.09,99576.208984375
1613783017383,2021-02-20T01:04:09.050Z,69.168,99576.208984375
1613783017461,2021-02-20T01:04:09.063Z,69.246,99576.208984375
1613783017538,2021-02-20T01:04:09.076Z,69.323,99576.865234375
1613783017616,2021-02-20T01:04:09.080Z,69.401,99576.208984375
1613783017693,2021-02-20T01:04:09.093Z,69.478,99576.865234375
1613783017771,2021-02-20T01:04:09.107Z,69.556,99576.865234375
1613783017849,2021-02-20T01:04:09.111Z,69.634,99576.208984375
1613783017926,2021-02-20T01:04:09.124Z,69.711,99576.865234375
1613783018004,2021-02-20T01:04:09.137Z,69.789,99576.865234375
1613783018082,2021-02-20T01:04:09.151Z,69.867,99576.865234375
1613783018159,2021-02-20T01:04:09.155Z,69.944,99576.865234375
1613783018237,2021-02-20T01:04:09.168Z,70.022,99576.865234375
1613783018315,2021-02-20T01:04:09.181Z,70.1,99576.865234375
1613783018392,2021-02-20T01:04:09.185Z,70.177,99576.060546875
1613783018470,2021-02-20T01:04:09.198Z,70.255,99576.060546875
1613783018547,2021-02-20T01:04:09.212Z,70.332,99576.060546875
1613783018625,2021-02-20T01:04:09.225Z,70.41,99576.060546875
1613783018703,2021-02-20T01:04:09.229Z,70.488,99576.060546875
1613783018780,2021-02-20T01:04:09.242Z,70.565,99576.060546875
1613783018858,2021-02-20T01:04:09.256Z,70.643,99576.865234375
1613783018936,2021-02-20T01:04:09.260Z,70.721,99576.865234375
1613783019013,2021-02-20T01:04:09.273Z,70.798,99576.865234375
1613783019091,2021-02-20T01:04:09.286Z,70.876,99576.208984375
1613783019169,2021-02-20T01:04:09.290Z,70.954,99576.208984375
1613783019248,2021-02-20T01:04:09.331Z,71.033,99576.865234375
1613783019324,2021-02-20T01:04:09.335Z,71.109,99576.865234375
1613783019401,2021-02-20T01:04:09.348Z,71.186,99576.865234375
1613783019479,2021-02-20T01:04:09.361Z,71.264,99576.865234375
1613783019557,2021-02-20T01:04:09.365Z,71.342,99576.865234375
1613783019634,2021-02-20T01:04:09.378Z,71.419,99576.208984375
1613783019712,2021-02-20T01:04:09.391Z,71.497,99575.396484375
1613783019790,2021-02-20T01:04:09.395Z,71.575,99575.396484375
1613783019867,2021-02-20T01:04:09.408Z,71.652,99575.396484375
1613783019945,2021-02-20T01:04:09.421Z,71.73,99575.396484375
1613783020024,2021-02-20T01:04:09.435Z,71.809,99575.396484375
1613783020102,2021-02-20T01:04:09.440Z,71.887,99575.396484375
1613783020179,2021-02-20T01:04:09.452Z,71.964,99575.396484375
1613783020257,2021-02-20T01:04:09.465Z,72.042,99575.396484375
1613783020335,2021-02-20T01:04:09.470Z,72.12,99575.396484375
1613783020412,2021-02-20T01:04:09.483Z,72.197,99575.396484375
1613783020490,2021-02-20T01:04:09.496Z,72.275,99575.396484375
1613783020567,2021-02-20T01:04:09.500Z,72.352,99575.396484375
1613783020645,2021-02-20T01:04:09.514Z,72.43,99574.732421875
1613783020723,2021-02-20T01:04:09.528Z,72.508,99574.732421875
1613783020800,2021-02-20T01:04:09.541Z,72.585,99574.732421875
1613783020878,2021-02-20T01:04:09.545Z,72.663,99574.732421875
1613783020956,2021-02-20T01:04:09.558Z,72.741,99574.732421875
1613783021033,2021-02-20T01:04:09.571Z,72.818,99574.732421875
1613783021111,2021-02-20T01:04:09.574Z,72.896,99574.732421875
1613783021189,2021-02-20T01:04:09.587Z,72.974,99574.732421875
1613783021266,2021-02-20T01:04:09.601Z,73.051,99574.732421875
1613783021344,2021-02-20T01:04:09.605Z,73.129,99574.732421875
1613783021421,2021-02-20T01:04:09.618Z,73.206,99574.732421875
1613783021499,2021-02-20T01:04:09.631Z,73.284,99575.396484375
1613783021577,2021-02-20T01:04:09.645Z,73.362,99575.396484375
1613783021654,2021-02-20T01:04:09.649Z,73.439,99575.396484375
1613783021732,2021-02-20T01:04:09.663Z,73.517,99575.396484375
1613783021810,2021-02-20T01:04:09.676Z,73.595,99575.396484375
1613783021887,2021-02-20T01:04:09.680Z,73.672,99575.396484375
1613783021965,2021-02-20T01:04:09.692Z,73.75,99575.396484375
1613783022043,2021-02-20T01:04:09.706Z,73.828,99575.396484375
1613783022120,2021-02-20T01:04:09.710Z,73.905,99575.396484375
1613783022198,2021-02-20T01:04:09.723Z,73.983,99575.396484375
1613783022275,2021-02-20T01:04:09.736Z,74.06,99575.396484375
1613783022353,2021-02-20T01:04:09.750Z,74.138,99575.396484375
1613783022431,2021-02-20T01:04:09.782Z,74.216,99574.732421875
1613783022508,2021-02-20T01:04:09.795Z,74.293,99575.396484375
1613783022586,2021-02-20T01:04:09.799Z,74.371,99575.396484375
1613783022664,2021-02-20T01:04:09.812Z,74.449,99575.396484375
1613783022741,2021-02-20T01:04:09.826Z,74.526,99576.060546875
1613783022819,2021-02-20T01:04:09.830Z,74.604,99576.060546875
1613783022897,2021-02-20T01:04:09.842Z,74.682,99576.060546875
1613783022974,2021-02-20T01:04:09.855Z,74.759,99576.060546875
1613783023052,2021-02-20T01:04:09.860Z,74.837,99576.060546875
1613783023129,2021-02-20T01:04:09.873Z,74.914,99576.060546875
1613783023207,2021-02-20T01:04:09.886Z,74.992,99576.060546875
1613783023285,2021-02-20T01:04:09.890Z,75.07,99576.060546875
1613783023362,2021-02-20T01:04:09.904Z,75.147,99576.724609375
1613783023440,2021-02-20T01:04:09.917Z,75.225,99576.724609375
1613783023518,2021-02-20T01:04:09.930Z,75.303,99576.724609375
1613783023595,2021-02-20T01:04:09.934Z,75.38,99576.724609375
1613783023673,2021-02-20T01:04:09.948Z,75.458,99577.396484375
1613783023751,2021-02-20T01:04:09.961Z,75.536,99577.396484375
1613783023828,2021-02-20T01:04:09.965Z,75.613,99577.396484375
1613783023906,2021-02-20T01:04:09.978Z,75.691,99576.552734375
1613783023983,2021-02-20T01:04:09.991Z,75.768,99576.552734375
1613783024061,2021-02-20T01:04:09.995Z,75.846,99576.552734375
1613783024139,2021-02-20T01:04:10.009Z,75.924,99576.552734375
1613783024216,2021-02-20T01:04:10.021Z,76.001,99576.552734375
1613783024294,2021-02-20T01:04:10.035Z,76.079,99576.552734375
1613783024373,2021-02-20T01:04:10.039Z,76.158,99576.552734375
1613783024451,2021-02-20T01:04:10.052Z,76.236,99576.552734375
1613783024528,2021-02-20T01:04:10.065Z,76.313,99576.552734375
1613783024606,2021-02-20T01:04:10.069Z,76.391,99576.552734375
1613783024684,2021-02-20T01:04:10.082Z,76.469,99576.552734375
1613783024761,2021-02-20T01:04:10.096Z,76.546,99575.888671875
1613783024839,2021-02-20T01:04:10.100Z,76.624,99575.888671875
1613783024917,2021-02-20T01:04:10.113Z,76.702,99575.888671875
1613783024994,2021-02-20T01:04:10.126Z,76.779,99575.888671875
1613783025072,2021-02-20T01:04:10.130Z,76.857,99575.888671875
1613783025149,2021-02-20T01:04:10.143Z,76.934,99575.888671875
1613783025227,2021-02-20T01:04:10.157Z,77.012,99575.888671875
1613783025305,2021-02-20T01:04:10.170Z,77.09,99576.552734375
1613783025382,2021-02-20T01:04:10.175Z,77.167,99576.552734375
1613783025460,2021-02-20T01:04:10.188Z,77.245,99576.552734375
1613783025538,2021-02-20T01:04:10.201Z,77.323,99576.552734375
1613783025615,2021-02-20T01:04:10.232Z,77.4,99576.552734375
1613783025693,2021-02-20T01:04:10.246Z,77.478,99576.552734375
1613783025771,2021-02-20T01:04:10.250Z,77.556,99576.552734375
1613783025848,2021-02-20T01:04:10.263Z,77.633,99576.552734375
1613783025926,2021-02-20T01:04:10.276Z,77.711,99576.552734375
1613783026003,2021-02-20T01:04:10.280Z,77.788,99575.888671875
1613783026081,2021-02-20T01:04:10.293Z,77.866,99575.888671875
1613783026159,2021-02-20T01:04:10.306Z,77.944,99575.888671875
1613783026236,2021-02-20T01:04:10.320Z,78.021,99575.888671875
1613783026314,2021-02-20T01:04:10.324Z,78.099,99576.552734375
1613783026392,2021-02-20T01:04:10.338Z,78.177,99576.552734375
1613783026469,2021-02-20T01:04:10.351Z,78.254,99576.552734375
1613783026547,2021-02-20T01:04:10.354Z,78.332,99577.396484375
1613783026625,2021-02-20T01:04:10.367Z,78.41,99577.396484375
1613783026702,2021-02-20T01:04:10.381Z,78.487,99576.552734375
1613783026780,2021-02-20T01:04:10.385Z,78.565,99577.396484375
1613783026857,2021-02-20T01:04:10.399Z,78.642,99575.888671875
1613783026935,2021-02-20T01:04:10.412Z,78.72,99575.888671875
1613783027013,2021-02-20T01:04:10.426Z,78.798,99575.888671875
1613783027090,2021-02-20T01:04:10.430Z,78.875,99575.888671875
1613783027168,2021-02-20T01:04:10.443Z,78.953,99575.888671875
1613783027246,2021-02-20T01:04:10.456Z,79.031,99575.888671875
1613783027323,2021-02-20T01:04:10.470Z,79.108,99576.724609375
1613783027401,2021-02-20T01:04:10.473Z,79.186,99576.724609375
1613783027479,2021-02-20T01:04:10.487Z,79.264,99576.724609375
1613783027556,2021-02-20T01:04:10.500Z,79.341,99576.724609375
1613783027634,2021-02-20T01:04:10.503Z,79.419,99576.724609375
1613783027711,2021-02-20T01:04:10.516Z,79.496,99576.724609375
1613783027789,2021-02-20T01:04:10.530Z,79.574,99577.396484375
1613783027867,2021-02-20T01:04:10.534Z,79.652,99577.396484375
1613783027944,2021-02-20T01:04:10.548Z,79.729,99577.396484375
1613783028022,2021-02-20T01:04:10.561Z,79.807,99577.396484375
1613783028100,2021-02-20T01:04:10.565Z,79.885,99577.396484375
1613783028177,2021-02-20T01:04:10.578Z,79.962,99577.396484375
1613783028255,2021-02-20T01:04:10.592Z,80.04,99577.396484375
1613783028333,2021-02-20T01:04:10.596Z,80.118,99576.724609375
1613783028410,2021-02-20T01:04:10.609Z,80.195,99577.396484375
1613783028488,2021-02-20T01:04:10.622Z,80.273,99577.396484375
1613783028565,2021-02-20T01:04:10.636Z,80.35,99576.724609375
1613783028643,2021-02-20T01:04:10.639Z,80.428,99576.724609375
1613783028721,2021-02-20T01:04:10.653Z,80.506,99575.888671875
1613783028798,2021-02-20T01:04:10.684Z,80.583,99575.888671875
1613783028876,2021-02-20T01:04:10.697Z,80.661,99575.888671875
1613783028954,2021-02-20T01:04:10.710Z,80.739,99575.888671875
1613783029031,2021-02-20T01:04:10.714Z,80.816,99575.888671875
1613783029109,2021-02-20T01:04:10.727Z,80.894,99575.888671875
1613783029188,2021-02-20T01:04:10.740Z,80.973,99575.888671875
1613783029264,2021-02-20T01:04:10.744Z,81.049,99575.888671875
1613783029342,2021-02-20T01:04:10.757Z,81.127,99576.724609375
1613783029419,2021-02-20T01:04:10.771Z,81.204,99575.888671875
1613783029497,2021-02-20T01:04:10.775Z,81.282,99576.724609375
1613783029575,2021-02-20T01:04:10.788Z,81.36,99576.724609375
1613783029652,2021-02-20T01:04:10.801Z,81.437,99575.888671875
1613783029730,2021-02-20T01:04:10.815Z,81.515,99576.724609375
1613783029808,2021-02-20T01:04:10.818Z,81.593,99576.724609375
1613783029885,2021-02-20T01:04:10.832Z,81.67,99575.888671875
1613783029963,2021-02-20T01:04:10.845Z,81.748,99576.552734375
1613783030041,2021-02-20T01:04:10.850Z,81.826,99575.888671875
1613783030118,2021-02-20T01:04:10.863Z,81.903,99575.888671875
1613783030196,2021-02-20T01:04:10.876Z,81.981,99575.888671875
1613783030274,2021-02-20T01:04:10.880Z,82.059,99575.888671875
1613783030351,2021-02-20T01:04:10.894Z,82.136,99576.552734375
1613783030429,2021-02-20T01:04:10.906Z,82.214,99576.552734375
1613783030508,2021-02-20T01:04:10.910Z,82.293,99576.552734375
1613783030586,2021-02-20T01:04:10.923Z,82.371,99576.552734375
1613783030663,2021-02-20T01:04:10.937Z,82.448,99575.888671875
1613783030741,2021-02-20T01:04:10.940Z,82.526,99575.888671875
1613783030818,2021-02-20T01:04:10.954Z,82.603,99575.888671875
1613783030896,2021-02-20T01:04:10.967Z,82.681,99575.888671875
1613783030974,2021-02-20T01:04:10.981Z,82.759,99575.888671875
1613783031051,2021-02-20T01:04:10.985Z,82.836,99575.224609375
1613783031129,2021-02-20T01:04:10.998Z,82.914,99575.224609375
1613783031207,2021-02-20T01:04:11.012Z,82.992,99575.224609375
1613783031284,2021-02-20T01:04:11.026Z,83.069,99575.224609375
1613783031362,2021-02-20T01:04:11.028Z,83.147,99575.224609375
1613783031440,2021-02-20T01:04:11.042Z,83.225,99574.552734375
1613783031517,2021-02-20T01:04:11.055Z,83.302,99574.552734375
1613783031595,2021-02-20T01:04:11.060Z,83.38,99574.552734375
1613783031672,2021-02-20T01:04:11.072Z,83.457,99574.552734375
1613783031750,2021-02-20T01:04:11.086Z,83.535,99574.552734375
1613783031828,2021-02-20T01:04:11.090Z,83.613,99575.224609375
1613783031905,2021-02-20T01:04:11.103Z,83.69,99574.552734375
1613783031983,2021-02-20T01:04:11.134Z,83.768,99574.552734375
1613783032061,2021-02-20T01:04:11.148Z,83.846,99574.552734375
1613783032138,2021-02-20T01:04:11.161Z,83.923,99574.552734375
1613783032216,2021-02-20T01:04:11.164Z,84.001,99573.896484375
1613783032294,2021-02-20T01:04:11.178Z,84.079,99573.896484375
1613783032371,2021-02-20T01:04:11.191Z,84.156,99573.896484375
1613783032449,2021-02-20T01:04:11.195Z,84.234,99573.896484375
1613783032526,2021-02-20T01:04:11.208Z,84.311,99573.896484375
1613783032604,2021-02-20T01:04:11.221Z,84.389,99573.896484375
1613783032682,2021-02-20T01:04:11.226Z,84.467,99573.896484375
1613783032759,2021-02-20T01:04:11.239Z,84.544,99573.896484375
1613783032837,2021-02-20T01:04:11.251Z,84.622,99573.896484375
1613783032915,2021-02-20T01:04:11.265Z,84.7,99574.552734375
1613783032992,2021-02-20T01:04:11.269Z,84.777,99574.552734375
1613783033070,2021-02-20T01:04:11.283Z,84.855,99574.552734375
1613783033148,2021-02-20T01:04:11.296Z,84.933,99574.552734375
1613783033225,2021-02-20T01:04:11.300Z,85.01,99574.552734375
1613783033303,2021-02-20T01:04:11.313Z,85.088,99575.224609375
1613783033382,2021-02-20T01:04:11.327Z,85.167,99575.224609375
1613783033460,2021-02-20T01:04:11.340Z,85.245,99575.224609375
1613783033537,2021-02-20T01:04:11.345Z,85.322,99575.224609375
1613783033615,2021-02-20T01:04:11.358Z,85.4,99575.224609375
1613783033692,2021-02-20T01:04:11.371Z,85.477,99575.888671875
1613783033770,2021-02-20T01:04:11.374Z,85.555,99575.888671875
1613783033848,2021-02-20T01:04:11.387Z,85.633,99575.888671875
1613783033925,2021-02-20T01:04:11.400Z,85.71,99575.888671875
1613783034003,2021-02-20T01:04:11.405Z,85.788,99575.888671875
1613783034081,2021-02-20T01:04:11.418Z,85.866,99576.552734375
1613783034158,2021-02-20T01:04:11.431Z,85.943,99575.888671875
1613783034236,2021-02-20T01:04:11.435Z,86.021,99575.888671875
1613783034314,2021-02-20T01:04:11.448Z,86.099,99575.888671875
1613783034391,2021-02-20T01:04:11.461Z,86.176,99575.888671875
1613783034469,2021-02-20T01:04:11.475Z,86.254,99575.888671875
1613783034546,2021-02-20T01:04:11.479Z,86.331,99575.888671875
1613783034624,2021-02-20T01:04:11.493Z,86.409,99575.888671875
1613783034702,2021-02-20T01:04:11.506Z,86.487,99575.888671875
1613783034779,2021-02-20T01:04:11.510Z,86.564,99575.888671875
1613783034857,2021-02-20T01:04:11.523Z,86.642,99576.552734375
1613783034935,2021-02-20T01:04:11.536Z,86.72,99576.552734375
1613783035012,2021-02-20T01:04:11.540Z,86.797,99576.552734375
1613783035090,2021-02-20T01:04:11.581Z,86.875,99576.552734375
1613783035168,2021-02-20T01:04:11.585Z,86.953,99576.552734375
1613783035245,2021-02-20T01:04:11.598Z,87.03,99576.552734375
1613783035323,2021-02-20T01:04:11.612Z,87.108,99576.552734375
1613783035400,2021-02-20T01:04:11.615Z,87.185,99576.552734375
1613783035478,2021-02-20T01:04:11.629Z,87.263,99576.552734375
1613783035556,2021-02-20T01:04:11.641Z,87.341,99575.888671875
1613783035633,2021-02-20T01:04:11.655Z,87.418,99575.888671875
