epoch (ms),time (-07:00),elapsed (s),Pressure (Pa)
1614182188047,2021-02-24T15:57:03.738Z,78.18,99365.53385416669
1614182188086,2021-02-24T15:57:03.740Z,78.219,99365.53385416669
1614182188126,2021-02-24T15:57:03.752Z,78.259,99366.34635416669
1614182188165,2021-02-24T15:57:03.754Z,78.298,99366.34635416669
1614182188205,2021-02-24T15:57:03.756Z,78.33800000000001,99366.34635416669
1614182188245,2021-02-24T15:57:03.767Z,78.378,99366.34635416669
1614182188284,2021-02-24T15:57:03.769Z,78.417,99365.53385416669
1614182188324,2021-02-24T15:57:03.771Z,78.457,99365.53385416669
1614182188363,2021-02-24T15:57:03.782Z,78.49600000000001,99365.53385416669
1614182188403,2021-02-24T15:57:03.784Z,78.536,99365.53385416669
1614182188444,2021-02-24T15:57:03.796Z,78.577,99366.34635416669
1614182188483,2021-02-24T15:57:03.798Z,78.616,99366.34635416669
1614182188523,2021-02-24T15:57:03.800Z,78.656,99366.34635416669
1614182188562,2021-02-24T15:57:03.811Z,78.695,99366.34635416669
1614182188602,2021-02-24T15:57:03.814Z,78.735,99366.34635416669
1614182188641,2021-02-24T15:57:03.816Z,78.774,99366.34635416669
1614182188681,2021-02-24T15:57:03.827Z,78.814,99366.34635416669
1614182188721,2021-02-24T15:57:03.829Z,78.854,99366.34635416669
1614182188760,2021-02-24T15:57:03.831Z,78.893,99366.34635416669
1614182188800,2021-02-24T15:57:03.842Z,78.933,99366.34635416669
1614182188839,2021-02-24T15:57:03.844Z,78.972,99366.34635416669
1614182188880,2021-02-24T15:57:03.846Z,79.013,99366.34635416669
1614182188920,2021-02-24T15:57:03.917Z,79.053,99366.34635416669
1614182188959,2021-02-24T15:57:03.919Z,79.092,99366.34635416669
1614182188999,2021-02-24T15:57:03.921Z,79.132,99366.34635416669
1614182189038,2021-02-24T15:57:03.932Z,79.171,99366.34635416669
1614182189078,2021-02-24T15:57:03.934Z,79.211,99365.53385416669
1614182189118,2021-02-24T15:57:03.936Z,79.251,99365.53385416669
1614182189157,2021-02-24T15:57:03.948Z,79.29,99365.53385416669
1614182189197,2021-02-24T15:57:03.950Z,79.33,99365.53385416669
1614182189236,2021-02-24T15:57:03.961Z,79.369,99365.53385416669
1614182189276,2021-02-24T15:57:03.964Z,79.40899999999999,99366.19010416669
1614182189317,2021-02-24T15:57:03.966Z,79.45,99366.19010416669
1614182189356,2021-02-24T15:57:03.992Z,79.48899999999999,99366.34635416669
1614182189396,2021-02-24T15:57:03.994Z,79.529,99366.34635416669
1614182189435,2021-02-24T15:57:03.996Z,79.568,99366.34635416669
1614182189475,2021-02-24T15:57:04.007Z,79.608,99366.34635416669
1614182189515,2021-02-24T15:57:04.009Z,79.648,99367.00260416669
1614182189554,2021-02-24T15:57:04.011Z,79.687,99367.00260416669
1614182189594,2021-02-24T15:57:04.023Z,79.727,99366.34635416669
1614182189633,2021-02-24T15:57:04.025Z,79.766,99366.34635416669
1614182189673,2021-02-24T15:57:04.036Z,79.806,99365.53385416669
1614182189712,2021-02-24T15:57:04.038Z,79.845,99365.53385416669
1614182189753,2021-02-24T15:57:04.041Z,79.88600000000001,99366.19010416669
1614182189793,2021-02-24T15:57:04.052Z,79.926,99366.19010416669
1614182189832,2021-02-24T15:57:04.054Z,79.965,99366.19010416669
1614182189872,2021-02-24T15:57:04.057Z,80.005,99366.19010416669
1614182189911,2021-02-24T15:57:04.067Z,80.044,99366.19010416669
1614182189951,2021-02-24T15:57:04.069Z,80.084,99366.19010416669
1614182189991,2021-02-24T15:57:04.071Z,80.124,99366.19010416669
1614182190030,2021-02-24T15:57:04.098Z,80.163,99366.19010416669
1614182190070,2021-02-24T15:57:04.100Z,80.203,99366.19010416669
1614182190109,2021-02-24T15:57:04.111Z,80.242,99366.19010416669
1614182190149,2021-02-24T15:57:04.113Z,80.282,99366.19010416669
1614182190190,2021-02-24T15:57:04.115Z,80.32300000000001,99366.19010416669
1614182190229,2021-02-24T15:57:04.127Z,80.362,99366.19010416669
1614182190269,2021-02-24T15:57:04.129Z,80.402,99366.19010416669
1614182190308,2021-02-24T15:57:04.131Z,80.441,99367.00260416669
1614182190348,2021-02-24T15:57:04.142Z,80.48100000000001,99367.00260416669
1614182190388,2021-02-24T15:57:04.144Z,80.521,99367.00260416669
1614182190427,2021-02-24T15:57:04.146Z,80.56,99367.00260416669
1614182190467,2021-02-24T15:57:04.157Z,80.6,99366.19010416669
1614182190506,2021-02-24T15:57:04.159Z,80.639,99366.19010416669
1614182190546,2021-02-24T15:57:04.171Z,80.679,99366.19010416669
1614182190585,2021-02-24T15:57:04.173Z,80.718,99366.19010416669
1614182190626,2021-02-24T15:57:04.175Z,80.759,99365.53385416669
1614182190666,2021-02-24T15:57:04.187Z,80.79899999999999,99365.53385416669
1614182190705,2021-02-24T15:57:04.189Z,80.83800000000001,99366.34635416669
1614182190745,2021-02-24T15:57:04.191Z,80.878,99366.34635416669
1614182190785,2021-02-24T15:57:04.202Z,80.918,99366.34635416669
1614182190824,2021-02-24T15:57:04.204Z,80.957,99366.34635416669
1614182190864,2021-02-24T15:57:04.216Z,80.997,99366.34635416669
1614182190903,2021-02-24T15:57:04.218Z,81.036,99366.34635416669
1614182190943,2021-02-24T15:57:04.220Z,81.07600000000001,99366.34635416669
1614182190982,2021-02-24T15:57:04.232Z,81.115,99366.34635416669
1614182191022,2021-02-24T15:57:04.234Z,81.155,99366.34635416669
1614182191063,2021-02-24T15:57:04.236Z,81.196,99367.00260416669
1614182191102,2021-02-24T15:57:04.247Z,81.235,99367.00260416669
1614182191142,2021-02-24T15:57:04.249Z,81.275,99367.00260416669
1614182191182,2021-02-24T15:57:04.251Z,81.315,99367.00260416669
1614182191221,2021-02-24T15:57:04.262Z,81.354,99366.34635416669
1614182191261,2021-02-24T15:57:04.264Z,81.39399999999999,99366.34635416669
1614182191300,2021-02-24T15:57:04.276Z,81.433,99366.19010416669
1614182191340,2021-02-24T15:57:04.278Z,81.473,99366.19010416669
1614182191379,2021-02-24T15:57:04.280Z,81.512,99366.19010416669
1614182191419,2021-02-24T15:57:04.291Z,81.55199999999999,99366.19010416669
1614182191458,2021-02-24T15:57:04.294Z,81.59100000000001,99365.53385416669
1614182191498,2021-02-24T15:57:04.296Z,81.631,99365.53385416669
1614182191539,2021-02-24T15:57:04.308Z,81.672,99365.53385416669
1614182191578,2021-02-24T15:57:04.310Z,81.711,99365.53385416669
1614182191618,2021-02-24T15:57:04.322Z,81.751,99365.53385416669
1614182191658,2021-02-24T15:57:04.329Z,81.791,99365.53385416669
1614182191697,2021-02-24T15:57:04.330Z,81.83,99365.53385416669
1614182191737,2021-02-24T15:57:04.337Z,81.87,99365.53385416669
1614182191776,2021-02-24T15:57:04.339Z,81.90899999999999,99365.53385416669
1614182191816,2021-02-24T15:57:04.342Z,81.949,99365.53385416669
1614182191855,2021-02-24T15:57:04.352Z,81.988,99365.53385416669
1614182191895,2021-02-24T15:57:04.354Z,82.02799999999999,99365.53385416669
1614182191934,2021-02-24T15:57:04.366Z,82.06700000000001,99365.53385416669
1614182191975,2021-02-24T15:57:04.368Z,82.10799999999999,99365.53385416669
1614182192015,2021-02-24T15:57:04.412Z,82.148,99365.53385416669
1614182192055,2021-02-24T15:57:04.414Z,82.18799999999999,99365.53385416669
1614182192094,2021-02-24T15:57:04.416Z,82.227,99365.53385416669
1614182192134,2021-02-24T15:57:04.427Z,82.26700000000001,99365.53385416669
1614182192173,2021-02-24T15:57:04.429Z,82.306,99365.53385416669
1614182192213,2021-02-24T15:57:04.431Z,82.346,99365.53385416669
1614182192252,2021-02-24T15:57:04.457Z,82.385,99366.34635416669
1614182192292,2021-02-24T15:57:04.459Z,82.425,99366.34635416669
1614182192331,2021-02-24T15:57:04.472Z,82.464,99366.34635416669
1614182192371,2021-02-24T15:57:04.473Z,82.50399999999999,99366.34635416669
1614182192412,2021-02-24T15:57:04.475Z,82.545,99366.34635416669
1614182192452,2021-02-24T15:57:04.486Z,82.585,99366.34635416669
1614182192491,2021-02-24T15:57:04.489Z,82.624,99366.34635416669
1614182192531,2021-02-24T15:57:04.491Z,82.664,99366.34635416669
1614182192570,2021-02-24T15:57:04.502Z,82.70299999999999,99366.34635416669
1614182192610,2021-02-24T15:57:04.504Z,82.743,99366.34635416669
1614182192649,2021-02-24T15:57:04.516Z,82.78200000000001,99366.34635416669
1614182192689,2021-02-24T15:57:04.518Z,82.822,99366.34635416669
1614182192728,2021-02-24T15:57:04.520Z,82.861,99366.34635416669
1614182192768,2021-02-24T15:57:04.546Z,82.90100000000001,99366.34635416669
1614182192807,2021-02-24T15:57:04.549Z,82.94,99367.00260416669
1614182192847,2021-02-24T15:57:04.551Z,82.98,99366.34635416669
1614182192888,2021-02-24T15:57:04.562Z,83.021,99366.34635416669
1614182192928,2021-02-24T15:57:04.564Z,83.061,99365.53385416669
1614182192967,2021-02-24T15:57:04.566Z,83.1,99365.53385416669
1614182193007,2021-02-24T15:57:04.577Z,83.14,99365.53385416669
1614182193046,2021-02-24T15:57:04.580Z,83.179,99365.53385416669
1614182193086,2021-02-24T15:57:04.591Z,83.219,99366.34635416669
1614182193125,2021-02-24T15:57:04.593Z,83.258,99366.34635416669
1614182193165,2021-02-24T15:57:04.596Z,83.29799999999999,99366.34635416669
1614182193204,2021-02-24T15:57:04.606Z,83.337,99366.34635416669
1614182193244,2021-02-24T15:57:04.609Z,83.37700000000001,99366.34635416669
1614182193284,2021-02-24T15:57:04.611Z,83.417,99366.34635416669
1614182193325,2021-02-24T15:57:04.622Z,83.458,99366.34635416669
1614182193364,2021-02-24T15:57:04.624Z,83.49700000000001,99366.34635416669
1614182193404,2021-02-24T15:57:04.627Z,83.537,99365.69010416669
1614182193443,2021-02-24T15:57:04.652Z,83.57600000000001,99365.69010416669
1614182193483,2021-02-24T15:57:04.654Z,83.616,99366.34635416669
1614182193522,2021-02-24T15:57:04.657Z,83.655,99366.34635416669
1614182193562,2021-02-24T15:57:04.668Z,83.695,99365.69010416669
1614182193601,2021-02-24T15:57:04.670Z,83.734,99365.69010416669
1614182193641,2021-02-24T15:57:04.681Z,83.774,99365.69010416669
1614182193681,2021-02-24T15:57:04.683Z,83.814,99365.69010416669
1614182193720,2021-02-24T15:57:04.686Z,83.853,99366.34635416669
1614182193761,2021-02-24T15:57:04.697Z,83.89399999999999,99366.34635416669
1614182193801,2021-02-24T15:57:04.699Z,83.934,99366.34635416669
1614182193840,2021-02-24T15:57:04.701Z,83.973,99366.34635416669
1614182193880,2021-02-24T15:57:04.713Z,84.01299999999999,99366.34635416669
1614182193919,2021-02-24T15:57:04.714Z,84.052,99366.34635416669
1614182193959,2021-02-24T15:57:04.717Z,84.09200000000001,99366.34635416669
1614182193998,2021-02-24T15:57:04.727Z,84.131,99366.34635416669
1614182194038,2021-02-24T15:57:04.730Z,84.171,99366.34635416669
1614182194078,2021-02-24T15:57:04.741Z,84.211,99366.34635416669
1614182194117,2021-02-24T15:57:04.743Z,84.25,99366.34635416669
1614182194158,2021-02-24T15:57:04.745Z,84.291,99366.34635416669
1614182194198,2021-02-24T15:57:04.757Z,84.331,99366.34635416669
1614182194237,2021-02-24T15:57:04.759Z,84.37,99366.34635416669
1614182194277,2021-02-24T15:57:04.761Z,84.41,99366.34635416669
1614182194316,2021-02-24T15:57:04.772Z,84.449,99366.34635416669
1614182194356,2021-02-24T15:57:04.774Z,84.48899999999999,99366.34635416669
1614182194395,2021-02-24T15:57:04.776Z,84.52799999999999,99366.34635416669
1614182194435,2021-02-24T15:57:04.788Z,84.568,99366.34635416669
1614182194474,2021-02-24T15:57:04.789Z,84.60700000000001,99366.34635416669
1614182194514,2021-02-24T15:57:04.801Z,84.647,99367.00260416669
1614182194554,2021-02-24T15:57:04.803Z,84.68700000000001,99367.00260416669
1614182194593,2021-02-24T15:57:04.805Z,84.726,99366.34635416669
1614182194633,2021-02-24T15:57:04.817Z,84.766,99366.34635416669
1614182194674,2021-02-24T15:57:04.819Z,84.807,99366.34635416669
1614182194713,2021-02-24T15:57:04.821Z,84.846,99366.34635416669
1614182194753,2021-02-24T15:57:04.832Z,84.88600000000001,99366.34635416669
1614182194792,2021-02-24T15:57:04.834Z,84.925,99366.34635416669
1614182194832,2021-02-24T15:57:04.836Z,84.965,99366.34635416669
1614182194871,2021-02-24T15:57:04.847Z,85.00399999999999,99366.34635416669
1614182194911,2021-02-24T15:57:04.849Z,85.044,99366.34635416669
1614182194951,2021-02-24T15:57:04.861Z,85.084,99366.34635416669
1614182194990,2021-02-24T15:57:04.863Z,85.12299999999999,99366.34635416669
1614182195030,2021-02-24T15:57:04.865Z,85.163,99366.34635416669
1614182195069,2021-02-24T15:57:04.876Z,85.20200000000001,99366.34635416669
1614182195110,2021-02-24T15:57:04.879Z,85.243,99367.00260416669
1614182195150,2021-02-24T15:57:04.908Z,85.28299999999999,99367.00260416669
1614182195189,2021-02-24T15:57:04.910Z,85.322,99366.34635416669
1614182195229,2021-02-24T15:57:04.921Z,85.36200000000001,99366.34635416669
1614182195268,2021-02-24T15:57:04.923Z,85.40100000000001,99366.34635416669
1614182195308,2021-02-24T15:57:04.925Z,85.441,99366.34635416669
1614182195348,2021-02-24T15:57:04.937Z,85.48100000000001,99366.34635416669
1614182195387,2021-02-24T15:57:04.939Z,85.52,99366.34635416669
1614182195427,2021-02-24T15:57:04.941Z,85.56,99366.34635416669
1614182195466,2021-02-24T15:57:04.952Z,85.59899999999999,99366.34635416669
1614182195506,2021-02-24T15:57:04.954Z,85.639,99366.34635416669
1614182195545,2021-02-24T15:57:04.956Z,85.678,99366.34635416669
1614182195586,2021-02-24T15:57:04.968Z,85.719,99366.34635416669
1614182195626,2021-02-24T15:57:04.969Z,85.759,99366.34635416669
1614182195665,2021-02-24T15:57:04.981Z,85.79799999999999,99366.34635416669
1614182195705,2021-02-24T15:57:04.983Z,85.838,99366.34635416669
1614182195745,2021-02-24T15:57:04.985Z,85.87799999999999,99366.34635416669
1614182195784,2021-02-24T15:57:05.011Z,85.917,99366.34635416669
1614182195824,2021-02-24T15:57:05.014Z,85.95700000000001,99366.34635416669
1614182195863,2021-02-24T15:57:05.016Z,85.99600000000001,99366.34635416669
1614182195903,2021-02-24T15:57:05.027Z,86.036,99366.34635416669
1614182195942,2021-02-24T15:57:05.029Z,86.075,99366.34635416669
1614182195982,2021-02-24T15:57:05.031Z,86.115,99367.00260416669
1614182196023,2021-02-24T15:57:05.042Z,86.156,99367.00260416669
1614182196062,2021-02-24T15:57:05.045Z,86.195,99367.00260416669
1614182196102,2021-02-24T15:57:05.046Z,86.235,99367.00260416669
1614182196141,2021-02-24T15:57:05.058Z,86.274,99366.34635416669
1614182196181,2021-02-24T15:57:05.060Z,86.314,99366.34635416669
1614182196221,2021-02-24T15:57:05.071Z,86.354,99366.34635416669
1614182196260,2021-02-24T15:57:05.073Z,86.39299999999999,99366.34635416669
1614182196300,2021-02-24T15:57:05.076Z,86.43299999999999,99366.34635416669
1614182196339,2021-02-24T15:57:05.102Z,86.47200000000001,99366.34635416669
1614182196379,2021-02-24T15:57:05.104Z,86.512,99366.34635416669
1614182196418,2021-02-24T15:57:05.106Z,86.551,99365.69010416669
1614182196459,2021-02-24T15:57:05.117Z,86.59200000000001,99365.69010416669
1614182196499,2021-02-24T15:57:05.120Z,86.632,99365.69010416669
1614182196538,2021-02-24T15:57:05.121Z,86.671,99365.69010416669
1614182196578,2021-02-24T15:57:05.133Z,86.711,99365.69010416669
1614182196618,2021-02-24T15:57:05.135Z,86.751,99365.69010416669
1614182196657,2021-02-24T15:57:05.146Z,86.79,99365.69010416669
1614182196697,2021-02-24T15:57:05.148Z,86.83,99365.69010416669
1614182196736,2021-02-24T15:57:05.151Z,86.869,99365.69010416669
1614182196776,2021-02-24T15:57:05.162Z,86.90899999999999,99365.69010416669
1614182196815,2021-02-24T15:57:05.164Z,86.948,99365.69010416669
1614182196855,2021-02-24T15:57:05.166Z,86.988,99365.69010416669
1614182196896,2021-02-24T15:57:05.178Z,87.029,99365.69010416669
1614182196935,2021-02-24T15:57:05.179Z,87.068,99365.69010416669
1614182196975,2021-02-24T15:57:05.182Z,87.10799999999999,99365.69010416669
1614182197015,2021-02-24T15:57:05.207Z,87.148,99365.69010416669
1614182197054,2021-02-24T15:57:05.210Z,87.18700000000001,99366.34635416669
1614182197094,2021-02-24T15:57:05.221Z,87.227,99366.34635416669
1614182197133,2021-02-24T15:57:05.223Z,87.266,99365.69010416669
1614182197173,2021-02-24T15:57:05.225Z,87.306,99365.69010416669
1614182197212,2021-02-24T15:57:05.237Z,87.345,99366.34635416669
1614182197252,2021-02-24T15:57:05.239Z,87.385,99366.34635416669
1614182197293,2021-02-24T15:57:05.242Z,87.426,99365.69010416669
1614182197331,2021-02-24T15:57:05.252Z,87.464,99365.69010416669
1614182197372,2021-02-24T15:57:05.254Z,87.505,99366.34635416669
1614182197411,2021-02-24T15:57:05.266Z,87.544,99366.34635416669
1614182197451,2021-02-24T15:57:05.268Z,87.584,99365.69010416669
1614182197491,2021-02-24T15:57:05.270Z,87.624,99365.69010416669
1614182197530,2021-02-24T15:57:05.282Z,87.663,99365.69010416669
1614182197570,2021-02-24T15:57:05.284Z,87.70299999999999,99365.69010416669
1614182197609,2021-02-24T15:57:05.286Z,87.742,99365.69010416669
1614182197649,2021-02-24T15:57:05.297Z,87.78200000000001,99365.69010416669
1614182197688,2021-02-24T15:57:05.300Z,87.821,99365.69010416669
1614182197728,2021-02-24T15:57:05.302Z,87.861,99365.69010416669
1614182197767,2021-02-24T15:57:05.313Z,87.9,99365.69010416669
1614182197808,2021-02-24T15:57:05.314Z,87.941,99365.69010416669
1614182197848,2021-02-24T15:57:05.326Z,87.98100000000001,99365.69010416669
1614182197888,2021-02-24T15:57:05.328Z,88.021,99365.69010416669
1614182197927,2021-02-24T15:57:05.330Z,88.06,99365.69010416669
1614182197967,2021-02-24T15:57:05.341Z,88.1,99365.69010416669
1614182198006,2021-02-24T15:57:05.344Z,88.139,99366.34635416669
1614182198046,2021-02-24T15:57:05.346Z,88.179,99366.34635416669
1614182198085,2021-02-24T15:57:05.357Z,88.21799999999999,99366.34635416669
1614182198125,2021-02-24T15:57:05.359Z,88.258,99366.34635416669
1614182198164,2021-02-24T15:57:05.361Z,88.29700000000001,99367.00260416669
1614182198204,2021-02-24T15:57:05.373Z,88.337,99367.00260416669
1614182198245,2021-02-24T15:57:05.402Z,88.37799999999999,99367.00260416669
1614182198285,2021-02-24T15:57:05.404Z,88.41799999999999,99366.34635416669
1614182198324,2021-02-24T15:57:05.406Z,88.45700000000001,99366.34635416669
1614182198364,2021-02-24T15:57:05.418Z,88.49700000000001,99366.34635416669
1614182198403,2021-02-24T15:57:05.420Z,88.536,99366.34635416669
1614182198443,2021-02-24T15:57:05.421Z,88.57600000000001,99366.34635416669
1614182198482,2021-02-24T15:57:05.433Z,88.615,99366.34635416669
1614182198522,2021-02-24T15:57:05.435Z,88.655,99366.34635416669
1614182198561,2021-02-24T15:57:05.446Z,88.694,99366.34635416669
1614182198601,2021-02-24T15:57:05.448Z,88.734,99367.00260416669
1614182198641,2021-02-24T15:57:05.450Z,88.774,99367.00260416669
1614182198680,2021-02-24T15:57:05.462Z,88.81299999999999,99367.00260416669
1614182198721,2021-02-24T15:57:05.464Z,88.854,99367.00260416669
1614182198761,2021-02-24T15:57:05.466Z,88.89399999999999,99367.79947916669
1614182198800,2021-02-24T15:57:05.477Z,88.93299999999999,99367.79947916669
1614182198840,2021-02-24T15:57:05.479Z,88.973,99367.12760416669
1614182198879,2021-02-24T15:57:05.482Z,89.012,99367.12760416669
1614182198919,2021-02-24T15:57:05.492Z,89.052,99366.34635416669
1614182198958,2021-02-24T15:57:05.494Z,89.09100000000001,99366.34635416669
1614182198998,2021-02-24T15:57:05.506Z,89.131,99366.34635416669
1614182199037,2021-02-24T15:57:05.508Z,89.17,99366.34635416669
1614182199077,2021-02-24T15:57:05.510Z,89.21,99366.34635416669
1614182199118,2021-02-24T15:57:05.521Z,89.251,99366.34635416669
1614182199158,2021-02-24T15:57:05.524Z,89.291,99366.34635416669
1614182199197,2021-02-24T15:57:05.526Z,89.33,99366.34635416669
1614182199237,2021-02-24T15:57:05.537Z,89.37,99366.34635416669
1614182199276,2021-02-24T15:57:05.539Z,89.40899999999999,99366.34635416669
1614182199316,2021-02-24T15:57:05.542Z,89.449,99366.34635416669
1614182199355,2021-02-24T15:57:05.567Z,89.488,99366.34635416669
1614182199395,2021-02-24T15:57:05.569Z,89.52799999999999,99366.34635416669
1614182199434,2021-02-24T15:57:05.572Z,89.56700000000001,99366.34635416669
1614182199474,2021-02-24T15:57:05.584Z,89.60700000000001,99366.34635416669
1614182199514,2021-02-24T15:57:05.585Z,89.647,99366.34635416669
1614182199553,2021-02-24T15:57:05.596Z,89.686,99366.34635416669
1614182199594,2021-02-24T15:57:05.598Z,89.727,99366.34635416669
1614182199634,2021-02-24T15:57:05.601Z,89.76700000000001,99366.34635416669
1614182199673,2021-02-24T15:57:05.614Z,89.806,99366.34635416669
1614182199713,2021-02-24T15:57:05.614Z,89.846,99366.34635416669
1614182199752,2021-02-24T15:57:05.616Z,89.885,99366.34635416669
1614182199792,2021-02-24T15:57:05.627Z,89.925,99365.69010416669
1614182199831,2021-02-24T15:57:05.630Z,89.964,99365.69010416669
1614182199871,2021-02-24T15:57:05.632Z,90.00399999999999,99366.47135416669
1614182199911,2021-02-24T15:57:05.658Z,90.044,99366.47135416669
1614182199950,2021-02-24T15:57:05.660Z,90.083,99366.47135416669
1614182199990,2021-02-24T15:57:05.671Z,90.12299999999999,99366.47135416669
1614182200031,2021-02-24T15:57:05.673Z,90.164,99366.47135416669
1614182200070,2021-02-24T15:57:05.676Z,90.20299999999999,99365.80729166669
1614182200110,2021-02-24T15:57:05.688Z,90.243,99365.80729166669
1614182200149,2021-02-24T15:57:05.690Z,90.28200000000001,99365.80729166669
1614182200189,2021-02-24T15:57:05.692Z,90.322,99365.80729166669
1614182200228,2021-02-24T15:57:05.703Z,90.361,99365.80729166669
1614182200268,2021-02-24T15:57:05.705Z,90.40100000000001,99365.80729166669
1614182200307,2021-02-24T15:57:05.716Z,90.44,99365.80729166669
1614182200347,2021-02-24T15:57:05.718Z,90.48,99365.80729166669
1614182200387,2021-02-24T15:57:05.721Z,90.52,99365.80729166669
1614182200426,2021-02-24T15:57:05.732Z,90.559,99365.80729166669
1614182200467,2021-02-24T15:57:05.734Z,90.6,99365.80729166669
1614182200507,2021-02-24T15:57:05.736Z,90.64,99365.80729166669
1614182200546,2021-02-24T15:57:05.763Z,90.679,99366.47135416669
1614182200586,2021-02-24T15:57:05.765Z,90.719,99366.47135416669
1614182200625,2021-02-24T15:57:05.767Z,90.758,99366.47135416669
1614182200665,2021-02-24T15:57:05.778Z,90.79799999999999,99366.47135416669
1614182200704,2021-02-24T15:57:05.781Z,90.837,99366.47135416669
1614182200744,2021-02-24T15:57:05.791Z,90.87700000000001,99366.47135416669
1614182200784,2021-02-24T15:57:05.793Z,90.917,99366.47135416669
1614182200823,2021-02-24T15:57:05.795Z,90.956,99366.47135416669
1614182200863,2021-02-24T15:57:05.807Z,90.99600000000001,99365.80729166669
1614182200902,2021-02-24T15:57:05.809Z,91.035,99365.80729166669
1614182200943,2021-02-24T15:57:05.811Z,91.07600000000001,99365.80729166669
1614182200983,2021-02-24T15:57:05.822Z,91.116,99365.80729166669
1614182201022,2021-02-24T15:57:05.825Z,91.155,99365.80729166669
1614182201062,2021-02-24T15:57:05.827Z,91.195,99365.80729166669
1614182201101,2021-02-24T15:57:05.838Z,91.234,99365.80729166669
1614182201141,2021-02-24T15:57:05.839Z,91.274,99365.80729166669
1614182201181,2021-02-24T15:57:05.851Z,91.314,99365.80729166669
1614182201220,2021-02-24T15:57:05.853Z,91.353,99365.80729166669
1614182201260,2021-02-24T15:57:05.855Z,91.39299999999999,99365.80729166669
1614182201299,2021-02-24T15:57:05.866Z,91.432,99365.80729166669
1614182201339,2021-02-24T15:57:05.869Z,91.47200000000001,99366.47135416669
1614182201380,2021-02-24T15:57:05.912Z,91.51299999999999,99366.47135416669
1614182201419,2021-02-24T15:57:05.915Z,91.552,99365.80729166669
1614182201459,2021-02-24T15:57:05.917Z,91.59200000000001,99365.80729166669
1614182201498,2021-02-24T15:57:05.927Z,91.631,99366.47135416669
1614182201538,2021-02-24T15:57:05.930Z,91.671,99366.47135416669
1614182201578,2021-02-24T15:57:05.941Z,91.711,99366.47135416669
1614182201617,2021-02-24T15:57:05.943Z,91.75,99366.47135416669
1614182201657,2021-02-24T15:57:05.945Z,91.79,99366.47135416669
1614182201696,2021-02-24T15:57:05.956Z,91.829,99366.47135416669
1614182201736,2021-02-24T15:57:05.959Z,91.869,99366.47135416669
1614182201775,2021-02-24T15:57:05.961Z,91.90799999999999,99366.47135416669
1614182201815,2021-02-24T15:57:05.972Z,91.948,99366.47135416669
1614182201856,2021-02-24T15:57:05.975Z,91.98899999999999,99366.47135416669
1614182201895,2021-02-24T15:57:05.977Z,92.02799999999999,99366.47135416669
1614182201935,2021-02-24T15:57:05.988Z,92.068,99366.47135416669
1614182201974,2021-02-24T15:57:05.990Z,92.10700000000001,99366.47135416669
1614182202014,2021-02-24T15:57:06.001Z,92.147,99366.47135416669
1614182202054,2021-02-24T15:57:06.003Z,92.18700000000001,99366.47135416669
1614182202093,2021-02-24T15:57:06.005Z,92.226,99366.47135416669
1614182202133,2021-02-24T15:57:06.016Z,92.266,99366.47135416669
1614182202172,2021-02-24T15:57:06.019Z,92.305,99366.47135416669
1614182202212,2021-02-24T15:57:06.022Z,92.345,99366.47135416669
1614182202251,2021-02-24T15:57:06.032Z,92.384,99366.47135416669
1614182202292,2021-02-24T15:57:06.047Z,92.425,99366.47135416669
1614182202332,2021-02-24T15:57:06.050Z,92.465,99366.47135416669
1614182202371,2021-02-24T15:57:06.054Z,92.50399999999999,99366.47135416669
1614182202411,2021-02-24T15:57:06.063Z,92.544,99366.47135416669
1614182202451,2021-02-24T15:57:06.065Z,92.584,99366.47135416669
1614182202490,2021-02-24T15:57:06.076Z,92.62299999999999,99365.80729166669
1614182202530,2021-02-24T15:57:06.078Z,92.663,99365.80729166669
1614182202569,2021-02-24T15:57:06.080Z,92.70200000000001,99365.80729166669
1614182202609,2021-02-24T15:57:06.092Z,92.742,99365.80729166669
1614182202648,2021-02-24T15:57:06.095Z,92.781,99365.80729166669
1614182202688,2021-02-24T15:57:06.096Z,92.821,99365.80729166669
1614182202727,2021-02-24T15:57:06.122Z,92.86,99365.80729166669
1614182202768,2021-02-24T15:57:06.124Z,92.90100000000001,99365.80729166669
1614182202808,2021-02-24T15:57:06.127Z,92.941,99365.80729166669
1614182202848,2021-02-24T15:57:06.137Z,92.98100000000001,99365.80729166669
1614182202887,2021-02-24T15:57:06.140Z,93.02,99365.80729166669
1614182202927,2021-02-24T15:57:06.142Z,93.06,99365.80729166669
1614182202966,2021-02-24T15:57:06.153Z,93.09899999999999,99365.80729166669
1614182203006,2021-02-24T15:57:06.155Z,93.139,99365.80729166669
1614182203045,2021-02-24T15:57:06.166Z,93.178,99365.80729166669
1614182203085,2021-02-24T15:57:06.168Z,93.21799999999999,99365.80729166669
1614182203124,2021-02-24T15:57:06.171Z,93.257,99365.80729166669
1614182203164,2021-02-24T15:57:06.182Z,93.29700000000001,99365.80729166669
1614182203205,2021-02-24T15:57:06.184Z,93.338,99365.80729166669
1614182203245,2021-02-24T15:57:06.186Z,93.37799999999999,99365.80729166669
1614182203284,2021-02-24T15:57:06.212Z,93.417,99365.14322916669
1614182203324,2021-02-24T15:57:06.215Z,93.45700000000001,99365.14322916669
1614182203363,2021-02-24T15:57:06.217Z,93.49600000000001,99365.14322916669
1614182203403,2021-02-24T15:57:06.228Z,93.536,99365.14322916669
1614182203442,2021-02-24T15:57:06.231Z,93.575,99365.14322916669
1614182203482,2021-02-24T15:57:06.241Z,93.615,99365.14322916669
1614182203521,2021-02-24T15:57:06.243Z,93.654,99365.14322916669
1614182203561,2021-02-24T15:57:06.245Z,93.694,99365.14322916669
1614182203600,2021-02-24T15:57:06.257Z,93.73299999999999,99365.14322916669
1614182203640,2021-02-24T15:57:06.259Z,93.773,99365.14322916669
1614182203681,2021-02-24T15:57:06.261Z,93.814,99365.14322916669
1614182203721,2021-02-24T15:57:06.273Z,93.854,99365.14322916669
1614182203760,2021-02-24T15:57:06.275Z,93.89299999999999,99365.14322916669
1614182203800,2021-02-24T15:57:06.276Z,93.93299999999999,99365.14322916669
1614182203839,2021-02-24T15:57:06.288Z,93.97200000000001,99365.14322916669
1614182203879,2021-02-24T15:57:06.290Z,94.012,99365.80729166669
1614182203918,2021-02-24T15:57:06.316Z,94.051,99365.80729166669
1614182203958,2021-02-24T15:57:06.318Z,94.09100000000001,99365.80729166669
1614182203997,2021-02-24T15:57:06.320Z,94.13,99365.80729166669
1614182204037,2021-02-24T15:57:06.332Z,94.17,99365.80729166669
1614182204077,2021-02-24T15:57:06.334Z,94.21,99365.80729166669
1614182204118,2021-02-24T15:57:06.336Z,94.251,99365.14322916669
1614182204157,2021-02-24T15:57:06.347Z,94.29,99365.14322916669
1614182204197,2021-02-24T15:57:06.349Z,94.33,99365.80729166669
1614182204236,2021-02-24T15:57:06.352Z,94.369,99365.80729166669
1614182204276,2021-02-24T15:57:06.363Z,94.40899999999999,99365.80729166669
1614182204315,2021-02-24T15:57:06.364Z,94.448,99365.80729166669
1614182204355,2021-02-24T15:57:06.376Z,94.488,99365.80729166669
1614182204394,2021-02-24T15:57:06.378Z,94.527,99365.80729166669
1614182204434,2021-02-24T15:57:06.380Z,94.56700000000001,99365.80729166669
1614182204474,2021-02-24T15:57:06.422Z,94.60700000000001,99365.80729166669
1614182204513,2021-02-24T15:57:06.424Z,94.646,99365.80729166669
1614182204553,2021-02-24T15:57:06.426Z,94.686,99365.80729166669
1614182204594,2021-02-24T15:57:06.438Z,94.727,99365.80729166669
1614182204633,2021-02-24T15:57:06.440Z,94.766,99365.80729166669
1614182204673,2021-02-24T15:57:06.442Z,94.806,99365.80729166669
1614182204712,2021-02-24T15:57:06.452Z,94.845,99365.80729166669
1614182204752,2021-02-24T15:57:06.455Z,94.885,99365.80729166669
1614182204791,2021-02-24T15:57:06.466Z,94.92399999999999,99365.80729166669
1614182204831,2021-02-24T15:57:06.468Z,94.964,99365.80729166669
1614182204870,2021-02-24T15:57:06.470Z,95.00299999999999,99365.80729166669
1614182204910,2021-02-24T15:57:06.482Z,95.04299999999999,99366.58854166669
1614182204950,2021-02-24T15:57:06.484Z,95.083,99366.58854166669
1614182204989,2021-02-24T15:57:06.486Z,95.12200000000001,99366.58854166669
1614182205030,2021-02-24T15:57:06.497Z,95.163,99366.58854166669
1614182205070,2021-02-24T15:57:06.500Z,95.20299999999999,99366.58854166669
