epoch (ms),time (-07:00),elapsed (s),Pressure (Pa)
1613663577544,2021-02-18T15:54:19.614Z,13.783,99532.32389322916
1613663577582,2021-02-18T15:54:19.628Z,13.821,99531.65983072916
1613663577621,2021-02-18T15:54:19.643Z,13.86,99531.65983072916
1613663577661,2021-02-18T15:54:19.658Z,13.9,99531.65983072916
1613663577700,2021-02-18T15:54:19.672Z,13.939,99531.65983072916
1613663577740,2021-02-18T15:54:19.674Z,13.979000000000001,99531.65983072916
1613663577779,2021-02-18T15:54:19.688Z,14.017999999999999,99531.65983072916
1613663577819,2021-02-18T15:54:19.703Z,14.058,99531.65983072916
1613663577857,2021-02-18T15:54:19.718Z,14.095999999999998,99531.65983072916
1613663577897,2021-02-18T15:54:19.732Z,14.136,99531.65983072916
1613663577936,2021-02-18T15:54:19.734Z,14.175,99531.65983072916
1613663577976,2021-02-18T15:54:19.749Z,14.215,99531.65983072916
1613663578015,2021-02-18T15:54:19.793Z,14.254000000000001,99531.65983072916
1613663578055,2021-02-18T15:54:19.808Z,14.294,99531.65983072916
1613663578094,2021-02-18T15:54:19.822Z,14.333,99531.65983072916
1613663578134,2021-02-18T15:54:19.824Z,14.373,99531.65983072916
1613663578172,2021-02-18T15:54:19.838Z,14.411,99531.65983072916
1613663578212,2021-02-18T15:54:19.853Z,14.450999999999999,99531.65983072916
1613663578251,2021-02-18T15:54:19.868Z,14.49,99531.65983072916
1613663578291,2021-02-18T15:54:19.883Z,14.53,99531.65983072916
1613663578330,2021-02-18T15:54:19.884Z,14.569,99531.65983072916
1613663578370,2021-02-18T15:54:19.899Z,14.609000000000002,99531.65983072916
1613663578409,2021-02-18T15:54:19.913Z,14.648,99531.65983072916
1613663578449,2021-02-18T15:54:19.928Z,14.687999999999999,99531.65983072916
1613663578487,2021-02-18T15:54:19.942Z,14.725999999999999,99531.65983072916
1613663578527,2021-02-18T15:54:19.957Z,14.765999999999998,99531.65983072916
1613663578566,2021-02-18T15:54:19.959Z,14.805,99531.65983072916
1613663578606,2021-02-18T15:54:19.973Z,14.845,99531.65983072916
1613663578645,2021-02-18T15:54:19.988Z,14.884,99531.65983072916
1613663578685,2021-02-18T15:54:20.002Z,14.924000000000001,99531.65983072916
1613663578724,2021-02-18T15:54:20.004Z,14.963,99531.65983072916
1613663578762,2021-02-18T15:54:20.019Z,15.001,99531.65983072916
1613663578802,2021-02-18T15:54:20.033Z,15.040999999999999,99531.65983072916
1613663578841,2021-02-18T15:54:20.048Z,15.08,99532.48795572916
1613663578881,2021-02-18T15:54:20.062Z,15.12,99532.48795572916
1613663578921,2021-02-18T15:54:20.064Z,15.16,99532.48795572916
1613663578960,2021-02-18T15:54:20.078Z,15.199000000000002,99532.48795572916
1613663579000,2021-02-18T15:54:20.093Z,15.239,99532.48795572916
1613663579039,2021-02-18T15:54:20.108Z,15.277999999999999,99532.48795572916
1613663579077,2021-02-18T15:54:20.122Z,15.315999999999999,99532.48795572916
1613663579117,2021-02-18T15:54:20.124Z,15.356,99532.48795572916
1613663579156,2021-02-18T15:54:20.139Z,15.395,99531.82389322916
1613663579196,2021-02-18T15:54:20.153Z,15.435,99531.82389322916
1613663579236,2021-02-18T15:54:20.168Z,15.475,99531.82389322916
1613663579275,2021-02-18T15:54:20.182Z,15.514000000000001,99531.82389322916
1613663579315,2021-02-18T15:54:20.197Z,15.554,99531.82389322916
1613663579354,2021-02-18T15:54:20.199Z,15.593,99531.82389322916
1613663579392,2021-02-18T15:54:20.213Z,15.630999999999998,99531.82389322916
1613663579432,2021-02-18T15:54:20.228Z,15.671,99531.82389322916
1613663579471,2021-02-18T15:54:20.243Z,15.71,99531.82389322916
1613663579511,2021-02-18T15:54:20.257Z,15.75,99531.82389322916
1613663579550,2021-02-18T15:54:20.259Z,15.789000000000001,99531.82389322916
1613663579590,2021-02-18T15:54:20.273Z,15.829,99531.82389322916
1613663579630,2021-02-18T15:54:20.288Z,15.869000000000002,99531.82389322916
1613663579669,2021-02-18T15:54:20.303Z,15.908,99531.82389322916
1613663579707,2021-02-18T15:54:20.317Z,15.946,99531.82389322916
1613663579747,2021-02-18T15:54:20.319Z,15.985999999999999,99531.82389322916
1613663579786,2021-02-18T15:54:20.334Z,16.025,99531.82389322916
1613663579826,2021-02-18T15:54:20.348Z,16.065,99531.82389322916
1613663579865,2021-02-18T15:54:20.363Z,16.104,99531.82389322916
1613663579905,2021-02-18T15:54:20.378Z,16.144000000000002,99531.82389322916
1613663579945,2021-02-18T15:54:20.392Z,16.184,99531.82389322916
1613663579983,2021-02-18T15:54:20.394Z,16.222,99531.15983072916
1613663580022,2021-02-18T15:54:20.408Z,16.261,99531.15983072916
1613663580062,2021-02-18T15:54:20.426Z,16.301,99531.15983072916
1613663580101,2021-02-18T15:54:20.438Z,16.34,99531.15983072916
1613663580141,2021-02-18T15:54:20.452Z,16.38,99531.15983072916
1613663580180,2021-02-18T15:54:20.454Z,16.419,99531.15983072916
1613663580220,2021-02-18T15:54:20.469Z,16.459,99531.15983072916
1613663580259,2021-02-18T15:54:20.484Z,16.498,99531.15983072916
1613663580298,2021-02-18T15:54:20.498Z,16.537,99531.82389322916
1613663580337,2021-02-18T15:54:20.512Z,16.576,99531.82389322916
1613663580377,2021-02-18T15:54:20.527Z,16.616,99531.82389322916
1613663580416,2021-02-18T15:54:20.529Z,16.655,99531.82389322916
1613663580456,2021-02-18T15:54:20.543Z,16.695,99531.82389322916
1613663580495,2021-02-18T15:54:20.558Z,16.734,99531.82389322916
1613663580535,2021-02-18T15:54:20.573Z,16.774,99531.82389322916
1613663580574,2021-02-18T15:54:20.587Z,16.813,99531.82389322916
1613663580614,2021-02-18T15:54:20.589Z,16.852999999999998,99531.82389322916
1613663580652,2021-02-18T15:54:20.604Z,16.891,99531.82389322916
1613663580692,2021-02-18T15:54:20.618Z,16.930999999999997,99531.82389322916
1613663580731,2021-02-18T15:54:20.633Z,16.97,99531.82389322916
1613663580771,2021-02-18T15:54:20.647Z,17.01,99532.65983072916
1613663580810,2021-02-18T15:54:20.649Z,17.049,99532.65983072916
1613663580850,2021-02-18T15:54:20.664Z,17.089000000000002,99532.65983072916
1613663580889,2021-02-18T15:54:20.678Z,17.128,99532.65983072916
1613663580929,2021-02-18T15:54:20.693Z,17.168,99532.65983072916
1613663580967,2021-02-18T15:54:20.707Z,17.206,99532.65983072916
1613663581007,2021-02-18T15:54:20.722Z,17.246,99532.65983072916
1613663581046,2021-02-18T15:54:20.724Z,17.285,99532.65983072916
1613663581086,2021-02-18T15:54:20.738Z,17.325,99532.65983072916
1613663581125,2021-02-18T15:54:20.783Z,17.364,99532.65983072916
1613663581165,2021-02-18T15:54:20.798Z,17.404,99532.65983072916
1613663581204,2021-02-18T15:54:20.812Z,17.442999999999998,99532.65983072916
1613663581242,2021-02-18T15:54:20.827Z,17.480999999999998,99532.65983072916
1613663581282,2021-02-18T15:54:20.829Z,17.521,99532.65983072916
1613663581321,2021-02-18T15:54:20.843Z,17.56,99532.65983072916
1613663581361,2021-02-18T15:54:20.858Z,17.6,99532.65983072916
1613663581401,2021-02-18T15:54:20.873Z,17.64,99532.65983072916
1613663581440,2021-02-18T15:54:20.888Z,17.679000000000002,99532.65983072916
1613663581480,2021-02-18T15:54:20.902Z,17.719,99531.98795572916
1613663581519,2021-02-18T15:54:20.904Z,17.758,99531.98795572916
1613663581557,2021-02-18T15:54:20.919Z,17.796,99531.98795572916
1613663581597,2021-02-18T15:54:20.933Z,17.836,99531.98795572916
1613663581636,2021-02-18T15:54:20.948Z,17.875,99531.98795572916
1613663581676,2021-02-18T15:54:20.962Z,17.915,99531.98795572916
1613663581716,2021-02-18T15:54:20.977Z,17.955,99531.98795572916
1613663581755,2021-02-18T15:54:20.979Z,17.994,99531.98795572916
1613663581795,2021-02-18T15:54:20.993Z,18.034000000000002,99531.98795572916
1613663581834,2021-02-18T15:54:21.008Z,18.073,99531.98795572916
1613663581872,2021-02-18T15:54:21.023Z,18.111,99531.32389322916
1613663581912,2021-02-18T15:54:21.037Z,18.151,99531.32389322916
1613663581951,2021-02-18T15:54:21.039Z,18.19,99531.98795572916
1613663581991,2021-02-18T15:54:21.053Z,18.23,99531.98795572916
1613663582030,2021-02-18T15:54:21.068Z,18.269000000000002,99531.32389322916
1613663582070,2021-02-18T15:54:21.083Z,18.309,99531.32389322916
1613663582110,2021-02-18T15:54:21.097Z,18.349,99531.32389322916
1613663582149,2021-02-18T15:54:21.099Z,18.387999999999998,99531.32389322916
1613663582187,2021-02-18T15:54:21.114Z,18.426,99531.32389322916
1613663582227,2021-02-18T15:54:21.128Z,18.465999999999998,99531.32389322916
1613663582266,2021-02-18T15:54:21.143Z,18.505,99531.32389322916
1613663582306,2021-02-18T15:54:21.157Z,18.545,99531.32389322916
1613663582345,2021-02-18T15:54:21.172Z,18.584,99531.32389322916
1613663582385,2021-02-18T15:54:21.174Z,18.624000000000002,99531.32389322916
1613663582424,2021-02-18T15:54:21.188Z,18.663,99531.32389322916
1613663582464,2021-02-18T15:54:21.202Z,18.703,99531.32389322916
1613663582502,2021-02-18T15:54:21.217Z,18.741,99531.32389322916
1613663582542,2021-02-18T15:54:21.219Z,18.781,99531.32389322916
1613663582581,2021-02-18T15:54:21.233Z,18.82,99531.32389322916
1613663582621,2021-02-18T15:54:21.248Z,18.86,99531.32389322916
1613663582660,2021-02-18T15:54:21.263Z,18.899,99531.32389322916
1613663582700,2021-02-18T15:54:21.277Z,18.939,99531.32389322916
1613663582739,2021-02-18T15:54:21.279Z,18.977999999999998,99531.32389322916
1613663582779,2021-02-18T15:54:21.294Z,19.018,99531.32389322916
1613663582817,2021-02-18T15:54:21.308Z,19.055999999999997,99531.32389322916
1613663582857,2021-02-18T15:54:21.323Z,19.096,99531.32389322916
1613663582896,2021-02-18T15:54:21.337Z,19.135,99531.32389322916
1613663582936,2021-02-18T15:54:21.352Z,19.175,99531.32389322916
1613663582975,2021-02-18T15:54:21.354Z,19.214000000000002,99531.32389322916
1613663583015,2021-02-18T15:54:21.370Z,19.254,99531.32389322916
1613663583054,2021-02-18T15:54:21.383Z,19.293,99531.32389322916
1613663583094,2021-02-18T15:54:21.398Z,19.333,99530.65201822916
1613663583132,2021-02-18T15:54:21.412Z,19.371,99530.65201822916
1613663583172,2021-02-18T15:54:21.414Z,19.410999999999998,99530.65201822916
1613663583211,2021-02-18T15:54:21.428Z,19.45,99530.65201822916
1613663583251,2021-02-18T15:54:21.443Z,19.49,99530.65201822916
1613663583290,2021-02-18T15:54:21.458Z,19.529,99530.65201822916
1613663583330,2021-02-18T15:54:21.472Z,19.569000000000003,99530.65201822916
1613663583369,2021-02-18T15:54:21.474Z,19.608,99530.65201822916
1613663583409,2021-02-18T15:54:21.489Z,19.648,99531.48795572916
1613663583447,2021-02-18T15:54:21.503Z,19.686,99531.48795572916
1613663583487,2021-02-18T15:54:21.518Z,19.726,99531.48795572916
1613663583526,2021-02-18T15:54:21.532Z,19.765,99531.48795572916
1613663583566,2021-02-18T15:54:21.547Z,19.805,99531.48795572916
1613663583605,2021-02-18T15:54:21.549Z,19.844,99531.48795572916
1613663583645,2021-02-18T15:54:21.563Z,19.884,99531.48795572916
1613663583684,2021-02-18T15:54:21.578Z,19.923,99531.48795572916
1613663583724,2021-02-18T15:54:21.593Z,19.963,99531.48795572916
1613663583762,2021-02-18T15:54:21.607Z,20.000999999999998,99531.48795572916
1613663583801,2021-02-18T15:54:21.609Z,20.04,99531.48795572916
1613663583841,2021-02-18T15:54:21.623Z,20.08,99531.48795572916
1613663583881,2021-02-18T15:54:21.638Z,20.12,99531.48795572916
1613663583920,2021-02-18T15:54:21.653Z,20.159000000000002,99531.48795572916
1613663583960,2021-02-18T15:54:21.667Z,20.199,99531.48795572916
1613663583999,2021-02-18T15:54:21.669Z,20.238,99531.48795572916
1613663584039,2021-02-18T15:54:21.684Z,20.278,99530.81608072916
1613663584077,2021-02-18T15:54:21.698Z,20.316,99530.81608072916
1613663584116,2021-02-18T15:54:21.713Z,20.355,99530.81608072916
1613663584156,2021-02-18T15:54:21.727Z,20.395,99530.81608072916
1613663584195,2021-02-18T15:54:21.742Z,20.434,99530.81608072916
1613663584235,2021-02-18T15:54:21.773Z,20.474,99530.81608072916
1613663584275,2021-02-18T15:54:21.788Z,20.514,99530.81608072916
1613663584314,2021-02-18T15:54:21.803Z,20.553,99530.81608072916
1613663584354,2021-02-18T15:54:21.817Z,20.593000000000004,99530.81608072916
1613663584392,2021-02-18T15:54:21.819Z,20.631,99530.81608072916
1613663584431,2021-02-18T15:54:21.834Z,20.67,99530.81608072916
1613663584471,2021-02-18T15:54:21.848Z,20.71,99530.81608072916
1613663584510,2021-02-18T15:54:21.863Z,20.749000000000002,99530.81608072916
1613663584550,2021-02-18T15:54:21.877Z,20.789,99530.81608072916
1613663584590,2021-02-18T15:54:21.892Z,20.829,99530.81608072916
1613663584629,2021-02-18T15:54:21.894Z,20.868000000000002,99530.81608072916
1613663584669,2021-02-18T15:54:21.908Z,20.908,99530.81608072916
1613663584707,2021-02-18T15:54:21.926Z,20.945999999999998,99530.81608072916
1613663584746,2021-02-18T15:54:21.938Z,20.985,99530.81608072916
1613663584786,2021-02-18T15:54:21.952Z,21.025,99530.81608072916
1613663584825,2021-02-18T15:54:21.954Z,21.064,99530.81608072916
1613663584865,2021-02-18T15:54:21.968Z,21.104,99530.81608072916
1613663584904,2021-02-18T15:54:21.983Z,21.143,99530.81608072916
1613663584944,2021-02-18T15:54:21.998Z,21.183000000000003,99530.81608072916
1613663584984,2021-02-18T15:54:22.012Z,21.223000000000003,99530.81608072916
1613663585022,2021-02-18T15:54:22.014Z,21.261,99530.81608072916
1613663585061,2021-02-18T15:54:22.030Z,21.3,99530.81608072916
1613663585101,2021-02-18T15:54:22.043Z,21.34,99530.81608072916
1613663585140,2021-02-18T15:54:22.058Z,21.379,99530.81608072916
1613663585180,2021-02-18T15:54:22.072Z,21.419,99530.81608072916
1613663585219,2021-02-18T15:54:22.087Z,21.458000000000002,99531.65983072916
1613663585259,2021-02-18T15:54:22.089Z,21.498,99531.65983072916
1613663585299,2021-02-18T15:54:22.104Z,21.538,99531.65983072916
1613663585337,2021-02-18T15:54:22.118Z,21.576,99531.65983072916
1613663585376,2021-02-18T15:54:22.133Z,21.615,99531.65983072916
1613663585416,2021-02-18T15:54:22.147Z,21.655,99531.65983072916
1613663585455,2021-02-18T15:54:22.149Z,21.694000000000003,99531.65983072916
1613663585495,2021-02-18T15:54:22.163Z,21.734,99531.65983072916
1613663585534,2021-02-18T15:54:22.178Z,21.773000000000003,99531.65983072916
1613663585574,2021-02-18T15:54:22.193Z,21.813000000000002,99531.65983072916
1613663585613,2021-02-18T15:54:22.207Z,21.851999999999997,99531.65983072916
1613663585652,2021-02-18T15:54:22.222Z,21.891,99531.65983072916
1613663585691,2021-02-18T15:54:22.224Z,21.93,99531.65983072916
1613663585731,2021-02-18T15:54:22.238Z,21.97,99531.65983072916
1613663585770,2021-02-18T15:54:22.253Z,22.009,99531.65983072916
1613663585810,2021-02-18T15:54:22.268Z,22.049,99531.65983072916
1613663585849,2021-02-18T15:54:22.283Z,22.088,99531.65983072916
1613663585889,2021-02-18T15:54:22.297Z,22.128,99531.65983072916
1613663585927,2021-02-18T15:54:22.299Z,22.166,99531.65983072916
1613663585966,2021-02-18T15:54:22.315Z,22.205,99531.65983072916
1613663586006,2021-02-18T15:54:22.328Z,22.245,99531.65983072916
1613663586046,2021-02-18T15:54:22.343Z,22.285,99531.65983072916
1613663586085,2021-02-18T15:54:22.357Z,22.324,99531.65983072916
1613663586125,2021-02-18T15:54:22.359Z,22.364,99531.65983072916
1613663586164,2021-02-18T15:54:22.373Z,22.403000000000002,99531.65983072916
1613663586204,2021-02-18T15:54:22.388Z,22.443,99531.65983072916
1613663586242,2021-02-18T15:54:22.402Z,22.480999999999998,99531.65983072916
1613663586281,2021-02-18T15:54:22.417Z,22.52,99531.65983072916
1613663586321,2021-02-18T15:54:22.419Z,22.56,99531.65983072916
1613663586361,2021-02-18T15:54:22.433Z,22.6,99531.65983072916
1613663586400,2021-02-18T15:54:22.448Z,22.639,99531.65983072916
1613663586440,2021-02-18T15:54:22.463Z,22.679000000000002,99531.65983072916
1613663586479,2021-02-18T15:54:22.477Z,22.718000000000004,99531.65983072916
1613663586519,2021-02-18T15:54:22.479Z,22.758000000000003,99530.98795572916
1613663586557,2021-02-18T15:54:22.493Z,22.796,99530.98795572916
1613663586596,2021-02-18T15:54:22.508Z,22.835,99531.65983072916
1613663586636,2021-02-18T15:54:22.523Z,22.875,99531.65983072916
1613663586675,2021-02-18T15:54:22.537Z,22.914,99530.98795572916
1613663586715,2021-02-18T15:54:22.539Z,22.954,99530.98795572916
1613663586755,2021-02-18T15:54:22.554Z,22.994,99530.98795572916
1613663586794,2021-02-18T15:54:22.568Z,23.033,99530.98795572916
1613663586834,2021-02-18T15:54:22.583Z,23.073,99530.98795572916
1613663586872,2021-02-18T15:54:22.597Z,23.111,99530.98795572916
1613663586911,2021-02-18T15:54:22.612Z,23.15,99530.98795572916
1613663586951,2021-02-18T15:54:22.614Z,23.19,99530.98795572916
1613663586990,2021-02-18T15:54:22.628Z,23.229,99530.31608072916
1613663587030,2021-02-18T15:54:22.643Z,23.269000000000002,99530.31608072916
1613663587070,2021-02-18T15:54:22.658Z,23.309,99530.31608072916
1613663587109,2021-02-18T15:54:22.672Z,23.348000000000003,99530.31608072916
1613663587149,2021-02-18T15:54:22.674Z,23.388,99530.31608072916
1613663587188,2021-02-18T15:54:22.688Z,23.427,99530.31608072916
1613663587226,2021-02-18T15:54:22.703Z,23.465,99530.31608072916
1613663587266,2021-02-18T15:54:22.718Z,23.505,99530.31608072916
1613663587305,2021-02-18T15:54:22.732Z,23.544,99531.15983072916
1613663587345,2021-02-18T15:54:22.764Z,23.584,99531.15983072916
1613663587384,2021-02-18T15:54:22.778Z,23.623,99530.48795572916
1613663587424,2021-02-18T15:54:22.793Z,23.663,99530.48795572916
1613663587464,2021-02-18T15:54:22.808Z,23.703000000000003,99530.48795572916
1613663587503,2021-02-18T15:54:22.822Z,23.741999999999997,99530.48795572916
1613663587541,2021-02-18T15:54:22.825Z,23.78,99530.48795572916
1613663587581,2021-02-18T15:54:22.838Z,23.82,99530.48795572916
1613663587620,2021-02-18T15:54:22.853Z,23.859,99530.48795572916
1613663587660,2021-02-18T15:54:22.868Z,23.899,99530.48795572916
1613663587699,2021-02-18T15:54:22.882Z,23.938000000000002,99530.48795572916
1613663587739,2021-02-18T15:54:22.884Z,23.978,99530.48795572916
1613663587778,2021-02-18T15:54:22.899Z,24.017,99529.81608072916
1613663587818,2021-02-18T15:54:22.913Z,24.057,99529.81608072916
1613663587856,2021-02-18T15:54:22.928Z,24.095,99529.81608072916
1613663587896,2021-02-18T15:54:22.942Z,24.135,99529.81608072916
1613663587935,2021-02-18T15:54:22.957Z,24.174,99529.81608072916
1613663587975,2021-02-18T15:54:22.959Z,24.214000000000002,99529.81608072916
1613663588014,2021-02-18T15:54:22.973Z,24.253,99529.81608072916
1613663588054,2021-02-18T15:54:22.988Z,24.293000000000003,99529.81608072916
1613663588093,2021-02-18T15:54:23.003Z,24.331999999999997,99529.81608072916
1613663588133,2021-02-18T15:54:23.017Z,24.372,99529.81608072916
1613663588171,2021-02-18T15:54:23.019Z,24.41,99529.81608072916
1613663588211,2021-02-18T15:54:23.033Z,24.45,99529.81608072916
1613663588250,2021-02-18T15:54:23.048Z,24.489,99529.81608072916
1613663588290,2021-02-18T15:54:23.063Z,24.529,99529.81608072916
1613663588329,2021-02-18T15:54:23.077Z,24.568,99529.81608072916
1613663588369,2021-02-18T15:54:23.079Z,24.608,99529.81608072916
1613663588408,2021-02-18T15:54:23.094Z,24.647,99529.81608072916
1613663588446,2021-02-18T15:54:23.108Z,24.685,99529.15201822916
1613663588486,2021-02-18T15:54:23.123Z,24.725,99529.15201822916
1613663588526,2021-02-18T15:54:23.138Z,24.765,99529.15201822916
1613663588565,2021-02-18T15:54:23.152Z,24.804000000000002,99529.15201822916
1613663588605,2021-02-18T15:54:23.154Z,24.844,99529.15201822916
1613663588644,2021-02-18T15:54:23.168Z,24.883000000000003,99529.15201822916
1613663588684,2021-02-18T15:54:23.183Z,24.923000000000002,99529.15201822916
1613663588723,2021-02-18T15:54:23.198Z,24.962,99529.15201822916
1613663588761,2021-02-18T15:54:23.212Z,25.0,99529.15201822916
1613663588801,2021-02-18T15:54:23.214Z,25.04,99529.15201822916
1613663588841,2021-02-18T15:54:23.229Z,25.08,99529.15201822916
1613663588880,2021-02-18T15:54:23.243Z,25.119,99529.15201822916
1613663588920,2021-02-18T15:54:23.258Z,25.159000000000002,99529.15201822916
1613663588959,2021-02-18T15:54:23.272Z,25.198,99529.15201822916
1613663588999,2021-02-18T15:54:23.287Z,25.238000000000003,99529.15201822916
1613663589038,2021-02-18T15:54:23.289Z,25.276999999999997,99529.15201822916
1613663589076,2021-02-18T15:54:23.304Z,25.315,99528.47233072916
1613663589116,2021-02-18T15:54:23.318Z,25.355,99528.47233072916
1613663589155,2021-02-18T15:54:23.333Z,25.394000000000002,99529.15201822916
1613663589195,2021-02-18T15:54:23.347Z,25.434,99529.15201822916
1613663589235,2021-02-18T15:54:23.349Z,25.474,99529.15201822916
1613663589274,2021-02-18T15:54:23.363Z,25.513,99529.15201822916
1613663589314,2021-02-18T15:54:23.378Z,25.553,99529.15201822916
1613663589353,2021-02-18T15:54:23.393Z,25.592,99529.15201822916
1613663589391,2021-02-18T15:54:23.407Z,25.63,99529.15201822916
1613663589431,2021-02-18T15:54:23.409Z,25.67,99529.15201822916
1613663589470,2021-02-18T15:54:23.424Z,25.709,99528.47233072916
1613663589510,2021-02-18T15:54:23.438Z,25.749000000000002,99528.47233072916
1613663589549,2021-02-18T15:54:23.453Z,25.788,99528.47233072916
1613663589589,2021-02-18T15:54:23.467Z,25.828000000000003,99528.47233072916
1613663589629,2021-02-18T15:54:23.482Z,25.868000000000002,99528.47233072916
1613663589668,2021-02-18T15:54:23.484Z,25.906999999999996,99528.47233072916
1613663589706,2021-02-18T15:54:23.498Z,25.945,99528.47233072916
1613663589746,2021-02-18T15:54:23.513Z,25.985,99528.47233072916
1613663589785,2021-02-18T15:54:23.528Z,26.024,99529.15201822916
1613663589825,2021-02-18T15:54:23.542Z,26.064,99529.15201822916
1613663589864,2021-02-18T15:54:23.544Z,26.103,99529.34733072916
1613663589904,2021-02-18T15:54:23.558Z,26.143,99529.34733072916
1613663589944,2021-02-18T15:54:23.573Z,26.183000000000003,99529.34733072916
1613663589983,2021-02-18T15:54:23.587Z,26.221999999999998,99529.34733072916
1613663590021,2021-02-18T15:54:23.589Z,26.26,99529.34733072916
1613663590061,2021-02-18T15:54:23.603Z,26.3,99529.34733072916
1613663590100,2021-02-18T15:54:23.618Z,26.339000000000002,99530.01920572916
1613663590140,2021-02-18T15:54:23.633Z,26.379,99530.01920572916
1613663590179,2021-02-18T15:54:23.647Z,26.418000000000003,99530.01920572916
1613663590219,2021-02-18T15:54:23.649Z,26.458000000000002,99530.01920572916
1613663590258,2021-02-18T15:54:23.677Z,26.497,99530.01920572916
1613663590298,2021-02-18T15:54:23.679Z,26.537,99530.01920572916
1613663590336,2021-02-18T15:54:23.693Z,26.575,99530.01920572916
1613663590376,2021-02-18T15:54:23.708Z,26.615,99530.01920572916
1613663590415,2021-02-18T15:54:23.723Z,26.654,99530.01920572916
1613663590455,2021-02-18T15:54:23.754Z,26.694000000000003,99530.01920572916
1613663590494,2021-02-18T15:54:23.769Z,26.733,99530.01920572916
1613663590534,2021-02-18T15:54:23.783Z,26.773000000000003,99530.01920572916
1613663590573,2021-02-18T15:54:23.798Z,26.811999999999998,99530.01920572916
1613663590612,2021-02-18T15:54:23.812Z,26.851,99530.01920572916
1613663590651,2021-02-18T15:54:23.828Z,26.89,99530.01920572916
1613663590691,2021-02-18T15:54:23.829Z,26.93,99530.01920572916
1613663590730,2021-02-18T15:54:23.843Z,26.969,99530.01920572916
1613663590770,2021-02-18T15:54:23.858Z,27.009,99530.01920572916
1613663590809,2021-02-18T15:54:23.873Z,27.048000000000002,99530.01920572916
1613663590849,2021-02-18T15:54:23.887Z,27.088,99530.01920572916
1613663590888,2021-02-18T15:54:23.889Z,27.127,99530.01920572916
1613663590926,2021-02-18T15:54:23.903Z,27.165,99530.01920572916
1613663590966,2021-02-18T15:54:23.918Z,27.205,99530.01920572916
1613663591006,2021-02-18T15:54:23.933Z,27.245,99530.01920572916
1613663591045,2021-02-18T15:54:23.947Z,27.284000000000002,99530.01920572916
1613663591085,2021-02-18T15:54:23.949Z,27.324,99530.01920572916
1613663591124,2021-02-18T15:54:23.964Z,27.363000000000003,99530.01920572916
1613663591164,2021-02-18T15:54:23.978Z,27.403000000000002,99530.01920572916
1613663591203,2021-02-18T15:54:23.993Z,27.441999999999997,99530.01920572916
1613663591241,2021-02-18T15:54:24.007Z,27.48,99530.01920572916
1613663591281,2021-02-18T15:54:24.022Z,27.52,99530.01920572916
1613663591320,2021-02-18T15:54:24.024Z,27.559,99530.01920572916
1613663591360,2021-02-18T15:54:24.038Z,27.599,99530.01920572916
1613663591400,2021-02-18T15:54:24.053Z,27.639,99530.01920572916
1613663591439,2021-02-18T15:54:24.068Z,27.678,99530.01920572916
1613663591479,2021-02-18T15:54:24.082Z,27.718000000000004,99529.34733072916
1613663591518,2021-02-18T15:54:24.084Z,27.756999999999998,99529.34733072916
1613663591556,2021-02-18T15:54:24.099Z,27.795,99529.34733072916
1613663591596,2021-02-18T15:54:24.113Z,27.835,99529.34733072916
1613663591635,2021-02-18T15:54:24.128Z,27.874000000000002,99529.34733072916
1613663591675,2021-02-18T15:54:24.142Z,27.914,99529.34733072916
1613663591715,2021-02-18T15:54:24.157Z,27.954,99529.34733072916
1613663591754,2021-02-18T15:54:24.159Z,27.993000000000002,99529.34733072916
1613663591794,2021-02-18T15:54:24.173Z,28.033,99530.01920572916
1613663591833,2021-02-18T15:54:24.188Z,28.072,99530.01920572916
1613663591871,2021-02-18T15:54:24.203Z,28.11,99529.34733072916
1613663591911,2021-02-18T15:54:24.217Z,28.15,99529.34733072916
1613663591950,2021-02-18T15:54:24.219Z,28.189,99529.34733072916
1613663591990,2021-02-18T15:54:24.233Z,28.229,99529.34733072916
1613663592029,2021-02-18T15:54:24.248Z,28.268,99529.34733072916
1613663592069,2021-02-18T15:54:24.263Z,28.308000000000003,99529.34733072916
1613663592109,2021-02-18T15:54:24.277Z,28.348000000000003,99528.67545572916
1613663592147,2021-02-18T15:54:24.279Z,28.386,99528.67545572916
1613663592186,2021-02-18T15:54:24.294Z,28.425,99528.67545572916
1613663592226,2021-02-18T15:54:24.308Z,28.465,99528.67545572916
1613663592265,2021-02-18T15:54:24.323Z,28.504,99528.67545572916
1613663592305,2021-02-18T15:54:24.337Z,28.544,99528.67545572916
1613663592344,2021-02-18T15:54:24.352Z,28.583000000000002,99528.67545572916
1613663592384,2021-02-18T15:54:24.354Z,28.623,99528.67545572916
1613663592424,2021-02-18T15:54:24.368Z,28.663,99529.51920572916
1613663592462,2021-02-18T15:54:24.383Z,28.701,99529.51920572916
1613663592501,2021-02-18T15:54:24.398Z,28.74,99528.67545572916
1613663592541,2021-02-18T15:54:24.412Z,28.78,99528.67545572916
1613663592580,2021-02-18T15:54:24.414Z,28.819000000000003,99529.51920572916
1613663592620,2021-02-18T15:54:24.430Z,28.859,99529.51920572916
1613663592659,2021-02-18T15:54:24.443Z,28.898000000000003,99530.19108072916
1613663592699,2021-02-18T15:54:24.458Z,28.938000000000002,99530.19108072916
1613663592738,2021-02-18T15:54:24.472Z,28.976999999999997,99529.51920572916
1613663592777,2021-02-18T15:54:24.474Z,29.016,99529.51920572916
1613663592816,2021-02-18T15:54:24.489Z,29.055,99529.51920572916
1613663592856,2021-02-18T15:54:24.503Z,29.095,99529.51920572916
1613663592895,2021-02-18T15:54:24.518Z,29.134,99529.51920572916
1613663592935,2021-02-18T15:54:24.532Z,29.174,99529.51920572916
1613663592974,2021-02-18T15:54:24.547Z,29.213,99529.51920572916
1613663593014,2021-02-18T15:54:24.549Z,29.253,99529.51920572916
1613663593053,2021-02-18T15:54:24.563Z,29.291999999999998,99529.51920572916
1613663593091,2021-02-18T15:54:24.578Z,29.33,99529.51920572916
1613663593131,2021-02-18T15:54:24.593Z,29.37,99530.19108072916
1613663593171,2021-02-18T15:54:24.607Z,29.41,99530.19108072916
1613663593210,2021-02-18T15:54:24.609Z,29.449,99530.19108072916
1613663593250,2021-02-18T15:54:24.623Z,29.489,99530.19108072916
