epoch (ms),time (-07:00),elapsed (s),W-Axis,X-Axis (i),Y-Axis (j),Z-Axis (k)
1614820470401,2021-03-04T01:15:43.919Z,69.089,0.005637320043893532,0.9612462188610388,-0.27563307976532353,0.0005767903965526258
1614820470440,2021-03-04T01:15:43.922Z,69.128,0.002175328847455484,0.9612020891234891,-0.2758332624453413,0.001350236203176182
1614820470481,2021-03-04T01:15:43.933Z,69.169,-0.004064568965366014,0.961218540209974,-0.2757520778465777,0.0017857208705485707
1614820470531,2021-03-04T01:15:43.935Z,69.219,-0.00881161699717316,0.9612251568481579,-0.2756191929083717,0.0016167092091240124
1614820470572,2021-03-04T01:15:43.937Z,69.26,-0.013502701040154668,0.9612088232305124,-0.2754882250952723,0.0012300578401928267
1614820470612,2021-03-04T01:15:43.948Z,69.3,-0.017878612150685643,0.9611712112420804,-0.27537258302274426,0.0004454507598422822
1614820470651,2021-03-04T01:15:43.950Z,69.339,-0.021596931919936228,0.9611207640237359,-0.2752817435933884,-0.0006412006391794642
1614820470692,2021-03-04T01:15:43.952Z,69.38,-0.023831113241241486,0.9610777440662536,-0.2752416972435825,-0.0019120671211422862
1614820470732,2021-03-04T01:15:43.964Z,69.42,-0.0242724047170734,0.9610568426873388,-0.2752627445635329,-0.003319178881251267
1614820470773,2021-03-04T01:15:43.966Z,69.461,-0.023144377756310897,0.9610579979789072,-0.2753338963420274,-0.004807059825500229
1614820470812,2021-03-04T01:15:43.977Z,69.5,-0.020756845201052185,0.9611467295430264,-0.27520040086253084,-0.005554910543508483
1614820470852,2021-03-04T01:15:43.979Z,69.54,-0.019056595445302263,0.961161584501131,-0.2752597696165961,-0.0061085088137635005
1614820470893,2021-03-04T01:15:43.982Z,69.581,-0.01828402268695361,0.9611624286366848,-0.2752946107023361,-0.006734805851856577
1614820470933,2021-03-04T01:15:43.992Z,69.62100000000001,-0.01816066943950433,0.9611563369047552,-0.27531003710497515,-0.007284887274304409
1614820470972,2021-03-04T01:15:43.995Z,69.66,-0.01830005617723881,0.9611474560122668,-0.27531767058863416,-0.007801026003417697
1614820471013,2021-03-04T01:15:43.996Z,69.70100000000001,-0.0189164801006221,0.9611348376570559,-0.27530939168922564,-0.008168810822615303
1614820471053,2021-03-04T01:15:44.008Z,69.741,-0.021484891118253257,0.9610938661447244,-0.2752533074572921,-0.008520366567535052
1614820471094,2021-03-04T01:15:44.010Z,69.782,0.029037748011372305,-0.9609326413826677,0.2751156856187575,0.008753710200750874
1614820471133,2021-03-04T01:15:44.012Z,69.821,0.03550528927154502,-0.9607183592350786,0.275113463059529,0.008496534928753338
1614820471173,2021-03-04T01:15:44.023Z,69.861,0.039117506689607034,-0.9606127154469182,0.2750051832479943,0.008073461390492656
1614820471214,2021-03-04T01:15:44.026Z,69.902,0.04034665625340629,-0.96057668547025,0.2749654946116621,0.007652152188916473
1614820471253,2021-03-04T01:15:44.037Z,69.941,0.04090819628487578,-0.960558156167226,0.274948642959097,0.007602093941042084
1614820471294,2021-03-04T01:15:44.039Z,69.982,0.04126526396820592,-0.96054603653787,0.2749378133111301,0.007595294116584919
1614820471334,2021-03-04T01:15:44.041Z,70.02199999999999,0.04164783588800272,-0.9605329414937208,0.274926117007688,0.007586584102292887
1614820471375,2021-03-04T01:15:44.053Z,70.063,0.04226895954872655,-0.9605107766559846,0.2749074567178281,0.007633690281945144
1614820471425,2021-03-04T01:15:44.083Z,70.113,0.04343757234224207,-0.9604629507814753,0.274876181920144,0.008196468639492286
1614820471464,2021-03-04T01:15:44.085Z,70.152,0.04382316313941775,-0.9604454406208724,0.27486736789030103,0.008486226021755035
1614820471504,2021-03-04T01:15:44.087Z,70.192,0.04435641108621692,-0.9604163779994384,0.27485897594788666,0.009242997720951869
1614820471545,2021-03-04T01:15:44.098Z,70.233,0.04436701396481301,-0.9603980917107612,0.274873883597907,0.010555644271115905
1614820471584,2021-03-04T01:15:44.101Z,70.27199999999999,0.0440375863557725,-0.960404022576157,0.2748886539689619,0.011001469293998414
1614820471625,2021-03-04T01:15:44.112Z,70.313,0.0430048900640441,-0.9604289422852964,0.27492950761994794,0.011857153586733593
1614820471665,2021-03-04T01:15:44.114Z,70.35300000000001,0.0420423856158946,-0.9604468143881928,0.2749714588383677,0.012847231904061404
1614820471704,2021-03-04T01:15:44.116Z,70.392,0.04202379242261912,-0.9604437242759076,0.27497644202207616,0.013031105184320465
1614820471745,2021-03-04T01:15:44.127Z,70.433,0.04210563634101845,-0.9604357739302596,0.2749819738336341,0.013234561188778313
1614820471785,2021-03-04T01:15:44.130Z,70.473,0.04234069647385276,-0.9604204189497552,0.2749862611418273,0.013507052592059813
1614820471826,2021-03-04T01:15:44.132Z,70.514,0.042442446112148036,-0.9604144073479851,0.274987098405921,0.013597817351631871
1614820471866,2021-03-04T01:15:44.142Z,70.554,0.042818329364714566,-0.9603965289375164,0.2749835792204825,0.01375241921545074
1614820471905,2021-03-04T01:15:44.145Z,70.593,0.04326617673540131,-0.960374015309774,0.2749808863481757,0.013975006678157428
1614820471946,2021-03-04T01:15:44.147Z,70.634,0.04329879089807949,-0.960371198387817,0.27498240863122625,0.014037484008249215
1614820471986,2021-03-04T01:15:44.158Z,70.67399999999999,0.043383602902327005,-0.9603642580381392,0.27498579552400576,0.014183340301114337
1614820472025,2021-03-04T01:15:44.160Z,70.71300000000001,0.043489368496645024,-0.960354900299706,0.2749909529048718,0.01439152940363199
1614820472066,2021-03-04T01:15:44.172Z,70.75399999999999,0.043391242600030834,-0.9603567257547744,0.2749961053447124,0.014467252967801703
1614820472106,2021-03-04T01:15:44.174Z,70.794,0.04311813987030563,-0.9603651113890572,0.2750055747488765,0.014546913688085496
1614820472147,2021-03-04T01:15:44.176Z,70.835,0.04311813987030563,-0.9603651113890572,0.2750055747488765,0.014546913688085496
1614820472186,2021-03-04T01:15:44.187Z,70.874,0.04311813987030563,-0.9603651113890572,0.2750055747488765,0.014546913688085496
1614820472226,2021-03-04T01:15:44.190Z,70.914,0.04311813987030563,-0.9603651113890572,0.2750055747488765,0.014546913688085496
1614820472267,2021-03-04T01:15:44.192Z,70.955,0.0434838611940487,-0.9603515054736492,0.2749962920055486,0.014532003762426112
1614820472307,2021-03-04T01:15:44.203Z,70.995,0.04386540070086506,-0.9603371748857836,0.2749865631739424,0.014516446794151622
1614820472348,2021-03-04T01:15:44.205Z,71.036,0.044014231654185686,-0.9603315460577576,0.2749827594544997,0.014510377700035012
1614820472387,2021-03-04T01:15:44.207Z,71.075,0.04439541767775805,-0.9603170334927212,0.27497298398086023,0.014494831962425016
1614820472427,2021-03-04T01:15:44.218Z,71.115,0.044633087255103766,-0.9603079137109368,0.27496686921480235,0.014485137915668543
1614820472468,2021-03-04T01:15:44.221Z,71.156,0.04475001478759818,-0.9603034084451786,0.27496385004646223,0.014480368528068588
1614820472507,2021-03-04T01:15:44.233Z,71.195,0.04480316256877381,-0.960301356664357,0.2749624751052836,0.01447820073101531
1614820472548,2021-03-04T01:15:44.235Z,71.236,0.04480316256877381,-0.960301356664357,0.2749624751052836,0.01447820073101531
1614820472588,2021-03-04T01:15:44.237Z,71.27600000000001,0.04480316256877381,-0.960301356664357,0.2749624751052836,0.01447820073101531
1614820472627,2021-03-04T01:15:44.248Z,71.315,0.04480316256877381,-0.960301356664357,0.2749624751052836,0.01447820073101531
1614820472668,2021-03-04T01:15:44.250Z,71.35600000000001,0.04480316256877381,-0.960301356664357,0.2749624751052836,0.01447820073101531
1614820472708,2021-03-04T01:15:44.252Z,71.396,0.04480316256877381,-0.960301356664357,0.2749624751052836,0.01447820073101531
1614820472749,2021-03-04T01:15:44.263Z,71.437,0.044914773311849,-0.9602970352808547,0.274959598298997,0.014473647515410418
1614820472788,2021-03-04T01:15:44.265Z,71.476,0.045286002308602434,-0.9602825728873156,0.2749500135211657,0.01445850160057176
1614820472828,2021-03-04T01:15:44.277Z,71.516,0.04540755394479987,-0.9602778100638272,0.27494686152991754,0.014453542078623741
1614820472869,2021-03-04T01:15:44.279Z,71.557,0.04570425404998542,-0.9602661233898832,0.2749391539899619,0.014441434651178682
1614820472909,2021-03-04T01:15:44.280Z,71.597,0.0459958846557495,-0.9602545545928309,0.2749315506625853,0.014429533212312681
1614820472950,2021-03-04T01:15:44.282Z,71.638,0.0459958846557495,-0.9602545545928309,0.2749315506625853,0.014429533212312681
1614820472999,2021-03-04T01:15:44.294Z,71.687,0.0459958846557495,-0.9602545545928309,0.2749315506625853,0.014429533212312681
1614820473039,2021-03-04T01:15:44.296Z,71.727,0.0459958846557495,-0.9602545545928309,0.2749315506625853,0.014429533212312681
1614820473080,2021-03-04T01:15:44.307Z,71.768,0.0459958846557495,-0.9602545545928309,0.2749315506625853,0.014429533212312681
1614820473120,2021-03-04T01:15:44.309Z,71.808,0.0459958846557495,-0.9602545545928309,0.2749315506625853,0.014429533212312681
1614820473159,2021-03-04T01:15:44.312Z,71.847,0.0459958846557495,-0.9602545545928309,0.2749315506625853,0.014429533212312681
1614820473200,2021-03-04T01:15:44.322Z,71.888,0.0459958846557495,-0.9602545545928309,0.2749315506625853,0.014429533212312681
1614820473240,2021-03-04T01:15:44.325Z,71.928,0.0459958846557495,-0.9602545545928309,0.2749315506625853,0.014429533212312681
1614820473279,2021-03-04T01:15:44.327Z,71.967,0.0459958846557495,-0.9602545545928309,0.2749315506625853,0.014429533212312681
1614820473320,2021-03-04T01:15:44.338Z,72.008,0.0459958846557495,-0.9602545545928309,0.2749315506625853,0.014429533212312681
1614820473360,2021-03-04T01:15:44.340Z,72.048,0.0459958846557495,-0.9602545545928309,0.2749315506625853,0.014429533212312681
1614820473401,2021-03-04T01:15:44.342Z,72.089,0.0459958846557495,-0.9602545545928309,0.2749315506625853,0.014429533212312681
1614820473440,2021-03-04T01:15:44.354Z,72.128,0.0459958846557495,-0.9602545545928309,0.2749315506625853,0.014429533212312681
1614820473480,2021-03-04T01:15:44.356Z,72.168,0.0459958846557495,-0.9602545545928309,0.2749315506625853,0.014429533212312681
1614820473521,2021-03-04T01:15:44.367Z,72.209,0.0459958846557495,-0.9602545545928309,0.2749315506625853,0.014429533212312681
1614820473560,2021-03-04T01:15:44.369Z,72.248,0.046221858281605,-0.9602416256693008,0.2749312828529165,0.014572228992960169
1614820473601,2021-03-04T01:15:44.371Z,72.289,0.046428449388030375,-0.9602298100592872,0.2749309241791497,0.01470026839643886
1614820473641,2021-03-04T01:15:44.383Z,72.329,0.04665515115180807,-0.9602167206925908,0.2749305977434197,0.014842930903798773
1614820473681,2021-03-04T01:15:44.385Z,72.369,0.04686851810257714,-0.9602044399219262,0.2749301225077419,0.014973419882126852
1614820473722,2021-03-04T01:15:44.387Z,72.41,0.047079250948360976,-0.96019226514445,0.27492960944945,0.015101918251808047
1614820473761,2021-03-04T01:15:44.398Z,72.449,0.04727183883719418,-0.9601811460979056,0.27492905900233244,0.01521684747755051
1614820473802,2021-03-04T01:15:44.400Z,72.49,0.04744844052795965,-0.9601709311206044,0.2749284763837779,0.015321925327804303
1614820473842,2021-03-04T01:15:44.402Z,72.53,0.04763296613775343,-0.9601605176720672,0.2749274273237424,0.015420458675937153
1614820473881,2021-03-04T01:15:44.413Z,72.569,0.0478144279069543,-0.960150323400354,0.27492625589847713,0.015514212057707998
1614820473922,2021-03-04T01:15:44.416Z,72.61,0.04798909542138295,-0.9601402907694844,0.2749253786261533,0.015611052142428148
1614820473972,2021-03-04T01:15:44.427Z,72.66,0.048259172329191066,-0.9601250723302489,0.2749234653579065,0.015747570115284895
1614820474012,2021-03-04T01:15:44.430Z,72.7,0.04834527585980862,-0.9601202193507298,0.27492282440679217,0.01579048182094814
1614820474053,2021-03-04T01:15:44.432Z,72.741,0.04860998465472048,-0.9601052581474909,0.2749208055515337,0.015922102383273358
1614820474092,2021-03-04T01:15:44.443Z,72.78,0.04876520314658271,-0.9600964841086396,0.2749195601790185,0.0159978622095786
1614820474133,2021-03-04T01:15:44.445Z,72.821,0.04883819859159885,-0.9600924051107169,0.2749188916320436,0.016031438826730502
1614820474173,2021-03-04T01:15:44.447Z,72.861,0.0490763865929679,-0.9600793196790884,0.27491629027597386,0.01613200373210566
1614820474212,2021-03-04T01:15:44.459Z,72.9,0.04923501571331623,-0.9600704468650038,0.27491472903378705,0.01620314921306989
1614820474253,2021-03-04T01:15:44.461Z,72.941,0.04931687010522277,-0.9600658804849737,0.27491389509863995,0.01623889569308565
1614820474293,2021-03-04T01:15:44.472Z,72.98100000000001,0.04955525264385617,-0.9600525147869255,0.2749114395994627,0.01634460657387246
1614820474334,2021-03-04T01:15:44.474Z,73.02199999999999,0.04963700443297692,-0.9600480868372284,0.2749103419265553,0.016375061921173467
1614820474373,2021-03-04T01:15:44.477Z,73.061,0.04977909592011096,-0.960040322814382,0.27490850882970913,0.01642960598612389
1614820474413,2021-03-04T01:15:44.488Z,73.101,0.04991277191387871,-0.9600329003631378,0.2749069318529561,0.016484060161517187
1614820474454,2021-03-04T01:15:44.490Z,73.142,0.05014995744309297,-0.9600198858248415,0.2749038018166717,0.016574086281127685
1614820474494,2021-03-04T01:15:44.492Z,73.182,0.05023083024239895,-0.9600154109501932,0.2749027616935836,0.01660560280542466
1614820474543,2021-03-04T01:15:44.503Z,73.23100000000001,0.05045299807168058,-0.9600029345069652,0.2749001293723227,0.016696694124124674
1614820474584,2021-03-04T01:15:44.505Z,73.27199999999999,0.05058308893173855,-0.9599957416751956,0.27489836173195026,0.0167456799415441
1614820474634,2021-03-04T01:15:44.534Z,73.322,0.050788534341215885,-0.9599843805567592,0.27489550948952324,0.016821793276042666
1614820474674,2021-03-04T01:15:44.536Z,73.362,0.050788534341215885,-0.9599843805567592,0.27489550948952324,0.016821793276042666
1614820474725,2021-03-04T01:15:44.548Z,73.413,0.050788534341215885,-0.9599843805567592,0.27489550948952324,0.016821793276042666
1614820474765,2021-03-04T01:15:44.550Z,73.453,0.050788534341215885,-0.9599843805567592,0.27489550948952324,0.016821793276042666
1614820474804,2021-03-04T01:15:44.552Z,73.492,0.050788534341215885,-0.9599843805567592,0.27489550948952324,0.016821793276042666
1614820474845,2021-03-04T01:15:44.563Z,73.533,0.050788534341215885,-0.9599843805567592,0.27489550948952324,0.016821793276042666
1614820474885,2021-03-04T01:15:44.565Z,73.57300000000001,0.050788534341215885,-0.9599843805567592,0.27489550948952324,0.016821793276042666
1614820474926,2021-03-04T01:15:44.577Z,73.61399999999999,0.050788534341215885,-0.9599843805567592,0.27489550948952324,0.016821793276042666
1614820474965,2021-03-04T01:15:44.580Z,73.653,0.050788534341215885,-0.9599843805567592,0.27489550948952324,0.016821793276042666
1614820475005,2021-03-04T01:15:44.582Z,73.693,0.050788534341215885,-0.9599843805567592,0.27489550948952324,0.016821793276042666
1614820475046,2021-03-04T01:15:44.593Z,73.734,0.050788534341215885,-0.9599843805567592,0.27489550948952324,0.016821793276042666
1614820475085,2021-03-04T01:15:44.595Z,73.773,0.050788534341215885,-0.9599843805567592,0.27489550948952324,0.016821793276042666
1614820475126,2021-03-04T01:15:44.597Z,73.814,0.050788534341215885,-0.9599843805567592,0.27489550948952324,0.016821793276042666
1614820475166,2021-03-04T01:15:44.608Z,73.854,0.050788534341215885,-0.9599843805567592,0.27489550948952324,0.016821793276042666
1614820475205,2021-03-04T01:15:44.610Z,73.893,0.05083695534182856,-0.9599818018604329,0.2748946870454265,0.01683612492726097
1614820475246,2021-03-04T01:15:44.622Z,73.934,0.05101178267959455,-0.9599726132425276,0.2748914804652011,0.016883536946165328
1614820475286,2021-03-04T01:15:44.624Z,73.97399999999999,0.051179905038570166,-0.959963663310742,0.2748885083928578,0.016931934231299996
1614820475326,2021-03-04T01:15:44.626Z,74.014,0.05137482466342982,-0.9599535881271604,0.27488455343420964,0.016976993722896908
1614820475367,2021-03-04T01:15:44.637Z,74.055,0.051553818421916725,-0.9599439988203918,0.2748813708691817,0.01702806166054615
1614820475406,2021-03-04T01:15:44.640Z,74.094,0.051714452394248364,-0.9599353349636685,0.27487855092329483,0.017074845359841898
1614820475447,2021-03-04T01:15:44.641Z,74.135,0.051862547150142616,-0.9599272192248938,0.27487610189421746,0.017121290888881174
1614820475487,2021-03-04T01:15:44.653Z,74.175,0.0520103725921369,-0.959919138680612,0.2748735944214693,0.017166112760913982
1614820475526,2021-03-04T01:15:44.655Z,74.214,0.05216667638115824,-0.9599102898318452,0.2748713455880103,0.017222564411916646
1614820475567,2021-03-04T01:15:44.657Z,74.255,0.05230633246885066,-0.9599026151855479,0.2748689617572869,0.017264727222730585
1614820475607,2021-03-04T01:15:44.668Z,74.295,0.052442396673538116,-0.9598951943110936,0.274866528785644,0.01730324602305161
1614820475648,2021-03-04T01:15:44.670Z,74.336,0.05258618022375227,-0.9598871732886362,0.27486417313984546,0.01734919391717621
1614820475687,2021-03-04T01:15:44.682Z,74.375,0.052732530527359336,-0.9598789951163887,0.2748617430461174,0.017395895153256284
1614820475727,2021-03-04T01:15:44.684Z,74.415,0.052868435634087926,-0.959871332234606,0.2748595393341823,0.017440977746906075
1614820475768,2021-03-04T01:15:44.686Z,74.456,0.053016644030038335,-0.9598628438191398,0.27485729264010245,0.01749357578595894
1614820475808,2021-03-04T01:15:44.697Z,74.49600000000001,0.053154687154230384,-0.9598552808686059,0.2748546655414809,0.01753088281478879
1614820475849,2021-03-04T01:15:44.700Z,74.53699999999999,0.053284627916944334,-0.9598481133374802,0.2748522314269232,0.01756697554713843
1614820475888,2021-03-04T01:15:44.701Z,74.57600000000001,0.0534068575942271,-0.9598412701311562,0.2748500643372313,0.017603574885191382
1614820475928,2021-03-04T01:15:44.712Z,74.616,0.05353234147023202,-0.9598343693281636,0.27484762654873496,0.017636724572568183
1614820475969,2021-03-04T01:15:44.715Z,74.657,0.05366552410135545,-0.9598271137385336,0.2748449074691639,0.017669184858105584
1614820476008,2021-03-04T01:15:44.717Z,74.696,0.053793781065646265,-0.9598201706269452,0.27484219443069946,0.017698512277612218
1614820476049,2021-03-04T01:15:44.728Z,74.737,0.053926266865758035,-0.959812888640236,0.27483951840996457,0.017731769854914137
1614820476089,2021-03-04T01:15:44.730Z,74.777,0.053986264567049816,-0.9598096493771456,0.27483821200306063,0.017744785813810334
1614820476130,2021-03-04T01:15:44.732Z,74.818,0.054181597676434434,-0.9597989626448552,0.2748341402966046,0.01779047797320635
1614820476180,2021-03-04T01:15:44.744Z,74.868,0.05438127332822794,-0.9597881351402564,0.2748297519651757,0.017833120589214494
1614820476219,2021-03-04T01:15:44.746Z,74.907,0.05444290903888603,-0.9597847703639484,0.2748284122037879,0.017846794623997183
1614820476269,2021-03-04T01:15:44.757Z,74.957,0.054646058871434484,-0.9597738010397436,0.2748237864693289,0.017887019824527634
1614820476310,2021-03-04T01:15:44.760Z,74.998,0.054777932696834855,-0.9597668463293816,0.2748204977250429,0.017907339461073483
1614820476349,2021-03-04T01:15:44.762Z,75.03699999999999,0.05484004378826166,-0.9597635604829244,0.27481895315451804,0.017917046450143068
1614820476389,2021-03-04T01:15:44.773Z,75.077,0.05484004378826166,-0.9597635604829244,0.27481895315451804,0.017917046450143068
1614820476430,2021-03-04T01:15:44.775Z,75.118,0.05484004378826166,-0.9597635604829244,0.27481895315451804,0.017917046450143068
1614820476470,2021-03-04T01:15:44.777Z,75.158,0.05484004378826166,-0.9597635604829244,0.27481895315451804,0.017917046450143068
1614820476511,2021-03-04T01:15:44.788Z,75.199,0.05484004378826166,-0.9597635604829244,0.27481895315451804,0.017917046450143068
1614820476550,2021-03-04T01:15:44.790Z,75.238,0.05484004378826166,-0.9597635604829244,0.27481895315451804,0.017917046450143068
1614820476590,2021-03-04T01:15:44.792Z,75.278,0.05484004378826166,-0.9597635604829244,0.27481895315451804,0.017917046450143068
1614820476631,2021-03-04T01:15:44.804Z,75.319,0.05484004378826166,-0.9597635604829244,0.27481895315451804,0.017917046450143068
1614820476670,2021-03-04T01:15:44.806Z,75.358,0.05484004378826166,-0.9597635604829244,0.27481895315451804,0.017917046450143068
1614820476711,2021-03-04T01:15:44.817Z,75.399,0.05484004378826166,-0.9597635604829244,0.27481895315451804,0.017917046450143068
1614820476751,2021-03-04T01:15:44.819Z,75.439,0.05484004378826166,-0.9597635604829244,0.27481895315451804,0.017917046450143068
1614820476790,2021-03-04T01:15:44.821Z,75.47800000000001,0.05484004378826166,-0.9597635604829244,0.27481895315451804,0.017917046450143068
1614820476831,2021-03-04T01:15:44.833Z,75.51899999999999,0.05484004378826166,-0.9597635604829244,0.27481895315451804,0.017917046450143068
1614820476871,2021-03-04T01:15:44.835Z,75.559,0.05484004378826166,-0.9597635604829244,0.27481895315451804,0.017917046450143068
1614820476912,2021-03-04T01:15:44.837Z,75.6,0.05484004378826166,-0.9597635604829244,0.27481895315451804,0.017917046450143068
1614820476952,2021-03-04T01:15:44.848Z,75.64,0.05484004378826166,-0.9597635604829244,0.27481895315451804,0.017917046450143068
1614820476991,2021-03-04T01:15:44.850Z,75.679,0.05484004378826166,-0.9597635604829244,0.27481895315451804,0.017917046450143068
1614820477032,2021-03-04T01:15:44.852Z,75.72,0.05484004378826166,-0.9597635604829244,0.27481895315451804,0.017917046450143068
1614820477072,2021-03-04T01:15:44.863Z,75.76,0.05484004378826166,-0.9597635604829244,0.27481895315451804,0.017917046450143068
1614820477111,2021-03-04T01:15:44.866Z,75.79899999999999,0.05484004378826166,-0.9597635604829244,0.27481895315451804,0.017917046450143068
1614820477152,2021-03-04T01:15:44.877Z,75.84,0.05484004378826166,-0.9597635604829244,0.27481895315451804,0.017917046450143068
1614820477192,2021-03-04T01:15:44.879Z,75.88,0.05484004378826166,-0.9597635604829244,0.27481895315451804,0.017917046450143068
1614820477233,2021-03-04T01:15:44.881Z,75.921,0.05490116253695208,-0.959760459532028,0.27481723520364704,0.01792232981465319
1614820477272,2021-03-04T01:15:44.892Z,75.96,0.05512232076404668,-0.9597491709088426,0.2748110623428293,0.017942650511567612
1614820477312,2021-03-04T01:15:44.895Z,76.0,0.05534720574851496,-0.9597377633460166,0.2748045872483286,0.017959711876669716
1614820477353,2021-03-04T01:15:44.897Z,76.041,0.055545845401482136,-0.9597274120213322,0.2747992170272177,0.01798176839742284
1614820477392,2021-03-04T01:15:44.908Z,76.08,0.05575289107579918,-0.9597169887427642,0.274792986303172,0.017992535502132177
1614820477433,2021-03-04T01:15:44.910Z,76.12100000000001,0.05596151962156251,-0.9597062238833556,0.2747870225019753,0.01801012009106794
1614820477473,2021-03-04T01:15:44.912Z,76.161,0.05616569934072207,-0.9596954491609986,0.27478147576794537,0.01803329287808042
1614820477513,2021-03-04T01:15:44.923Z,76.20100000000001,0.05636046218512397,-0.9596854612709704,0.27477567367600103,0.01804557794319004
1614820477554,2021-03-04T01:15:44.926Z,76.242,0.05654422554102699,-0.9596759296332084,0.274770309746115,0.018059278020630218
1614820477593,2021-03-04T01:15:44.937Z,76.281,0.05671539930305211,-0.9596671822300944,0.2747650548735304,0.018067303417825423
1614820477634,2021-03-04T01:15:44.939Z,76.322,0.0568925065296832,-0.9596581527221346,0.2747595276249789,0.018074141584272525
1614820477674,2021-03-04T01:15:44.941Z,76.362,0.05708356990951202,-0.9596485616774986,0.2747532916490712,0.01807575294959133
1614820477724,2021-03-04T01:15:44.953Z,76.41199999999999,0.0572690303710736,-0.9596390081131811,0.2747475392285901,0.018083748387467718
1614820477765,2021-03-04T01:15:44.982Z,76.453,0.057437308171138415,-0.9596303660697652,0.2747422279783736,0.018089342507165013
1614820477814,2021-03-04T01:15:44.986Z,76.502,0.05769500123346424,-0.9596170697381676,0.27473408578747355,0.018098298437259918
1614820477854,2021-03-04T01:15:44.987Z,76.542,0.05785891832377251,-0.9596084052739045,0.2747291549713711,0.01810926577179529
1614820477895,2021-03-04T01:15:44.998Z,76.583,0.058035423829554025,-0.9595995142247278,0.2747231299698911,0.01810700803934912
1614820477934,2021-03-04T01:15:45.000Z,76.622,0.05818864340763458,-0.9595917467635592,0.2747179265701825,0.018105859344990816
1614820477974,2021-03-04T01:15:45.012Z,76.66199999999999,0.05834200206500985,-0.9595837840927728,0.27471295799154644,0.01810974358670906
1614820478015,2021-03-04T01:15:45.014Z,76.703,0.05848736781021991,-0.95957637150028,0.2747080073475181,0.01810872066559242
1614820478055,2021-03-04T01:15:45.016Z,76.743,0.05862544890608262,-0.9595690715526008,0.27470366496177384,0.01811491420927612
1614820478096,2021-03-04T01:15:45.027Z,76.78399999999999,0.0587794953147753,-0.9595610302444916,0.2746986320451903,0.01811799434737212
1614820478135,2021-03-04T01:15:45.030Z,76.82300000000001,0.058930087135519775,-0.9595532464759914,0.27469354364902,0.018118197623640062
1614820478175,2021-03-04T01:15:45.032Z,76.863,0.059067390313557275,-0.95954596996527,0.2746891385866195,0.01812324660473685
1614820478216,2021-03-04T01:15:45.043Z,76.904,0.05922022380903566,-0.9595380692198684,0.27468391398703884,0.018121981309328697
1614820478255,2021-03-04T01:15:45.045Z,76.943,0.0592922958356712,-0.9595342329689972,0.27468160435434225,0.01812444880425887
1614820478296,2021-03-04T01:15:45.047Z,76.984,0.0592922958356712,-0.9595342329689972,0.27468160435434225,0.01812444880425887
1614820478336,2021-03-04T01:15:45.058Z,77.024,0.0592922958356712,-0.9595342329689972,0.27468160435434225,0.01812444880425887
1614820478375,2021-03-04T01:15:45.060Z,77.063,0.0592922958356712,-0.9595342329689972,0.27468160435434225,0.01812444880425887
1614820478416,2021-03-04T01:15:45.072Z,77.104,0.0592922958356712,-0.9595342329689972,0.27468160435434225,0.01812444880425887
1614820478456,2021-03-04T01:15:45.074Z,77.14399999999999,0.0592922958356712,-0.9595342329689972,0.27468160435434225,0.01812444880425887
1614820478497,2021-03-04T01:15:45.076Z,77.185,0.0592922958356712,-0.9595342329689972,0.27468160435434225,0.01812444880425887
1614820478537,2021-03-04T01:15:45.087Z,77.225,0.0592922958356712,-0.9595342329689972,0.27468160435434225,0.01812444880425887
1614820478576,2021-03-04T01:15:45.090Z,77.264,0.0592922958356712,-0.9595342329689972,0.27468160435434225,0.01812444880425887
1614820478617,2021-03-04T01:15:45.092Z,77.305,0.0592922958356712,-0.9595342329689972,0.27468160435434225,0.01812444880425887
1614820478657,2021-03-04T01:15:45.102Z,77.345,0.0592922958356712,-0.9595342329689972,0.27468160435434225,0.01812444880425887
1614820478698,2021-03-04T01:15:45.105Z,77.38600000000001,0.0592922958356712,-0.9595342329689972,0.27468160435434225,0.01812444880425887
1614820478737,2021-03-04T01:15:45.107Z,77.425,0.0592922958356712,-0.9595342329689972,0.27468160435434225,0.01812444880425887
1614820478777,2021-03-04T01:15:45.118Z,77.465,0.0592922958356712,-0.9595342329689972,0.27468160435434225,0.01812444880425887
1614820478818,2021-03-04T01:15:45.120Z,77.506,0.0592922958356712,-0.9595342329689972,0.27468160435434225,0.01812444880425887
1614820478857,2021-03-04T01:15:45.122Z,77.545,0.0592922958356712,-0.9595342329689972,0.27468160435434225,0.01812444880425887
1614820478898,2021-03-04T01:15:45.134Z,77.586,0.0592922958356712,-0.9595342329689972,0.27468160435434225,0.01812444880425887
1614820478938,2021-03-04T01:15:45.136Z,77.626,0.0592922958356712,-0.9595342329689972,0.27468160435434225,0.01812444880425887
1614820478977,2021-03-04T01:15:45.147Z,77.665,0.0592922958356712,-0.9595342329689972,0.27468160435434225,0.01812444880425887
1614820479018,2021-03-04T01:15:45.150Z,77.706,0.0592922958356712,-0.9595342329689972,0.27468160435434225,0.01812444880425887
1614820479058,2021-03-04T01:15:45.152Z,77.74600000000001,0.0592922958356712,-0.9595342329689972,0.27468160435434225,0.01812444880425887
1614820479099,2021-03-04T01:15:45.163Z,77.78699999999999,0.0592922958356712,-0.9595342329689972,0.27468160435434225,0.01812444880425887
1614820479139,2021-03-04T01:15:45.165Z,77.827,0.0592922958356712,-0.9595342329689972,0.27468160435434225,0.01812444880425887
1614820479178,2021-03-04T01:15:45.167Z,77.866,0.0592922958356712,-0.9595342329689972,0.27468160435434225,0.01812444880425887
1614820479219,2021-03-04T01:15:45.179Z,77.907,0.0592922958356712,-0.9595342329689972,0.27468160435434225,0.01812444880425887
1614820479259,2021-03-04T01:15:45.181Z,77.947,0.0592922958356712,-0.9595342329689972,0.27468160435434225,0.01812444880425887
1614820479298,2021-03-04T01:15:45.192Z,77.986,0.0592922958356712,-0.9595342329689972,0.27468160435434225,0.01812444880425887
1614820479339,2021-03-04T01:15:45.195Z,78.027,0.0592922958356712,-0.9595342329689972,0.27468160435434225,0.01812444880425887
1614820479379,2021-03-04T01:15:45.197Z,78.067,0.0592922958356712,-0.9595342329689972,0.27468160435434225,0.01812444880425887
1614820479430,2021-03-04T01:15:45.207Z,78.118,0.0592922958356712,-0.9595342329689972,0.27468160435434225,0.01812444880425887
1614820479470,2021-03-04T01:15:45.210Z,78.158,0.0592922958356712,-0.9595342329689972,0.27468160435434225,0.01812444880425887
1614820479509,2021-03-04T01:15:45.212Z,78.197,0.0592922958356712,-0.9595342329689972,0.27468160435434225,0.01812444880425887
1614820479550,2021-03-04T01:15:45.223Z,78.238,0.0592922958356712,-0.9595342329689972,0.27468160435434225,0.01812444880425887
1614820479590,2021-03-04T01:15:45.225Z,78.278,0.0592922958356712,-0.9595342329689972,0.27468160435434225,0.01812444880425887
1614820479629,2021-03-04T01:15:45.227Z,78.317,0.059361814357888176,-0.9595306545616732,0.27467918035805045,0.018123074529911326
1614820479670,2021-03-04T01:15:45.239Z,78.358,0.05949766052644076,-0.9595236216651284,0.2746744793766964,0.018121209607993332
1614820479710,2021-03-04T01:15:45.241Z,78.398,0.05973227246109801,-0.9595118310484996,0.2746657379239492,0.018106189971422867
1614820479751,2021-03-04T01:15:45.252Z,78.439,0.06008139377742387,-0.9594937372744302,0.2746533904733158,0.018097219521823752
1614820479790,2021-03-04T01:15:45.254Z,78.47800000000001,0.06019873095990705,-0.9594874953722768,0.27464944301056604,0.018098134407656428
1614820479830,2021-03-04T01:15:45.256Z,78.518,0.06041014895814395,-0.9594760833762316,0.2746425204408417,0.018103737121472282
1614820479871,2021-03-04T01:15:45.267Z,78.559,0.06069765215690631,-0.9594610175061024,0.2746322676432855,0.018096090127447742
1614820479911,2021-03-04T01:15:45.270Z,78.59899999999999,0.06079406970667215,-0.9594559796408396,0.2746287726940761,0.018092579376149536
1614820479952,2021-03-04T01:15:45.272Z,78.64,0.06097059343138116,-0.9594467252638862,0.27462237650405324,0.01808641590520389
1614820479991,2021-03-04T01:15:45.283Z,78.679,0.061248843720940686,-0.9594325846961852,0.27461148585215994,0.018061738679152818
1614820480031,2021-03-04T01:15:45.288Z,78.719,0.06134669969800423,-0.9594274484676656,0.2746078918790256,0.01805711163905209
1614820480072,2021-03-04T01:15:45.288Z,78.76,0.06153240606386856,-0.9594177196642142,0.27460097878993645,0.01804728915707416
1614820480111,2021-03-04T01:15:45.298Z,78.79899999999999,0.061783827476392224,-0.9594041823152779,0.2745921020236182,0.018043035348052947
1614820480161,2021-03-04T01:15:45.302Z,78.84899999999999,0.06194931271151394,-0.9593953328748956,0.2745861108627488,0.018037339984300352
1614820480202,2021-03-04T01:15:45.313Z,78.89,0.062126849404695685,-0.9593860155811904,0.2745793449820133,0.01802528777974685
1614820480242,2021-03-04T01:15:45.315Z,78.93,0.06228893770618819,-0.9593777183021802,0.27457278878087393,0.018007374206993453
1614820480283,2021-03-04T01:15:45.317Z,78.971,0.06244303622206144,-0.9593699916804254,0.2745662520692874,0.01798498026397466
1614820480322,2021-03-04T01:15:45.328Z,79.01,0.0625943269987723,-0.9593619539783016,0.2745604997650548,0.017975635044942043
1614820480362,2021-03-04T01:15:45.330Z,79.05,0.06273518758019324,-0.9593544278460806,0.27455518952105623,0.017967357024738194
1614820480403,2021-03-04T01:15:45.332Z,79.09100000000001,0.06286779380425253,-0.9593473742721028,0.274550105337757,0.017958163559632964
1614820480442,2021-03-04T01:15:45.344Z,79.13,0.0629978290425206,-0.9593402564249788,0.27454540817298995,0.01795452003011425
1614820480483,2021-03-04T01:15:45.346Z,79.171,0.06312755119388029,-0.9593331757816304,0.2745406590088973,0.01794983776961451
1614820480523,2021-03-04T01:15:45.357Z,79.211,0.06326211683926776,-0.9593260102009435,0.2745354153417713,0.017939243241428336
1614820480573,2021-03-04T01:15:45.359Z,79.26100000000001,0.06347463205380867,-0.95931496312217,0.27452661386101435,0.017913986087653253
1614820480614,2021-03-04T01:15:45.362Z,79.30199999999999,0.06353503912432154,-0.959311846265358,0.2745240633784174,0.017905838283202427
1614820480653,2021-03-04T01:15:45.373Z,79.34100000000001,0.0636966333922829,-0.9593035328911532,0.2745171532622521,0.017883043416330336
1614820480693,2021-03-04T01:15:45.375Z,79.381,0.0636966333922829,-0.9593035328911532,0.2745171532622521,0.017883043416330336
1614820480734,2021-03-04T01:15:45.377Z,79.422,0.0636966333922829,-0.9593035328911532,0.2745171532622521,0.017883043416330336
1614820480773,2021-03-04T01:15:45.388Z,79.461,0.0636966333922829,-0.9593035328911532,0.2745171532622521,0.017883043416330336
1614820480814,2021-03-04T01:15:45.390Z,79.502,0.0636966333922829,-0.9593035328911532,0.2745171532622521,0.017883043416330336
1614820480854,2021-03-04T01:15:45.392Z,79.542,0.0636966333922829,-0.9593035328911532,0.2745171532622521,0.017883043416330336
1614820480904,2021-03-04T01:15:45.404Z,79.592,0.0636966333922829,-0.9593035328911532,0.2745171532622521,0.017883043416330336
1614820480945,2021-03-04T01:15:45.432Z,79.633,0.0636966333922829,-0.9593035328911532,0.2745171532622521,0.017883043416330336
1614820480995,2021-03-04T01:15:45.436Z,79.683,0.0636966333922829,-0.9593035328911532,0.2745171532622521,0.017883043416330336
1614820481034,2021-03-04T01:15:45.447Z,79.722,0.0636966333922829,-0.9593035328911532,0.2745171532622521,0.017883043416330336
1614820481075,2021-03-04T01:15:45.449Z,79.763,0.0636966333922829,-0.9593035328911532,0.2745171532622521,0.017883043416330336
1614820481115,2021-03-04T01:15:45.451Z,79.803,0.0636966333922829,-0.9593035328911532,0.2745171532622521,0.017883043416330336
1614820481154,2021-03-04T01:15:45.462Z,79.842,0.0636966333922829,-0.9593035328911532,0.2745171532622521,0.017883043416330336
1614820481195,2021-03-04T01:15:45.465Z,79.883,0.0636966333922829,-0.9593035328911532,0.2745171532622521,0.017883043416330336
1614820481235,2021-03-04T01:15:45.466Z,79.923,0.0636966333922829,-0.9593035328911532,0.2745171532622521,0.017883043416330336
1614820481276,2021-03-04T01:15:45.477Z,79.964,0.0636966333922829,-0.9593035328911532,0.2745171532622521,0.017883043416330336
1614820481315,2021-03-04T01:15:45.480Z,80.003,0.0636966333922829,-0.9593035328911532,0.2745171532622521,0.017883043416330336
1614820481355,2021-03-04T01:15:45.482Z,80.043,0.0636966333922829,-0.9593035328911532,0.2745171532622521,0.017883043416330336
1614820481396,2021-03-04T01:15:45.493Z,80.084,0.0636966333922829,-0.9593035328911532,0.2745171532622521,0.017883043416330336
1614820481435,2021-03-04T01:15:45.496Z,80.123,0.0636966333922829,-0.9593035328911532,0.2745171532622521,0.017883043416330336
1614820481476,2021-03-04T01:15:45.507Z,80.164,0.0636966333922829,-0.9593035328911532,0.2745171532622521,0.017883043416330336
1614820481516,2021-03-04T01:15:45.509Z,80.204,0.0636966333922829,-0.9593035328911532,0.2745171532622521,0.017883043416330336
1614820481556,2021-03-04T01:15:45.511Z,80.244,0.0636966333922829,-0.9593035328911532,0.2745171532622521,0.017883043416330336
1614820481597,2021-03-04T01:15:45.523Z,80.285,0.0636966333922829,-0.9593035328911532,0.2745171532622521,0.017883043416330336
1614820481636,2021-03-04T01:15:45.525Z,80.324,0.0636966333922829,-0.9593035328911532,0.2745171532622521,0.017883043416330336
1614820481677,2021-03-04T01:15:45.526Z,80.365,0.0636966333922829,-0.9593035328911532,0.2745171532622521,0.017883043416330336
1614820481717,2021-03-04T01:15:45.538Z,80.405,0.0636966333922829,-0.9593035328911532,0.2745171532622521,0.017883043416330336
1614820481756,2021-03-04T01:15:45.540Z,80.444,0.0636966333922829,-0.9593035328911532,0.2745171532622521,0.017883043416330336
1614820481797,2021-03-04T01:15:45.542Z,80.485,0.0636966333922829,-0.9593035328911532,0.2745171532622521,0.017883043416330336
1614820481837,2021-03-04T01:15:45.553Z,80.525,0.0636966333922829,-0.9593035328911532,0.2745171532622521,0.017883043416330336
1614820481878,2021-03-04T01:15:45.555Z,80.566,0.0636966333922829,-0.9593035328911532,0.2745171532622521,0.017883043416330336
1614820481917,2021-03-04T01:15:45.567Z,80.605,0.0636966333922829,-0.9593035328911532,0.2745171532622521,0.017883043416330336
1614820481957,2021-03-04T01:15:45.569Z,80.645,0.0636966333922829,-0.9593035328911532,0.2745171532622521,0.017883043416330336
1614820481998,2021-03-04T01:15:45.571Z,80.686,0.0636966333922829,-0.9593035328911532,0.2745171532622521,0.017883043416330336
1614820482037,2021-03-04T01:15:45.582Z,80.725,0.0636966333922829,-0.9593035328911532,0.2745171532622521,0.017883043416330336
1614820482079,2021-03-04T01:15:45.585Z,80.767,0.0636966333922829,-0.9593035328911532,0.2745171532622521,0.017883043416330336
1614820482118,2021-03-04T01:15:45.587Z,80.806,0.0636966333922829,-0.9593035328911532,0.2745171532622521,0.017883043416330336
1614820482158,2021-03-04T01:15:45.597Z,80.846,0.0636966333922829,-0.9593035328911532,0.2745171532622521,0.017883043416330336
1614820482199,2021-03-04T01:15:45.600Z,80.887,0.0636966333922829,-0.9593035328911532,0.2745171532622521,0.017883043416330336
1614820482238,2021-03-04T01:15:45.602Z,80.926,0.0636966333922829,-0.9593035328911532,0.2745171532622521,0.017883043416330336
1614820482279,2021-03-04T01:15:45.613Z,80.967,0.0636966333922829,-0.9593035328911532,0.2745171532622521,0.017883043416330336
1614820482319,2021-03-04T01:15:45.615Z,81.007,0.0636966333922829,-0.9593035328911532,0.2745171532622521,0.017883043416330336
1614820482358,2021-03-04T01:15:45.617Z,81.046,0.0636966333922829,-0.9593035328911532,0.2745171532622521,0.017883043416330336
1614820482399,2021-03-04T01:15:45.629Z,81.087,0.0636966333922829,-0.9593035328911532,0.2745171532622521,0.017883043416330336
1614820482439,2021-03-04T01:15:45.631Z,81.127,0.0636966333922829,-0.9593035328911532,0.2745171532622521,0.017883043416330336
1614820482478,2021-03-04T01:15:45.642Z,81.166,0.0636966333922829,-0.9593035328911532,0.2745171532622521,0.017883043416330336
1614820482519,2021-03-04T01:15:45.645Z,81.207,0.0636966333922829,-0.9593035328911532,0.2745171532622521,0.017883043416330336
1614820482569,2021-03-04T01:15:45.646Z,81.257,0.0636966333922829,-0.9593035328911532,0.2745171532622521,0.017883043416330336
1614820482610,2021-03-04T01:15:45.657Z,81.298,0.0636966333922829,-0.9593035328911532,0.2745171532622521,0.017883043416330336
1614820482650,2021-03-04T01:15:45.660Z,81.33800000000001,0.0636966333922829,-0.9593035328911532,0.2745171532622521,0.017883043416330336
1614820482689,2021-03-04T01:15:45.662Z,81.377,0.0636966333922829,-0.9593035328911532,0.2745171532622521,0.017883043416330336
1614820482730,2021-03-04T01:15:45.673Z,81.418,0.0636966333922829,-0.9593035328911532,0.2745171532622521,0.017883043416330336
1614820482770,2021-03-04T01:15:45.675Z,81.458,0.0636966333922829,-0.9593035328911532,0.2745171532622521,0.017883043416330336
1614820482809,2021-03-04T01:15:45.677Z,81.497,0.0636966333922829,-0.9593035328911532,0.2745171532622521,0.017883043416330336
1614820482850,2021-03-04T01:15:45.689Z,81.538,0.0636966333922829,-0.9593035328911532,0.2745171532622521,0.017883043416330336
1614820482890,2021-03-04T01:15:45.691Z,81.578,0.0636966333922829,-0.9593035328911532,0.2745171532622521,0.017883043416330336
1614820482931,2021-03-04T01:15:45.702Z,81.619,0.06383970950999178,-0.9592959269934724,0.2745113946936125,0.017869250873544226
1614820482971,2021-03-04T01:15:45.704Z,81.65899999999999,0.06408256358850227,-0.9592827737453904,0.2745019193528664,0.01785164728724801
1614820483010,2021-03-04T01:15:45.706Z,81.69800000000001,0.06432351000440377,-0.95926982811074,0.2744922383525684,0.017829582757357614
1614820483051,2021-03-04T01:15:45.717Z,81.73899999999999,0.06455823058931287,-0.9592570852617668,0.2744829072357326,0.017810470900473833
1614820483091,2021-03-04T01:15:45.720Z,81.779,0.06478274069557617,-0.9592450251582468,0.2744736869951497,0.017786887429027332
1614820483132,2021-03-04T01:15:45.722Z,81.82,0.06499235942029036,-0.95923373986454,0.2744650310565654,0.01776435334006925
1614820483171,2021-03-04T01:15:45.733Z,81.859,0.06520172523647483,-0.9592223208049008,0.27445654907756545,0.017744772872071587
1614820483211,2021-03-04T01:15:45.735Z,81.899,0.06539880567652316,-0.9592117312704528,0.2744482324713374,0.017720567219580027
1614820483252,2021-03-04T01:15:45.737Z,81.94,0.06559013439826154,-0.9592014386570141,0.2744401041074516,0.017696429171553053
1614820483291,2021-03-04T01:15:45.748Z,81.979,0.0657863915603582,-0.9591909471326099,0.27443158718088984,0.017668661004481424
1614820483332,2021-03-04T01:15:45.751Z,82.02,0.06596258168160593,-0.9591811640041942,0.27442448329977065,0.017653198098655745
1614820483372,2021-03-04T01:15:45.762Z,82.06,0.06614884332048615,-0.959170600027618,0.2744172677938402,0.01764238381240717
1614820483412,2021-03-04T01:15:45.764Z,82.1,0.06631786144979943,-0.9591613683432698,0.27441007004849016,0.017621696472643597
1614820483453,2021-03-04T01:15:45.767Z,82.141,0.06647488023976196,-0.9591527460160382,0.2744034202151479,0.017602928200487252
1614820483492,2021-03-04T01:15:45.777Z,82.18,0.06662788131813525,-0.9591442614435056,0.2743970328460483,0.017586345167004518
1614820483533,2021-03-04T01:15:45.780Z,82.221,0.06678276209356461,-0.9591359903546804,0.274389996901714,0.01755973501445382
1614820483573,2021-03-04T01:15:45.782Z,82.26100000000001,0.06693728634823251,-0.9591273364532382,0.2743835898364819,0.017544166919425543
1614820483612,2021-03-04T01:15:45.793Z,82.3,0.06709445937277726,-0.9591186405106121,0.27437683818758857,0.017524771403128588
1614820483653,2021-03-04T01:15:45.795Z,82.34100000000001,0.06722821770292473,-0.9591114636327716,0.27437069365105143,0.01750112962444348
1614820483693,2021-03-04T01:15:45.797Z,82.381,0.06736259244651553,-0.9591039722244212,0.2743649565270569,0.017484914415785736
1614820483734,2021-03-04T01:15:45.808Z,82.42200000000001,0.06748660804202071,-0.9590971259644316,0.2743595087031611,0.017467704082377886
1614820483773,2021-03-04T01:15:45.811Z,82.461,0.06761828788781782,-0.9590898239172776,0.274353751331967,0.01744981179046914
1614820483813,2021-03-04T01:15:45.822Z,82.501,0.06773899642980072,-0.9590830662673064,0.27434854862208463,0.017434856780041606
1614820483854,2021-03-04T01:15:45.824Z,82.542,0.06784500593348387,-0.9590769764039324,0.2743442314614705,0.017425589390080876
1614820483893,2021-03-04T01:15:45.826Z,82.581,0.06795597512285513,-0.9590705509622568,0.2743397650521304,0.017417147676832546
1614820483934,2021-03-04T01:15:45.838Z,82.62200000000001,0.0680331941356301,-0.95906606400314,0.27433666478353835,0.01741159753363937
1614820483974,2021-03-04T01:15:45.840Z,82.662,0.0680331941356301,-0.95906606400314,0.27433666478353835,0.01741159753363937
1614820484014,2021-03-04T01:15:45.842Z,82.70200000000001,0.0680331941356301,-0.95906606400314,0.27433666478353835,0.01741159753363937
1614820484055,2021-03-04T01:15:45.852Z,82.743,0.0680331941356301,-0.95906606400314,0.27433666478353835,0.01741159753363937
1614820484094,2021-03-04T01:15:45.855Z,82.78200000000001,0.0680331941356301,-0.95906606400314,0.27433666478353835,0.01741159753363937
1614820484144,2021-03-04T01:15:45.884Z,82.83200000000001,0.0680331941356301,-0.95906606400314,0.27433666478353835,0.01741159753363937
1614820484185,2021-03-04T01:15:45.887Z,82.87299999999999,0.0680331941356301,-0.95906606400314,0.27433666478353835,0.01741159753363937
1614820484224,2021-03-04T01:15:45.898Z,82.912,0.0680331941356301,-0.95906606400314,0.27433666478353835,0.01741159753363937
1614820484266,2021-03-04T01:15:45.900Z,82.954,0.0680331941356301,-0.95906606400314,0.27433666478353835,0.01741159753363937
1614820484305,2021-03-04T01:15:45.902Z,82.993,0.0680331941356301,-0.95906606400314,0.27433666478353835,0.01741159753363937
1614820484355,2021-03-04T01:15:45.914Z,83.04299999999999,0.0680331941356301,-0.95906606400314,0.27433666478353835,0.01741159753363937
1614820484396,2021-03-04T01:15:45.916Z,83.084,0.0680331941356301,-0.95906606400314,0.27433666478353835,0.01741159753363937
1614820484435,2021-03-04T01:15:45.927Z,83.12299999999999,0.0680331941356301,-0.95906606400314,0.27433666478353835,0.01741159753363937
1614820484475,2021-03-04T01:15:45.930Z,83.163,0.0680331941356301,-0.95906606400314,0.27433666478353835,0.01741159753363937
1614820484516,2021-03-04T01:15:45.931Z,83.204,0.0680331941356301,-0.95906606400314,0.27433666478353835,0.01741159753363937
1614820484556,2021-03-04T01:15:45.943Z,83.244,0.0680331941356301,-0.95906606400314,0.27433666478353835,0.01741159753363937
1614820484597,2021-03-04T01:15:45.945Z,83.285,0.0680331941356301,-0.95906606400314,0.27433666478353835,0.01741159753363937
1614820484636,2021-03-04T01:15:45.947Z,83.324,0.0680331941356301,-0.95906606400314,0.27433666478353835,0.01741159753363937
1614820484676,2021-03-04T01:15:45.958Z,83.36399999999999,0.0680331941356301,-0.95906606400314,0.27433666478353835,0.01741159753363937
1614820484717,2021-03-04T01:15:45.960Z,83.405,0.0680331941356301,-0.95906606400314,0.27433666478353835,0.01741159753363937
1614820484756,2021-03-04T01:15:45.962Z,83.444,0.0680331941356301,-0.95906606400314,0.27433666478353835,0.01741159753363937
1614820484797,2021-03-04T01:15:45.974Z,83.485,0.0680331941356301,-0.95906606400314,0.27433666478353835,0.01741159753363937
1614820484837,2021-03-04T01:15:45.976Z,83.525,0.0680331941356301,-0.95906606400314,0.27433666478353835,0.01741159753363937
1614820484876,2021-03-04T01:15:45.987Z,83.564,0.0680331941356301,-0.95906606400314,0.27433666478353835,0.01741159753363937
1614820484917,2021-03-04T01:15:45.989Z,83.605,0.0680331941356301,-0.95906606400314,0.27433666478353835,0.01741159753363937
1614820484957,2021-03-04T01:15:45.992Z,83.645,0.0680308741674585,-0.959066892866851,0.2743380494931625,0.017353090993332196
1614820484998,2021-03-04T01:15:46.003Z,83.686,0.06802034168242352,-0.9590706093776031,0.2743443189900004,0.017087831442064234
1614820485037,2021-03-04T01:15:46.005Z,83.725,0.06782167162641092,-0.9590867146399872,0.2743576716097005,0.01675597468900722
1614820485077,2021-03-04T01:15:46.006Z,83.765,0.06749816415529866,-0.9591111478661696,0.2743762358461391,0.01635497103044678
1614820485118,2021-03-04T01:15:46.020Z,83.806,0.06715734544566024,-0.959140039956012,0.2743936409871285,0.01576085313995759
1614820485158,2021-03-04T01:15:46.021Z,83.846,0.0670567739597944,-0.9591611455662924,0.2743876412877644,0.01499027053124156
1614820485199,2021-03-04T01:15:46.022Z,83.887,0.06676903887980801,-0.9591930328040636,0.2743833061534543,0.0142976421660706
1614820485238,2021-03-04T01:15:46.034Z,83.926,0.06603636457393586,-0.9592548734359788,0.27439130700440195,0.013367759109094001
1614820485278,2021-03-04T01:15:46.036Z,83.96600000000001,0.06478805682790416,-0.9593480782222664,0.2744126830428492,0.01230657909140612
1614820485319,2021-03-04T01:15:46.047Z,84.007,0.06305886193886052,-0.959468189732513,0.2744438314716796,0.011178380452210694
1614820485358,2021-03-04T01:15:46.049Z,84.046,0.06117111960253064,-0.959593624932608,0.2744776467956861,0.010009521705482678
1614820485399,2021-03-04T01:15:46.052Z,84.087,0.059337387534255576,-0.9597106392326388,0.2745092756716307,0.00890061540152781
1614820485439,2021-03-04T01:15:46.063Z,84.12700000000001,0.057557924675337775,-0.959818481545572,0.2745418921922663,0.007894125797726777
1614820485478,2021-03-04T01:15:46.065Z,84.166,0.05565662361441223,-0.9599268201257946,0.2745807821619733,0.006945093112611907
1614820485519,2021-03-04T01:15:46.067Z,84.20700000000001,0.05363713733806978,-0.9600342282762048,0.2746265056215698,0.006133550878153754
1614820485559,2021-03-04T01:15:46.079Z,84.24700000000001,0.05143728773491664,-0.9601436050963029,0.2746819895401361,0.005316732588955764
1614820485600,2021-03-04T01:15:46.081Z,84.288,0.04908258332017788,-0.9602526006148404,0.2747462426341687,0.004510563763064517
1614820485640,2021-03-04T01:15:46.092Z,84.32799999999999,0.046599377920699465,-0.9603590165541388,0.2748183787421246,0.0037304163469148157
1614820485679,2021-03-04T01:15:46.094Z,84.367,0.044069863991608386,-0.9604593557177892,0.2748948380058719,0.0029156713902684594
1614820485720,2021-03-04T01:15:46.097Z,84.40799999999999,0.04149773007899385,-0.9605528690777171,0.27497504812972123,0.002201592813178193
1614820485760,2021-03-04T01:15:46.107Z,84.448,0.03885900750442035,-0.96064028893617,0.2750596183243135,0.001555369951593194
1614820485809,2021-03-04T01:15:46.109Z,84.49700000000001,0.034793195067088334,-0.9607593995696284,0.27519164753489744,0.0006056753747975071
1614820485850,2021-03-04T01:15:46.111Z,84.538,0.033440322086739235,-0.9607949017528468,0.2752359025422796,0.00031555698300387896
1614820485890,2021-03-04T01:15:46.123Z,84.57799999999999,0.030788866416195645,-0.9608581795355114,0.27532451248442064,-0.00013171835388847786
1614820485931,2021-03-04T01:15:46.125Z,84.619,0.02677352641626338,-0.9609381823065982,0.2754647685796521,-0.000386445192999848
1614820485971,2021-03-04T01:15:46.127Z,84.65899999999999,-0.025531461643640715,0.9609594052274996,-0.27550859004750905,0.00042752916121813634
1614820486010,2021-03-04T01:15:46.138Z,84.698,-0.023139633924241343,0.9609957880192092,-0.27559281095574184,0.0005052729006317097
1614820486051,2021-03-04T01:15:46.140Z,84.73899999999999,-0.019789820639997496,0.961037483476979,-0.275708067748971,0.0006162218763343431
1614820486091,2021-03-04T01:15:46.142Z,84.779,-0.01870300497371929,0.9610481119102146,-0.2757468557260141,0.0006290913935774329
1614820486132,2021-03-04T01:15:46.153Z,84.82,-0.016828900146883118,0.9610638501959509,-0.2758127568222325,0.0006222061563363916
1614820486171,2021-03-04T01:15:46.156Z,84.859,-0.014648985256650291,0.9610778853566296,-0.2758882975533557,0.0005939549563716664
1614820486211,2021-03-04T01:15:46.167Z,84.899,-0.01362344554362117,0.9610830728611252,-0.27592283773407045,0.0005625016574424182
1614820486252,2021-03-04T01:15:46.169Z,84.94,-0.01218602275029847,0.9611068724660085,-0.275907361501012,0.0004565278599721122
1614820486291,2021-03-04T01:15:46.171Z,84.979,-0.009679258267055605,0.9612229059773449,-0.2756026785186911,2.4024797114831978e-05
1614820486331,2021-03-04T01:15:46.183Z,85.01899999999999,-0.008755480663595399,0.9612758473777868,-0.2754488240391711,-0.00017928163674404385
1614820486372,2021-03-04T01:15:46.185Z,85.06,-0.0074427296031576405,0.9613548615786144,-0.2752110426062927,-0.0005638464110168397
1614820486412,2021-03-04T01:15:46.187Z,85.1,-0.00620765785540652,0.9614398703111068,-0.27494247798438504,-0.0012143145879013827
1614820486453,2021-03-04T01:15:46.197Z,85.141,-0.005877809435550756,0.9614803412659674,-0.2748060019807738,-0.001632786165197246
1614820486492,2021-03-04T01:15:46.200Z,85.18,-0.005679889755197,0.9615109107069176,-0.2747015769753281,-0.00188442330464328
1614820486532,2021-03-04T01:15:46.202Z,85.22,-0.005886628901908764,0.961553824324252,-0.2745420814873952,-0.002497202463898833
1614820486573,2021-03-04T01:15:46.213Z,85.26100000000001,-0.0065831047589373845,0.9615530082675392,-0.2745265734487327,-0.0027632397427897197
1614820486612,2021-03-04T01:15:46.215Z,85.3,-0.006969704425165783,0.9615524837919835,-0.2745174959898219,-0.002896295767213288
1614820486653,2021-03-04T01:15:46.227Z,85.34100000000001,-0.008474329166368961,0.9615493546226976,-0.27448124699423426,-0.003327073540471974
1614820486693,2021-03-04T01:15:46.229Z,85.381,-0.009433045787556806,0.9615457814846512,-0.2744588140541777,-0.00361761581927101
1614820486732,2021-03-04T01:15:46.231Z,85.42,-0.009878107747584854,0.9615436036389756,-0.2744487466392335,-0.0037691851179712695
1614820486773,2021-03-04T01:15:46.242Z,85.461,-0.01114952923953663,0.9615357113734108,-0.2744207411790411,-0.0042450632635338895
1614820486813,2021-03-04T01:15:46.245Z,85.501,-0.011909632497363272,0.961529660450471,-0.2744049431040556,-0.004560693789302543
1614820486854,2021-03-04T01:15:46.247Z,85.542,-0.012226534200631222,0.9615265059663226,-0.2743990666325007,-0.004737342804668092
1614820486893,2021-03-04T01:15:46.258Z,85.581,-0.013103202823010323,0.9615172979133532,-0.27438268927466825,-0.005189577592050986
1614820486933,2021-03-04T01:15:46.260Z,85.62100000000001,-0.013549002904060524,0.9615111632499465,-0.2743761020175147,-0.005519248836127598
1614820486974,2021-03-04T01:15:46.262Z,85.662,-0.013729692403991484,0.961508285379414,-0.2743739274469917,-0.005679844235908167
1614820487014,2021-03-04T01:15:46.273Z,85.70200000000001,-0.014369716944663338,0.96149886310941,-0.2743644970292368,-0.006129457083332429
1614820487053,2021-03-04T01:15:46.275Z,85.741,-0.014718631753114794,0.961493105737916,-0.2743598466112508,-0.006406564229224959
1614820487094,2021-03-04T01:15:46.277Z,85.78200000000001,-0.014915788546827537,0.961489859815808,-0.274357127022723,-0.006552524341183442
1614820487134,2021-03-04T01:15:46.289Z,85.822,-0.015342439868507375,0.9614830382640316,-0.2743508204371633,-0.006826711866169014
1614820487175,2021-03-04T01:15:46.291Z,85.863,-0.01596936910701608,0.9614724621611964,-0.2743416682018341,-0.007234144334044079
1614820487214,2021-03-04T01:15:46.302Z,85.902,-0.016146966786742937,0.9614692183204174,-0.2743393112856489,-0.007359345706620495
1614820487254,2021-03-04T01:15:46.304Z,85.94200000000001,-0.01639018904020236,0.9614637829057162,-0.27433740310692256,-0.007599021016287251
1614820487295,2021-03-04T01:15:46.333Z,85.98299999999999,-0.016683822828340904,0.9614554997887064,-0.2743373271294398,-0.008000182832672832
1614820487334,2021-03-04T01:15:46.336Z,86.022,-0.016731076472455704,0.9614533430271424,-0.2743384380162964,-0.008121680169980041
1614820487384,2021-03-04T01:15:46.348Z,86.072,-0.016872396809033918,0.9614466896698372,-0.2743418291954569,-0.008493874411661918
1614820487425,2021-03-04T01:15:46.350Z,86.113,-0.01696348486130595,0.9614422349087114,-0.2743440934799409,-0.008739993579630683
1614820487465,2021-03-04T01:15:46.352Z,86.15299999999999,-0.017044967993664496,0.961438203313122,-0.2743460769435544,-0.008959929788360072
1614820487506,2021-03-04T01:15:46.363Z,86.194,-0.017148433497231226,0.9614315537141376,-0.27435129853170104,-0.009309336462938087
1614820487545,2021-03-04T01:15:46.365Z,86.23299999999999,-0.017251359621435567,0.9614237325628952,-0.27435824558013683,-0.009713399931644379
1614820487585,2021-03-04T01:15:46.367Z,86.273,-0.017365305137494954,0.961418802764838,-0.274359890752167,-0.009948980559148876
1614820487626,2021-03-04T01:15:46.378Z,86.314,-0.017468016588529464,0.9614141073355996,-0.27436156579548976,-0.010174174502246556
1614820487665,2021-03-04T01:15:46.381Z,86.353,-0.01757098992571242,0.9614086168811988,-0.2743644245725437,-0.010435239747501858
1614820487706,2021-03-04T01:15:46.392Z,86.39399999999999,-0.017659192264304808,0.96140438609384,-0.2743659135194996,-0.010635075303393537
1614820487746,2021-03-04T01:15:46.394Z,86.434,-0.01770309448431369,0.961400390820594,-0.27436864242307984,-0.01085066959246163
1614820487786,2021-03-04T01:15:46.396Z,86.47399999999999,-0.017386781110944872,0.9614067754723736,-0.27437046220205163,-0.01074994834619042
1614820487827,2021-03-04T01:15:46.407Z,86.515,-0.01700397934377636,0.9614169977649476,-0.27436906897605057,-0.010480223486460374
1614820487866,2021-03-04T01:15:46.409Z,86.554,-0.017025663736943985,0.9614152235052504,-0.2743697194014591,-0.010590177629791015
1614820487906,2021-03-04T01:15:46.411Z,86.594,-0.01711495996740594,0.9614114590345416,-0.2743706779705813,-0.010761768086684149
1614820487947,2021-03-04T01:15:46.422Z,86.635,-0.017104805314766047,0.9614101084374399,-0.2743724656033025,-0.010852610203008454
1614820487986,2021-03-04T01:15:46.425Z,86.67399999999999,-0.016855494236748585,0.9614127838175912,-0.27437813455422666,-0.01086235263134077
1614820488027,2021-03-04T01:15:46.427Z,86.715,-0.0165636794363477,0.9614158401066762,-0.2743847451321456,-0.01087375529755595
1614820488067,2021-03-04T01:15:46.438Z,86.755,-0.016255021415095328,0.9614189861837786,-0.2743917023179839,-0.010885815687820256
1614820488106,2021-03-04T01:15:46.440Z,86.794,-0.015957820483167417,0.9614219267451054,-0.27439838341295203,-0.010897427197049414
1614820488147,2021-03-04T01:15:46.442Z,86.835,-0.01570844292820793,0.9614243224193588,-0.2744039918661292,-0.010907168706015885
1614820488187,2021-03-04T01:15:46.453Z,86.875,-0.015474963660827729,0.9614265158966391,-0.2744092102412149,-0.010916288991155444
1614820488228,2021-03-04T01:15:46.455Z,86.916,-0.01520962115586319,0.9614289470768264,-0.27441511508694644,-0.010926653598311943
1614820488267,2021-03-04T01:15:46.467Z,86.955,-0.014854198127186188,0.961432092718696,-0.2744230103031592,-0.010940534936586876
1614820488307,2021-03-04T01:15:46.469Z,86.995,-0.014456267514543144,0.9614354729505016,-0.27443179865482953,-0.010956074528236293
1614820488348,2021-03-04T01:15:46.471Z,87.036,-0.013968254032656722,0.9614394132871418,-0.2744425057789802,-0.010975130027047966
1614820488388,2021-03-04T01:15:46.482Z,87.07600000000001,-0.013474855648032616,0.9614431614736272,-0.27445327259178176,-0.010994393322187422
1614820488427,2021-03-04T01:15:46.485Z,87.115,-0.012789142576874612,0.9614530821510562,-0.2744601918712014,-0.010770874263792227
1614820488468,2021-03-04T01:15:46.487Z,87.156,-0.011850553624648595,0.9614666495969532,-0.27446815066424995,-0.01042498741226178
1614820488508,2021-03-04T01:15:46.498Z,87.196,-0.011003244577691515,0.9614784954106822,-0.2744743846025696,-0.010091762413723492
1614820488549,2021-03-04T01:15:46.500Z,87.23700000000001,-0.010411991531867386,0.961482310378024,-0.27448539023673146,-0.010056232349484766
1614820488588,2021-03-04T01:15:46.502Z,87.27600000000001,-0.009737912255538713,0.9614848910611524,-0.2745001285918462,-0.010082496173435613
1614820488628,2021-03-04T01:15:46.513Z,87.316,-0.008985409466564974,0.9614895477758046,-0.27451249877506884,-0.009999997543227637
1614820488669,2021-03-04T01:15:46.515Z,87.35700000000001,-0.008369793656927915,0.9614910623680826,-0.2745257793359222,-0.010023972288508366
1614820488708,2021-03-04T01:15:46.517Z,87.396,-0.007902603390482835,0.961491967211336,-0.2745357914612265,-0.010042163834853469
1614820488749,2021-03-04T01:15:46.529Z,87.43700000000001,-0.007599995685165319,0.9614924398207244,-0.2745422488632169,-0.010053945608744416
1614820488789,2021-03-04T01:15:46.531Z,87.477,-0.007308216730416859,0.9614928121795784,-0.27454845061257,-0.010065304837153791
1614820488829,2021-03-04T01:15:46.542Z,87.51700000000001,-0.006909070052256926,0.9614931879708272,-0.2745568991129533,-0.010080842533630476
1614820488870,2021-03-04T01:15:46.544Z,87.55799999999999,-0.006167841019775439,0.9614958511342384,-0.27456823479742376,-0.009998521342063534
1614820488909,2021-03-04T01:15:46.547Z,87.59700000000001,-0.005525669429720089,0.9614956589003962,-0.2745816712348525,-0.010023508114521778
1614820488959,2021-03-04T01:15:46.558Z,87.647,-0.004925537363083321,0.9614951221695448,-0.2745941183323153,-0.010046855386414777
1614820489000,2021-03-04T01:15:46.560Z,87.68799999999999,-0.0047880358233395115,0.9614949480433282,-0.2745969642872935,-0.0100522039530998
1614820489039,2021-03-04T01:15:46.562Z,87.727,-0.004623037281828999,0.9614947217287544,-0.2746003490930352,-0.010058622769504576
1614820489080,2021-03-04T01:15:46.573Z,87.76799999999999,-0.004569810928881496,0.9614946426880836,-0.2746014409331273,-0.010060693198730895
1614820489120,2021-03-04T01:15:46.575Z,87.80799999999999,-0.004458727730705515,0.9614944682460708,-0.2746037195143557,-0.010065014064093884
1614820489160,2021-03-04T01:15:46.577Z,87.848,-0.004352903473990436,0.9614942930741064,-0.2746058798082767,-0.01006913064731512
1614820489201,2021-03-04T01:15:46.589Z,87.889,-0.004087397139352507,0.9614937970366044,-0.2746113180469014,-0.010079456597562972
1614820489240,2021-03-04T01:15:46.591Z,87.928,-0.003964979231254437,0.9614935430749372,-0.2746138272775833,-0.010084217017571086
1614820489280,2021-03-04T01:15:46.602Z,87.96799999999999,-0.0037208977285305054,0.9614929991903512,-0.27461879845433873,-0.010093709106784721
1614820489321,2021-03-04T01:15:46.604Z,88.009,-0.003333928522508793,0.9614920212372826,-0.2746266393833855,-0.010108756532800087
1614820489360,2021-03-04T01:15:46.606Z,88.04799999999999,-0.0031955495213081475,0.9614916393336728,-0.2746294233505292,-0.010114137870278577
1614820489401,2021-03-04T01:15:46.618Z,88.089,-0.002520689693347996,0.9614894965857448,-0.274642980694965,-0.010140376410474671
1614820489441,2021-03-04T01:15:46.620Z,88.12899999999999,-0.0020002463059872787,0.9614875420987234,-0.27465335873218144,-0.010160607304804474
1614820489480,2021-03-04T01:15:46.622Z,88.16799999999999,-0.001836262839118704,0.9614868709841781,-0.2746566175395081,-0.010166981144703309
1614820489521,2021-03-04T01:15:46.633Z,88.209,-0.0015497359882195685,0.9614856406106742,-0.27466227832449125,-0.010178117873561987
1614820489561,2021-03-04T01:15:46.635Z,88.249,-0.0011566909091393115,0.9614838273427829,-0.27466999573102824,-0.010193393425711707
1614820489602,2021-03-04T01:15:46.637Z,88.29,-0.0008965799699201126,0.9614825416845642,-0.27467509305228044,-0.010203501206393087
1614820489641,2021-03-04T01:15:46.648Z,88.329,-0.0007528790405280871,0.9614818047705712,-0.27467789652161884,-0.010209085695333823
1614820489681,2021-03-04T01:15:46.651Z,88.369,-0.0002703779615386486,0.9614791840984768,-0.2746872710084965,-0.010227833934408554
1614820489722,2021-03-04T01:15:46.662Z,88.41,4.363181422797541e-05,0.9614773557436628,-0.2746933457253803,-0.010240034308303914
1614820489762,2021-03-04T01:15:46.664Z,88.45,0.00017587610815728163,0.9614765573341578,-0.2746958958926406,-0.010245171750143769
1614820489803,2021-03-04T01:15:46.666Z,88.491,0.0006380380773556245,0.9614736347085129,-0.27470477052198605,-0.010263124294084243
1614820489842,2021-03-04T01:15:46.678Z,88.53,0.0013537777990850677,0.9614687054399784,-0.2747183878760369,-0.01029092357534878
1614820489882,2021-03-04T01:15:46.681Z,88.57,0.0016060290514398026,0.9614681213273452,-0.2747206963636014,-0.010247503669132641
1614820489933,2021-03-04T01:15:46.682Z,88.62100000000001,0.002611990264700768,0.9614674732949552,-0.2747251659699811,-0.00997789985106552
1614820489973,2021-03-04T01:15:46.693Z,88.661,0.0032961124762206856,0.9614674875787429,-0.27472595092335084,-0.009749762090647256
1614820490012,2021-03-04T01:15:46.696Z,88.7,0.003830896694528285,0.9614650489858,-0.274730738891015,-0.00965944706730649
1614820490053,2021-03-04T01:15:46.707Z,88.741,0.004607344690755864,0.9614612056154256,-0.2747371338746108,-0.009519965430474349
1614820490093,2021-03-04T01:15:46.709Z,88.781,0.004766255519859921,0.9614595093893349,-0.2747401455495342,-0.00952612390007295
1614820490134,2021-03-04T01:15:46.712Z,88.822,0.004303968917718217,0.9614571677746272,-0.27474615500345995,-0.009805136264351472
1614820490173,2021-03-04T01:15:46.723Z,88.861,0.0031912664167714003,0.9614526022293102,-0.2747558846797788,-0.010388133565618766
1614820490213,2021-03-04T01:15:46.727Z,88.90100000000001,0.0021040321503806225,0.9614144713443256,-0.2748727991426742,-0.011078430840692207
1614820490254,2021-03-04T01:15:46.727Z,88.94200000000001,0.001162410702515554,0.961362719051586,-0.27503680021417176,-0.011624532121769423
1614820490293,2021-03-04T01:15:46.738Z,88.98100000000001,0.00047237250632402284,0.96135666149714,-0.2750434026909787,-0.012011365261990129
1614820490334,2021-03-04T01:15:46.740Z,89.022,4.247616695822251e-05,0.9613521196587036,-0.2750482423058036,-0.012270477903510513
1614820490374,2021-03-04T01:15:46.742Z,89.06200000000001,-0.00015495869910984116,0.9613489917871024,-0.27505209800692026,-0.012427202408997416
1614820490413,2021-03-04T01:15:46.753Z,89.101,-0.00021271314908846234,0.9613487559972492,-0.2750512853139251,-0.012462525539196329
1614820490454,2021-03-04T01:15:46.783Z,89.14200000000001,-0.00043477213924688463,0.9613478358656924,-0.2750481656275235,-0.012595873708147392
1614820490504,2021-03-04T01:15:46.785Z,89.19200000000001,-0.0006964113427997866,0.961346346435016,-0.2750446496713825,-0.01277332746133062
1614820490544,2021-03-04T01:15:46.797Z,89.23200000000001,-0.0006714314045470213,0.9613453560286634,-0.2750453395178953,-0.012834205525744605
1614820490595,2021-03-04T01:15:46.799Z,89.28299999999999,-0.0004250126992213707,0.9613491427300628,-0.27503733401050245,-0.012732243980311928
1614820490635,2021-03-04T01:15:46.801Z,89.323,-0.00012678825303065312,0.9613528628701128,-0.27503106559003243,-0.012592455542438841
1614820490674,2021-03-04T01:15:46.812Z,89.36200000000001,0.0003659714871141851,0.9613557183581379,-0.2750278585285441,-0.012438885729121009
1614820490715,2021-03-04T01:15:46.815Z,89.40299999999999,0.0010655057692529842,0.9613555813172296,-0.27503034009787997,-0.012354067885185423
1614820490755,2021-03-04T01:15:46.817Z,89.443,0.001965596315124589,0.9613492610663836,-0.2750435347913099,-0.012441408591717584
1614820490796,2021-03-04T01:15:46.828Z,89.484,0.0033250159471176818,0.9613386679976824,-0.2750637698798911,-0.012523265582735324
1614820490835,2021-03-04T01:15:46.830Z,89.523,0.005582361980549615,0.9613157605862636,-0.275100031469362,-0.012681418245911949
1614820490875,2021-03-04T01:15:46.832Z,89.56299999999999,0.008114356862756945,0.9612845144771532,-0.27513883244065745,-0.012839872363839369
1614820490916,2021-03-04T01:15:46.843Z,89.604,0.010073470658877938,0.9612560004525872,-0.275168001118724,-0.01296140205020236
1614820490955,2021-03-04T01:15:46.845Z,89.64299999999999,0.011545868403377395,0.961232191430642,-0.2751894479190201,-0.01304357444424209
1614820490996,2021-03-04T01:15:46.857Z,89.684,0.012571824957241988,0.961214384146771,-0.275204540272805,-0.013088847918064507
1614820491036,2021-03-04T01:15:46.859Z,89.72399999999999,0.01296561698100554,0.9612125041233543,-0.2752015231541453,-0.012904896235566244
1614820491076,2021-03-04T01:15:46.861Z,89.764,0.0131994964544678,0.9612164289678652,-0.27519148378586844,-0.012585596026647005
1614820491117,2021-03-04T01:15:46.872Z,89.805,0.013130164249197772,0.9612286077714092,-0.275172841636292,-0.01212722616411335
1614820491156,2021-03-04T01:15:46.875Z,89.844,0.012919776464741206,0.9612432698290824,-0.27515342421877226,-0.011621046643031522
1614820491196,2021-03-04T01:15:46.877Z,89.884,0.012714772568558477,0.9612573771650508,-0.2751355508612889,-0.01109135052876015
1614820491237,2021-03-04T01:15:46.888Z,89.925,0.012487184787581384,0.9612755844693855,-0.2751101758427982,-0.01037844241041288
1614820491276,2021-03-04T01:15:46.890Z,89.964,0.012280796911799648,0.9612938838122342,-0.2750836440584064,-0.009604152432677409
1614820491317,2021-03-04T01:15:46.892Z,90.005,0.012058248533661341,0.9613111759320888,-0.2750596064780896,-0.008811047297763141
1614820491357,2021-03-04T01:15:46.903Z,90.045,0.01182801785982672,0.9613270316976694,-0.27503862634219123,-0.008011874977565342
1614820491396,2021-03-04T01:15:46.905Z,90.084,0.011592973573626186,0.9613457672659026,-0.2750100362520553,-0.007028419758195102
1614820491437,2021-03-04T01:15:46.907Z,90.125,0.011376562757542022,0.9613617546455516,-0.2749853504706421,-0.006099799274445529
1614820491477,2021-03-04T01:15:46.919Z,90.165,0.011159274435983215,0.9613771109207528,-0.27496058483105124,-0.00511839634018901
