epoch (ms),time (-07:00),elapsed (s),X-Axis (deg/s),Y-Axis (deg/s),Z-Axis (deg/s)
1613608788899,2021-02-18T00:41:56.080Z,43.31,-0.6848029494285583,2.802532911300659,0.674249529838562
1613608788939,2021-02-18T00:41:56.081Z,43.35,-0.928705394268036,0.6683865189552307,0.3083958923816681
1613608788979,2021-02-18T00:41:56.096Z,43.39,-0.07504690438508987,-1.0999062061309814,0.0035178237594664092
1613608789017,2021-02-18T00:41:56.111Z,43.428000000000004,-0.07504690438508987,-1.0999062061309814,0.0035178237594664092
1613608789056,2021-02-18T00:41:56.125Z,43.467,0.10787992924451828,-1.0999062061309814,0.12546904385089874
1613608789096,2021-02-18T00:41:56.140Z,43.507,0.3517823815345764,-0.9779549837112428,0.12546904385089874
1613608789135,2021-02-18T00:41:56.143Z,43.54600000000001,-0.3799249529838562,0.6683865189552307,0.06449343264102936
1613608789175,2021-02-18T00:41:56.162Z,43.586000000000006,-0.4409005045890808,0.7903377413749695,-0.05745778605341911
1613608789214,2021-02-18T00:41:56.175Z,43.625,-0.25797373056411743,-0.30722326040267944,-0.1184334009885788
1613608789254,2021-02-18T00:41:56.188Z,43.665,0.7786116600036621,-0.0633208304643631,-0.05745778605341911
1613608789294,2021-02-18T00:41:56.199Z,43.705,-0.4409005045890808,2.314728021621704,0.12546904385089874
1613608789332,2021-02-18T00:41:56.215Z,43.743,-0.4409005045890808,2.314728021621704,0.12546904385089874
1613608789371,2021-02-18T00:41:56.220Z,43.782,-0.25797373056411743,0.6683865189552307,-0.17940901219844818
1613608789411,2021-02-18T00:41:56.235Z,43.821999999999996,-0.5628517270088196,-0.0023452157620340586,-0.2403846234083176
1613608789450,2021-02-18T00:41:56.245Z,43.861000000000004,-0.19699813425540924,0.24155722558498385,-0.05745778605341911
1613608789490,2021-02-18T00:41:56.260Z,43.901,-0.07504690438508987,-0.12429644167423247,-0.1184334009885788
1613608789529,2021-02-18T00:41:56.275Z,43.94,0.046904318034648895,-0.18527205288410187,0.06449343264102936
1613608789569,2021-02-18T00:41:56.280Z,43.98,0.3517823815345764,-0.551125705242157,-0.05745778605341911
1613608789608,2021-02-18T00:41:56.291Z,44.019,-0.07504690438508987,1.948874354362488,0.3083958923816681
1613608789647,2021-02-18T00:41:56.307Z,44.058,-0.07504690438508987,1.948874354362488,0.3083958923816681
1613608789686,2021-02-18T00:41:56.324Z,44.097,-0.07504690438508987,0.5464352965354919,0.06449343264102936
1613608789726,2021-02-18T00:41:56.329Z,44.137,-0.13602252304553986,-0.4291744828224182,0.12546904385089874
1613608789765,2021-02-18T00:41:56.337Z,44.176,0.29080677032470703,-0.18527205288410187,-0.05745778605341911
1613608789805,2021-02-18T00:41:56.351Z,44.216,-0.07504690438508987,-0.30722326040267944,0.06449343264102936
1613608789844,2021-02-18T00:41:56.366Z,44.255,0.29080677032470703,-0.3681988716125488,-0.05745778605341911
1613608789884,2021-02-18T00:41:56.380Z,44.295,-0.01407129503786564,-0.0023452157620340586,-0.05745778605341911
1613608789923,2021-02-18T00:41:56.382Z,44.333999999999996,-0.07504690438508987,-0.6121013164520264,0.0035178237594664092
1613608789961,2021-02-18T00:41:56.396Z,44.372,-0.07504690438508987,-0.6121013164520264,0.0035178237594664092
1613608790001,2021-02-18T00:41:56.411Z,44.412,-0.07504690438508987,-0.24624766409397125,-0.05745778605341911
1613608790041,2021-02-18T00:41:56.427Z,44.452,0.7176360487937927,-0.4901500940322876,-0.1184334009885788
1613608790080,2021-02-18T00:41:56.440Z,44.49100000000001,-0.501876175403595,-0.12429644167423247,0.0035178237594664092
1613608790120,2021-02-18T00:41:56.456Z,44.531000000000006,0.22983114421367645,0.6683865189552307,-0.1184334009885788
1613608790159,2021-02-18T00:41:56.470Z,44.57,0.16885553300380707,-0.18527205288410187,0.0035178237594664092
1613608790199,2021-02-18T00:41:56.472Z,44.61,-0.4409005045890808,-0.4901500940322876,0.0035178237594664092
1613608790238,2021-02-18T00:41:56.486Z,44.648999999999994,0.10787992924451828,-0.24624766409397125,0.06449343264102936
1613608790276,2021-02-18T00:41:56.501Z,44.687,0.10787992924451828,-0.24624766409397125,0.06449343264102936
1613608790316,2021-02-18T00:41:56.515Z,44.727,0.22983114421367645,1.5830206871032717,0.12546904385089874
1613608790356,2021-02-18T00:41:56.530Z,44.766999999999996,-0.3189493417739868,0.05863039568066598,0.12546904385089874
1613608790395,2021-02-18T00:41:56.531Z,44.806000000000004,0.22983114421367645,1.2171670198440552,0.12546904385089874
1613608790435,2021-02-18T00:41:56.546Z,44.846000000000004,0.16885553300380707,1.522045016288757,0.06449343264102936
1613608790474,2021-02-18T00:41:56.561Z,44.885,0.10787992924451828,0.6683865189552307,-0.05745778605341911
1613608790514,2021-02-18T00:41:56.576Z,44.925,-0.3799249529838562,0.4244840741157532,0.12546904385089874
1613608790553,2021-02-18T00:41:56.590Z,44.964,-0.19699813425540924,0.3025328516960144,0.0035178237594664092
1613608790591,2021-02-18T00:41:56.605Z,45.001999999999995,-0.19699813425540924,0.3025328516960144,0.0035178237594664092
1613608790631,2021-02-18T00:41:56.607Z,45.042,-0.01407129503786564,0.4854596853256226,0.12546904385089874
1613608790670,2021-02-18T00:41:56.621Z,45.081,0.10787992924451828,1.2781425714492798,0.18644465506076813
1613608790710,2021-02-18T00:41:56.635Z,45.121,-0.5628517270088196,1.7049719095230105,0.4913227260112762
1613608790750,2021-02-18T00:41:56.650Z,45.161,0.10787992924451828,1.339118242263794,0.0035178237594664092
1613608790789,2021-02-18T00:41:56.664Z,45.2,-0.8067541718482971,3.1074109077453613,-0.05745778605341911
1613608790829,2021-02-18T00:41:56.666Z,45.24,0.16885553300380707,2.3757035732269287,-0.17940901219844818
1613608790868,2021-02-18T00:41:56.681Z,45.278999999999996,-0.8677298426628113,1.5830206871032717,-0.05745778605341911
1613608790906,2021-02-18T00:41:56.696Z,45.317,-0.8677298426628113,1.5830206871032717,-0.05745778605341911
1613608790946,2021-02-18T00:41:56.710Z,45.357,0.29080677032470703,1.0952157974243164,-0.4233114421367645
1613608790985,2021-02-18T00:41:56.725Z,45.396,0.16885553300380707,2.1927766799926762,-0.5452626943588257
1613608791025,2021-02-18T00:41:56.727Z,45.43600000000001,-0.4409005045890808,2.0098497867584233,-0.3623358309268952
1613608791065,2021-02-18T00:41:56.743Z,45.476000000000006,0.4737336039543152,1.7659474611282349,-0.5452626943588257
1613608791104,2021-02-18T00:41:56.785Z,45.515,-0.3189493417739868,2.7415573596954346,-0.5452626943588257
1613608791144,2021-02-18T00:41:56.802Z,45.555,-0.13602252304553986,2.2537522315979004,-0.30136021971702576
1613608791183,2021-02-18T00:41:56.815Z,45.593999999999994,0.046904318034648895,1.826923131942749,0.18644465506076813
1613608791221,2021-02-18T00:41:56.817Z,45.632,0.046904318034648895,1.826923131942749,0.18644465506076813
1613608791261,2021-02-18T00:41:56.831Z,45.672,0.16885553300380707,-1.160881757736206,0.18644465506076813
1613608791300,2021-02-18T00:41:56.846Z,45.711000000000006,-0.01407129503786564,-1.4047842025756836,0.3083958923816681
1613608791340,2021-02-18T00:41:56.860Z,45.751000000000005,-0.07504690438508987,-1.0389305353164673,0.3693715035915375
1613608791379,2021-02-18T00:41:56.875Z,45.79,0.16885553300380707,-0.7950280904769897,0.4303471148014069
1613608791419,2021-02-18T00:41:56.878Z,45.83,-0.6238273978233337,-0.8560037612915039,0.12546904385089874
1613608791459,2021-02-18T00:41:56.892Z,45.87,0.595684826374054,-0.4901500940322876,0.06449343264102936
1613608791498,2021-02-18T00:41:56.907Z,45.909,-0.01407129503786564,-0.7950280904769897,-0.05745778605341911
1613608791536,2021-02-18T00:41:56.921Z,45.946999999999996,-0.01407129503786564,-0.7950280904769897,-0.05745778605341911
1613608791576,2021-02-18T00:41:56.938Z,45.986999999999995,-0.07504690438508987,-0.7340525388717651,-0.1184334009885788
1613608791615,2021-02-18T00:41:56.949Z,46.026,-0.01407129503786564,0.3635084629058838,-0.05745778605341911
1613608791655,2021-02-18T00:41:56.953Z,46.066,0.29080677032470703,0.4244840741157532,-0.1184334009885788
1613608791694,2021-02-18T00:41:56.969Z,46.105,0.10787992924451828,-0.3681988716125488,-0.4233114421367645
1613608791734,2021-02-18T00:41:56.981Z,46.145,-0.01407129503786564,0.18058161437511444,-0.17940901219844818
1613608791774,2021-02-18T00:41:56.996Z,46.185,-0.4409005045890808,-0.18527205288410187,-0.2403846234083176
1613608791813,2021-02-18T00:41:57.010Z,46.224,-0.07504690438508987,-0.12429644167423247,0.0035178237594664092
1613608791851,2021-02-18T00:41:57.014Z,46.262,-0.07504690438508987,-0.12429644167423247,0.0035178237594664092
1613608791891,2021-02-18T00:41:57.028Z,46.302,-0.07504690438508987,-0.673076868057251,0.06449343264102936
1613608791930,2021-02-18T00:41:57.041Z,46.341,-2.026266574859619,0.8513133525848389,0.674249529838562
1613608791970,2021-02-18T00:41:57.056Z,46.381,-2.696998119354248,5.485459327697754,0.674249529838562
1613608792009,2021-02-18T00:41:57.070Z,46.42,-1.538461685180664,3.2293622493743896,-0.30136021971702576
1613608792049,2021-02-18T00:41:57.085Z,46.46,-0.4409005045890808,4.083020687103272,-0.2403846234083176
1613608792088,2021-02-18T00:41:57.087Z,46.498999999999995,-2.6360225677490234,3.9000937938690186,-0.4233114421367645
1613608792128,2021-02-18T00:41:57.101Z,46.538999999999994,-1.538461685180664,-2.319418430328369,-1.3989211320877075
1613608792166,2021-02-18T00:41:57.115Z,46.577,-1.538461685180664,-2.319418430328369,-1.3989211320877075
1613608792206,2021-02-18T00:41:57.132Z,46.617,-2.8189494609832764,-2.2584428787231445,-1.5208723545074463
1613608792245,2021-02-18T00:41:57.144Z,46.656000000000006,-0.3799249529838562,-0.4901500940322876,-2.98428726196289
1613608792285,2021-02-18T00:41:57.148Z,46.696000000000005,-3.367729902267456,9.20497226715088,-2.8013603687286377
1613608792324,2021-02-18T00:41:57.172Z,46.735,-4.892119884490967,19.14399719238281,-2.8013603687286377
1613608792364,2021-02-18T00:41:57.176Z,46.775,-2.757973909378052,20.8513126373291,-2.98428726196289
1613608792403,2021-02-18T00:41:57.191Z,46.81399999999999,-0.4409005045890808,22.741558074951172,-4.752579689025879
1613608792443,2021-02-18T00:41:57.205Z,46.854,-2.2701690196990967,23.29033851623535,-4.752579689025879
1613608792482,2021-02-18T00:41:57.206Z,46.893,-2.209193229675293,28.83911895751953,-4.447701930999756
1613608792521,2021-02-18T00:41:57.221Z,46.931999999999995,-2.209193229675293,28.83911895751953,-4.447701930999756
1613608792560,2021-02-18T00:41:57.236Z,46.971000000000004,-1.4165103435516355,32.314727783203125,-3.65501880645752
1613608792600,2021-02-18T00:41:57.250Z,47.011,-1.4165103435516355,32.314727783203125,-3.65501880645752
1613608792639,2021-02-18T00:41:57.264Z,47.05,-3.1238274574279785,51.887901306152344,-3.7769701480865483
1613608792679,2021-02-18T00:41:57.281Z,47.09,-1.7823641300201416,55.42448806762695,-2.98428726196289
1613608792718,2021-02-18T00:41:57.284Z,47.129,-1.4774858951568604,50.42448806762695,-4.569653034210205
1613608792758,2021-02-18T00:41:57.298Z,47.169,-0.928705394268036,43.53424453735352,-3.7159945964813232
1613608792797,2021-02-18T00:41:57.316Z,47.208,4.498124122619629,42.61960983276367,-5.118433475494385
1613608792836,2021-02-18T00:41:57.326Z,47.247,4.498124122619629,42.61960983276367,-5.118433475494385
1613608792875,2021-02-18T00:41:57.340Z,47.286,1.7542213201522827,33.046436309814446,-5.789165496826173
1613608792915,2021-02-18T00:41:57.341Z,47.326,1.7542213201522827,33.046436309814446,-5.789165496826173
1613608792954,2021-02-18T00:41:57.356Z,47.365,3.278611660003662,27.009849548339844,-4.08184814453125
1613608792994,2021-02-18T00:41:57.371Z,47.405,6.7542219161987305,28.47326469421387,-6.15501880645752
1613608793033,2021-02-18T00:41:57.386Z,47.443999999999996,-3.6116325855255127,23.04643630981445,-4.813555717468262
1613608793073,2021-02-18T00:41:57.400Z,47.483999999999995,-2.209193229675293,34.387901306152344,-3.9598970413208012
1613608793112,2021-02-18T00:41:57.403Z,47.523,-0.07504690438508987,42.253753662109375,-4.0208725929260245
1613608793150,2021-02-18T00:41:57.417Z,47.56100000000001,-0.07504690438508987,42.253753662109375,-4.0208725929260245
1613608793190,2021-02-18T00:41:57.431Z,47.601000000000006,4.0712947845458975,48.35131454467773,-3.7159945964813232
1613608793230,2021-02-18T00:41:57.445Z,47.641000000000005,4.0712947845458975,48.35131454467773,-3.7159945964813232
1613608793269,2021-02-18T00:41:57.460Z,47.68,3.7054409980773926,29.44887542724609,-0.3623358309268952
1613608793309,2021-02-18T00:41:57.475Z,47.72,1.388367772102356,20.119606018066406,-1.15501868724823
1613608793348,2021-02-18T00:41:57.480Z,47.75899999999999,2.790806770324707,25.72936248779297,-1.15501868724823
1613608793388,2021-02-18T00:41:57.491Z,47.799,-0.6238273978233337,24.57082557678223,-1.9477016925811768
1613608793427,2021-02-18T00:41:57.505Z,47.838,1.632270097732544,25.54643630981445,-3.1672139167785645
1613608793465,2021-02-18T00:41:57.520Z,47.876000000000005,1.632270097732544,25.54643630981445,-3.1672139167785645
1613608793505,2021-02-18T00:41:57.523Z,47.916000000000004,0.595684826374054,23.71716690063477,-2.4964823722839355
1613608793544,2021-02-18T00:41:57.536Z,47.955,-0.25797373056411743,21.217166900634766,-2.923311471939087
1613608793584,2021-02-18T00:41:57.550Z,47.995,3.4005627632141118,23.47326469421387,-3.7769701480865483
1613608793624,2021-02-18T00:41:57.565Z,48.035,4.9249534606933585,15.180582046508787,-3.9598970413208012
1613608793663,2021-02-18T00:41:57.579Z,48.074,3.644465208053589,17.314727783203125,-3.9598970413208012
1613608793703,2021-02-18T00:41:57.581Z,48.114,-0.6848029494285583,12.070825576782227,-4.264774799346924
1613608793742,2021-02-18T00:41:57.596Z,48.153,0.4127579927444458,11.095215797424316,-3.411116361618042
1613608793780,2021-02-18T00:41:57.611Z,48.191,0.4127579927444458,11.095215797424316,-3.411116361618042
1613608793820,2021-02-18T00:41:57.625Z,48.231,2.97373366355896,-0.673076868057251,-0.17940901219844818
1613608793859,2021-02-18T00:41:57.640Z,48.27,2.4249532222747803,-5.977955341339111,0.674249529838562
1613608793899,2021-02-18T00:41:57.642Z,48.31,-1.4774858951568604,-2.075515985488892,1.5279080867767334
1613608793939,2021-02-18T00:41:57.658Z,48.35,2.97373366355896,-4.331614017486571,2.991322755813598
1613608793978,2021-02-18T00:41:57.671Z,48.388999999999996,-1.4774858951568604,0.24155722558498385,2.991322755813598
1613608794018,2021-02-18T00:41:57.685Z,48.428999999999995,0.16885553300380707,5.30253267288208,0.7962007522583008
1613608794057,2021-02-18T00:41:57.700Z,48.468,0.29080677032470703,5.85131311416626,-1.642823576927185
1613608794095,2021-02-18T00:41:57.714Z,48.506,0.29080677032470703,5.85131311416626,-1.642823576927185
1613608794135,2021-02-18T00:41:57.718Z,48.54600000000001,2.851782321929932,6.704971790313722,-4.813555717468262
1613608794174,2021-02-18T00:41:57.731Z,48.585,0.4127579927444458,3.7171671390533447,-3.9598970413208012
1613608794214,2021-02-18T00:41:57.776Z,48.625,0.4127579927444458,3.5952157974243164,0.12546904385089874
1613608794253,2021-02-18T00:41:57.791Z,48.663999999999994,-0.928705394268036,0.4854596853256226,-0.05745778605341911
1613608794293,2021-02-18T00:41:57.805Z,48.70399999999999,-0.25797373056411743,0.5464352965354919,0.0035178237594664092
1613608794333,2021-02-18T00:41:57.820Z,48.744,-1.1726078987121582,7.314727783203125,-0.17940901219844818
1613608794372,2021-02-18T00:41:57.822Z,48.783,-0.13602252304553986,3.0464353561401367,-0.6062383055686951
1613608794410,2021-02-18T00:41:57.836Z,48.821000000000005,-0.13602252304553986,3.0464353561401367,-0.6062383055686951
1613608794450,2021-02-18T00:41:57.851Z,48.861000000000004,-0.01407129503786564,4.32692289352417,-1.3989211320877075
1613608794489,2021-02-18T00:41:57.865Z,48.9,-0.928705394268036,0.9732645750045776,-0.5452626943588257
1613608794529,2021-02-18T00:41:57.880Z,48.94,-0.6238273978233337,0.11960600316524506,1.1010788679122925
1613608794568,2021-02-18T00:41:57.881Z,48.979,0.4737336039543152,-0.551125705242157,0.6132739186286926
1613608794608,2021-02-18T00:41:57.898Z,49.019,0.22983114421367645,-1.4657598733901978,0.3083958923816681
1613608794648,2021-02-18T00:41:57.911Z,49.059,-0.7457786202430725,-1.6486866474151611,0.5522983074188232
1613608794687,2021-02-18T00:41:57.927Z,49.098,-0.6238273978233337,-1.7706379890441897,-0.2403846234083176
1613608794725,2021-02-18T00:41:57.940Z,49.136,-0.6238273978233337,-1.7706379890441897,-0.2403846234083176
1613608794765,2021-02-18T00:41:57.954Z,49.176,-0.6238273978233337,0.18058161437511444,-0.05745778605341911
1613608794804,2021-02-18T00:41:57.956Z,49.215,1.4493433237075806,-0.24624766409397125,-0.5452626943588257
1613608794844,2021-02-18T00:41:57.971Z,49.255,-0.501876175403595,3.5952157974243164,-0.3623358309268952
1613608794883,2021-02-18T00:41:57.986Z,49.294,-0.3189493417739868,1.156191349029541,-0.4842870533466339
1613608794923,2021-02-18T00:41:58.001Z,49.333999999999996,-0.4409005045890808,1.4610694646835327,-0.7281895279884338
1613608794962,2021-02-18T00:41:58.015Z,49.373000000000005,0.4127579927444458,1.7049719095230105,0.06449343264102936
1613608795002,2021-02-18T00:41:58.019Z,49.413000000000004,0.5347092151641846,1.948874354362488,-0.4842870533466339
1613608795040,2021-02-18T00:41:58.032Z,49.451,0.5347092151641846,1.948874354362488,-0.4842870533466339
1613608795080,2021-02-18T00:41:58.049Z,49.49100000000001,-0.5628517270088196,0.11960600316524506,0.4303471148014069
1613608795119,2021-02-18T00:41:58.062Z,49.53,0.4127579927444458,-0.12429644167423247,-0.6062383055686951
1613608795159,2021-02-18T00:41:58.078Z,49.57,1.0225141048431396,-0.30722326040267944,-0.17940901219844818
1613608795198,2021-02-18T00:41:58.079Z,49.608999999999995,0.6566604375839233,-2.3803939819335938,-0.05745778605341911
1613608795238,2021-02-18T00:41:58.093Z,49.648999999999994,-0.3799249529838562,-0.0023452157620340586,0.0035178237594664092
1613608795277,2021-02-18T00:41:58.108Z,49.688,-0.928705394268036,1.0952157974243164,0.674249529838562
1613608795317,2021-02-18T00:41:58.129Z,49.728,-0.25797373056411743,0.7903377413749695,0.2474202662706375
1613608795355,2021-02-18T00:41:58.135Z,49.766000000000005,-0.25797373056411743,0.7903377413749695,0.2474202662706375
1613608795395,2021-02-18T00:41:58.150Z,49.806000000000004,-0.3189493417739868,0.6074109077453613,0.4303471148014069
1613608795434,2021-02-18T00:41:58.151Z,49.845,-1.1116323471069336,1.948874354362488,-0.30136021971702576
1613608795474,2021-02-18T00:41:58.175Z,49.885,-0.7457786202430725,1.2781425714492798,-0.17940901219844818
1613608795513,2021-02-18T00:41:58.180Z,49.924,0.046904318034648895,0.7903377413749695,0.7962007522583008
1613608795553,2021-02-18T00:41:58.197Z,49.964,-0.501876175403595,-1.4657598733901978,0.4303471148014069
1613608795592,2021-02-18T00:41:58.212Z,50.003,-0.13602252304553986,0.24155722558498385,0.0035178237594664092
1613608795632,2021-02-18T00:41:58.216Z,50.043,0.22983114421367645,-0.551125705242157,0.0035178237594664092
1613608795670,2021-02-18T00:41:58.227Z,50.081,0.22983114421367645,-0.551125705242157,0.0035178237594664092
1613608795710,2021-02-18T00:41:58.241Z,50.121,0.046904318034648895,-1.7706379890441897,0.12546904385089874
1613608795749,2021-02-18T00:41:58.259Z,50.16,-0.3799249529838562,0.11960600316524506,-0.1184334009885788
1613608795789,2021-02-18T00:41:58.269Z,50.2,-1.1116323471069336,1.7049719095230105,-0.30136021971702576
1613608795828,2021-02-18T00:41:58.272Z,50.239,0.4127579927444458,2.2537522315979004,-0.05745778605341911
1613608795868,2021-02-18T00:41:58.289Z,50.278999999999996,0.3517823815345764,1.522045016288757,-0.7281895279884338
1613608795907,2021-02-18T00:41:58.301Z,50.318000000000005,0.046904318034648895,3.839118242263794,-1.0330675840377808
1613608795947,2021-02-18T00:41:58.320Z,50.358000000000004,-0.3189493417739868,2.5586304664611816,-0.911116361618042
1613608795985,2021-02-18T00:41:58.332Z,50.396,-0.3189493417739868,2.5586304664611816,-0.911116361618042
1613608796024,2021-02-18T00:41:58.346Z,50.435,-0.07504690438508987,1.7049719095230105,0.4913227260112762
1613608796064,2021-02-18T00:41:58.351Z,50.475,0.16885553300380707,0.6683865189552307,0.3083958923816681
1613608796104,2021-02-18T00:41:58.361Z,50.515,-0.3799249529838562,-0.551125705242157,-0.4233114421367645
1613608796143,2021-02-18T00:41:58.377Z,50.553999999999995,0.7786116600036621,-1.0999062061309814,-0.05745778605341911
1613608796183,2021-02-18T00:41:58.391Z,50.593999999999994,-0.3189493417739868,1.0952157974243164,-0.05745778605341911
1613608796222,2021-02-18T00:41:58.405Z,50.633,-0.8677298426628113,-0.4291744828224182,0.2474202662706375
1613608796262,2021-02-18T00:41:58.407Z,50.673,-0.928705394268036,-0.0023452157620340586,0.4303471148014069
1613608796300,2021-02-18T00:41:58.421Z,50.711000000000006,-0.928705394268036,-0.0023452157620340586,0.4303471148014069
1613608796339,2021-02-18T00:41:58.438Z,50.75,-0.6848029494285583,-0.7950280904769897,0.06449343264102936
1613608796379,2021-02-18T00:41:58.452Z,50.79,-0.6848029494285583,-1.2218574285507202,0.3083958923816681
1613608796419,2021-02-18T00:41:58.464Z,50.83,-1.538461685180664,0.6683865189552307,-0.1184334009885788
1613608796458,2021-02-18T00:41:58.466Z,50.869,-0.7457786202430725,1.0342401266098022,0.06449343264102936
1613608796498,2021-02-18T00:41:58.482Z,50.909,-0.19699813425540924,1.2781425714492798,0.06449343264102936
1613608796537,2021-02-18T00:41:58.496Z,50.948,0.4127579927444458,1.6439962387084959,-0.30136021971702576
1613608796577,2021-02-18T00:41:58.512Z,50.988,-0.25797373056411743,-0.24624766409397125,-0.7281895279884338
1613608796615,2021-02-18T00:41:58.525Z,51.026,-0.25797373056411743,-0.24624766409397125,-0.7281895279884338
1613608796654,2021-02-18T00:41:58.539Z,51.065,0.16885553300380707,1.2171670198440552,0.2474202662706375
1613608796694,2021-02-18T00:41:58.541Z,51.105,0.22983114421367645,1.522045016288757,-0.2403846234083176
1613608796733,2021-02-18T00:41:58.556Z,51.144,-0.3799249529838562,-0.8560037612915039,-0.4842870533466339
1613608796773,2021-02-18T00:41:58.570Z,51.184,-0.13602252304553986,-0.4901500940322876,0.06449343264102936
1613608796813,2021-02-18T00:41:58.586Z,51.224,-0.01407129503786564,-0.3681988716125488,0.12546904385089874
1613608796852,2021-02-18T00:41:58.600Z,51.263000000000005,-0.7457786202430725,-0.0023452157620340586,0.06449343264102936
1613608796892,2021-02-18T00:41:58.602Z,51.303000000000004,-0.7457786202430725,1.0952157974243164,-0.17940901219844818
1613608796930,2021-02-18T00:41:58.618Z,51.341,-0.7457786202430725,1.0952157974243164,-0.17940901219844818
1613608796969,2021-02-18T00:41:58.634Z,51.38,-0.01407129503786564,1.2171670198440552,-0.3623358309268952
1613608797009,2021-02-18T00:41:58.645Z,51.42,0.046904318034648895,0.4244840741157532,-0.2403846234083176
1613608797048,2021-02-18T00:41:58.660Z,51.458999999999996,-0.19699813425540924,0.3635084629058838,0.12546904385089874
1613608797088,2021-02-18T00:41:58.675Z,51.498999999999995,0.4127579927444458,0.3635084629058838,0.18644465506076813
1613608797128,2021-02-18T00:41:58.680Z,51.538999999999994,-0.19699813425540924,-0.24624766409397125,-0.3623358309268952
1613608797167,2021-02-18T00:41:58.691Z,51.578,0.9615384936332704,-1.892589092254639,0.0035178237594664092
1613608797207,2021-02-18T00:41:58.707Z,51.618,-0.25797373056411743,0.3635084629058838,-0.17940901219844818
1613608797245,2021-02-18T00:41:58.720Z,51.656000000000006,-0.25797373056411743,0.3635084629058838,-0.17940901219844818
1613608797284,2021-02-18T00:41:58.736Z,51.695,0.10787992924451828,0.05863039568066598,-0.1184334009885788
1613608797324,2021-02-18T00:41:58.766Z,51.735,0.22983114421367645,-0.9779549837112428,-0.05745778605341911
1613608797363,2021-02-18T00:41:58.781Z,51.773999999999994,0.4737336039543152,-0.673076868057251,-0.05745778605341911
1613608797403,2021-02-18T00:41:58.796Z,51.81399999999999,-0.19699813425540924,-0.0023452157620340586,0.12546904385089874
1613608797442,2021-02-18T00:41:58.810Z,51.853,-0.07504690438508987,-0.30722326040267944,0.18644465506076813
1613608797482,2021-02-18T00:41:58.825Z,51.893,-0.3189493417739868,-0.4901500940322876,0.18644465506076813
1613608797522,2021-02-18T00:41:58.839Z,51.933,-0.3189493417739868,-0.30722326040267944,0.12546904385089874
1613608797560,2021-02-18T00:41:58.841Z,51.971000000000004,-0.3189493417739868,-0.30722326040267944,0.12546904385089874
1613608797601,2021-02-18T00:41:58.856Z,52.012,-0.01407129503786564,-0.6121013164520264,0.18644465506076813
1613608797639,2021-02-18T00:41:58.871Z,52.05,0.5347092151641846,0.24155722558498385,0.06449343264102936
1613608797678,2021-02-18T00:41:58.886Z,52.089,0.046904318034648895,-0.0023452157620340586,-0.1184334009885788
1613608797718,2021-02-18T00:41:58.901Z,52.129,-0.19699813425540924,0.11960600316524506,-0.2403846234083176
1613608797757,2021-02-18T00:41:58.902Z,52.168,-0.19699813425540924,-0.18527205288410187,0.4913227260112762
1613608797797,2021-02-18T00:41:58.919Z,52.208,0.046904318034648895,-0.4901500940322876,0.2474202662706375
1613608797836,2021-02-18T00:41:58.931Z,52.247,-0.19699813425540924,0.05863039568066598,0.18644465506076813
1613608797875,2021-02-18T00:41:58.945Z,52.286,-0.19699813425540924,0.05863039568066598,0.18644465506076813
1613608797916,2021-02-18T00:41:58.959Z,52.327,0.10787992924451828,-0.3681988716125488,-0.2403846234083176
1613608797954,2021-02-18T00:41:58.975Z,52.365,-0.501876175403595,0.9122889637947084,0.18644465506076813
1613608797993,2021-02-18T00:41:58.977Z,52.403999999999996,-0.19699813425540924,0.3635084629058838,0.0035178237594664092
1613608798033,2021-02-18T00:41:58.991Z,52.443999999999996,-0.98968106508255,-0.30722326040267944,-0.6062383055686951
1613608798072,2021-02-18T00:41:59.005Z,52.483000000000004,0.16885553300380707,0.3025328516960144,-0.3623358309268952
1613608798112,2021-02-18T00:41:59.020Z,52.523,0.10787992924451828,0.7903377413749695,-0.1184334009885788
1613608798151,2021-02-18T00:41:59.034Z,52.562,-0.3799249529838562,-0.12429644167423247,-0.1184334009885788
1613608798190,2021-02-18T00:41:59.036Z,52.601000000000006,-0.3799249529838562,-0.12429644167423247,-0.1184334009885788
1613608798231,2021-02-18T00:41:59.051Z,52.641999999999996,-0.3799249529838562,1.0342401266098022,-0.17940901219844818
1613608798269,2021-02-18T00:41:59.066Z,52.68,0.595684826374054,-0.551125705242157,0.12546904385089874
1613608798308,2021-02-18T00:41:59.080Z,52.718999999999994,0.22983114421367645,-1.4657598733901978,-0.1184334009885788
1613608798348,2021-02-18T00:41:59.095Z,52.75899999999999,0.5347092151641846,-0.0023452157620340586,0.12546904385089874
1613608798387,2021-02-18T00:41:59.098Z,52.798,0.29080677032470703,-0.24624766409397125,0.0035178237594664092
1613608798427,2021-02-18T00:41:59.113Z,52.838,0.4127579927444458,-0.4291744828224182,0.0035178237594664092
1613608798466,2021-02-18T00:41:59.127Z,52.876999999999995,0.6566604375839233,-0.4291744828224182,-0.05745778605341911
1613608798504,2021-02-18T00:41:59.144Z,52.915,0.6566604375839233,-0.4291744828224182,-0.05745778605341911
1613608798544,2021-02-18T00:41:59.154Z,52.955,-0.5628517270088196,0.05863039568066598,-0.2403846234083176
1613608798584,2021-02-18T00:41:59.170Z,52.995,0.595684826374054,1.5830206871032717,0.4303471148014069
1613608798623,2021-02-18T00:41:59.171Z,53.034,-0.4409005045890808,0.11960600316524506,-0.3623358309268952
1613608798663,2021-02-18T00:41:59.186Z,53.074,-0.8067541718482971,-0.12429644167423247,-0.911116361618042
1613608798702,2021-02-18T00:41:59.200Z,53.113,-1.1116323471069336,2.3757035732269287,-0.2403846234083176
1613608798742,2021-02-18T00:41:59.215Z,53.153,0.10787992924451828,-0.0023452157620340586,0.06449343264102936
1613608798781,2021-02-18T00:41:59.232Z,53.192,-1.4774858951568604,-1.0999062061309814,-0.1184334009885788
1613608798819,2021-02-18T00:41:59.236Z,53.23,-1.4774858951568604,-1.0999062061309814,-0.1184334009885788
1613608798859,2021-02-18T00:41:59.250Z,53.27,-0.3799249529838562,0.3025328516960144,0.3693715035915375
1613608798899,2021-02-18T00:41:59.264Z,53.31,-0.19699813425540924,-0.30722326040267944,0.18644465506076813
1613608798938,2021-02-18T00:41:59.285Z,53.349,0.16885553300380707,-0.551125705242157,0.12546904385089874
1613608798978,2021-02-18T00:41:59.289Z,53.388999999999996,-0.19699813425540924,-0.18527205288410187,-0.1184334009885788
1613608799017,2021-02-18T00:41:59.292Z,53.428000000000004,-0.13602252304553986,-0.4291744828224182,0.0035178237594664092
1613608799057,2021-02-18T00:41:59.309Z,53.468,-0.3189493417739868,1.156191349029541,-0.05745778605341911
1613608799096,2021-02-18T00:41:59.321Z,53.507,0.5347092151641846,-0.0633208304643631,-0.30136021971702576
1613608799134,2021-02-18T00:41:59.335Z,53.545,0.5347092151641846,-0.0633208304643631,-0.30136021971702576
1613608799174,2021-02-18T00:41:59.350Z,53.585,0.4737336039543152,0.5464352965354919,-0.1184334009885788
1613608799213,2021-02-18T00:41:59.365Z,53.623999999999995,0.10787992924451828,-1.0999062061309814,0.2474202662706375
1613608799253,2021-02-18T00:41:59.367Z,53.663999999999994,0.3517823815345764,-0.9169793128967284,-0.2403846234083176
1613608799293,2021-02-18T00:41:59.381Z,53.70399999999999,-0.01407129503786564,0.24155722558498385,-0.05745778605341911
1613608799332,2021-02-18T00:41:59.395Z,53.743,-0.19699813425540924,0.18058161437511444,0.18644465506076813
1613608799372,2021-02-18T00:41:59.411Z,53.783,-0.3799249529838562,-0.6121013164520264,0.3693715035915375
1613608799411,2021-02-18T00:41:59.425Z,53.821999999999996,-0.98968106508255,0.24155722558498385,0.0035178237594664092
1613608799449,2021-02-18T00:41:59.427Z,53.86,-0.98968106508255,0.24155722558498385,0.0035178237594664092
1613608799489,2021-02-18T00:41:59.443Z,53.9,-0.6238273978233337,-0.7340525388717651,-0.05745778605341911
1613608799528,2021-02-18T00:41:59.456Z,53.93899999999999,-0.01407129503786564,-0.7950280904769897,-0.1184334009885788
1613608799568,2021-02-18T00:41:59.470Z,53.979,0.16885553300380707,-0.0023452157620340586,-0.1184334009885788
1613608799607,2021-02-18T00:41:59.485Z,54.018,-0.13602252304553986,-0.30722326040267944,-0.17940901219844818
1613608799647,2021-02-18T00:41:59.489Z,54.058,-0.501876175403595,0.4244840741157532,0.0035178237594664092
1613608799687,2021-02-18T00:41:59.505Z,54.098,-0.19699813425540924,-2.197467088699341,0.0035178237594664092
1613608799726,2021-02-18T00:41:59.519Z,54.137,-0.13602252304553986,-0.9169793128967284,0.12546904385089874
1613608799764,2021-02-18T00:41:59.531Z,54.175,-0.13602252304553986,-0.9169793128967284,0.12546904385089874
1613608799804,2021-02-18T00:41:59.545Z,54.215,-0.4409005045890808,-0.30722326040267944,0.0035178237594664092
1613608799843,2021-02-18T00:41:59.560Z,54.254,-0.19699813425540924,-0.0633208304643631,0.3083958923816681
1613608799883,2021-02-18T00:41:59.562Z,54.294,-0.07504690438508987,0.7293621301651001,0.3083958923816681
1613608799922,2021-02-18T00:41:59.577Z,54.333,0.8395872712135315,0.4854596853256226,0.12546904385089874
1613608799962,2021-02-18T00:41:59.591Z,54.373000000000005,1.3273921012878418,1.0342401266098022,0.3693715035915375
1613608800002,2021-02-18T00:41:59.607Z,54.413000000000004,-0.19699813425540924,1.156191349029541,0.12546904385089874
1613608800041,2021-02-18T00:41:59.621Z,54.452,0.7786116600036621,0.4244840741157532,-0.30136021971702576
1613608800079,2021-02-18T00:41:59.624Z,54.49,0.7786116600036621,0.4244840741157532,-0.30136021971702576
1613608800119,2021-02-18T00:41:59.639Z,54.53,0.10787992924451828,-0.12429644167423247,-0.2403846234083176
1613608800158,2021-02-18T00:41:59.652Z,54.568999999999996,0.3517823815345764,1.0952157974243164,0.18644465506076813
1613608800198,2021-02-18T00:41:59.665Z,54.608999999999995,0.5347092151641846,1.0952157974243164,0.0035178237594664092
1613608800237,2021-02-18T00:41:59.680Z,54.648,0.4127579927444458,0.8513133525848389,-0.1184334009885788
1613608800277,2021-02-18T00:41:59.695Z,54.688,-0.25797373056411743,1.2781425714492798,0.06449343264102936
1613608800316,2021-02-18T00:41:59.697Z,54.727,-0.501876175403595,1.2171670198440552,0.3693715035915375
1613608800356,2021-02-18T00:41:59.711Z,54.766999999999996,-0.501876175403595,0.24155722558498385,-0.05745778605341911
1613608800394,2021-02-18T00:41:59.755Z,54.805,-0.501876175403595,0.24155722558498385,-0.05745778605341911
1613608800434,2021-02-18T00:41:59.770Z,54.845,-0.8067541718482971,-0.18527205288410187,0.06449343264102936
1613608800473,2021-02-18T00:41:59.771Z,54.88399999999999,0.16885553300380707,-0.30722326040267944,-0.3623358309268952
1613608800513,2021-02-18T00:41:59.787Z,54.924,0.5347092151641846,0.11960600316524506,-0.3623358309268952
1613608800552,2021-02-18T00:41:59.801Z,54.963,0.595684826374054,0.7293621301651001,-0.05745778605341911
1613608800592,2021-02-18T00:41:59.815Z,55.003,-0.4409005045890808,-0.551125705242157,-0.17940901219844818
1613608800631,2021-02-18T00:41:59.830Z,55.042,0.046904318034648895,-0.24624766409397125,-0.4233114421367645
1613608800671,2021-02-18T00:41:59.845Z,55.082,-0.25797373056411743,0.3635084629058838,-0.4842870533466339
1613608800709,2021-02-18T00:41:59.848Z,55.12,-0.25797373056411743,0.3635084629058838,-0.4842870533466339
1613608800749,2021-02-18T00:41:59.864Z,55.16,-0.07504690438508987,-0.7340525388717651,0.0035178237594664092
1613608800788,2021-02-18T00:41:59.876Z,55.199,0.29080677032470703,0.05863039568066598,0.12546904385089874
1613608800828,2021-02-18T00:41:59.890Z,55.239,0.3517823815345764,0.05863039568066598,0.0035178237594664092
1613608800867,2021-02-18T00:41:59.904Z,55.278,0.10787992924451828,-0.30722326040267944,0.18644465506076813
1613608800907,2021-02-18T00:41:59.908Z,55.318000000000005,0.22983114421367645,1.2171670198440552,0.7352251410484314
1613608800946,2021-02-18T00:41:59.921Z,55.357,0.6566604375839233,0.7293621301651001,0.18644465506076813
1613608800986,2021-02-18T00:41:59.936Z,55.397,-0.01407129503786564,1.0952157974243164,0.12546904385089874
1613608801024,2021-02-18T00:41:59.950Z,55.435,-0.01407129503786564,1.0952157974243164,0.12546904385089874
1613608801064,2021-02-18T00:41:59.964Z,55.475,0.4127579927444458,0.18058161437511444,-0.05745778605341911
1613608801103,2021-02-18T00:41:59.968Z,55.513999999999996,0.046904318034648895,-0.551125705242157,0.06449343264102936
1613608801143,2021-02-18T00:41:59.981Z,55.553999999999995,-0.01407129503786564,-0.3681988716125488,0.3083958923816681
1613608801182,2021-02-18T00:41:59.996Z,55.593,-0.07504690438508987,-0.4901500940322876,0.3083958923816681
1613608801222,2021-02-18T00:42:00.010Z,55.633,-0.19699813425540924,0.7903377413749695,-0.30136021971702576
1613608801261,2021-02-18T00:42:00.012Z,55.672,-0.501876175403595,0.4244840741157532,-0.3623358309268952
1613608801301,2021-02-18T00:42:00.027Z,55.711999999999996,0.8395872712135315,0.6683865189552307,0.06449343264102936
1613608801339,2021-02-18T00:42:00.044Z,55.75,0.8395872712135315,0.6683865189552307,0.06449343264102936
1613608801378,2021-02-18T00:42:00.057Z,55.788999999999994,0.22983114421367645,-0.3681988716125488,0.3083958923816681
1613608801418,2021-02-18T00:42:00.070Z,55.82899999999999,0.16885553300380707,-0.24624766409397125,-0.4842870533466339
1613608801458,2021-02-18T00:42:00.085Z,55.869,-0.07504690438508987,0.5464352965354919,-0.30136021971702576
1613608801497,2021-02-18T00:42:00.087Z,55.908,0.4127579927444458,-0.30722326040267944,-0.05745778605341911
1613608801537,2021-02-18T00:42:00.102Z,55.948,-0.501876175403595,-0.12429644167423247,-0.05745778605341911
1613608801576,2021-02-18T00:42:00.116Z,55.986999999999995,-0.07504690438508987,-0.4291744828224182,-0.2403846234083176
1613608801616,2021-02-18T00:42:00.130Z,56.027,-0.4409005045890808,-0.0023452157620340586,0.06449343264102936
1613608801654,2021-02-18T00:42:00.145Z,56.065,-0.4409005045890808,-0.0023452157620340586,0.06449343264102936
1613608801693,2021-02-18T00:42:00.147Z,56.104,-0.98968106508255,-1.0999062061309814,-0.1184334009885788
1613608801733,2021-02-18T00:42:00.161Z,56.144,-0.3189493417739868,-1.0389305353164673,0.18644465506076813
1613608801773,2021-02-18T00:42:00.176Z,56.184,-0.3799249529838562,-0.551125705242157,0.3693715035915375
1613608801812,2021-02-18T00:42:00.191Z,56.223,-0.928705394268036,0.18058161437511444,-0.2403846234083176
1613608801852,2021-02-18T00:42:00.205Z,56.263000000000005,-0.7457786202430725,0.9732645750045776,-0.4233114421367645
1613608801891,2021-02-18T00:42:00.206Z,56.302,0.29080677032470703,-0.12429644167423247,-0.05745778605341911
1613608801931,2021-02-18T00:42:00.222Z,56.342,-0.07504690438508987,-0.551125705242157,0.06449343264102936
1613608801969,2021-02-18T00:42:00.236Z,56.38,-0.07504690438508987,-0.551125705242157,0.06449343264102936
1613608802008,2021-02-18T00:42:00.255Z,56.419,0.22983114421367645,-0.12429644167423247,0.4303471148014069
1613608802048,2021-02-18T00:42:00.264Z,56.458999999999996,0.22983114421367645,-0.0633208304643631,0.5522983074188232
1613608802087,2021-02-18T00:42:00.281Z,56.498000000000005,-0.19699813425540924,-0.4291744828224182,-0.1184334009885788
1613608802127,2021-02-18T00:42:00.284Z,56.538000000000004,-1.1726078987121582,-0.0633208304643631,0.06449343264102936
1613608802167,2021-02-18T00:42:00.298Z,56.578,0.10787992924451828,-1.2828329801559448,-0.1184334009885788
1613608802206,2021-02-18T00:42:00.311Z,56.617,0.046904318034648895,-0.0633208304643631,0.12546904385089874
1613608802246,2021-02-18T00:42:00.327Z,56.657,-0.501876175403595,0.05863039568066598,-0.17940901219844818
1613608802284,2021-02-18T00:42:00.340Z,56.695,-0.501876175403595,0.05863039568066598,-0.17940901219844818
1613608802323,2021-02-18T00:42:00.343Z,56.733999999999995,0.046904318034648895,1.5830206871032717,-0.05745778605341911
1613608802363,2021-02-18T00:42:00.356Z,56.773999999999994,0.4127579927444458,0.7293621301651001,-0.1184334009885788
1613608802402,2021-02-18T00:42:00.371Z,56.813,-0.13602252304553986,0.3025328516960144,-0.2403846234083176
1613608802442,2021-02-18T00:42:00.385Z,56.853,-0.3189493417739868,0.18058161437511444,-0.17940901219844818
1613608802482,2021-02-18T00:42:00.400Z,56.893,-0.19699813425540924,-0.12429644167423247,0.4303471148014069
1613608802521,2021-02-18T00:42:00.402Z,56.931999999999995,0.046904318034648895,0.7293621301651001,0.3083958923816681
1613608802561,2021-02-18T00:42:00.416Z,56.972,0.595684826374054,1.2781425714492798,-0.1184334009885788
1613608802599,2021-02-18T00:42:00.431Z,57.01,0.595684826374054,1.2781425714492798,-0.1184334009885788
1613608802638,2021-02-18T00:42:00.445Z,57.049,-0.5628517270088196,0.5464352965354919,-0.4233114421367645
1613608802678,2021-02-18T00:42:00.459Z,57.089,0.16885553300380707,-0.4901500940322876,0.18644465506076813
1613608802717,2021-02-18T00:42:00.475Z,57.128,-0.07504690438508987,-0.0633208304643631,-0.1184334009885788
1613608802757,2021-02-18T00:42:00.477Z,57.168,-0.13602252304553986,1.2171670198440552,-0.05745778605341911
1613608802796,2021-02-18T00:42:00.496Z,57.207,0.10787992924451828,0.7293621301651001,0.2474202662706375
1613608802836,2021-02-18T00:42:00.509Z,57.247,-0.25797373056411743,0.9732645750045776,0.3693715035915375
1613608802876,2021-02-18T00:42:00.520Z,57.287,0.4127579927444458,-0.551125705242157,0.2474202662706375
1613608802914,2021-02-18T00:42:00.535Z,57.325,0.4127579927444458,-0.551125705242157,0.2474202662706375
1613608802953,2021-02-18T00:42:00.543Z,57.364,0.4127579927444458,-0.4291744828224182,-0.2403846234083176
1613608802993,2021-02-18T00:42:00.562Z,57.403999999999996,-0.19699813425540924,0.11960600316524506,0.12546904385089874
1613608803032,2021-02-18T00:42:00.567Z,57.443000000000005,0.10787992924451828,-0.30722326040267944,0.2474202662706375
1613608803072,2021-02-18T00:42:00.586Z,57.483000000000004,-0.6848029494285583,0.18058161437511444,-0.05745778605341911
1613608803111,2021-02-18T00:42:00.595Z,57.522,0.10787992924451828,-0.24624766409397125,0.0035178237594664092
1613608803151,2021-02-18T00:42:00.610Z,57.562,0.29080677032470703,0.24155722558498385,0.0035178237594664092
1613608803190,2021-02-18T00:42:00.615Z,57.601000000000006,0.29080677032470703,0.18058161437511444,-0.3623358309268952
1613608803229,2021-02-18T00:42:00.630Z,57.64,0.29080677032470703,0.18058161437511444,-0.3623358309268952
1613608803268,2021-02-18T00:42:00.641Z,57.678999999999995,0.4127579927444458,-0.0633208304643631,-0.05745778605341911
1613608803308,2021-02-18T00:42:00.655Z,57.718999999999994,0.16885553300380707,-0.12429644167423247,0.0035178237594664092
1613608803347,2021-02-18T00:42:00.670Z,57.758,-0.6238273978233337,-0.551125705242157,-0.30136021971702576
1613608803387,2021-02-18T00:42:00.672Z,57.798,-0.07504690438508987,0.6683865189552307,0.12546904385089874
1613608803426,2021-02-18T00:42:00.687Z,57.836999999999996,-0.928705394268036,-0.3681988716125488,-0.4842870533466339
1613608803466,2021-02-18T00:42:00.701Z,57.876999999999995,0.16885553300380707,0.18058161437511444,-0.4233114421367645
1613608803505,2021-02-18T00:42:00.745Z,57.916000000000004,0.6566604375839233,0.8513133525848389,0.0035178237594664092
1613608803545,2021-02-18T00:42:00.761Z,57.956,0.16885553300380707,1.156191349029541,-0.3623358309268952
1613608803583,2021-02-18T00:42:00.774Z,57.994,0.16885553300380707,1.156191349029541,-0.3623358309268952
1613608803623,2021-02-18T00:42:00.776Z,58.034,-0.5628517270088196,-0.4291744828224182,0.0035178237594664092
1613608803662,2021-02-18T00:42:00.791Z,58.073,-0.3799249529838562,0.3635084629058838,0.06449343264102936
1613608803702,2021-02-18T00:42:00.806Z,58.113,-0.3189493417739868,0.05863039568066598,-0.30136021971702576
1613608803741,2021-02-18T00:42:00.822Z,58.152,0.16885553300380707,0.11960600316524506,-0.17940901219844818
1613608803781,2021-02-18T00:42:00.836Z,58.192,0.4127579927444458,-1.0389305353164673,-0.05745778605341911
1613608803820,2021-02-18T00:42:00.842Z,58.231,-0.3799249529838562,0.11960600316524506,-0.3623358309268952
1613608803860,2021-02-18T00:42:00.853Z,58.271,-0.3189493417739868,-0.12429644167423247,-0.17940901219844818
1613608803898,2021-02-18T00:42:00.866Z,58.309,-0.3189493417739868,-0.12429644167423247,-0.17940901219844818
1613608803938,2021-02-18T00:42:00.881Z,58.349,-0.501876175403595,0.3025328516960144,-0.05745778605341911
1613608803977,2021-02-18T00:42:00.894Z,58.388000000000005,-0.8677298426628113,0.4854596853256226,-0.3623358309268952
1613608804017,2021-02-18T00:42:00.911Z,58.428000000000004,-0.501876175403595,-0.9779549837112428,-0.17940901219844818
1613608804056,2021-02-18T00:42:00.913Z,58.467,0.046904318034648895,-0.551125705242157,0.2474202662706375
1613608804096,2021-02-18T00:42:00.926Z,58.507,0.595684826374054,0.4854596853256226,-0.17940901219844818
1613608804135,2021-02-18T00:42:00.940Z,58.54600000000001,0.7176360487937927,1.522045016288757,-0.5452626943588257
1613608804175,2021-02-18T00:42:00.955Z,58.586000000000006,0.10787992924451828,0.3635084629058838,0.0035178237594664092
1613608804213,2021-02-18T00:42:00.970Z,58.623999999999995,0.10787992924451828,0.3635084629058838,0.0035178237594664092
1613608804253,2021-02-18T00:42:00.972Z,58.663999999999994,-0.6848029494285583,1.4000937938690186,-0.2403846234083176
1613608804292,2021-02-18T00:42:00.986Z,58.703,-0.6848029494285583,1.4000937938690186,-0.2403846234083176
1613608804332,2021-02-18T00:42:01.003Z,58.743,-0.13602252304553986,2.0098497867584233,-0.5452626943588257
1613608804371,2021-02-18T00:42:01.015Z,58.782,-0.01407129503786564,0.6683865189552307,-0.1184334009885788
1613608804411,2021-02-18T00:42:01.030Z,58.821999999999996,-0.19699813425540924,0.6074109077453613,-0.1184334009885788
1613608804450,2021-02-18T00:42:01.032Z,58.861000000000004,-0.3799249529838562,0.4244840741157532,-0.17940901219844818
1613608804490,2021-02-18T00:42:01.047Z,58.901,0.046904318034648895,1.156191349029541,0.12546904385089874
1613608804528,2021-02-18T00:42:01.061Z,58.93899999999999,0.046904318034648895,1.156191349029541,0.12546904385089874
1613608804567,2021-02-18T00:42:01.075Z,58.978,0.4737336039543152,0.6074109077453613,-0.17940901219844818
1613608804607,2021-02-18T00:42:01.090Z,59.018,-0.13602252304553986,-0.24624766409397125,-0.2403846234083176
1613608804647,2021-02-18T00:42:01.106Z,59.058,-0.19699813425540924,0.24155722558498385,-0.05745778605341911
1613608804686,2021-02-18T00:42:01.107Z,59.097,0.16885553300380707,0.4244840741157532,0.12546904385089874
1613608804726,2021-02-18T00:42:01.121Z,59.137,-0.07504690438508987,1.4610694646835327,0.0035178237594664092
1613608804765,2021-02-18T00:42:01.136Z,59.176,0.3517823815345764,-0.24624766409397125,0.0035178237594664092
1613608804805,2021-02-18T00:42:01.151Z,59.216,0.10787992924451828,0.9732645750045776,0.0035178237594664092
1613608804843,2021-02-18T00:42:01.166Z,59.254,0.10787992924451828,0.9732645750045776,0.0035178237594664092
1613608804882,2021-02-18T00:42:01.180Z,59.293,-0.19699813425540924,1.0952157974243164,-0.5452626943588257
1613608804922,2021-02-18T00:42:01.182Z,59.333,-0.25797373056411743,-0.8560037612915039,-0.3623358309268952
1613608804961,2021-02-18T00:42:01.196Z,59.372,-0.01407129503786564,0.3025328516960144,-0.30136021971702576
1613608805001,2021-02-18T00:42:01.212Z,59.412,-0.4409005045890808,-0.673076868057251,-0.7281895279884338
1613608805041,2021-02-18T00:42:01.225Z,59.452,-0.3799249529838562,0.4854596853256226,-0.30136021971702576
1613608805080,2021-02-18T00:42:01.227Z,59.49100000000001,-0.4409005045890808,-0.7340525388717651,0.0035178237594664092
1613608805120,2021-02-18T00:42:01.241Z,59.531000000000006,-0.07504690438508987,-0.0633208304643631,0.12546904385089874
1613608805158,2021-02-18T00:42:01.256Z,59.568999999999996,-0.07504690438508987,-0.0633208304643631,0.12546904385089874
1613608805197,2021-02-18T00:42:01.271Z,59.608000000000004,0.16885553300380707,1.0952157974243164,0.3693715035915375
1613608805237,2021-02-18T00:42:01.285Z,59.648,-0.25797373056411743,-0.0023452157620340586,0.06449343264102936
1613608805276,2021-02-18T00:42:01.302Z,59.687,-0.13602252304553986,-0.4291744828224182,0.8571763634681702
1613608805316,2021-02-18T00:42:01.304Z,59.727,-0.98968106508255,-2.929174423217773,0.0035178237594664092
1613608805356,2021-02-18T00:42:01.316Z,59.766999999999996,-0.07504690438508987,-4.636491775512695,-0.05745778605341911
1613608805395,2021-02-18T00:42:01.330Z,59.806000000000004,-0.928705394268036,-6.892589569091798,-1.0330675840377808
1613608805435,2021-02-18T00:42:01.346Z,59.846000000000004,-1.9043152332305908,-13.416979789733887,-1.2769699096679688
1613608805473,2021-02-18T00:42:01.360Z,59.88399999999999,-1.9043152332305908,-13.416979789733887,-1.2769699096679688
1613608805512,2021-02-18T00:42:01.361Z,59.923,-3.0018763542175293,-21.95356559753418,1.9547373056411743
1613608805552,2021-02-18T00:42:01.376Z,59.963,-3.3067543506622314,-27.075517654418945,2.6254689693450928
1613608805591,2021-02-18T00:42:01.391Z,60.001999999999995,-2.209193229675293,-32.86819839477539,2.503517866134644
1613608805631,2021-02-18T00:42:01.406Z,60.042,-1.9043152332305908,-23.721858978271484,3.1132738590240483
1613608805670,2021-02-18T00:42:01.420Z,60.081,-3.916510343551636,-22.746248245239254,0.6132739186286926
1613608805710,2021-02-18T00:42:01.434Z,60.121,-3.0018763542175293,-20.30722427368164,1.284005641937256
1613608805750,2021-02-18T00:42:01.436Z,60.161,-3.062851905822754,-19.941370010375977,1.771810531616211
1613608805788,2021-02-18T00:42:01.451Z,60.199,-3.062851905822754,-19.941370010375977,1.771810531616211
1613608805827,2021-02-18T00:42:01.466Z,60.238,-5.806754112243652,-18.59990692138672,3.235225200653076
1613608805867,2021-02-18T00:42:01.481Z,60.278,-3.4287054538726807,-21.09990692138672,3.7230300903320312
1613608805906,2021-02-18T00:42:01.497Z,60.317,-6.233583450317383,-24.33161354064941,3.2962007522583012
1613608805946,2021-02-18T00:42:01.501Z,60.357,-4.587242126464844,-21.09990692138672,3.601078748703003
1613608805985,2021-02-18T00:42:01.511Z,60.396,-2.2701690196990967,-20.30722427368164,4.149859428405762
1613608806025,2021-02-18T00:42:01.534Z,60.43600000000001,-5.318949222564697,-17.075515747070312,3.41815185546875
1613608806065,2021-02-18T00:42:01.544Z,60.476000000000006,-5.136022567749023,-15.246248245239258,3.4791276454925537
1613608806103,2021-02-18T00:42:01.557Z,60.513999999999996,-5.136022567749023,-15.246248245239258,3.4791276454925537
1613608806142,2021-02-18T00:42:01.560Z,60.553000000000004,-4.587242126464844,-12.746248245239258,3.9669322967529297
1613608806182,2021-02-18T00:42:01.573Z,60.593,-3.062851905822754,-17.624296188354492,3.844981193542481
1613608806221,2021-02-18T00:42:01.591Z,60.632,-3.7945592403411865,-18.90478515625,4.576688766479492
1613608806261,2021-02-18T00:42:01.601Z,60.672,-4.953095436096191,-23.35600471496582,5.91815185546875
1613608806300,2021-02-18T00:42:01.615Z,60.711000000000006,-4.038461208343507,-27.563322067260746,5.36937141418457
1613608806340,2021-02-18T00:42:01.630Z,60.751000000000005,-4.587242126464844,-29.270639419555664,5.857176303863525
1613608806379,2021-02-18T00:42:01.631Z,60.79,-6.355534553527832,-30.85600471496582,8.723031044006348
1613608806418,2021-02-18T00:42:01.647Z,60.82899999999999,-6.355534553527832,-30.85600471496582,8.723031044006348
1613608806457,2021-02-18T00:42:01.660Z,60.868,-3.977485895156861,-31.95356559753418,7.747420310974121
1613608806497,2021-02-18T00:42:01.675Z,60.908,-5.745778560638428,-36.40478515625,6.588883876800537
1613608806536,2021-02-18T00:42:01.690Z,60.946999999999996,-7.453095436096191,-47.86819839477539,7.625469207763673
1613608806576,2021-02-18T00:42:01.692Z,60.986999999999995,-8.489681243896483,-45.18527221679688,9.515713691711426
1613608806615,2021-02-18T00:42:01.736Z,61.026,-6.721388339996338,-36.8925895690918,11.527908325195312
1613608806655,2021-02-18T00:42:01.751Z,61.066,-6.721388339996338,-39.69746780395508,12.869372367858887
1613608806694,2021-02-18T00:42:01.765Z,61.105,-5.806754112243652,-33.72185516357422,13.601079940795898
1613608806732,2021-02-18T00:42:01.779Z,61.143,-5.806754112243652,-33.72185516357422,13.601079940795898
1613608806772,2021-02-18T00:42:01.781Z,61.183,-2.514071464538574,-8.599906921386719,7.259615421295166
1613608806812,2021-02-18T00:42:01.796Z,61.223,-6.172607898712157,6.583020687103272,7.503518104553223
1613608806851,2021-02-18T00:42:01.811Z,61.262,-12.209193229675293,13.351313591003418,6.89376163482666
1613608806891,2021-02-18T00:42:01.825Z,61.302,-12.636022567749025,20.424484252929688,7.259615421295166
1613608806930,2021-02-18T00:42:01.840Z,61.341,-10.745779037475586,17.619606018066406,6.1620545387268075
1613608806970,2021-02-18T00:42:01.841Z,61.381,-16.66041374206543,20.24155807495117,7.137664318084718
1613608807009,2021-02-18T00:42:01.857Z,61.42,-14.343339920043945,15.363508224487305,7.076688766479492
1613608807047,2021-02-18T00:42:01.871Z,61.458,-14.343339920043945,15.363508224487305,7.076688766479492
1613608807087,2021-02-18T00:42:01.885Z,61.498000000000005,-6.538461685180664,-5.67307710647583,5.247420310974121
1613608807127,2021-02-18T00:42:01.901Z,61.538000000000004,-3.0018763542175293,-8.47795581817627,2.259615421295166
1613608807166,2021-02-18T00:42:01.902Z,61.577,-0.01407129503786564,-9.697467803955078,1.34498131275177
1613608807206,2021-02-18T00:42:01.919Z,61.617,-0.501876175403595,-6.892589569091798,1.2230300903320312
1613608807245,2021-02-18T00:42:01.931Z,61.656000000000006,-3.245778799057007,-1.4657598733901978,1.0401031970977783
1613608807285,2021-02-18T00:42:01.945Z,61.696000000000005,-5.806754112243652,-0.7340525388717651,3.41815185546875
1613608807324,2021-02-18T00:42:01.960Z,61.735,1.7542213201522827,7.131801128387451,0.2474202662706375
1613608807362,2021-02-18T00:42:01.975Z,61.773,1.7542213201522827,7.131801128387451,0.2474202662706375
1613608807402,2021-02-18T00:42:01.977Z,61.813,0.3517823815345764,-3.1730768680572514,0.0035178237594664092
1613608807441,2021-02-18T00:42:01.991Z,61.852,0.9615384936332704,-3.599906206130981,-0.2403846234083176
1613608807481,2021-02-18T00:42:02.006Z,61.891999999999996,0.9005628824234009,-2.014540433883667,-0.3623358309268952
1613608807521,2021-02-18T00:42:02.020Z,61.931999999999995,0.3517823815345764,0.18058161437511444,-0.4842870533466339
1613608807560,2021-02-18T00:42:02.035Z,61.971000000000004,0.5347092151641846,1.2781425714492798,-0.6672139167785645
1613608807600,2021-02-18T00:42:02.040Z,62.011,1.4493433237075806,1.4000937938690186,-0.911116361618042
1613608807639,2021-02-18T00:42:02.051Z,62.05,0.9005628824234009,0.5464352965354919,-0.4233114421367645
1613608807677,2021-02-18T00:42:02.071Z,62.088,0.9005628824234009,0.5464352965354919,-0.4233114421367645
1613608807717,2021-02-18T00:42:02.085Z,62.128,0.8395872712135315,1.7659474611282349,-0.7891651391983032
1613608807756,2021-02-18T00:42:02.099Z,62.167,-0.98968106508255,1.2781425714492798,0.3083958923816681
1613608807796,2021-02-18T00:42:02.101Z,62.207,-1.6604127883911133,0.4244840741157532,0.6132739186286926
1613608807836,2021-02-18T00:42:02.114Z,62.247,-1.1726078987121582,-0.30722326040267944,0.4913227260112762
1613608807875,2021-02-18T00:42:02.126Z,62.286,-1.4774858951568604,-0.9169793128967284,0.5522983074188232
1613608807915,2021-02-18T00:42:02.141Z,62.326,-1.4774858951568604,-1.5267354249954224,0.674249529838562
1613608807954,2021-02-18T00:42:02.155Z,62.365,-1.599437236785889,-1.5877110958099363,0.674249529838562
1613608807992,2021-02-18T00:42:02.170Z,62.403,-1.599437236785889,-1.5877110958099363,0.674249529838562
1613608808032,2021-02-18T00:42:02.172Z,62.443000000000005,-1.4774858951568604,-1.343808650970459,0.7352251410484314
1613608808071,2021-02-18T00:42:02.186Z,62.482,-0.19699813425540924,-1.7096621990203855,0.2474202662706375
1613608808111,2021-02-18T00:42:02.200Z,62.522,-0.25797373056411743,-1.160881757736206,0.18644465506076813
1613608808150,2021-02-18T00:42:02.215Z,62.56100000000001,-0.13602252304553986,-0.9169793128967284,-0.05745778605341911
1613608808190,2021-02-18T00:42:02.230Z,62.601000000000006,0.4127579927444458,-0.6121013164520264,-0.05745778605341911
1613608808230,2021-02-18T00:42:02.233Z,62.641000000000005,0.595684826374054,-0.4291744828224182,-0.30136021971702576
1613608808269,2021-02-18T00:42:02.247Z,62.68,0.4737336039543152,-0.4901500940322876,-0.17940901219844818
1613608808307,2021-02-18T00:42:02.261Z,62.718,0.4737336039543152,-0.4901500940322876,-0.17940901219844818
1613608808347,2021-02-18T00:42:02.277Z,62.758,0.22983114421367645,0.11960600316524506,-0.2403846234083176
1613608808386,2021-02-18T00:42:02.293Z,62.797,0.7176360487937927,-0.18527205288410187,-0.17940901219844818
1613608808426,2021-02-18T00:42:02.295Z,62.836999999999996,-0.13602252304553986,-0.12429644167423247,-0.17940901219844818
1613608808465,2021-02-18T00:42:02.308Z,62.876000000000005,0.29080677032470703,-0.0023452157620340586,-0.17940901219844818
1613608808505,2021-02-18T00:42:02.321Z,62.916000000000004,0.7786116600036621,-0.8560037612915039,-0.30136021971702576
1613608808544,2021-02-18T00:42:02.336Z,62.955,-0.07504690438508987,-1.160881757736206,0.18644465506076813
1613608808584,2021-02-18T00:42:02.350Z,62.995,-0.13602252304553986,-0.0633208304643631,0.06449343264102936
1613608808622,2021-02-18T00:42:02.365Z,63.033,-0.13602252304553986,-0.0633208304643631,0.06449343264102936
1613608808662,2021-02-18T00:42:02.370Z,63.073,-0.19699813425540924,0.05863039568066598,0.18644465506076813
1613608808701,2021-02-18T00:42:02.383Z,63.111999999999995,-0.3189493417739868,-0.24624766409397125,0.12546904385089874
1613608808741,2021-02-18T00:42:02.399Z,63.152,-0.6238273978233337,-0.4901500940322876,0.2474202662706375
1613608808780,2021-02-18T00:42:02.411Z,63.191,-0.19699813425540924,-0.4901500940322876,-0.05745778605341911
1613608808820,2021-02-18T00:42:02.414Z,63.231,0.046904318034648895,-1.160881757736206,0.12546904385089874
1613608808859,2021-02-18T00:42:02.426Z,63.27,-0.25797373056411743,-0.6121013164520264,0.18644465506076813
1613608808899,2021-02-18T00:42:02.441Z,63.31,-0.25797373056411743,-0.12429644167423247,0.12546904385089874
1613608808937,2021-02-18T00:42:02.455Z,63.348,-0.25797373056411743,-0.12429644167423247,0.12546904385089874
1613608808977,2021-02-18T00:42:02.470Z,63.388000000000005,-0.07504690438508987,-0.30722326040267944,0.12546904385089874
1613608809016,2021-02-18T00:42:02.473Z,63.427,-0.13602252304553986,-0.3681988716125488,-0.05745778605341911
1613608809056,2021-02-18T00:42:02.489Z,63.467,0.046904318034648895,-0.551125705242157,0.06449343264102936
1613608809095,2021-02-18T00:42:02.504Z,63.506,-0.13602252304553986,-0.4291744828224182,0.2474202662706375
1613608809135,2021-02-18T00:42:02.516Z,63.54600000000001,-0.501876175403595,0.3025328516960144,0.0035178237594664092
1613608809174,2021-02-18T00:42:02.530Z,63.585,0.22983114421367645,-0.4901500940322876,-0.05745778605341911
1613608809214,2021-02-18T00:42:02.545Z,63.625,0.22983114421367645,-0.673076868057251,-0.05745778605341911
1613608809253,2021-02-18T00:42:02.547Z,63.663999999999994,-0.19699813425540924,-0.8560037612915039,0.12546904385089874
1613608809292,2021-02-18T00:42:02.562Z,63.703,-0.3799249529838562,0.18058161437511444,-0.05745778605341911
1613608809331,2021-02-18T00:42:02.576Z,63.742,-0.3799249529838562,0.05863039568066598,0.06449343264102936
1613608809371,2021-02-18T00:42:02.592Z,63.782,-0.4409005045890808,0.18058161437511444,-0.17940901219844818
1613608809410,2021-02-18T00:42:02.605Z,63.821000000000005,-0.01407129503786564,-0.6121013164520264,-0.17940901219844818
1613608809450,2021-02-18T00:42:02.609Z,63.861000000000004,-0.3799249529838562,-0.24624766409397125,-0.1184334009885788
1613608809489,2021-02-18T00:42:02.621Z,63.9,-0.3189493417739868,-0.18527205288410187,-0.17940901219844818
1613608809529,2021-02-18T00:42:02.636Z,63.94,-0.3189493417739868,-0.30722326040267944,-0.1184334009885788
1613608809568,2021-02-18T00:42:02.650Z,63.979,-0.3799249529838562,-0.24624766409397125,-0.05745778605341911
1613608809607,2021-02-18T00:42:02.665Z,64.018,-0.25797373056411743,0.05863039568066598,0.0035178237594664092
1613608809646,2021-02-18T00:42:02.669Z,64.057,-0.19699813425540924,-0.30722326040267944,-0.05745778605341911
1613608809686,2021-02-18T00:42:02.684Z,64.097,-0.3799249529838562,-0.4291744828224182,0.06449343264102936
1613608809725,2021-02-18T00:42:02.726Z,64.13600000000001,-0.19699813425540924,-0.18527205288410187,0.0035178237594664092
