epoch (ms),time (-07:00),elapsed (s),X-Axis (T),Y-Axis (T),Z-Axis (T)
1613060365973,2021-02-11T16:20:51.329Z,0.027,-1.14673912525177,-6.76766300201416,2
1613060366012,2021-02-11T16:20:51.330Z,0.066,-1.52173912525177,-4.89266300201416,0
1613060366052,2021-02-11T16:20:51.333Z,0.106,-1.52173912525177,-6.76766300201416,0.8125
1613060366091,2021-02-11T16:20:51.344Z,0.145,-1.14673912525177,-26.455163955688477,0.4375
1613060366131,2021-02-11T16:20:51.346Z,0.185,-2.2717392444610596,-6.01766300201416,-1.625
1613060366153,2021-02-11T16:20:51.347Z,0.207,-1.52173912525177,-4.14266300201416,0.875
1613060366192,2021-02-11T16:20:51.358Z,0.246,-1.52173912525177,-4.14266300201416,-0.8125
1613060366232,2021-02-11T16:20:51.360Z,0.286,-0.39673912525177,-6.39266300201416,1.6875
1613060366271,2021-02-11T16:20:51.363Z,0.325,-1.52173912525177,-24.642663955688477,1.25
1613060366311,2021-02-11T16:20:51.374Z,0.365,-1.14673912525177,-4.89266300201416,-0.375
1613060366351,2021-02-11T16:20:51.376Z,0.405,-1.14673912525177,-6.76766300201416,1.6875
1613060366390,2021-02-11T16:20:51.378Z,0.444,-1.52173912525177,-10.14266300201416,0.0625
1613060366430,2021-02-11T16:20:51.389Z,0.484,-0.77173912525177,-10.14266300201416,0.0625
1613060366469,2021-02-11T16:20:51.392Z,0.523,-1.52173912525177,-12.70516300201416,1.3125
1613060366509,2021-02-11T16:20:51.402Z,0.563,-0.77173912525177,-13.08016300201416,-1.1875
1613060366548,2021-02-11T16:20:51.404Z,0.602,-1.52173912525177,-10.89266300201416,1.25
1613060366588,2021-02-11T16:20:51.407Z,0.642,-1.52173912525177,-11.95516300201416,0.4375
1613060366627,2021-02-11T16:20:51.418Z,0.681,-0.77173912525177,-7.14266300201416,-0.375
1613060366667,2021-02-11T16:20:51.420Z,0.721,-0.39673912525177,-8.26766300201416,1.3125
1613060366706,2021-02-11T16:20:51.422Z,0.76,-0.77173912525177,-22.767663955688477,2.125
1613060366746,2021-02-11T16:20:51.449Z,0.8,-1.14673912525177,-6.01766300201416,0.0625
1613060366786,2021-02-11T16:20:51.451Z,0.84,-1.89673912525177,-5.26766300201416,0.4375
1613060366825,2021-02-11T16:20:51.453Z,0.879,-1.14673912525177,-6.01766300201416,-0.75
1613060366865,2021-02-11T16:20:51.463Z,0.919,-1.14673912525177,-8.26766300201416,-1.5625
1613060366904,2021-02-11T16:20:51.466Z,0.958,-1.14673912525177,-5.26766300201416,0.4375
1613060366944,2021-02-11T16:20:51.477Z,0.998,-2.2717392444610596,-4.89266300201416,-0.75
1613060366983,2021-02-11T16:20:51.479Z,1.037,-1.14673912525177,-6.01766300201416,0.875
1613060367023,2021-02-11T16:20:51.508Z,1.077,-0.77173912525177,-6.01766300201416,2.9375
1613060367062,2021-02-11T16:20:51.510Z,1.116,-0.77173912525177,-6.39266300201416,4.5625
1613060367102,2021-02-11T16:20:51.513Z,1.156,-0.39673912525177,-6.76766300201416,9.0625
1613060367142,2021-02-11T16:20:51.524Z,1.196,-0.77173912525177,-9.01766300201416,8.6875
1613060367181,2021-02-11T16:20:51.526Z,1.235,0.35326087474823,-7.51766300201416,8.6875
1613060367221,2021-02-11T16:20:51.537Z,1.275,-0.77173912525177,-7.14266300201416,9.9375
1613060367260,2021-02-11T16:20:51.540Z,1.314,-0.39673912525177,-6.76766300201416,9.5
1613060367300,2021-02-11T16:20:51.542Z,1.354,0.35326087474823,-6.76766300201416,9.875
1613060367339,2021-02-11T16:20:51.553Z,1.393,0.72826087474823,-6.01766300201416,10.3125
1613060367379,2021-02-11T16:20:51.555Z,1.433,0.72826087474823,-6.01766300201416,9.5
1613060367418,2021-02-11T16:20:51.558Z,1.472,-0.021739130839705467,-4.51766300201416,9.875
1613060367458,2021-02-11T16:20:51.568Z,1.512,0.35326087474823,-6.39266300201416,11.125
1613060367497,2021-02-11T16:20:51.571Z,1.551,0.72826087474823,-4.51766300201416,10.3125
1613060367537,2021-02-11T16:20:51.573Z,1.591,0.72826087474823,-6.01766300201416,10.6875
1613060367577,2021-02-11T16:20:51.599Z,1.631,1.47826087474823,-7.89266300201416,10.3125
1613060367616,2021-02-11T16:20:51.601Z,1.67,1.47826087474823,-8.26766300201416,11.125
1613060367656,2021-02-11T16:20:51.612Z,1.71,2.2282607555389404,-5.26766300201416,13.1875
1613060367695,2021-02-11T16:20:51.614Z,1.749,1.47826087474823,-8.26766300201416,13.5625
1613060367735,2021-02-11T16:20:51.617Z,1.789,1.85326087474823,-4.51766300201416,14
1613060367774,2021-02-11T16:20:51.628Z,1.828,2.2282607555389404,-6.39266300201416,14.4375
1613060367814,2021-02-11T16:20:51.630Z,1.868,2.6032607555389404,-7.51766300201416,14.4375
1613060367853,2021-02-11T16:20:51.632Z,1.907,2.2282607555389404,-4.51766300201416,13.625
1613060367893,2021-02-11T16:20:51.644Z,1.947,2.2282607555389404,-3.39266300201416,14.4375
1613060367933,2021-02-11T16:20:51.646Z,1.987,2.6032607555389404,-4.51766300201416,13.1875
1613060367972,2021-02-11T16:20:51.648Z,2.026,3.3532607555389404,-4.89266300201416,14.4375
1613060368012,2021-02-11T16:20:51.659Z,2.066,3.3532607555389404,-3.76766300201416,15.25
1613060368051,2021-02-11T16:20:51.661Z,2.105,2.9782607555389404,-6.01766300201416,12.375
1613060368091,2021-02-11T16:20:51.672Z,2.145,2.9782607555389404,-4.89266300201416,14
1613060368130,2021-02-11T16:20:51.674Z,2.184,2.2282607555389404,-11.20516300201416,12.8125
1613060368170,2021-02-11T16:20:51.676Z,2.224,2.2282607555389404,-5.64266300201416,12
1613060368209,2021-02-11T16:20:51.688Z,2.263,2.2282607555389404,-4.14266300201416,14
1613060368249,2021-02-11T16:20:51.690Z,2.303,2.6032607555389404,-6.76766300201416,12.8125
1613060368290,2021-02-11T16:20:51.692Z,2.344,2.2282607555389404,-3.39266300201416,12.8125
1613060368328,2021-02-11T16:20:51.703Z,2.382,3.3532607555389404,-4.51766300201416,13.1875
1613060368368,2021-02-11T16:20:51.706Z,2.422,2.6032607555389404,-4.89266300201416,13.1875
1613060368407,2021-02-11T16:20:51.708Z,2.461,1.85326087474823,-5.64266300201416,12.8125
1613060368448,2021-02-11T16:20:51.719Z,2.502,1.85326087474823,-6.76766300201416,14.4375
1613060368488,2021-02-11T16:20:51.721Z,2.542,2.2282607555389404,-4.89266300201416,12.375
1613060368527,2021-02-11T16:20:51.732Z,2.581,2.9782607555389404,-4.89266300201416,13.1875
1613060368567,2021-02-11T16:20:51.734Z,2.621,2.2282607555389404,-25.017663955688477,14.8125
1613060368606,2021-02-11T16:20:51.736Z,2.66,2.9782607555389404,-3.39266300201416,13.25
1613060368646,2021-02-11T16:20:51.747Z,2.7,2.6032607555389404,-4.51766300201416,13.625
1613060368685,2021-02-11T16:20:51.750Z,2.739,1.85326087474823,-5.26766300201416,11.125
1613060368725,2021-02-11T16:20:51.752Z,2.779,1.85326087474823,-6.01766300201416,12
1613060368765,2021-02-11T16:20:51.763Z,2.819,1.85326087474823,-4.14266300201416,14
1613060368804,2021-02-11T16:20:51.765Z,2.858,2.2282607555389404,-4.89266300201416,11.9375
1613060368844,2021-02-11T16:20:51.768Z,2.898,1.85326087474823,-6.39266300201416,12.8125
1613060368883,2021-02-11T16:20:51.782Z,2.937,2.6032607555389404,-4.89266300201416,13.625
1613060368923,2021-02-11T16:20:51.782Z,2.977,1.85326087474823,-7.14266300201416,12.8125
1613060368962,2021-02-11T16:20:51.783Z,3.016,1.85326087474823,-4.51766300201416,13.625
1613060369002,2021-02-11T16:20:51.794Z,3.056,1.85326087474823,-15.70516300201416,12
1613060369041,2021-02-11T16:20:51.796Z,3.095,1.85326087474823,-7.51766300201416,11.5625
1613060369081,2021-02-11T16:20:51.807Z,3.135,2.2282607555389404,-3.08016300201416,13.625
1613060369121,2021-02-11T16:20:51.809Z,3.175,2.6032607555389404,-3.76766300201416,12.8125
1613060369160,2021-02-11T16:20:51.812Z,3.214,1.85326087474823,-4.51766300201416,13.1875
1613060369200,2021-02-11T16:20:51.823Z,3.254,1.85326087474823,-3.76766300201416,14.875
1613060369239,2021-02-11T16:20:51.825Z,3.293,1.85326087474823,-4.89266300201416,12
1613060369279,2021-02-11T16:20:51.827Z,3.333,1.85326087474823,-5.64266300201416,13.1875
1613060369318,2021-02-11T16:20:51.853Z,3.372,1.47826087474823,-3.76766300201416,13.625
1613060369358,2021-02-11T16:20:51.856Z,3.412,1.10326087474823,-3.76766300201416,14.0625
1613060369397,2021-02-11T16:20:51.857Z,3.451,1.47826087474823,-6.01766300201416,14.0625
1613060369437,2021-02-11T16:20:51.869Z,3.491,2.2282607555389404,-4.89266300201416,12.8125
1613060369476,2021-02-11T16:20:51.871Z,3.53,1.47826087474823,-6.01766300201416,13.1875
1613060369516,2021-02-11T16:20:51.873Z,3.57,1.85326087474823,-4.14266300201416,13.25
1613060369556,2021-02-11T16:20:51.884Z,3.61,2.2282607555389404,-4.51766300201416,12.8125
1613060369595,2021-02-11T16:20:51.886Z,3.649,2.2282607555389404,-4.51766300201416,12.375
1613060369635,2021-02-11T16:20:51.897Z,3.689,1.10326087474823,-4.89266300201416,14.4375
1613060369674,2021-02-11T16:20:51.899Z,3.728,1.10326087474823,-3.08016300201416,12.8125
1613060369714,2021-02-11T16:20:51.901Z,3.768,2.2282607555389404,-3.39266300201416,13.625
1613060369753,2021-02-11T16:20:51.913Z,3.807,1.10326087474823,-5.64266300201416,15.625
1613060369793,2021-02-11T16:20:51.915Z,3.847,1.85326087474823,-3.76766300201416,12.375
1613060369832,2021-02-11T16:20:51.917Z,3.886,1.85326087474823,-4.51766300201416,14.8125
1613060369872,2021-02-11T16:20:51.928Z,3.926,1.85326087474823,-4.89266300201416,14
1613060369912,2021-02-11T16:20:51.931Z,3.966,1.85326087474823,-4.89266300201416,13.625
1613060369951,2021-02-11T16:20:51.932Z,4.005,2.2282607555389404,-5.26766300201416,14
1613060369991,2021-02-11T16:20:51.943Z,4.045,1.47826087474823,-12.70516300201416,13.625
1613060370030,2021-02-11T16:20:51.946Z,4.084,2.2282607555389404,-3.76766300201416,12.375
1613060370070,2021-02-11T16:20:51.958Z,4.124,1.85326087474823,-3.08016300201416,13.625
1613060370109,2021-02-11T16:20:51.960Z,4.163,2.6032607555389404,-6.01766300201416,13.25
1613060370149,2021-02-11T16:20:52.004Z,4.203,2.2282607555389404,-5.26766300201416,13.625
1613060370188,2021-02-11T16:20:52.006Z,4.242,1.85326087474823,-7.89266300201416,15.25
1613060370228,2021-02-11T16:20:52.017Z,4.282,1.85326087474823,-11.95516300201416,13.25
1613060370267,2021-02-11T16:20:52.019Z,4.321,1.47826087474823,-13.83016300201416,14.8125
1613060370307,2021-02-11T16:20:52.022Z,4.361,1.47826087474823,-16.830163955688477,14.0625
1613060370347,2021-02-11T16:20:52.033Z,4.401,2.2282607555389404,-12.70516300201416,12.8125
1613060370386,2021-02-11T16:20:52.035Z,4.44,1.47826087474823,-11.95516300201416,14.5
1613060370426,2021-02-11T16:20:52.037Z,4.48,1.85326087474823,-17.580163955688477,14.0625
1613060370465,2021-02-11T16:20:52.049Z,4.519,1.10326087474823,-6.39266300201416,12.8125
1613060370505,2021-02-11T16:20:52.050Z,4.559,1.10326087474823,-5.64266300201416,13.25
1613060370544,2021-02-11T16:20:52.053Z,4.598,2.6032607555389404,-6.39266300201416,13.6875
1613060370584,2021-02-11T16:20:52.064Z,4.638,1.85326087474823,-4.14266300201416,12.4375
1613060370623,2021-02-11T16:20:52.066Z,4.677,2.6032607555389404,-4.51766300201416,13.1875
1613060370663,2021-02-11T16:20:52.077Z,4.717,2.6032607555389404,-3.76766300201416,12.4375
1613060370703,2021-02-11T16:20:52.079Z,4.757,1.47826087474823,-4.51766300201416,14.5
1613060370742,2021-02-11T16:20:52.082Z,4.796,2.2282607555389404,-4.51766300201416,13.625
1613060370782,2021-02-11T16:20:52.093Z,4.836,1.47826087474823,-6.39266300201416,12.8125
1613060370821,2021-02-11T16:20:52.095Z,4.875,0.72826087474823,-3.76766300201416,14.875
1613060370861,2021-02-11T16:20:52.097Z,4.915,1.85326087474823,-6.76766300201416,14.0625
1613060370900,2021-02-11T16:20:52.108Z,4.954,1.85326087474823,-8.64266300201416,13.25
1613060370940,2021-02-11T16:20:52.111Z,4.994,0.72826087474823,-4.51766300201416,13.25
1613060370979,2021-02-11T16:20:52.113Z,5.033,1.85326087474823,-4.89266300201416,12.875
1613060371019,2021-02-11T16:20:52.124Z,5.073,1.47826087474823,-3.39266300201416,12.8125
1613060371059,2021-02-11T16:20:52.125Z,5.113,2.2282607555389404,-6.01766300201416,14.4375
1613060371100,2021-02-11T16:20:52.152Z,5.154,1.47826087474823,-5.26766300201416,13.25
1613060371139,2021-02-11T16:20:52.154Z,5.193,1.10326087474823,-4.14266300201416,13.25
1613060371179,2021-02-11T16:20:52.156Z,5.233,1.47826087474823,-3.39266300201416,13.6875
1613060371218,2021-02-11T16:20:52.167Z,5.272,1.10326087474823,-5.26766300201416,12.8125
1613060371258,2021-02-11T16:20:52.170Z,5.312,2.2282607555389404,-6.01766300201416,14.0625
1613060371297,2021-02-11T16:20:52.172Z,5.351,1.47826087474823,-5.64266300201416,14.0625
1613060371337,2021-02-11T16:20:52.183Z,5.391,1.85326087474823,-5.64266300201416,12.4375
1613060371376,2021-02-11T16:20:52.185Z,5.43,1.85326087474823,-5.26766300201416,14.875
1613060371416,2021-02-11T16:20:52.187Z,5.47,1.85326087474823,-3.76766300201416,13.625
1613060371455,2021-02-11T16:20:52.199Z,5.509,1.47826087474823,-3.76766300201416,11.625
1613060371495,2021-02-11T16:20:52.201Z,5.549,1.85326087474823,-3.76766300201416,12.4375
1613060371535,2021-02-11T16:20:52.212Z,5.589,1.47826087474823,-6.01766300201416,13.25
1613060371574,2021-02-11T16:20:52.214Z,5.628,1.47826087474823,-4.51766300201416,13.3125
1613060371614,2021-02-11T16:20:52.216Z,5.668,1.85326087474823,-4.14266300201416,13.6875
1613060371653,2021-02-11T16:20:52.227Z,5.707,1.47826087474823,-4.89266300201416,11.625
1613060371693,2021-02-11T16:20:52.230Z,5.747,1.85326087474823,-4.14266300201416,13.6875
1613060371732,2021-02-11T16:20:52.232Z,5.786,1.85326087474823,-2.33016300201416,14.125
1613060371772,2021-02-11T16:20:52.243Z,5.826,2.2282607555389404,-4.14266300201416,12
1613060371811,2021-02-11T16:20:52.245Z,5.865,1.47826087474823,-4.14266300201416,12.8125
1613060371851,2021-02-11T16:20:52.248Z,5.905,1.85326087474823,-12.70516300201416,13.6875
1613060371891,2021-02-11T16:20:52.259Z,5.945,1.10326087474823,-4.89266300201416,11.5625
1613060371930,2021-02-11T16:20:52.261Z,5.984,0.72826087474823,-5.26766300201416,13.6875
1613060371970,2021-02-11T16:20:52.263Z,6.024,2.2282607555389404,-4.51766300201416,12.4375
1613060372009,2021-02-11T16:20:52.274Z,6.063,1.47826087474823,-1.9551630020141602,13.25
1613060372049,2021-02-11T16:20:52.276Z,6.103,1.47826087474823,-4.14266300201416,13.25
1613060372088,2021-02-11T16:20:52.287Z,6.142,1.85326087474823,-4.51766300201416,13.3125
1613060372128,2021-02-11T16:20:52.289Z,6.182,1.10326087474823,-5.64266300201416,14.125
1613060372167,2021-02-11T16:20:52.292Z,6.221,2.2282607555389404,-4.89266300201416,13.25
1613060372207,2021-02-11T16:20:52.303Z,6.261,1.47826087474823,-3.76766300201416,12
1613060372247,2021-02-11T16:20:52.305Z,6.301,2.6032607555389404,-3.39266300201416,13.625
1613060372286,2021-02-11T16:20:52.307Z,6.34,1.10326087474823,-19.767663955688477,14.875
1613060372326,2021-02-11T16:20:52.319Z,6.38,1.10326087474823,-3.76766300201416,12.5
1613060372365,2021-02-11T16:20:52.320Z,6.419,1.85326087474823,-3.08016300201416,13.25
1613060372405,2021-02-11T16:20:52.323Z,6.459,2.6032607555389404,-4.89266300201416,12.5
1613060372444,2021-02-11T16:20:52.334Z,6.498,1.85326087474823,-6.01766300201416,13.25
1613060372484,2021-02-11T16:20:52.336Z,6.538,1.85326087474823,-4.51766300201416,14.0625
1613060372523,2021-02-11T16:20:52.347Z,6.577,1.47826087474823,-6.39266300201416,11.5625
1613060372563,2021-02-11T16:20:52.349Z,6.617,2.6032607555389404,-4.89266300201416,13.6875
1613060372602,2021-02-11T16:20:52.351Z,6.656,1.85326087474823,-4.89266300201416,14.0625
1613060372642,2021-02-11T16:20:52.363Z,6.696,1.85326087474823,-4.51766300201416,12.4375
1613060372682,2021-02-11T16:20:52.365Z,6.736,2.2282607555389404,-3.76766300201416,12.8125
1613060372721,2021-02-11T16:20:52.367Z,6.775,1.85326087474823,-17.955163955688477,14.0625
1613060372761,2021-02-11T16:20:52.378Z,6.815,1.85326087474823,-3.76766300201416,11.625
1613060372800,2021-02-11T16:20:52.381Z,6.854,2.2282607555389404,-4.51766300201416,12.875
1613060372840,2021-02-11T16:20:52.383Z,6.894,1.10326087474823,-4.89266300201416,13.25
1613060372879,2021-02-11T16:20:52.409Z,6.933,1.85326087474823,-4.51766300201416,12.875
1613060372919,2021-02-11T16:20:52.411Z,6.973,1.10326087474823,-6.01766300201416,13.25
1613060372958,2021-02-11T16:20:52.422Z,7.012,1.85326087474823,-3.76766300201416,13.6875
1613060372998,2021-02-11T16:20:52.424Z,7.052,1.47826087474823,-4.89266300201416,12.4375
1613060373038,2021-02-11T16:20:52.426Z,7.092,1.85326087474823,-6.76766300201416,13.6875
1613060373077,2021-02-11T16:20:52.437Z,7.131,1.10326087474823,-4.51766300201416,14.125
1613060373117,2021-02-11T16:20:52.440Z,7.171,1.47826087474823,-4.51766300201416,14.5
1613060373156,2021-02-11T16:20:52.442Z,7.21,1.85326087474823,-7.14266300201416,14.0625
1613060373197,2021-02-11T16:20:52.453Z,7.251,1.10326087474823,-5.26766300201416,12.4375
1613060373237,2021-02-11T16:20:52.485Z,7.291,1.47826087474823,-3.39266300201416,13.25
1613060373276,2021-02-11T16:20:52.486Z,7.33,1.85326087474823,-5.26766300201416,12.4375
1613060373316,2021-02-11T16:20:52.488Z,7.37,1.47826087474823,-5.64266300201416,13.25
1613060373354,2021-02-11T16:20:52.499Z,7.408,1.47826087474823,-4.89266300201416,12.8125
1613060373393,2021-02-11T16:20:52.501Z,7.447,1.10326087474823,-4.89266300201416,12.8125
1613060373434,2021-02-11T16:20:52.504Z,7.488,1.85326087474823,-3.39266300201416,14.0625
1613060373473,2021-02-11T16:20:52.514Z,7.527,1.85326087474823,-3.76766300201416,14.0625
1613060373512,2021-02-11T16:20:52.516Z,7.566,1.47826087474823,-3.01766300201416,13.25
1613060373552,2021-02-11T16:20:52.528Z,7.606,1.85326087474823,-4.89266300201416,12.875
1613060373591,2021-02-11T16:20:52.529Z,7.645,1.85326087474823,-4.89266300201416,14.875
1613060373631,2021-02-11T16:20:52.532Z,7.685,2.2282607555389404,-7.89266300201416,12.8125
1613060373670,2021-02-11T16:20:52.558Z,7.724,2.2282607555389404,-5.64266300201416,13.25
1613060373711,2021-02-11T16:20:52.560Z,7.765,0.72826087474823,-9.76766300201416,12.875
1613060373751,2021-02-11T16:20:52.562Z,7.805,1.85326087474823,-7.89266300201416,13.25
1613060373790,2021-02-11T16:20:52.574Z,7.844,2.6032607555389404,-6.39266300201416,12.4375
1613060373830,2021-02-11T16:20:52.575Z,7.884,1.85326087474823,-6.39266300201416,12.875
1613060373870,2021-02-11T16:20:52.578Z,7.924,1.47826087474823,-4.89266300201416,12.4375
1613060373909,2021-02-11T16:20:52.589Z,7.963,1.85326087474823,-6.01766300201416,14.0625
1613060373949,2021-02-11T16:20:52.591Z,8.003,1.85326087474823,-4.89266300201416,12.4375
1613060373988,2021-02-11T16:20:52.602Z,8.042,0.72826087474823,-4.51766300201416,12.8125
1613060374028,2021-02-11T16:20:52.604Z,8.082,1.10326087474823,-3.76766300201416,13.25
1613060374067,2021-02-11T16:20:52.607Z,8.121,1.10326087474823,-7.51766300201416,12.4375
1613060374107,2021-02-11T16:20:52.619Z,8.161,0.72826087474823,-5.64266300201416,13.25
1613060374146,2021-02-11T16:20:52.621Z,8.2,1.85326087474823,-25.767663955688477,12.875
1613060374186,2021-02-11T16:20:52.623Z,8.24,1.47826087474823,-11.20516300201416,12.4375
1613060374226,2021-02-11T16:20:52.634Z,8.28,1.47826087474823,-12.70516300201416,13.25
1613060374265,2021-02-11T16:20:52.636Z,8.319,1.47826087474823,-12.70516300201416,12
1613060374305,2021-02-11T16:20:52.648Z,8.359,1.47826087474823,-14.58016300201416,13.625
1613060374344,2021-02-11T16:20:52.649Z,8.398,1.47826087474823,-9.76766300201416,13.625
1613060374384,2021-02-11T16:20:52.651Z,8.438,1.10326087474823,-12.33016300201416,13.6875
1613060374423,2021-02-11T16:20:52.663Z,8.477,1.85326087474823,-8.64266300201416,13.6875
1613060374463,2021-02-11T16:20:52.665Z,8.517,1.10326087474823,-7.89266300201416,12.4375
1613060374502,2021-02-11T16:20:52.667Z,8.556,2.2282607555389404,-9.01766300201416,12.4375
1613060374542,2021-02-11T16:20:52.678Z,8.596,1.85326087474823,-5.64266300201416,12.875
1613060374581,2021-02-11T16:20:52.680Z,8.635,2.6032607555389404,-12.70516300201416,12.875
1613060374621,2021-02-11T16:20:52.683Z,8.675,1.10326087474823,-6.01766300201416,12
1613060374661,2021-02-11T16:20:52.709Z,8.715,1.85326087474823,-3.76766300201416,12
1613060374700,2021-02-11T16:20:52.711Z,8.754,1.85326087474823,-5.26766300201416,11.1875
1613060374740,2021-02-11T16:20:52.722Z,8.794,1.47826087474823,-4.51766300201416,11.5625
1613060374779,2021-02-11T16:20:52.724Z,8.833,1.47826087474823,-4.14266300201416,13.25
1613060374819,2021-02-11T16:20:52.726Z,8.873,2.2282607555389404,-8.26766300201416,12
1613060374858,2021-02-11T16:20:52.737Z,8.912,1.85326087474823,-4.89266300201416,12.875
1613060374898,2021-02-11T16:20:52.740Z,8.952,1.10326087474823,-5.26766300201416,12.8125
1613060374937,2021-02-11T16:20:52.742Z,8.991,1.85326087474823,-3.76766300201416,11.625
1613060374977,2021-02-11T16:20:52.753Z,9.031,1.85326087474823,-4.89266300201416,12.4375
1613060375017,2021-02-11T16:20:52.755Z,9.071,0.72826087474823,-4.89266300201416,13.25
1613060375056,2021-02-11T16:20:52.758Z,9.11,2.2282607555389404,-4.89266300201416,11.25
1613060375096,2021-02-11T16:20:52.769Z,9.15,2.2282607555389404,-5.64266300201416,12.875
1613060375135,2021-02-11T16:20:52.771Z,9.189,2.2282607555389404,-13.08016300201416,13.25
1613060375175,2021-02-11T16:20:52.773Z,9.229,1.10326087474823,-4.51766300201416,12
1613060375214,2021-02-11T16:20:52.785Z,9.268,1.47826087474823,-5.26766300201416,14.0625
1613060375254,2021-02-11T16:20:52.786Z,9.308,0.72826087474823,-7.14266300201416,12.4375
1613060375293,2021-02-11T16:20:52.797Z,9.347,1.10326087474823,-4.14266300201416,12.875
1613060375333,2021-02-11T16:20:52.799Z,9.387,1.85326087474823,-4.89266300201416,13.6875
1613060375372,2021-02-11T16:20:52.802Z,9.426,0.35326087474823,-4.51766300201416,12.4375
1613060375412,2021-02-11T16:20:52.813Z,9.466,1.85326087474823,-2.70516300201416,13.6875
1613060375452,2021-02-11T16:20:52.815Z,9.506,1.10326087474823,-6.76766300201416,12.875
1613060375493,2021-02-11T16:20:52.817Z,9.547,1.10326087474823,-3.08016300201416,12
1613060375532,2021-02-11T16:20:52.828Z,9.586,1.85326087474823,-4.14266300201416,13.6875
1613060375572,2021-02-11T16:20:52.830Z,9.626,2.2282607555389404,-22.392663955688477,13.6875
1613060375611,2021-02-11T16:20:52.833Z,9.665,2.2282607555389404,-6.01766300201416,11.625
1613060375651,2021-02-11T16:20:52.844Z,9.705,0.72826087474823,-4.51766300201416,12.4375
1613060375690,2021-02-11T16:20:52.846Z,9.744,1.10326087474823,-6.01766300201416,12.875
1613060375730,2021-02-11T16:20:52.857Z,9.784,0.72826087474823,-3.39266300201416,11.6875
1613060375769,2021-02-11T16:20:52.859Z,9.823,1.10326087474823,-3.76766300201416,12.0625
1613060375809,2021-02-11T16:20:52.863Z,9.863,1.47826087474823,-4.14266300201416,11.1875
1613060375849,2021-02-11T16:20:52.873Z,9.903,1.47826087474823,-5.26766300201416,12.5
1613060375888,2021-02-11T16:20:52.875Z,9.942,1.47826087474823,-4.51766300201416,12
1613060375928,2021-02-11T16:20:52.877Z,9.982,1.85326087474823,-4.14266300201416,12.0625
1613060375967,2021-02-11T16:20:52.889Z,10.021,2.2282607555389404,-3.76766300201416,11.625
1613060376007,2021-02-11T16:20:52.891Z,10.061,1.85326087474823,-17.205163955688477,13.25
1613060376046,2021-02-11T16:20:52.893Z,10.1,2.2282607555389404,-6.01766300201416,12
1613060376086,2021-02-11T16:20:52.904Z,10.14,1.85326087474823,-4.14266300201416,12.4375
1613060376125,2021-02-11T16:20:52.906Z,10.179,1.47826087474823,-4.51766300201416,12
1613060376165,2021-02-11T16:20:52.917Z,10.219,1.10326087474823,-4.14266300201416,12
1613060376205,2021-02-11T16:20:52.919Z,10.259,1.85326087474823,-3.01766300201416,14.5
1613060376244,2021-02-11T16:20:52.921Z,10.298,0.72826087474823,-5.64266300201416,11.625
1613060376284,2021-02-11T16:20:52.933Z,10.338,1.85326087474823,-2.70516300201416,12.9375
1613060376323,2021-02-11T16:20:52.935Z,10.377,1.85326087474823,-5.26766300201416,14.125
1613060376363,2021-02-11T16:20:52.964Z,10.417,1.47826087474823,-4.89266300201416,11.625
1613060376402,2021-02-11T16:20:52.966Z,10.456,1.47826087474823,-2.70516300201416,13.6875
1613060376442,2021-02-11T16:20:52.977Z,10.496,1.47826087474823,-3.39266300201416,12.875
1613060376481,2021-02-11T16:20:52.979Z,10.535,2.2282607555389404,-5.64266300201416,12
1613060376521,2021-02-11T16:20:52.982Z,10.575,0.72826087474823,-6.76766300201416,12.875
1613060376560,2021-02-11T16:20:52.993Z,10.614,1.10326087474823,-8.64266300201416,13.3125
1613060376600,2021-02-11T16:20:52.995Z,10.654,1.85326087474823,-6.01766300201416,11.625
1613060376640,2021-02-11T16:20:52.997Z,10.694,0.72826087474823,-5.64266300201416,12.5
1613060376679,2021-02-11T16:20:53.008Z,10.733,1.10326087474823,-4.89266300201416,11.625
1613060376719,2021-02-11T16:20:53.010Z,10.773,1.47826087474823,-4.89266300201416,13.25
1613060376758,2021-02-11T16:20:53.013Z,10.812,1.85326087474823,-4.89266300201416,12
1613060376798,2021-02-11T16:20:53.024Z,10.852,2.6032607555389404,-4.14266300201416,12.0625
1613060376837,2021-02-11T16:20:53.026Z,10.891,1.10326087474823,-3.76766300201416,15.3125
1613060376877,2021-02-11T16:20:53.038Z,10.931,1.10326087474823,-3.76766300201416,14.875
1613060376916,2021-02-11T16:20:53.039Z,10.97,1.10326087474823,-3.01766300201416,12.875
1613060376956,2021-02-11T16:20:53.041Z,11.01,1.47826087474823,-4.51766300201416,14.9375
1613060376996,2021-02-11T16:20:53.053Z,11.05,1.10326087474823,-13.45516300201416,13.3125
1613060377035,2021-02-11T16:20:53.055Z,11.089,1.47826087474823,-4.14266300201416,12.875
1613060377075,2021-02-11T16:20:53.057Z,11.129,1.47826087474823,-4.14266300201416,13.6875
1613060377114,2021-02-11T16:20:53.068Z,11.168,1.85326087474823,-6.01766300201416,10.8125
1613060377154,2021-02-11T16:20:53.071Z,11.208,1.10326087474823,-5.26766300201416,12.0625
1613060377193,2021-02-11T16:20:53.073Z,11.247,1.10326087474823,-4.89266300201416,13.25
1613060377233,2021-02-11T16:20:53.083Z,11.287,1.10326087474823,-4.89266300201416,11.25
1613060377272,2021-02-11T16:20:53.086Z,11.326,0.35326087474823,-5.26766300201416,12.4375
1613060377312,2021-02-11T16:20:53.112Z,11.366,1.85326087474823,-6.76766300201416,13.75
1613060377351,2021-02-11T16:20:53.114Z,11.405,0.72826087474823,-6.01766300201416,10.875
1613060377392,2021-02-11T16:20:53.116Z,11.446,-0.021739130839705467,-3.76766300201416,14.5
1613060377432,2021-02-11T16:20:53.127Z,11.486,1.85326087474823,-23.142663955688477,12.4375
1613060377472,2021-02-11T16:20:53.130Z,11.526,1.47826087474823,-6.01766300201416,11.25
1613060377511,2021-02-11T16:20:53.133Z,11.565,1.10326087474823,-4.51766300201416,13.25
1613060377551,2021-02-11T16:20:53.143Z,11.605,0.72826087474823,-4.89266300201416,12
1613060377589,2021-02-11T16:20:53.145Z,11.643,0.72826087474823,-3.76766300201416,11.625
1613060377630,2021-02-11T16:20:53.148Z,11.684,1.10326087474823,-4.89266300201416,11.625
1613060377669,2021-02-11T16:20:53.159Z,11.723,0.35326087474823,-5.26766300201416,11.625
1613060377709,2021-02-11T16:20:53.161Z,11.763,-0.021739130839705467,-6.39266300201416,12.4375
1613060377748,2021-02-11T16:20:53.172Z,11.802,-0.021739130839705467,-6.76766300201416,12.4375
1613060377788,2021-02-11T16:20:53.174Z,11.842,-0.39673912525177,-4.89266300201416,11.1875
1613060377828,2021-02-11T16:20:53.176Z,11.882,0.35326087474823,-7.51766300201416,12
1613060377867,2021-02-11T16:20:53.187Z,11.921,0.72826087474823,-11.95516300201416,11.625
1613060377907,2021-02-11T16:20:53.190Z,11.961,-0.39673912525177,-5.64266300201416,11.1875
1613060377946,2021-02-11T16:20:53.192Z,12,0.72826087474823,-3.08016300201416,14.0625
1613060377986,2021-02-11T16:20:53.203Z,12.04,-0.021739130839705467,-7.89266300201416,12
1613060378025,2021-02-11T16:20:53.205Z,12.079,-0.021739130839705467,-5.26766300201416,12
1613060378065,2021-02-11T16:20:53.217Z,12.119,-0.021739130839705467,-4.14266300201416,13.6875
1613060378104,2021-02-11T16:20:53.219Z,12.158,-0.77173912525177,-4.89266300201416,10.8125
1613060378144,2021-02-11T16:20:53.221Z,12.198,-0.77173912525177,-4.89266300201416,12.875
1613060378184,2021-02-11T16:20:53.233Z,12.238,-0.77173912525177,-5.26766300201416,13.6875
1613060378223,2021-02-11T16:20:53.235Z,12.277,-0.021739130839705467,-4.89266300201416,11.25
1613060378263,2021-02-11T16:20:53.237Z,12.317,-0.021739130839705467,-7.51766300201416,12.5
1613060378302,2021-02-11T16:20:53.263Z,12.356,0.35326087474823,-12.33016300201416,12.5
1613060378342,2021-02-11T16:20:53.265Z,12.396,0.35326087474823,-15.33016300201416,12.0625
1613060378381,2021-02-11T16:20:53.268Z,12.435,-1.52173912525177,-12.70516300201416,10.8125
1613060378421,2021-02-11T16:20:53.279Z,12.475,0.72826087474823,-18.330163955688477,11.6875
1613060378460,2021-02-11T16:20:53.281Z,12.514,-1.52173912525177,-10.83016300201416,8.8125
1613060378500,2021-02-11T16:20:53.283Z,12.554,-0.39673912525177,-15.33016300201416,12
1613060378539,2021-02-11T16:20:53.294Z,12.593,-1.52173912525177,-11.20516300201416,9.1875
1613060378579,2021-02-11T16:20:53.296Z,12.633,-1.52173912525177,-12.33016300201416,11.25
1613060378619,2021-02-11T16:20:53.308Z,12.673,-0.39673912525177,-9.76766300201416,10.375
1613060378658,2021-02-11T16:20:53.309Z,12.712,-0.39673912525177,-4.14266300201416,8.75
1613060378698,2021-02-11T16:20:53.312Z,12.752,-0.77173912525177,-5.64266300201416,9.5625
1613060378737,2021-02-11T16:20:53.323Z,12.791,-1.52173912525177,-5.64266300201416,9.5625
1613060378777,2021-02-11T16:20:53.325Z,12.831,-0.77173912525177,-5.26766300201416,7.5
1613060378816,2021-02-11T16:20:53.327Z,12.87,-0.77173912525177,-3.76766300201416,8.375
1613060378856,2021-02-11T16:20:53.339Z,12.91,-0.77173912525177,-17.580163955688477,10
1613060378895,2021-02-11T16:20:53.341Z,12.949,-1.52173912525177,-4.51766300201416,6.6875
1613060378935,2021-02-11T16:20:53.343Z,12.989,-0.77173912525177,-4.89266300201416,9.5625
1613060378975,2021-02-11T16:20:53.354Z,13.029,-1.14673912525177,-4.51766300201416,8.375
1613060379014,2021-02-11T16:20:53.356Z,13.068,-1.52173912525177,-6.01766300201416,8.8125
1613060379054,2021-02-11T16:20:53.368Z,13.108,-0.77173912525177,-4.14266300201416,8.8125
1613060379093,2021-02-11T16:20:53.369Z,13.147,-1.14673912525177,-4.14266300201416,8
1613060379133,2021-02-11T16:20:53.371Z,13.187,-1.52173912525177,-6.01766300201416,10
1613060379172,2021-02-11T16:20:53.383Z,13.226,-1.52173912525177,-5.64266300201416,10.8125
1613060379212,2021-02-11T16:20:53.385Z,13.266,-0.39673912525177,-4.89266300201416,10
1613060379251,2021-02-11T16:20:53.387Z,13.305,0.72826087474823,-4.51766300201416,10.8125
1613060379291,2021-02-11T16:20:53.398Z,13.345,0.35326087474823,-13.45516300201416,11.1875
1613060379330,2021-02-11T16:20:53.401Z,13.384,2.2282607555389404,-4.51766300201416,7.5625
1613060379370,2021-02-11T16:20:53.403Z,13.424,1.85326087474823,-5.64266300201416,9.1875
1613060379410,2021-02-11T16:20:53.414Z,13.464,2.2282607555389404,-6.76766300201416,7.9375
1613060379449,2021-02-11T16:20:53.443Z,13.503,1.85326087474823,-8.64266300201416,7.5625
1613060379489,2021-02-11T16:20:53.445Z,13.543,0.72826087474823,-6.39266300201416,8.8125
1613060379528,2021-02-11T16:20:53.447Z,13.582,0.72826087474823,-6.76766300201416,9.125
1613060379568,2021-02-11T16:20:53.459Z,13.622,0.35326087474823,-6.01766300201416,9.9375
1613060379607,2021-02-11T16:20:53.461Z,13.661,0.72826087474823,-6.39266300201416,8.75
1613060379647,2021-02-11T16:20:53.463Z,13.701,0.35326087474823,-4.89266300201416,8.75
1613060379686,2021-02-11T16:20:53.474Z,13.74,-0.39673912525177,-10.14266300201416,8.75
1613060379726,2021-02-11T16:20:53.476Z,13.78,-0.021739130839705467,-7.14266300201416,8.75
1613060379766,2021-02-11T16:20:53.488Z,13.82,0.35326087474823,-7.51766300201416,6.6875
1613060379805,2021-02-11T16:20:53.489Z,13.859,-0.39673912525177,-6.01766300201416,8.375
1613060379845,2021-02-11T16:20:53.494Z,13.899,-0.39673912525177,-4.51766300201416,6.3125
1613060379884,2021-02-11T16:20:53.518Z,13.938,-0.021739130839705467,-4.14266300201416,6.6875
1613060379925,2021-02-11T16:20:53.520Z,13.979,-1.52173912525177,-7.14266300201416,7.125
1613060379965,2021-02-11T16:20:53.522Z,14.019,-1.14673912525177,-8.26766300201416,7.0625
1613060380004,2021-02-11T16:20:53.534Z,14.058,-1.52173912525177,-5.64266300201416,7.5
1613060380044,2021-02-11T16:20:53.536Z,14.098,-0.021739130839705467,-4.89266300201416,7.125
1613060380083,2021-02-11T16:20:53.538Z,14.137,-0.39673912525177,-11.95516300201416,5.125
1613060380123,2021-02-11T16:20:53.549Z,14.177,-0.77173912525177,-8.26766300201416,7.125
1613060380163,2021-02-11T16:20:53.551Z,14.217,-0.77173912525177,-5.26766300201416,7.125
1613060380202,2021-02-11T16:20:53.562Z,14.256,-1.14673912525177,-4.14266300201416,5.875
1613060380242,2021-02-11T16:20:53.564Z,14.296,-0.77173912525177,-5.26766300201416,7.125
1613060380281,2021-02-11T16:20:53.566Z,14.335,-1.14673912525177,-10.89266300201416,6.6875
1613060380321,2021-02-11T16:20:53.578Z,14.375,-0.77173912525177,-5.64266300201416,7.125
1613060380360,2021-02-11T16:20:53.580Z,14.414,-0.021739130839705467,-7.14266300201416,7.5
1613060380400,2021-02-11T16:20:53.582Z,14.454,-1.52173912525177,-7.51766300201416,7.125
1613060380439,2021-02-11T16:20:53.593Z,14.493,-1.52173912525177,-6.76766300201416,7.5625
1613060380479,2021-02-11T16:20:53.596Z,14.533,-0.39673912525177,-7.89266300201416,6.6875
1613060380518,2021-02-11T16:20:53.598Z,14.572,-0.39673912525177,-7.14266300201416,5.0625
1613060380558,2021-02-11T16:20:53.609Z,14.612,-1.83423912525177,-5.64266300201416,7.125
1613060380598,2021-02-11T16:20:53.610Z,14.652,-0.77173912525177,-5.26766300201416,8.375
1613060380637,2021-02-11T16:20:53.622Z,14.691,-0.77173912525177,-8.26766300201416,5.875
1613060380677,2021-02-11T16:20:53.624Z,14.731,-0.77173912525177,-6.39266300201416,6.6875
1613060380716,2021-02-11T16:20:53.626Z,14.77,-0.39673912525177,-19.392663955688477,7.5
1613060380756,2021-02-11T16:20:53.637Z,14.81,-1.14673912525177,-4.89266300201416,7.125
1613060380795,2021-02-11T16:20:53.640Z,14.849,-0.77173912525177,-5.64266300201416,7.5
1613060380835,2021-02-11T16:20:53.642Z,14.889,-0.39673912525177,-7.14266300201416,7.125
1613060380874,2021-02-11T16:20:53.668Z,14.928,-1.14673912525177,-5.64266300201416,5.875
1613060380914,2021-02-11T16:20:53.670Z,14.968,-1.14673912525177,-6.39266300201416,7.9375
1613060380954,2021-02-11T16:20:53.673Z,15.008,-1.52173912525177,-6.76766300201416,6.3125
1613060380993,2021-02-11T16:20:53.684Z,15.047,-0.77173912525177,-5.26766300201416,7.5
1613060381033,2021-02-11T16:20:53.686Z,15.087,-1.14673912525177,-4.89266300201416,7.125
1613060381072,2021-02-11T16:20:53.688Z,15.126,-1.14673912525177,-5.26766300201416,6.6875
1613060381112,2021-02-11T16:20:53.699Z,15.166,-0.39673912525177,-5.64266300201416,7.125
1613060381151,2021-02-11T16:20:53.701Z,15.205,-0.77173912525177,-17.205163955688477,7.9375
1613060381191,2021-02-11T16:20:53.712Z,15.245,-1.14673912525177,-5.64266300201416,6.6875
1613060381230,2021-02-11T16:20:53.714Z,15.284,-1.89673912525177,-7.51766300201416,7.5
1613060381270,2021-02-11T16:20:53.717Z,15.324,-1.14673912525177,-6.39266300201416,6.6875
1613060381309,2021-02-11T16:20:53.728Z,15.363,-1.14673912525177,-5.64266300201416,6.6875
1613060381349,2021-02-11T16:20:53.730Z,15.403,-1.14673912525177,-6.01766300201416,7.5
1613060381389,2021-02-11T16:20:53.732Z,15.443,-1.89673912525177,-4.14266300201416,6.3125
1613060381430,2021-02-11T16:20:53.744Z,15.484,-1.14673912525177,-4.89266300201416,7.5
1613060381468,2021-02-11T16:20:53.746Z,15.522,-1.14673912525177,-6.76766300201416,6.6875
1613060381509,2021-02-11T16:20:53.748Z,15.563,-1.52173912525177,-4.89266300201416,6.6875
1613060381548,2021-02-11T16:20:53.759Z,15.602,-0.77173912525177,-4.14266300201416,8
1613060381588,2021-02-11T16:20:53.762Z,15.642,-0.77173912525177,-4.89266300201416,9.5625
1613060381627,2021-02-11T16:20:53.773Z,15.681,-0.39673912525177,-7.51766300201416,9.1875
1613060381665,2021-02-11T16:20:53.774Z,15.719,-1.14673912525177,-6.76766300201416,9.1875
1613060381705,2021-02-11T16:20:53.775Z,15.759,-1.89673912525177,-6.76766300201416,9.1875
1613060381745,2021-02-11T16:20:53.787Z,15.799,-1.52173912525177,-4.14266300201416,7.5
1613060381784,2021-02-11T16:20:53.790Z,15.838,-1.14673912525177,-4.89266300201416,9.5625
1613060381824,2021-02-11T16:20:53.791Z,15.878,-0.77173912525177,-5.64266300201416,7.9375
1613060381865,2021-02-11T16:20:53.818Z,15.919,-0.39673912525177,-5.26766300201416,8.4375
1613060381903,2021-02-11T16:20:53.820Z,15.957,-0.39673912525177,-6.01766300201416,8.375
1613060381942,2021-02-11T16:20:53.822Z,15.996,-1.14673912525177,-5.26766300201416,6.6875
1613060381982,2021-02-11T16:20:53.833Z,16.036,-0.39673912525177,-4.89266300201416,7.5
1613060382023,2021-02-11T16:20:53.836Z,16.077,-0.39673912525177,-6.01766300201416,9.5625
1613060382062,2021-02-11T16:20:53.838Z,16.116,-0.021739130839705467,-6.01766300201416,9.5625
1613060382102,2021-02-11T16:20:53.849Z,16.156,0.35326087474823,-7.51766300201416,9.5625
1613060382142,2021-02-11T16:20:53.851Z,16.196,-0.77173912525177,-15.33016300201416,11.1875
1613060382181,2021-02-11T16:20:53.863Z,16.235,-0.021739130839705467,-6.01766300201416,10.4375
1613060382221,2021-02-11T16:20:53.865Z,16.275,-0.39673912525177,-5.64266300201416,12.5
1613060382260,2021-02-11T16:20:53.867Z,16.314,0.72826087474823,-3.76766300201416,9.5625
1613060382300,2021-02-11T16:20:53.878Z,16.354,0.35326087474823,-6.01766300201416,10.8125
1613060382339,2021-02-11T16:20:53.881Z,16.393,0.72826087474823,-4.14266300201416,12
1613060382379,2021-02-11T16:20:53.883Z,16.433,0.72826087474823,-4.14266300201416,10.4375
1613060382418,2021-02-11T16:20:53.894Z,16.472,-0.021739130839705467,-4.89266300201416,12.4375
1613060382458,2021-02-11T16:20:53.896Z,16.512,0.35326087474823,-7.51766300201416,12.4375
1613060382497,2021-02-11T16:20:53.908Z,16.551,1.10326087474823,-6.01766300201416,10.375
1613060382537,2021-02-11T16:20:53.909Z,16.591,-0.021739130839705467,-8.26766300201416,13.25
1613060382577,2021-02-11T16:20:53.938Z,16.631,-0.39673912525177,-25.767663955688477,11.1875
1613060382616,2021-02-11T16:20:53.940Z,16.67,1.85326087474823,-11.95516300201416,11.1875
1613060382656,2021-02-11T16:20:53.943Z,16.71,0.35326087474823,-10.14266300201416,12.4375
1613060382695,2021-02-11T16:20:53.954Z,16.749,1.10326087474823,-8.64266300201416,11.625
1613060382735,2021-02-11T16:20:53.956Z,16.789,-0.021739130839705467,-8.64266300201416,11.625
1613060382774,2021-02-11T16:20:53.968Z,16.828,0.72826087474823,-7.51766300201416,11.625
1613060382814,2021-02-11T16:20:53.969Z,16.868,0.72826087474823,-8.26766300201416,10.375
1613060382853,2021-02-11T16:20:53.971Z,16.907,0.72826087474823,-4.14266300201416,11.625
1613060382893,2021-02-11T16:20:53.983Z,16.947,1.47826087474823,-4.89266300201416,12.875
1613060382933,2021-02-11T16:20:53.985Z,16.987,1.47826087474823,-5.26766300201416,9.5625
1613060382972,2021-02-11T16:20:53.988Z,17.026,-0.021739130839705467,-3.39266300201416,11.625
1613060383012,2021-02-11T16:20:53.998Z,17.066,0.35326087474823,-10.51766300201416,12.5
1613060383051,2021-02-11T16:20:54.001Z,17.105,-0.021739130839705467,-5.26766300201416,12.5
1613060383091,2021-02-11T16:20:54.003Z,17.145,0.35326087474823,-3.76766300201416,11.625
1613060383130,2021-02-11T16:20:54.013Z,17.184,0.72826087474823,-4.89266300201416,11.625
1613060383170,2021-02-11T16:20:54.016Z,17.224,0.72826087474823,-6.01766300201416,10.4375
1613060383209,2021-02-11T16:20:54.028Z,17.263,0.72826087474823,-5.26766300201416,11.625
1613060383249,2021-02-11T16:20:54.029Z,17.303,-0.39673912525177,-5.64266300201416,10.8125
1613060383288,2021-02-11T16:20:54.031Z,17.342,0.72826087474823,-3.76766300201416,11.625
1613060383328,2021-02-11T16:20:54.042Z,17.382,0.72826087474823,-6.01766300201416,12.4375
1613060383368,2021-02-11T16:20:54.045Z,17.422,-0.39673912525177,-4.51766300201416,10.8125
1613060383407,2021-02-11T16:20:54.047Z,17.461,-0.39673912525177,-4.51766300201416,10.8125
1613060383447,2021-02-11T16:20:54.073Z,17.501,1.47826087474823,-5.64266300201416,10
1613060383486,2021-02-11T16:20:54.075Z,17.54,-0.021739130839705467,-5.26766300201416,9.625
1613060383526,2021-02-11T16:20:54.078Z,17.58,-0.77173912525177,-4.89266300201416,11.625
1613060383565,2021-02-11T16:20:54.089Z,17.619,-0.021739130839705467,-8.26766300201416,10.8125
1613060383605,2021-02-11T16:20:54.091Z,17.659,-0.77173912525177,-4.51766300201416,10
1613060383644,2021-02-11T16:20:54.093Z,17.698,-0.77173912525177,-3.76766300201416,11.25
1613060383684,2021-02-11T16:20:54.104Z,17.738,-0.39673912525177,-6.39266300201416,8.75
1613060383724,2021-02-11T16:20:54.106Z,17.778,0.72826087474823,-6.01766300201416,10.8125
1613060383763,2021-02-11T16:20:54.117Z,17.817,0.35326087474823,-5.26766300201416,11.25
1613060383803,2021-02-11T16:20:54.119Z,17.857,-0.39673912525177,-3.39266300201416,10.375
1613060383842,2021-02-11T16:20:54.122Z,17.896,-0.77173912525177,-5.26766300201416,11.625
1613060383882,2021-02-11T16:20:54.133Z,17.936,0.35326087474823,-4.89266300201416,10.375
1613060383921,2021-02-11T16:20:54.135Z,17.975,-0.021739130839705467,-6.01766300201416,10.8125
1613060383961,2021-02-11T16:20:54.138Z,18.015,-0.39673912525177,-4.51766300201416,10.875
1613060384000,2021-02-11T16:20:54.149Z,18.054,0.35326087474823,-22.392663955688477,10.4375
1613060384040,2021-02-11T16:20:54.151Z,18.094,-0.77173912525177,-4.89266300201416,10
1613060384080,2021-02-11T16:20:54.153Z,18.134,-0.021739130839705467,-4.51766300201416,10.8125
1613060384119,2021-02-11T16:20:54.164Z,18.173,-0.39673912525177,-4.51766300201416,10.375
1613060384159,2021-02-11T16:20:54.166Z,18.213,-0.021739130839705467,-4.89266300201416,11.1875
1613060384200,2021-02-11T16:20:54.177Z,18.254,-0.39673912525177,-7.89266300201416,10.8125
1613060384238,2021-02-11T16:20:54.179Z,18.292,-0.77173912525177,-3.39266300201416,10
1613060384277,2021-02-11T16:20:54.182Z,18.331,-0.77173912525177,-4.51766300201416,11.625
1613060384318,2021-02-11T16:20:54.193Z,18.372,0.35326087474823,-4.89266300201416,12.5
1613060384358,2021-02-11T16:20:54.195Z,18.412,-0.77173912525177,-4.14266300201416,9.1875
1613060384397,2021-02-11T16:20:54.197Z,18.451,-0.77173912525177,-4.51766300201416,10.375
1613060384437,2021-02-11T16:20:54.224Z,18.491,0.35326087474823,-22.767663955688477,10.8125
1613060384476,2021-02-11T16:20:54.226Z,18.53,-0.77173912525177,-4.51766300201416,9.5625
1613060384516,2021-02-11T16:20:54.228Z,18.57,-0.39673912525177,-3.01766300201416,10.8125
1613060384556,2021-02-11T16:20:54.239Z,18.61,0.35326087474823,-8.26766300201416,9.625
1613060384595,2021-02-11T16:20:54.241Z,18.649,0.35326087474823,-3.39266300201416,10
1613060384635,2021-02-11T16:20:54.252Z,18.689,-0.021739130839705467,-4.51766300201416,10.8125
1613060384674,2021-02-11T16:20:54.254Z,18.728,-0.39673912525177,-6.01766300201416,9.625
1613060384714,2021-02-11T16:20:54.256Z,18.768,-0.39673912525177,-6.76766300201416,12.0625
1613060384753,2021-02-11T16:20:54.268Z,18.807,-0.77173912525177,-5.64266300201416,10.375
1613060384793,2021-02-11T16:20:54.270Z,18.847,-0.021739130839705467,-4.14266300201416,9.1875
1613060384832,2021-02-11T16:20:54.272Z,18.886,-0.39673912525177,-4.14266300201416,10.8125
1613060384872,2021-02-11T16:20:54.283Z,18.926,-0.021739130839705467,-9.76766300201416,12.0625
1613060384912,2021-02-11T16:20:54.286Z,18.966,0.35326087474823,-4.14266300201416,10
1613060384951,2021-02-11T16:20:54.288Z,19.005,-0.021739130839705467,-5.26766300201416,10
1613060384991,2021-02-11T16:20:54.298Z,19.045,-0.021739130839705467,-3.39266300201416,9.625
1613060385030,2021-02-11T16:20:54.301Z,19.084,-0.39673912525177,-3.76766300201416,10
1613060385070,2021-02-11T16:20:54.313Z,19.124,0.35326087474823,-6.39266300201416,12.0625
1613060385109,2021-02-11T16:20:54.314Z,19.163,-0.77173912525177,-6.01766300201416,10
1613060385149,2021-02-11T16:20:54.316Z,19.203,-0.39673912525177,-4.51766300201416,11.25
1613060385188,2021-02-11T16:20:54.327Z,19.242,-0.021739130839705467,-4.14266300201416,12.4375
1613060385228,2021-02-11T16:20:54.330Z,19.282,-0.021739130839705467,-5.26766300201416,10
1613060385267,2021-02-11T16:20:54.332Z,19.321,-0.77173912525177,-4.51766300201416,11.25
1613060385307,2021-02-11T16:20:54.343Z,19.361,0.35326087474823,-4.14266300201416,11.25
1613060385347,2021-02-11T16:20:54.345Z,19.401,0.35326087474823,-3.08016300201416,10
1613060385386,2021-02-11T16:20:54.348Z,19.44,-0.77173912525177,-3.76766300201416,12
1613060385426,2021-02-11T16:20:54.374Z,19.48,0.35326087474823,-10.14266300201416,10.8125
1613060385465,2021-02-11T16:20:54.376Z,19.519,-0.39673912525177,-4.51766300201416,10.375
1613060385505,2021-02-11T16:20:54.378Z,19.559,-0.021739130839705467,-4.14266300201416,11.6875
1613060385544,2021-02-11T16:20:54.389Z,19.598,-0.021739130839705467,-5.26766300201416,10.375
1613060385584,2021-02-11T16:20:54.393Z,19.638,-1.14673912525177,-4.51766300201416,11.25
1613060385623,2021-02-11T16:20:54.402Z,19.677,-0.77173912525177,-6.01766300201416,12
1613060385663,2021-02-11T16:20:54.404Z,19.717,-0.021739130839705467,-3.39266300201416,9.625
1613060385703,2021-02-11T16:20:54.434Z,19.757,-0.021739130839705467,-6.39266300201416,12.0625
1613060385742,2021-02-11T16:20:54.436Z,19.796,0.35326087474823,-5.26766300201416,11.625
1613060385782,2021-02-11T16:20:54.448Z,19.836,0.35326087474823,-4.14266300201416,10.4375
1613060385821,2021-02-11T16:20:54.450Z,19.875,-0.39673912525177,-2.70516300201416,11.1875
1613060385861,2021-02-11T16:20:54.452Z,19.915,-0.77173912525177,-25.017663955688477,12.0625
1613060385900,2021-02-11T16:20:54.464Z,19.954,-0.39673912525177,-4.89266300201416,9.5625
1613060385940,2021-02-11T16:20:54.466Z,19.994,0.35326087474823,-5.26766300201416,11.625
1613060385979,2021-02-11T16:20:54.468Z,20.033,0.35326087474823,-4.51766300201416,9.625
1613060386019,2021-02-11T16:20:54.479Z,20.073,-0.39673912525177,-5.26766300201416,10
1613060386059,2021-02-11T16:20:54.482Z,20.113,-0.021739130839705467,-3.76766300201416,11.1875
1613060386098,2021-02-11T16:20:54.492Z,20.152,-0.39673912525177,-4.51766300201416,9.625
1613060386138,2021-02-11T16:20:54.495Z,20.192,-0.021739130839705467,-5.26766300201416,11.25
1613060386177,2021-02-11T16:20:54.497Z,20.231,-0.77173912525177,-3.76766300201416,11.1875
1613060386217,2021-02-11T16:20:54.509Z,20.271,0.35326087474823,-3.39266300201416,10.0625
1613060386256,2021-02-11T16:20:54.511Z,20.31,-0.021739130839705467,-3.76766300201416,12.0625
1613060386296,2021-02-11T16:20:54.513Z,20.35,-0.021739130839705467,-8.26766300201416,11.25
1613060386335,2021-02-11T16:20:54.523Z,20.389,-0.021739130839705467,-4.51766300201416,10.4375
1613060386375,2021-02-11T16:20:54.526Z,20.429,-0.021739130839705467,-7.14266300201416,11.25
1613060386414,2021-02-11T16:20:54.537Z,20.468,0.35326087474823,-4.89266300201416,10.8125
1613060386455,2021-02-11T16:20:54.539Z,20.509,0.35326087474823,-4.14266300201416,10
1613060386494,2021-02-11T16:20:54.542Z,20.548,-0.021739130839705467,-7.14266300201416,11.6875
1613060386533,2021-02-11T16:20:54.553Z,20.587,0.35326087474823,-10.51766300201416,10.8125
1613060386574,2021-02-11T16:20:54.555Z,20.628,0.72826087474823,-8.64266300201416,10.8125
1613060386614,2021-02-11T16:20:54.557Z,20.668,0.35326087474823,-10.83016300201416,11.1875
1613060386653,2021-02-11T16:20:54.568Z,20.707,0.72826087474823,-11.95516300201416,11.625
1613060386693,2021-02-11T16:20:54.571Z,20.747,-0.77173912525177,-15.70516300201416,10.8125
1613060386732,2021-02-11T16:20:54.573Z,20.786,-0.021739130839705467,-14.95516300201416,11.1875
1613060386772,2021-02-11T16:20:54.584Z,20.826,-0.77173912525177,-12.33016300201416,10
1613060386811,2021-02-11T16:20:54.586Z,20.865,-0.39673912525177,-8.26766300201416,11.625
1613060386851,2021-02-11T16:20:54.597Z,20.905,0.35326087474823,-9.39266300201416,11.1875
1613060386891,2021-02-11T16:20:54.599Z,20.945,-0.39673912525177,-3.39266300201416,10
1613060386930,2021-02-11T16:20:54.601Z,20.984,-0.021739130839705467,-4.14266300201416,11.625
1613060386970,2021-02-11T16:20:54.627Z,21.024,-0.021739130839705467,-4.89266300201416,9.5625
1613060387009,2021-02-11T16:20:54.630Z,21.063,-0.021739130839705467,-4.14266300201416,11.25
1613060387049,2021-02-11T16:20:54.632Z,21.103,1.10326087474823,-5.64266300201416,11.1875
1613060387088,2021-02-11T16:20:54.643Z,21.142,0.72826087474823,-4.51766300201416,10
1613060387128,2021-02-11T16:20:54.645Z,21.182,-0.39673912525177,-4.14266300201416,11.625
1613060387167,2021-02-11T16:20:54.648Z,21.221,0.35326087474823,-6.76766300201416,10
1613060387207,2021-02-11T16:20:54.659Z,21.261,0.72826087474823,-5.26766300201416,8.375
1613060387247,2021-02-11T16:20:54.661Z,21.301,0.72826087474823,-5.26766300201416,10.8125
1613060387286,2021-02-11T16:20:54.663Z,21.34,-0.77173912525177,-17.955163955688477,11.25
1613060387326,2021-02-11T16:20:54.674Z,21.38,-0.39673912525177,-4.14266300201416,10
1613060387365,2021-02-11T16:20:54.676Z,21.419,-0.021739130839705467,-5.64266300201416,10.8125
1613060387405,2021-02-11T16:20:54.687Z,21.459,-0.021739130839705467,-3.76766300201416,10.8125
1613060387444,2021-02-11T16:20:54.689Z,21.498,0.72826087474823,-4.51766300201416,10.8125
1613060387484,2021-02-11T16:20:54.692Z,21.538,0.72826087474823,-3.01766300201416,11.625
1613060387523,2021-02-11T16:20:54.703Z,21.577,-0.021739130839705467,-3.01766300201416,10
1613060387563,2021-02-11T16:20:54.705Z,21.617,0.72826087474823,-6.39266300201416,10.375
1613060387602,2021-02-11T16:20:54.707Z,21.656,0.72826087474823,-4.14266300201416,10.8125
1613060387642,2021-02-11T16:20:54.719Z,21.696,-0.39673912525177,-3.76766300201416,9.5625
1613060387682,2021-02-11T16:20:54.721Z,21.736,-0.021739130839705467,-5.26766300201416,11.1875
1613060387721,2021-02-11T16:20:54.723Z,21.775,-0.021739130839705467,-14.95516300201416,11.625
1613060387761,2021-02-11T16:20:54.734Z,21.815,-0.021739130839705467,-5.26766300201416,11.25
1613060387800,2021-02-11T16:20:54.737Z,21.854,0.72826087474823,-6.01766300201416,10.8125
1613060387840,2021-02-11T16:20:54.747Z,21.894,-0.021739130839705467,-4.89266300201416,10.8125
1613060387879,2021-02-11T16:20:54.749Z,21.933,-0.39673912525177,-3.76766300201416,10
1613060387919,2021-02-11T16:20:54.751Z,21.973,0.35326087474823,-3.39266300201416,11.625
1613060387958,2021-02-11T16:20:54.778Z,22.012,0.72826087474823,-4.89266300201416,11.25
1613060387998,2021-02-11T16:20:54.780Z,22.052,-0.39673912525177,-3.76766300201416,10.875
1613060388038,2021-02-11T16:20:54.782Z,22.092,-0.39673912525177,-4.14266300201416,11.25
1613060388077,2021-02-11T16:20:54.794Z,22.131,-0.39673912525177,-4.51766300201416,9.1875
1613060388117,2021-02-11T16:20:54.796Z,22.171,0.35326087474823,-5.64266300201416,10
1613060388156,2021-02-11T16:20:54.798Z,22.21,-0.39673912525177,-6.39266300201416,10.0625
1613060388196,2021-02-11T16:20:54.809Z,22.25,-0.39673912525177,-6.01766300201416,10
1613060388235,2021-02-11T16:20:54.811Z,22.289,-0.021739130839705467,-4.14266300201416,11.1875
1613060388275,2021-02-11T16:20:54.822Z,22.329,0.35326087474823,-3.76766300201416,9.1875
1613060388314,2021-02-11T16:20:54.824Z,22.368,0.72826087474823,-4.14266300201416,9.5625
1613060388354,2021-02-11T16:20:54.826Z,22.408,0.35326087474823,-5.26766300201416,11.1875
1613060388393,2021-02-11T16:20:54.838Z,22.447,-0.021739130839705467,-5.26766300201416,10
1613060388433,2021-02-11T16:20:54.840Z,22.487,-0.77173912525177,-5.26766300201416,10.875
1613060388473,2021-02-11T16:20:54.842Z,22.527,-0.021739130839705467,-3.39266300201416,11.25
1613060388512,2021-02-11T16:20:54.853Z,22.566,-0.021739130839705467,-3.39266300201416,10.0625
1613060388552,2021-02-11T16:20:54.856Z,22.606,0.72826087474823,-3.01766300201416,11.1875
1613060388591,2021-02-11T16:20:54.858Z,22.645,1.10326087474823,-3.39266300201416,10.375
1613060388631,2021-02-11T16:20:54.869Z,22.685,0.35326087474823,-4.51766300201416,10.875
1613060388672,2021-02-11T16:20:54.871Z,22.726,-0.021739130839705467,-4.14266300201416,11.25
1613060388711,2021-02-11T16:20:54.882Z,22.765,0.35326087474823,-11.95516300201416,10.8125
1613060388751,2021-02-11T16:20:54.884Z,22.805,0.35326087474823,-2.33016300201416,8
1613060388790,2021-02-11T16:20:54.928Z,22.844,-0.021739130839705467,-4.89266300201416,11.25
1613060388830,2021-02-11T16:20:54.930Z,22.884,-0.021739130839705467,-4.89266300201416,10.4375
1613060388870,2021-02-11T16:20:54.933Z,22.924,0.35326087474823,-4.51766300201416,10.4375
1613060388909,2021-02-11T16:20:54.944Z,22.963,-0.021739130839705467,-7.14266300201416,10.8125
1613060388949,2021-02-11T16:20:54.946Z,23.003,0.35326087474823,-4.14266300201416,10.375
1613060388988,2021-02-11T16:20:54.957Z,23.042,-0.021739130839705467,-3.39266300201416,11.1875
1613060389028,2021-02-11T16:20:54.959Z,23.082,-0.39673912525177,-3.76766300201416,12
1613060389067,2021-02-11T16:20:54.961Z,23.121,0.35326087474823,-4.14266300201416,10.375
1613060389107,2021-02-11T16:20:54.973Z,23.161,-0.021739130839705467,-4.51766300201416,10
1613060389146,2021-02-11T16:20:54.975Z,23.2,-0.021739130839705467,-19.392663955688477,11.1875
1613060389186,2021-02-11T16:20:54.977Z,23.24,0.72826087474823,-3.76766300201416,10.375
1613060389226,2021-02-11T16:20:54.988Z,23.28,-0.39673912525177,-3.01766300201416,11.1875
1613060389265,2021-02-11T16:20:54.990Z,23.319,-0.021739130839705467,-5.64266300201416,9.1875
1613060389305,2021-02-11T16:20:54.993Z,23.359,0.72826087474823,-4.51766300201416,10.8125
1613060389344,2021-02-11T16:20:55.004Z,23.398,-0.39673912525177,-3.76766300201416,12
1613060389384,2021-02-11T16:20:55.006Z,23.438,-0.39673912525177,-4.89266300201416,10
1613060389423,2021-02-11T16:20:55.018Z,23.477,-0.39673912525177,-4.89266300201416,12
1613060389463,2021-02-11T16:20:55.019Z,23.517,0.35326087474823,-5.26766300201416,11.625
1613060389502,2021-02-11T16:20:55.022Z,23.556,0.35326087474823,-5.26766300201416,9.625
1613060389542,2021-02-11T16:20:55.032Z,23.596,-0.39673912525177,-4.89266300201416,11.1875
1613060389581,2021-02-11T16:20:55.035Z,23.635,0.72826087474823,-5.26766300201416,11.625
1613060389621,2021-02-11T16:20:55.037Z,23.675,-0.021739130839705467,-5.26766300201416,10.8125
1613060389661,2021-02-11T16:20:55.048Z,23.715,-0.77173912525177,-3.39266300201416,10.8125
1613060389700,2021-02-11T16:20:55.050Z,23.754,0.35326087474823,-6.01766300201416,10
1613060389740,2021-02-11T16:20:55.053Z,23.794,-0.021739130839705467,-5.26766300201416,10.8125
1613060389779,2021-02-11T16:20:55.064Z,23.833,0.72826087474823,-3.39266300201416,11.625
1613060389819,2021-02-11T16:20:55.066Z,23.873,-0.021739130839705467,-4.89266300201416,10
1613060389860,2021-02-11T16:20:55.068Z,23.914,-0.39673912525177,-3.39266300201416,10.375
1613060389898,2021-02-11T16:20:55.079Z,23.952,-0.021739130839705467,-4.51766300201416,12.0625
1613060389937,2021-02-11T16:20:55.082Z,23.991,-0.77173912525177,-3.39266300201416,10.8125
1613060389977,2021-02-11T16:20:55.092Z,24.031,0.72826087474823,-4.89266300201416,10.875
1613060390017,2021-02-11T16:20:55.094Z,24.071,-0.021739130839705467,-4.14266300201416,11.6875
1613060390056,2021-02-11T16:20:55.097Z,24.11,-0.39673912525177,-3.76766300201416,9.625
1613060390096,2021-02-11T16:20:55.108Z,24.15,-0.021739130839705467,-5.64266300201416,10.4375
1613060390135,2021-02-11T16:20:55.110Z,24.189,-0.021739130839705467,-10.83016300201416,10.8125
1613060390175,2021-02-11T16:20:55.122Z,24.229,-0.39673912525177,-4.14266300201416,11.25
1613060390214,2021-02-11T16:20:55.124Z,24.268,1.10326087474823,-4.51766300201416,10.8125
1613060390254,2021-02-11T16:20:55.126Z,24.308,-0.021739130839705467,-5.64266300201416,9.5625
1613060390293,2021-02-11T16:20:55.138Z,24.347,0.35326087474823,-4.51766300201416,11.6875
1613060390333,2021-02-11T16:20:55.140Z,24.387,-0.021739130839705467,-4.89266300201416,11.25
1613060390372,2021-02-11T16:20:55.142Z,24.426,-0.021739130839705467,-5.26766300201416,10
1613060390412,2021-02-11T16:20:55.153Z,24.466,-0.021739130839705467,-7.51766300201416,10.8125
1613060390452,2021-02-11T16:20:55.155Z,24.506,-0.021739130839705467,-4.14266300201416,11.1875
1613060390491,2021-02-11T16:20:55.158Z,24.545,-0.39673912525177,-5.64266300201416,9.625
1613060390532,2021-02-11T16:20:55.184Z,24.586,0.72826087474823,-3.39266300201416,10.375
1613060390572,2021-02-11T16:20:55.186Z,24.626,0.72826087474823,-21.642663955688477,11.625
1613060390611,2021-02-11T16:20:55.188Z,24.665,-0.39673912525177,-4.51766300201416,11.25
1613060390651,2021-02-11T16:20:55.199Z,24.705,0.35326087474823,-5.26766300201416,12
1613060390690,2021-02-11T16:20:55.202Z,24.744,-0.39673912525177,-5.26766300201416,10.375
1613060390730,2021-02-11T16:20:55.212Z,24.784,0.35326087474823,-5.64266300201416,9.25
1613060390769,2021-02-11T16:20:55.214Z,24.823,0.35326087474823,-4.89266300201416,11.25
1613060390809,2021-02-11T16:20:55.217Z,24.863,-0.021739130839705467,-7.51766300201416,10.375
1613060390849,2021-02-11T16:20:55.228Z,24.903,-0.39673912525177,-7.14266300201416,11.625
1613060390888,2021-02-11T16:20:55.230Z,24.942,0.35326087474823,-9.76766300201416,10.875
1613060390928,2021-02-11T16:20:55.232Z,24.982,-0.021739130839705467,-10.83016300201416,10.0625
1613060390967,2021-02-11T16:20:55.244Z,25.021,-0.021739130839705467,-10.14266300201416,11.25
1613060391007,2021-02-11T16:20:55.246Z,25.061,-0.021739130839705467,-17.955163955688477,12.5
1613060391046,2021-02-11T16:20:55.248Z,25.1,0.35326087474823,-9.01766300201416,10.4375
1613060391086,2021-02-11T16:20:55.259Z,25.14,0.35326087474823,-5.64266300201416,10.4375
1613060391125,2021-02-11T16:20:55.261Z,25.179,0.72826087474823,-7.51766300201416,9.625
1613060391165,2021-02-11T16:20:55.272Z,25.219,0.35326087474823,-4.14266300201416,10.8125
1613060391205,2021-02-11T16:20:55.274Z,25.259,0.72826087474823,-3.39266300201416,9.625
1613060391244,2021-02-11T16:20:55.276Z,25.298,-0.39673912525177,-4.89266300201416,10
1613060391284,2021-02-11T16:20:55.288Z,25.338,-0.021739130839705467,-4.14266300201416,10.8125
1613060391323,2021-02-11T16:20:55.290Z,25.377,0.72826087474823,-4.14266300201416,11.1875
1613060391363,2021-02-11T16:20:55.293Z,25.417,-0.021739130839705467,-3.76766300201416,10.375
1613060391402,2021-02-11T16:20:55.303Z,25.456,-0.77173912525177,-4.51766300201416,12.0625
1613060391442,2021-02-11T16:20:55.306Z,25.496,0.35326087474823,-4.14266300201416,11.25
1613060391481,2021-02-11T16:20:55.308Z,25.535,0.72826087474823,-4.51766300201416,10
1613060391521,2021-02-11T16:20:55.334Z,25.575,1.47826087474823,-4.14266300201416,11.1875
1613060391560,2021-02-11T16:20:55.336Z,25.614,0.35326087474823,-7.14266300201416,10.4375
1613060391600,2021-02-11T16:20:55.347Z,25.654,-0.77173912525177,-4.89266300201416,10.375
1613060391640,2021-02-11T16:20:55.349Z,25.694,-0.39673912525177,-4.89266300201416,10.8125
1613060391679,2021-02-11T16:20:55.351Z,25.733,-0.021739130839705467,-4.89266300201416,10.375
1613060391719,2021-02-11T16:20:55.362Z,25.773,0.72826087474823,-4.89266300201416,12.875
1613060391758,2021-02-11T16:20:55.365Z,25.812,-0.021739130839705467,-3.76766300201416,10.875
1613060391798,2021-02-11T16:20:55.367Z,25.852,-0.39673912525177,-4.14266300201416,10.8125
1613060391837,2021-02-11T16:20:55.378Z,25.891,-0.021739130839705467,-2.70516300201416,10.8125
1613060391877,2021-02-11T16:20:55.380Z,25.931,-0.39673912525177,-5.64266300201416,12.0625
1613060391916,2021-02-11T16:20:55.410Z,25.97,-0.021739130839705467,-4.14266300201416,9.25
1613060391956,2021-02-11T16:20:55.411Z,26.01,-0.77173912525177,-3.76766300201416,11.625
1613060391996,2021-02-11T16:20:55.423Z,26.05,1.10326087474823,-19.767663955688477,10
1613060392035,2021-02-11T16:20:55.425Z,26.089,0.72826087474823,-3.01766300201416,10
1613060392075,2021-02-11T16:20:55.427Z,26.129,0.35326087474823,-5.26766300201416,10.4375
1613060392114,2021-02-11T16:20:55.438Z,26.168,-0.021739130839705467,-4.51766300201416,7.9375
1613060392154,2021-02-11T16:20:55.441Z,26.208,-0.77173912525177,-4.14266300201416,8.375
1613060392193,2021-02-11T16:20:55.443Z,26.247,-0.77173912525177,-3.76766300201416,8.8125
1613060392233,2021-02-11T16:20:55.454Z,26.287,-0.77173912525177,-4.89266300201416,8.375
1613060392272,2021-02-11T16:20:55.456Z,26.326,-0.77173912525177,-4.89266300201416,8.375
1613060392312,2021-02-11T16:20:55.489Z,26.366,-0.39673912525177,-6.01766300201416,8
1613060392351,2021-02-11T16:20:55.490Z,26.405,-1.14673912525177,-6.01766300201416,7.5
1613060392391,2021-02-11T16:20:55.490Z,26.445,-1.52173912525177,-4.51766300201416,7.9375
1613060392431,2021-02-11T16:20:55.498Z,26.485,-0.39673912525177,-22.017663955688477,7.125
1613060392470,2021-02-11T16:20:55.500Z,26.524,-0.77173912525177,-6.76766300201416,7.125
1613060392510,2021-02-11T16:20:55.504Z,26.564,-2.2092392444610596,-9.76766300201416,8.375
1613060392549,2021-02-11T16:20:55.513Z,26.603,-1.14673912525177,-6.76766300201416,7.125
1613060392589,2021-02-11T16:20:55.518Z,26.643,-1.52173912525177,-5.26766300201416,7.9375
1613060392628,2021-02-11T16:20:55.519Z,26.682,-1.14673912525177,-5.64266300201416,6.3125
1613060392668,2021-02-11T16:20:55.529Z,26.722,-1.14673912525177,-3.76766300201416,7.125
1613060392707,2021-02-11T16:20:55.531Z,26.761,-0.77173912525177,-6.01766300201416,7.125
1613060392748,2021-02-11T16:20:55.542Z,26.802,-1.83423912525177,-4.89266300201416,6.3125
1613060392788,2021-02-11T16:20:55.544Z,26.842,-1.14673912525177,-5.26766300201416,5.5
1613060392828,2021-02-11T16:20:55.546Z,26.882,-1.52173912525177,-4.51766300201416,7.5625
1613060392867,2021-02-11T16:20:55.557Z,26.921,-1.52173912525177,-11.95516300201416,7.5
1613060392907,2021-02-11T16:20:55.560Z,26.961,-1.14673912525177,-7.14266300201416,6.75
1613060392946,2021-02-11T16:20:55.562Z,27,-1.52173912525177,-4.89266300201416,6.6875
1613060392986,2021-02-11T16:20:55.573Z,27.04,-2.2092392444610596,-4.89266300201416,5.5
1613060393025,2021-02-11T16:20:55.575Z,27.079,-1.83423912525177,-4.51766300201416,4.3125
1613060393065,2021-02-11T16:20:55.578Z,27.119,-1.52173912525177,-5.64266300201416,6.3125
1613060393104,2021-02-11T16:20:55.589Z,27.158,-1.83423912525177,-6.76766300201416,4.3125
1613060393144,2021-02-11T16:20:55.591Z,27.198,-2.5842392444610596,-4.51766300201416,6.3125
1613060393184,2021-02-11T16:20:55.593Z,27.238,-2.5842392444610596,-3.39266300201416,6.75
1613060393223,2021-02-11T16:20:55.604Z,27.277,-1.52173912525177,-5.64266300201416,5.9375
1613060393263,2021-02-11T16:20:55.606Z,27.317,-1.14673912525177,-4.14266300201416,5.875
1613060393302,2021-02-11T16:20:55.617Z,27.356,-1.14673912525177,-5.26766300201416,6.75
1613060393342,2021-02-11T16:20:55.619Z,27.396,-1.83423912525177,-5.64266300201416,6.3125
1613060393381,2021-02-11T16:20:55.622Z,27.435,-1.83423912525177,-6.01766300201416,6.75
1613060393421,2021-02-11T16:20:55.633Z,27.475,-2.2092392444610596,-6.76766300201416,6.75
1613060393460,2021-02-11T16:20:55.635Z,27.514,-1.52173912525177,-6.76766300201416,5.9375
1613060393500,2021-02-11T16:20:55.637Z,27.554,-1.52173912525177,-4.89266300201416,7.125
1613060393539,2021-02-11T16:20:55.649Z,27.593,-2.2092392444610596,-7.14266300201416,5.875
1613060393579,2021-02-11T16:20:55.651Z,27.633,-0.77173912525177,-4.51766300201416,6.375
1613060393619,2021-02-11T16:20:55.653Z,27.673,-1.52173912525177,-8.26766300201416,6.75
1613060393658,2021-02-11T16:20:55.664Z,27.712,-1.52173912525177,-4.14266300201416,5.5
1613060393698,2021-02-11T16:20:55.667Z,27.752,-1.83423912525177,-4.51766300201416,8
1613060393737,2021-02-11T16:20:55.677Z,27.791,-1.52173912525177,-3.76766300201416,7.1875
1613060393777,2021-02-11T16:20:55.679Z,27.831,-1.83423912525177,-5.64266300201416,6.3125
1613060393816,2021-02-11T16:20:55.682Z,27.87,-1.52173912525177,-4.89266300201416,6.3125
1613060393856,2021-02-11T16:20:55.693Z,27.91,-2.2092392444610596,-13.08016300201416,7.125
1613060393895,2021-02-11T16:20:55.695Z,27.949,-1.83423912525177,-5.26766300201416,5.9375
1613060393935,2021-02-11T16:20:55.697Z,27.989,-1.52173912525177,-7.89266300201416,7.5625
1613060393975,2021-02-11T16:20:55.708Z,28.029,-0.77173912525177,-9.76766300201416,6.6875
1613060394014,2021-02-11T16:20:55.711Z,28.068,-1.52173912525177,-4.89266300201416,6.3125
1613060394054,2021-02-11T16:20:55.713Z,28.108,-1.83423912525177,-3.76766300201416,7.5
1613060394093,2021-02-11T16:20:55.739Z,28.147,-0.77173912525177,-4.51766300201416,6.3125
1613060394133,2021-02-11T16:20:55.741Z,28.187,-1.14673912525177,-4.89266300201416,7.5625
1613060394172,2021-02-11T16:20:55.752Z,28.226,-2.2092392444610596,-4.89266300201416,6.3125
1613060394212,2021-02-11T16:20:55.755Z,28.266,-1.83423912525177,-4.51766300201416,5.125
1613060394251,2021-02-11T16:20:55.757Z,28.305,-1.52173912525177,-4.89266300201416,6.75
1613060394291,2021-02-11T16:20:55.769Z,28.345,-1.52173912525177,-26.142663955688477,6.3125
1613060394330,2021-02-11T16:20:55.771Z,28.384,-1.52173912525177,-4.14266300201416,5.5625
1613060394370,2021-02-11T16:20:55.773Z,28.424,-1.83423912525177,-6.01766300201416,6.3125
1613060394410,2021-02-11T16:20:55.784Z,28.464,-1.89673912525177,-5.64266300201416,6.3125
1613060394449,2021-02-11T16:20:55.786Z,28.503,-1.83423912525177,-4.89266300201416,6.375
1613060394489,2021-02-11T16:20:55.797Z,28.543,-1.83423912525177,-4.89266300201416,7.5625
1613060394528,2021-02-11T16:20:55.799Z,28.582,-1.14673912525177,-7.14266300201416,4.3125
1613060394568,2021-02-11T16:20:55.801Z,28.622,-1.52173912525177,-5.64266300201416,5.5625
1613060394607,2021-02-11T16:20:55.815Z,28.661,-1.14673912525177,-7.51766300201416,5.125
1613060394647,2021-02-11T16:20:55.815Z,28.701,-1.52173912525177,-8.64266300201416,5.125
1613060394686,2021-02-11T16:20:55.817Z,28.74,-0.39673912525177,-10.14266300201416,7.5625
1613060394726,2021-02-11T16:20:55.828Z,28.78,-1.14673912525177,-19.392663955688477,9.625
1613060394766,2021-02-11T16:20:55.831Z,28.82,-0.021739130839705467,-12.33016300201416,9.625
1613060394805,2021-02-11T16:20:55.833Z,28.859,-1.14673912525177,-11.95516300201416,10.4375
1613060394845,2021-02-11T16:20:55.843Z,28.899,-0.021739130839705467,-14.58016300201416,9.625
1613060394884,2021-02-11T16:20:55.846Z,28.938,-1.14673912525177,-12.70516300201416,11.6875
1613060394924,2021-02-11T16:20:55.857Z,28.978,-0.77173912525177,-11.95516300201416,10.875
1613060394963,2021-02-11T16:20:55.859Z,29.017,-0.39673912525177,-11.58016300201416,8.8125
1613060395003,2021-02-11T16:20:55.888Z,29.057,-1.14673912525177,-7.14266300201416,11.6875
1613060395042,2021-02-11T16:20:55.890Z,29.096,-1.14673912525177,-6.76766300201416,11.25
1613060395082,2021-02-11T16:20:55.893Z,29.136,-0.39673912525177,-8.26766300201416,11.625
1613060395122,2021-02-11T16:20:55.904Z,29.176,-0.39673912525177,-4.89266300201416,13.25
1613060395161,2021-02-11T16:20:55.906Z,29.215,-0.39673912525177,-6.01766300201416,12.9375
1613060395201,2021-02-11T16:20:55.917Z,29.255,-1.14673912525177,-4.89266300201416,11.625
1613060395240,2021-02-11T16:20:55.919Z,29.294,-0.77173912525177,-5.64266300201416,12.0625
1613060395280,2021-02-11T16:20:55.921Z,29.334,-1.14673912525177,-4.89266300201416,12.9375
1613060395319,2021-02-11T16:20:55.933Z,29.373,-1.14673912525177,-3.76766300201416,10.8125
1613060395359,2021-02-11T16:20:55.935Z,29.413,-0.021739130839705467,-3.01766300201416,12.0625
1613060395398,2021-02-11T16:20:55.937Z,29.452,0.35326087474823,-9.01766300201416,11.625
1613060395439,2021-02-11T16:20:55.948Z,29.493,-0.021739130839705467,-4.14266300201416,12.5
1613060395477,2021-02-11T16:20:55.951Z,29.531,-1.14673912525177,-3.76766300201416,12.875
1613060395518,2021-02-11T16:20:55.953Z,29.572,-0.021739130839705467,-4.14266300201416,10.875
1613060395558,2021-02-11T16:20:55.964Z,29.612,-0.39673912525177,-4.51766300201416,12.5
1613060395598,2021-02-11T16:20:55.966Z,29.652,-0.39673912525177,-3.39266300201416,10.4375
1613060395637,2021-02-11T16:20:55.978Z,29.691,0.72826087474823,-4.51766300201416,10.4375
1613060395677,2021-02-11T16:20:55.981Z,29.731,-0.021739130839705467,-5.26766300201416,11.25
1613060395716,2021-02-11T16:20:55.982Z,29.77,-0.021739130839705467,-6.39266300201416,10.875
1613060395756,2021-02-11T16:20:55.993Z,29.81,-0.77173912525177,-4.14266300201416,10.875
1613060395795,2021-02-11T16:20:55.996Z,29.849,-1.14673912525177,-4.14266300201416,11.625
1613060395835,2021-02-11T16:20:55.998Z,29.889,-0.39673912525177,-2.70516300201416,10.875
1613060395874,2021-02-11T16:20:56.010Z,29.928,-0.77173912525177,-1.9551630020141602,11.6875
1613060395914,2021-02-11T16:20:56.012Z,29.968,-0.77173912525177,-4.51766300201416,12.0625
1613060395954,2021-02-11T16:20:56.037Z,30.008,-0.77173912525177,-4.51766300201416,10.4375
1613060395993,2021-02-11T16:20:56.039Z,30.047,-0.39673912525177,-6.01766300201416,10.8125
1613060396033,2021-02-11T16:20:56.041Z,30.087,-0.77173912525177,-4.14266300201416,10.8125
1613060396072,2021-02-11T16:20:56.052Z,30.126,-0.021739130839705467,-4.89266300201416,9.625
1613060396112,2021-02-11T16:20:56.056Z,30.166,-0.39673912525177,-3.01766300201416,10.4375
1613060396151,2021-02-11T16:20:56.057Z,30.205,-0.39673912525177,-19.392663955688477,11.25
1613060396191,2021-02-11T16:20:56.068Z,30.245,-0.39673912525177,-5.26766300201416,10
1613060396230,2021-02-11T16:20:56.070Z,30.284,-0.77173912525177,-3.76766300201416,10.0625
1613060396270,2021-02-11T16:20:56.073Z,30.324,-0.39673912525177,-4.89266300201416,10.4375
1613060396309,2021-02-11T16:20:56.084Z,30.363,-0.021739130839705467,-3.76766300201416,9.625
1613060396349,2021-02-11T16:20:56.086Z,30.403,-0.39673912525177,-3.39266300201416,11.25
1613060396389,2021-02-11T16:20:56.097Z,30.443,-0.021739130839705467,-4.89266300201416,10.4375
1613060396428,2021-02-11T16:20:56.099Z,30.482,0.35326087474823,-5.26766300201416,10.875
1613060396468,2021-02-11T16:20:56.101Z,30.522,-0.39673912525177,-4.14266300201416,10.4375
1613060396507,2021-02-11T16:20:56.112Z,30.561,0.72826087474823,-3.76766300201416,9.625
1613060396547,2021-02-11T16:20:56.115Z,30.601,-0.021739130839705467,-4.89266300201416,10.4375
1613060396586,2021-02-11T16:20:56.117Z,30.64,-1.14673912525177,-19.017663955688477,10.0625
1613060396626,2021-02-11T16:20:56.128Z,30.68,-0.021739130839705467,-10.14266300201416,8.8125
1613060396665,2021-02-11T16:20:56.130Z,30.719,-0.77173912525177,-4.14266300201416,11.25
1613060396705,2021-02-11T16:20:56.133Z,30.759,-0.77173912525177,-5.64266300201416,9.625
1613060396745,2021-02-11T16:20:56.144Z,30.799,-0.39673912525177,-5.26766300201416,9.25
1613060396784,2021-02-11T16:20:56.146Z,30.838,-0.021739130839705467,-3.76766300201416,10.4375
1613060396824,2021-02-11T16:20:56.148Z,30.878,-0.39673912525177,-4.89266300201416,10.4375
1613060396863,2021-02-11T16:20:56.159Z,30.917,-0.77173912525177,-5.64266300201416,10.8125
1613060396903,2021-02-11T16:20:56.161Z,30.957,-0.021739130839705467,-5.64266300201416,9.5625
1613060396942,2021-02-11T16:20:56.172Z,30.996,-0.39673912525177,-4.89266300201416,9.625
1613060396982,2021-02-11T16:20:56.174Z,31.036,-0.021739130839705467,-4.51766300201416,10.4375
1613060397021,2021-02-11T16:20:56.177Z,31.075,1.10326087474823,-7.14266300201416,11.6875
1613060397061,2021-02-11T16:20:56.188Z,31.115,-0.77173912525177,-5.64266300201416,9.625
1613060397101,2021-02-11T16:20:56.190Z,31.155,0.35326087474823,-4.51766300201416,10
1613060397140,2021-02-11T16:20:56.192Z,31.194,-0.021739130839705467,-6.39266300201416,9.625
1613060397180,2021-02-11T16:20:56.204Z,31.234,0.72826087474823,-4.14266300201416,9.25
1613060397219,2021-02-11T16:20:56.206Z,31.273,-0.021739130839705467,-4.89266300201416,10.0625
1613060397259,2021-02-11T16:20:56.208Z,31.313,-0.021739130839705467,-5.64266300201416,8
1613060397298,2021-02-11T16:20:56.219Z,31.352,-0.39673912525177,-3.76766300201416,9.625
1613060397338,2021-02-11T16:20:56.221Z,31.392,-1.83423912525177,-4.89266300201416,10.875
1613060397377,2021-02-11T16:20:56.232Z,31.431,-0.39673912525177,-4.89266300201416,9.25
1613060397417,2021-02-11T16:20:56.234Z,31.471,-1.14673912525177,-4.51766300201416,11.25
1613060397456,2021-02-11T16:20:56.236Z,31.51,-0.39673912525177,-4.51766300201416,10.875
1613060397496,2021-02-11T16:20:56.248Z,31.55,0.35326087474823,-5.26766300201416,10
1613060397536,2021-02-11T16:20:56.250Z,31.59,-0.39673912525177,-4.14266300201416,10.4375
1613060397575,2021-02-11T16:20:56.252Z,31.629,-1.14673912525177,-11.20516300201416,10.0625
1613060397615,2021-02-11T16:20:56.263Z,31.669,-1.14673912525177,-4.89266300201416,8.8125
1613060397654,2021-02-11T16:20:56.266Z,31.708,-0.39673912525177,-4.14266300201416,10.0625
1613060397694,2021-02-11T16:20:56.268Z,31.748,-0.39673912525177,-6.76766300201416,9.25
1613060397735,2021-02-11T16:20:56.294Z,31.789,-0.021739130839705467,-3.76766300201416,11.6875
1613060397774,2021-02-11T16:20:56.296Z,31.828,-1.14673912525177,-3.39266300201416,10.875
1613060397814,2021-02-11T16:20:56.307Z,31.868,-0.021739130839705467,-4.14266300201416,10.0625
1613060397853,2021-02-11T16:20:56.309Z,31.907,-0.021739130839705467,-4.89266300201416,11.6875
1613060397893,2021-02-11T16:20:56.312Z,31.947,-0.77173912525177,-4.51766300201416,10.875
1613060397933,2021-02-11T16:20:56.322Z,31.987,-0.021739130839705467,-4.14266300201416,9.625
1613060397972,2021-02-11T16:20:56.324Z,32.026,-0.77173912525177,-4.89266300201416,10.4375
1613060398012,2021-02-11T16:20:56.326Z,32.066,-0.021739130839705467,-20.892663955688477,11.25
1613060398051,2021-02-11T16:20:56.337Z,32.105,-0.39673912525177,-4.14266300201416,10.875
1613060398091,2021-02-11T16:20:56.339Z,32.145,-0.021739130839705467,-5.26766300201416,10.875
1613060398130,2021-02-11T16:20:56.368Z,32.184,-0.77173912525177,-4.14266300201416,9.625
1613060398170,2021-02-11T16:20:56.370Z,32.224,-0.021739130839705467,-3.76766300201416,10.875
1613060398209,2021-02-11T16:20:56.382Z,32.263,-0.39673912525177,-4.89266300201416,10.8125
1613060398249,2021-02-11T16:20:56.385Z,32.303,-0.39673912525177,-3.76766300201416,10.0625
1613060398288,2021-02-11T16:20:56.387Z,32.342,0.35326087474823,-3.01766300201416,11.25
1613060398328,2021-02-11T16:20:56.399Z,32.382,-1.52173912525177,-4.51766300201416,10.8125
1613060398368,2021-02-11T16:20:56.401Z,32.422,-0.39673912525177,-5.26766300201416,9.25
1613060398407,2021-02-11T16:20:56.403Z,32.461,-0.77173912525177,-3.01766300201416,10.375
1613060398447,2021-02-11T16:20:56.414Z,32.501,-0.39673912525177,-16.830163955688477,11.25
1613060398486,2021-02-11T16:20:56.417Z,32.54,-0.77173912525177,-5.64266300201416,10.8125
1613060398526,2021-02-11T16:20:56.442Z,32.58,-0.77173912525177,-4.14266300201416,10.375
1613060398565,2021-02-11T16:20:56.444Z,32.619,-0.39673912525177,-8.64266300201416,9.625
1613060398605,2021-02-11T16:20:56.446Z,32.659,-0.77173912525177,-5.26766300201416,11.25
1613060398644,2021-02-11T16:20:56.458Z,32.698,0.35326087474823,-10.14266300201416,11.1875
1613060398684,2021-02-11T16:20:56.460Z,32.738,0.35326087474823,-5.64266300201416,10
1613060398724,2021-02-11T16:20:56.462Z,32.778,-0.39673912525177,-4.89266300201416,10.8125
1613060398763,2021-02-11T16:20:56.473Z,32.817,0.35326087474823,-6.76766300201416,11.25
1613060398803,2021-02-11T16:20:56.476Z,32.857,-0.77173912525177,-7.51766300201416,8.8125
1613060398842,2021-02-11T16:20:56.478Z,32.896,-1.52173912525177,-9.76766300201416,11.1875
1613060398882,2021-02-11T16:20:56.492Z,32.936,-0.39673912525177,-10.83016300201416,11.1875
1613060398921,2021-02-11T16:20:56.495Z,32.975,-0.77173912525177,-10.51766300201416,10.4375
1613060398961,2021-02-11T16:20:56.502Z,33.015,-0.021739130839705467,-10.14266300201416,10
1613060399000,2021-02-11T16:20:56.504Z,33.054,-0.77173912525177,-9.01766300201416,10.4375
1613060399040,2021-02-11T16:20:56.506Z,33.094,0.35326087474823,-8.26766300201416,8.8125
1613060399080,2021-02-11T16:20:56.517Z,33.134,-0.77173912525177,-6.01766300201416,11.625
1613060399119,2021-02-11T16:20:56.520Z,33.173,-1.14673912525177,-4.51766300201416,10.375
1613060399159,2021-02-11T16:20:56.522Z,33.213,0.72826087474823,-4.51766300201416,11.25
1613060399198,2021-02-11T16:20:56.533Z,33.252,-0.39673912525177,-6.39266300201416,11.625
1613060399238,2021-02-11T16:20:56.535Z,33.292,-0.77173912525177,-4.51766300201416,9.625
1613060399277,2021-02-11T16:20:56.538Z,33.331,-1.14673912525177,-3.76766300201416,9.625
1613060399317,2021-02-11T16:20:56.549Z,33.371,-0.39673912525177,-5.26766300201416,10.375
1613060399356,2021-02-11T16:20:56.551Z,33.41,-0.39673912525177,-3.76766300201416,9.625
1613060399396,2021-02-11T16:20:56.553Z,33.45,-0.77173912525177,-4.51766300201416,11.25
1613060399435,2021-02-11T16:20:56.564Z,33.489,-0.77173912525177,-13.45516300201416,11.625
1613060399475,2021-02-11T16:20:56.566Z,33.529,-0.77173912525177,-2.70516300201416,10
1613060399515,2021-02-11T16:20:56.592Z,33.569,-1.14673912525177,-4.51766300201416,11.625
1613060399554,2021-02-11T16:20:56.594Z,33.608,-0.39673912525177,-6.39266300201416,8.8125
1613060399594,2021-02-11T16:20:56.597Z,33.648,0.35326087474823,-6.01766300201416,10.4375
1613060399633,2021-02-11T16:20:56.608Z,33.687,-0.021739130839705467,-4.51766300201416,11.6875
1613060399673,2021-02-11T16:20:56.610Z,33.727,-0.39673912525177,-3.39266300201416,10
1613060399712,2021-02-11T16:20:56.613Z,33.766,-0.77173912525177,-4.89266300201416,11.25
1613060399752,2021-02-11T16:20:56.624Z,33.806,-0.39673912525177,-4.14266300201416,10.4375
1613060399791,2021-02-11T16:20:56.626Z,33.845,-1.52173912525177,-3.76766300201416,9.1875
1613060399831,2021-02-11T16:20:56.628Z,33.885,-1.14673912525177,-4.51766300201416,11.25
1613060399871,2021-02-11T16:20:56.639Z,33.925,-0.021739130839705467,-24.267663955688477,10.875
1613060399910,2021-02-11T16:20:56.641Z,33.964,-0.77173912525177,-3.39266300201416,9.25
1613060399950,2021-02-11T16:20:56.652Z,34.004,-1.14673912525177,-4.14266300201416,10.8125
1613060399989,2021-02-11T16:20:56.654Z,34.043,-1.14673912525177,-4.51766300201416,10
1613060400029,2021-02-11T16:20:56.656Z,34.083,-1.14673912525177,-6.39266300201416,9.625
1613060400068,2021-02-11T16:20:56.668Z,34.122,-1.14673912525177,-3.76766300201416,10.8125
1613060400108,2021-02-11T16:20:56.670Z,34.162,-1.52173912525177,-3.01766300201416,9.1875
1613060400147,2021-02-11T16:20:56.672Z,34.201,-0.77173912525177,-4.89266300201416,10.0625
1613060400187,2021-02-11T16:20:56.683Z,34.241,0.72826087474823,-4.89266300201416,10.0625
1613060400226,2021-02-11T16:20:56.686Z,34.28,-0.021739130839705467,-3.76766300201416,9.25
1613060400267,2021-02-11T16:20:56.688Z,34.321,-1.52173912525177,-4.51766300201416,10
1613060400307,2021-02-11T16:20:56.699Z,34.361,-0.021739130839705467,-12.33016300201416,11.25
1613060400347,2021-02-11T16:20:56.701Z,34.401,-1.14673912525177,-5.64266300201416,10.0625
1613060400386,2021-02-11T16:20:56.712Z,34.44,-0.021739130839705467,-5.26766300201416,10.8125
1613060400426,2021-02-11T16:20:56.714Z,34.48,-1.14673912525177,-4.89266300201416,8.375
1613060400465,2021-02-11T16:20:56.717Z,34.519,-0.77173912525177,-4.89266300201416,9.1875
1613060400505,2021-02-11T16:20:56.728Z,34.559,-1.52173912525177,-3.39266300201416,10.875
1613060400544,2021-02-11T16:20:56.730Z,34.598,0.35326087474823,-3.76766300201416,9.1875
1613060400584,2021-02-11T16:20:56.732Z,34.638,-0.77173912525177,-5.64266300201416,8.8125
1613060400623,2021-02-11T16:20:56.743Z,34.677,-0.39673912525177,-5.64266300201416,10.8125
1613060400663,2021-02-11T16:20:56.746Z,34.717,-0.021739130839705467,-5.64266300201416,8.8125
1613060400703,2021-02-11T16:20:56.748Z,34.757,-0.39673912525177,-5.64266300201416,11.25
1613060400742,2021-02-11T16:20:56.759Z,34.796,-0.021739130839705467,-3.39266300201416,10.8125
1613060400782,2021-02-11T16:20:56.761Z,34.836,-1.14673912525177,-4.14266300201416,9.1875
1613060400821,2021-02-11T16:20:56.772Z,34.875,-0.39673912525177,-4.51766300201416,11.25
1613060400861,2021-02-11T16:20:56.774Z,34.915,-0.77173912525177,-7.51766300201416,9.5625
1613060400900,2021-02-11T16:20:56.776Z,34.954,-0.39673912525177,-5.64266300201416,8.8125
1613060400940,2021-02-11T16:20:56.787Z,34.994,-0.39673912525177,-3.01766300201416,10.0625
1613060400979,2021-02-11T16:20:56.790Z,35.033,-0.39673912525177,-6.76766300201416,9.1875
1613060401019,2021-02-11T16:20:56.792Z,35.073,-1.14673912525177,-3.01766300201416,10.0625
1613060401059,2021-02-11T16:20:56.803Z,35.113,-0.021739130839705467,-3.39266300201416,10
1613060401098,2021-02-11T16:20:56.805Z,35.152,-0.021739130839705467,-4.14266300201416,10
1613060401138,2021-02-11T16:20:56.808Z,35.192,0.35326087474823,-5.26766300201416,10.8125
1613060401177,2021-02-11T16:20:56.819Z,35.231,-0.021739130839705467,-4.51766300201416,11.25
1613060401217,2021-02-11T16:20:56.848Z,35.271,-1.14673912525177,-4.14266300201416,10.0625
1613060401256,2021-02-11T16:20:56.850Z,35.31,-0.77173912525177,-3.76766300201416,10.8125
1613060401296,2021-02-11T16:20:56.852Z,35.35,-0.77173912525177,-15.70516300201416,9.625
1613060401335,2021-02-11T16:20:56.863Z,35.389,-0.021739130839705467,-3.76766300201416,8.375
1613060401375,2021-02-11T16:20:56.866Z,35.429,-1.14673912525177,-3.76766300201416,10
1613060401414,2021-02-11T16:20:56.868Z,35.468,-0.021739130839705467,-6.01766300201416,8.75
1613060401454,2021-02-11T16:20:56.879Z,35.508,0.35326087474823,-3.39266300201416,9.25
1613060401494,2021-02-11T16:20:56.881Z,35.548,-0.021739130839705467,-4.89266300201416,9.25
1613060401533,2021-02-11T16:20:56.892Z,35.587,-0.39673912525177,-5.64266300201416,9.25
1613060401573,2021-02-11T16:20:56.894Z,35.627,-0.77173912525177,-4.51766300201416,10.8125
1613060401612,2021-02-11T16:20:56.896Z,35.666,0.35326087474823,-4.14266300201416,10.875
1613060401652,2021-02-11T16:20:56.907Z,35.706,-0.021739130839705467,-3.76766300201416,9.625
1613060401691,2021-02-11T16:20:56.910Z,35.745,-0.39673912525177,-3.01766300201416,11.25
1613060401731,2021-02-11T16:20:56.912Z,35.785,-1.14673912525177,-22.392663955688477,10.4375
1613060401770,2021-02-11T16:20:56.923Z,35.824,-0.39673912525177,-5.26766300201416,9.625
1613060401810,2021-02-11T16:20:56.925Z,35.864,-0.77173912525177,-3.39266300201416,10
1613060401850,2021-02-11T16:20:56.928Z,35.904,-0.77173912525177,-3.01766300201416,10.0625
1613060401889,2021-02-11T16:20:56.939Z,35.943,-0.77173912525177,-5.26766300201416,10
1613060401929,2021-02-11T16:20:56.941Z,35.983,-0.39673912525177,-6.39266300201416,11.25
1613060401968,2021-02-11T16:20:56.943Z,36.022,-0.39673912525177,-4.51766300201416,9.625
1613060402008,2021-02-11T16:20:56.954Z,36.062,-0.77173912525177,-4.51766300201416,9.1875
1613060402047,2021-02-11T16:20:56.956Z,36.101,-0.77173912525177,-2.70516300201416,11.25
1613060402087,2021-02-11T16:20:56.967Z,36.141,-1.14673912525177,-3.39266300201416,9.625
1613060402126,2021-02-11T16:20:56.969Z,36.18,0.35326087474823,-5.64266300201416,10.875
1613060402166,2021-02-11T16:20:56.972Z,36.22,0.35326087474823,-17.580163955688477,11.25
1613060402205,2021-02-11T16:20:56.998Z,36.259,-0.021739130839705467,-4.14266300201416,8
1613060402245,2021-02-11T16:20:57.000Z,36.299,0.35326087474823,-3.39266300201416,10.375
1613060402285,2021-02-11T16:20:57.003Z,36.339,-0.021739130839705467,-4.89266300201416,10
1613060402324,2021-02-11T16:20:57.015Z,36.378,-0.021739130839705467,-4.51766300201416,8.375
1613060402364,2021-02-11T16:20:57.016Z,36.418,-0.39673912525177,-4.51766300201416,10.4375
1613060402403,2021-02-11T16:20:57.027Z,36.457,-0.021739130839705467,-3.76766300201416,9.25
1613060402443,2021-02-11T16:20:57.030Z,36.497,-1.14673912525177,-3.76766300201416,10.4375
1613060402482,2021-02-11T16:20:57.032Z,36.536,-1.52173912525177,-5.64266300201416,10
1613060402522,2021-02-11T16:20:57.043Z,36.576,-0.77173912525177,-4.89266300201416,9.1875
1613060402561,2021-02-11T16:20:57.045Z,36.615,-0.77173912525177,-3.39266300201416,13.3125
1613060402601,2021-02-11T16:20:57.048Z,36.655,0.35326087474823,-9.76766300201416,10.4375
1613060402641,2021-02-11T16:20:57.059Z,36.695,-0.021739130839705467,-7.89266300201416,10
1613060402680,2021-02-11T16:20:57.061Z,36.734,-0.021739130839705467,-8.26766300201416,10.875
1613060402720,2021-02-11T16:20:57.063Z,36.774,-0.021739130839705467,-11.20516300201416,8.8125
1613060402759,2021-02-11T16:20:57.074Z,36.813,-0.39673912525177,-15.33016300201416,9.625
1613060402799,2021-02-11T16:20:57.077Z,36.853,-0.021739130839705467,-13.83016300201416,9.625
1613060402838,2021-02-11T16:20:57.087Z,36.892,-0.77173912525177,-13.08016300201416,9.625
1613060402879,2021-02-11T16:20:57.089Z,36.933,-0.39673912525177,-10.83016300201416,11.625
1613060402917,2021-02-11T16:20:57.092Z,36.971,-1.14673912525177,-9.01766300201416,11.25
1613060402957,2021-02-11T16:20:57.103Z,37.011,-0.77173912525177,-6.39266300201416,8.75
1613060402997,2021-02-11T16:20:57.105Z,37.051,-1.14673912525177,-1.9551630020141602,10.875
1613060403036,2021-02-11T16:20:57.107Z,37.09,0.35326087474823,-3.76766300201416,10.0625
1613060403076,2021-02-11T16:20:57.119Z,37.13,-0.39673912525177,-4.89266300201416,8.875
1613060403115,2021-02-11T16:20:57.121Z,37.169,-0.77173912525177,-3.76766300201416,9.25
1613060403155,2021-02-11T16:20:57.123Z,37.209,-0.021739130839705467,-8.64266300201416,9.625
1613060403194,2021-02-11T16:20:57.149Z,37.248,-0.77173912525177,-4.89266300201416,7.9375
1613060403234,2021-02-11T16:20:57.152Z,37.288,-0.021739130839705467,-4.14266300201416,10.875
1613060403275,2021-02-11T16:20:57.162Z,37.329,0.72826087474823,-3.39266300201416,10.0625
1613060403314,2021-02-11T16:20:57.165Z,37.368,-0.39673912525177,-4.89266300201416,9.625
1613060403354,2021-02-11T16:20:57.167Z,37.408,-0.39673912525177,-4.89266300201416,10.875
1613060403393,2021-02-11T16:20:57.178Z,37.447,-0.77173912525177,-4.51766300201416,8
1613060403433,2021-02-11T16:20:57.180Z,37.487,-0.39673912525177,-4.14266300201416,10.0625
1613060403473,2021-02-11T16:20:57.182Z,37.527,-1.14673912525177,-4.14266300201416,9.625
1613060403512,2021-02-11T16:20:57.193Z,37.566,-0.77173912525177,-6.76766300201416,8.8125
1613060403552,2021-02-11T16:20:57.196Z,37.606,-0.021739130839705467,-3.76766300201416,11.3125
1613060403591,2021-02-11T16:20:57.198Z,37.645,-0.39673912525177,-14.58016300201416,8.8125
1613060403631,2021-02-11T16:20:57.209Z,37.685,-0.39673912525177,-4.89266300201416,8.8125
1613060403670,2021-02-11T16:20:57.211Z,37.724,-0.77173912525177,-3.76766300201416,10.0625
1613060403710,2021-02-11T16:20:57.222Z,37.764,-1.52173912525177,-4.89266300201416,9.1875
1613060403749,2021-02-11T16:20:57.224Z,37.803,-1.14673912525177,-4.89266300201416,9.25
1613060403789,2021-02-11T16:20:57.226Z,37.843,-0.77173912525177,-3.76766300201416,10.0625
1613060403829,2021-02-11T16:20:57.237Z,37.883,-0.77173912525177,-4.51766300201416,9.1875
1613060403868,2021-02-11T16:20:57.240Z,37.922,-0.39673912525177,-4.89266300201416,10.4375
1613060403908,2021-02-11T16:20:57.242Z,37.962,-0.39673912525177,-4.51766300201416,9.625
1613060403947,2021-02-11T16:20:57.253Z,38.001,-0.77173912525177,-3.39266300201416,8.8125
1613060403987,2021-02-11T16:20:57.255Z,38.041,-0.77173912525177,-6.01766300201416,10
1613060404026,2021-02-11T16:20:57.258Z,38.08,-0.39673912525177,-13.45516300201416,9.625
1613060404066,2021-02-11T16:20:57.269Z,38.12,-0.77173912525177,-4.89266300201416,8.75
1613060404105,2021-02-11T16:20:57.271Z,38.159,-0.39673912525177,-4.14266300201416,10
1613060404145,2021-02-11T16:20:57.273Z,38.199,-0.021739130839705467,-4.89266300201416,9.25
1613060404184,2021-02-11T16:20:57.284Z,38.238,-1.14673912525177,-4.14266300201416,9.625
1613060404224,2021-02-11T16:20:57.286Z,38.278,-0.39673912525177,-4.14266300201416,10.4375
1613060404264,2021-02-11T16:20:57.297Z,38.318,-0.77173912525177,-5.64266300201416,10.4375
1613060404303,2021-02-11T16:20:57.300Z,38.357,-1.14673912525177,-5.26766300201416,10.0625
1613060404343,2021-02-11T16:20:57.328Z,38.397,-1.14673912525177,-4.51766300201416,10.4375
1613060404382,2021-02-11T16:20:57.330Z,38.436,-1.14673912525177,-3.76766300201416,9.1875
1613060404422,2021-02-11T16:20:57.342Z,38.476,-0.39673912525177,-2.70516300201416,10
1613060404461,2021-02-11T16:20:57.344Z,38.515,-0.021739130839705467,-15.33016300201416,10.0625
1613060404501,2021-02-11T16:20:57.346Z,38.555,-0.77173912525177,-4.51766300201416,8.4375
1613060404540,2021-02-11T16:20:57.358Z,38.594,-0.39673912525177,-5.64266300201416,10.875
1613060404580,2021-02-11T16:20:57.360Z,38.634,-0.39673912525177,-3.76766300201416,9.625
1613060404620,2021-02-11T16:20:57.362Z,38.674,0.35326087474823,-4.51766300201416,9.25
1613060404659,2021-02-11T16:20:57.373Z,38.713,-1.14673912525177,-4.51766300201416,10
1613060404699,2021-02-11T16:20:57.376Z,38.753,-0.77173912525177,-4.14266300201416,8.4375
1613060404738,2021-02-11T16:20:57.378Z,38.792,-0.021739130839705467,-4.14266300201416,9.625
1613060404778,2021-02-11T16:20:57.404Z,38.832,-0.77173912525177,-4.14266300201416,10.0625
1613060404817,2021-02-11T16:20:57.406Z,38.871,0.35326087474823,-3.39266300201416,9.1875
1613060404857,2021-02-11T16:20:57.418Z,38.911,0.35326087474823,-8.64266300201416,10
1613060404896,2021-02-11T16:20:57.419Z,38.95,-1.52173912525177,-3.76766300201416,10.0625
1613060404936,2021-02-11T16:20:57.421Z,38.99,-0.021739130839705467,-4.14266300201416,8.8125
1613060404976,2021-02-11T16:20:57.432Z,39.03,1.10326087474823,-4.89266300201416,10.8125
1613060405015,2021-02-11T16:20:57.435Z,39.069,-1.14673912525177,-7.89266300201416,8.8125
1613060405055,2021-02-11T16:20:57.437Z,39.109,-0.77173912525177,-3.39266300201416,9.625
1613060405094,2021-02-11T16:20:57.448Z,39.148,-2.2092392444610596,-4.51766300201416,10.0625
1613060405134,2021-02-11T16:20:57.450Z,39.188,-1.14673912525177,-6.01766300201416,9.625
1613060405173,2021-02-11T16:20:57.464Z,39.227,-0.021739130839705467,-4.51766300201416,10.875
1613060405213,2021-02-11T16:20:57.466Z,39.267,-0.39673912525177,-3.76766300201416,10
1613060405252,2021-02-11T16:20:57.468Z,39.306,-0.39673912525177,-4.89266300201416,9.1875
1613060405292,2021-02-11T16:20:57.479Z,39.346,-1.14673912525177,-4.14266300201416,10
1613060405331,2021-02-11T16:20:57.486Z,39.385,-1.52173912525177,-5.26766300201416,9.625
1613060405371,2021-02-11T16:20:57.492Z,39.425,-1.14673912525177,-4.89266300201416,9.1875
1613060405411,2021-02-11T16:20:57.494Z,39.465,-1.83423912525177,-5.64266300201416,10.8125
1613060405450,2021-02-11T16:20:57.496Z,39.504,-0.39673912525177,-17.205163955688477,8.8125
1613060405490,2021-02-11T16:20:57.508Z,39.544,-1.14673912525177,-5.64266300201416,8.875
1613060405529,2021-02-11T16:20:57.510Z,39.583,-1.52173912525177,-3.76766300201416,10.0625
1613060405569,2021-02-11T16:20:57.512Z,39.623,-1.83423912525177,-4.89266300201416,8
1613060405610,2021-02-11T16:20:57.523Z,39.664,-1.52173912525177,-5.64266300201416,6.375
1613060405649,2021-02-11T16:20:57.526Z,39.703,-1.52173912525177,-4.51766300201416,8
1613060405689,2021-02-11T16:20:57.528Z,39.743,-1.52173912525177,-5.64266300201416,6.375
1613060405728,2021-02-11T16:20:57.554Z,39.782,-2.2092392444610596,-6.76766300201416,8.4375
1613060405768,2021-02-11T16:20:57.556Z,39.822,-1.14673912525177,-5.26766300201416,7.5625
1613060405808,2021-02-11T16:20:57.568Z,39.862,-2.5842392444610596,-4.51766300201416,8
1613060405847,2021-02-11T16:20:57.570Z,39.901,-2.2092392444610596,-4.14266300201416,7.5
1613060405887,2021-02-11T16:20:57.571Z,39.941,-1.83423912525177,-20.517663955688477,8.375
1613060405926,2021-02-11T16:20:57.582Z,39.98,-2.5842392444610596,-4.51766300201416,6.3125
1613060405966,2021-02-11T16:20:57.585Z,40.02,-2.2092392444610596,-4.89266300201416,9.1875
1613060406005,2021-02-11T16:20:57.587Z,40.059,-1.52173912525177,-7.89266300201416,6.3125
1613060406045,2021-02-11T16:20:57.598Z,40.099,-1.83423912525177,-5.64266300201416,7.125
1613060406084,2021-02-11T16:20:57.600Z,40.138,-1.83423912525177,-5.26766300201416,8.375
1613060406124,2021-02-11T16:20:57.603Z,40.178,-1.14673912525177,-4.14266300201416,6.75
1613060406163,2021-02-11T16:20:57.614Z,40.217,-1.14673912525177,-5.64266300201416,7.5625
1613060406203,2021-02-11T16:20:57.616Z,40.257,-2.2092392444610596,-4.14266300201416,8
1613060406243,2021-02-11T16:20:57.618Z,40.297,-2.2092392444610596,-7.89266300201416,7.5625
1613060406282,2021-02-11T16:20:57.629Z,40.336,-1.83423912525177,-5.64266300201416,8
1613060406322,2021-02-11T16:20:57.632Z,40.376,-1.83423912525177,-9.01766300201416,8
1613060406361,2021-02-11T16:20:57.643Z,40.415,-1.52173912525177,-5.26766300201416,6.3125
1613060406401,2021-02-11T16:20:57.645Z,40.455,-1.83423912525177,-6.39266300201416,8.375
1613060406440,2021-02-11T16:20:57.648Z,40.494,-2.5842392444610596,-8.26766300201416,7.125
1613060406480,2021-02-11T16:20:57.659Z,40.534,-1.83423912525177,-4.14266300201416,6.75
1613060406519,2021-02-11T16:20:57.661Z,40.573,-2.2092392444610596,-5.26766300201416,8
1613060406559,2021-02-11T16:20:57.672Z,40.613,-2.2092392444610596,-7.89266300201416,6.75
1613060406599,2021-02-11T16:20:57.674Z,40.653,-1.83423912525177,-6.01766300201416,8
1613060406638,2021-02-11T16:20:57.676Z,40.692,-1.83423912525177,-4.89266300201416,7.1875
1613060406678,2021-02-11T16:20:57.703Z,40.732,-1.83423912525177,-8.26766300201416,7.625
1613060406717,2021-02-11T16:20:57.705Z,40.771,-1.83423912525177,-7.51766300201416,7.5
1613060406757,2021-02-11T16:20:57.707Z,40.811,-2.2092392444610596,-10.14266300201416,7.125
1613060406796,2021-02-11T16:20:57.718Z,40.85,-2.2092392444610596,-9.76766300201416,6.75
1613060406836,2021-02-11T16:20:57.720Z,40.89,-1.83423912525177,-14.95516300201416,7.9375
1613060406875,2021-02-11T16:20:57.723Z,40.929,-1.83423912525177,-14.58016300201416,7.5625
1613060406915,2021-02-11T16:20:57.734Z,40.969,-1.52173912525177,-9.76766300201416,6.3125
1613060406955,2021-02-11T16:20:57.736Z,41.009,-2.5842392444610596,-7.89266300201416,8
1613060406994,2021-02-11T16:20:57.738Z,41.048,-2.5842392444610596,-9.39266300201416,6.75
1613060407034,2021-02-11T16:20:57.749Z,41.088,-2.5842392444610596,-6.76766300201416,8
1613060407073,2021-02-11T16:20:57.751Z,41.127,-2.9592392444610596,-5.26766300201416,7.5
1613060407113,2021-02-11T16:20:57.762Z,41.167,-2.2092392444610596,-5.26766300201416,6.3125
1613060407152,2021-02-11T16:20:57.764Z,41.206,-1.83423912525177,-4.51766300201416,7.125
1613060407192,2021-02-11T16:20:57.767Z,41.246,-2.2092392444610596,-6.76766300201416,6.75
1613060407231,2021-02-11T16:20:57.778Z,41.285,-1.52173912525177,-6.39266300201416,5.5
1613060407271,2021-02-11T16:20:57.780Z,41.325,-2.9592392444610596,-4.89266300201416,7.5625
1613060407310,2021-02-11T16:20:57.782Z,41.364,-1.52173912525177,-26.830163955688477,8
1613060407350,2021-02-11T16:20:57.794Z,41.404,-1.83423912525177,-4.89266300201416,5.9375
1613060407390,2021-02-11T16:20:57.796Z,41.444,-2.2092392444610596,-4.89266300201416,6.75
1613060407429,2021-02-11T16:20:57.838Z,41.483,-1.14673912525177,-5.26766300201416,5.9375
1613060407469,2021-02-11T16:20:57.840Z,41.523,-2.5842392444610596,-4.51766300201416,6.3125
1613060407508,2021-02-11T16:20:57.842Z,41.562,-2.2092392444610596,-6.39266300201416,8
1613060407548,2021-02-11T16:20:57.853Z,41.602,-2.5842392444610596,-4.14266300201416,5.9375
1613060407587,2021-02-11T16:20:57.856Z,41.641,-1.52173912525177,-3.76766300201416,8
1613060407627,2021-02-11T16:20:57.858Z,41.681,-1.83423912525177,-3.39266300201416,7.1875
1613060407666,2021-02-11T16:20:57.869Z,41.72,-2.2092392444610596,-4.14266300201416,5.9375
1613060407706,2021-02-11T16:20:57.871Z,41.76,-2.2092392444610596,-3.76766300201416,8
1613060407746,2021-02-11T16:20:57.882Z,41.8,-1.83423912525177,-15.70516300201416,6.75
1613060407785,2021-02-11T16:20:57.884Z,41.839,-3.7092392444610596,-5.26766300201416,5.5625
1613060407825,2021-02-11T16:20:57.886Z,41.879,-1.52173912525177,-4.89266300201416,7.1875
1613060407864,2021-02-11T16:20:57.897Z,41.918,-1.83423912525177,-6.39266300201416,7.125
1613060407905,2021-02-11T16:20:57.900Z,41.959,-1.83423912525177,-4.14266300201416,5.125
1613060407945,2021-02-11T16:20:57.902Z,41.999,-2.2092392444610596,-3.01766300201416,7.1875
1613060407984,2021-02-11T16:20:57.913Z,42.038,-2.2092392444610596,-5.26766300201416,4.75
1613060408024,2021-02-11T16:20:57.915Z,42.078,-1.52173912525177,-5.64266300201416,6.6875
1613060408063,2021-02-11T16:20:57.918Z,42.117,-1.83423912525177,-4.14266300201416,7.5625
1613060408103,2021-02-11T16:20:57.929Z,42.157,-2.2092392444610596,-4.89266300201416,5.9375
1613060408142,2021-02-11T16:20:57.931Z,42.196,-2.5842392444610596,-4.89266300201416,7.9375
1613060408182,2021-02-11T16:20:57.933Z,42.236,-2.2092392444610596,-4.14266300201416,8.8125
1613060408222,2021-02-11T16:20:57.959Z,42.276,-2.2092392444610596,-3.39266300201416,7.1875
1613060408261,2021-02-11T16:20:57.962Z,42.315,-1.14673912525177,-4.14266300201416,10
1613060408301,2021-02-11T16:20:57.972Z,42.355,-0.77173912525177,-5.26766300201416,10.4375
1613060408340,2021-02-11T16:20:57.974Z,42.394,-1.52173912525177,-4.51766300201416,9.625
1613060408380,2021-02-11T16:20:57.977Z,42.434,-1.52173912525177,-2.70516300201416,11.25
1613060408419,2021-02-11T16:20:57.988Z,42.473,-1.14673912525177,-5.64266300201416,10.4375
1613060408459,2021-02-11T16:20:57.990Z,42.513,-0.77173912525177,-2.70516300201416,11.25
1613060408498,2021-02-11T16:20:57.992Z,42.552,-1.83423912525177,-3.76766300201416,12.5
1613060408538,2021-02-11T16:20:58.004Z,42.592,-0.021739130839705467,-3.01766300201416,11.25
1613060408578,2021-02-11T16:20:58.017Z,42.632,-0.021739130839705467,-3.39266300201416,13.6875
1613060408617,2021-02-11T16:20:58.019Z,42.671,-1.14673912525177,-4.14266300201416,13.75
1613060408657,2021-02-11T16:20:58.022Z,42.711,-0.39673912525177,-3.76766300201416,11.625
1613060408696,2021-02-11T16:20:58.033Z,42.75,-0.39673912525177,-2.70516300201416,12.875
1613060408736,2021-02-11T16:20:58.035Z,42.79,-1.14673912525177,-16.830163955688477,13.75
1613060408775,2021-02-11T16:20:58.037Z,42.829,0.35326087474823,-4.14266300201416,12.0625
1613060408815,2021-02-11T16:20:58.049Z,42.869,-1.14673912525177,-5.26766300201416,12.5
1613060408854,2021-02-11T16:20:58.051Z,42.908,-0.39673912525177,-6.01766300201416,10
1613060408894,2021-02-11T16:20:58.053Z,42.948,0.72826087474823,-4.51766300201416,10.8125
1613060408934,2021-02-11T16:20:58.064Z,42.988,0.35326087474823,-5.26766300201416,11.1875
1613060408973,2021-02-11T16:20:58.067Z,43.027,-0.021739130839705467,-6.39266300201416,10.4375
1613060409013,2021-02-11T16:20:58.077Z,43.067,0.72826087474823,-6.39266300201416,12.5
1613060409052,2021-02-11T16:20:58.079Z,43.106,-0.021739130839705467,-3.76766300201416,11.625
1613060409092,2021-02-11T16:20:58.082Z,43.146,-0.021739130839705467,-3.39266300201416,10
1613060409131,2021-02-11T16:20:58.108Z,43.185,0.35326087474823,-3.39266300201416,10.8125
1613060409171,2021-02-11T16:20:58.110Z,43.225,0.35326087474823,-23.142663955688477,10
1613060409210,2021-02-11T16:20:58.112Z,43.264,0.72826087474823,-4.51766300201416,8.8125
1613060409250,2021-02-11T16:20:58.127Z,43.304,-0.021739130839705467,-4.14266300201416,10.8125
1613060409289,2021-02-11T16:20:58.127Z,43.343,0.72826087474823,-5.26766300201416,9.625
1613060409329,2021-02-11T16:20:58.128Z,43.383,-0.021739130839705467,-5.64266300201416,8.375
1613060409369,2021-02-11T16:20:58.139Z,43.423,-0.39673912525177,-3.39266300201416,10.0625
1613060409408,2021-02-11T16:20:58.141Z,43.462,-0.021739130839705467,-4.51766300201416,8
1613060409448,2021-02-11T16:20:58.153Z,43.502,-0.021739130839705467,-2.33016300201416,11.1875
1613060409487,2021-02-11T16:20:58.154Z,43.541,0.72826087474823,-3.76766300201416,9.625
1613060409527,2021-02-11T16:20:58.157Z,43.581,-0.021739130839705467,-3.39266300201416,8
1613060409566,2021-02-11T16:20:58.167Z,43.62,-0.39673912525177,-2.33016300201416,10.8125
1613060409606,2021-02-11T16:20:58.170Z,43.66,-0.39673912525177,-9.01766300201416,10.8125
1613060409645,2021-02-11T16:20:58.172Z,43.699,-0.39673912525177,-4.14266300201416,9.1875
1613060409685,2021-02-11T16:20:58.183Z,43.739,-0.77173912525177,-4.51766300201416,9.625
1613060409725,2021-02-11T16:20:58.185Z,43.779,-0.77173912525177,-6.39266300201416,10.0625
1613060409764,2021-02-11T16:20:58.199Z,43.818,-0.39673912525177,-3.76766300201416,9.1875
1613060409804,2021-02-11T16:20:58.202Z,43.858,-1.14673912525177,-4.14266300201416,11.25
1613060409845,2021-02-11T16:20:58.212Z,43.899,-0.77173912525177,-3.39266300201416,9.1875
1613060409884,2021-02-11T16:20:58.214Z,43.938,-0.021739130839705467,-4.14266300201416,11.625
1613060409924,2021-02-11T16:20:58.217Z,43.978,-1.14673912525177,-4.14266300201416,11.1875
1613060409963,2021-02-11T16:20:58.228Z,44.017,-1.14673912525177,-5.26766300201416,9.25
1613060410003,2021-02-11T16:20:58.230Z,44.057,-1.52173912525177,-2.33016300201416,11.25
1613060410042,2021-02-11T16:20:58.232Z,44.096,0.35326087474823,-4.14266300201416,9.25
1613060410082,2021-02-11T16:20:58.259Z,44.136,-1.14673912525177,-6.76766300201416,9.1875
1613060410122,2021-02-11T16:20:58.261Z,44.176,-0.77173912525177,-3.39266300201416,9.625
1613060410161,2021-02-11T16:20:58.263Z,44.215,-0.77173912525177,-9.39266300201416,10.875
1613060410201,2021-02-11T16:20:58.274Z,44.255,-1.52173912525177,-6.01766300201416,8.8125
1613060410240,2021-02-11T16:20:58.276Z,44.294,-0.77173912525177,-4.89266300201416,10.0625
1613060410280,2021-02-11T16:20:58.287Z,44.334,-0.77173912525177,-6.76766300201416,10.0625
1613060410319,2021-02-11T16:20:58.289Z,44.373,-0.77173912525177,-4.51766300201416,10.875
1613060410359,2021-02-11T16:20:58.292Z,44.413,-0.77173912525177,-4.51766300201416,10.875
1613060410398,2021-02-11T16:20:58.304Z,44.452,-1.14673912525177,-4.14266300201416,8
1613060410438,2021-02-11T16:20:58.306Z,44.492,-1.14673912525177,-5.26766300201416,10.4375
1613060410477,2021-02-11T16:20:58.308Z,44.531,-0.77173912525177,-4.14266300201416,10
1613060410517,2021-02-11T16:20:58.319Z,44.571,-0.021739130839705467,-4.51766300201416,9.1875
1613060410557,2021-02-11T16:20:58.349Z,44.611,-0.39673912525177,-3.39266300201416,12.0625
1613060410596,2021-02-11T16:20:58.351Z,44.65,0.35326087474823,-21.642663955688477,11.6875
1613060410636,2021-02-11T16:20:58.362Z,44.69,-0.021739130839705467,-3.76766300201416,9.625
1613060410675,2021-02-11T16:20:58.364Z,44.729,0.35326087474823,-4.89266300201416,11.625
1613060410715,2021-02-11T16:20:58.367Z,44.769,-0.77173912525177,-6.01766300201416,10.375
1613060410754,2021-02-11T16:20:58.378Z,44.808,-0.021739130839705467,-7.89266300201416,10.4375
1613060410794,2021-02-11T16:20:58.380Z,44.848,-0.77173912525177,-9.39266300201416,10.375
1613060410833,2021-02-11T16:20:58.382Z,44.887,-0.77173912525177,-10.83016300201416,10
1613060410873,2021-02-11T16:20:58.393Z,44.927,-1.14673912525177,-10.51766300201416,10.8125
1613060410913,2021-02-11T16:20:58.396Z,44.967,-0.021739130839705467,-10.83016300201416,10.375
1613060410952,2021-02-11T16:20:58.398Z,45.006,-0.021739130839705467,-10.83016300201416,8.75
1613060410992,2021-02-11T16:20:58.409Z,45.046,0.35326087474823,-14.58016300201416,10
1613060411031,2021-02-11T16:20:58.411Z,45.085,-0.021739130839705467,-12.33016300201416,10.4375
1613060411071,2021-02-11T16:20:58.422Z,45.125,-0.021739130839705467,-9.76766300201416,10.8125
1613060411110,2021-02-11T16:20:58.425Z,45.164,-0.77173912525177,-9.76766300201416,10.4375
1613060411150,2021-02-11T16:20:58.426Z,45.204,-0.021739130839705467,-8.26766300201416,9.5625
1613060411189,2021-02-11T16:20:58.437Z,45.243,-0.021739130839705467,-6.01766300201416,9.625
1613060411229,2021-02-11T16:20:58.440Z,45.283,0.35326087474823,-4.89266300201416,10
1613060411268,2021-02-11T16:20:58.442Z,45.322,0.35326087474823,-4.51766300201416,9.625
1613060411308,2021-02-11T16:20:58.453Z,45.362,-0.77173912525177,-3.39266300201416,10
1613060411348,2021-02-11T16:20:58.455Z,45.402,-1.14673912525177,-5.26766300201416,11.1875
1613060411387,2021-02-11T16:20:58.458Z,45.441,-0.39673912525177,-3.01766300201416,9.625
1613060411427,2021-02-11T16:20:58.469Z,45.481,-0.021739130839705467,-3.01766300201416,9.1875
1613060411466,2021-02-11T16:20:58.471Z,45.52,0.35326087474823,-4.51766300201416,9.1875
1613060411506,2021-02-11T16:20:58.473Z,45.56,-0.77173912525177,-6.76766300201416,9.5625
1613060411545,2021-02-11T16:20:58.486Z,45.599,-1.14673912525177,-4.89266300201416,10
1613060411585,2021-02-11T16:20:58.488Z,45.639,-1.14673912525177,-6.01766300201416,10.4375
1613060411624,2021-02-11T16:20:58.514Z,45.678,-0.021739130839705467,-2.70516300201416,9.1875
1613060411664,2021-02-11T16:20:58.515Z,45.718,0.35326087474823,-4.14266300201416,10.0625
1613060411704,2021-02-11T16:20:58.518Z,45.758,-0.39673912525177,-6.39266300201416,10.4375
1613060411743,2021-02-11T16:20:58.528Z,45.797,-0.77173912525177,-4.51766300201416,10.8125
1613060411783,2021-02-11T16:20:58.530Z,45.837,-0.021739130839705467,-4.14266300201416,10
1613060411822,2021-02-11T16:20:58.532Z,45.876,-0.39673912525177,-3.76766300201416,9.1875
1613060411862,2021-02-11T16:20:58.544Z,45.916,-0.021739130839705467,-4.51766300201416,10.4375
1613060411901,2021-02-11T16:20:58.546Z,45.955,-0.021739130839705467,-5.26766300201416,9.5625
1613060411941,2021-02-11T16:20:58.548Z,45.995,-0.77173912525177,-4.14266300201416,8.8125
1613060411980,2021-02-11T16:20:58.559Z,46.034,0.35326087474823,-3.01766300201416,9.25
1613060412021,2021-02-11T16:20:58.573Z,46.075,-0.77173912525177,-17.580163955688477,10.4375
1613060412061,2021-02-11T16:20:58.575Z,46.115,-1.14673912525177,-3.76766300201416,7.9375
1613060412101,2021-02-11T16:20:58.577Z,46.155,-0.77173912525177,-5.26766300201416,9.625
1613060412140,2021-02-11T16:20:58.588Z,46.194,-1.52173912525177,-4.14266300201416,10.0625
1613060412180,2021-02-11T16:20:58.591Z,46.234,-0.77173912525177,-3.76766300201416,10
1613060412219,2021-02-11T16:20:58.593Z,46.273,-0.39673912525177,-4.89266300201416,11.25
1613060412259,2021-02-11T16:20:58.604Z,46.313,-1.14673912525177,-3.76766300201416,9.625
1613060412298,2021-02-11T16:20:58.606Z,46.352,-0.39673912525177,-5.26766300201416,10.4375
1613060412338,2021-02-11T16:20:58.617Z,46.392,-0.39673912525177,-2.33016300201416,10.4375
1613060412377,2021-02-11T16:20:58.619Z,46.431,0.35326087474823,-4.89266300201416,8
1613060412417,2021-02-11T16:20:58.621Z,46.471,-0.77173912525177,-2.70516300201416,9.625
1613060412456,2021-02-11T16:20:58.632Z,46.51,-0.77173912525177,-10.14266300201416,9.625
1613060412496,2021-02-11T16:20:58.635Z,46.55,-1.14673912525177,-4.51766300201416,9.25
1613060412536,2021-02-11T16:20:58.637Z,46.59,-1.14673912525177,-6.01766300201416,8.8125
1613060412575,2021-02-11T16:20:58.663Z,46.629,-0.77173912525177,-4.89266300201416,7.5625
1613060412615,2021-02-11T16:20:58.665Z,46.669,-0.77173912525177,-6.01766300201416,8.75
1613060412654,2021-02-11T16:20:58.668Z,46.708,-0.39673912525177,-3.39266300201416,10.875
1613060412694,2021-02-11T16:20:58.679Z,46.748,-1.14673912525177,-4.14266300201416,7.5625
1613060412733,2021-02-11T16:20:58.681Z,46.787,-0.77173912525177,-3.01766300201416,10.4375
1613060412773,2021-02-11T16:20:58.692Z,46.827,-0.77173912525177,-4.89266300201416,10
1613060412812,2021-02-11T16:20:58.694Z,46.866,-0.021739130839705467,-4.89266300201416,9.1875
1613060412852,2021-02-11T16:20:58.696Z,46.906,-0.39673912525177,-5.64266300201416,9.1875
1613060412892,2021-02-11T16:20:58.707Z,46.946,-0.39673912525177,-6.39266300201416,10.375
1613060412931,2021-02-11T16:20:58.710Z,46.985,-0.39673912525177,-5.64266300201416,9.25
1613060412971,2021-02-11T16:20:58.712Z,47.025,0.35326087474823,-4.89266300201416,9.25
1613060413010,2021-02-11T16:20:58.723Z,47.064,-1.14673912525177,-4.51766300201416,8.375
1613060413050,2021-02-11T16:20:58.725Z,47.104,-0.77173912525177,-2.33016300201416,7.125
1613060413089,2021-02-11T16:20:58.728Z,47.143,-0.39673912525177,-4.14266300201416,9.1875
1613060413129,2021-02-11T16:20:58.739Z,47.183,-1.14673912525177,-7.14266300201416,8.4375
1613060413168,2021-02-11T16:20:58.741Z,47.222,-0.39673912525177,-4.51766300201416,9.1875
1613060413208,2021-02-11T16:20:58.752Z,47.262,-0.77173912525177,-2.70516300201416,9.5625
1613060413247,2021-02-11T16:20:58.755Z,47.301,-0.021739130839705467,-4.51766300201416,8
1613060413287,2021-02-11T16:20:58.757Z,47.341,-1.14673912525177,-3.76766300201416,10.0625
1613060413327,2021-02-11T16:20:58.770Z,47.381,-0.77173912525177,-10.83016300201416,9.625
1613060413366,2021-02-11T16:20:58.771Z,47.42,-0.39673912525177,-3.39266300201416,8.375
1613060413406,2021-02-11T16:20:58.773Z,47.46,-0.77173912525177,-6.01766300201416,8.8125
1613060413445,2021-02-11T16:20:58.784Z,47.499,-1.14673912525177,-9.39266300201416,8.8125
1613060413485,2021-02-11T16:20:58.786Z,47.539,-1.83423912525177,-4.51766300201416,10.0625
1613060413524,2021-02-11T16:20:58.788Z,47.578,-1.14673912525177,-5.26766300201416,9.25
1613060413564,2021-02-11T16:20:58.814Z,47.618,-1.52173912525177,-3.01766300201416,9.25
1613060413603,2021-02-11T16:20:58.817Z,47.657,-1.14673912525177,-4.51766300201416,9.625
1613060413643,2021-02-11T16:20:58.858Z,47.697,-2.2092392444610596,-3.76766300201416,10.4375
1613060413683,2021-02-11T16:20:58.860Z,47.737,-1.14673912525177,-4.89266300201416,9.25
1613060413722,2021-02-11T16:20:58.862Z,47.776,-1.52173912525177,-5.64266300201416,9.25
1613060413762,2021-02-11T16:20:58.873Z,47.816,-0.39673912525177,-6.01766300201416,10.0625
1613060413801,2021-02-11T16:20:58.876Z,47.855,-1.14673912525177,-4.51766300201416,9.625
1613060413841,2021-02-11T16:20:58.878Z,47.895,-1.14673912525177,-3.39266300201416,10.4375
1613060413880,2021-02-11T16:20:58.889Z,47.934,-0.77173912525177,-16.830163955688477,10
1613060413920,2021-02-11T16:20:58.891Z,47.974,-1.14673912525177,-4.51766300201416,9.1875
1613060413959,2021-02-11T16:20:58.902Z,48.013,-0.77173912525177,-4.14266300201416,10.8125
1613060413999,2021-02-11T16:20:58.905Z,48.053,-1.52173912525177,-5.26766300201416,9.625
1613060414040,2021-02-11T16:20:58.906Z,48.094,-1.14673912525177,-4.14266300201416,9.625
1613060414080,2021-02-11T16:20:58.917Z,48.134,-1.83423912525177,-5.26766300201416,10.0625
1613060414119,2021-02-11T16:20:58.920Z,48.173,-1.14673912525177,-3.76766300201416,10.4375
1613060414157,2021-02-11T16:20:58.921Z,48.211,-0.77173912525177,-4.89266300201416,10.8125
1613060414197,2021-02-11T16:20:58.932Z,48.251,-1.14673912525177,-3.39266300201416,11.1875
1613060414236,2021-02-11T16:20:58.934Z,48.29,-1.14673912525177,-4.89266300201416,9.1875
1613060414276,2021-02-11T16:20:58.937Z,48.33,-0.77173912525177,-3.39266300201416,9.1875
1613060414315,2021-02-11T16:20:58.948Z,48.369,-0.77173912525177,-19.017663955688477,11.1875
1613060414355,2021-02-11T16:20:58.950Z,48.409,-1.14673912525177,-4.89266300201416,9.625
1613060414394,2021-02-11T16:20:58.953Z,48.448,-1.52173912525177,-3.39266300201416,10.4375
1613060414434,2021-02-11T16:20:58.964Z,48.488,-1.14673912525177,-4.89266300201416,10.375
1613060414474,2021-02-11T16:20:58.966Z,48.528,-1.14673912525177,-4.14266300201416,9.625
1613060414513,2021-02-11T16:20:58.977Z,48.567,-1.52173912525177,-2.33016300201416,10.4375
1613060414553,2021-02-11T16:20:58.979Z,48.607,-1.52173912525177,-5.26766300201416,9.1875
1613060414594,2021-02-11T16:20:58.982Z,48.648,-0.39673912525177,-4.14266300201416,11.25
1613060414633,2021-02-11T16:20:58.993Z,48.687,-1.14673912525177,-3.76766300201416,10
1613060414673,2021-02-11T16:20:58.995Z,48.727,-1.14673912525177,-3.39266300201416,8.8125
1613060414712,2021-02-11T16:20:58.997Z,48.766,-0.77173912525177,-3.76766300201416,11.25
1613060414752,2021-02-11T16:20:59.009Z,48.806,0.35326087474823,-5.26766300201416,9.625
1613060414791,2021-02-11T16:20:59.011Z,48.845,-1.14673912525177,-5.64266300201416,10.0625
1613060414831,2021-02-11T16:20:59.013Z,48.885,-0.39673912525177,-3.76766300201416,11.1875
1613060414871,2021-02-11T16:20:59.024Z,48.925,-0.77173912525177,-5.64266300201416,10.0625
1613060414910,2021-02-11T16:20:59.026Z,48.964,-0.77173912525177,-4.89266300201416,10
1613060414950,2021-02-11T16:20:59.038Z,49.004,-1.14673912525177,-3.76766300201416,10.8125
1613060414989,2021-02-11T16:20:59.039Z,49.043,-1.14673912525177,-7.89266300201416,9.625
1613060415029,2021-02-11T16:20:59.042Z,49.083,-2.2092392444610596,-11.20516300201416,9.6875
1613060415068,2021-02-11T16:20:59.068Z,49.122,-0.39673912525177,-9.01766300201416,10.0625
1613060415108,2021-02-11T16:20:59.070Z,49.162,-0.77173912525177,-10.14266300201416,9.625
1613060415147,2021-02-11T16:20:59.072Z,49.201,-0.77173912525177,-11.20516300201416,11.6875
1613060415187,2021-02-11T16:20:59.084Z,49.241,-1.14673912525177,-10.51766300201416,10.875
1613060415226,2021-02-11T16:20:59.086Z,49.28,-0.77173912525177,-9.01766300201416,8.8125
1613060415266,2021-02-11T16:20:59.088Z,49.32,-1.52173912525177,-8.64266300201416,9.625
1613060415306,2021-02-11T16:20:59.099Z,49.36,-1.52173912525177,-20.892663955688477,10.8125
1613060415345,2021-02-11T16:20:59.101Z,49.399,-0.77173912525177,-6.39266300201416,8.8125
1613060415385,2021-02-11T16:20:59.113Z,49.439,-1.14673912525177,-3.76766300201416,10.4375
1613060415424,2021-02-11T16:20:59.114Z,49.478,-1.14673912525177,-6.01766300201416,8.375
1613060415464,2021-02-11T16:20:59.128Z,49.518,-0.77173912525177,-3.01766300201416,10.0625
1613060415503,2021-02-11T16:20:59.131Z,49.557,-0.021739130839705467,-6.39266300201416,9.5625
1613060415543,2021-02-11T16:20:59.133Z,49.597,-1.52173912525177,-5.64266300201416,9.25
1613060415582,2021-02-11T16:20:59.144Z,49.636,-1.52173912525177,-5.26766300201416,10.4375
1613060415622,2021-02-11T16:20:59.146Z,49.676,-1.14673912525177,-4.89266300201416,10.875
1613060415662,2021-02-11T16:20:59.157Z,49.716,-0.77173912525177,-6.01766300201416,8
1613060415701,2021-02-11T16:20:59.159Z,49.755,-0.77173912525177,-3.01766300201416,10
1613060415741,2021-02-11T16:20:59.162Z,49.795,-1.83423912525177,-23.142663955688477,8.375
1613060415780,2021-02-11T16:20:59.172Z,49.834,-0.77173912525177,-4.51766300201416,8.8125
1613060415820,2021-02-11T16:20:59.175Z,49.874,-0.77173912525177,-4.14266300201416,10.8125
1613060415859,2021-02-11T16:20:59.177Z,49.913,-0.77173912525177,-3.39266300201416,9.1875
1613060415899,2021-02-11T16:20:59.188Z,49.953,-0.39673912525177,-4.14266300201416,10
1613060415938,2021-02-11T16:20:59.190Z,49.992,-0.77173912525177,-6.01766300201416,10
1613060415978,2021-02-11T16:20:59.193Z,50.032,-1.14673912525177,-4.51766300201416,9.1875
1613060416017,2021-02-11T16:20:59.219Z,50.071,-1.14673912525177,-5.64266300201416,11.1875
1613060416057,2021-02-11T16:20:59.221Z,50.111,-1.83423912525177,-3.76766300201416,10.4375
1613060416097,2021-02-11T16:20:59.223Z,50.151,-1.83423912525177,-4.14266300201416,7.5625
1613060416136,2021-02-11T16:20:59.234Z,50.19,-0.77173912525177,-4.51766300201416,11.25
1613060416176,2021-02-11T16:20:59.237Z,50.23,-1.14673912525177,-13.45516300201416,10.875
1613060416215,2021-02-11T16:20:59.247Z,50.269,-0.77173912525177,-6.01766300201416,7.9375
1613060416255,2021-02-11T16:20:59.249Z,50.309,-0.77173912525177,-5.26766300201416,10.0625
1613060416294,2021-02-11T16:20:59.252Z,50.348,-1.52173912525177,-7.51766300201416,8.8125
1613060416334,2021-02-11T16:20:59.263Z,50.388,-0.39673912525177,-4.89266300201416,7.5625
1613060416373,2021-02-11T16:20:59.265Z,50.427,-0.77173912525177,-4.51766300201416,11.25
1613060416413,2021-02-11T16:20:59.268Z,50.467,-2.2092392444610596,-1.9551630020141602,8.4375
1613060416453,2021-02-11T16:20:59.279Z,50.507,-0.39673912525177,-4.51766300201416,10.4375
1613060416492,2021-02-11T16:20:59.281Z,50.546,-1.14673912525177,-5.64266300201416,9.625
1613060416532,2021-02-11T16:20:59.283Z,50.586,-1.14673912525177,-6.39266300201416,8.8125
1613060416571,2021-02-11T16:20:59.294Z,50.625,-0.77173912525177,-4.14266300201416,10.0625
1613060416611,2021-02-11T16:20:59.307Z,50.665,-0.021739130839705467,-3.39266300201416,10.4375
1613060416650,2021-02-11T16:20:59.309Z,50.704,-1.14673912525177,-4.14266300201416,8.375
1613060416690,2021-02-11T16:20:59.311Z,50.744,-0.77173912525177,-3.01766300201416,10.875
1613060416729,2021-02-11T16:20:59.322Z,50.783,-0.77173912525177,-7.51766300201416,8.8125
1613060416769,2021-02-11T16:20:59.368Z,50.823,-2.2092392444610596,-5.26766300201416,9.625
1613060416809,2021-02-11T16:20:59.370Z,50.863,-1.14673912525177,-3.39266300201416,10
1613060416848,2021-02-11T16:20:59.373Z,50.902,-0.39673912525177,-4.89266300201416,8.75
1613060416888,2021-02-11T16:20:59.384Z,50.942,-1.83423912525177,-4.89266300201416,10.8125
1613060416927,2021-02-11T16:20:59.386Z,50.981,-0.39673912525177,-4.89266300201416,10.375
1613060416967,2021-02-11T16:20:59.398Z,51.021,-1.52173912525177,-3.39266300201416,9.1875
1613060417006,2021-02-11T16:20:59.399Z,51.06,-0.77173912525177,-4.89266300201416,10
1613060417046,2021-02-11T16:20:59.401Z,51.1,-1.52173912525177,-3.76766300201416,10
1613060417085,2021-02-11T16:20:59.412Z,51.139,-1.14673912525177,-3.76766300201416,8.75
1613060417125,2021-02-11T16:20:59.415Z,51.179,-1.14673912525177,-4.51766300201416,10.4375
1613060417164,2021-02-11T16:20:59.417Z,51.218,-1.14673912525177,-14.20516300201416,10.375
1613060417204,2021-02-11T16:20:59.428Z,51.258,-0.021739130839705467,-4.51766300201416,8
1613060417245,2021-02-11T16:20:59.430Z,51.299,-1.14673912525177,-4.89266300201416,10
1613060417285,2021-02-11T16:20:59.433Z,51.339,-1.52173912525177,-7.51766300201416,8.375
1613060417324,2021-02-11T16:20:59.444Z,51.378,-1.52173912525177,-3.39266300201416,9.625
1613060417364,2021-02-11T16:20:59.446Z,51.418,-0.39673912525177,-4.89266300201416,11.25
1613060417403,2021-02-11T16:20:59.448Z,51.457,-1.14673912525177,-4.14266300201416,8.375
1613060417443,2021-02-11T16:20:59.459Z,51.497,-1.14673912525177,-4.14266300201416,10.875
1613060417482,2021-02-11T16:20:59.462Z,51.536,-0.77173912525177,-4.51766300201416,10.8125
1613060417522,2021-02-11T16:20:59.472Z,51.576,-0.77173912525177,-3.01766300201416,8.375
1613060417561,2021-02-11T16:20:59.474Z,51.615,-0.39673912525177,-5.26766300201416,10.0625
1613060417601,2021-02-11T16:20:59.477Z,51.655,-2.2092392444610596,-19.767663955688477,9.625
1613060417641,2021-02-11T16:20:59.490Z,51.695,-1.52173912525177,-4.51766300201416,9.25
1613060417680,2021-02-11T16:20:59.491Z,51.734,-1.14673912525177,-4.14266300201416,9.5625
1613060417720,2021-02-11T16:20:59.492Z,51.774,-0.77173912525177,-4.14266300201416,8.8125
1613060417759,2021-02-11T16:20:59.504Z,51.813,-1.14673912525177,-3.01766300201416,9.625
1613060417799,2021-02-11T16:20:59.506Z,51.853,-0.77173912525177,-3.39266300201416,10
1613060417838,2021-02-11T16:20:59.508Z,51.892,-1.14673912525177,-6.39266300201416,9.625
1613060417878,2021-02-11T16:20:59.519Z,51.932,-1.52173912525177,-4.51766300201416,10.875
1613060417917,2021-02-11T16:20:59.522Z,51.971,-1.52173912525177,-5.26766300201416,10.8125
1613060417957,2021-02-11T16:20:59.532Z,52.011,-1.14673912525177,-4.89266300201416,10
1613060417997,2021-02-11T16:20:59.534Z,52.051,-0.77173912525177,-4.89266300201416,11.1875
1613060418036,2021-02-11T16:20:59.536Z,52.09,-0.021739130839705467,-9.39266300201416,10.8125
1613060418076,2021-02-11T16:20:59.548Z,52.13,-1.14673912525177,-5.64266300201416,10.0625
1613060418115,2021-02-11T16:20:59.550Z,52.169,-1.14673912525177,-5.26766300201416,11.25
1613060418155,2021-02-11T16:20:59.552Z,52.209,-1.14673912525177,-6.01766300201416,8.375
1613060418194,2021-02-11T16:20:59.563Z,52.248,-0.39673912525177,-4.14266300201416,8.8125
1613060418234,2021-02-11T16:20:59.566Z,52.288,-0.39673912525177,-3.39266300201416,11.25
1613060418273,2021-02-11T16:20:59.568Z,52.327,-1.83423912525177,-4.51766300201416,8.8125
1613060418313,2021-02-11T16:20:59.579Z,52.367,0.35326087474823,-4.14266300201416,9.625
1613060418352,2021-02-11T16:20:59.581Z,52.406,-0.39673912525177,-3.39266300201416,11.25
1613060418392,2021-02-11T16:20:59.593Z,52.446,-0.77173912525177,-4.51766300201416,8.8125
1613060418432,2021-02-11T16:20:59.595Z,52.486,-1.14673912525177,-4.51766300201416,10.875
1613060418471,2021-02-11T16:20:59.597Z,52.525,-0.39673912525177,-4.51766300201416,10.8125
1613060418511,2021-02-11T16:20:59.623Z,52.565,-0.39673912525177,-4.89266300201416,10.875
1613060418550,2021-02-11T16:20:59.626Z,52.604,-1.52173912525177,-4.14266300201416,10
1613060418590,2021-02-11T16:20:59.628Z,52.644,-1.52173912525177,-11.20516300201416,9.1875
1613060418629,2021-02-11T16:20:59.639Z,52.683,-1.52173912525177,-3.76766300201416,8.8125
1613060418669,2021-02-11T16:20:59.641Z,52.723,-1.14673912525177,-4.14266300201416,10.4375
1613060418708,2021-02-11T16:20:59.652Z,52.762,-0.77173912525177,-5.26766300201416,9.625
1613060418748,2021-02-11T16:20:59.654Z,52.802,-1.14673912525177,-4.14266300201416,8.8125
1613060418788,2021-02-11T16:20:59.657Z,52.842,-0.39673912525177,-3.39266300201416,8.8125
1613060418827,2021-02-11T16:20:59.668Z,52.881,-1.14673912525177,-5.64266300201416,9.625
1613060418867,2021-02-11T16:20:59.670Z,52.921,-1.52173912525177,-3.76766300201416,10
1613060418906,2021-02-11T16:20:59.684Z,52.96,-1.52173912525177,-4.51766300201416,10.4375
1613060418946,2021-02-11T16:20:59.686Z,53,-1.83423912525177,-7.14266300201416,7.125
1613060418985,2021-02-11T16:20:59.697Z,53.039,-1.14673912525177,-7.14266300201416,8.8125
1613060419025,2021-02-11T16:20:59.699Z,53.079,-0.77173912525177,-20.142663955688477,8.375
1613060419064,2021-02-11T16:20:59.701Z,53.118,-1.14673912525177,-12.33016300201416,8
1613060419104,2021-02-11T16:20:59.712Z,53.158,-1.14673912525177,-15.70516300201416,9.5625
1613060419143,2021-02-11T16:20:59.715Z,53.197,-1.52173912525177,-14.20516300201416,6.75
1613060419183,2021-02-11T16:20:59.717Z,53.237,-1.52173912525177,-12.33016300201416,8.4375
1613060419223,2021-02-11T16:20:59.728Z,53.277,-1.83423912525177,-9.39266300201416,8
1613060419262,2021-02-11T16:20:59.730Z,53.316,-1.52173912525177,-10.83016300201416,7.1875
1613060419302,2021-02-11T16:20:59.733Z,53.356,-1.83423912525177,-9.39266300201416,6.75
1613060419341,2021-02-11T16:20:59.744Z,53.395,-1.52173912525177,-6.39266300201416,7.5625
1613060419381,2021-02-11T16:20:59.746Z,53.435,-1.14673912525177,-6.39266300201416,5.5
1613060419420,2021-02-11T16:20:59.748Z,53.474,-1.52173912525177,-6.01766300201416,7.5625
1613060419460,2021-02-11T16:20:59.774Z,53.514,-1.52173912525177,-12.33016300201416,7.1875
1613060419499,2021-02-11T16:20:59.777Z,53.553,-1.14673912525177,-5.26766300201416,5.9375
1613060419539,2021-02-11T16:20:59.787Z,53.593,-1.52173912525177,-3.76766300201416,6.3125
1613060419579,2021-02-11T16:20:59.789Z,53.633,-1.83423912525177,-4.89266300201416,5.125
1613060419618,2021-02-11T16:20:59.792Z,53.672,-1.14673912525177,-6.76766300201416,4.75
1613060419658,2021-02-11T16:20:59.803Z,53.712,-2.5842392444610596,-5.26766300201416,6.75
1613060419699,2021-02-11T16:20:59.805Z,53.753,-2.5842392444610596,-4.14266300201416,5.9375
1613060419738,2021-02-11T16:20:59.807Z,53.792,-1.83423912525177,-5.26766300201416,7.125
1613060419778,2021-02-11T16:20:59.819Z,53.832,-2.2092392444610596,-3.76766300201416,6.6875
1613060419817,2021-02-11T16:20:59.821Z,53.871,-2.2092392444610596,-4.51766300201416,5.0625
1613060419857,2021-02-11T16:20:59.823Z,53.911,-1.83423912525177,-4.89266300201416,7.125
1613060419896,2021-02-11T16:20:59.864Z,53.95,-1.14673912525177,-7.14266300201416,6.3125
1613060419936,2021-02-11T16:20:59.867Z,53.99,-2.2092392444610596,-6.01766300201416,5.125
1613060419976,2021-02-11T16:20:59.877Z,54.03,-2.5842392444610596,-4.89266300201416,6.6875
1613060420015,2021-02-11T16:20:59.880Z,54.069,-1.83423912525177,-5.26766300201416,5.5625
1613060420055,2021-02-11T16:20:59.882Z,54.109,-1.83423912525177,-5.26766300201416,5.125
1613060420094,2021-02-11T16:20:59.893Z,54.148,-1.52173912525177,-4.51766300201416,7.5625
1613060420134,2021-02-11T16:20:59.895Z,54.188,-1.83423912525177,-6.01766300201416,6.75
1613060420173,2021-02-11T16:20:59.898Z,54.227,-1.14673912525177,-5.26766300201416,6.375
1613060420213,2021-02-11T16:20:59.924Z,54.267,-2.2092392444610596,-3.39266300201416,6.75
1613060420252,2021-02-11T16:20:59.926Z,54.306,-1.14673912525177,-6.01766300201416,5.9375
1613060420292,2021-02-11T16:20:59.928Z,54.346,-2.2092392444610596,-3.39266300201416,7.125
1613060420331,2021-02-11T16:20:59.939Z,54.385,-1.83423912525177,-3.39266300201416,6.75
1613060420371,2021-02-11T16:20:59.942Z,54.425,-2.9592392444610596,-4.51766300201416,5.9375
1613060420411,2021-02-11T16:20:59.952Z,54.465,-2.5842392444610596,-5.64266300201416,6.375
1613060420450,2021-02-11T16:20:59.954Z,54.504,-1.83423912525177,-8.26766300201416,7.1875
1613060420490,2021-02-11T16:20:59.957Z,54.544,-1.83423912525177,-3.39266300201416,5.125
1613060420529,2021-02-11T16:20:59.968Z,54.583,-1.14673912525177,-4.51766300201416,5.9375
1613060420569,2021-02-11T16:20:59.970Z,54.623,-2.5842392444610596,-7.51766300201416,7.125
1613060420608,2021-02-11T16:20:59.972Z,54.662,-2.2092392444610596,-5.64266300201416,6.75
1613060420648,2021-02-11T16:20:59.984Z,54.702,-2.2092392444610596,-4.51766300201416,6.75
1613060420687,2021-02-11T16:20:59.986Z,54.741,-1.83423912525177,-4.89266300201416,6.3125
1613060420727,2021-02-11T16:20:59.988Z,54.781,-1.52173912525177,-7.14266300201416,6.3125
1613060420767,2021-02-11T16:20:59.999Z,54.821,-1.83423912525177,-4.51766300201416,7.125
1613060420806,2021-02-11T16:21:00.002Z,54.86,-1.83423912525177,-4.89266300201416,5.9375
1613060420846,2021-02-11T16:21:00.012Z,54.9,-2.2092392444610596,-4.89266300201416,6.75
1613060420885,2021-02-11T16:21:00.014Z,54.939,-1.83423912525177,-16.830163955688477,6.75
1613060420925,2021-02-11T16:21:00.017Z,54.979,-2.2092392444610596,-7.14266300201416,4.6875
1613060420964,2021-02-11T16:21:00.028Z,55.018,-1.83423912525177,-5.64266300201416,5.5
1613060421004,2021-02-11T16:21:00.030Z,55.058,-2.2092392444610596,-5.64266300201416,5.5625
1613060421043,2021-02-11T16:21:00.032Z,55.097,-1.52173912525177,-5.64266300201416,5.5625
1613060421083,2021-02-11T16:21:00.044Z,55.137,-1.14673912525177,-5.64266300201416,8
1613060421122,2021-02-11T16:21:00.046Z,55.176,-1.83423912525177,-4.51766300201416,5.5
1613060421162,2021-02-11T16:21:00.048Z,55.216,-1.83423912525177,-3.76766300201416,7.125
1613060421202,2021-02-11T16:21:00.059Z,55.256,-1.83423912525177,-4.89266300201416,5.9375
1613060421241,2021-02-11T16:21:00.062Z,55.295,-1.52173912525177,-6.39266300201416,5.5625
1613060421281,2021-02-11T16:21:00.072Z,55.335,-1.52173912525177,-4.14266300201416,6.75
1613060421320,2021-02-11T16:21:00.074Z,55.374,-1.52173912525177,-20.142663955688477,6.75
1613060421360,2021-02-11T16:21:00.077Z,55.414,-1.83423912525177,-3.01766300201416,7.5625
1613060421399,2021-02-11T16:21:00.088Z,55.453,-2.2092392444610596,-11.95516300201416,8.375
1613060421439,2021-02-11T16:21:00.090Z,55.493,-1.52173912525177,-5.26766300201416,6.3125
1613060421478,2021-02-11T16:21:00.092Z,55.532,-2.5842392444610596,-4.89266300201416,5.9375
1613060421518,2021-02-11T16:21:00.103Z,55.572,-2.5842392444610596,-4.89266300201416,5.9375
1613060421558,2021-02-11T16:21:00.106Z,55.612,-2.2092392444610596,-3.76766300201416,5.9375
1613060421597,2021-02-11T16:21:00.108Z,55.651,-1.83423912525177,-6.01766300201416,6.375
1613060421637,2021-02-11T16:21:00.119Z,55.691,-2.2092392444610596,-3.76766300201416,6.375
1613060421676,2021-02-11T16:21:00.121Z,55.73,-1.83423912525177,-5.26766300201416,5.5625
1613060421716,2021-02-11T16:21:00.132Z,55.77,-1.83423912525177,-5.26766300201416,8
1613060421755,2021-02-11T16:21:00.134Z,55.809,-1.83423912525177,-7.14266300201416,7.125
1613060421795,2021-02-11T16:21:00.137Z,55.849,-2.5842392444610596,-6.01766300201416,6.75
1613060421834,2021-02-11T16:21:00.147Z,55.888,-1.83423912525177,-3.01766300201416,8.8125
1613060421874,2021-02-11T16:21:00.150Z,55.928,-2.9592392444610596,-4.89266300201416,8
1613060421915,2021-02-11T16:21:00.152Z,55.969,-2.9592392444610596,-4.89266300201416,5.9375
1613060421955,2021-02-11T16:21:00.178Z,56.009,-1.83423912525177,-3.76766300201416,7.5
1613060421994,2021-02-11T16:21:00.180Z,56.048,-2.5842392444610596,-4.89266300201416,6.75
1613060422034,2021-02-11T16:21:00.183Z,56.088,-2.5842392444610596,-3.39266300201416,8.375
1613060422073,2021-02-11T16:21:00.195Z,56.127,-3.7092392444610596,-3.01766300201416,8.8125
1613060422113,2021-02-11T16:21:00.196Z,56.167,-1.83423912525177,-4.51766300201416,7.1875
1613060422152,2021-02-11T16:21:00.198Z,56.206,-2.2092392444610596,-3.76766300201416,7.5625
1613060422192,2021-02-11T16:21:00.210Z,56.246,-1.14673912525177,-3.39266300201416,8.375
1613060422231,2021-02-11T16:21:00.211Z,56.285,-1.83423912525177,-4.14266300201416,9.25
1613060422271,2021-02-11T16:21:00.223Z,56.325,-1.83423912525177,-5.64266300201416,9.1875
1613060422310,2021-02-11T16:21:00.224Z,56.364,-2.2092392444610596,-7.89266300201416,9.625
1613060422350,2021-02-11T16:21:00.239Z,56.404,-0.77173912525177,-4.89266300201416,9.25
1613060422390,2021-02-11T16:21:00.241Z,56.444,-0.77173912525177,-5.26766300201416,9.625
1613060422429,2021-02-11T16:21:00.252Z,56.483,-1.14673912525177,-4.89266300201416,8.8125
1613060422469,2021-02-11T16:21:00.254Z,56.523,-0.39673912525177,-3.76766300201416,10.0625
1613060422508,2021-02-11T16:21:00.257Z,56.562,0.72826087474823,-3.76766300201416,9.25
1613060422548,2021-02-11T16:21:00.268Z,56.602,-0.021739130839705467,-5.64266300201416,7.5625
1613060422587,2021-02-11T16:21:00.270Z,56.641,-1.14673912525177,-4.14266300201416,8.8125
1613060422627,2021-02-11T16:21:00.272Z,56.681,-0.77173912525177,-5.64266300201416,10.0625
1613060422666,2021-02-11T16:21:00.284Z,56.72,-0.39673912525177,-6.01766300201416,8
1613060422706,2021-02-11T16:21:00.286Z,56.76,-0.021739130839705467,-6.39266300201416,8.375
1613060422746,2021-02-11T16:21:00.288Z,56.8,-0.39673912525177,-22.392663955688477,8.8125
1613060422785,2021-02-11T16:21:00.300Z,56.839,-0.39673912525177,-6.39266300201416,7.9375
1613060422825,2021-02-11T16:21:00.302Z,56.879,-1.14673912525177,-6.76766300201416,8
1613060422864,2021-02-11T16:21:00.327Z,56.918,0.35326087474823,-3.76766300201416,7.5625
1613060422904,2021-02-11T16:21:00.329Z,56.958,-0.021739130839705467,-4.89266300201416,8.4375
1613060422943,2021-02-11T16:21:00.332Z,56.997,-0.39673912525177,-5.64266300201416,8.375
1613060422983,2021-02-11T16:21:00.373Z,57.037,-0.021739130839705467,-4.14266300201416,6.75
1613060423022,2021-02-11T16:21:00.375Z,57.076,-0.77173912525177,-6.39266300201416,7.5625
1613060423062,2021-02-11T16:21:00.378Z,57.116,-0.77173912525177,-7.14266300201416,7.1875
1613060423101,2021-02-11T16:21:00.389Z,57.155,-2.2092392444610596,-9.01766300201416,5.9375
1613060423141,2021-02-11T16:21:00.391Z,57.195,-1.14673912525177,-13.83016300201416,8.8125
1613060423181,2021-02-11T16:21:00.402Z,57.235,-0.77173912525177,-19.392663955688477,6.3125
1613060423220,2021-02-11T16:21:00.404Z,57.274,-0.77173912525177,-14.20516300201416,5.875
1613060423260,2021-02-11T16:21:00.417Z,57.314,-1.52173912525177,-12.33016300201416,7.125
1613060423299,2021-02-11T16:21:00.419Z,57.353,-1.14673912525177,-10.14266300201416,6.375
1613060423339,2021-02-11T16:21:00.422Z,57.393,-0.39673912525177,-7.14266300201416,5.5625
1613060423378,2021-02-11T16:21:00.433Z,57.432,-0.39673912525177,-6.39266300201416,6.75
1613060423418,2021-02-11T16:21:00.435Z,57.472,-1.14673912525177,-5.64266300201416,5.9375
1613060423457,2021-02-11T16:21:00.437Z,57.511,-0.39673912525177,-3.76766300201416,7.125
1613060423497,2021-02-11T16:21:00.449Z,57.551,-0.39673912525177,-4.14266300201416,8.8125
1613060423537,2021-02-11T16:21:00.452Z,57.591,-1.52173912525177,-6.01766300201416,5.5
1613060423576,2021-02-11T16:21:00.453Z,57.63,-0.77173912525177,-4.51766300201416,6.6875
1613060423616,2021-02-11T16:21:00.479Z,57.67,-0.39673912525177,-5.64266300201416,7.125
1613060423655,2021-02-11T16:21:00.482Z,57.709,-0.77173912525177,-4.89266300201416,5.9375
1613060423695,2021-02-11T16:21:00.492Z,57.749,-0.39673912525177,-4.51766300201416,7.5625
1613060423734,2021-02-11T16:21:00.494Z,57.788,-0.77173912525177,-6.39266300201416,5.9375
1613060423775,2021-02-11T16:21:00.497Z,57.829,-0.39673912525177,-5.64266300201416,7.5625
1613060423815,2021-02-11T16:21:00.508Z,57.869,-0.39673912525177,-5.26766300201416,7.5625
1613060423854,2021-02-11T16:21:00.510Z,57.908,-0.77173912525177,-5.26766300201416,5.9375
1613060423894,2021-02-11T16:21:00.512Z,57.948,-0.39673912525177,-4.51766300201416,8.375
1613060423934,2021-02-11T16:21:00.523Z,57.988,-1.14673912525177,-5.64266300201416,6.75
1613060423973,2021-02-11T16:21:00.526Z,58.027,-0.39673912525177,-6.39266300201416,5.9375
1613060424013,2021-02-11T16:21:00.528Z,58.067,-1.52173912525177,-4.89266300201416,7.1875
1613060424052,2021-02-11T16:21:00.539Z,58.106,-0.39673912525177,-6.76766300201416,7.125
1613060424092,2021-02-11T16:21:00.541Z,58.146,-0.39673912525177,-5.26766300201416,6.75
1613060424131,2021-02-11T16:21:00.552Z,58.185,-0.39673912525177,-6.01766300201416,8
1613060424171,2021-02-11T16:21:00.554Z,58.225,-1.14673912525177,-18.330163955688477,6.375
1613060424210,2021-02-11T16:21:00.557Z,58.264,-1.14673912525177,-4.14266300201416,7.1875
1613060424250,2021-02-11T16:21:00.568Z,58.304,-0.021739130839705467,-4.89266300201416,7.5625
1613060424289,2021-02-11T16:21:00.570Z,58.343,-0.77173912525177,-5.26766300201416,7.125
1613060424329,2021-02-11T16:21:00.572Z,58.383,-0.77173912525177,-4.89266300201416,6.75
1613060424369,2021-02-11T16:21:00.583Z,58.423,-0.77173912525177,-4.51766300201416,7.5625
1613060424408,2021-02-11T16:21:00.585Z,58.462,-0.77173912525177,-5.64266300201416,5.5625
1613060424448,2021-02-11T16:21:00.588Z,58.502,-1.52173912525177,-3.76766300201416,7.1875
1613060424487,2021-02-11T16:21:00.599Z,58.541,-0.77173912525177,-3.39266300201416,8
1613060424527,2021-02-11T16:21:00.601Z,58.581,-0.77173912525177,-5.26766300201416,7.5625
1613060424566,2021-02-11T16:21:00.603Z,58.62,-0.39673912525177,-4.51766300201416,7.1875
1613060424606,2021-02-11T16:21:00.614Z,58.66,-1.52173912525177,-20.892663955688477,7.5
1613060424645,2021-02-11T16:21:00.616Z,58.699,-0.77173912525177,-5.64266300201416,5.875
1613060424685,2021-02-11T16:21:00.627Z,58.739,-0.77173912525177,-4.14266300201416,6.75
1613060424725,2021-02-11T16:21:00.629Z,58.779,-0.39673912525177,-5.26766300201416,7.5625
1613060424764,2021-02-11T16:21:00.632Z,58.818,-0.77173912525177,-4.14266300201416,7.5625
1613060424804,2021-02-11T16:21:00.643Z,58.858,-0.021739130839705467,-4.89266300201416,8
1613060424843,2021-02-11T16:21:00.645Z,58.897,-0.021739130839705467,-5.26766300201416,6.75
1613060424883,2021-02-11T16:21:00.647Z,58.937,-0.021739130839705467,-3.39266300201416,8.4375
1613060424922,2021-02-11T16:21:00.659Z,58.976,-0.77173912525177,-4.89266300201416,7.1875
1613060424962,2021-02-11T16:21:00.661Z,59.016,-0.77173912525177,-3.39266300201416,5.125
1613060425001,2021-02-11T16:21:00.663Z,59.055,-1.14673912525177,-5.26766300201416,7.5625
1613060425041,2021-02-11T16:21:00.674Z,59.095,-0.39673912525177,-10.51766300201416,7.5
1613060425080,2021-02-11T16:21:00.677Z,59.134,-1.52173912525177,-4.51766300201416,5.9375
1613060425120,2021-02-11T16:21:00.687Z,59.174,-0.021739130839705467,-5.64266300201416,7.1875
1613060425160,2021-02-11T16:21:00.689Z,59.214,-1.14673912525177,-4.14266300201416,6.3125
1613060425199,2021-02-11T16:21:00.692Z,59.253,-0.39673912525177,-3.76766300201416,5.9375
1613060425239,2021-02-11T16:21:00.703Z,59.293,-0.39673912525177,-4.14266300201416,8
1613060425278,2021-02-11T16:21:00.705Z,59.332,-0.39673912525177,-4.89266300201416,5.125
1613060425318,2021-02-11T16:21:00.707Z,59.372,-2.2092392444610596,-4.51766300201416,7.1875
1613060425357,2021-02-11T16:21:00.734Z,59.411,-0.39673912525177,-5.26766300201416,7.5625
1613060425397,2021-02-11T16:21:00.736Z,59.451,-1.52173912525177,-4.89266300201416,5.9375
1613060425436,2021-02-11T16:21:00.738Z,59.49,-0.39673912525177,-3.76766300201416,5.9375
1613060425476,2021-02-11T16:21:00.749Z,59.53,-0.39673912525177,-6.76766300201416,7.1875
1613060425516,2021-02-11T16:21:00.752Z,59.57,-0.77173912525177,-4.51766300201416,5.5625
1613060425555,2021-02-11T16:21:00.762Z,59.609,-1.14673912525177,-2.70516300201416,6.75
1613060425595,2021-02-11T16:21:00.764Z,59.649,-1.14673912525177,-6.76766300201416,5.9375
1613060425634,2021-02-11T16:21:00.767Z,59.688,-1.52173912525177,-6.01766300201416,6.375
1613060425674,2021-02-11T16:21:00.778Z,59.728,-0.39673912525177,-4.51766300201416,6.75
1613060425713,2021-02-11T16:21:00.780Z,59.767,-0.39673912525177,-5.26766300201416,6.375
1613060425754,2021-02-11T16:21:00.794Z,59.808,-0.39673912525177,-6.01766300201416,5.9375
1613060425794,2021-02-11T16:21:00.796Z,59.848,-1.14673912525177,-4.51766300201416,6.75
1613060425833,2021-02-11T16:21:00.807Z,59.887,-0.021739130839705467,-3.39266300201416,5.125
1613060425873,2021-02-11T16:21:00.809Z,59.927,-0.77173912525177,-5.64266300201416,6.375
1613060425913,2021-02-11T16:21:00.812Z,59.967,-1.14673912525177,-5.26766300201416,6.75
1613060425952,2021-02-11T16:21:00.822Z,60.006,-0.021739130839705467,-3.01766300201416,5.9375
1613060425992,2021-02-11T16:21:00.825Z,60.046,-0.021739130839705467,-4.89266300201416,8
1613060426031,2021-02-11T16:21:00.827Z,60.085,-0.39673912525177,-22.767663955688477,7.5625
1613060426071,2021-02-11T16:21:00.838Z,60.125,-0.77173912525177,-3.76766300201416,5.125
1613060426110,2021-02-11T16:21:00.885Z,60.164,-1.52173912525177,-4.51766300201416,7.1875
1613060426150,2021-02-11T16:21:00.886Z,60.204,-0.77173912525177,-4.51766300201416,5.9375
1613060426189,2021-02-11T16:21:00.898Z,60.243,-1.14673912525177,-3.39266300201416,6.75
1613060426229,2021-02-11T16:21:00.900Z,60.283,-1.52173912525177,-4.51766300201416,7.1875
1613060426268,2021-02-11T16:21:00.902Z,60.322,-1.83423912525177,-3.76766300201416,6.75
1613060426308,2021-02-11T16:21:00.913Z,60.362,-1.52173912525177,-4.51766300201416,7.5625
1613060426348,2021-02-11T16:21:00.915Z,60.402,-0.021739130839705467,-5.64266300201416,7.125
1613060426387,2021-02-11T16:21:00.918Z,60.441,-1.52173912525177,-4.14266300201416,6.3125
1613060426427,2021-02-11T16:21:00.929Z,60.481,-0.39673912525177,-5.64266300201416,6.375
1613060426466,2021-02-11T16:21:00.931Z,60.52,0.35326087474823,-22.767663955688477,8
1613060426506,2021-02-11T16:21:00.942Z,60.56,-1.52173912525177,-4.51766300201416,5.5
1613060426545,2021-02-11T16:21:00.945Z,60.599,-0.021739130839705467,-4.89266300201416,8.375
1613060426585,2021-02-11T16:21:00.947Z,60.639,-0.021739130839705467,-6.76766300201416,6.3125
1613060426624,2021-02-11T16:21:00.958Z,60.678,-0.77173912525177,-4.14266300201416,5.5625
1613060426664,2021-02-11T16:21:00.960Z,60.718,-1.83423912525177,-4.14266300201416,7.125
1613060426704,2021-02-11T16:21:00.972Z,60.758,-2.2092392444610596,-3.01766300201416,5.9375
1613060426743,2021-02-11T16:21:00.974Z,60.797,-1.52173912525177,-3.39266300201416,6.75
1613060426783,2021-02-11T16:21:00.976Z,60.837,-0.39673912525177,-5.64266300201416,8.375
1613060426822,2021-02-11T16:21:00.987Z,60.876,-1.14673912525177,-5.26766300201416,5.5
1613060426862,2021-02-11T16:21:00.990Z,60.916,-0.77173912525177,-5.26766300201416,7.1875
1613060426901,2021-02-11T16:21:00.992Z,60.955,-0.39673912525177,-9.39266300201416,7.5
1613060426941,2021-02-11T16:21:01.003Z,60.995,-0.021739130839705467,-5.26766300201416,6.75
1613060426980,2021-02-11T16:21:01.005Z,61.034,-0.77173912525177,-4.89266300201416,6.375
1613060427020,2021-02-11T16:21:01.008Z,61.074,-0.77173912525177,-6.39266300201416,7.125
1613060427059,2021-02-11T16:21:01.034Z,61.113,-0.77173912525177,-10.14266300201416,6.75
1613060427099,2021-02-11T16:21:01.036Z,61.153,-0.77173912525177,-10.51766300201416,7.5625
1613060427139,2021-02-11T16:21:01.038Z,61.193,-0.77173912525177,-10.51766300201416,7.125
1613060427178,2021-02-11T16:21:01.049Z,61.232,-0.021739130839705467,-13.08016300201416,6.75
1613060427218,2021-02-11T16:21:01.052Z,61.272,-0.39673912525177,-13.83016300201416,7.1875
1613060427257,2021-02-11T16:21:01.062Z,61.311,-0.39673912525177,-13.08016300201416,6.75
1613060427297,2021-02-11T16:21:01.065Z,61.351,-0.77173912525177,-13.08016300201416,5.9375
1613060427336,2021-02-11T16:21:01.067Z,61.39,-1.52173912525177,-9.39266300201416,6.75
1613060427376,2021-02-11T16:21:01.078Z,61.43,-0.39673912525177,-6.39266300201416,5.125
1613060427415,2021-02-11T16:21:01.080Z,61.469,-1.14673912525177,-5.64266300201416,6.3125
1613060427455,2021-02-11T16:21:01.083Z,61.509,-0.021739130839705467,-9.39266300201416,5.5
1613060427495,2021-02-11T16:21:01.094Z,61.549,-0.39673912525177,-6.39266300201416,5.875
1613060427534,2021-02-11T16:21:01.096Z,61.588,-0.39673912525177,-7.14266300201416,6.6875
1613060427574,2021-02-11T16:21:01.098Z,61.628,-1.14673912525177,-3.76766300201416,6.3125
1613060427613,2021-02-11T16:21:01.109Z,61.667,-0.39673912525177,-4.51766300201416,6.3125
1613060427653,2021-02-11T16:21:01.112Z,61.707,-0.77173912525177,-5.26766300201416,6.75
1613060427692,2021-02-11T16:21:01.122Z,61.746,-0.39673912525177,-3.76766300201416,5.125
1613060427732,2021-02-11T16:21:01.124Z,61.786,-0.77173912525177,-4.14266300201416,7.5625
1613060427771,2021-02-11T16:21:01.127Z,61.825,-1.52173912525177,-4.51766300201416,7.1875
1613060427811,2021-02-11T16:21:01.138Z,61.865,-1.14673912525177,-4.89266300201416,6.375
1613060427851,2021-02-11T16:21:01.140Z,61.905,-0.39673912525177,-3.76766300201416,7.1875
1613060427890,2021-02-11T16:21:01.142Z,61.944,-0.77173912525177,-20.142663955688477,8
1613060427930,2021-02-11T16:21:01.154Z,61.984,-0.77173912525177,-5.64266300201416,6.6875
1613060427969,2021-02-11T16:21:01.156Z,62.023,-0.77173912525177,-4.51766300201416,5.9375
1613060428009,2021-02-11T16:21:01.158Z,62.063,-1.52173912525177,-3.76766300201416,6.75
1613060428048,2021-02-11T16:21:01.169Z,62.102,-0.021739130839705467,-4.51766300201416,6.6875
1613060428088,2021-02-11T16:21:01.172Z,62.142,-0.77173912525177,-4.89266300201416,6.75
1613060428127,2021-02-11T16:21:01.182Z,62.181,-0.39673912525177,-4.14266300201416,6.75
1613060428167,2021-02-11T16:21:01.184Z,62.221,-1.14673912525177,-3.39266300201416,6.75
1613060428206,2021-02-11T16:21:01.186Z,62.26,-1.14673912525177,-4.14266300201416,6.3125
1613060428247,2021-02-11T16:21:01.198Z,62.301,-0.77173912525177,-5.26766300201416,5.9375
1613060428287,2021-02-11T16:21:01.200Z,62.341,-1.14673912525177,-6.76766300201416,8
1613060428327,2021-02-11T16:21:01.202Z,62.381,-1.14673912525177,-15.70516300201416,6.75
1613060428366,2021-02-11T16:21:01.213Z,62.42,-0.77173912525177,-3.76766300201416,5.9375
1613060428406,2021-02-11T16:21:01.216Z,62.46,0.35326087474823,-5.64266300201416,6.75
1613060428445,2021-02-11T16:21:01.218Z,62.499,-1.52173912525177,-4.89266300201416,5.5625
1613060428485,2021-02-11T16:21:01.229Z,62.539,-0.39673912525177,-6.01766300201416,5.125
1613060428524,2021-02-11T16:21:01.231Z,62.578,-1.14673912525177,-5.64266300201416,8.8125
1613060428564,2021-02-11T16:21:01.242Z,62.618,-0.39673912525177,-4.14266300201416,5.5
1613060428603,2021-02-11T16:21:01.244Z,62.657,-0.77173912525177,-3.76766300201416,6.75
1613060428643,2021-02-11T16:21:01.247Z,62.697,-1.83423912525177,-4.51766300201416,7.1875
1613060428683,2021-02-11T16:21:01.257Z,62.737,-0.77173912525177,-3.39266300201416,6.6875
1613060428722,2021-02-11T16:21:01.260Z,62.776,-1.14673912525177,-4.14266300201416,7.1875
1613060428762,2021-02-11T16:21:01.262Z,62.816,-0.021739130839705467,-4.51766300201416,8
1613060428801,2021-02-11T16:21:01.288Z,62.855,-1.14673912525177,-7.14266300201416,6.75
1613060428841,2021-02-11T16:21:01.290Z,62.895,-1.83423912525177,-5.26766300201416,6.75
1613060428880,2021-02-11T16:21:01.293Z,62.934,-0.39673912525177,-6.01766300201416,5.875
1613060428920,2021-02-11T16:21:01.304Z,62.974,-0.39673912525177,-6.39266300201416,5.9375
1613060428959,2021-02-11T16:21:01.306Z,63.013,-0.39673912525177,-4.14266300201416,7.5625
1613060428999,2021-02-11T16:21:01.308Z,63.053,-0.021739130839705467,-4.89266300201416,6.375
1613060429038,2021-02-11T16:21:01.319Z,63.092,-0.39673912525177,-4.89266300201416,6.375
1613060429078,2021-02-11T16:21:01.322Z,63.132,-1.14673912525177,-3.39266300201416,7.5625
1613060429118,2021-02-11T16:21:01.332Z,63.172,-1.52173912525177,-3.76766300201416,6.375
1613060429157,2021-02-11T16:21:01.334Z,63.211,-0.77173912525177,-3.01766300201416,7.125
1613060429197,2021-02-11T16:21:01.378Z,63.251,-0.39673912525177,-6.76766300201416,8
1613060429236,2021-02-11T16:21:01.380Z,63.29,-0.021739130839705467,-3.76766300201416,5.125
1613060429276,2021-02-11T16:21:01.383Z,63.33,-1.52173912525177,-4.51766300201416,7.5625
1613060429315,2021-02-11T16:21:01.394Z,63.369,-1.83423912525177,-8.26766300201416,5.5
1613060429355,2021-02-11T16:21:01.396Z,63.409,-1.14673912525177,-5.26766300201416,5.9375
1613060429394,2021-02-11T16:21:01.407Z,63.448,-1.14673912525177,-2.70516300201416,6.75
1613060429434,2021-02-11T16:21:01.409Z,63.488,-1.52173912525177,-4.51766300201416,7.5625
1613060429474,2021-02-11T16:21:01.411Z,63.528,-0.77173912525177,-5.26766300201416,6.75
1613060429513,2021-02-11T16:21:01.437Z,63.567,-0.77173912525177,-4.51766300201416,6.75
1613060429553,2021-02-11T16:21:01.440Z,63.607,-0.77173912525177,-6.01766300201416,6.375
1613060429592,2021-02-11T16:21:01.442Z,63.646,-1.14673912525177,-4.89266300201416,6.75
1613060429632,2021-02-11T16:21:01.453Z,63.686,-0.77173912525177,-8.64266300201416,6.75
1613060429671,2021-02-11T16:21:01.455Z,63.725,-0.39673912525177,-5.26766300201416,5.9375
1613060429711,2021-02-11T16:21:01.458Z,63.765,-0.39673912525177,-6.76766300201416,6.75
1613060429750,2021-02-11T16:21:01.469Z,63.804,-1.83423912525177,-13.08016300201416,6.75
1613060429790,2021-02-11T16:21:01.471Z,63.844,-0.77173912525177,-4.89266300201416,6.3125
1613060429830,2021-02-11T16:21:01.473Z,63.884,-1.52173912525177,-5.26766300201416,7.1875
1613060429869,2021-02-11T16:21:01.489Z,63.923,-1.14673912525177,-4.89266300201416,6.375
1613060429909,2021-02-11T16:21:01.490Z,63.963,-0.77173912525177,-2.70516300201416,6.375
1613060429948,2021-02-11T16:21:01.498Z,64.002,-1.14673912525177,-3.76766300201416,6.375
1613060429988,2021-02-11T16:21:01.500Z,64.042,-1.52173912525177,-6.39266300201416,5.9375
1613060430027,2021-02-11T16:21:01.502Z,64.081,-0.021739130839705467,-5.64266300201416,7.5625
1613060430067,2021-02-11T16:21:01.513Z,64.121,-1.14673912525177,-4.14266300201416,8
1613060430106,2021-02-11T16:21:01.515Z,64.16,-0.39673912525177,-3.39266300201416,6.3125
1613060430146,2021-02-11T16:21:01.529Z,64.2,-1.14673912525177,-4.51766300201416,6.3125
1613060430185,2021-02-11T16:21:01.532Z,64.239,-0.39673912525177,-22.392663955688477,8
1613060430225,2021-02-11T16:21:01.543Z,64.279,-0.77173912525177,-4.14266300201416,5.5
1613060430265,2021-02-11T16:21:01.544Z,64.319,-0.39673912525177,-4.51766300201416,7.125
1613060430304,2021-02-11T16:21:01.546Z,64.358,-1.14673912525177,-7.14266300201416,7.1875
1613060430344,2021-02-11T16:21:01.558Z,64.398,-0.39673912525177,-4.14266300201416,6.375
1613060430383,2021-02-11T16:21:01.559Z,64.437,-1.14673912525177,-3.01766300201416,6.6875
1613060430423,2021-02-11T16:21:01.562Z,64.477,-1.14673912525177,-4.89266300201416,5.875
1613060430462,2021-02-11T16:21:01.587Z,64.516,-0.77173912525177,-4.89266300201416,6.75
1613060430502,2021-02-11T16:21:01.591Z,64.556,-1.14673912525177,-4.51766300201416,8.4375
1613060430541,2021-02-11T16:21:01.593Z,64.595,-1.14673912525177,-3.76766300201416,5.9375
1613060430581,2021-02-11T16:21:01.604Z,64.635,-1.83423912525177,-4.89266300201416,8
1613060430621,2021-02-11T16:21:01.606Z,64.675,-1.52173912525177,-14.95516300201416,8
1613060430660,2021-02-11T16:21:01.617Z,64.714,-1.14673912525177,-7.89266300201416,6.75
1613060430700,2021-02-11T16:21:01.620Z,64.754,-0.39673912525177,-3.76766300201416,8
1613060430739,2021-02-11T16:21:01.622Z,64.793,-1.52173912525177,-3.39266300201416,6.75
1613060430779,2021-02-11T16:21:01.632Z,64.833,-0.021739130839705467,-4.89266300201416,5.125
1613060430818,2021-02-11T16:21:01.635Z,64.872,-0.39673912525177,-4.51766300201416,7.1875
1613060430858,2021-02-11T16:21:01.637Z,64.912,-1.52173912525177,-3.01766300201416,7.1875
1613060430897,2021-02-11T16:21:01.649Z,64.951,-0.77173912525177,-4.89266300201416,7.1875
1613060430937,2021-02-11T16:21:01.650Z,64.991,-0.77173912525177,-3.39266300201416,8.4375
1613060430976,2021-02-11T16:21:01.653Z,65.03,-1.14673912525177,-4.89266300201416,5.9375
1613060431016,2021-02-11T16:21:01.664Z,65.07,-0.77173912525177,-4.89266300201416,8
1613060431056,2021-02-11T16:21:01.666Z,65.11,-0.39673912525177,-8.26766300201416,9.25
1613060431095,2021-02-11T16:21:01.668Z,65.149,-0.77173912525177,-11.20516300201416,7.1875
1613060431135,2021-02-11T16:21:01.679Z,65.189,-0.021739130839705467,-9.01766300201416,7.5625
1613060431174,2021-02-11T16:21:01.682Z,65.228,-1.14673912525177,-11.58016300201416,6.375
1613060431214,2021-02-11T16:21:01.692Z,65.268,-0.77173912525177,-10.14266300201416,7.1875
1613060431253,2021-02-11T16:21:01.694Z,65.307,-0.39673912525177,-8.26766300201416,8
1613060431294,2021-02-11T16:21:01.697Z,65.348,-0.39673912525177,-8.64266300201416,6.375
1613060431334,2021-02-11T16:21:01.708Z,65.388,-0.39673912525177,-4.89266300201416,7.1875
1613060431373,2021-02-11T16:21:01.710Z,65.427,-0.77173912525177,-4.14266300201416,8
1613060431413,2021-02-11T16:21:01.713Z,65.467,-0.77173912525177,-3.39266300201416,5.5625
1613060431453,2021-02-11T16:21:01.724Z,65.507,-1.52173912525177,-5.64266300201416,7.125
1613060431492,2021-02-11T16:21:01.726Z,65.546,-0.39673912525177,-19.392663955688477,6.75
1613060431532,2021-02-11T16:21:01.728Z,65.586,-0.77173912525177,-4.51766300201416,4.3125
1613060431571,2021-02-11T16:21:01.739Z,65.625,-0.77173912525177,-7.14266300201416,6.75
1613060431611,2021-02-11T16:21:01.742Z,65.665,-1.14673912525177,-10.51766300201416,6.375
1613060431650,2021-02-11T16:21:01.752Z,65.704,-1.52173912525177,-2.33016300201416,4.6875
1613060431690,2021-02-11T16:21:01.754Z,65.744,-1.14673912525177,-3.76766300201416,6.75
1613060431729,2021-02-11T16:21:01.757Z,65.783,-1.14673912525177,-8.26766300201416,5.9375
1613060431769,2021-02-11T16:21:01.768Z,65.823,-0.77173912525177,-3.76766300201416,5.9375
1613060431809,2021-02-11T16:21:01.770Z,65.863,-1.52173912525177,-4.89266300201416,7.5625
1613060431848,2021-02-11T16:21:01.772Z,65.902,-0.39673912525177,-5.26766300201416,5.125
1613060431888,2021-02-11T16:21:01.784Z,65.942,-0.77173912525177,-6.39266300201416,6.75
1613060431927,2021-02-11T16:21:01.786Z,65.981,-0.021739130839705467,-7.14266300201416,5.9375
1613060431967,2021-02-11T16:21:01.788Z,66.021,-1.14673912525177,-6.01766300201416,7.1875
1613060432006,2021-02-11T16:21:01.799Z,66.06,-1.14673912525177,-4.51766300201416,7.125
1613060432046,2021-02-11T16:21:01.802Z,66.1,-0.77173912525177,-17.205163955688477,5.5
1613060432085,2021-02-11T16:21:01.812Z,66.139,-1.14673912525177,-5.26766300201416,5.9375
1613060432125,2021-02-11T16:21:01.814Z,66.179,-1.14673912525177,-6.76766300201416,6.6875
1613060432164,2021-02-11T16:21:01.817Z,66.218,-1.52173912525177,-4.89266300201416,5.5625
1613060432204,2021-02-11T16:21:01.843Z,66.258,-1.83423912525177,-3.76766300201416,6.375
1613060432244,2021-02-11T16:21:01.845Z,66.298,-0.77173912525177,-6.01766300201416,6.75
1613060432283,2021-02-11T16:21:01.847Z,66.337,-1.52173912525177,-6.76766300201416,5.9375
1613060432323,2021-02-11T16:21:01.889Z,66.377,-1.14673912525177,-5.26766300201416,7.5625
1613060432362,2021-02-11T16:21:01.891Z,66.416,-1.14673912525177,-3.39266300201416,6.75
1613060432402,2021-02-11T16:21:01.893Z,66.456,-1.83423912525177,-4.89266300201416,4.6875
1613060432441,2021-02-11T16:21:01.904Z,66.495,-0.39673912525177,-4.51766300201416,6.6875
1613060432481,2021-02-11T16:21:01.906Z,66.535,-1.83423912525177,-23.517663955688477,7.1875
1613060432520,2021-02-11T16:21:01.918Z,66.574,-1.83423912525177,-4.14266300201416,5.9375
1613060432560,2021-02-11T16:21:01.919Z,66.614,-1.52173912525177,-4.89266300201416,7.1875
1613060432600,2021-02-11T16:21:01.922Z,66.654,-1.14673912525177,-5.64266300201416,4.75
1613060432639,2021-02-11T16:21:01.933Z,66.693,-1.83423912525177,-4.14266300201416,5.9375
1613060432679,2021-02-11T16:21:01.935Z,66.733,-1.83423912525177,-4.14266300201416,8
1613060432718,2021-02-11T16:21:01.937Z,66.772,-2.2092392444610596,-4.51766300201416,5.5
1613060432758,2021-02-11T16:21:01.949Z,66.812,-0.39673912525177,-7.51766300201416,6.75
1613060432797,2021-02-11T16:21:01.951Z,66.851,-1.14673912525177,-3.01766300201416,6.75
1613060432837,2021-02-11T16:21:01.953Z,66.891,-1.83423912525177,-4.51766300201416,7.125
1613060432876,2021-02-11T16:21:01.964Z,66.93,-1.52173912525177,-4.51766300201416,6.75
1613060432916,2021-02-11T16:21:01.967Z,66.97,-2.2092392444610596,-21.267663955688477,7.1875
1613060432955,2021-02-11T16:21:01.993Z,67.009,-2.2092392444610596,-3.39266300201416,6.75
1613060432995,2021-02-11T16:21:01.994Z,67.049,-1.14673912525177,-3.76766300201416,7.1875
1613060433035,2021-02-11T16:21:01.997Z,67.089,-2.5842392444610596,-5.26766300201416,6.75
1613060433074,2021-02-11T16:21:02.009Z,67.128,-2.2092392444610596,-4.51766300201416,5.5625
1613060433114,2021-02-11T16:21:02.010Z,67.168,-1.14673912525177,-6.39266300201416,6.375
1613060433153,2021-02-11T16:21:02.012Z,67.207,-2.5842392444610596,-4.14266300201416,5.5625
1613060433193,2021-02-11T16:21:02.023Z,67.247,-1.83423912525177,-6.76766300201416,6.75
1613060433232,2021-02-11T16:21:02.026Z,67.286,-2.2092392444610596,-3.76766300201416,6.375
1613060433272,2021-02-11T16:21:02.028Z,67.326,-1.83423912525177,-6.39266300201416,4.75
1613060433311,2021-02-11T16:21:02.039Z,67.365,-2.2092392444610596,-5.26766300201416,5.5625
1613060433351,2021-02-11T16:21:02.041Z,67.405,-1.14673912525177,-12.70516300201416,8.8125
1613060433391,2021-02-11T16:21:02.052Z,67.445,-1.52173912525177,-6.01766300201416,5.5625
1613060433430,2021-02-11T16:21:02.054Z,67.484,-2.2092392444610596,-6.39266300201416,7.5625
1613060433470,2021-02-11T16:21:02.057Z,67.524,-0.77173912525177,-6.01766300201416,6.75
1613060433509,2021-02-11T16:21:02.068Z,67.563,-1.83423912525177,-4.51766300201416,6
1613060433549,2021-02-11T16:21:02.070Z,67.603,-1.83423912525177,-4.89266300201416,8
1613060433588,2021-02-11T16:21:02.084Z,67.642,-1.52173912525177,-7.14266300201416,5.125
1613060433628,2021-02-11T16:21:02.086Z,67.682,-1.14673912525177,-4.89266300201416,8
1613060433667,2021-02-11T16:21:02.097Z,67.721,-0.77173912525177,-4.14266300201416,6.8125
1613060433707,2021-02-11T16:21:02.099Z,67.761,-1.14673912525177,-4.89266300201416,5.125
1613060433747,2021-02-11T16:21:02.102Z,67.801,-1.83423912525177,-5.26766300201416,6.8125
1613060433786,2021-02-11T16:21:02.112Z,67.84,-0.77173912525177,-4.89266300201416,7.5625
1613060433826,2021-02-11T16:21:02.115Z,67.88,-0.77173912525177,-6.39266300201416,6.375
1613060433865,2021-02-11T16:21:02.117Z,67.919,-1.83423912525177,-3.76766300201416,7.1875
1613060433905,2021-02-11T16:21:02.143Z,67.959,-1.52173912525177,-10.14266300201416,7.1875
1613060433944,2021-02-11T16:21:02.145Z,67.998,-0.39673912525177,-5.26766300201416,6.375
1613060433984,2021-02-11T16:21:02.148Z,68.038,-1.52173912525177,-4.51766300201416,7.1875
1613060434023,2021-02-11T16:21:02.159Z,68.077,-1.14673912525177,-6.76766300201416,6.75
1613060434063,2021-02-11T16:21:02.161Z,68.117,-1.52173912525177,-4.14266300201416,6.75
1613060434102,2021-02-11T16:21:02.163Z,68.156,-1.14673912525177,-5.26766300201416,5.9375
1613060434142,2021-02-11T16:21:02.174Z,68.196,-1.52173912525177,-7.51766300201416,6.75
1613060434182,2021-02-11T16:21:02.177Z,68.236,-0.77173912525177,-6.76766300201416,7.5625
1613060434221,2021-02-11T16:21:02.187Z,68.275,-1.52173912525177,-4.51766300201416,6.375
1613060434261,2021-02-11T16:21:02.189Z,68.315,-0.77173912525177,-5.26766300201416,5.125
1613060434300,2021-02-11T16:21:02.192Z,68.354,-1.52173912525177,-5.26766300201416,5.9375
1613060434340,2021-02-11T16:21:02.203Z,68.394,-1.83423912525177,-11.20516300201416,4.3125
1613060434379,2021-02-11T16:21:02.205Z,68.433,-0.39673912525177,-3.76766300201416,5.625
1613060434419,2021-02-11T16:21:02.207Z,68.473,-1.83423912525177,-7.14266300201416,6.375
1613060434458,2021-02-11T16:21:02.219Z,68.512,-1.52173912525177,-7.51766300201416,7.1875
1613060434498,2021-02-11T16:21:02.221Z,68.552,-1.14673912525177,-6.76766300201416,5.9375
1613060434538,2021-02-11T16:21:02.232Z,68.592,-1.14673912525177,-5.26766300201416,8
1613060434577,2021-02-11T16:21:02.234Z,68.631,-1.83423912525177,-6.76766300201416,5.5625
1613060434617,2021-02-11T16:21:02.237Z,68.671,-1.52173912525177,-4.14266300201416,8
1613060434656,2021-02-11T16:21:02.248Z,68.71,-1.83423912525177,-5.64266300201416,8
1613060434696,2021-02-11T16:21:02.250Z,68.75,-2.9592392444610596,-9.01766300201416,6.375
1613060434735,2021-02-11T16:21:02.252Z,68.789,-1.52173912525177,-10.51766300201416,8
1613060434775,2021-02-11T16:21:02.264Z,68.829,-1.83423912525177,-19.017663955688477,10.0625
1613060434814,2021-02-11T16:21:02.266Z,68.868,-1.52173912525177,-13.45516300201416,7.5625
1613060434854,2021-02-11T16:21:02.268Z,68.908,-1.83423912525177,-17.955163955688477,10.5
1613060434893,2021-02-11T16:21:02.279Z,68.947,-1.52173912525177,-12.33016300201416,9.25
1613060434933,2021-02-11T16:21:02.282Z,68.987,-1.52173912525177,-10.14266300201416,9.25
1613060434973,2021-02-11T16:21:02.292Z,69.027,-1.83423912525177,-7.14266300201416,10.875
1613060435012,2021-02-11T16:21:02.294Z,69.066,-1.14673912525177,-7.89266300201416,9.25
1613060435052,2021-02-11T16:21:02.297Z,69.106,-1.14673912525177,-5.26766300201416,11.25
1613060435091,2021-02-11T16:21:02.308Z,69.145,-1.83423912525177,-4.14266300201416,11.6875
1613060435131,2021-02-11T16:21:02.310Z,69.185,-1.52173912525177,-4.89266300201416,9.625
1613060435170,2021-02-11T16:21:02.312Z,69.224,-1.52173912525177,-3.76766300201416,12.0625
1613060435210,2021-02-11T16:21:02.323Z,69.264,-1.52173912525177,-13.08016300201416,12.5
1613060435249,2021-02-11T16:21:02.326Z,69.303,-1.14673912525177,-4.89266300201416,10.0625
1613060435289,2021-02-11T16:21:02.328Z,69.343,-0.39673912525177,-4.14266300201416,10.0625
1613060435329,2021-02-11T16:21:02.339Z,69.383,-1.14673912525177,-4.89266300201416,8.8125
1613060435368,2021-02-11T16:21:02.341Z,69.422,-0.021739130839705467,-5.26766300201416,10.4375
1613060435408,2021-02-11T16:21:02.352Z,69.462,-0.77173912525177,-3.01766300201416,9.625
1613060435447,2021-02-11T16:21:02.399Z,69.501,0.35326087474823,-4.89266300201416,9.25
1613060435487,2021-02-11T16:21:02.402Z,69.541,-0.39673912525177,-4.89266300201416,11.6875
1613060435526,2021-02-11T16:21:02.413Z,69.58,-1.14673912525177,-4.89266300201416,11.6875
1613060435567,2021-02-11T16:21:02.415Z,69.621,0.35326087474823,-3.76766300201416,10.0625
1613060435607,2021-02-11T16:21:02.418Z,69.661,-0.77173912525177,-5.64266300201416,9.625
1613060435646,2021-02-11T16:21:02.429Z,69.7,-0.021739130839705467,-6.01766300201416,10.875
1613060435686,2021-02-11T16:21:02.431Z,69.74,-0.77173912525177,-8.64266300201416,10
1613060435726,2021-02-11T16:21:02.433Z,69.78,-0.39673912525177,-5.26766300201416,10.8125
1613060435765,2021-02-11T16:21:02.444Z,69.819,-0.77173912525177,-5.26766300201416,9.625
1613060435805,2021-02-11T16:21:02.458Z,69.859,-1.14673912525177,-5.64266300201416,8.8125
1613060435844,2021-02-11T16:21:02.460Z,69.898,-0.39673912525177,-6.01766300201416,10.4375
1613060435884,2021-02-11T16:21:02.462Z,69.938,-1.14673912525177,-3.76766300201416,9.625
1613060435923,2021-02-11T16:21:02.474Z,69.977,-0.39673912525177,-4.89266300201416,9.625
1613060435963,2021-02-11T16:21:02.476Z,70.017,-0.39673912525177,-4.14266300201416,11.625
1613060436002,2021-02-11T16:21:02.478Z,70.056,-0.77173912525177,-4.89266300201416,10.0625
1613060436042,2021-02-11T16:21:02.503Z,70.096,-0.39673912525177,-3.76766300201416,11.25
1613060436081,2021-02-11T16:21:02.503Z,70.135,-0.77173912525177,-7.51766300201416,10.4375
1613060436121,2021-02-11T16:21:02.503Z,70.175,-1.14673912525177,-4.14266300201416,9.25
1613060436161,2021-02-11T16:21:02.511Z,70.215,-0.77173912525177,-4.14266300201416,10.875
1613060436200,2021-02-11T16:21:02.512Z,70.254,-1.14673912525177,-4.14266300201416,10.4375
1613060436240,2021-02-11T16:21:02.525Z,70.294,-1.52173912525177,-5.64266300201416,9.625
1613060436279,2021-02-11T16:21:02.526Z,70.333,-0.77173912525177,-6.39266300201416,10.4375
1613060436319,2021-02-11T16:21:02.527Z,70.373,-1.14673912525177,-4.89266300201416,9.625
1613060436358,2021-02-11T16:21:02.548Z,70.412,-0.77173912525177,-6.01766300201416,10.875
1613060436398,2021-02-11T16:21:02.551Z,70.452,-0.021739130839705467,-5.26766300201416,11.25
1613060436437,2021-02-11T16:21:02.553Z,70.491,-0.77173912525177,-4.14266300201416,10
1613060436477,2021-02-11T16:21:02.564Z,70.531,-0.39673912525177,-4.89266300201416,12.0625
1613060436517,2021-02-11T16:21:02.566Z,70.571,-1.14673912525177,-3.39266300201416,10.875
1613060436556,2021-02-11T16:21:02.577Z,70.61,-1.14673912525177,-4.89266300201416,10.4375
1613060436596,2021-02-11T16:21:02.579Z,70.65,-1.14673912525177,-5.64266300201416,11.25
1613060436635,2021-02-11T16:21:02.582Z,70.689,-1.14673912525177,-7.89266300201416,9.625
1613060436675,2021-02-11T16:21:02.592Z,70.729,-1.52173912525177,-2.70516300201416,8.8125
1613060436714,2021-02-11T16:21:02.595Z,70.768,-0.77173912525177,-3.01766300201416,10.4375
1613060436754,2021-02-11T16:21:02.597Z,70.808,-0.77173912525177,-4.51766300201416,10.4375
1613060436793,2021-02-11T16:21:02.608Z,70.847,-0.39673912525177,-3.76766300201416,10.8125
1613060436833,2021-02-11T16:21:02.610Z,70.887,-1.14673912525177,-6.01766300201416,10.4375
1613060436872,2021-02-11T16:21:02.613Z,70.926,-1.83423912525177,-6.01766300201416,10.0625
1613060436912,2021-02-11T16:21:02.624Z,70.966,-1.14673912525177,-4.14266300201416,10.8125
1613060436952,2021-02-11T16:21:02.637Z,71.006,-0.77173912525177,-4.51766300201416,11.6875
1613060436991,2021-02-11T16:21:02.639Z,71.045,-0.39673912525177,-4.51766300201416,10.0625
1613060437031,2021-02-11T16:21:02.642Z,71.085,-0.39673912525177,-4.89266300201416,10.4375
1613060437070,2021-02-11T16:21:02.653Z,71.124,-0.77173912525177,-10.83016300201416,10.875
1613060437110,2021-02-11T16:21:02.655Z,71.164,-1.83423912525177,-4.14266300201416,10.4375
1613060437149,2021-02-11T16:21:02.661Z,71.203,-0.77173912525177,-4.89266300201416,11.25
1613060437189,2021-02-11T16:21:02.669Z,71.243,-0.77173912525177,-5.26766300201416,9.25
1613060437228,2021-02-11T16:21:02.671Z,71.282,-0.77173912525177,-4.89266300201416,11.25
1613060437268,2021-02-11T16:21:02.673Z,71.322,-1.52173912525177,-4.14266300201416,12.0625
1613060437308,2021-02-11T16:21:02.699Z,71.362,-0.39673912525177,-3.76766300201416,10
1613060437347,2021-02-11T16:21:02.702Z,71.401,-1.52173912525177,-3.01766300201416,11.625
1613060437387,2021-02-11T16:21:02.712Z,71.441,-1.83423912525177,-5.26766300201416,12.0625
1613060437426,2021-02-11T16:21:02.714Z,71.48,-1.83423912525177,-5.26766300201416,10.4375
1613060437466,2021-02-11T16:21:02.717Z,71.52,-0.77173912525177,-4.14266300201416,10.875
1613060437505,2021-02-11T16:21:02.728Z,71.559,-1.83423912525177,-17.955163955688477,10.4375
1613060437545,2021-02-11T16:21:02.730Z,71.599,-1.83423912525177,-3.01766300201416,9.25
1613060437584,2021-02-11T16:21:02.732Z,71.638,-2.2092392444610596,-5.26766300201416,9.625
1613060437625,2021-02-11T16:21:02.744Z,71.679,-1.52173912525177,-2.70516300201416,10.0625
1613060437663,2021-02-11T16:21:02.746Z,71.717,-1.14673912525177,-5.64266300201416,10.875
1613060437703,2021-02-11T16:21:02.748Z,71.757,-1.52173912525177,-4.51766300201416,10.0625
1613060437743,2021-02-11T16:21:02.759Z,71.797,-0.39673912525177,-6.39266300201416,8.8125
1613060437782,2021-02-11T16:21:02.762Z,71.836,-1.14673912525177,-2.70516300201416,8.8125
1613060437822,2021-02-11T16:21:02.773Z,71.876,-1.83423912525177,-3.39266300201416,9.625
1613060437861,2021-02-11T16:21:02.775Z,71.915,-2.9592392444610596,-3.76766300201416,10.0625
1613060437901,2021-02-11T16:21:02.777Z,71.955,-2.5842392444610596,-5.64266300201416,9.1875
1613060437940,2021-02-11T16:21:02.788Z,71.994,-1.52173912525177,-25.017663955688477,8.8125
1613060437980,2021-02-11T16:21:02.790Z,72.034,-1.14673912525177,-6.39266300201416,8.8125
1613060438019,2021-02-11T16:21:02.792Z,72.073,-1.83423912525177,-7.89266300201416,9.625
1613060438059,2021-02-11T16:21:02.803Z,72.113,-0.39673912525177,-4.89266300201416,7.5625
1613060438099,2021-02-11T16:21:02.806Z,72.153,-1.52173912525177,-8.64266300201416,7.5625
1613060438138,2021-02-11T16:21:02.808Z,72.192,-1.14673912525177,-5.64266300201416,9.625
1613060438178,2021-02-11T16:21:02.819Z,72.232,-1.14673912525177,-5.26766300201416,9.25
1613060438217,2021-02-11T16:21:02.821Z,72.271,-0.77173912525177,-3.01766300201416,8.8125
1613060438257,2021-02-11T16:21:02.832Z,72.311,-1.83423912525177,-6.01766300201416,10
1613060438296,2021-02-11T16:21:02.834Z,72.35,-0.77173912525177,-5.64266300201416,7.9375
1613060438336,2021-02-11T16:21:02.837Z,72.39,-0.77173912525177,-11.20516300201416,8.375
1613060438375,2021-02-11T16:21:02.847Z,72.429,-1.83423912525177,-25.017663955688477,9.1875
1613060438415,2021-02-11T16:21:02.850Z,72.469,-0.77173912525177,-13.83016300201416,7.5
1613060438455,2021-02-11T16:21:02.852Z,72.509,-1.14673912525177,-10.14266300201416,9.5625
1613060438494,2021-02-11T16:21:02.863Z,72.548,-1.52173912525177,-13.08016300201416,8.4375
1613060438534,2021-02-11T16:21:02.894Z,72.588,-1.14673912525177,-8.64266300201416,8.8125
1613060438573,2021-02-11T16:21:02.896Z,72.627,-0.39673912525177,-7.89266300201416,9.625
1613060438613,2021-02-11T16:21:02.898Z,72.667,-1.52173912525177,-4.89266300201416,7.9375
1613060438652,2021-02-11T16:21:02.909Z,72.706,-1.52173912525177,-7.14266300201416,9.25
1613060438692,2021-02-11T16:21:02.912Z,72.746,-1.52173912525177,-3.76766300201416,10
1613060438731,2021-02-11T16:21:02.923Z,72.785,-0.77173912525177,-5.64266300201416,8.375
1613060438771,2021-02-11T16:21:02.925Z,72.825,-1.52173912525177,-6.01766300201416,9.1875
1613060438810,2021-02-11T16:21:02.928Z,72.864,-1.14673912525177,-16.455163955688477,9.625
1613060438850,2021-02-11T16:21:02.954Z,72.904,-0.77173912525177,-4.89266300201416,7.1875
1613060438890,2021-02-11T16:21:02.956Z,72.944,-0.77173912525177,-4.51766300201416,9.625
1613060438929,2021-02-11T16:21:02.959Z,72.983,-1.52173912525177,-5.64266300201416,7.5625
1613060438969,2021-02-11T16:21:02.970Z,73.023,-1.52173912525177,-4.14266300201416,8.375
1613060439008,2021-02-11T16:21:02.972Z,73.062,-0.77173912525177,-5.26766300201416,8.4375
1613060439048,2021-02-11T16:21:02.982Z,73.102,-1.14673912525177,-4.89266300201416,6.75
1613060439087,2021-02-11T16:21:02.984Z,73.141,-1.14673912525177,-3.39266300201416,8
1613060439127,2021-02-11T16:21:02.987Z,73.181,-1.14673912525177,-4.89266300201416,9.1875
1613060439166,2021-02-11T16:21:02.998Z,73.22,-1.52173912525177,-5.64266300201416,8.4375
1613060439206,2021-02-11T16:21:03.000Z,73.26,-1.83423912525177,-4.51766300201416,9.25
1613060439246,2021-02-11T16:21:03.003Z,73.3,-1.14673912525177,-11.20516300201416,10.0625
1613060439285,2021-02-11T16:21:03.014Z,73.339,-1.14673912525177,-6.76766300201416,7.5625
1613060439325,2021-02-11T16:21:03.017Z,73.379,-1.83423912525177,-3.76766300201416,9.1875
1613060439364,2021-02-11T16:21:03.027Z,73.418,-1.14673912525177,-4.51766300201416,7.5625
1613060439404,2021-02-11T16:21:03.029Z,73.458,-0.77173912525177,-5.26766300201416,8.8125
1613060439443,2021-02-11T16:21:03.032Z,73.497,-1.52173912525177,-4.89266300201416,8.75
1613060439483,2021-02-11T16:21:03.043Z,73.537,-1.14673912525177,-4.89266300201416,8.4375
1613060439522,2021-02-11T16:21:03.045Z,73.576,-1.14673912525177,-4.51766300201416,9.1875
1613060439562,2021-02-11T16:21:03.047Z,73.616,-1.52173912525177,-3.76766300201416,8.8125
1613060439601,2021-02-11T16:21:03.059Z,73.655,-1.14673912525177,-3.76766300201416,8.8125
1613060439641,2021-02-11T16:21:03.062Z,73.695,-2.2092392444610596,-6.01766300201416,8.8125
1613060439681,2021-02-11T16:21:03.072Z,73.735,-1.14673912525177,-6.39266300201416,9.25
1613060439720,2021-02-11T16:21:03.074Z,73.774,-2.2092392444610596,-5.64266300201416,8.375
1613060439760,2021-02-11T16:21:03.077Z,73.814,-1.14673912525177,-4.51766300201416,9.5625
1613060439799,2021-02-11T16:21:03.103Z,73.853,-1.52173912525177,-4.89266300201416,8.375
1613060439839,2021-02-11T16:21:03.105Z,73.893,-2.2092392444610596,-4.14266300201416,8
1613060439878,2021-02-11T16:21:03.108Z,73.932,-1.52173912525177,-5.64266300201416,9.1875
1613060439918,2021-02-11T16:21:03.119Z,73.972,-1.52173912525177,-6.39266300201416,7.9375
1613060439959,2021-02-11T16:21:03.121Z,74.013,-1.52173912525177,-4.89266300201416,8.375
1613060439997,2021-02-11T16:21:03.123Z,74.051,-1.52173912525177,-5.64266300201416,9.625
1613060440037,2021-02-11T16:21:03.134Z,74.091,-1.14673912525177,-3.39266300201416,8.4375
1613060440078,2021-02-11T16:21:03.137Z,74.132,-1.52173912525177,-4.89266300201416,9.625
1613060440117,2021-02-11T16:21:03.148Z,74.171,-1.14673912525177,-4.89266300201416,8.375
1613060440157,2021-02-11T16:21:03.149Z,74.211,-0.77173912525177,-6.76766300201416,8.375
1613060440196,2021-02-11T16:21:03.152Z,74.25,-1.83423912525177,-6.01766300201416,8.8125
1613060440236,2021-02-11T16:21:03.163Z,74.29,-1.52173912525177,-7.14266300201416,8
1613060440275,2021-02-11T16:21:03.165Z,74.329,-1.14673912525177,-3.01766300201416,8.375
1613060440315,2021-02-11T16:21:03.167Z,74.369,-1.52173912525177,-3.76766300201416,8.75
1613060440354,2021-02-11T16:21:03.179Z,74.408,-1.52173912525177,-3.76766300201416,7.5625
1613060440394,2021-02-11T16:21:03.182Z,74.448,-1.83423912525177,-5.64266300201416,9.25
1613060440434,2021-02-11T16:21:03.193Z,74.488,-1.52173912525177,-3.76766300201416,9.1875
1613060440473,2021-02-11T16:21:03.195Z,74.527,-1.52173912525177,-5.26766300201416,8.375
1613060440513,2021-02-11T16:21:03.197Z,74.567,-0.77173912525177,-3.01766300201416,8.8125
1613060440552,2021-02-11T16:21:03.208Z,74.606,-2.5842392444610596,-4.51766300201416,7.9375
1613060440592,2021-02-11T16:21:03.210Z,74.646,-0.77173912525177,-1.9551630020141602,8
1613060440631,2021-02-11T16:21:03.212Z,74.685,-0.77173912525177,-4.14266300201416,8.8125
1613060440671,2021-02-11T16:21:03.224Z,74.725,-2.9592392444610596,-12.70516300201416,8.375
1613060440710,2021-02-11T16:21:03.226Z,74.764,-1.52173912525177,-3.76766300201416,7.125
1613060440750,2021-02-11T16:21:03.228Z,74.804,-1.52173912525177,-5.64266300201416,9.625
1613060440789,2021-02-11T16:21:03.254Z,74.843,-1.52173912525177,-7.89266300201416,7.5
1613060440829,2021-02-11T16:21:03.257Z,74.883,-1.83423912525177,-3.76766300201416,9.1875
1613060440869,2021-02-11T16:21:03.268Z,74.923,-1.14673912525177,-4.14266300201416,9.25
1613060440908,2021-02-11T16:21:03.270Z,74.962,-1.14673912525177,-3.39266300201416,7.1875
1613060440948,2021-02-11T16:21:03.272Z,75.002,-1.83423912525177,-4.51766300201416,8.8125
1613060440987,2021-02-11T16:21:03.283Z,75.041,-1.14673912525177,-4.51766300201416,10.4375
1613060441027,2021-02-11T16:21:03.285Z,75.081,-1.52173912525177,-4.51766300201416,7.125
1613060441066,2021-02-11T16:21:03.287Z,75.12,-1.14673912525177,-6.01766300201416,9.1875
1613060441106,2021-02-11T16:21:03.298Z,75.16,-1.14673912525177,-21.642663955688477,8.8125
1613060441145,2021-02-11T16:21:03.301Z,75.199,-1.83423912525177,-3.01766300201416,7.5625
1613060441185,2021-02-11T16:21:03.303Z,75.239,-1.83423912525177,-4.14266300201416,8.8125
1613060441225,2021-02-11T16:21:03.314Z,75.279,-2.5842392444610596,-3.39266300201416,8
1613060441264,2021-02-11T16:21:03.316Z,75.318,-1.83423912525177,-4.14266300201416,7.5625
1613060441304,2021-02-11T16:21:03.327Z,75.358,-2.2092392444610596,-3.01766300201416,9.1875
1613060441343,2021-02-11T16:21:03.329Z,75.397,-1.14673912525177,-2.33016300201416,8
1613060441383,2021-02-11T16:21:03.332Z,75.437,-1.83423912525177,-4.51766300201416,8.8125
1613060441422,2021-02-11T16:21:03.343Z,75.476,-1.52173912525177,-3.01766300201416,8
1613060441462,2021-02-11T16:21:03.345Z,75.516,-0.77173912525177,-4.89266300201416,7.5625
1613060441501,2021-02-11T16:21:03.347Z,75.555,-2.2092392444610596,-4.51766300201416,8.4375
1613060441541,2021-02-11T16:21:03.358Z,75.595,-0.77173912525177,-25.392663955688477,9.1875
1613060441580,2021-02-11T16:21:03.360Z,75.634,-0.77173912525177,-4.14266300201416,6.75
1613060441620,2021-02-11T16:21:03.363Z,75.674,-0.77173912525177,-6.01766300201416,9.1875
1613060441660,2021-02-11T16:21:03.404Z,75.714,-1.14673912525177,-3.39266300201416,8.375
1613060441699,2021-02-11T16:21:03.407Z,75.753,-1.83423912525177,-4.14266300201416,8.375
1613060441739,2021-02-11T16:21:03.418Z,75.793,-1.83423912525177,-6.01766300201416,9.1875
1613060441778,2021-02-11T16:21:03.420Z,75.832,-1.83423912525177,-7.14266300201416,7.5625
1613060441818,2021-02-11T16:21:03.422Z,75.872,-2.2092392444610596,-8.64266300201416,8.375
1613060441857,2021-02-11T16:21:03.434Z,75.911,-1.52173912525177,-8.26766300201416,8.375
1613060441897,2021-02-11T16:21:03.436Z,75.951,-0.77173912525177,-11.20516300201416,6.75
1613060441936,2021-02-11T16:21:03.438Z,75.99,-0.77173912525177,-15.70516300201416,10
1613060441976,2021-02-11T16:21:03.449Z,76.03,-1.52173912525177,-17.205163955688477,9.25
1613060442016,2021-02-11T16:21:03.452Z,76.07,-1.52173912525177,-9.39266300201416,8
1613060442055,2021-02-11T16:21:03.462Z,76.109,-1.83423912525177,-9.39266300201416,8
1613060442095,2021-02-11T16:21:03.464Z,76.149,-1.52173912525177,-8.64266300201416,7.125
1613060442134,2021-02-11T16:21:03.467Z,76.188,-0.77173912525177,-4.14266300201416,6.75
1613060442174,2021-02-11T16:21:03.479Z,76.228,-1.52173912525177,-4.14266300201416,8.4375
1613060442213,2021-02-11T16:21:03.480Z,76.267,-1.14673912525177,-4.51766300201416,6.75
1613060442253,2021-02-11T16:21:03.485Z,76.307,-2.2092392444610596,-4.14266300201416,8
1613060442292,2021-02-11T16:21:03.509Z,76.346,-1.52173912525177,-8.64266300201416,8.4375
1613060442332,2021-02-11T16:21:03.511Z,76.386,-2.2092392444610596,-3.39266300201416,7.5625
1613060442372,2021-02-11T16:21:03.513Z,76.426,-1.83423912525177,-4.14266300201416,9.625
1613060442411,2021-02-11T16:21:03.524Z,76.465,-0.39673912525177,-5.64266300201416,8.375
1613060442451,2021-02-11T16:21:03.527Z,76.505,-2.2092392444610596,-4.14266300201416,7.5625
1613060442490,2021-02-11T16:21:03.537Z,76.544,-1.52173912525177,-3.01766300201416,8.8125
1613060442530,2021-02-11T16:21:03.540Z,76.584,-1.83423912525177,-3.76766300201416,8.375
1613060442569,2021-02-11T16:21:03.542Z,76.623,-0.77173912525177,-4.14266300201416,7.125
1613060442609,2021-02-11T16:21:03.554Z,76.663,-1.14673912525177,-5.26766300201416,7.9375
1613060442648,2021-02-11T16:21:03.557Z,76.702,-0.77173912525177,-4.14266300201416,8.75
1613060442688,2021-02-11T16:21:03.567Z,76.742,-2.2092392444610596,-4.51766300201416,8.4375
1613060442727,2021-02-11T16:21:03.569Z,76.781,-2.2092392444610596,-3.76766300201416,8
1613060442767,2021-02-11T16:21:03.572Z,76.821,-1.83423912525177,-3.39266300201416,6.3125
1613060442807,2021-02-11T16:21:03.583Z,76.861,-1.52173912525177,-3.39266300201416,9.625
1613060442846,2021-02-11T16:21:03.585Z,76.9,-1.83423912525177,-5.64266300201416,10
1613060442886,2021-02-11T16:21:03.587Z,76.94,-1.14673912525177,-4.51766300201416,7.1875
1613060442925,2021-02-11T16:21:03.599Z,76.979,-1.14673912525177,-3.76766300201416,8.375
1613060442965,2021-02-11T16:21:03.601Z,77.019,-1.83423912525177,-5.26766300201416,8
1613060443004,2021-02-11T16:21:03.603Z,77.058,-2.2092392444610596,-3.76766300201416,7.1875
1613060443044,2021-02-11T16:21:03.614Z,77.098,-2.5842392444610596,-3.76766300201416,8.375
1613060443083,2021-02-11T16:21:03.617Z,77.137,-1.52173912525177,-5.26766300201416,6.75
1613060443124,2021-02-11T16:21:03.627Z,77.178,-1.52173912525177,-4.14266300201416,9.25
1613060443163,2021-02-11T16:21:03.629Z,77.217,-2.2092392444610596,-5.26766300201416,8.375
1613060443202,2021-02-11T16:21:03.631Z,77.256,-1.83423912525177,-3.39266300201416,8
1613060443242,2021-02-11T16:21:03.658Z,77.296,-1.83423912525177,-5.64266300201416,8.375
1613060443281,2021-02-11T16:21:03.660Z,77.335,-1.83423912525177,-3.01766300201416,8
1613060443321,2021-02-11T16:21:03.662Z,77.375,-1.14673912525177,-3.01766300201416,7.1875
1613060443360,2021-02-11T16:21:03.673Z,77.414,-1.83423912525177,-3.39266300201416,8
1613060443400,2021-02-11T16:21:03.676Z,77.454,-1.83423912525177,-8.64266300201416,7.5625
1613060443439,2021-02-11T16:21:03.678Z,77.493,-1.52173912525177,-5.26766300201416,7.125
1613060443479,2021-02-11T16:21:03.689Z,77.533,-2.2092392444610596,-3.01766300201416,8.8125
1613060443518,2021-02-11T16:21:03.691Z,77.572,-2.2092392444610596,-4.14266300201416,8
1613060443558,2021-02-11T16:21:03.702Z,77.612,-1.52173912525177,-4.89266300201416,8.4375
1613060443598,2021-02-11T16:21:03.704Z,77.652,-1.52173912525177,-4.51766300201416,9.1875
1613060443639,2021-02-11T16:21:03.706Z,77.693,-1.52173912525177,-7.14266300201416,8.4375
1613060443678,2021-02-11T16:21:03.718Z,77.732,-1.52173912525177,-3.01766300201416,8
1613060443718,2021-02-11T16:21:03.720Z,77.772,-1.14673912525177,-4.14266300201416,8
1613060443757,2021-02-11T16:21:03.722Z,77.811,-2.5842392444610596,-4.14266300201416,8.4375
1613060443797,2021-02-11T16:21:03.734Z,77.851,-1.83423912525177,-3.76766300201416,8.8125
1613060443836,2021-02-11T16:21:03.735Z,77.89,-1.83423912525177,-13.83016300201416,8
1613060443876,2021-02-11T16:21:03.747Z,77.93,-1.52173912525177,-4.51766300201416,7.5625
1613060443915,2021-02-11T16:21:03.749Z,77.969,-1.52173912525177,-2.70516300201416,8
1613060443955,2021-02-11T16:21:03.752Z,78.009,-0.77173912525177,-5.64266300201416,8
1613060443995,2021-02-11T16:21:03.763Z,78.049,-1.52173912525177,-5.64266300201416,8.875
1613060444034,2021-02-11T16:21:03.765Z,78.088,-0.77173912525177,-6.39266300201416,9.25
1613060444074,2021-02-11T16:21:03.767Z,78.128,-1.14673912525177,-4.89266300201416,7.5625
1613060444113,2021-02-11T16:21:03.778Z,78.167,-1.52173912525177,-3.76766300201416,8.4375
1613060444153,2021-02-11T16:21:03.781Z,78.207,-2.2092392444610596,-4.89266300201416,9.625
1613060444192,2021-02-11T16:21:03.783Z,78.246,-1.52173912525177,-3.39266300201416,7.5625
1613060444232,2021-02-11T16:21:03.809Z,78.286,-1.52173912525177,-5.26766300201416,7.1875
1613060444271,2021-02-11T16:21:03.811Z,78.325,-1.52173912525177,-21.267663955688477,8
1613060444311,2021-02-11T16:21:03.822Z,78.365,-2.2092392444610596,-3.76766300201416,7.1875
1613060444351,2021-02-11T16:21:03.824Z,78.405,-1.83423912525177,-5.64266300201416,9.25
1613060444390,2021-02-11T16:21:03.827Z,78.444,-1.52173912525177,-7.51766300201416,8.4375
1613060444430,2021-02-11T16:21:03.838Z,78.484,-2.2092392444610596,-3.39266300201416,8
1613060444469,2021-02-11T16:21:03.841Z,78.523,-1.14673912525177,-4.14266300201416,9.25
1613060444509,2021-02-11T16:21:03.843Z,78.563,-2.2092392444610596,-4.89266300201416,8
1613060444548,2021-02-11T16:21:03.854Z,78.602,-1.14673912525177,-5.64266300201416,9.25
1613060444588,2021-02-11T16:21:03.856Z,78.642,-1.52173912525177,-4.51766300201416,8.8125
1613060444627,2021-02-11T16:21:03.867Z,78.681,-2.2092392444610596,-4.89266300201416,8
1613060444667,2021-02-11T16:21:03.870Z,78.721,-1.52173912525177,-5.26766300201416,8.8125
1613060444706,2021-02-11T16:21:03.872Z,78.76,-1.14673912525177,-17.205163955688477,8.875
1613060444746,2021-02-11T16:21:03.898Z,78.8,-1.14673912525177,-6.01766300201416,8.8125
1613060444786,2021-02-11T16:21:03.900Z,78.84,-1.83423912525177,-4.51766300201416,9.625
1613060444825,2021-02-11T16:21:03.902Z,78.879,-1.14673912525177,-5.64266300201416,8.375
1613060444865,2021-02-11T16:21:03.914Z,78.919,-1.83423912525177,-4.51766300201416,9.625
1613060444904,2021-02-11T16:21:03.916Z,78.958,-1.52173912525177,-5.26766300201416,10.4375
1613060444944,2021-02-11T16:21:03.918Z,78.998,-1.83423912525177,-3.39266300201416,8.8125
1613060444983,2021-02-11T16:21:03.929Z,79.037,-1.52173912525177,-3.76766300201416,8.4375
1613060445023,2021-02-11T16:21:03.932Z,79.077,-1.83423912525177,-4.14266300201416,10
1613060445062,2021-02-11T16:21:03.942Z,79.116,-2.2092392444610596,-4.89266300201416,9.625
1613060445102,2021-02-11T16:21:03.944Z,79.156,-1.14673912525177,-4.51766300201416,9.625
1613060445142,2021-02-11T16:21:03.947Z,79.196,-1.83423912525177,-8.64266300201416,9.25
1613060445181,2021-02-11T16:21:03.959Z,79.235,-1.52173912525177,-7.89266300201416,9.25
1613060445221,2021-02-11T16:21:03.960Z,79.275,-1.52173912525177,-4.14266300201416,8.4375
1613060445260,2021-02-11T16:21:03.962Z,79.314,-1.83423912525177,-5.64266300201416,8.375
1613060445300,2021-02-11T16:21:03.973Z,79.354,-1.52173912525177,-4.89266300201416,7.1875
1613060445339,2021-02-11T16:21:03.976Z,79.393,-2.9592392444610596,-4.51766300201416,8.4375
1613060445379,2021-02-11T16:21:03.978Z,79.433,-2.2092392444610596,-3.39266300201416,7.1875
1613060445418,2021-02-11T16:21:03.989Z,79.472,-2.9592392444610596,-2.70516300201416,9.625
1613060445458,2021-02-11T16:21:03.991Z,79.512,-1.52173912525177,-4.14266300201416,7.5625
1613060445497,2021-02-11T16:21:04.002Z,79.551,-2.2092392444610596,-7.51766300201416,6.75
1613060445537,2021-02-11T16:21:04.004Z,79.591,-2.2092392444610596,-9.39266300201416,7.5625
1613060445577,2021-02-11T16:21:04.007Z,79.631,-1.52173912525177,-11.20516300201416,8.375
1613060445616,2021-02-11T16:21:04.017Z,79.67,-1.83423912525177,-10.51766300201416,5.9375
1613060445656,2021-02-11T16:21:04.020Z,79.71,-2.5842392444610596,-9.39266300201416,7.5625
1613060445695,2021-02-11T16:21:04.022Z,79.749,-2.5842392444610596,-9.01766300201416,5.125
1613060445735,2021-02-11T16:21:04.033Z,79.789,-2.9592392444610596,-8.26766300201416,5.9375
1613060445774,2021-02-11T16:21:04.035Z,79.828,-1.83423912525177,-6.01766300201416,8
1613060445814,2021-02-11T16:21:04.038Z,79.868,-1.14673912525177,-3.39266300201416,5.5
1613060445853,2021-02-11T16:21:04.064Z,79.907,-1.83423912525177,-4.14266300201416,7.1875
1613060445893,2021-02-11T16:21:04.066Z,79.947,-2.5842392444610596,-4.14266300201416,8.375
1613060445933,2021-02-11T16:21:04.068Z,79.987,-2.2092392444610596,-3.76766300201416,7.125
1613060445972,2021-02-11T16:21:04.079Z,80.026,-1.83423912525177,-6.76766300201416,8
1613060446012,2021-02-11T16:21:04.082Z,80.066,-1.83423912525177,-4.14266300201416,9.25
1613060446051,2021-02-11T16:21:04.092Z,80.105,-2.5842392444610596,-5.64266300201416,7.5625
1613060446091,2021-02-11T16:21:04.095Z,80.145,-2.2092392444610596,-4.14266300201416,8.4375
1613060446130,2021-02-11T16:21:04.097Z,80.184,-2.2092392444610596,-10.14266300201416,7.5625
1613060446170,2021-02-11T16:21:04.108Z,80.224,-1.52173912525177,-5.26766300201416,6.75
1613060446209,2021-02-11T16:21:04.111Z,80.263,-1.83423912525177,-4.51766300201416,9.625
1613060446249,2021-02-11T16:21:04.122Z,80.303,-0.77173912525177,-7.89266300201416,9.625
1613060446288,2021-02-11T16:21:04.125Z,80.342,0.35326087474823,-6.76766300201416,8.8125
1613060446328,2021-02-11T16:21:04.127Z,80.382,1.85326087474823,-7.89266300201416,7.125
1613060446368,2021-02-11T16:21:04.138Z,80.422,2.9782607555389404,-6.01766300201416,3.5
1613060446407,2021-02-11T16:21:04.140Z,80.461,3.7282607555389404,-7.51766300201416,3.4375
1613060446447,2021-02-11T16:21:04.142Z,80.501,3.7282607555389404,-7.89266300201416,3.4375
1613060446486,2021-02-11T16:21:04.153Z,80.54,2.6032607555389404,-10.14266300201416,3.875
1613060446526,2021-02-11T16:21:04.155Z,80.58,1.47826087474823,-6.76766300201416,6.3125
1613060446565,2021-02-11T16:21:04.157Z,80.619,-0.021739130839705467,-15.70516300201416,7.5625
