epoch (ms),time (-07:00),elapsed (s),W-Axis,X-Axis (i),Y-Axis (j),Z-Axis (k)
1614182359351,2021-02-24T16:00:27.554Z,74.156,0.2977232023765556,-0.3431070899162174,-0.17371236782956126,0.8737633735050472
1614182359392,2021-02-24T16:00:27.556Z,74.197,0.30265438462024835,-0.34400091102621666,-0.18157313094269847,0.8701120012980728
1614182359432,2021-02-24T16:00:27.568Z,74.237,0.3046715383801096,-0.3437817940796408,-0.1862806895252264,0.868498034810953
1614182359471,2021-02-24T16:00:27.570Z,74.27600000000001,0.30605526441675945,-0.34236376889180736,-0.19238321519710552,0.8672404069134514
1614182359511,2021-02-24T16:00:27.581Z,74.316,0.3071668991535897,-0.34264004342531823,-0.1913414567138636,0.8669687097286045
1614182359550,2021-02-24T16:00:27.583Z,74.355,0.3091380274099004,-0.34353653820785257,-0.1890805004988797,0.8664091938895694
1614182359590,2021-02-24T16:00:27.585Z,74.395,0.31129195229005585,-0.344284537115264,-0.18633991001469494,0.8659347064753146
1614182359629,2021-02-24T16:00:27.596Z,74.434,0.3132235442780237,-0.3466817665018982,-0.1835665579855084,0.8648734490515876
1614182359669,2021-02-24T16:00:27.599Z,74.47399999999999,0.3138007139970975,-0.3500570267337023,-0.1789296154169622,0.8642762189578108
1614182359708,2021-02-24T16:00:27.601Z,74.513,0.31437868776364664,-0.3529904342993517,-0.17258236607480654,0.8641638275773779
1614182359748,2021-02-24T16:00:27.612Z,74.553,0.3142616086944729,-0.3553022074328626,-0.1670508764394874,0.8643459882332399
1614182359788,2021-02-24T16:00:27.614Z,74.593,0.3133540166719493,-0.35750399681004724,-0.16197129138422312,0.864734325251244
1614182359827,2021-02-24T16:00:27.616Z,74.632,0.31162977453526963,-0.35963877183957343,-0.15777164156095336,0.8652484883153407
1614182359867,2021-02-24T16:00:27.628Z,74.672,0.3105138164188354,-0.3607982718363762,-0.1558863064746944,0.8655086575572609
1614182359908,2021-02-24T16:00:27.630Z,74.71300000000001,0.3076245356233658,-0.3628426125922909,-0.15100376202723712,0.8665507760214234
1614182359947,2021-02-24T16:00:27.641Z,74.752,0.3068152177466678,-0.3647604212792713,-0.14818282887145173,0.8665195361068828
1614182359987,2021-02-24T16:00:27.643Z,74.792,0.3065593751279058,-0.36629865066004375,-0.14713284774878913,0.8661400424637755
1614182360026,2021-02-24T16:00:27.645Z,74.831,0.3061750052742213,-0.3685339968660869,-0.14433923284042693,0.8657977507260427
1614182360066,2021-02-24T16:00:27.656Z,74.87100000000001,0.30630829684372324,-0.3691834084868239,-0.14429359288752286,0.8654814828951328
1614182360105,2021-02-24T16:00:27.659Z,74.91,0.3054058583813154,-0.36785996257874665,-0.14662525447882124,0.8659719073659121
1614182360145,2021-02-24T16:00:27.660Z,74.95,0.30365979418129885,-0.36639501838811583,-0.14824595759914347,0.8669305369830136
1614182360184,2021-02-24T16:00:27.672Z,74.98899999999999,0.30198233137439545,-0.3653318280643415,-0.1502093805923497,0.8676269180488316
1614182360224,2021-02-24T16:00:27.674Z,75.029,0.3005910633806281,-0.364223358557898,-0.1518648749583366,0.8682876352052912
1614182360264,2021-02-24T16:00:27.676Z,75.069,0.2996014300855931,-0.3641078864507214,-0.15389921330450212,0.8683199077870501
1614182360303,2021-02-24T16:00:27.687Z,75.108,0.2994200187961533,-0.3636001731830978,-0.15596676589988773,0.8682263151621601
1614182360343,2021-02-24T16:00:27.690Z,75.148,0.300617216825202,-0.3636319643457697,-0.15732891474577532,0.8675532813834681
1614182360384,2021-02-24T16:00:27.701Z,75.189,0.3023466560419302,-0.363079575004653,-0.15992266278514952,0.8667089844477273
1614182360423,2021-02-24T16:00:27.703Z,75.22800000000001,0.3039008499684419,-0.3620568012285157,-0.16300520841624253,0.8660187342672276
1614182360463,2021-02-24T16:00:27.705Z,75.268,0.3061440348309848,-0.3624369520780633,-0.1652023973633714,0.8646522154086944
1614182360502,2021-02-24T16:00:27.731Z,75.307,0.30893922624297604,-0.3647088887481328,-0.1664308120283655,0.8624643562281703
1614182360542,2021-02-24T16:00:27.734Z,75.347,0.3103576413148586,-0.3666278145472341,-0.166951561718898,0.8610396948558282
1614182360581,2021-02-24T16:00:27.735Z,75.38600000000001,0.3131220549035581,-0.3691566832251608,-0.17027179544427892,0.8583038142984996
1614182360621,2021-02-24T16:00:27.746Z,75.426,0.3145033530263749,-0.3687259845045715,-0.17241456641222394,0.857555832920042
1614182360661,2021-02-24T16:00:27.749Z,75.46600000000001,0.3144141209221299,-0.3679704149573849,-0.17393692254286894,0.8576056676918421
1614182360700,2021-02-24T16:00:27.751Z,75.505,0.3128550611766183,-0.3670759376472626,-0.17959619541349295,0.857392659922836
1614182360740,2021-02-24T16:00:27.762Z,75.545,0.3145685562901219,-0.371902430341414,-0.1793867502279378,0.8547254527287446
1614182360779,2021-02-24T16:00:27.764Z,75.584,0.3191626487585473,-0.3766372163927184,-0.18079170141128426,0.850643269276955
1614182360819,2021-02-24T16:00:27.776Z,75.624,0.3256050626537108,-0.3797717107064335,-0.18258738029996316,0.8464139882330505
1614182360860,2021-02-24T16:00:27.778Z,75.665,0.3329159727178359,-0.3860713193377153,-0.1837629577715562,0.8404445650042733
1614182360899,2021-02-24T16:00:27.780Z,75.704,0.3392313377931033,-0.3913299535641932,-0.18583965211402464,0.8350129284057143
1614182360939,2021-02-24T16:00:27.821Z,75.744,0.3465301812643531,-0.3949996949724792,-0.1859202011488452,0.8302564382462299
1614182360978,2021-02-24T16:00:27.823Z,75.783,0.3522487480616322,-0.39436320900822297,-0.18749390780011627,0.8277949706343903
1614182361018,2021-02-24T16:00:27.852Z,75.82300000000001,0.3570411516235329,-0.3865916173184993,-0.18778231144568905,0.8293409075733107
1614182361058,2021-02-24T16:00:27.855Z,75.863,0.3607097359355058,-0.3795489486803262,-0.17591108136918868,0.8335984485401343
1614182361097,2021-02-24T16:00:27.866Z,75.902,0.3612758168070012,-0.3765742138410559,-0.16808719725892815,0.8363123458242521
1614182361137,2021-02-24T16:00:27.868Z,75.942,0.3622740473667857,-0.3671844660050072,-0.13903406984636915,0.8453417119432004
1614182361176,2021-02-24T16:00:27.870Z,75.98100000000001,0.3605389551395732,-0.3658352983858216,-0.12103114640185945,0.8494278414806483
1614182361216,2021-02-24T16:00:27.881Z,76.021,0.3579708182143146,-0.3650020738316534,-0.11505054161296276,0.8517005062110333
1614182361255,2021-02-24T16:00:27.884Z,76.06,0.3435318780721529,-0.3590862932021845,-0.11569755697668645,0.8600331145323188
1614182361295,2021-02-24T16:00:27.886Z,76.1,0.32415888578510904,-0.3473294388328851,-0.1269733974190249,0.8707244305946974
1614182361336,2021-02-24T16:00:27.896Z,76.141,0.3037773390782082,-0.3439375269725951,-0.13287290851437186,0.8785050346955733
1614182361375,2021-02-24T16:00:27.899Z,76.18,0.2945794587355698,-0.344584249049405,-0.13931208330305148,0.8803844508190045
1614182361415,2021-02-24T16:00:27.901Z,76.22,0.2941662838011474,-0.3424222278495325,-0.14923284259067934,0.8797401741659246
1614182361454,2021-02-24T16:00:27.912Z,76.259,0.2931989225362105,-0.3316497601011769,-0.1753667652110742,0.8793687088518906
1614182361494,2021-02-24T16:00:27.915Z,76.29899999999999,0.2952047101636825,-0.3234714874426885,-0.19965704922956434,0.8765600028530472
1614182361534,2021-02-24T16:00:27.926Z,76.339,0.2967162530256185,-0.3183462765465069,-0.21760827083734008,0.8736485299378663
1614182361573,2021-02-24T16:00:27.928Z,76.378,0.29763196380922,-0.31207316709653765,-0.22889116051768815,0.8727166717407601
1614182361613,2021-02-24T16:00:27.930Z,76.418,0.3002320313745643,-0.3058975891538052,-0.2365746569319704,0.8719632010492835
1614182361652,2021-02-24T16:00:27.941Z,76.457,0.30152325559646714,-0.30478587152073155,-0.2392518280561061,0.8711761369709726
1614182361692,2021-02-24T16:00:27.943Z,76.497,0.30297827579268394,-0.30504492268466554,-0.23213575359784036,0.872504871873826
1614182361731,2021-02-24T16:00:27.946Z,76.536,0.29997221587949835,-0.3087696350279651,-0.22727896682095555,0.873511450082848
1614182361772,2021-02-24T16:00:27.956Z,76.577,0.29852081799543645,-0.31048918281131554,-0.2255978804761673,0.8738348727907109
1614182361812,2021-02-24T16:00:27.959Z,76.617,0.29596728107590603,-0.3134684938621571,-0.2225676905540549,0.8744166598422977
1614182361851,2021-02-24T16:00:27.961Z,76.656,0.2961415354663945,-0.3159843583174389,-0.219823154795143,0.8741463589618348
1614182361891,2021-02-24T16:00:27.972Z,76.696,0.2995239494499437,-0.322905322494738,-0.21030951695462127,0.8728043672489217
1614182361931,2021-02-24T16:00:27.974Z,76.736,0.29976794378118143,-0.3221029252455552,-0.2012959621182437,0.8751393152317801
1614182361970,2021-02-24T16:00:27.986Z,76.775,0.3000886833953823,-0.3195631110716988,-0.19848972548005087,0.8766002675216664
1614182362010,2021-02-24T16:00:27.988Z,76.815,0.30388531928513146,-0.3211850681580366,-0.1948661333462454,0.8755118815812694
1614182362049,2021-02-24T16:00:27.990Z,76.854,0.3067833125429529,-0.32292031367909485,-0.1926494991976712,0.8743526980672355
1614182362089,2021-02-24T16:00:28.001Z,76.89399999999999,0.3076815879959084,-0.32109175466705,-0.1929599934335356,0.8746419647074345
1614182362128,2021-02-24T16:00:28.004Z,76.933,0.3081183019695467,-0.31997688882241515,-0.195158844471732,0.8744089020792215
1614182362168,2021-02-24T16:00:28.005Z,76.973,0.30788810163074004,-0.31913558424364113,-0.2001139736955752,0.8736771676514477
1614182362207,2021-02-24T16:00:28.017Z,77.012,0.3071011638765502,-0.3188190271346217,-0.20130734816474924,0.8737955451119432
1614182362248,2021-02-24T16:00:28.019Z,77.053,0.3050951431822126,-0.3212795977757106,-0.2002507086159634,0.8738398179062952
1614182362288,2021-02-24T16:00:28.021Z,77.093,0.3021501328409069,-0.3215839810223101,-0.20126539739334684,0.8745177414930829
1614182362328,2021-02-24T16:00:28.032Z,77.133,0.3004697703400888,-0.3219543237670356,-0.20233376059463404,0.8747138845606135
1614182362367,2021-02-24T16:00:28.034Z,77.172,0.2991525944180093,-0.32264484030293106,-0.20321424536630808,0.8747068095991207
1614182362407,2021-02-24T16:00:28.036Z,77.212,0.29830779487519776,-0.3243827767961241,-0.2040070421180018,0.8741678330852701
1614182362446,2021-02-24T16:00:28.048Z,77.251,0.29800179990364084,-0.32474268246713434,-0.20404975274848905,0.8741286037200252
1614182362486,2021-02-24T16:00:28.050Z,77.291,0.29732046587746297,-0.3235856511545792,-0.20471231513801694,0.8746346294128242
1614182362525,2021-02-24T16:00:28.061Z,77.33,0.29728129291671423,-0.323951525925142,-0.205339593432013,0.8743654230936367
1614182362565,2021-02-24T16:00:28.063Z,77.37,0.29815323971428986,-0.3239996624155901,-0.20545176405113288,0.8740242771518046
1614182362604,2021-02-24T16:00:28.065Z,77.40899999999999,0.29881061254869673,-0.3245360760534481,-0.20507741892706569,0.8736886203987757
1614182362644,2021-02-24T16:00:28.076Z,77.449,0.2995436263944676,-0.3244921421918371,-0.20374661790774568,0.8737652895562741
1614182362683,2021-02-24T16:00:28.078Z,77.488,0.3005711446901085,-0.324135655575263,-0.20252634019942198,0.8738284415661352
1614182362725,2021-02-24T16:00:28.080Z,77.53,0.3016729620850221,-0.3244087878678724,-0.20150726419642573,0.8735829581539573
1614182362764,2021-02-24T16:00:28.092Z,77.569,0.3031240181265936,-0.32491280814484,-0.2001956882160647,0.8731948139779113
1614182362804,2021-02-24T16:00:28.094Z,77.609,0.3042749404030939,-0.32460049203280844,-0.19963545453596285,0.8730389261121021
1614182362843,2021-02-24T16:00:28.096Z,77.648,0.3053871386285641,-0.3249549260863647,-0.2000282043545993,0.8724286269002972
1614182362883,2021-02-24T16:00:28.107Z,77.688,0.3059468055697669,-0.3261987473767903,-0.20509500587072035,0.8705900113936279
1614182362922,2021-02-24T16:00:28.110Z,77.727,0.30750570798875965,-0.32839717943865426,-0.2050907678874761,0.8692141905298104
1614182362962,2021-02-24T16:00:28.121Z,77.767,0.30929104531500473,-0.3296431862582691,-0.2035126982298868,0.8684797065566006
1614182363001,2021-02-24T16:00:28.123Z,77.806,0.31005343162545584,-0.33001443983881795,-0.20328029672287126,0.868121224253509
1614182363041,2021-02-24T16:00:28.125Z,77.846,0.3117203259336641,-0.32900572389372656,-0.2029175455035922,0.8679920171129298
1614182363080,2021-02-24T16:00:28.136Z,77.885,0.3126233819493089,-0.32864004845125183,-0.20276592247799585,0.8678411837970024
1614182363120,2021-02-24T16:00:28.139Z,77.925,0.31304129751402576,-0.32862995273493023,-0.20255895272610525,0.8677426870257543
1614182363161,2021-02-24T16:00:28.140Z,77.96600000000001,0.31417230575936245,-0.32903801525341514,-0.2022369108187348,0.8672542756968304
1614182363201,2021-02-24T16:00:28.151Z,78.006,0.314675823509799,-0.32939276532531303,-0.2024903009023164,0.8668778520012279
1614182363240,2021-02-24T16:00:28.154Z,78.045,0.31490372269204875,-0.3309241341396846,-0.20296975187486835,0.8660993838483225
1614182363280,2021-02-24T16:00:28.156Z,78.085,0.3149388635841055,-0.33125774723744394,-0.20398372367609727,0.8657207734453176
1614182363319,2021-02-24T16:00:28.167Z,78.124,0.31529556922013624,-0.3322181208520087,-0.20476104765071027,0.8650391537801593
1614182363359,2021-02-24T16:00:28.170Z,78.164,0.3159816967929821,-0.3337685060829526,-0.20545077911197296,0.8640278519823682
1614182363398,2021-02-24T16:00:28.181Z,78.203,0.31667791573776505,-0.33516840939936465,-0.20541667422594306,0.8632387995072034
1614182363438,2021-02-24T16:00:28.183Z,78.243,0.3173539206554589,-0.3363908547212829,-0.2050738714145108,0.862596307184049
1614182363477,2021-02-24T16:00:28.185Z,78.282,0.3180942397570788,-0.3375533015681602,-0.20455054849206733,0.8619935593410168
1614182363517,2021-02-24T16:00:28.196Z,78.322,0.3180576018200305,-0.3384595279809228,-0.2044987261438508,0.8616639605141694
1614182363557,2021-02-24T16:00:28.199Z,78.362,0.31790835971077963,-0.3389419454563087,-0.20473654265234045,0.8614729134099693
1614182363596,2021-02-24T16:00:28.200Z,78.40100000000001,0.3182223003629203,-0.33848091464010355,-0.20570974948423235,0.8613064129235684
1614182363637,2021-02-24T16:00:28.211Z,78.442,0.3184077203179456,-0.33873820015596273,-0.20635370829415892,0.8609826377287042
1614182363677,2021-02-24T16:00:28.214Z,78.482,0.3185531036667435,-0.3394011666326066,-0.20652609035247407,0.8606263662219698
1614182363716,2021-02-24T16:00:28.216Z,78.521,0.3192094648338475,-0.3395342649865488,-0.20580132682975144,0.8605042790920024
1614182363756,2021-02-24T16:00:28.227Z,78.561,0.3187006340704282,-0.3385716734793963,-0.2057322074814072,0.8610884893931027
1614182363795,2021-02-24T16:00:28.229Z,78.6,0.3177870652593688,-0.337632698666808,-0.2054312261801647,0.8618663198286147
1614182363835,2021-02-24T16:00:28.241Z,78.64,0.3171637946828941,-0.3364644938541593,-0.20507596803353814,0.8626370146550161
1614182363874,2021-02-24T16:00:28.243Z,78.679,0.3165379220158886,-0.33622490626892165,-0.2046918408498884,0.8630514507373254
1614182363914,2021-02-24T16:00:28.245Z,78.719,0.316287827419397,-0.33611485605965,-0.20430402792347635,0.8632778683231499
1614182363954,2021-02-24T16:00:28.256Z,78.759,0.3161676674679401,-0.3385708680617137,-0.2035353730526964,0.8625434048580508
1614182363993,2021-02-24T16:00:28.259Z,78.798,0.3150210206661252,-0.3418101181802801,-0.20588972140952824,0.8611254393327157
1614182364033,2021-02-24T16:00:28.260Z,78.83800000000001,0.3139032338011337,-0.34327882398353965,-0.2078752786025676,0.8604721246847997
1614182364072,2021-02-24T16:00:28.286Z,78.877,0.3123872576053404,-0.3442320696507441,-0.20882808173046075,0.8604122940721826
1614182364113,2021-02-24T16:00:28.316Z,78.918,0.3109045128866151,-0.3444142359892467,-0.20959237208850665,0.8606905689485582
1614182364153,2021-02-24T16:00:28.318Z,78.958,0.3095407610644844,-0.3444146920928789,-0.21039142910346256,0.8609869242154551
1614182364192,2021-02-24T16:00:28.320Z,78.997,0.30859697185178403,-0.34519014151563204,-0.2105070592527618,0.8609869065026955
1614182364232,2021-02-24T16:00:28.332Z,79.03699999999999,0.3081359312938933,-0.3455237410976098,-0.21075763829109295,0.8609569153479852
1614182364271,2021-02-24T16:00:28.334Z,79.07600000000001,0.305990338517549,-0.3461846937565258,-0.21124136104641567,0.8613380044592682
1614182364311,2021-02-24T16:00:28.336Z,79.116,0.3043010645045529,-0.3469553049188603,-0.21194452065565308,0.8614536544086989
1614182364350,2021-02-24T16:00:28.377Z,79.155,0.3028071642392871,-0.3469689169186327,-0.21299780735534515,0.8617147590934529
1614182364390,2021-02-24T16:00:28.380Z,79.195,0.3016500147082521,-0.346870168236854,-0.21360083665188292,0.8620110426180534
1614182364430,2021-02-24T16:00:28.391Z,79.235,0.3018186248085675,-0.346664561762325,-0.21368447476230104,0.8620140048643987
1614182364469,2021-02-24T16:00:28.393Z,79.274,0.30237864646663193,-0.3470165186589028,-0.21382242594170028,0.8616418398054201
1614182364509,2021-02-24T16:00:28.395Z,79.314,0.3029638925474651,-0.3470238851668767,-0.21366248946364985,0.8614729499713674
1614182364550,2021-02-24T16:00:28.406Z,79.355,0.3034220986717333,-0.3471189944244658,-0.21388177203530828,0.8612189160361176
1614182364589,2021-02-24T16:00:28.409Z,79.39399999999999,0.30321916788561154,-0.34729092049588234,-0.2142136298763141,0.8611385913679016
1614182364629,2021-02-24T16:00:28.410Z,79.434,0.3025124682285512,-0.34718545391746714,-0.21502017690060524,0.861228651799291
1614182364668,2021-02-24T16:00:28.421Z,79.473,0.3008794631516649,-0.34679603046098845,-0.21589807853240595,0.8617378264855745
1614182364708,2021-02-24T16:00:28.424Z,79.513,0.29761772379497325,-0.3463909027125439,-0.2168667753041776,0.8627895657518438
1614182364747,2021-02-24T16:00:28.426Z,79.55199999999999,0.29408302040824996,-0.3450917772691315,-0.21846462492525026,0.8641180764369314
1614182364787,2021-02-24T16:00:28.437Z,79.592,0.2929648725626234,-0.3450094922027958,-0.21923160324600935,0.8643364726034181
1614182364827,2021-02-24T16:00:28.439Z,79.632,0.2911397160620204,-0.3447490178537281,-0.22039317514614415,0.8647616022749951
1614182364866,2021-02-24T16:00:28.451Z,79.671,0.2906412194067969,-0.3442024182103631,-0.2214874224099037,0.8648674456782873
1614182364906,2021-02-24T16:00:28.453Z,79.711,0.2901747214163981,-0.34394138953231645,-0.22197877278386285,0.8650019514722872
1614182364945,2021-02-24T16:00:28.455Z,79.75,0.2887732740969275,-0.3440496809963248,-0.22253892530878194,0.8652839071056854
1614182364985,2021-02-24T16:00:28.466Z,79.79,0.287749003266264,-0.3445163387192175,-0.22266488248037467,0.8654070450283947
1614182365026,2021-02-24T16:00:28.469Z,79.831,0.2872278067203762,-0.3449587779832943,-0.22233076821254705,0.8654898370546549
1614182365065,2021-02-24T16:00:28.470Z,79.87,0.2868629948494917,-0.3455422684643893,-0.222240001049055,0.8654013778728229
1614182365105,2021-02-24T16:00:28.482Z,79.91,0.2869245811739798,-0.3455557268682793,-0.22192102238206698,0.8654574421492773
1614182365144,2021-02-24T16:00:28.485Z,79.949,0.2873048596847559,-0.3460284709604543,-0.22160172937041592,0.8652241839120852
1614182365184,2021-02-24T16:00:28.496Z,79.98899999999999,0.28795003852187606,-0.34652480731496554,-0.22120088297495308,0.8649135810019849
1614182365224,2021-02-24T16:00:28.498Z,80.029,0.28843468973857045,-0.3469661516300896,-0.22094788335206506,0.8646397817708034
1614182365263,2021-02-24T16:00:28.500Z,80.068,0.2884706799666295,-0.3468299873870219,-0.2206943863059414,0.8647471390538116
1614182365303,2021-02-24T16:00:28.511Z,80.108,0.2884579870000747,-0.34715871798059034,-0.22044079167449104,0.8646841455883539
1614182365342,2021-02-24T16:00:28.514Z,80.14699999999999,0.2884347745649513,-0.3473655820111335,-0.22024692991720665,0.8646582117332705
1614182365382,2021-02-24T16:00:28.515Z,80.187,0.28804891423347834,-0.3469694925498978,-0.22029086734330813,0.8649346380008802
1614182365423,2021-02-24T16:00:28.526Z,80.22800000000001,0.28779558735124483,-0.3466059888844397,-0.2203655421457936,0.8651456618427802
1614182365461,2021-02-24T16:00:28.529Z,80.266,0.28777628212032913,-0.3464025718342376,-0.2203906220082413,0.8652271628921777
1614182365502,2021-02-24T16:00:28.531Z,80.307,0.2876343143974847,-0.34630524028347803,-0.22059859560222533,0.8652603315486141
1614182365541,2021-02-24T16:00:28.542Z,80.346,0.2878368340780055,-0.3462750706811639,-0.22059687794362626,0.8652054957143018
1614182365581,2021-02-24T16:00:28.544Z,80.38600000000001,0.2880445772634527,-0.3462303987227909,-0.22045052367948276,0.8651915389778253
1614182365621,2021-02-24T16:00:28.556Z,80.426,0.2880643168310324,-0.34653455643215464,-0.22019110704274644,0.8651292544737638
1614182365660,2021-02-24T16:00:28.558Z,80.465,0.2883375881419358,-0.3465411898421876,-0.2201185463789672,0.8650540240628114
1614182365700,2021-02-24T16:00:28.560Z,80.505,0.2886673501957662,-0.3462545241228768,-0.220041353868246,0.8650784750779691
1614182365739,2021-02-24T16:00:28.571Z,80.544,0.2888538073654821,-0.3463446626805797,-0.22001891122159425,0.8649858561317663
1614182365779,2021-02-24T16:00:28.574Z,80.584,0.2890576665200163,-0.3467022933540121,-0.22004639594237546,0.8647674651846257
1614182365818,2021-02-24T16:00:28.575Z,80.623,0.2888447208879582,-0.3482002991577232,-0.22042770622622007,0.8641394014911465
1614182365858,2021-02-24T16:00:28.586Z,80.663,0.28948593227050484,-0.3451141900053353,-0.2137301102990342,0.8668411220206393
1614182365897,2021-02-24T16:00:28.589Z,80.702,0.2893219742467131,-0.3447596038677981,-0.213260673019732,0.8671525218218963
1614182365937,2021-02-24T16:00:28.591Z,80.742,0.28954553963536045,-0.3452110489964221,-0.21314638574405415,0.8669263696371824
1614182365978,2021-02-24T16:00:28.602Z,80.783,0.2895498617418059,-0.3458684492936709,-0.21333554575855185,0.8666163154847671
1614182366017,2021-02-24T16:00:28.604Z,80.822,0.2894309347935997,-0.3458756036862806,-0.21364349589914866,0.8665773233930971
1614182366057,2021-02-24T16:00:28.610Z,80.862,0.28914710729849297,-0.34615006608397736,-0.21442444200735047,0.866369575158782
1614182366097,2021-02-24T16:00:28.618Z,80.902,0.289245814892632,-0.34666055721929817,-0.21455866050133465,0.8660992424886285
1614182366136,2021-02-24T16:00:28.620Z,80.941,0.28926731685383195,-0.3468887056259449,-0.21462078969891255,0.8659853127728879
1614182366176,2021-02-24T16:00:28.631Z,80.98100000000001,0.28969544428382,-0.3474483137751825,-0.2138853307405552,0.8657997944732868
1614182366215,2021-02-24T16:00:28.633Z,81.02,0.2902118750229944,-0.3468344998389166,-0.2135546867558277,0.8659545560141979
1614182366255,2021-02-24T16:00:28.635Z,81.06,0.29091419708158683,-0.3457920124404478,-0.2132855925065648,0.8662020954130072
1614182366294,2021-02-24T16:00:28.646Z,81.09899999999999,0.2916246677456775,-0.3441161137691705,-0.21372772341412144,0.8665215598303619
1614182366334,2021-02-24T16:00:28.649Z,81.139,0.29227766811501266,-0.3433875083787629,-0.2144347093625516,0.8664159158460063
1614182366373,2021-02-24T16:00:28.650Z,81.178,0.2924749885136437,-0.3437220770393914,-0.21553657955628974,0.8659431261479278
1614182366414,2021-02-24T16:00:28.663Z,81.219,0.2920201278421989,-0.34384290114253224,-0.2166752398461798,0.8657644857041163
1614182366454,2021-02-24T16:00:28.665Z,81.259,0.29146723705776995,-0.3435672661184835,-0.2173742778447492,0.8658849846863351
1614182366494,2021-02-24T16:00:28.676Z,81.29899999999999,0.291187331259857,-0.3427832038055625,-0.21802222995762013,0.8661269656042715
1614182366533,2021-02-24T16:00:28.678Z,81.33800000000001,0.2914666114654121,-0.34129752585444983,-0.21880183072655346,0.866423090711005
1614182366573,2021-02-24T16:00:28.680Z,81.378,0.29222176962456303,-0.34008171374667856,-0.2196043227614054,0.8664437701069329
1614182366612,2021-02-24T16:00:28.691Z,81.417,0.2929649781375792,-0.3391661533079786,-0.2202608493950035,0.8663850184871089
1614182366652,2021-02-24T16:00:28.694Z,81.457,0.2934450770509046,-0.3385316245531885,-0.22089221954548172,0.8663099637405991
1614182366691,2021-02-24T16:00:28.695Z,81.49600000000001,0.2934917532303796,-0.33837613276208106,-0.22122144368593485,0.8662708908974417
1614182366731,2021-02-24T16:00:28.707Z,81.536,0.2931662536513547,-0.3381064468894377,-0.2218397729120273,0.8663282827232236
1614182366770,2021-02-24T16:00:28.709Z,81.575,0.29301132282442177,-0.33790977923076104,-0.22212094527870105,0.8663853827630041
1614182366810,2021-02-24T16:00:28.711Z,81.615,0.2928177120862537,-0.33786734805171115,-0.22240929335516968,0.866393414586197
1614182366850,2021-02-24T16:00:28.722Z,81.655,0.2919752778339059,-0.33866473183204904,-0.2231129193369001,0.8661854661513928
1614182366889,2021-02-24T16:00:28.725Z,81.694,0.29154757990286123,-0.3387101135811161,-0.223260300186346,0.8662738054283731
1614182366930,2021-02-24T16:00:28.736Z,81.735,0.29177652277556976,-0.3385115001745554,-0.22325503636370628,0.8662757146225499
1614182366970,2021-02-24T16:00:28.738Z,81.775,0.2922108782368665,-0.338514405747576,-0.22315029977874576,0.8661551497567054
1614182367009,2021-02-24T16:00:28.740Z,81.814,0.29234598119480576,-0.33860527064791585,-0.22289000794559385,0.8661410637573485
1614182367049,2021-02-24T16:00:28.752Z,81.854,0.29249504293583983,-0.3386807069792828,-0.22248322639180015,0.8661658285526331
1614182367088,2021-02-24T16:00:28.754Z,81.893,0.2926262342709076,-0.33856766592570003,-0.2221202234607439,0.8662588694702068
1614182367128,2021-02-24T16:00:28.755Z,81.93299999999999,0.29276554936230176,-0.3386283645694881,-0.22175139962521692,0.8662825639361795
1614182367167,2021-02-24T16:00:28.767Z,81.97200000000001,0.292869528079216,-0.33880476847112123,-0.22135780196178034,0.8662791073866071
1614182367207,2021-02-24T16:00:28.769Z,82.012,0.29303348991912875,-0.3386909423642692,-0.22110832335514072,0.8663318813764721
1614182367246,2021-02-24T16:00:28.798Z,82.051,0.2932075357233723,-0.3388524750881113,-0.22099693564091613,0.8662382441101371
1614182367286,2021-02-24T16:00:28.800Z,82.09100000000001,0.2931032348268889,-0.33924888151455884,-0.2209451502903984,0.8661315897069496
1614182367326,2021-02-24T16:00:28.811Z,82.131,0.292621143735361,-0.33921807609706195,-0.22096518780633465,0.8663015346088959
1614182367367,2021-02-24T16:00:28.814Z,82.17200000000001,0.29251561930180964,-0.33927384504784097,-0.22102327346671108,0.8663005154777365
1614182367406,2021-02-24T16:00:28.816Z,82.211,0.2918289864320973,-0.3398360382348987,-0.22150396325221428,0.8661889540154531
1614182367446,2021-02-24T16:00:28.842Z,82.251,0.29137203829875163,-0.3400910813896021,-0.2217353901412894,0.8661834727214391
1614182367485,2021-02-24T16:00:28.844Z,82.29,0.2906541135655417,-0.3400281871104036,-0.2218660984985448,0.86641586583746
1614182367525,2021-02-24T16:00:28.846Z,82.33,0.2905970748750452,-0.3397310099901581,-0.2217352917306364,0.8665850456396439
1614182367564,2021-02-24T16:00:28.858Z,82.369,0.2907648757691763,-0.33988128440739385,-0.2217558149555401,0.8664645740374619
1614182367604,2021-02-24T16:00:28.860Z,82.40899999999999,0.2909139608884643,-0.339825285999296,-0.22201180522125344,0.8663709371268649
1614182367643,2021-02-24T16:00:28.871Z,82.448,0.2909148048956573,-0.33976278428238804,-0.22200323618068094,0.866397362550525
1614182367683,2021-02-24T16:00:28.873Z,82.488,0.2912011382453123,-0.3398298786549629,-0.22205436831766304,0.8662617434523072
1614182367723,2021-02-24T16:00:28.876Z,82.52799999999999,0.2912387398827302,-0.3396941644481136,-0.2223713079244464,0.866221029785925
1614182367762,2021-02-24T16:00:28.886Z,82.56700000000001,0.29122667491810555,-0.3391618497875719,-0.2223480432613412,0.8664396177014699
1614182367802,2021-02-24T16:00:28.889Z,82.60700000000001,0.2910313524454016,-0.33915610100956833,-0.2222754082404033,0.86652612997725
1614182367843,2021-02-24T16:00:28.890Z,82.648,0.2898936126662662,-0.3380999050678092,-0.2226847742429248,0.8672148746699498
1614182367882,2021-02-24T16:00:28.932Z,82.68700000000001,0.2893021104130459,-0.33796400069277943,-0.22286411795859248,0.8674192804364146
1614182367922,2021-02-24T16:00:28.934Z,82.727,0.28915125946303033,-0.33786429749976576,-0.2228032401917576,0.8675240525691419
1614182367961,2021-02-24T16:00:28.936Z,82.766,0.28890510397544233,-0.3372857604783075,-0.22265586307005236,0.8678689551516628
1614182368001,2021-02-24T16:00:28.947Z,82.806,0.2888190456904782,-0.3371448019255033,-0.22244775862776264,0.8680057235194589
1614182368040,2021-02-24T16:00:28.950Z,82.845,0.289297267107668,-0.336714415908398,-0.22223417949707586,0.8680682362733719
1614182368080,2021-02-24T16:00:28.961Z,82.885,0.2896185298586989,-0.33676427503589224,-0.22209146541178,0.8679782895978931
1614182368120,2021-02-24T16:00:28.963Z,82.925,0.28929132029748744,-0.3372692831043848,-0.2221056300416708,0.8678876953722662
1614182368159,2021-02-24T16:00:28.965Z,82.964,0.2887066452612042,-0.3370804234796672,-0.22240539084478733,0.8680789729120081
1614182368199,2021-02-24T16:00:28.976Z,83.00399999999999,0.28817861246524923,-0.33727436225960555,-0.22271598507196616,0.8680994654262862
1614182368238,2021-02-24T16:00:28.979Z,83.04299999999999,0.2872364933802054,-0.33780465398077303,-0.22335487503473775,0.8680413656144448
1614182368278,2021-02-24T16:00:28.980Z,83.083,0.286501916486574,-0.3383259722963297,-0.22391036439999815,0.8679379799464496
1614182368319,2021-02-24T16:00:28.991Z,83.124,0.28605983608958024,-0.3380926530873786,-0.2241141456397692,0.8681220984567183
1614182368358,2021-02-24T16:00:28.994Z,83.163,0.2855861140817138,-0.3387141492557898,-0.22394468521347366,0.8680795323599511
1614182368398,2021-02-24T16:00:28.996Z,83.20299999999999,0.2854292440624157,-0.33914576714776434,-0.22395485629676307,0.8679599746536752
1614182368437,2021-02-24T16:00:29.007Z,83.242,0.2852364570334372,-0.3391013209919444,-0.2237985701681172,0.8680810202229035
1614182368477,2021-02-24T16:00:29.009Z,83.28200000000001,0.2852262813934934,-0.3391412899763508,-0.22337301736429155,0.868178350887183
1614182368517,2021-02-24T16:00:29.021Z,83.322,0.285947951202359,-0.33966076123954,-0.22197692032730815,0.8680959528297282
1614182368556,2021-02-24T16:00:29.023Z,83.361,0.2867842204460211,-0.3397739774704513,-0.2207757547866333,0.8680820936037499
1614182368596,2021-02-24T16:00:29.025Z,83.40100000000001,0.2869014657501889,-0.3401619990715262,-0.2203639148788226,0.867996030150677
1614182368635,2021-02-24T16:00:29.036Z,83.44,0.28717169605200144,-0.3421676565868617,-0.21972172026639905,0.8672808526744069
1614182368675,2021-02-24T16:00:29.039Z,83.48,0.28719092037146376,-0.3429598936819105,-0.2192277337231501,0.8670865512441626
1614182368714,2021-02-24T16:00:29.040Z,83.51899999999999,0.2869258555821068,-0.3437589905881841,-0.21945864010094146,0.8667994087868969
1614182368754,2021-02-24T16:00:29.051Z,83.559,0.2864442075919115,-0.3445934850301013,-0.2193551834142616,0.8666535348806621
1614182368795,2021-02-24T16:00:29.054Z,83.6,0.2858628674457844,-0.34494167972461165,-0.2194198685615499,0.8666905906290141
1614182368834,2021-02-24T16:00:29.056Z,83.639,0.2856622930387281,-0.3448820035835199,-0.2198589068481703,0.8666692096870643
1614182368874,2021-02-24T16:00:29.067Z,83.679,0.2854715316498057,-0.3449139119525917,-0.22017728462565248,0.8666385413157829
1614182368913,2021-02-24T16:00:29.069Z,83.71799999999999,0.2854583763318784,-0.3449992056245966,-0.22029541647687456,0.8665789017623526
1614182368953,2021-02-24T16:00:29.081Z,83.758,0.28613911863664115,-0.34504222547828994,-0.22048768353999187,0.8662883173805379
1614182368993,2021-02-24T16:00:29.083Z,83.79799999999999,0.2865168656361269,-0.3452446465540247,-0.22055030403963372,0.8660668467964013
1614182369032,2021-02-24T16:00:29.085Z,83.837,0.2867625596327425,-0.3452523592662169,-0.22038440863817496,0.8660246851234616
1614182369072,2021-02-24T16:00:29.096Z,83.87700000000001,0.28641132906238753,-0.34596481979834603,-0.2200427480128183,0.8659434641439254
1614182369111,2021-02-24T16:00:29.099Z,83.916,0.2858812740749999,-0.3466247850165376,-0.2199284550180088,0.8658837278866519
1614182369151,2021-02-24T16:00:29.100Z,83.956,0.28565142771113466,-0.3466217389601837,-0.2198166873661371,0.8659891776934553
1614182369190,2021-02-24T16:00:29.111Z,83.995,0.2848286459823408,-0.34748217523886765,-0.2196293929810331,0.8659628803002551
1614182369230,2021-02-24T16:00:29.114Z,84.035,0.2838833081008971,-0.3481135295473525,-0.2199032685348202,0.8659502239825789
1614182369271,2021-02-24T16:00:29.116Z,84.07600000000001,0.2833032309520121,-0.34797657962059186,-0.22102316093125302,0.8659101233382493
1614182369310,2021-02-24T16:00:29.127Z,84.115,0.2832080121881578,-0.3471580504672012,-0.22175972312645914,0.8660814829028045
1614182369350,2021-02-24T16:00:29.129Z,84.155,0.283294759704865,-0.34703308595995064,-0.22256386176011228,0.8658969013752743
1614182369390,2021-02-24T16:00:29.131Z,84.195,0.28344613491645465,-0.34718482532551664,-0.2229114848772545,0.8656970922756013
1614182369429,2021-02-24T16:00:29.143Z,84.234,0.28287669078397343,-0.3474306512761484,-0.222395075117663,0.8659175197028575
1614182369469,2021-02-24T16:00:29.145Z,84.274,0.282055440326116,-0.3475270666550941,-0.2221381527474624,0.8662126226386291
1614182369508,2021-02-24T16:00:29.156Z,84.31299999999999,0.28088448982504105,-0.3478369945181357,-0.22218105701602606,0.8664576772835233
1614182369548,2021-02-24T16:00:29.158Z,84.353,0.2803760308725425,-0.3478141252579487,-0.22241792123046394,0.8665707610453554
1614182369587,2021-02-24T16:00:29.160Z,84.39200000000001,0.27914648513583035,-0.3482378740012981,-0.22328075894104624,0.8665756318026016
1614182369627,2021-02-24T16:00:29.171Z,84.432,0.27847488056961617,-0.3477505696039239,-0.22414615772881,0.8667639714520302
1614182369668,2021-02-24T16:00:29.174Z,84.473,0.27875806772324496,-0.3473760114114719,-0.22439216751233426,0.8667594830944605
1614182369706,2021-02-24T16:00:29.175Z,84.51100000000001,0.2788530982078078,-0.3471410428092189,-0.2244504407143508,0.8668079635538476
1614182369747,2021-02-24T16:00:29.187Z,84.552,0.2795755300154401,-0.3462898090332327,-0.22563648191104624,0.8666077943378532
1614182369787,2021-02-24T16:00:29.189Z,84.59200000000001,0.2803024332874663,-0.3464511509893646,-0.22688963437125134,0.8659810850625724
1614182369826,2021-02-24T16:00:29.191Z,84.631,0.2801571127424863,-0.34653695517014216,-0.2268639352963757,0.8660005113988344
1614182369866,2021-02-24T16:00:29.202Z,84.671,0.2781937489501275,-0.3466895225796377,-0.226304923682142,0.8667183478476709
1614182369905,2021-02-24T16:00:29.205Z,84.71,0.2776114992425603,-0.3468163621077109,-0.2258889107915643,0.8669627826176115
1614182369945,2021-02-24T16:00:29.216Z,84.75,0.27805165779449664,-0.3470717862077552,-0.22456581435511508,0.8670632305889314
1614182369984,2021-02-24T16:00:29.218Z,84.789,0.2781690535775541,-0.3480408068643299,-0.2244917671111893,0.8666562299368127
1614182370024,2021-02-24T16:00:29.220Z,84.829,0.27813545009145496,-0.3482345589624561,-0.22429064668550555,0.8666412574739591
1614182370063,2021-02-24T16:00:29.231Z,84.868,0.2778419718035978,-0.3482689486531772,-0.2238761752322688,0.8668287237232452
1614182370103,2021-02-24T16:00:29.234Z,84.90799999999999,0.2772516418248662,-0.34846357191187965,-0.2233252401688876,0.8670816012690726
1614182370142,2021-02-24T16:00:29.235Z,84.947,0.2770786077777703,-0.3483659879509892,-0.2230835417947037,0.8672383276419432
1614182370182,2021-02-24T16:00:29.246Z,84.98700000000001,0.2769972999309063,-0.3475827505882429,-0.22136409039433808,0.868018817081972
1614182370222,2021-02-24T16:00:29.249Z,85.027,0.2771462848127889,-0.3471933705096313,-0.2193748914711958,0.8686318882476233
1614182370263,2021-02-24T16:00:29.251Z,85.068,0.27839934959624,-0.34671821237036143,-0.2180438524663681,0.8687561002702175
1614182370302,2021-02-24T16:00:29.262Z,85.10700000000001,0.2797316640276087,-0.34712070526079564,-0.21776192937216424,0.8682379594533434
1614182370342,2021-02-24T16:00:29.292Z,85.147,0.28012974510474203,-0.3477663599766627,-0.21831375293440414,0.8677125042638434
1614182370381,2021-02-24T16:00:29.294Z,85.186,0.28038458599486743,-0.3481552501391288,-0.2184404564026478,0.8674423166664458
1614182370421,2021-02-24T16:00:29.296Z,85.226,0.28074387829898784,-0.3491583855287736,-0.2188702449263153,0.8668143471923376
1614182370460,2021-02-24T16:00:29.308Z,85.265,0.28088656879158963,-0.3497356693485947,-0.2185372080731502,0.8666194007437007
1614182370500,2021-02-24T16:00:29.310Z,85.305,0.2812106084754196,-0.3498961562399409,-0.2180538877220672,0.8665712755328849
1614182370539,2021-02-24T16:00:29.321Z,85.344,0.28126067333114896,-0.3501081642133492,-0.218000880011448,0.8664827311047241
1614182370579,2021-02-24T16:00:29.324Z,85.384,0.2818812574214519,-0.3504849030464369,-0.21791060315522004,0.8661514062123082
1614182370619,2021-02-24T16:00:29.325Z,85.42399999999999,0.28329359962649675,-0.3501800744806808,-0.21741394039577736,0.8659386989671661
1614182370658,2021-02-24T16:00:29.336Z,85.463,0.28457575943995084,-0.3498239149592848,-0.21690042561828066,0.8657910088631915
1614182370698,2021-02-24T16:00:29.339Z,85.50299999999999,0.28555706322537944,-0.3500967288918538,-0.2159058682599113,0.8656062038318892
1614182370739,2021-02-24T16:00:29.341Z,85.544,0.285778011385841,-0.35011963829548426,-0.21576724423271929,0.8655585846171312
1614182370778,2021-02-24T16:00:29.352Z,85.583,0.28585109440837564,-0.3505847040845319,-0.21553201678039532,0.8654047994031872
1614182370818,2021-02-24T16:00:29.354Z,85.62299999999999,0.28580542646910084,-0.3503827091556783,-0.2156013645674581,0.8654844117153079
1614182370857,2021-02-24T16:00:29.356Z,85.662,0.2860337237288436,-0.3510720147024079,-0.2153626817040704,0.8651890340912991
1614182370897,2021-02-24T16:00:29.368Z,85.70200000000001,0.2868982721367417,-0.3512698963183438,-0.21442217369809247,0.8650560518325023
1614182370936,2021-02-24T16:00:29.370Z,85.741,0.2872318361608871,-0.3516774068846933,-0.21371646249255452,0.8649544192858787
1614182370976,2021-02-24T16:00:29.396Z,85.781,0.2884470712826147,-0.3524396574094475,-0.21182737817365851,0.8647044216434118
1614182371016,2021-02-24T16:00:29.398Z,85.821,0.2887095667030021,-0.3523344566523327,-0.2116505894703711,0.8647029806393145
1614182371055,2021-02-24T16:00:29.400Z,85.86,0.28826621019363324,-0.3526431057368977,-0.21152321585070305,0.8647562438011144
1614182371095,2021-02-24T16:00:29.411Z,85.9,0.2882199754544846,-0.3527721700535449,-0.21160443053316735,0.8646991423399605
1614182371134,2021-02-24T16:00:29.414Z,85.939,0.2884597283057842,-0.3531524410953734,-0.21146499663805446,0.8644980588127422
1614182371175,2021-02-24T16:00:29.415Z,85.98,0.2886998569942792,-0.3533630856567941,-0.21158134359535807,0.8643033363981508
1614182371215,2021-02-24T16:00:29.427Z,86.02,0.2892314169398005,-0.3541415330795593,-0.2120129655378828,0.8637010272350539
1614182371254,2021-02-24T16:00:29.430Z,86.059,0.2901758307556524,-0.3551001700553973,-0.21237337954166535,0.8629017349234771
1614182371294,2021-02-24T16:00:29.446Z,86.09899999999999,0.2920711613821663,-0.35976698374782395,-0.21280224845183146,0.8602193657130202
1614182371333,2021-02-24T16:00:29.446Z,86.13799999999999,0.2933383412400537,-0.3629341525062735,-0.21229116301310327,0.858582483288374
1614182371373,2021-02-24T16:00:29.447Z,86.178,0.2938766091983217,-0.3633370912496442,-0.21238293910187314,0.8582052108131218
1614182371413,2021-02-24T16:00:29.457Z,86.21799999999999,0.2955626572208939,-0.3611068854118424,-0.21178872504061005,0.8587141951256865
1614182371452,2021-02-24T16:00:29.459Z,86.257,0.29700972965643385,-0.3612163417942302,-0.21135082253677093,0.8582766481288165
1614182371492,2021-02-24T16:00:29.461Z,86.29700000000001,0.2975289655663081,-0.3611269025384721,-0.21116116262514795,0.8581811220895081
1614182371531,2021-02-24T16:00:29.488Z,86.336,0.2988918556861583,-0.3602713210547301,-0.21125709514841254,0.8580435149684535
1614182371571,2021-02-24T16:00:29.490Z,86.376,0.29916697241670914,-0.359277952434334,-0.21157995805776256,0.8582845663635621
1614182371610,2021-02-24T16:00:29.505Z,86.415,0.29927498824466603,-0.35897036750926964,-0.2118042314686779,0.8583202923113128
1614182371651,2021-02-24T16:00:29.505Z,86.456,0.29864606794147625,-0.35726709375885785,-0.21463726775879144,0.8585462090704469
1614182371691,2021-02-24T16:00:29.506Z,86.49600000000001,0.29812934321773643,-0.35595608436732645,-0.21649976106445265,0.8588026631150354
1614182371730,2021-02-24T16:00:29.516Z,86.535,0.2974292942280205,-0.355294644571355,-0.21793683232913394,0.8589558007186862
1614182371770,2021-02-24T16:00:29.519Z,86.575,0.2968790317778481,-0.35474627322769325,-0.2183559789974311,0.8592663082873572
1614182371809,2021-02-24T16:00:29.520Z,86.61399999999999,0.2968087443448769,-0.3546487565437271,-0.21831607277063,0.8593409807127871
1614182371849,2021-02-24T16:00:29.532Z,86.654,0.29677081856343834,-0.3546517665839743,-0.2175263835762479,0.8595530688423445
1614182371889,2021-02-24T16:00:29.534Z,86.694,0.29672987163071635,-0.3545589056719589,-0.2165287346213669,0.8598573560620337
1614182371928,2021-02-24T16:00:29.536Z,86.73299999999999,0.29677805351013026,-0.3548281404705122,-0.21615482208822728,0.8598237438992853
1614182371968,2021-02-24T16:00:29.547Z,86.773,0.29635483409475233,-0.3548361677930358,-0.2166119874358479,0.859851355313066
1614182372007,2021-02-24T16:00:29.550Z,86.81200000000001,0.2958945794049994,-0.3548197556682454,-0.21756809933016352,0.859775238664225
1614182372047,2021-02-24T16:00:29.561Z,86.852,0.2938068288967373,-0.3551740981782948,-0.2199625731246347,0.8597356417534799
1614182372086,2021-02-24T16:00:29.563Z,86.891,0.2916803922029966,-0.3549164101475196,-0.22127256969752926,0.8602298184274687
1614182372127,2021-02-24T16:00:29.565Z,86.932,0.2912736241200679,-0.3548345157004943,-0.22085014145515425,0.8605099403137627
1614182372167,2021-02-24T16:00:29.576Z,86.97200000000001,0.2911043856569616,-0.3550068999953972,-0.22028669283144933,0.8606405234291049
1614182372206,2021-02-24T16:00:29.579Z,87.01100000000001,0.2917832960727014,-0.3545277804303405,-0.21766092436521697,0.8612759621866651
1614182372246,2021-02-24T16:00:29.580Z,87.051,0.29250235079932696,-0.3541245234675251,-0.21696585528799206,0.8613733303828925
1614182372286,2021-02-24T16:00:29.591Z,87.09100000000001,0.2924461458622845,-0.3548382109098869,-0.21813818641094787,0.8608024323141221
1614182372325,2021-02-24T16:00:29.594Z,87.13,0.2919378971972709,-0.3550963095915463,-0.21938419902336276,0.8605518277903882
1614182372365,2021-02-24T16:00:29.596Z,87.17,0.2916894432374975,-0.3551020489908869,-0.2199037085306937,0.8605011112605957
1614182372404,2021-02-24T16:00:29.607Z,87.209,0.2918186041101124,-0.3554550307035732,-0.2193821269713041,0.8604447139754502
1614182372444,2021-02-24T16:00:29.610Z,87.249,0.2913670646117684,-0.3553966962041453,-0.21896389706562705,0.8607283158863391
1614182372483,2021-02-24T16:00:29.621Z,87.288,0.2905784096605913,-0.3555280207759077,-0.21848329164674532,0.8610627535513835
1614182372523,2021-02-24T16:00:29.623Z,87.32799999999999,0.28952716700505154,-0.3552731380805159,-0.2185504878683627,0.8615049049059166
1614182372562,2021-02-24T16:00:29.625Z,87.367,0.2888184133999848,-0.3545779583882256,-0.21879647600877286,0.8619666452899993
1614182372603,2021-02-24T16:00:29.636Z,87.40799999999999,0.2885866889775564,-0.3546502208474499,-0.21923873388050535,0.861902153010595
1614182372643,2021-02-24T16:00:29.639Z,87.448,0.28814715202864194,-0.35454407322539794,-0.21966547336200887,0.8619842218574367
1614182372683,2021-02-24T16:00:29.640Z,87.488,0.2878850026027861,-0.3545395618345443,-0.2199236461737167,0.8620078388415159
1614182372722,2021-02-24T16:00:29.651Z,87.527,0.2876849957439477,-0.3545899112181835,-0.21985350581796925,0.8620717917120555
1614182372762,2021-02-24T16:00:29.654Z,87.56700000000001,0.2870506404727416,-0.3548821372461063,-0.21974519354167507,0.8621906102383373
1614182372801,2021-02-24T16:00:29.656Z,87.60600000000001,0.2868508612059801,-0.35505241979011043,-0.2195148678538052,0.8622456641918828
1614182372841,2021-02-24T16:00:29.667Z,87.646,0.2867500621669764,-0.3552573673492375,-0.21957697834663775,0.8621789578570591
1614182372880,2021-02-24T16:00:29.669Z,87.685,0.2862671717792269,-0.3549717429759483,-0.21990476825914668,0.862373504316448
1614182372920,2021-02-24T16:00:29.681Z,87.725,0.2854910944257508,-0.3548201104836302,-0.22058625062071724,0.8625191187661093
1614182372959,2021-02-24T16:00:29.683Z,87.764,0.28418186502521003,-0.3544583270885501,-0.22177517753797088,0.8627953016656855
1614182372999,2021-02-24T16:00:29.685Z,87.804,0.2826219265052789,-0.35415386067220783,-0.2233928668645488,0.8630153629359405
1614182373038,2021-02-24T16:00:29.696Z,87.84299999999999,0.2807906813101457,-0.3534339731361822,-0.22467495536844814,0.8635752337536913
1614182373079,2021-02-24T16:00:29.699Z,87.884,0.2796946286569348,-0.3528542329722069,-0.22497750407433545,0.8640890739006816
1614182373119,2021-02-24T16:00:29.700Z,87.92399999999999,0.2788905701719346,-0.3528441419076512,-0.22502936318462355,0.8643395438688138
1614182373159,2021-02-24T16:00:29.712Z,87.964,0.2782231124926471,-0.35215021001372604,-0.22519007697740426,0.8647956744185897
1614182373198,2021-02-24T16:00:29.714Z,88.00299999999999,0.2779777877146094,-0.35198176138939163,-0.22509453948216826,0.8649679979524233
1614182373238,2021-02-24T16:00:29.716Z,88.04299999999999,0.27781870980696777,-0.35203617800156056,-0.2253078777789621,0.8649414165537374
1614182373277,2021-02-24T16:00:29.742Z,88.08200000000001,0.2768044320421761,-0.3521158913893056,-0.22613320399670256,0.8650187740639556
1614182373317,2021-02-24T16:00:29.744Z,88.12200000000001,0.2762602301784447,-0.3515609493187023,-0.2267658045086326,0.8652528266590281
1614182373356,2021-02-24T16:00:29.746Z,88.161,0.2760810306600727,-0.3513085682417962,-0.22718634219093026,0.8653022132824327
1614182373396,2021-02-24T16:00:29.758Z,88.20100000000001,0.2759482731595498,-0.3514283254830504,-0.22728807092568765,0.8652692155643359
1614182373435,2021-02-24T16:00:29.787Z,88.24,0.27559428179241746,-0.35050821277422944,-0.2279567889017915,0.8655792782955939
1614182373475,2021-02-24T16:00:29.789Z,88.28,0.2751217503179711,-0.3500752408494891,-0.22824221970299866,0.8658295660181604
1614182373515,2021-02-24T16:00:29.791Z,88.32,0.2747565813057773,-0.35030550157493023,-0.2283100176963915,0.8658345179160806
1614182373556,2021-02-24T16:00:29.802Z,88.361,0.2737766269365659,-0.3506285626517192,-0.2285879052562517,0.8659408404542338
1614182373595,2021-02-24T16:00:29.804Z,88.4,0.27282032089079145,-0.35078798866974503,-0.2289376052082994,0.8660856957804864
1614182373635,2021-02-24T16:00:29.817Z,88.44,0.27211179622989323,-0.3513157637911324,-0.2290047605764665,0.8660769158092771
1614182373674,2021-02-24T16:00:29.818Z,88.479,0.2715737970757031,-0.35228702547456303,-0.2290137207470545,0.865848855247704
1614182373714,2021-02-24T16:00:29.820Z,88.51899999999999,0.27125865132260996,-0.3526221731777804,-0.229078030008393,0.8657942037421434
1614182373753,2021-02-24T16:00:29.831Z,88.55799999999999,0.2708840898543156,-0.3535178390237762,-0.229515385339064,0.8654303179623531
1614182373793,2021-02-24T16:00:29.834Z,88.598,0.2706440240921437,-0.3539966186949656,-0.22975173974648036,0.8652469845421062
1614182373832,2021-02-24T16:00:29.835Z,88.637,0.27040161447973016,-0.35418577122313105,-0.22988602580239215,0.8652096979869176
1614182373872,2021-02-24T16:00:29.847Z,88.677,0.27014455432207474,-0.35555887963260824,-0.22999600740501666,0.8646974265384878
1614182373912,2021-02-24T16:00:29.849Z,88.71700000000001,0.270112560062187,-0.3560297203843496,-0.23005541559002135,0.8644978593712052
1614182373951,2021-02-24T16:00:29.851Z,88.756,0.2700943484483905,-0.35612029152314073,-0.2302308242531548,0.8644195442407727
1614182373991,2021-02-24T16:00:29.862Z,88.796,0.27039591047609024,-0.3560798354925568,-0.2309821575159215,0.8641414498001413
1614182374032,2021-02-24T16:00:29.864Z,88.837,0.2705254416594302,-0.3564021713878123,-0.23106776291010145,0.8639451178105839
1614182374071,2021-02-24T16:00:29.866Z,88.876,0.2707467295910157,-0.35600321039342103,-0.2311558211875142,0.8640167295466409
1614182374111,2021-02-24T16:00:29.878Z,88.916,0.27078590599519964,-0.3559416997844819,-0.23131678534691005,0.8639867153409618
1614182374150,2021-02-24T16:00:29.880Z,88.955,0.2707127420647807,-0.35572128440390816,-0.23141400854393115,0.864074380916036
1614182374190,2021-02-24T16:00:29.891Z,88.995,0.2707935575860874,-0.3550762166893819,-0.23158021363900064,0.8642698271734008
1614182374229,2021-02-24T16:00:29.893Z,89.03399999999999,0.27089320932635697,-0.3545301212267618,-0.23161642649215514,0.8644530601847669
1614182374269,2021-02-24T16:00:29.895Z,89.074,0.2710734035088405,-0.35401656122402675,-0.23159023256061784,0.8646140459602579
1614182374308,2021-02-24T16:00:29.906Z,89.113,0.2714263547561788,-0.3536827600926396,-0.23166046588098366,0.8646211122247888
1614182374348,2021-02-24T16:00:29.909Z,89.15299999999999,0.27176756651615064,-0.3536504763122152,-0.23148263804088784,0.8645747617642237
1614182374388,2021-02-24T16:00:29.911Z,89.193,0.2719392575854868,-0.3535637056183291,-0.23103768107323855,0.8646752778804251
1614182374427,2021-02-24T16:00:29.922Z,89.23200000000001,0.2721865194931077,-0.353613908906829,-0.23042968617524195,0.8647391871327681
1614182374467,2021-02-24T16:00:29.924Z,89.272,0.2724648299982789,-0.3539518661995665,-0.2297803774210252,0.8646860534206068
1614182374508,2021-02-24T16:00:29.926Z,89.31299999999999,0.27269108101899325,-0.35401541891889604,-0.22939975085336126,0.8646897777866853
1614182374547,2021-02-24T16:00:29.953Z,89.352,0.2736734077899926,-0.35334437090074083,-0.2282576760756305,0.8649560998882686
1614182374587,2021-02-24T16:00:29.955Z,89.39200000000001,0.27413515000125244,-0.3534069360394752,-0.22776930459362504,0.8649130597799514
1614182374626,2021-02-24T16:00:29.966Z,89.431,0.2742617197241989,-0.3532770421242116,-0.22743890853865226,0.8650129383336643
1614182374666,2021-02-24T16:00:29.968Z,89.471,0.27505348719775685,-0.35270235012368417,-0.2268200638008579,0.8651585346368366
1614182374705,2021-02-24T16:00:29.970Z,89.51,0.27569301667143875,-0.3526230384503344,-0.2263287316883671,0.8651159798113723
1614182374745,2021-02-24T16:00:29.981Z,89.55,0.2766350779343348,-0.35254402251638794,-0.22549260432482746,0.8650657959016965
1614182374785,2021-02-24T16:00:29.984Z,89.59,0.277963442908721,-0.3525822685962281,-0.2243624817525597,0.8649182302736483
1614182374824,2021-02-24T16:00:29.985Z,89.62899999999999,0.2793605966483538,-0.3537924187825497,-0.2243833716500679,0.8639679878208545
1614182374864,2021-02-24T16:00:29.998Z,89.669,0.2801763275757486,-0.35443100279298045,-0.2269057220281946,0.8627825236038298
1614182374903,2021-02-24T16:00:29.999Z,89.708,0.28070146033852444,-0.3530202389596785,-0.2309267587838122,0.8621230962723793
1614182374943,2021-02-24T16:00:30.001Z,89.74799999999999,0.2801886141006953,-0.3510447615318761,-0.23517942329157066,0.8619469559025104
1614182374984,2021-02-24T16:00:30.042Z,89.789,0.2789492545490068,-0.3494244358279177,-0.23804338149894164,0.862221100157868
1614182375023,2021-02-24T16:00:30.045Z,89.82799999999999,0.277131841466746,-0.3483174812507862,-0.23973832401855685,0.8627852633750371
1614182375063,2021-02-24T16:00:30.056Z,89.868,0.2767243615658751,-0.3474455125851666,-0.24002069903660625,0.8631890334882438
1614182375102,2021-02-24T16:00:30.058Z,89.90700000000001,0.27618642855580977,-0.3473832144980349,-0.2391108510826949,0.8636387901554144
1614182375142,2021-02-24T16:00:30.060Z,89.947,0.2749130946822322,-0.3481247707843481,-0.23687230306070806,0.8643630292772242
1614182375182,2021-02-24T16:00:30.072Z,89.98700000000001,0.2743965671311036,-0.34858619631968996,-0.2357354065262303,0.8646519564495007
1614182375221,2021-02-24T16:00:30.074Z,90.02600000000001,0.2744268142060753,-0.34953498572212643,-0.23215416796215066,0.8652280969193837
1614182375261,2021-02-24T16:00:30.075Z,90.066,0.2756979200398892,-0.3497129876458826,-0.2304588782594404,0.8652052869630826
1614182375300,2021-02-24T16:00:30.086Z,90.105,0.2771992414639919,-0.3496343795381992,-0.2296420940594271,0.8649745024061269
1614182375340,2021-02-24T16:00:30.089Z,90.145,0.2783233722844775,-0.3496969679609973,-0.2287229186954163,0.8648317509796523
1614182375379,2021-02-24T16:00:30.091Z,90.184,0.2794320225801748,-0.3502343379904549,-0.22776423725435305,0.8645097486304494
1614182375419,2021-02-24T16:00:30.102Z,90.22399999999999,0.2798997577319336,-0.34985648673371084,-0.22654308629367226,0.8648322348088603
1614182375460,2021-02-24T16:00:30.104Z,90.265,0.2795209827959835,-0.3498641874056674,-0.2255348002088025,0.8652150740957506
1614182375499,2021-02-24T16:00:30.116Z,90.304,0.27871364092032275,-0.34911371739495023,-0.22514237404310025,0.8658806096118868
1614182375539,2021-02-24T16:00:30.118Z,90.344,0.27859683805128777,-0.3488300661832502,-0.2248813358000634,0.8661003241906755
1614182375579,2021-02-24T16:00:30.120Z,90.384,0.27902801223144563,-0.34844382535909824,-0.22434451117753385,0.8662562030160591
1614182375618,2021-02-24T16:00:30.131Z,90.42299999999999,0.27935859289325365,-0.34790684369904457,-0.22438474972077474,0.8663550593012171
1614182375658,2021-02-24T16:00:30.134Z,90.463,0.2800345362490598,-0.34722078734533696,-0.22482086123958825,0.8662990036324343
1614182375697,2021-02-24T16:00:30.135Z,90.50200000000001,0.28095403522869883,-0.3471429675165303,-0.2262652560785863,0.8656561812199
1614182375737,2021-02-24T16:00:30.146Z,90.542,0.28216652992170776,-0.3478252164047685,-0.2263030202902899,0.8649778096763006
1614182375776,2021-02-24T16:00:30.149Z,90.581,0.2865673931480618,-0.3536929798927274,-0.22159884940909344,0.8623655576955128
1614182375816,2021-02-24T16:00:30.151Z,90.62100000000001,0.2902967499959448,-0.3563552037823971,-0.2070083009749868,0.8636471090708561
1614182375855,2021-02-24T16:00:30.162Z,90.66,0.29183002674653363,-0.3576166324076757,-0.20329723660334495,0.8634904824628666
1614182375895,2021-02-24T16:00:30.164Z,90.7,0.30278126142148154,-0.3551328793684696,-0.1931447760311624,0.8630754551111673
1614182375936,2021-02-24T16:00:30.166Z,90.741,0.3191169840623652,-0.35533539001925124,-0.1812425653157346,0.8596814779908768
1614182375975,2021-02-24T16:00:30.178Z,90.78,0.33536037727063484,-0.3622655317418112,-0.16633110812463306,0.8535988896072628
1614182376015,2021-02-24T16:00:30.180Z,90.82,0.34744058949862144,-0.3716023294839449,-0.169370505463269,0.844103297807841
1614182376055,2021-02-24T16:00:30.191Z,90.86,0.3533360450935328,-0.3731434752308839,-0.17797332111272254,0.8391919226865729
1614182376094,2021-02-24T16:00:30.193Z,90.899,0.3573026063005591,-0.3672130786450128,-0.19632075811106253,0.8360308381498717
1614182376134,2021-02-24T16:00:30.195Z,90.939,0.3569685137701116,-0.3567203928538113,-0.2140789241783239,0.836357731907604
1614182376173,2021-02-24T16:00:30.206Z,90.978,0.3552150304936869,-0.3504326475009856,-0.2221812892666637,0.8376483250007859
1614182376213,2021-02-24T16:00:30.209Z,91.01799999999999,0.34507694489795593,-0.33461697263269297,-0.2444143260543055,0.8421490491269608
1614182376252,2021-02-24T16:00:30.211Z,91.057,0.33637993737295085,-0.3201621205889513,-0.26305436166378793,0.8456637375946853
1614182376292,2021-02-24T16:00:30.222Z,91.09700000000001,0.3318261362792301,-0.31493024362626426,-0.27339759390433943,0.846146625933601
1614182376331,2021-02-24T16:00:30.224Z,91.13600000000001,0.3242708724063382,-0.30743861755687074,-0.28556871968467634,0.8478091790498656
1614182376372,2021-02-24T16:00:30.226Z,91.177,0.3198974626507493,-0.3049310236987706,-0.28901990426284146,0.8492056165120027
1614182376412,2021-02-24T16:00:30.238Z,91.21700000000001,0.3190714466899654,-0.30419583459858873,-0.2887485339636388,0.8498721022918037
1614182376452,2021-02-24T16:00:30.240Z,91.257,0.3236433667621129,-0.30509755357357626,-0.2848504848552243,0.8491352396597651
1614182376491,2021-02-24T16:00:30.251Z,91.296,0.3261418436276895,-0.3033813233567988,-0.2872079831552013,0.8479993189179641
1614182376531,2021-02-24T16:00:30.253Z,91.336,0.3253073795244344,-0.3020104531927782,-0.29005662009685484,0.847839579240806
1614182376570,2021-02-24T16:00:30.283Z,91.375,0.3236125867260521,-0.3020886303156861,-0.2887476097521268,0.8489064559825773
1614182376610,2021-02-24T16:00:30.285Z,91.415,0.32390476041777005,-0.30423328033868663,-0.2860157444913623,0.8489539511752808
1614182376649,2021-02-24T16:00:30.297Z,91.454,0.3237552032765818,-0.30733311569871197,-0.2842404246050877,0.8484906041710661
1614182376689,2021-02-24T16:00:30.299Z,91.494,0.3225008864507503,-0.3088792372231281,-0.28133063932126845,0.8493761630926695
1614182376728,2021-02-24T16:00:30.300Z,91.53299999999999,0.32158183533348245,-0.3091498553279925,-0.2794195831406784,0.8502565416929879
1614182376768,2021-02-24T16:00:30.311Z,91.573,0.3214922988245418,-0.3117759800807061,-0.2704449566802535,0.8522311690189712
1614182376808,2021-02-24T16:00:30.314Z,91.613,0.3240520519977625,-0.31534078648469793,-0.26116213715751074,0.8528451172930366
1614182376847,2021-02-24T16:00:30.316Z,91.652,0.3254088194618392,-0.3168220950135289,-0.2561044553766482,0.8533131712706193
1614182376888,2021-02-24T16:00:30.327Z,91.693,0.3276157590716829,-0.3193432579182342,-0.2420381706649109,0.8556315339976879
1614182376928,2021-02-24T16:00:30.329Z,91.73299999999999,0.3273621959229909,-0.32100959342799823,-0.23339247363299026,0.8575049777459852
1614182376967,2021-02-24T16:00:30.341Z,91.772,0.3269467662944166,-0.3216671685451677,-0.22968022474245256,0.8584189181582702
1614182377007,2021-02-24T16:00:30.343Z,91.81200000000001,0.3248234384906409,-0.3232844368305013,-0.2200418579026056,0.8611379027084292
1614182377046,2021-02-24T16:00:30.345Z,91.851,0.3221991892811081,-0.3217449681186748,-0.2173133526028836,0.863390273687053
1614182377086,2021-02-24T16:00:30.356Z,91.891,0.32009311808674634,-0.3192408827051809,-0.2158058394709253,0.8654787658939822
1614182377125,2021-02-24T16:00:30.359Z,91.93,0.3190669553402478,-0.3163812593964502,-0.21383520024298647,0.8673947681705616
1614182377165,2021-02-24T16:00:30.360Z,91.97,0.319053678476266,-0.3153186732073339,-0.2102606422527477,0.8686595114870913
1614182377204,2021-02-24T16:00:30.371Z,92.009,0.3198495641078337,-0.3147793308494112,-0.20564859675750385,0.8696659610802846
1614182377244,2021-02-24T16:00:30.374Z,92.04899999999999,0.32069143511037523,-0.3147837691048128,-0.2010160967830953,0.8704370804309207
1614182377284,2021-02-24T16:00:30.376Z,92.089,0.3213918046741895,-0.31506094139352825,-0.19677241979008292,0.871047946961846
1614182377323,2021-02-24T16:00:30.387Z,92.12799999999999,0.322077910593676,-0.3155576211109921,-0.1923045904569376,0.8716123861875604
1614182377364,2021-02-24T16:00:30.389Z,92.169,0.3231630387064036,-0.3156523292862762,-0.18830732023598176,0.8720490872512482
1614182377404,2021-02-24T16:00:30.401Z,92.209,0.3245510037880269,-0.3156931035689446,-0.1841474612694192,0.8724071427992893
1614182377443,2021-02-24T16:00:30.404Z,92.24799999999999,0.3265521521251174,-0.3158708395102058,-0.18004238757916924,0.8724528889082575
1614182377483,2021-02-24T16:00:30.405Z,92.288,0.32874564636400994,-0.3157779057372251,-0.1761456645325887,0.8724582047933839
1614182377522,2021-02-24T16:00:30.417Z,92.32700000000001,0.3297769351745316,-0.31574395999202537,-0.17433841903127062,0.8724442907172492
1614182377562,2021-02-24T16:00:30.419Z,92.367,0.3314529282322685,-0.3144815588087016,-0.1700430093486398,0.8731126390719367
1614182377601,2021-02-24T16:00:30.421Z,92.406,0.3309363143902257,-0.31309952380888617,-0.1682006203192863,0.8741615384656715
1614182377641,2021-02-24T16:00:30.432Z,92.446,0.3301010436182511,-0.3120464264539771,-0.16786173921380998,0.8749187192234253
1614182377681,2021-02-24T16:00:30.434Z,92.486,0.325475769439327,-0.3095811259244653,-0.16867946232156691,0.8773666787439135
1614182377720,2021-02-24T16:00:30.436Z,92.525,0.3220032697861982,-0.3079217961295431,-0.16993051235715867,0.8789890116977497
1614182377760,2021-02-24T16:00:30.448Z,92.565,0.3190990736918609,-0.30601245787351355,-0.17155712289114752,0.8803978137072576
1614182377799,2021-02-24T16:00:30.450Z,92.604,0.3154587174574266,-0.3052941597632313,-0.17317568618620785,0.8816413416511921
1614182377840,2021-02-24T16:00:30.461Z,92.645,0.3098905758412931,-0.3035973593034885,-0.1749579930021488,0.8838473709376299
1614182377880,2021-02-24T16:00:30.463Z,92.685,0.3036411372123314,-0.3003654387679007,-0.17634712466982413,0.8868395314863079
1614182377919,2021-02-24T16:00:30.466Z,92.72399999999999,0.2981785992432251,-0.2986944979607447,-0.17717547725952507,0.8890894050089598
1614182377959,2021-02-24T16:00:30.476Z,92.764,0.2938860649731824,-0.2980153937743459,-0.17833147235771646,0.8905142850369268
