epoch (ms),time (-07:00),elapsed (s),X-Axis (T),Y-Axis (T),Z-Axis (T)
1611770489619,2021-01-27T18:02:19.456Z,47.303000000000004,-10.078125,-13.432812690734865,-85.8062515258789
1611770489658,2021-01-27T18:02:19.488Z,47.342,-9.765625,-18.182811737060547,-85.7437515258789
1611770489698,2021-01-27T18:02:19.502Z,47.382,-10.078125,-15.245312690734865,-86.1812515258789
1611770489737,2021-01-27T18:02:19.516Z,47.42100000000001,-8.265625,-13.807812690734865,-85.8687515258789
1611770489777,2021-01-27T18:02:19.532Z,47.461000000000006,-10.140625,-13.807812690734865,-86.2437515258789
1611770489815,2021-01-27T18:02:19.546Z,47.498999999999995,-9.765625,-13.807812690734865,-87.8687515258789
1611770489854,2021-01-27T18:02:19.548Z,47.538000000000004,-10.078125,-12.307812690734865,-86.1812515258789
1611770489894,2021-01-27T18:02:19.562Z,47.578,-9.390625,-14.495312690734865,-86.2437515258789
1611770489934,2021-01-27T18:02:19.577Z,47.618,-9.765625,-15.245312690734865,-86.1812515258789
1611770489973,2021-01-27T18:02:19.592Z,47.657,-9.015625,-12.682812690734865,-85.8062515258789
1611770490013,2021-01-27T18:02:19.606Z,47.696999999999996,-9.765625,-14.120312690734865,-87.8687515258789
1611770490052,2021-01-27T18:02:19.608Z,47.736000000000004,-9.015625,-14.495312690734865,-85.0562515258789
1611770490092,2021-01-27T18:02:19.623Z,47.776,-9.765625,-14.120312690734865,-85.8687515258789
1611770490131,2021-01-27T18:02:19.638Z,47.815,-9.015625,-14.120312690734865,-86.9312515258789
1611770490171,2021-01-27T18:02:19.652Z,47.855,-9.765625,-13.745312690734865,-85.7437515258789
1611770490209,2021-01-27T18:02:19.666Z,47.893,-9.765625,-13.057812690734865,-86.1812515258789
1611770490249,2021-01-27T18:02:19.681Z,47.933,-9.765625,-17.057811737060547,-84.6187515258789
1611770490288,2021-01-27T18:02:19.683Z,47.972,-9.390625,-21.495311737060547,-85.8687515258789
1611770490328,2021-01-27T18:02:19.726Z,48.012,-10.140625,-15.995312690734865,-85.4312515258789
1611770490367,2021-01-27T18:02:19.728Z,48.051,-9.390625,-14.120312690734865,-85.4312515258789
1611770490407,2021-01-27T18:02:19.743Z,48.091,-9.765625,-15.245312690734865,-85.4312515258789
1611770490446,2021-01-27T18:02:19.757Z,48.13,-9.015625,-14.870312690734865,-85.0562515258789
1611770490486,2021-01-27T18:02:19.772Z,48.17,-10.453125,-14.120312690734865,-86.6187515258789
1611770490525,2021-01-27T18:02:19.786Z,48.208999999999996,-9.765625,-14.870312690734865,-84.2437515258789
1611770490565,2021-01-27T18:02:19.801Z,48.248999999999995,-11.203125,-29.55781173706055,-86.2437515258789
1611770490603,2021-01-27T18:02:19.803Z,48.287,-10.140625,-13.807812690734865,-86.6187515258789
1611770490643,2021-01-27T18:02:19.817Z,48.327,-9.015625,-17.057811737060547,-85.8687515258789
1611770490682,2021-01-27T18:02:19.832Z,48.36600000000001,-9.015625,-14.870312690734865,-87.4312515258789
1611770490722,2021-01-27T18:02:19.846Z,48.406000000000006,-9.015625,-14.120312690734865,-86.2437515258789
1611770490761,2021-01-27T18:02:19.861Z,48.445,-9.390625,-14.495312690734865,-84.9937515258789
1611770490801,2021-01-27T18:02:19.863Z,48.485,-9.765625,-12.307812690734865,-86.9937515258789
1611770490840,2021-01-27T18:02:19.891Z,48.523999999999994,-9.390625,-14.120312690734865,-86.6187515258789
1611770490880,2021-01-27T18:02:19.906Z,48.56399999999999,-10.078125,-13.432812690734865,-85.4312515258789
1611770490919,2021-01-27T18:02:19.921Z,48.603,-9.390625,-14.870312690734865,-86.6187515258789
1611770490959,2021-01-27T18:02:19.923Z,48.643,-10.453125,-15.995312690734865,-85.4312515258789
1611770490999,2021-01-27T18:02:19.937Z,48.683,-9.390625,-13.057812690734865,-85.8062515258789
1611770491037,2021-01-27T18:02:19.952Z,48.721000000000004,-9.015625,-13.432812690734865,-86.2437515258789
1611770491076,2021-01-27T18:02:19.967Z,48.76,-10.140625,-14.495312690734865,-85.4312515258789
1611770491116,2021-01-27T18:02:19.981Z,48.8,-10.828125,-14.495312690734865,-86.3062515258789
1611770491155,2021-01-27T18:02:19.983Z,48.839,-9.765625,-14.120312690734865,-88.2437515258789
1611770491195,2021-01-27T18:02:19.998Z,48.879,-10.453125,-14.495312690734865,-86.5562515258789
1611770491234,2021-01-27T18:02:20.012Z,48.918,-9.765625,-16.745311737060547,-83.8687515258789
1611770491274,2021-01-27T18:02:20.027Z,48.958,-10.453125,-18.182811737060547,-86.2437515258789
1611770491313,2021-01-27T18:02:20.041Z,48.997,-9.765625,-13.432812690734865,-84.9937515258789
1611770491353,2021-01-27T18:02:20.071Z,49.037,-9.765625,-13.745312690734865,-84.2437515258789
1611770491391,2021-01-27T18:02:20.073Z,49.075,-9.390625,-15.245312690734865,-87.0562515258789
1611770491431,2021-01-27T18:02:20.087Z,49.115,-10.078125,-15.245312690734865,-84.9937515258789
1611770491470,2021-01-27T18:02:20.101Z,49.153999999999996,-9.390625,-26.24531173706055,-84.1812515258789
1611770491510,2021-01-27T18:02:20.116Z,49.193999999999996,-9.390625,-26.24531173706055,-84.1812515258789
1611770491549,2021-01-27T18:02:20.118Z,49.233000000000004,-9.390625,-15.245312690734865,-85.0562515258789
1611770491589,2021-01-27T18:02:20.132Z,49.273,-9.015625,-15.620312690734865,-85.8687515258789
1611770491628,2021-01-27T18:02:20.147Z,49.312,-10.078125,-19.307811737060547,-86.1812515258789
1611770491668,2021-01-27T18:02:20.161Z,49.352,-9.765625,-14.495312690734865,-86.2437515258789
1611770491707,2021-01-27T18:02:20.176Z,49.391000000000005,-10.140625,-13.807812690734865,-86.2437515258789
1611770491747,2021-01-27T18:02:20.178Z,49.431000000000004,-9.765625,-14.495312690734865,-87.0562515258789
1611770491787,2021-01-27T18:02:20.193Z,49.471000000000004,-10.453125,-14.870312690734865,-88.1812515258789
1611770491825,2021-01-27T18:02:20.207Z,49.50899999999999,-10.078125,-14.495312690734865,-86.6187515258789
1611770491864,2021-01-27T18:02:20.222Z,49.548,-9.765625,-17.432811737060547,-85.7437515258789
1611770491904,2021-01-27T18:02:20.236Z,49.588,-9.015625,-14.495312690734865,-85.8062515258789
1611770491943,2021-01-27T18:02:20.251Z,49.626999999999995,-9.015625,-14.495312690734865,-86.1812515258789
1611770491983,2021-01-27T18:02:20.266Z,49.667,-9.765625,-14.495312690734865,-86.6187515258789
1611770492022,2021-01-27T18:02:20.268Z,49.706,-10.828125,-13.807812690734865,-85.4937515258789
1611770492062,2021-01-27T18:02:20.282Z,49.746,-9.765625,-16.370311737060547,-86.1812515258789
1611770492102,2021-01-27T18:02:20.297Z,49.786,-11.203125,-14.120312690734865,-88.2437515258789
1611770492141,2021-01-27T18:02:20.311Z,49.825,-9.015625,-15.245312690734865,-85.8687515258789
1611770492181,2021-01-27T18:02:20.326Z,49.865,-9.765625,-15.245312690734865,-84.6812515258789
1611770492219,2021-01-27T18:02:20.328Z,49.903,-10.453125,-13.807812690734865,-87.4312515258789
1611770492258,2021-01-27T18:02:20.343Z,49.942,-10.140625,-14.495312690734865,-86.2437515258789
1611770492298,2021-01-27T18:02:20.357Z,49.982,-9.765625,-18.182811737060547,-84.6812515258789
1611770492337,2021-01-27T18:02:20.372Z,50.021,-11.203125,-20.745311737060547,-87.1187515258789
1611770492377,2021-01-27T18:02:20.386Z,50.06100000000001,-9.765625,-16.370311737060547,-84.6812515258789
1611770492416,2021-01-27T18:02:20.401Z,50.1,-9.390625,-17.807811737060547,-83.8687515258789
1611770492456,2021-01-27T18:02:20.403Z,50.14,-10.140625,-14.870312690734865,-85.8687515258789
1611770492496,2021-01-27T18:02:20.417Z,50.18,-10.453125,-14.495312690734865,-85.4312515258789
1611770492535,2021-01-27T18:02:20.432Z,50.218999999999994,-10.453125,-30.68281173706055,-85.3687515258789
1611770492575,2021-01-27T18:02:20.447Z,50.25899999999999,-10.453125,-12.307812690734865,-86.6187515258789
1611770492613,2021-01-27T18:02:20.461Z,50.297,-10.078125,-14.495312690734865,-84.9937515258789
1611770492652,2021-01-27T18:02:20.463Z,50.336000000000006,-9.765625,-15.620312690734865,-86.2437515258789
1611770492692,2021-01-27T18:02:20.477Z,50.376000000000005,-10.453125,-14.120312690734865,-86.1812515258789
1611770492731,2021-01-27T18:02:20.492Z,50.415,-10.078125,-15.995312690734865,-85.8062515258789
1611770492771,2021-01-27T18:02:20.523Z,50.455,-10.078125,-13.432812690734865,-86.9312515258789
1611770492811,2021-01-27T18:02:20.538Z,50.495,-10.078125,-14.495312690734865,-85.6812515258789
1611770492850,2021-01-27T18:02:20.552Z,50.534,-11.203125,-14.870312690734865,-86.1812515258789
1611770492890,2021-01-27T18:02:20.567Z,50.574,-10.078125,-15.995312690734865,-85.4312515258789
1611770492929,2021-01-27T18:02:20.581Z,50.613,-10.453125,-14.495312690734865,-87.1187515258789
1611770492969,2021-01-27T18:02:20.596Z,50.653,-10.078125,-14.495312690734865,-85.3687515258789
1611770493008,2021-01-27T18:02:20.598Z,50.692,-9.765625,-14.870312690734865,-87.0562515258789
1611770493046,2021-01-27T18:02:20.612Z,50.73,-9.390625,-14.495312690734865,-84.9937515258789
1611770493086,2021-01-27T18:02:20.627Z,50.77,-10.140625,-14.870312690734865,-85.0562515258789
1611770493125,2021-01-27T18:02:20.642Z,50.809,-10.453125,-14.495312690734865,-85.4312515258789
1611770493165,2021-01-27T18:02:20.656Z,50.849,-10.453125,-15.245312690734865,-85.8062515258789
1611770493205,2021-01-27T18:02:20.658Z,50.888999999999996,-9.390625,-14.495312690734865,-86.1812515258789
1611770493244,2021-01-27T18:02:20.672Z,50.928000000000004,-10.828125,-14.870312690734865,-85.4312515258789
1611770493284,2021-01-27T18:02:20.687Z,50.968,-10.078125,-17.432811737060547,-86.1812515258789
1611770493323,2021-01-27T18:02:20.702Z,51.007,-10.828125,-19.307811737060547,-84.9937515258789
1611770493363,2021-01-27T18:02:20.716Z,51.047,-10.453125,-14.120312690734865,-86.2437515258789
1611770493402,2021-01-27T18:02:20.718Z,51.086000000000006,-9.015625,-14.495312690734865,-85.7437515258789
1611770493440,2021-01-27T18:02:20.733Z,51.123999999999995,-9.015625,-25.49531173706055,-86.6187515258789
1611770493480,2021-01-27T18:02:20.747Z,51.163999999999994,-8.640625,-14.870312690734865,-86.2437515258789
1611770493520,2021-01-27T18:02:20.761Z,51.20399999999999,-10.140625,-14.870312690734865,-85.4312515258789
1611770493559,2021-01-27T18:02:20.776Z,51.243,-9.015625,-22.55781173706055,-85.8062515258789
1611770493599,2021-01-27T18:02:20.791Z,51.283,-10.453125,-14.870312690734865,-85.3687515258789
1611770493638,2021-01-27T18:02:20.793Z,51.321999999999996,-9.015625,-15.620312690734865,-85.4312515258789
1611770493678,2021-01-27T18:02:20.807Z,51.361999999999995,-10.078125,-15.245312690734865,-86.6187515258789
1611770493717,2021-01-27T18:02:20.822Z,51.401,-10.140625,-15.245312690734865,-86.6187515258789
1611770493757,2021-01-27T18:02:20.837Z,51.441,-9.765625,-15.245312690734865,-85.4312515258789
1611770493796,2021-01-27T18:02:20.851Z,51.48,-9.765625,-14.495312690734865,-86.6187515258789
1611770493836,2021-01-27T18:02:20.853Z,51.52,-8.640625,-13.057812690734865,-86.6812515258789
1611770493874,2021-01-27T18:02:20.868Z,51.558,-10.140625,-15.620312690734865,-85.4312515258789
1611770493914,2021-01-27T18:02:20.882Z,51.598,-7.890625,-14.870312690734865,-85.8062515258789
1611770493953,2021-01-27T18:02:20.896Z,51.637,-8.640625,-14.495312690734865,-84.2437515258789
1611770493993,2021-01-27T18:02:20.911Z,51.677,-9.015625,-14.495312690734865,-85.8687515258789
1611770494032,2021-01-27T18:02:20.913Z,51.716,-8.640625,-14.120312690734865,-85.8687515258789
1611770494072,2021-01-27T18:02:20.928Z,51.756,-8.640625,-14.870312690734865,-84.2437515258789
1611770494111,2021-01-27T18:02:20.942Z,51.795,-10.078125,-15.620312690734865,-85.4312515258789
1611770494151,2021-01-27T18:02:20.956Z,51.835,-9.015625,-13.745312690734865,-85.8062515258789
1611770494190,2021-01-27T18:02:20.971Z,51.873999999999995,-8.640625,-14.495312690734865,-86.1812515258789
1611770494230,2021-01-27T18:02:20.986Z,51.913999999999994,-10.078125,-14.495312690734865,-84.9937515258789
1611770494268,2021-01-27T18:02:20.988Z,51.952,-7.890625,-15.995312690734865,-86.2437515258789
1611770494308,2021-01-27T18:02:21.002Z,51.992,-9.390625,-19.620311737060547,-86.1812515258789
1611770494347,2021-01-27T18:02:21.017Z,52.031000000000006,-8.640625,-18.932811737060547,-86.1812515258789
1611770494387,2021-01-27T18:02:21.032Z,52.071000000000005,-8.265625,-15.245312690734865,-85.4312515258789
1611770494426,2021-01-27T18:02:21.046Z,52.11,-8.640625,-13.807812690734865,-85.0562515258789
1611770494466,2021-01-27T18:02:21.048Z,52.15,-7.890625,-29.55781173706055,-85.0562515258789
1611770494505,2021-01-27T18:02:21.063Z,52.18899999999999,-9.015625,-18.182811737060547,-85.4312515258789
1611770494545,2021-01-27T18:02:21.077Z,52.229,-9.015625,-15.620312690734865,-86.3687515258789
1611770494584,2021-01-27T18:02:21.091Z,52.268,-8.640625,-17.432811737060547,-85.8687515258789
1611770494624,2021-01-27T18:02:21.106Z,52.308,-8.265625,-13.432812690734865,-86.5562515258789
1611770494664,2021-01-27T18:02:21.136Z,52.348,-7.890625,-14.870312690734865,-84.9937515258789
1611770494702,2021-01-27T18:02:21.138Z,52.386,-9.390625,-15.245312690734865,-85.8062515258789
1611770494741,2021-01-27T18:02:21.152Z,52.425,-9.015625,-14.120312690734865,-86.6187515258789
1611770494781,2021-01-27T18:02:21.166Z,52.465,-9.015625,-14.870312690734865,-85.3687515258789
1611770494820,2021-01-27T18:02:21.182Z,52.504,-8.265625,-16.682811737060547,-86.9937515258789
1611770494860,2021-01-27T18:02:21.196Z,52.544,-9.765625,-13.432812690734865,-86.1812515258789
1611770494899,2021-01-27T18:02:21.198Z,52.583,-9.390625,-13.745312690734865,-84.9937515258789
1611770494939,2021-01-27T18:02:21.212Z,52.623000000000005,-8.640625,-15.245312690734865,-85.4312515258789
1611770494978,2021-01-27T18:02:21.227Z,52.662,-8.640625,-14.495312690734865,-85.8062515258789
1611770495018,2021-01-27T18:02:21.242Z,52.702,-9.390625,-15.995312690734865,-86.1812515258789
1611770495058,2021-01-27T18:02:21.256Z,52.742,-9.015625,-14.120312690734865,-86.9937515258789
1611770495096,2021-01-27T18:02:21.258Z,52.78,-9.390625,-14.120312690734865,-85.4312515258789
1611770495135,2021-01-27T18:02:21.273Z,52.818999999999996,-7.515625,-15.245312690734865,-84.2437515258789
1611770495175,2021-01-27T18:02:21.287Z,52.858999999999995,-9.390625,-14.120312690734865,-87.3687515258789
1611770495214,2021-01-27T18:02:21.301Z,52.898,-8.265625,-14.120312690734865,-85.4312515258789
1611770495254,2021-01-27T18:02:21.316Z,52.938,-8.640625,-15.245312690734865,-85.3687515258789
1611770495293,2021-01-27T18:02:21.331Z,52.977,-8.265625,-17.807811737060547,-86.1812515258789
1611770495333,2021-01-27T18:02:21.333Z,53.016999999999996,-9.390625,-22.245311737060547,-84.9937515258789
1611770495373,2021-01-27T18:02:21.347Z,53.056999999999995,-7.515625,-27.74531173706055,-85.3687515258789
1611770495412,2021-01-27T18:02:21.361Z,53.096000000000004,-7.890625,-16.682811737060547,-86.1812515258789
1611770495452,2021-01-27T18:02:21.376Z,53.136,-8.265625,-14.870312690734865,-85.4312515258789
1611770495491,2021-01-27T18:02:21.391Z,53.175,-8.265625,-21.870311737060547,-85.4312515258789
1611770495529,2021-01-27T18:02:21.393Z,53.213,-8.265625,-15.995312690734865,-84.9937515258789
1611770495569,2021-01-27T18:02:21.406Z,53.253,-8.265625,-15.995312690734865,-84.9937515258789
1611770495608,2021-01-27T18:02:21.421Z,53.292,-7.890625,-15.245312690734865,-85.8687515258789
1611770495648,2021-01-27T18:02:21.436Z,53.332,-8.265625,-15.245312690734865,-86.6187515258789
1611770495687,2021-01-27T18:02:21.438Z,53.371,-8.640625,-14.495312690734865,-85.4312515258789
1611770495727,2021-01-27T18:02:21.452Z,53.411,-9.015625,-15.245312690734865,-85.4312515258789
1611770495767,2021-01-27T18:02:21.467Z,53.451,-7.890625,-13.807812690734865,-87.4937515258789
1611770495806,2021-01-27T18:02:21.482Z,53.49,-9.015625,-14.870312690734865,-85.8062515258789
1611770495846,2021-01-27T18:02:21.526Z,53.53,-8.640625,-14.495312690734865,-84.9937515258789
1611770495885,2021-01-27T18:02:21.556Z,53.568999999999996,-9.015625,-15.620312690734865,-85.8062515258789
1611770495925,2021-01-27T18:02:21.558Z,53.608999999999995,-8.265625,-15.245312690734865,-85.4312515258789
1611770495963,2021-01-27T18:02:21.572Z,53.647,-9.390625,-13.745312690734865,-86.5562515258789
1611770496002,2021-01-27T18:02:21.587Z,53.68600000000001,-7.890625,-13.432812690734865,-87.0562515258789
1611770496042,2021-01-27T18:02:21.602Z,53.726000000000006,-8.265625,-14.870312690734865,-85.9312515258789
1611770496082,2021-01-27T18:02:21.616Z,53.766000000000005,-7.890625,-13.807812690734865,-86.2437515258789
1611770496121,2021-01-27T18:02:21.618Z,53.805,-8.265625,-14.120312690734865,-86.6187515258789
1611770496161,2021-01-27T18:02:21.633Z,53.845,-8.640625,-15.620312690734865,-86.2437515258789
1611770496200,2021-01-27T18:02:21.647Z,53.88399999999999,-8.640625,-13.432812690734865,-85.3687515258789
1611770496240,2021-01-27T18:02:21.662Z,53.924,-8.640625,-14.495312690734865,-86.2437515258789
1611770496279,2021-01-27T18:02:21.676Z,53.963,-8.265625,-15.245312690734865,-85.4312515258789
1611770496319,2021-01-27T18:02:21.691Z,54.003,-9.015625,-15.245312690734865,-86.2437515258789
1611770496357,2021-01-27T18:02:21.693Z,54.041000000000004,-7.890625,-21.120311737060547,-87.0562515258789
1611770496396,2021-01-27T18:02:21.707Z,54.08,-8.640625,-22.55781173706055,-85.8062515258789
1611770496436,2021-01-27T18:02:21.721Z,54.12,-9.390625,-26.99531173706055,-84.6812515258789
1611770496476,2021-01-27T18:02:21.751Z,54.16,-8.640625,-16.370311737060547,-87.1187515258789
1611770496515,2021-01-27T18:02:21.766Z,54.199,-9.015625,-17.057811737060547,-85.8687515258789
1611770496555,2021-01-27T18:02:21.768Z,54.239,-8.265625,-18.557811737060547,-86.6187515258789
1611770496594,2021-01-27T18:02:21.782Z,54.278,-7.140625,-14.495312690734865,-85.7437515258789
1611770496634,2021-01-27T18:02:21.797Z,54.318000000000005,-8.265625,-18.557811737060547,-85.4312515258789
1611770496673,2021-01-27T18:02:21.812Z,54.357,-7.890625,-14.495312690734865,-86.6187515258789
1611770496713,2021-01-27T18:02:21.826Z,54.397,-8.265625,-14.870312690734865,-86.6187515258789
1611770496752,2021-01-27T18:02:21.828Z,54.43600000000001,-8.265625,-14.495312690734865,-85.3687515258789
1611770496791,2021-01-27T18:02:21.843Z,54.475,-8.640625,-15.995312690734865,-87.4312515258789
1611770496830,2021-01-27T18:02:21.857Z,54.513999999999996,-7.515625,-14.495312690734865,-86.2437515258789
1611770496870,2021-01-27T18:02:21.872Z,54.553999999999995,-9.390625,-15.245312690734865,-85.8687515258789
1611770496909,2021-01-27T18:02:21.886Z,54.593,-8.640625,-15.620312690734865,-86.6187515258789
1611770496949,2021-01-27T18:02:21.901Z,54.633,-9.015625,-14.495312690734865,-85.4312515258789
1611770496988,2021-01-27T18:02:21.903Z,54.672,-9.015625,-14.120312690734865,-85.0562515258789
1611770497028,2021-01-27T18:02:21.917Z,54.711999999999996,-9.390625,-13.745312690734865,-86.5562515258789
1611770497067,2021-01-27T18:02:21.932Z,54.751000000000005,-8.265625,-14.120312690734865,-84.6187515258789
1611770497107,2021-01-27T18:02:21.946Z,54.791000000000004,-8.265625,-15.995312690734865,-84.6812515258789
1611770497146,2021-01-27T18:02:21.961Z,54.83,-10.078125,-15.245312690734865,-86.1812515258789
1611770497185,2021-01-27T18:02:21.963Z,54.869,-8.640625,-15.620312690734865,-84.6812515258789
1611770497224,2021-01-27T18:02:21.995Z,54.908,-7.890625,-14.870312690734865,-85.9312515258789
1611770497264,2021-01-27T18:02:22.007Z,54.948,-8.265625,-14.495312690734865,-85.8687515258789
1611770497303,2021-01-27T18:02:22.022Z,54.986999999999995,-8.640625,-13.807812690734865,-85.4937515258789
1611770497343,2021-01-27T18:02:22.036Z,55.027,-9.390625,-24.05781173706055,-84.2437515258789
1611770497382,2021-01-27T18:02:22.051Z,55.066,-9.015625,-17.807811737060547,-86.2437515258789
1611770497422,2021-01-27T18:02:22.053Z,55.106,-8.265625,-15.245312690734865,-85.4312515258789
1611770497461,2021-01-27T18:02:22.067Z,55.145,-7.890625,-28.80781173706055,-85.8687515258789
1611770497501,2021-01-27T18:02:22.082Z,55.185,-8.265625,-14.870312690734865,-84.9937515258789
1611770497541,2021-01-27T18:02:22.111Z,55.225,-8.640625,-13.432812690734865,-86.1812515258789
1611770497580,2021-01-27T18:02:22.113Z,55.263999999999996,-7.890625,-14.120312690734865,-87.8687515258789
1611770497618,2021-01-27T18:02:22.127Z,55.302,-8.265625,-14.870312690734865,-85.4312515258789
1611770497658,2021-01-27T18:02:22.142Z,55.342,-8.640625,-14.870312690734865,-85.4312515258789
1611770497697,2021-01-27T18:02:22.156Z,55.381,-8.640625,-13.807812690734865,-86.6187515258789
1611770497737,2021-01-27T18:02:22.171Z,55.42100000000001,-7.890625,-14.495312690734865,-86.1812515258789
1611770497776,2021-01-27T18:02:22.173Z,55.46,-8.265625,-14.120312690734865,-85.8687515258789
1611770497816,2021-01-27T18:02:22.187Z,55.5,-8.265625,-15.245312690734865,-85.4312515258789
1611770497855,2021-01-27T18:02:22.202Z,55.538999999999994,-8.640625,-14.120312690734865,-86.2437515258789
1611770497895,2021-01-27T18:02:22.216Z,55.57899999999999,-8.640625,-15.620312690734865,-87.0562515258789
1611770497935,2021-01-27T18:02:22.231Z,55.619,-8.640625,-14.120312690734865,-85.4312515258789
1611770497974,2021-01-27T18:02:22.233Z,55.658,-7.890625,-14.495312690734865,-86.6187515258789
1611770498014,2021-01-27T18:02:22.248Z,55.698,-9.015625,-15.245312690734865,-86.2437515258789
1611770498052,2021-01-27T18:02:22.262Z,55.736000000000004,-8.265625,-14.870312690734865,-86.6187515258789
1611770498091,2021-01-27T18:02:22.277Z,55.775,-8.640625,-15.245312690734865,-86.6187515258789
1611770498131,2021-01-27T18:02:22.291Z,55.815,-8.640625,-14.120312690734865,-85.4312515258789
1611770498170,2021-01-27T18:02:22.306Z,55.854,-8.640625,-15.620312690734865,-86.6187515258789
1611770498210,2021-01-27T18:02:22.308Z,55.894,-8.265625,-14.870312690734865,-85.4312515258789
1611770498249,2021-01-27T18:02:22.322Z,55.933,-7.890625,-15.995312690734865,-85.8687515258789
1611770498289,2021-01-27T18:02:22.336Z,55.973,-9.015625,-15.245312690734865,-86.1812515258789
1611770498329,2021-01-27T18:02:22.352Z,56.013000000000005,-9.390625,-15.245312690734865,-84.4937515258789
1611770498368,2021-01-27T18:02:22.366Z,56.052,-10.140625,-27.74531173706055,-83.8687515258789
1611770498408,2021-01-27T18:02:22.368Z,56.092,-9.390625,-20.370311737060547,-85.8062515258789
1611770498446,2021-01-27T18:02:22.382Z,56.13,-9.765625,-14.870312690734865,-84.9937515258789
1611770498485,2021-01-27T18:02:22.397Z,56.169,-9.765625,-18.182811737060547,-85.4312515258789
1611770498525,2021-01-27T18:02:22.412Z,56.208999999999996,-9.390625,-15.620312690734865,-86.2437515258789
1611770498564,2021-01-27T18:02:22.426Z,56.248000000000005,-9.765625,-15.995312690734865,-84.9937515258789
1611770498604,2021-01-27T18:02:22.428Z,56.288000000000004,-9.765625,-14.495312690734865,-85.8687515258789
1611770498644,2021-01-27T18:02:22.443Z,56.328,-9.390625,-17.057811737060547,-85.8062515258789
1611770498683,2021-01-27T18:02:22.457Z,56.367,-9.015625,-14.120312690734865,-83.7437515258789
1611770498723,2021-01-27T18:02:22.472Z,56.407,-9.390625,-15.245312690734865,-87.0562515258789
1611770498762,2021-01-27T18:02:22.486Z,56.446000000000005,-9.765625,-13.432812690734865,-85.8062515258789
1611770498802,2021-01-27T18:02:22.501Z,56.486000000000004,-10.078125,-15.245312690734865,-84.9937515258789
1611770498840,2021-01-27T18:02:22.503Z,56.523999999999994,-10.453125,-13.432812690734865,-87.3687515258789
1611770498879,2021-01-27T18:02:22.517Z,56.563,-10.828125,-14.120312690734865,-83.4312515258789
1611770498919,2021-01-27T18:02:22.531Z,56.603,-9.765625,-14.870312690734865,-84.9937515258789
1611770498958,2021-01-27T18:02:22.577Z,56.641999999999996,-8.640625,-15.245312690734865,-85.8062515258789
1611770498998,2021-01-27T18:02:22.591Z,56.681999999999995,-9.390625,-14.870312690734865,-85.3687515258789
1611770499038,2021-01-27T18:02:22.606Z,56.722,-9.765625,-14.870312690734865,-84.9937515258789
1611770499077,2021-01-27T18:02:22.621Z,56.761,-9.015625,-15.995312690734865,-86.6187515258789
1611770499117,2021-01-27T18:02:22.623Z,56.801,-9.390625,-14.870312690734865,-84.2437515258789
1611770499156,2021-01-27T18:02:22.637Z,56.84,-9.390625,-13.432812690734865,-85.7437515258789
1611770499196,2021-01-27T18:02:22.652Z,56.88,-9.765625,-15.245312690734865,-84.9937515258789
1611770499235,2021-01-27T18:02:22.667Z,56.919,-9.390625,-15.245312690734865,-86.1812515258789
1611770499273,2021-01-27T18:02:22.681Z,56.957,-9.765625,-17.432811737060547,-83.8062515258789
1611770499313,2021-01-27T18:02:22.683Z,56.997,-10.078125,-14.870312690734865,-85.4312515258789
1611770499353,2021-01-27T18:02:22.698Z,57.037,-10.140625,-18.932811737060547,-85.4312515258789
1611770499392,2021-01-27T18:02:22.712Z,57.076,-9.765625,-33.245311737060554,-84.2437515258789
1611770499432,2021-01-27T18:02:22.726Z,57.11600000000001,-9.390625,-15.245312690734865,-86.1812515258789
1611770499471,2021-01-27T18:02:22.742Z,57.155,-9.390625,-14.495312690734865,-84.1812515258789
1611770499511,2021-01-27T18:02:22.756Z,57.195,-10.140625,-14.120312690734865,-86.6187515258789
1611770499550,2021-01-27T18:02:22.758Z,57.233999999999995,-10.140625,-14.495312690734865,-85.4312515258789
1611770499590,2021-01-27T18:02:22.772Z,57.273999999999994,-9.390625,-14.870312690734865,-84.5562515258789
1611770499629,2021-01-27T18:02:22.787Z,57.313,-10.140625,-15.245312690734865,-85.8687515258789
1611770499669,2021-01-27T18:02:22.801Z,57.353,-9.390625,-15.620312690734865,-84.5562515258789
1611770499707,2021-01-27T18:02:22.816Z,57.391000000000005,-9.390625,-15.620312690734865,-84.5562515258789
1611770499747,2021-01-27T18:02:22.818Z,57.431000000000004,-9.765625,-14.870312690734865,-84.9937515258789
1611770499786,2021-01-27T18:02:22.833Z,57.47,-9.765625,-15.245312690734865,-86.6187515258789
1611770499826,2021-01-27T18:02:22.847Z,57.51,-10.078125,-15.620312690734865,-86.1812515258789
1611770499865,2021-01-27T18:02:22.862Z,57.549,-9.765625,-13.745312690734865,-84.5562515258789
1611770499905,2021-01-27T18:02:22.876Z,57.589,-10.078125,-13.432812690734865,-87.3687515258789
1611770499944,2021-01-27T18:02:22.891Z,57.628,-9.015625,-15.620312690734865,-84.6187515258789
1611770499984,2021-01-27T18:02:22.893Z,57.668,-9.765625,-14.495312690734865,-85.4312515258789
1611770500023,2021-01-27T18:02:22.907Z,57.707,-9.390625,-14.120312690734865,-87.3687515258789
1611770500063,2021-01-27T18:02:22.922Z,57.747,-9.390625,-14.870312690734865,-84.9937515258789
1611770500101,2021-01-27T18:02:22.936Z,57.785,-10.078125,-14.120312690734865,-85.4312515258789
1611770500141,2021-01-27T18:02:22.951Z,57.825,-10.140625,-13.807812690734865,-85.4312515258789
1611770500180,2021-01-27T18:02:22.953Z,57.864,-9.390625,-13.745312690734865,-86.5562515258789
1611770500220,2021-01-27T18:02:22.967Z,57.903999999999996,-9.015625,-14.120312690734865,-86.1812515258789
1611770500259,2021-01-27T18:02:22.982Z,57.943000000000005,-9.765625,-14.870312690734865,-85.8062515258789
1611770500299,2021-01-27T18:02:23.003Z,57.983000000000004,-9.765625,-14.495312690734865,-85.7437515258789
1611770500338,2021-01-27T18:02:23.011Z,58.022,-9.015625,-22.93281173706055,-85.4312515258789
1611770500378,2021-01-27T18:02:23.013Z,58.062,-9.015625,-14.120312690734865,-87.0562515258789
1611770500417,2021-01-27T18:02:23.028Z,58.101000000000006,-8.640625,-18.182811737060547,-85.4312515258789
1611770500457,2021-01-27T18:02:23.042Z,58.141000000000005,-9.015625,-21.495311737060547,-85.4312515258789
1611770500497,2021-01-27T18:02:23.056Z,58.181000000000004,-9.765625,-18.182811737060547,-86.1812515258789
1611770500535,2021-01-27T18:02:23.071Z,58.218999999999994,-9.765625,-13.057812690734865,-84.5562515258789
1611770500574,2021-01-27T18:02:23.086Z,58.258,-10.453125,-14.870312690734865,-86.3687515258789
1611770500614,2021-01-27T18:02:23.088Z,58.298,-9.390625,-14.870312690734865,-86.6187515258789
1611770500653,2021-01-27T18:02:23.102Z,58.336999999999996,-9.390625,-13.745312690734865,-84.5562515258789
1611770500693,2021-01-27T18:02:23.116Z,58.376999999999995,-9.390625,-14.870312690734865,-85.3687515258789
1611770500732,2021-01-27T18:02:23.132Z,58.416000000000004,-10.453125,-13.432812690734865,-86.9937515258789
1611770500772,2021-01-27T18:02:23.146Z,58.456,-9.390625,-12.682812690734865,-85.3687515258789
1611770500811,2021-01-27T18:02:23.148Z,58.495,-9.015625,-13.057812690734865,-88.5562515258789
1611770500851,2021-01-27T18:02:23.162Z,58.535,-8.640625,-13.432812690734865,-84.5562515258789
1611770500891,2021-01-27T18:02:23.177Z,58.575,-8.640625,-14.120312690734865,-86.9312515258789
1611770500930,2021-01-27T18:02:23.191Z,58.614,-9.390625,-13.057812690734865,-86.6187515258789
1611770500968,2021-01-27T18:02:23.206Z,58.652,-9.765625,-12.307812690734865,-85.3687515258789
1611770501008,2021-01-27T18:02:23.208Z,58.692,-9.390625,-14.120312690734865,-85.7437515258789
1611770501047,2021-01-27T18:02:23.223Z,58.731,-8.640625,-13.807812690734865,-87.0562515258789
1611770501087,2021-01-27T18:02:23.237Z,58.771,-8.640625,-13.432812690734865,-86.1812515258789
1611770501126,2021-01-27T18:02:23.252Z,58.81,-8.265625,-14.495312690734865,-85.7437515258789
1611770501166,2021-01-27T18:02:23.266Z,58.85,-9.015625,-13.745312690734865,-86.9312515258789
1611770501206,2021-01-27T18:02:23.282Z,58.89,-10.078125,-14.120312690734865,-85.3687515258789
1611770501245,2021-01-27T18:02:23.296Z,58.928999999999995,-8.640625,-16.682811737060547,-86.1812515258789
1611770501285,2021-01-27T18:02:23.298Z,58.968999999999994,-10.078125,-14.495312690734865,-86.6187515258789
1611770501324,2021-01-27T18:02:23.312Z,59.008,-9.390625,-14.495312690734865,-85.7437515258789
1611770501364,2021-01-27T18:02:23.327Z,59.048,-9.390625,-26.62031173706055,-85.7437515258789
1611770501402,2021-01-27T18:02:23.342Z,59.086000000000006,-9.390625,-16.745311737060547,-86.2437515258789
1611770501441,2021-01-27T18:02:23.356Z,59.125,-9.015625,-19.995311737060547,-85.7437515258789
1611770501481,2021-01-27T18:02:23.358Z,59.165,-9.015625,-15.995312690734865,-85.8062515258789
1611770501520,2021-01-27T18:02:23.373Z,59.20399999999999,-9.765625,-13.057812690734865,-86.9312515258789
1611770501560,2021-01-27T18:02:23.387Z,59.244,-8.640625,-13.745312690734865,-85.4312515258789
1611770501600,2021-01-27T18:02:23.402Z,59.284,-9.015625,-14.120312690734865,-86.9312515258789
1611770501639,2021-01-27T18:02:23.416Z,59.323,-9.765625,-13.745312690734865,-85.7437515258789
1611770501679,2021-01-27T18:02:23.431Z,59.363,-9.390625,-13.057812690734865,-84.9937515258789
1611770501718,2021-01-27T18:02:23.433Z,59.402,-10.078125,-15.245312690734865,-86.1812515258789
1611770501756,2021-01-27T18:02:23.447Z,59.44,-9.015625,-14.120312690734865,-85.3687515258789
1611770501796,2021-01-27T18:02:23.462Z,59.48,-9.390625,-13.057812690734865,-85.7437515258789
1611770501835,2021-01-27T18:02:23.477Z,59.519,-9.765625,-13.745312690734865,-86.5562515258789
1611770501875,2021-01-27T18:02:23.491Z,59.559,-9.765625,-14.495312690734865,-85.7437515258789
1611770501915,2021-01-27T18:02:23.493Z,59.599,-9.765625,-13.745312690734865,-85.3687515258789
1611770501954,2021-01-27T18:02:23.507Z,59.638000000000005,-9.390625,-13.370312690734865,-86.4937515258789
1611770501994,2021-01-27T18:02:23.522Z,59.678000000000004,-9.703125,-13.057812690734865,-85.6187515258789
1611770502033,2021-01-27T18:02:23.536Z,59.717,-8.640625,-14.870312690734865,-84.6187515258789
1611770502073,2021-01-27T18:02:23.568Z,59.757,-9.015625,-14.495312690734865,-86.9312515258789
1611770502112,2021-01-27T18:02:23.582Z,59.79600000000001,-8.640625,-14.120312690734865,-85.6812515258789
1611770502152,2021-01-27T18:02:23.596Z,59.836000000000006,-9.015625,-13.745312690734865,-86.5562515258789
1611770502190,2021-01-27T18:02:23.611Z,59.873999999999995,-9.390625,-14.120312690734865,-86.9312515258789
1611770502229,2021-01-27T18:02:23.641Z,59.913000000000004,-9.390625,-14.120312690734865,-85.7437515258789
1611770502269,2021-01-27T18:02:23.643Z,59.953,-9.015625,-23.68281173706055,-85.0562515258789
1611770502309,2021-01-27T18:02:23.657Z,59.993,-8.640625,-14.120312690734865,-86.9937515258789
1611770502348,2021-01-27T18:02:23.672Z,60.032,-9.390625,-15.245312690734865,-84.9937515258789
1611770502388,2021-01-27T18:02:23.687Z,60.071999999999996,-9.765625,-15.245312690734865,-85.4312515258789
1611770502427,2021-01-27T18:02:23.701Z,60.111000000000004,-9.765625,-18.557811737060547,-86.1812515258789
1611770502467,2021-01-27T18:02:23.703Z,60.151,-9.765625,-21.870311737060547,-85.8062515258789
1611770502506,2021-01-27T18:02:23.718Z,60.19,-8.640625,-18.557811737060547,-86.1812515258789
1611770502546,2021-01-27T18:02:23.732Z,60.23,-10.453125,-14.870312690734865,-86.6187515258789
1611770502584,2021-01-27T18:02:23.747Z,60.268,-9.015625,-15.245312690734865,-84.5562515258789
