epoch (ms),time (-07:00),elapsed (s),X-Axis (T),Y-Axis (T),Z-Axis (T)
1612561265627,2021-02-05T21:41:53.902Z,51.748000000000005,8.190278053283691,4.973610877990723,-23.70833396911621
1612561265667,2021-02-05T21:41:53.916Z,51.788000000000004,7.815277576446532,10.848610877990724,-24.45833396911621
1612561265706,2021-02-05T21:41:53.930Z,51.827,7.815277576446532,11.536110877990724,-21.77083396911621
1612561265746,2021-02-05T21:41:53.945Z,51.867,7.815277576446532,13.348610877990724,-22.52083396911621
1612561265787,2021-02-05T21:41:53.960Z,51.908,8.940278053283691,11.536110877990724,-23.27083396911621
1612561265827,2021-02-05T21:41:53.962Z,51.948,9.315278053283693,11.911110877990724,-22.08333396911621
1612561265866,2021-02-05T21:41:53.976Z,51.986999999999995,7.815277576446532,13.411110877990724,-22.89583396911621
1612561265906,2021-02-05T21:41:53.991Z,52.027,9.315278053283693,14.473610877990724,-23.33333396911621
1612561265945,2021-02-05T21:41:54.005Z,52.066,10.377778053283693,12.661110877990724,-20.95833396911621
1612561265986,2021-02-05T21:41:54.020Z,52.107,8.190278053283691,11.911110877990724,-23.33333396911621
1612561266026,2021-02-05T21:41:54.022Z,52.147,8.940278053283691,13.036110877990724,-22.52083396911621
1612561266065,2021-02-05T21:41:54.037Z,52.18600000000001,7.815277576446532,11.536110877990724,-22.14583396911621
1612561266105,2021-02-05T21:41:54.051Z,52.226000000000006,8.565278053283691,11.161110877990724,-22.89583396911621
1612561266144,2021-02-05T21:41:54.065Z,52.265,10.002778053283693,12.661110877990724,-23.27083396911621
1612561266184,2021-02-05T21:41:54.080Z,52.305,10.002778053283693,12.286110877990724,-21.33333396911621
1612561266225,2021-02-05T21:41:54.095Z,52.346000000000004,8.940278053283691,13.723610877990724,-22.52083396911621
1612561266265,2021-02-05T21:41:54.097Z,52.386,8.940278053283691,12.286110877990724,-22.52083396911621
1612561266304,2021-02-05T21:41:54.111Z,52.425,8.190278053283691,14.473610877990724,-21.70833396911621
1612561266344,2021-02-05T21:41:54.125Z,52.465,8.565278053283691,12.661110877990724,-22.89583396911621
1612561266383,2021-02-05T21:41:54.140Z,52.504,8.940278053283691,13.348610877990724,-24.08333396911621
1612561266424,2021-02-05T21:41:54.155Z,52.545,8.940278053283691,12.286110877990724,-21.33333396911621
1612561266464,2021-02-05T21:41:54.157Z,52.585,9.315278053283693,13.348610877990724,-22.89583396911621
1612561266503,2021-02-05T21:41:54.171Z,52.623999999999995,8.940278053283691,13.036110877990724,-23.70833396911621
1612561266543,2021-02-05T21:41:54.186Z,52.663999999999994,8.565278053283691,10.473610877990724,-22.08333396911621
1612561266582,2021-02-05T21:41:54.200Z,52.703,8.940278053283691,11.911110877990724,-22.89583396911621
1612561266622,2021-02-05T21:41:54.215Z,52.743,8.565278053283691,12.661110877990724,-23.70833396911621
1612561266663,2021-02-05T21:41:54.217Z,52.784,8.565278053283691,12.286110877990724,-22.08333396911621
1612561266703,2021-02-05T21:41:54.232Z,52.824,9.315278053283693,9.348610877990724,-22.52083396911621
1612561266742,2021-02-05T21:41:54.246Z,52.863,8.940278053283691,12.286110877990724,-22.52083396911621
1612561266782,2021-02-05T21:41:54.260Z,52.903,9.690278053283693,12.286110877990724,-20.95833396911621
1612561266821,2021-02-05T21:41:54.275Z,52.942,9.315278053283693,11.536110877990724,-23.33333396911621
1612561266862,2021-02-05T21:41:54.290Z,52.983000000000004,9.690278053283693,12.661110877990724,-23.27083396911621
1612561266902,2021-02-05T21:41:54.292Z,53.023,10.002778053283693,14.098610877990724,-22.52083396911621
1612561266941,2021-02-05T21:41:54.306Z,53.062,8.940278053283691,10.098610877990724,-22.89583396911621
1612561266981,2021-02-05T21:41:54.320Z,53.102,8.940278053283691,13.036110877990724,-23.33333396911621
1612561267020,2021-02-05T21:41:54.335Z,53.141000000000005,8.565278053283691,11.911110877990724,-22.89583396911621
1612561267060,2021-02-05T21:41:54.350Z,53.181000000000004,9.690278053283693,6.098610877990723,-24.08333396911621
1612561267101,2021-02-05T21:41:54.365Z,53.222,7.815277576446532,13.036110877990724,-26.45833396911621
1612561267141,2021-02-05T21:41:54.380Z,53.262,7.815277576446532,13.348610877990724,-27.27083396911621
1612561267180,2021-02-05T21:41:54.382Z,53.301,8.190278053283691,4.973610877990723,-27.64583396911621
1612561267220,2021-02-05T21:41:54.396Z,53.341,8.190278053283691,13.348610877990724,-30.77083396911621
1612561267259,2021-02-05T21:41:54.410Z,53.38,7.502777576446532,13.348610877990724,-30.02083396911621
1612561267300,2021-02-05T21:41:54.425Z,53.42100000000001,7.815277576446532,3.9111111164093018,-31.95833396911621
1612561267340,2021-02-05T21:41:54.440Z,53.461000000000006,7.815277576446532,15.911110877990724,-32.77083206176758
1612561267379,2021-02-05T21:41:54.442Z,53.5,6.752777576446532,14.473610877990724,-35.45833206176758
1612561267419,2021-02-05T21:41:54.456Z,53.54,6.752777576446532,0.9736111164093018,-37.08333206176758
1612561267458,2021-02-05T21:41:54.471Z,53.57899999999999,6.752777576446532,14.473610877990724,-39.39583206176758
1612561267499,2021-02-05T21:41:54.485Z,53.62,6.377777576446532,10.098610877990724,-39.02083206176758
1612561267539,2021-02-05T21:41:54.500Z,53.66,5.315277576446533,-3.4013888835906982,-39.83333206176758
1612561267579,2021-02-05T21:41:54.502Z,53.7,6.002777576446532,11.536110877990724,-42.95833206176758
1612561267618,2021-02-05T21:41:54.518Z,53.739,5.315277576446533,12.661110877990724,-44.14583206176758
1612561267658,2021-02-05T21:41:54.531Z,53.778999999999996,5.315277576446533,-0.8388888835906982,-46.89583206176758
1612561267697,2021-02-05T21:41:54.545Z,53.818000000000005,5.627777576446533,13.723610877990724,-48.45833206176758
1612561267738,2021-02-05T21:41:54.560Z,53.858999999999995,4.190277576446533,16.28611183166504,-49.64583206176758
1612561267778,2021-02-05T21:41:54.575Z,53.898999999999994,5.627777576446533,3.1611111164093018,-51.58333206176758
1612561267817,2021-02-05T21:41:54.577Z,53.938,4.940277576446533,15.223610877990724,-52.39583206176758
1612561267857,2021-02-05T21:41:54.591Z,53.978,5.252777576446533,15.598610877990724,-53.52083206176758
1612561267896,2021-02-05T21:41:54.605Z,54.016999999999996,4.565277576446533,2.0986111164093018,-54.33333206176758
1612561267936,2021-02-05T21:41:54.620Z,54.056999999999995,4.940277576446533,16.28611183166504,-57.45833206176758
1612561267977,2021-02-05T21:41:54.635Z,54.098,5.315277576446533,18.47361183166504,-57.45833206176758
1612561268017,2021-02-05T21:41:54.636Z,54.138000000000005,4.190277576446533,3.1611111164093018,-58.27083206176758
1612561268056,2021-02-05T21:41:54.650Z,54.177,4.565277576446533,18.47361183166504,-61.02083206176758
1612561268096,2021-02-05T21:41:54.665Z,54.217,4.565277576446533,18.47361183166504,-61.02083206176758
1612561268135,2021-02-05T21:41:54.680Z,54.256,4.940277576446533,20.28611183166504,-61.83333206176758
1612561268176,2021-02-05T21:41:54.682Z,54.297,3.1277778148651123,18.84861183166504,-64.95833587646484
1612561268216,2021-02-05T21:41:54.696Z,54.336999999999996,3.4402778148651123,20.66111183166504,-66.14583587646484
1612561268255,2021-02-05T21:41:54.711Z,54.376000000000005,3.4402778148651123,20.66111183166504,-66.14583587646484
1612561268295,2021-02-05T21:41:54.725Z,54.416000000000004,5.627777576446533,6.786110877990723,-67.33333587646484
1612561268334,2021-02-05T21:41:54.740Z,54.455,4.565277576446533,19.91111183166504,-66.89583587646484
1612561268375,2021-02-05T21:41:54.742Z,54.496,4.190277576446533,21.41111183166504,-68.08333587646484
1612561268415,2021-02-05T21:41:54.757Z,54.536,4.565277576446533,6.098610877990723,-70.08333587646484
1612561268455,2021-02-05T21:41:54.771Z,54.576,3.4402778148651123,21.03611183166504,-68.52083587646484
1612561268494,2021-02-05T21:41:54.785Z,54.615,4.940277576446533,21.03611183166504,-70.45833587646484
1612561268534,2021-02-05T21:41:54.800Z,54.655,5.627777576446533,10.098610877990724,-70.08333587646484
1612561268573,2021-02-05T21:41:54.815Z,54.693999999999996,3.4402778148651123,20.28611183166504,-71.27083587646484
1612561268614,2021-02-05T21:41:54.817Z,54.735,6.002777576446532,21.41111183166504,-71.27083587646484
1612561268654,2021-02-05T21:41:54.831Z,54.775,4.565277576446533,12.286110877990724,-72.39583587646484
1612561268693,2021-02-05T21:41:54.846Z,54.81399999999999,4.940277576446533,20.66111183166504,-73.20833587646484
1612561268733,2021-02-05T21:41:54.860Z,54.854,4.190277576446533,21.41111183166504,-73.20833587646484
1612561268772,2021-02-05T21:41:54.905Z,54.893,3.1277778148651123,15.536110877990724,-73.20833587646484
1612561268813,2021-02-05T21:41:54.907Z,54.934,4.190277576446533,21.78611183166504,-74.39583587646484
1612561268853,2021-02-05T21:41:54.921Z,54.974,5.315277576446533,22.84861183166504,-72.02083587646484
1612561268893,2021-02-05T21:41:54.935Z,55.013999999999996,3.815277814865112,21.41111183166504,-74.39583587646484
1612561268932,2021-02-05T21:41:54.950Z,55.053000000000004,4.940277576446533,23.59861183166504,-74.77083587646484
1612561268972,2021-02-05T21:41:54.965Z,55.093,4.565277576446533,22.47361183166504,-73.58333587646484
1612561269013,2021-02-05T21:41:54.967Z,55.13399999999999,4.565277576446533,22.47361183166504,-75.14583587646484
1612561269052,2021-02-05T21:41:54.981Z,55.173,4.565277576446533,24.66111183166504,-76.77083587646484
1612561269092,2021-02-05T21:41:54.996Z,55.213,4.940277576446533,25.41111183166504,-75.14583587646484
1612561269131,2021-02-05T21:41:55.011Z,55.251999999999995,4.190277576446533,23.22361183166504,-74.77083587646484
1612561269171,2021-02-05T21:41:55.025Z,55.292,4.565277576446533,25.41111183166504,-77.14583587646484
1612561269210,2021-02-05T21:41:55.027Z,55.331,4.940277576446533,23.22361183166504,-76.77083587646484
1612561269251,2021-02-05T21:41:55.042Z,55.372,5.315277576446533,23.59861183166504,-76.33333587646484
1612561269291,2021-02-05T21:41:55.056Z,55.412,3.815277814865112,25.78611183166504,-77.89583587646484
1612561269330,2021-02-05T21:41:55.070Z,55.451,4.190277576446533,25.03611183166504,-76.70833587646484
1612561269370,2021-02-05T21:41:55.085Z,55.49100000000001,5.627777576446533,26.16111183166504,-76.33333587646484
1612561269410,2021-02-05T21:41:55.100Z,55.531000000000006,4.565277576446533,24.34861183166504,-78.70833587646484
1612561269449,2021-02-05T21:41:55.102Z,55.57,4.940277576446533,26.16111183166504,-76.33333587646484
1612561269490,2021-02-05T21:41:55.116Z,55.611000000000004,3.815277814865112,24.28611183166504,-76.33333587646484
1612561269530,2021-02-05T21:41:55.130Z,55.651,3.4402778148651123,23.59861183166504,-77.89583587646484
1612561269569,2021-02-05T21:41:55.145Z,55.69,4.940277576446533,24.28611183166504,-77.14583587646484
1612561269609,2021-02-05T21:41:55.160Z,55.73,4.565277576446533,14.098610877990724,-76.77083587646484
1612561269648,2021-02-05T21:41:55.162Z,55.769,4.940277576446533,18.09861183166504,-78.70833587646484
1612561269689,2021-02-05T21:41:55.176Z,55.81,4.940277576446533,19.97361183166504,-77.14583587646484
1612561269729,2021-02-05T21:41:55.191Z,55.85,6.377777576446532,17.72361183166504,-76.77083587646484
1612561269768,2021-02-05T21:41:55.205Z,55.888999999999996,5.315277576446533,25.41111183166504,-80.27083587646484
1612561269808,2021-02-05T21:41:55.220Z,55.928999999999995,4.565277576446533,25.03611183166504,-78.33333587646484
1612561269848,2021-02-05T21:41:55.222Z,55.968999999999994,5.315277576446533,25.78611183166504,-77.89583587646484
1612561269889,2021-02-05T21:41:55.237Z,56.01,4.940277576446533,25.41111183166504,-79.52083587646484
1612561269928,2021-02-05T21:41:55.251Z,56.049,5.315277576446533,25.03611183166504,-78.70833587646484
1612561269968,2021-02-05T21:41:55.265Z,56.089,4.940277576446533,26.16111183166504,-79.08333587646484
1612561270007,2021-02-05T21:41:55.280Z,56.128,4.565277576446533,28.34861183166504,-79.08333587646484
1612561270047,2021-02-05T21:41:55.295Z,56.168,3.4402778148651123,25.41111183166504,-79.08333587646484
1612561270086,2021-02-05T21:41:55.297Z,56.207,4.565277576446533,25.03611183166504,-78.70833587646484
1612561270127,2021-02-05T21:41:55.311Z,56.248000000000005,4.565277576446533,25.78611183166504,-79.08333587646484
1612561270167,2021-02-05T21:41:55.325Z,56.288000000000004,4.565277576446533,25.41111183166504,-79.89583587646484
1612561270206,2021-02-05T21:41:55.340Z,56.327,5.315277576446533,26.47361183166504,-78.33333587646484
1612561270246,2021-02-05T21:41:55.355Z,56.367,4.940277576446533,26.16111183166504,-81.08333587646484
1612561270286,2021-02-05T21:41:55.357Z,56.407,4.565277576446533,25.78611183166504,-79.89583587646484
1612561270327,2021-02-05T21:41:55.372Z,56.448,4.565277576446533,26.16111183166504,-79.52083587646484
1612561270366,2021-02-05T21:41:55.386Z,56.486999999999995,4.940277576446533,26.16111183166504,-80.27083587646484
1612561270406,2021-02-05T21:41:55.400Z,56.527,5.315277576446533,27.97361183166504,-80.27083587646484
1612561270445,2021-02-05T21:41:55.415Z,56.566,3.815277814865112,26.47361183166504,-80.27083587646484
1612561270485,2021-02-05T21:41:55.430Z,56.606,4.190277576446533,26.47361183166504,-80.27083587646484
1612561270524,2021-02-05T21:41:55.432Z,56.645,4.190277576446533,22.09861183166504,-80.64583587646484
1612561270565,2021-02-05T21:41:55.446Z,56.68600000000001,6.002777576446532,25.41111183166504,-80.64583587646484
1612561270605,2021-02-05T21:41:55.461Z,56.726000000000006,4.940277576446533,27.59861183166504,-81.08333587646484
1612561270644,2021-02-05T21:41:55.475Z,56.765,4.190277576446533,25.78611183166504,-79.52083587646484
1612561270684,2021-02-05T21:41:55.490Z,56.805,4.190277576446533,26.84861183166504,-79.08333587646484
1612561270724,2021-02-05T21:41:55.492Z,56.845,4.565277576446533,26.47361183166504,-82.27083587646484
1612561270765,2021-02-05T21:41:55.506Z,56.886,4.940277576446533,27.22361183166504,-81.08333587646484
1612561270804,2021-02-05T21:41:55.521Z,56.925,4.190277576446533,26.16111183166504,-79.52083587646484
1612561270844,2021-02-05T21:41:55.535Z,56.965,3.4402778148651123,26.84861183166504,-82.27083587646484
1612561270883,2021-02-05T21:41:55.550Z,57.004,4.565277576446533,26.84861183166504,-81.08333587646484
1612561270923,2021-02-05T21:41:55.552Z,57.044,3.815277814865112,24.66111183166504,-80.64583587646484
1612561270964,2021-02-05T21:41:55.567Z,57.085,3.815277814865112,26.16111183166504,-81.08333587646484
1612561271003,2021-02-05T21:41:55.581Z,57.123999999999995,5.315277576446533,27.22361183166504,-80.27083587646484
1612561271043,2021-02-05T21:41:55.595Z,57.163999999999994,4.565277576446533,27.59861183166504,-80.27083587646484
1612561271082,2021-02-05T21:41:55.610Z,57.203,4.565277576446533,26.47361183166504,-81.08333587646484
1612561271122,2021-02-05T21:41:55.625Z,57.243,4.190277576446533,26.47361183166504,-80.64583587646484
1612561271162,2021-02-05T21:41:55.627Z,57.283,4.565277576446533,25.78611183166504,-79.89583587646484
1612561271203,2021-02-05T21:41:55.642Z,57.324,3.815277814865112,27.22361183166504,-80.64583587646484
1612561271242,2021-02-05T21:41:55.656Z,57.363,5.627777576446533,25.78611183166504,-81.45833587646484
1612561271282,2021-02-05T21:41:55.671Z,57.403,4.565277576446533,26.84861183166504,-80.27083587646484
1612561271321,2021-02-05T21:41:55.686Z,57.442,4.565277576446533,26.16111183166504,-81.08333587646484
1612561271361,2021-02-05T21:41:55.700Z,57.482,4.940277576446533,27.22361183166504,-80.64583587646484
1612561271402,2021-02-05T21:41:55.702Z,57.523,3.4402778148651123,26.16111183166504,-81.45833587646484
1612561271441,2021-02-05T21:41:55.717Z,57.562,3.4402778148651123,25.41111183166504,-82.27083587646484
1612561271481,2021-02-05T21:41:55.731Z,57.602,5.315277576446533,26.47361183166504,-80.27083587646484
1612561271520,2021-02-05T21:41:55.746Z,57.641000000000005,4.565277576446533,26.84861183166504,-79.89583587646484
1612561271560,2021-02-05T21:41:55.760Z,57.681000000000004,3.1277778148651123,26.16111183166504,-81.08333587646484
1612561271600,2021-02-05T21:41:55.775Z,57.721000000000004,3.815277814865112,25.03611183166504,-80.64583587646484
1612561271641,2021-02-05T21:41:55.777Z,57.762,3.815277814865112,19.91111183166504,-81.08333587646484
1612561271680,2021-02-05T21:41:55.791Z,57.801,2.7527778148651123,19.91111183166504,-81.83333587646484
1612561271720,2021-02-05T21:41:55.805Z,57.841,3.815277814865112,23.22361183166504,-80.27083587646484
1612561271759,2021-02-05T21:41:55.820Z,57.88,4.940277576446533,25.03611183166504,-80.64583587646484
1612561271799,2021-02-05T21:41:55.835Z,57.92,3.1277778148651123,27.59861183166504,-81.45833587646484
1612561271840,2021-02-05T21:41:55.837Z,57.961000000000006,4.565277576446533,26.84861183166504,-80.64583587646484
1612561271879,2021-02-05T21:41:55.881Z,58.0,4.190277576446533,23.22361183166504,-79.89583587646484
1612561271919,2021-02-05T21:41:55.895Z,58.04,4.190277576446533,27.22361183166504,-81.08333587646484
1612561271958,2021-02-05T21:41:55.910Z,58.07899999999999,4.565277576446533,26.47361183166504,-81.08333587646484
1612561271998,2021-02-05T21:41:55.925Z,58.119,3.815277814865112,26.84861183166504,-81.08333587646484
1612561272039,2021-02-05T21:41:55.927Z,58.16,3.4402778148651123,26.47361183166504,-81.45833587646484
1612561272079,2021-02-05T21:41:55.941Z,58.2,4.190277576446533,25.41111183166504,-81.08333587646484
1612561272118,2021-02-05T21:41:55.956Z,58.239,3.815277814865112,26.16111183166504,-81.45833587646484
1612561272158,2021-02-05T21:41:55.970Z,58.278999999999996,3.4402778148651123,26.16111183166504,-81.45833587646484
1612561272197,2021-02-05T21:41:55.985Z,58.318000000000005,4.940277576446533,28.72361183166504,-81.08333587646484
1612561272237,2021-02-05T21:41:56.000Z,58.358000000000004,3.815277814865112,26.84861183166504,-81.45833587646484
1612561272278,2021-02-05T21:41:56.015Z,58.398999999999994,4.190277576446533,27.22361183166504,-81.83333587646484
1612561272317,2021-02-05T21:41:56.017Z,58.438,3.815277814865112,28.34861183166504,-81.45833587646484
1612561272357,2021-02-05T21:41:56.031Z,58.478,4.940277576446533,27.59861183166504,-81.08333587646484
1612561272396,2021-02-05T21:41:56.046Z,58.516999999999996,5.315277576446533,27.22361183166504,-81.83333587646484
1612561272436,2021-02-05T21:41:56.060Z,58.556999999999995,4.190277576446533,26.84861183166504,-81.08333587646484
1612561272477,2021-02-05T21:41:56.075Z,58.598,3.1277778148651123,26.16111183166504,-82.64583587646484
1612561272517,2021-02-05T21:41:56.077Z,58.638000000000005,3.815277814865112,26.84861183166504,-82.27083587646484
1612561272556,2021-02-05T21:41:56.091Z,58.677,6.002777576446532,27.22361183166504,-80.64583587646484
1612561272596,2021-02-05T21:41:56.106Z,58.717,3.815277814865112,26.84861183166504,-81.83333587646484
1612561272635,2021-02-05T21:41:56.121Z,58.756,3.815277814865112,26.16111183166504,-82.27083587646484
1612561272675,2021-02-05T21:41:56.135Z,58.79600000000001,4.190277576446533,27.22361183166504,-81.83333587646484
1612561272716,2021-02-05T21:41:56.137Z,58.836999999999996,5.315277576446533,27.22361183166504,-81.45833587646484
1612561272755,2021-02-05T21:41:56.152Z,58.876000000000005,3.4402778148651123,23.22361183166504,-82.27083587646484
1612561272795,2021-02-05T21:41:56.166Z,58.916000000000004,4.190277576446533,26.84861183166504,-80.64583587646484
1612561272834,2021-02-05T21:41:56.180Z,58.955,4.565277576446533,25.78611183166504,-81.45833587646484
1612561272874,2021-02-05T21:41:56.195Z,58.995,3.815277814865112,26.16111183166504,-82.64583587646484
1612561272915,2021-02-05T21:41:56.210Z,59.036,4.190277576446533,26.84861183166504,-81.08333587646484
1612561272955,2021-02-05T21:41:56.212Z,59.076,3.4402778148651123,26.84861183166504,-80.27083587646484
1612561272994,2021-02-05T21:41:56.226Z,59.115,4.565277576446533,26.47361183166504,-82.27083587646484
1612561273034,2021-02-05T21:41:56.240Z,59.155,5.315277576446533,25.41111183166504,-80.64583587646484
1612561273073,2021-02-05T21:41:56.256Z,59.193999999999996,4.565277576446533,26.53611183166504,-80.27083587646484
1612561273114,2021-02-05T21:41:56.270Z,59.235,4.940277576446533,26.47361183166504,-81.08333587646484
1612561273154,2021-02-05T21:41:56.272Z,59.275,4.190277576446533,27.22361183166504,-81.08333587646484
1612561273193,2021-02-05T21:41:56.286Z,59.31399999999999,3.0652778148651123,26.53611183166504,-82.27083587646484
1612561273233,2021-02-05T21:41:56.301Z,59.354,4.565277576446533,27.59861183166504,-83.02083587646484
1612561273272,2021-02-05T21:41:56.315Z,59.393,4.565277576446533,26.16111183166504,-80.64583587646484
1612561273312,2021-02-05T21:41:56.330Z,59.433,3.815277814865112,26.84861183166504,-81.08333587646484
1612561273353,2021-02-05T21:41:56.345Z,59.474,5.315277576446533,26.16111183166504,-81.45833587646484
1612561273393,2021-02-05T21:41:56.347Z,59.513999999999996,4.940277576446533,27.22361183166504,-83.02083587646484
1612561273432,2021-02-05T21:41:56.361Z,59.553000000000004,3.815277814865112,25.78611183166504,-81.08333587646484
1612561273472,2021-02-05T21:41:56.376Z,59.593,4.940277576446533,26.84861183166504,-83.02083587646484
1612561273511,2021-02-05T21:41:56.390Z,59.632,4.190277576446533,26.16111183166504,-81.83333587646484
1612561273552,2021-02-05T21:41:56.405Z,59.673,3.4402778148651123,23.97361183166504,-81.45833587646484
1612561273592,2021-02-05T21:41:56.407Z,59.713,2.3777778148651123,21.03611183166504,-81.83333587646484
1612561273631,2021-02-05T21:41:56.421Z,59.751999999999995,3.4402778148651123,19.59861183166504,-80.64583587646484
1612561273671,2021-02-05T21:41:56.436Z,59.792,4.190277576446533,20.66111183166504,-81.83333587646484
1612561273710,2021-02-05T21:41:56.450Z,59.831,4.190277576446533,24.28611183166504,-82.27083587646484
1612561273750,2021-02-05T21:41:56.465Z,59.871,5.627777576446533,27.22361183166504,-81.45833587646484
1612561273791,2021-02-05T21:41:56.467Z,59.912,4.565277576446533,26.16111183166504,-81.45833587646484
1612561273830,2021-02-05T21:41:56.482Z,59.951,5.315277576446533,26.16111183166504,-82.64583587646484
1612561273870,2021-02-05T21:41:56.496Z,59.99100000000001,2.3777778148651123,26.16111183166504,-80.64583587646484
1612561273910,2021-02-05T21:41:56.510Z,60.031000000000006,5.252777576446533,25.78611183166504,-82.27083587646484
1612561273949,2021-02-05T21:41:56.525Z,60.07,4.190277576446533,28.34861183166504,-81.45833587646484
1612561273990,2021-02-05T21:41:56.540Z,60.111000000000004,3.4402778148651123,26.84861183166504,-81.08333587646484
1612561274030,2021-02-05T21:41:56.542Z,60.151,3.1277778148651123,27.59861183166504,-80.64583587646484
1612561274069,2021-02-05T21:41:56.556Z,60.19,4.565277576446533,25.78611183166504,-81.08333587646484
1612561274100,2021-02-05T21:41:56.557Z,60.221000000000004,4.565277576446533,26.84861183166504,-81.45833587646484
1612561274140,2021-02-05T21:41:56.572Z,60.261,3.815277814865112,26.16111183166504,-80.64583587646484
1612561274179,2021-02-05T21:41:56.586Z,60.3,3.815277814865112,25.41111183166504,-83.02083587646484
1612561274219,2021-02-05T21:41:56.601Z,60.34,3.4402778148651123,27.22361183166504,-80.64583587646484
1612561274258,2021-02-05T21:41:56.615Z,60.379,3.4402778148651123,27.22361183166504,-80.64583587646484
1612561274298,2021-02-05T21:41:56.630Z,60.419,3.1277778148651123,27.59861183166504,-81.83333587646484
1612561274337,2021-02-05T21:41:56.632Z,60.458,4.940277576446533,25.78611183166504,-83.39583587646484
1612561274378,2021-02-05T21:41:56.646Z,60.498999999999995,3.815277814865112,27.59861183166504,-81.08333587646484
1612561274418,2021-02-05T21:41:56.660Z,60.538999999999994,4.190277576446533,25.03611183166504,-81.83333587646484
1612561274457,2021-02-05T21:41:56.675Z,60.578,3.815277814865112,26.16111183166504,-82.27083587646484
1612561274497,2021-02-05T21:41:56.690Z,60.618,4.190277576446533,26.47361183166504,-81.83333587646484
1612561274537,2021-02-05T21:41:56.692Z,60.658,3.815277814865112,27.22361183166504,-81.45833587646484
1612561274578,2021-02-05T21:41:56.711Z,60.699,4.565277576446533,26.53611183166504,-82.64583587646484
1612561274617,2021-02-05T21:41:56.721Z,60.738,3.0652778148651123,26.53611183166504,-81.83333587646484
1612561274657,2021-02-05T21:41:56.735Z,60.778,4.940277576446533,26.53611183166504,-81.83333587646484
1612561274696,2021-02-05T21:41:56.750Z,60.817,4.190277576446533,27.59861183166504,-82.27083587646484
1612561274736,2021-02-05T21:41:56.752Z,60.857,4.190277576446533,28.34861183166504,-81.45833587646484
1612561274775,2021-02-05T21:41:56.767Z,60.896,4.190277576446533,27.22361183166504,-81.08333587646484
1612561274816,2021-02-05T21:41:56.781Z,60.937,4.940277576446533,26.84861183166504,-83.39583587646484
1612561274856,2021-02-05T21:41:56.796Z,60.977,3.815277814865112,25.78611183166504,-82.27083587646484
1612561274895,2021-02-05T21:41:56.810Z,61.016000000000005,4.940277576446533,26.47361183166504,-81.45833587646484
1612561274935,2021-02-05T21:41:56.825Z,61.056000000000004,4.190277576446533,25.03611183166504,-82.64583587646484
1612561274975,2021-02-05T21:41:56.827Z,61.096000000000004,4.940277576446533,27.22361183166504,-81.08333587646484
1612561275016,2021-02-05T21:41:56.872Z,61.137,4.940277576446533,26.47361183166504,-81.08333587646484
1612561275055,2021-02-05T21:41:56.886Z,61.176,4.565277576446533,25.78611183166504,-81.45833587646484
1612561275095,2021-02-05T21:41:56.901Z,61.216,3.815277814865112,26.16111183166504,-81.45833587646484
1612561275134,2021-02-05T21:41:56.915Z,61.255,4.565277576446533,28.34861183166504,-82.27083587646484
1612561275174,2021-02-05T21:41:56.931Z,61.295,4.190277576446533,26.47361183166504,-82.27083587646484
1612561275215,2021-02-05T21:41:56.932Z,61.336000000000006,3.815277814865112,25.78611183166504,-80.64583587646484
1612561275254,2021-02-05T21:41:56.946Z,61.375,5.315277576446533,26.84861183166504,-81.08333587646484
1612561275294,2021-02-05T21:41:56.962Z,61.415,2.3777778148651123,26.47361183166504,-82.64583587646484
1612561275333,2021-02-05T21:41:56.976Z,61.45399999999999,3.815277814865112,27.22361183166504,-81.45833587646484
1612561275373,2021-02-05T21:41:56.990Z,61.494,4.940277576446533,26.84861183166504,-80.64583587646484
1612561275413,2021-02-05T21:41:57.005Z,61.534,4.190277576446533,25.41111183166504,-82.64583587646484
1612561275454,2021-02-05T21:41:57.020Z,61.575,3.4402778148651123,25.41111183166504,-81.45833587646484
1612561275493,2021-02-05T21:41:57.022Z,61.614,4.565277576446533,25.41111183166504,-81.45833587646484
1612561275533,2021-02-05T21:41:57.036Z,61.653999999999996,4.190277576446533,23.97361183166504,-82.64583587646484
1612561275572,2021-02-05T21:41:57.050Z,61.693000000000005,4.940277576446533,25.41111183166504,-81.08333587646484
1612561275612,2021-02-05T21:41:57.065Z,61.733000000000004,2.7527778148651123,18.84861183166504,-80.64583587646484
1612561275653,2021-02-05T21:41:57.080Z,61.773999999999994,4.940277576446533,18.09861183166504,-81.45833587646484
1612561275692,2021-02-05T21:41:57.082Z,61.813,4.940277576446533,23.97361183166504,-81.45833587646484
1612561275732,2021-02-05T21:41:57.096Z,61.853,3.815277814865112,24.34861183166504,-80.27083587646484
1612561275771,2021-02-05T21:41:57.111Z,61.891999999999996,3.4402778148651123,27.22361183166504,-82.27083587646484
1612561275811,2021-02-05T21:41:57.125Z,61.931999999999995,4.190277576446533,27.59861183166504,-81.45833587646484
1612561275851,2021-02-05T21:41:57.140Z,61.972,3.4402778148651123,26.16111183166504,-81.08333587646484
1612561275892,2021-02-05T21:41:57.142Z,62.013000000000005,5.315277576446533,25.78611183166504,-83.02083587646484
1612561275931,2021-02-05T21:41:57.157Z,62.052,3.4402778148651123,26.84861183166504,-81.83333587646484
1612561275971,2021-02-05T21:41:57.171Z,62.092,4.190277576446533,26.47361183166504,-80.64583587646484
1612561276010,2021-02-05T21:41:57.185Z,62.131,5.252777576446533,24.66111183166504,-82.27083587646484
1612561276050,2021-02-05T21:41:57.200Z,62.17100000000001,3.815277814865112,27.97361183166504,-81.83333587646484
1612561276091,2021-02-05T21:41:57.215Z,62.211999999999996,4.565277576446533,27.97361183166504,-80.64583587646484
1612561276130,2021-02-05T21:41:57.217Z,62.251000000000005,3.815277814865112,27.22361183166504,-83.02083587646484
1612561276170,2021-02-05T21:41:57.231Z,62.291000000000004,4.565277576446533,26.53611183166504,-81.08333587646484
1612561276209,2021-02-05T21:41:57.245Z,62.33,3.1277778148651123,26.16111183166504,-80.27083587646484
1612561276249,2021-02-05T21:41:57.260Z,62.37,5.252777576446533,24.66111183166504,-80.27083587646484
1612561276290,2021-02-05T21:41:57.275Z,62.411,4.565277576446533,24.66111183166504,-79.08333587646484
1612561276330,2021-02-05T21:41:57.277Z,62.451,4.565277576446533,24.66111183166504,-77.14583587646484
1612561276369,2021-02-05T21:41:57.291Z,62.49,4.190277576446533,25.03611183166504,-77.89583587646484
1612561276409,2021-02-05T21:41:57.306Z,62.53,5.315277576446533,23.97361183166504,-74.77083587646484
1612561276448,2021-02-05T21:41:57.320Z,62.568999999999996,4.190277576446533,22.16111183166504,-72.39583587646484
1612561276488,2021-02-05T21:41:57.335Z,62.608999999999995,5.315277576446533,22.09861183166504,-71.20833587646484
1612561276529,2021-02-05T21:41:57.337Z,62.65,5.252777576446533,21.78611183166504,-70.02083587646484
1612561276568,2021-02-05T21:41:57.352Z,62.68899999999999,7.127777576446532,20.66111183166504,-68.08333587646484
1612561276608,2021-02-05T21:41:57.366Z,62.729,5.315277576446533,20.28611183166504,-65.33333587646484
1612561276647,2021-02-05T21:41:57.380Z,62.768,7.502777576446532,14.098610877990724,-64.14583587646484
1612561276687,2021-02-05T21:41:57.395Z,62.808,6.377777576446532,18.84861183166504,-60.64583206176758
1612561276728,2021-02-05T21:41:57.410Z,62.849,6.752777576446532,18.09861183166504,-59.08333206176758
1612561276768,2021-02-05T21:41:57.412Z,62.888999999999996,5.315277576446533,17.03611183166504,-59.45833206176758
1612561276807,2021-02-05T21:41:57.426Z,62.928000000000004,6.002777576446532,17.03611183166504,-55.14583206176758
1612561276847,2021-02-05T21:41:57.441Z,62.968,5.315277576446533,16.66111183166504,-55.52083206176758
1612561276886,2021-02-05T21:41:57.456Z,63.007,6.002777576446532,15.223610877990724,-52.77083206176758
1612561276926,2021-02-05T21:41:57.470Z,63.047,5.627777576446533,15.223610877990724,-49.64583206176758
1612561276967,2021-02-05T21:41:57.472Z,63.088,6.752777576446532,14.848610877990724,-48.83333206176758
1612561277006,2021-02-05T21:41:57.487Z,63.126999999999995,6.752777576446532,14.473610877990724,-44.89583206176758
1612561277046,2021-02-05T21:41:57.501Z,63.167,7.127777576446532,14.848610877990724,-42.95833206176758
1612561277085,2021-02-05T21:41:57.515Z,63.206,7.815277576446532,15.223610877990724,-42.52083206176758
1612561277125,2021-02-05T21:41:57.530Z,63.246,7.815277576446532,14.473610877990724,-40.58333206176758
1612561277166,2021-02-05T21:41:57.545Z,63.287,6.752777576446532,14.473610877990724,-38.27083206176758
1612561277205,2021-02-05T21:41:57.547Z,63.326,7.502777576446532,14.098610877990724,-35.83333206176758
1612561277245,2021-02-05T21:41:57.561Z,63.36600000000001,8.190278053283691,13.723610877990724,-33.52083206176758
1612561277285,2021-02-05T21:41:57.575Z,63.406000000000006,7.127777576446532,12.661110877990724,-29.20833396911621
1612561277324,2021-02-05T21:41:57.590Z,63.445,7.815277576446532,13.036110877990724,-27.64583396911621
1612561277364,2021-02-05T21:41:57.605Z,63.485,10.002778053283693,14.098610877990724,-26.08333396911621
1612561277405,2021-02-05T21:41:57.607Z,63.526,8.190278053283691,13.723610877990724,-23.70833396911621
1612561277444,2021-02-05T21:41:57.621Z,63.565,8.565278053283691,11.911110877990724,-22.14583396911621
1612561277484,2021-02-05T21:41:57.636Z,63.605,8.565278053283691,14.098610877990724,-21.33333396911621
1612561277523,2021-02-05T21:41:57.650Z,63.644,8.190278053283691,11.911110877990724,-18.58333396911621
1612561277563,2021-02-05T21:41:57.665Z,63.684,8.565278053283691,5.723610877990723,-17.77083396911621
1612561277604,2021-02-05T21:41:57.667Z,63.725,10.002778053283693,6.098610877990723,-17.83333396911621
1612561277643,2021-02-05T21:41:57.682Z,63.763999999999996,7.440277576446532,2.4111111164093018,-15.833333015441895
1612561277683,2021-02-05T21:41:57.696Z,63.803999999999995,8.190278053283691,3.5361111164093018,-17.02083396911621
1612561277723,2021-02-05T21:41:57.711Z,63.843999999999994,8.940278053283691,10.848610877990724,-17.02083396911621
1612561277762,2021-02-05T21:41:57.725Z,63.883,9.315278053283693,13.723610877990724,-17.02083396911621
1612561277803,2021-02-05T21:41:57.740Z,63.924,7.815277576446532,7.161110877990723,-17.39583396911621
1612561277843,2021-02-05T21:41:57.742Z,63.964,10.002778053283693,14.848610877990724,-18.95833396911621
1612561277882,2021-02-05T21:41:57.756Z,64.003,9.690278053283693,12.286110877990724,-18.58333396911621
1612561277922,2021-02-05T21:41:57.771Z,64.043,8.940278053283691,4.973610877990723,-17.83333396911621
1612561277961,2021-02-05T21:41:57.786Z,64.082,9.315278053283693,10.473610877990724,-18.58333396911621
1612561278001,2021-02-05T21:41:57.800Z,64.122,10.002778053283693,13.348610877990724,-17.39583396911621
1612561278042,2021-02-05T21:41:57.802Z,64.163,9.315278053283693,4.598610877990723,-17.39583396911621
1612561278081,2021-02-05T21:41:57.816Z,64.202,9.315278053283693,13.723610877990724,-19.39583396911621
1612561278121,2021-02-05T21:41:57.861Z,64.242,9.690278053283693,13.723610877990724,-18.20833396911621
1612561278161,2021-02-05T21:41:57.875Z,64.282,10.377778053283693,1.3486111164093018,-19.77083396911621
1612561278200,2021-02-05T21:41:57.890Z,64.321,10.002778053283693,13.348610877990724,-19.39583396911621
1612561278241,2021-02-05T21:41:57.905Z,64.362,10.002778053283693,13.348610877990724,-18.95833396911621
1612561278281,2021-02-05T21:41:57.907Z,64.402,7.440277576446532,-0.8388888835906982,-18.20833396911621
1612561278320,2021-02-05T21:41:57.921Z,64.441,8.190278053283691,13.723610877990724,-19.33333396911621
