epoch (ms),time (-07:00),elapsed (s),W-Axis,X-Axis (i),Y-Axis (j),Z-Axis (k)
1614819760315,2021-03-04T01:03:55.471Z,42.867,0.9660410729011966,0.02988666541312888,-0.24694705442271914,0.06991841681796912
1614819760354,2021-03-04T01:03:55.473Z,42.906000000000006,0.9658662023377536,0.02921353854296255,-0.24716866154848666,0.07181017404082869
1614819760394,2021-03-04T01:03:55.484Z,42.946000000000005,0.9658505319398928,0.028775313672909107,-0.24633515536541156,0.0749914828867275
1614819760434,2021-03-04T01:03:55.487Z,42.986000000000004,0.9656646729392268,0.026798552757815442,-0.2466063837325267,0.07719370770748485
1614819760473,2021-03-04T01:03:55.500Z,43.025,0.9654756845613164,0.024394330656742975,-0.24727731819684404,0.07820196326208034
1614819760513,2021-03-04T01:03:55.502Z,43.065,0.9651628590592118,0.023553384968417683,-0.24822152778462386,0.07932191811501249
1614819760552,2021-03-04T01:03:55.504Z,43.104,0.964953636172318,0.023522053083868337,-0.24877815296034864,0.08012879423889145
1614819760593,2021-03-04T01:03:55.516Z,43.145,0.9646543699947966,0.023014034410792663,-0.2497254419451916,0.08092900787331772
1614819760633,2021-03-04T01:03:55.518Z,43.185,0.9645750903125042,0.022270894221177912,-0.2500223121233482,0.0811649299864691
1614819760672,2021-03-04T01:03:55.529Z,43.224,0.9641489316203355,0.02078248927523881,-0.251449868555343,0.08220638295406635
1614819760712,2021-03-04T01:03:55.531Z,43.263999999999996,0.9639555706208848,0.019589047708453974,-0.25245924106495743,0.0816716516286166
1614819760751,2021-03-04T01:03:55.545Z,43.303000000000004,0.9637809831307488,0.01895674745873361,-0.2535830099710694,0.08038977133519831
1614819760791,2021-03-04T01:03:55.547Z,43.343,0.9634725955072024,0.01876478904847674,-0.2553389006131375,0.07855244256072283
1614819760830,2021-03-04T01:03:55.549Z,43.382,0.9629639399180964,0.01959645242715309,-0.2576256698448434,0.07710670338357725
1614819760870,2021-03-04T01:03:55.560Z,43.422,0.9625256463084972,0.02139491086935732,-0.2594306262025226,0.07604201585615973
1614819760910,2021-03-04T01:03:55.574Z,43.461999999999996,0.9622677196578422,0.023586899376442226,-0.2604227724267881,0.07526269649598817
1614819760949,2021-03-04T01:03:55.577Z,43.501000000000005,0.9621293201145514,0.025522158140973143,-0.2610431214495388,0.07424472751394125
1614819760989,2021-03-04T01:03:55.579Z,43.541000000000004,0.9619408634839874,0.026576501648677132,-0.26220367428795704,0.07219901598840213
1614819761030,2021-03-04T01:03:55.591Z,43.582,0.9615158850251708,0.027599229807154586,-0.2643197713906138,0.06971760043437837
1614819761069,2021-03-04T01:03:55.593Z,43.621,0.9608804807928292,0.028868618165379133,-0.2670348837703773,0.06758457935287028
1614819761109,2021-03-04T01:03:55.604Z,43.661,0.9601095226876044,0.030272190795818294,-0.2699208631170829,0.06645319076711809
1614819761148,2021-03-04T01:03:55.606Z,43.7,0.9593755000763594,0.03280805814680215,-0.27219821356537754,0.06656135294364555
1614819761188,2021-03-04T01:03:55.608Z,43.74,0.9589997463115154,0.03428068923304894,-0.2732805237805863,0.0667987742579479
1614819761227,2021-03-04T01:03:55.619Z,43.778999999999996,0.9580739580422174,0.037611838906221766,-0.27599278355099466,0.06713884064523101
1614819761267,2021-03-04T01:03:55.622Z,43.818999999999996,0.9576094062096816,0.038266537949239766,-0.27754163805597365,0.0670114643723569
1614819761307,2021-03-04T01:03:55.635Z,43.858999999999995,0.957374326540952,0.0380633061106313,-0.27843202644725323,0.06679214217752923
1614819761346,2021-03-04T01:03:55.638Z,43.898,0.9568408211734358,0.03551886674822337,-0.2808481146434452,0.06571445459173432
1614819761386,2021-03-04T01:03:55.649Z,43.938,0.9565375670238416,0.03491155517665192,-0.28196913492759024,0.06565419358612064
1614819761425,2021-03-04T01:03:55.651Z,43.977,0.9563841437834042,0.035113707136663334,-0.2822421641366133,0.06660148552612348
1614819761465,2021-03-04T01:03:55.653Z,44.016999999999996,0.956222316474043,0.03455361649715314,-0.2826881813835648,0.06732251607029661
1614819761506,2021-03-04T01:03:55.664Z,44.058,0.9561846258299612,0.03390325012022742,-0.2827628958895248,0.06787249565083006
1614819761545,2021-03-04T01:03:55.667Z,44.097,0.9559604488665514,0.032779654676013584,-0.2835941547473853,0.06811365380963415
1614819761585,2021-03-04T01:03:55.669Z,44.137,0.9557854296813972,0.031609230244656734,-0.2842693191020915,0.06830829517211055
1614819761624,2021-03-04T01:03:55.679Z,44.176,0.9556236094991111,0.030762180607962705,-0.28482899848273857,0.06862686671744248
1614819761664,2021-03-04T01:03:55.694Z,44.216,0.9555578899177736,0.030568169081431163,-0.2849836454496801,0.06898570780322917
1614819761704,2021-03-04T01:03:55.696Z,44.256,0.9554647407245032,0.030629807962307364,-0.2852630685236449,0.06909360196808609
1614819761743,2021-03-04T01:03:55.709Z,44.295,0.9553227051415292,0.0307145740846448,-0.2858130571130117,0.06874620253937105
1614819761783,2021-03-04T01:03:55.712Z,44.335,0.9551600604244914,0.030201446388463088,-0.2865936195342432,0.06797962082998192
1614819761822,2021-03-04T01:03:55.714Z,44.373999999999995,0.9549165336928418,0.0301805227962428,-0.2874497852558045,0.06779506383347422
1614819761862,2021-03-04T01:03:55.725Z,44.413999999999994,0.9547978037587241,0.03028070076281735,-0.2878364522220105,0.06778207632609058
1614819761901,2021-03-04T01:03:55.739Z,44.453,0.9545683161788264,0.02966450895742036,-0.2885796379552706,0.06812590706508545
1614819761941,2021-03-04T01:03:55.741Z,44.493,0.95445711099346,0.029005500061759892,-0.2889848171410197,0.06825012602300838
1614819761982,2021-03-04T01:03:55.744Z,44.534,0.9543882541345878,0.028645372542903405,-0.28928187705552666,0.06810652398297039
1614819762021,2021-03-04T01:03:55.754Z,44.573,0.9543969251780804,0.02806726397310232,-0.28935083452623866,0.06793255819309832
1614819762061,2021-03-04T01:03:55.757Z,44.613,0.9545061079602468,0.027805176304427567,-0.2890825235561619,0.06764803479527559
1614819762100,2021-03-04T01:03:55.758Z,44.652,0.9547068459014972,0.026620536633535048,-0.2887471759779209,0.06671771715918537
1614819762140,2021-03-04T01:03:55.770Z,44.692,0.9550230709752094,0.02576101138818158,-0.2880084837695588,0.06571466711547623
1614819762180,2021-03-04T01:03:55.772Z,44.732,0.9554616296943692,0.02536780791327543,-0.2868053700548656,0.06474741856744091
1614819762219,2021-03-04T01:03:55.774Z,44.771,0.9559320997441876,0.02453513110896344,-0.2855060449164155,0.0638603659269234
1614819762259,2021-03-04T01:03:55.785Z,44.81100000000001,0.9562837028744446,0.023803059239417997,-0.28473164928129435,0.06231197224562656
1614819762298,2021-03-04T01:03:55.788Z,44.85,0.9564367107438716,0.02319661101158652,-0.2845210288454134,0.061143435655583535
1614819762338,2021-03-04T01:03:55.799Z,44.89,0.9569297599828499,0.02163874417092352,-0.28358293043103283,0.058291687040421473
1614819762377,2021-03-04T01:03:55.802Z,44.928999999999995,0.9572671713690798,0.02083988890299478,-0.2827801097108274,0.056926893481762476
1614819762417,2021-03-04T01:03:55.815Z,44.968999999999994,0.9575239494336184,0.020192277552344564,-0.2820558618194206,0.056432694438582315
1614819762458,2021-03-04T01:03:55.818Z,45.01,0.9584156006719016,0.018843949225309617,-0.2792884251909868,0.055519523779028815
1614819762497,2021-03-04T01:03:55.829Z,45.049,0.9590996011512244,0.01748367925099384,-0.2771581081738974,0.054823891734142816
1614819762537,2021-03-04T01:03:55.831Z,45.089,0.9594333350433001,0.016556687546143863,-0.2761181381242396,0.054519037995857736
1614819762577,2021-03-04T01:03:55.833Z,45.129,0.9601867754945066,0.013547001297811702,-0.2738786789598961,0.05336950564209306
1614819762616,2021-03-04T01:03:55.844Z,45.168,0.960449845531207,0.011733500001867148,-0.27314108504515666,0.052842850577361336
1614819762656,2021-03-04T01:03:55.847Z,45.208,0.960584857041235,0.0100922566545364,-0.2728017440963092,0.0524793978309669
1614819762695,2021-03-04T01:03:55.860Z,45.247,0.9606010990154984,0.007901966932199762,-0.2728828859324157,0.05213461473930078
1614819762735,2021-03-04T01:03:55.862Z,45.287,0.9601053932216244,0.0058422565823427475,-0.27472960400914986,0.05183769502738101
1614819762774,2021-03-04T01:03:55.874Z,45.326,0.959085841471723,0.0040597700860590296,-0.2784207926601556,0.05118328994716904
1614819762814,2021-03-04T01:03:55.876Z,45.36600000000001,0.9571496810410164,0.001935207836245979,-0.2852172659461733,0.05011840240770698
1614819762853,2021-03-04T01:03:55.889Z,45.405,0.9560803015788848,-2.3363509322497026e-05,-0.2889058555749681,0.0494354427660063
1614819762893,2021-03-04T01:03:55.892Z,45.445,0.9539774964918656,-0.002801849278595998,-0.2957543733319436,0.04948167825328837
1614819762934,2021-03-04T01:03:55.894Z,45.486000000000004,0.9530135866172418,-0.0029746601795301642,-0.29874093352806025,0.05010099554440305
1614819762974,2021-03-04T01:03:55.935Z,45.526,0.9523321445268551,-0.003050578177878513,-0.3007666753011933,0.050927276600352366
1614819763013,2021-03-04T01:03:55.938Z,45.565,0.951694053216816,-0.0033239604655817445,-0.3025684310896614,0.05215098145301094
1614819763053,2021-03-04T01:03:55.949Z,45.605,0.9510290892100958,-0.0030743757971031928,-0.30466964499152505,0.05206368321980216
1614819763092,2021-03-04T01:03:55.951Z,45.644,0.9507168461826389,-0.003262484376464889,-0.3057103223900127,0.051653009248488965
1614819763132,2021-03-04T01:03:55.965Z,45.684,0.9500185476949592,-0.0031948223929952357,-0.3080214053362168,0.050767765364843766
1614819763171,2021-03-04T01:03:55.967Z,45.723,0.9496123286296388,-0.002589589228443525,-0.30951073902212023,0.049323643135962936
1614819763211,2021-03-04T01:03:55.969Z,45.763000000000005,0.9492178374374752,-0.0022183128575293826,-0.3107469360625361,0.04916215929284113
1614819763250,2021-03-04T01:03:55.980Z,45.802,0.949027833268096,-0.001930975390302312,-0.3114691184262217,0.0482641821985721
1614819763290,2021-03-04T01:03:55.983Z,45.842,0.9490687219666384,-0.0016631169997983186,-0.3113965610322135,0.04793721731356021
1614819763330,2021-03-04T01:03:55.994Z,45.882,0.9494698039462628,-0.0007004005678563894,-0.31032231803261995,0.04697509727665518
1614819763369,2021-03-04T01:03:55.996Z,45.92100000000001,0.9500413583246964,-0.00022711930841467197,-0.3088498244268797,0.04509048503699433
1614819763409,2021-03-04T01:03:56.009Z,45.961000000000006,0.9505604494406612,-0.00046435150171376835,-0.3076067018841164,0.04257620571196353
1614819763450,2021-03-04T01:03:56.024Z,46.001999999999995,0.9510520594035964,-0.0006278749377642838,-0.3064081893308861,0.040169734729131684
1614819763489,2021-03-04T01:03:56.026Z,46.041000000000004,0.9514746754206856,-0.0008722936609760187,-0.3053624470704525,0.03806516854048338
1614819763529,2021-03-04T01:03:56.028Z,46.081,0.9517965204925352,-0.0018200434919208343,-0.3045990659158148,0.03604830180749005
1614819763568,2021-03-04T01:03:56.039Z,46.12,0.9520767964473356,-0.002407614948904489,-0.3039166575591273,0.03433136051666198
1614819763608,2021-03-04T01:03:56.042Z,46.16,0.9522746711109598,-0.0029667808984841578,-0.3035051744579048,0.032384534100252736
1614819763647,2021-03-04T01:03:56.055Z,46.199,0.9523898710990104,-0.002846807554675633,-0.30325700609112266,0.031314810735591864
1614819763687,2021-03-04T01:03:56.057Z,46.239,0.9524778950585688,-0.003438508858056343,-0.3033449990908447,0.02749268281209755
1614819763726,2021-03-04T01:03:56.059Z,46.278,0.9525402727401048,-0.005029884191299814,-0.3034086401864853,0.024185246193024874
1614819763766,2021-03-04T01:03:56.071Z,46.318000000000005,0.9525178131006428,-0.005427547207066565,-0.30373966642539,0.02055656822227151
1614819763806,2021-03-04T01:03:56.073Z,46.358000000000004,0.9528362447585812,-0.006224472972711938,-0.3029318639117887,0.01722302056859929
1614819763845,2021-03-04T01:03:56.084Z,46.397,0.9532342469797256,-0.006702512273867104,-0.3018329651993436,0.014014557901903828
1614819763885,2021-03-04T01:03:56.086Z,46.437,0.9535102561046128,-0.007000104422523368,-0.3010997305542684,0.010399149077531693
1614819763926,2021-03-04T01:03:56.100Z,46.478,0.9523241490729284,-0.006017834210721943,-0.3049354165988785,0.007542709566439294
1614819763965,2021-03-04T01:03:56.102Z,46.516999999999996,0.949113268677416,0.0010268219661362236,-0.31484425067724625,0.007486432568609896
1614819764005,2021-03-04T01:03:56.104Z,46.556999999999995,0.9494681822730766,-0.0007417008544990815,-0.3138159832986717,0.005399014464709149
1614819764044,2021-03-04T01:03:56.115Z,46.596000000000004,0.9513572696532276,-0.0038743244811195884,-0.30799614878555875,0.00653509150930824
1614819764084,2021-03-04T01:03:56.118Z,46.636,0.95306649723945,-0.003074811233234575,-0.3025437011635572,0.011050170218640926
1614819764123,2021-03-04T01:03:56.129Z,46.675,0.9546362478201426,-0.0034114319590717226,-0.29739061477119383,0.014724765732577869
1614819764163,2021-03-04T01:03:56.132Z,46.715,0.956030274944668,-0.0010314166397558397,-0.2927451356830205,0.01747384053000411
1614819764203,2021-03-04T01:03:56.133Z,46.755,0.9568762830052684,0.002480415981844481,-0.28978060863926897,0.02021943162487317
1614819764242,2021-03-04T01:03:56.145Z,46.794,0.9575977988164364,0.004907960985166634,-0.28721730469365914,0.022104015594321028
1614819764282,2021-03-04T01:03:56.147Z,46.833999999999996,0.9582655485510748,0.006376651764333106,-0.28488869193319044,0.022910914014502442
1614819764321,2021-03-04T01:03:56.149Z,46.873000000000005,0.9587295821575694,0.007441434888382049,-0.28325973512442043,0.02336954856254805
1614819764361,2021-03-04T01:03:56.160Z,46.913000000000004,0.9596385314602396,0.011264072959599924,-0.2799644010921405,0.02422692135444421
1614819764402,2021-03-04T01:03:56.163Z,46.95399999999999,0.9602275283052416,0.013005506837169105,-0.27779940392248353,0.02492873556816204
1614819764441,2021-03-04T01:03:56.174Z,46.993,0.9606410225471244,0.015307139043515872,-0.2761105489781131,0.02640988521222581
1614819764481,2021-03-04T01:03:56.176Z,47.033,0.9612378716645256,0.01653181810558192,-0.2737875288122387,0.02808633359598124
1614819764520,2021-03-04T01:03:56.189Z,47.071999999999996,0.9620051010072764,0.017157512372589303,-0.2708759981574392,0.029631048367801026
1614819764560,2021-03-04T01:03:56.192Z,47.111999999999995,0.962703443549232,0.016699288649696074,-0.2683338302174955,0.030334289143687663
1614819764600,2021-03-04T01:03:56.194Z,47.152,0.9633562411273072,0.01666892585477207,-0.2659595646001498,0.03053538258500053
1614819764639,2021-03-04T01:03:56.205Z,47.191,0.9636777658638576,0.01826252965900409,-0.26463162952720753,0.031012001610229312
1614819764679,2021-03-04T01:03:56.208Z,47.231,0.9639742013488696,0.01849816080782213,-0.26355133828956256,0.030858536360585945
1614819764718,2021-03-04T01:03:56.219Z,47.27,0.9641709914026726,0.017993076606781573,-0.26287533802244545,0.030775074189916495
1614819764758,2021-03-04T01:03:56.221Z,47.31,0.96423562949906,0.018143178200130013,-0.2626193261974094,0.030847453654533518
1614819764797,2021-03-04T01:03:56.223Z,47.349,0.9645084460042084,0.018322104309252882,-0.2615442555884348,0.03134262989794345
1614819764837,2021-03-04T01:03:56.234Z,47.388999999999996,0.9645710452601228,0.01852378823917452,-0.2612299576633529,0.031913588552008265
1614819764878,2021-03-04T01:03:56.249Z,47.43,0.9645218885654234,0.01834284518533896,-0.2614021564238141,0.03209328786016364
1614819764917,2021-03-04T01:03:56.251Z,47.468999999999994,0.9644236120823209,0.017408230267355204,-0.2617189332111952,0.0329734738212637
1614819764957,2021-03-04T01:03:56.264Z,47.50899999999999,0.9644036558067106,0.01709885815423773,-0.2616668285667979,0.034112879448491465
1614819764996,2021-03-04T01:03:56.267Z,47.548,0.964687938132936,0.017271190107752528,-0.2604266892629272,0.035451763463011786
1614819765036,2021-03-04T01:03:56.269Z,47.588,0.9651746529368318,0.017052798651648927,-0.2584727467139165,0.03659140052767194
1614819765076,2021-03-04T01:03:56.280Z,47.628,0.9655620360006212,0.016912784593212372,-0.2568783848874304,0.037648475789385516
1614819765115,2021-03-04T01:03:56.294Z,47.667,0.9656305067233406,0.01647684735327959,-0.2565310606768227,0.03844545349641674
1614819765155,2021-03-04T01:03:56.297Z,47.707,0.966154868468926,0.017264373886577804,-0.2543682274322746,0.03928761129235591
1614819765194,2021-03-04T01:03:56.299Z,47.746,0.9663220356439762,0.018588876188544903,-0.2534584567041255,0.040434982825418526
1614819765234,2021-03-04T01:03:56.309Z,47.786,0.9666757412166328,0.019093472008390518,-0.25188437997970753,0.04156572857747789
1614819765273,2021-03-04T01:03:56.312Z,47.825,0.9666226378081276,0.02031402811698077,-0.2517912492648559,0.04276895056186419
1614819765313,2021-03-04T01:03:56.314Z,47.865,0.9666356615243372,0.02068015457653472,-0.25153434116139234,0.043798450801396174
1614819765354,2021-03-04T01:03:56.325Z,47.906000000000006,0.966619782547926,0.02191239874040176,-0.251244413294435,0.04519167574650495
1614819765393,2021-03-04T01:03:56.327Z,47.945,0.9666164549273036,0.02248155753258564,-0.2509810208356129,0.04642990216438864
1614819765433,2021-03-04T01:03:56.329Z,47.985,0.9666661391228952,0.02263312730421848,-0.25060640796712785,0.04733651135729975
1614819765473,2021-03-04T01:03:56.341Z,48.025,0.9667009064853876,0.023300536523305472,-0.2502512442207785,0.04817423755503086
1614819765512,2021-03-04T01:03:56.343Z,48.06399999999999,0.966619866752352,0.02439173656467134,-0.25031348514576385,0.04893092622469399
1614819765552,2021-03-04T01:03:56.369Z,48.104,0.9666087596379538,0.024941403283894333,-0.2502564662377313,0.04916434988494926
1614819765591,2021-03-04T01:03:56.371Z,48.143,0.96672997153171,0.026237614181898763,-0.2495804861183744,0.04954120197630151
1614819765631,2021-03-04T01:03:56.373Z,48.183,0.9668326758744517,0.0272614222433614,-0.24900592826292636,0.04987423592031184
1614819765670,2021-03-04T01:03:56.384Z,48.222,0.9671257763166912,0.02814790356074197,-0.24775710620075195,0.04991837974134935
1614819765710,2021-03-04T01:03:56.387Z,48.262,0.9672878030128498,0.0295361941459382,-0.2468790757071277,0.050325355000657136
1614819765749,2021-03-04T01:03:56.388Z,48.301,0.967640419094578,0.030766960830472118,-0.24529877991956145,0.05053634361229848
1614819765789,2021-03-04T01:03:56.400Z,48.341,0.9680781731682844,0.030648819918044638,-0.2435736126764703,0.05056872235405195
1614819765830,2021-03-04T01:03:56.414Z,48.382,0.968318161484942,0.03073369111302092,-0.2425493480238861,0.05084478480807193
1614819765870,2021-03-04T01:03:56.416Z,48.422,0.9683769160119592,0.03126498673135614,-0.2421883320020601,0.05112202051870545
1614819765909,2021-03-04T01:03:56.418Z,48.461000000000006,0.9683637208367748,0.031550845909551914,-0.24219202166506515,0.05117883284462044
1614819765949,2021-03-04T01:03:56.429Z,48.501000000000005,0.9683693431892879,0.031370898916954444,-0.24222786976195665,0.0510131451968362
1614819765988,2021-03-04T01:03:56.432Z,48.54,0.9683797774388812,0.03120051833385395,-0.24223154573644298,0.05090198967874721
1614819766028,2021-03-04T01:03:56.445Z,48.58,0.968490794853805,0.03121349194033,-0.2419052779177702,0.050330256505033706
1614819766067,2021-03-04T01:03:56.447Z,48.619,0.968603099030266,0.03128225234993773,-0.24155462726093746,0.04980782353917071
1614819766107,2021-03-04T01:03:56.476Z,48.659,0.968649553436705,0.0312242480083451,-0.24144216961358164,0.0494850249618161
1614819766146,2021-03-04T01:03:56.478Z,48.698,0.9689377754834952,0.031442687268616015,-0.24047654730362614,0.04839395473972897
1614819766186,2021-03-04T01:03:56.489Z,48.738,0.9689862741541684,0.03154409941739559,-0.2403832144181218,0.04781715715911032
1614819766225,2021-03-04T01:03:56.492Z,48.777,0.9690673569882498,0.031738448797876205,-0.2401232070148169,0.04734948722670986
1614819766265,2021-03-04T01:03:56.505Z,48.817,0.9691459651910874,0.03177190338177268,-0.2399587576541087,0.04654502051166847
1614819766306,2021-03-04T01:03:56.519Z,48.858000000000004,0.9691499500808556,0.031937480430256404,-0.2400458926610636,0.04589489098576285
1614819766346,2021-03-04T01:03:56.522Z,48.898,0.9692440023788428,0.0320867225499807,-0.2398032444791388,0.0450656191116979
1614819766385,2021-03-04T01:03:56.525Z,48.937,0.9692703030772316,0.03219428888133763,-0.2397907009490638,0.044486257140303666
1614819766425,2021-03-04T01:03:56.534Z,48.977,0.9693341129771386,0.0322416475831187,-0.2396199846264501,0.04397859192345707
1614819766464,2021-03-04T01:03:56.537Z,49.016000000000005,0.9694025432468486,0.032386737722210804,-0.23942188005562845,0.043439287711503516
1614819766504,2021-03-04T01:03:56.539Z,49.056000000000004,0.9694231004785968,0.03256280916413728,-0.2394247193185845,0.0428289562915268
1614819766543,2021-03-04T01:03:56.550Z,49.095,0.9694433073818808,0.032761329151590524,-0.2394313338604383,0.04217825803079685
1614819766583,2021-03-04T01:03:56.564Z,49.135,0.96945165857248,0.032457891103861734,-0.23956235412105945,0.04147101981062959
1614819766622,2021-03-04T01:03:56.567Z,49.174,0.9694419958719394,0.032019265749761834,-0.23979406131385886,0.040691417022291024
1614819766662,2021-03-04T01:03:56.580Z,49.214,0.9694387450834958,0.031845484455681035,-0.2399017360967589,0.04026837057146049
1614819766702,2021-03-04T01:03:56.582Z,49.254,0.9694526685264596,0.03142106794638018,-0.24009517037389105,0.03909666404141993
1614819766743,2021-03-04T01:03:56.584Z,49.295,0.9694582909905513,0.031039352228462536,-0.2402599230239767,0.038240685551251055
1614819766782,2021-03-04T01:03:56.596Z,49.333999999999996,0.9695083476753421,0.03077736403616412,-0.2402231149369203,0.0374055169836873
1614819766822,2021-03-04T01:03:56.609Z,49.373999999999995,0.9695381083176312,0.030492885727410057,-0.2402730183199437,0.03653651744910072
1614819766861,2021-03-04T01:03:56.612Z,49.413000000000004,0.9696296019867858,0.029971794589214014,-0.24010569268693216,0.035628399057174194
1614819766901,2021-03-04T01:03:56.613Z,49.453,0.9697425302765796,0.02878089671239816,-0.23989603519435945,0.03494248496077615
1614819766940,2021-03-04T01:03:56.625Z,49.492,0.9699830660679826,0.02781616711749496,-0.2390390508356487,0.03492054644245069
1614819766980,2021-03-04T01:03:56.627Z,49.532,0.970178709016121,0.02778841806051345,-0.2381886271839828,0.035316487278842006
1614819767019,2021-03-04T01:03:56.629Z,49.571000000000005,0.9701955220526579,0.02839403548851217,-0.23802302013112395,0.03548900710510548
1614819767059,2021-03-04T01:03:56.640Z,49.611000000000004,0.9701859511955809,0.027944236920505752,-0.2381429848538445,0.03530238647114177
1614819767099,2021-03-04T01:03:56.654Z,49.651,0.970184942556438,0.027509342190593405,-0.2382237269810964,0.03512647480516958
1614819767138,2021-03-04T01:03:56.657Z,49.69,0.9701162215510122,0.027313671460035858,-0.23854919602511,0.034968001240191976
1614819767178,2021-03-04T01:03:56.658Z,49.73,0.9700751025526496,0.026195849198155062,-0.2389500755971834,0.034218916761845936
1614819767217,2021-03-04T01:03:56.669Z,49.769,0.9699878545929614,0.025217589423361757,-0.2394762103684918,0.033745811493645035
1614819767258,2021-03-04T01:03:56.684Z,49.81,0.9697025233589384,0.023462117430393982,-0.24097207909421736,0.03254231605156778
1614819767298,2021-03-04T01:03:56.686Z,49.85,0.9695769249895017,0.022965239274193045,-0.2416129276947549,0.03188067571038068
1614819767337,2021-03-04T01:03:56.688Z,49.888999999999996,0.9695251298039111,0.02279998788290024,-0.2418698434884932,0.03162533860847106
1614819767377,2021-03-04T01:03:56.699Z,49.928999999999995,0.9694268323565473,0.0234302994001573,-0.24225990019424254,0.031189397798699163
1614819767416,2021-03-04T01:03:56.702Z,49.968,0.9694300977706704,0.0240720361274314,-0.2422316522557471,0.030816379710772408
1614819767456,2021-03-04T01:03:56.703Z,50.008,0.9694641416858216,0.024137014875434758,-0.24208777478335455,0.03082518124391556
1614819767496,2021-03-04T01:03:56.714Z,50.048,0.9695107093147606,0.02522629636775361,-0.24173933582511145,0.03122037812695311
1614819767535,2021-03-04T01:03:56.717Z,50.086999999999996,0.9695674644464652,0.02644408386502716,-0.2413287917078359,0.03162367164369078
1614819767575,2021-03-04T01:03:56.719Z,50.126999999999995,0.969660772885229,0.027645912547999942,-0.24076132716520424,0.032057329718151895
1614819767614,2021-03-04T01:03:56.730Z,50.166000000000004,0.9697277707287556,0.028893063823124586,-0.2402894664216339,0.032468659768414065
1614819767654,2021-03-04T01:03:56.744Z,50.206,0.9697713045276818,0.02959948614134836,-0.23997846326653505,0.032830237633595785
1614819767695,2021-03-04T01:03:56.746Z,50.247,0.9697534513691144,0.03075168862917217,-0.23980543574456534,0.033554883273592004
1614819767734,2021-03-04T01:03:56.748Z,50.286,0.969740831805833,0.031872623367775084,-0.2396042463272553,0.034302480232990436
1614819767774,2021-03-04T01:03:56.759Z,50.326,0.969720703476097,0.03274316549315935,-0.23944946980956025,0.03512255359782045
1614819767813,2021-03-04T01:03:56.762Z,50.365,0.9696954295715478,0.033394168721751924,-0.2393499087646865,0.03587791155809858
1614819767853,2021-03-04T01:03:56.763Z,50.405,0.9696630996178276,0.033714727767067056,-0.23933258017650025,0.03656099611879487
1614819767892,2021-03-04T01:03:56.775Z,50.443999999999996,0.9696326694153804,0.03392016524042811,-0.2393791049236398,0.03687211573022306
1614819767932,2021-03-04T01:03:56.777Z,50.483999999999995,0.9697508389322193,0.03466457957036954,-0.23861625896832594,0.03799945090955061
1614819767972,2021-03-04T01:03:56.779Z,50.523999999999994,0.9698809433150388,0.035730651280580734,-0.23779583923131456,0.038825445234679824
1614819768011,2021-03-04T01:03:56.790Z,50.563,0.969993352669136,0.03585684644944977,-0.2372281293189313,0.03937000127291993
1614819768051,2021-03-04T01:03:56.804Z,50.603,0.9701179712201958,0.03586900150716195,-0.2366415782766033,0.039815826969292124
1614819768090,2021-03-04T01:03:56.807Z,50.641999999999996,0.9702365454014984,0.03619904926978428,-0.23606780267152594,0.04003332788024775
1614819768130,2021-03-04T01:03:56.820Z,50.681999999999995,0.9703353880958088,0.03656682470937407,-0.23557780514114776,0.04018954670693594
1614819768171,2021-03-04T01:03:56.822Z,50.723,0.9704412406328209,0.0367028386129845,-0.2351003070607194,0.04030565390532601
1614819768210,2021-03-04T01:03:56.834Z,50.762,0.9705595335586268,0.037310516427383575,-0.2344664259489423,0.04059079064408826
1614819768250,2021-03-04T01:03:56.836Z,50.802,0.9706676070739254,0.03762611293086507,-0.2339346585946939,0.04078293406901215
1614819768289,2021-03-04T01:03:56.849Z,50.841,0.9707600286579041,0.03775699849165046,-0.23351177716324206,0.04088552006605283
1614819768329,2021-03-04T01:03:56.852Z,50.881,0.970779463358968,0.038074582063543534,-0.2333194912035368,0.041225898967558613
1614819768369,2021-03-04T01:03:56.854Z,50.92100000000001,0.9707472791395714,0.03803621048063211,-0.23340483086208225,0.041534945114141054
1614819768408,2021-03-04T01:03:56.865Z,50.96,0.9706428818683364,0.038380467258216866,-0.2336906106661519,0.04204799754866405
1614819768448,2021-03-04T01:03:56.867Z,51.0,0.970576378765195,0.03859418701401743,-0.2338707349917327,0.042384679144645436
1614819768487,2021-03-04T01:03:56.879Z,51.038999999999994,0.9703990808904396,0.038923152492722574,-0.23440270451582546,0.04319703835548006
1614819768527,2021-03-04T01:03:56.881Z,51.07899999999999,0.9703604597060944,0.03869872511357138,-0.2345248777675709,0.04360124564352697
1614819768566,2021-03-04T01:03:56.883Z,51.118,0.9703519368523033,0.03854485113246937,-0.23456620296267744,0.043704799803129316
1614819768606,2021-03-04T01:03:56.894Z,51.158,0.9703424206169882,0.03850314770725937,-0.23458214687520385,0.04386696633250834
1614819768647,2021-03-04T01:03:56.897Z,51.199,0.9703300390077664,0.038515547987039135,-0.2346317731187181,0.04386455295123047
1614819768686,2021-03-04T01:03:56.898Z,51.238,0.970329458133292,0.0383869854294243,-0.2346619850645987,0.04382847012999132
1614819768726,2021-03-04T01:03:56.924Z,51.278,0.9702718419309618,0.03823218519931272,-0.234894627562662,0.04399280296801224
1614819768766,2021-03-04T01:03:56.927Z,51.318000000000005,0.9702093928277244,0.03816876466555967,-0.23509370672379726,0.04436021338574099
1614819768805,2021-03-04T01:03:56.929Z,51.357,0.9701292759814624,0.037652351701252966,-0.23540601615304746,0.04489427417833692
1614819768845,2021-03-04T01:03:56.940Z,51.397,0.9700956516597862,0.03700331366817077,-0.2355594718922829,0.04535324255418037
1614819768884,2021-03-04T01:03:56.942Z,51.43600000000001,0.9700616929486179,0.0365479387252891,-0.2357103279008841,0.04566400518407968
1614819768924,2021-03-04T01:03:56.944Z,51.476000000000006,0.9700240745998204,0.03592502987358371,-0.2359501176975261,0.04571902102919555
1614819768963,2021-03-04T01:03:56.956Z,51.515,0.9699599434707941,0.03550017723667332,-0.23628192404707696,0.0456978976202427
1614819769003,2021-03-04T01:03:56.958Z,51.555,0.969944770960854,0.035244863645788146,-0.23637952399286086,0.045712815590323086
1614819769042,2021-03-04T01:03:56.969Z,51.593999999999994,0.9699500536933908,0.034223060241483125,-0.23653862311798785,0.04555387207847949
1614819769082,2021-03-04T01:03:56.972Z,51.63399999999999,0.9699806990872374,0.033801902924991,-0.2364809409512723,0.04551526473266673
1614819769123,2021-03-04T01:03:56.974Z,51.675,0.9700267295279741,0.03371257902125053,-0.23631934829558796,0.04543975834164616
1614819769163,2021-03-04T01:03:56.985Z,51.715,0.9700591024619074,0.033666421297792334,-0.23619118707182854,0.045449234948439735
1614819769202,2021-03-04T01:03:57.030Z,51.754,0.9700588390390298,0.03365685847845836,-0.23619312229787154,0.045451882896019966
1614819769242,2021-03-04T01:03:57.032Z,51.794,0.9700652731238708,0.033618168247460174,-0.23617037596075546,0.045461391986506484
1614819769281,2021-03-04T01:03:57.034Z,51.833,0.9701031144712878,0.033624593232561964,-0.2360373810358839,0.045339704198123235
1614819769321,2021-03-04T01:03:57.045Z,51.873000000000005,0.9701307923711868,0.03378590803388265,-0.23589701814114905,0.04535807473530284
1614819769360,2021-03-04T01:03:57.059Z,51.912,0.9701140373174594,0.0338401261278088,-0.2359553259216948,0.04537273005297233
1614819769400,2021-03-04T01:03:57.062Z,51.952,0.9701011957542643,0.03403952218849572,-0.2359689841207401,0.04542707847034812
1614819769439,2021-03-04T01:03:57.075Z,51.99100000000001,0.9700980069612064,0.03416122046713923,-0.2359847408420113,0.04532184898941829
1614819769479,2021-03-04T01:03:57.077Z,52.031000000000006,0.9700855442978225,0.03417473145881423,-0.23603441712856504,0.045319735269464236
1614819769518,2021-03-04T01:03:57.089Z,52.07,0.9700774415459852,0.0340243748395478,-0.2360983390826993,0.04527332109271864
1614819769558,2021-03-04T01:03:57.091Z,52.11,0.9700775946887904,0.03374892449690628,-0.2361497118179382,0.0452082291891393
1614819769599,2021-03-04T01:03:57.093Z,52.151,0.9700438104004696,0.03346676910778993,-0.23637576041760594,0.0449608847357565
1614819769639,2021-03-04T01:03:57.104Z,52.191,0.9700419217219258,0.03350518127481165,-0.2364353879347461,0.04465848476965409
1614819769678,2021-03-04T01:03:57.107Z,52.23,0.9700496043252628,0.033265334904559574,-0.2365116907843881,0.04426514163988322
1614819769718,2021-03-04T01:03:57.120Z,52.27,0.9700690698444208,0.03317121624134845,-0.2365323515228802,0.04379631065861996
1614819769757,2021-03-04T01:03:57.134Z,52.309,0.9700925504178051,0.032874165064746094,-0.23658693804683525,0.04320131526698466
1614819769797,2021-03-04T01:03:57.136Z,52.349,0.9701053754332846,0.032738474455631494,-0.23661055645310705,0.0428858650456684
1614819769836,2021-03-04T01:03:57.139Z,52.388000000000005,0.9701932309193436,0.032761811854771825,-0.23641364883488564,0.04195646561440792
1614819769876,2021-03-04T01:03:57.149Z,52.428000000000004,0.9702108037699549,0.03284189661954893,-0.2363850704652805,0.04164738329850951
1614819769915,2021-03-04T01:03:57.152Z,52.467,0.9703013573708594,0.03305117272749571,-0.2361484011081935,0.04070415850559866
1614819769955,2021-03-04T01:03:57.165Z,52.507,0.9703472349418368,0.033195557018964574,-0.2360427429770403,0.040101398015622285
1614819769995,2021-03-04T01:03:57.169Z,52.547,0.9703789666833028,0.033246861981281836,-0.23601108889764655,0.03947243474109627
1614819770034,2021-03-04T01:03:57.179Z,52.586000000000006,0.9704704723105194,0.03335618363937429,-0.2357235530953105,0.03884371123535919
1614819770075,2021-03-04T01:03:57.181Z,52.626999999999995,0.9706049366296992,0.033444123701356014,-0.2352697283170001,0.03815366977829145
1614819770115,2021-03-04T01:03:57.184Z,52.667,0.9707635736000544,0.03299341479910238,-0.2347729315115385,0.03756580067860401
1614819770154,2021-03-04T01:03:57.195Z,52.706,0.9708200118835306,0.032948509094884,-0.2346257811980409,0.03706269110702435
1614819770194,2021-03-04T01:03:57.209Z,52.746,0.9708495953824624,0.03309638757233109,-0.23457260798165985,0.03648813314015256
1614819770233,2021-03-04T01:03:57.211Z,52.785,0.9708649209595508,0.03310792598899757,-0.23455922235858603,0.036154414577584525
1614819770273,2021-03-04T01:03:57.213Z,52.825,0.9709854509022114,0.032672862098645,-0.23418486643103015,0.03573774689586142
1614819770312,2021-03-04T01:03:57.224Z,52.864,0.9709866024803516,0.03255626513575215,-0.2342095548264816,0.03565097238583337
1614819770352,2021-03-04T01:03:57.227Z,52.903999999999996,0.9709921819269626,0.032584796706150845,-0.23419932909124205,0.035539948136529616
1614819770392,2021-03-04T01:03:57.230Z,52.943999999999996,0.9710147631126146,0.03270100166786004,-0.2341576928051661,0.0350877358550389
1614819770431,2021-03-04T01:03:57.241Z,52.983000000000004,0.9710273687010554,0.03276635576273298,-0.23413425151216816,0.034833424069005484
1614819770471,2021-03-04T01:03:57.243Z,53.023,0.9710532170462158,0.03282499698491476,-0.2340592035616829,0.03456093843063345
1614819770510,2021-03-04T01:03:57.254Z,53.062,0.9710591862904218,0.0328562647272631,-0.23404798746120475,0.034439253106239985
1614819770551,2021-03-04T01:03:57.256Z,53.103,0.9710591862904218,0.0328562647272631,-0.23404798746120475,0.034439253106239985
1614819770591,2021-03-04T01:03:57.259Z,53.143,0.9710591862904218,0.0328562647272631,-0.23404798746120475,0.034439253106239985
1614819770630,2021-03-04T01:03:57.269Z,53.181999999999995,0.9710591862904218,0.0328562647272631,-0.23404798746120475,0.034439253106239985
1614819770670,2021-03-04T01:03:57.272Z,53.222,0.9710591862904218,0.0328562647272631,-0.23404798746120475,0.034439253106239985
1614819770709,2021-03-04T01:03:57.274Z,53.261,0.9710591862904218,0.0328562647272631,-0.23404798746120475,0.034439253106239985
1614819770749,2021-03-04T01:03:57.285Z,53.301,0.9710591862904218,0.0328562647272631,-0.23404798746120475,0.034439253106239985
1614819770788,2021-03-04T01:03:57.299Z,53.34,0.9710591862904218,0.0328562647272631,-0.23404798746120475,0.034439253106239985
1614819770828,2021-03-04T01:03:57.301Z,53.38,0.9710591375061696,0.033081570088567214,-0.23399909964975885,0.0345569464703099
1614819770868,2021-03-04T01:03:57.303Z,53.42,0.9710486468416069,0.03307376396455017,-0.234008613317196,0.03479397214553654
1614819770907,2021-03-04T01:03:57.314Z,53.458999999999996,0.9710430935209562,0.03304490954457858,-0.23401900285067495,0.03490631437459298
1614819770947,2021-03-04T01:03:57.317Z,53.498999999999995,0.9710440800850628,0.033378778412430934,-0.2339455046974186,0.035053566370889244
1614819770986,2021-03-04T01:03:57.318Z,53.538000000000004,0.9710287740110864,0.033431495449831865,-0.2339452620120557,0.035426960589714465
1614819771027,2021-03-04T01:03:57.329Z,53.57899999999999,0.9710067976677084,0.03352261689895823,-0.2339413707114673,0.03596481765542192
1614819771067,2021-03-04T01:03:57.332Z,53.619,0.9709848245986964,0.0334116023012302,-0.23398157260497196,0.036397237697481925
1614819771106,2021-03-04T01:03:57.334Z,53.658,0.9709754848054846,0.03336472245398006,-0.2339985426508559,0.03657984745182387
1614819771146,2021-03-04T01:03:57.345Z,53.698,0.9709508843985144,0.03324204599042881,-0.2340428952843578,0.03705765279976084
1614819771185,2021-03-04T01:03:57.359Z,53.736999999999995,0.9709337191103806,0.03315713703358514,-0.23407355522821455,0.037388341779819055
1614819771225,2021-03-04T01:03:57.362Z,53.777,0.9709172835346428,0.03307638554365301,-0.2341027051260115,0.03770284744898303
1614819771265,2021-03-04T01:03:57.364Z,53.817,0.9709009667995258,0.032996710448055605,-0.2341314425860421,0.038013120891770565
1614819771304,2021-03-04T01:03:57.375Z,53.856,0.9708866746433176,0.032874915091391045,-0.2341680662523926,0.03825730917602439
1614819771344,2021-03-04T01:03:57.377Z,53.896,0.9709007865811712,0.03278576526718039,-0.2340813573590212,0.038505510629860136
1614819771383,2021-03-04T01:03:57.389Z,53.935,0.9708918250478084,0.03274261632448208,-0.2340968579305012,0.038673585800009534
1614819771423,2021-03-04T01:03:57.391Z,53.975,0.970889113552262,0.03272959251261387,-0.2341015373223304,0.038724322886050835
1614819771462,2021-03-04T01:03:57.404Z,54.013999999999996,0.970889113552262,0.03272959251261387,-0.2341015373223304,0.038724322886050835
1614819771503,2021-03-04T01:03:57.407Z,54.055,0.9709160642332559,0.03270301456839763,-0.2339926805803988,0.03872898768031937
1614819771543,2021-03-04T01:03:57.409Z,54.095,0.9709714809983316,0.032648327827015794,-0.2337686736649189,0.03873857239175168
1614819771582,2021-03-04T01:03:57.420Z,54.13399999999999,0.9709959471166631,0.032624168755648116,-0.2336697018203545,0.0387428025212902
1614819771622,2021-03-04T01:03:57.422Z,54.174,0.9709959471166631,0.032624168755648116,-0.2336697018203545,0.0387428025212902
1614819771662,2021-03-04T01:03:57.424Z,54.214,0.9710013941446044,0.03265030852704633,-0.2336603073028363,0.038640790797646825
1614819771701,2021-03-04T01:03:57.436Z,54.253,0.9710123052363272,0.032834372514808814,-0.23361210198543203,0.03850185537270561
1614819771741,2021-03-04T01:03:57.438Z,54.293,0.9710123052363272,0.032834372514808814,-0.23361210198543203,0.03850185537270561
1614819771780,2021-03-04T01:03:57.449Z,54.332,0.9710128148105734,0.03288386637539454,-0.2336007540945725,0.038515613617069434
1614819771820,2021-03-04T01:03:57.451Z,54.372,0.9710140454970152,0.03246667483443499,-0.2336926812757461,0.038280140946294984
1614819771859,2021-03-04T01:03:57.453Z,54.411,0.9710298927039444,0.032543550754226734,-0.2336650844656851,0.03798016694693624
1614819771899,2021-03-04T01:03:57.479Z,54.451,0.9710483199904468,0.03263351737227882,-0.2336327529019151,0.03762911850039133
1614819771938,2021-03-04T01:03:57.482Z,54.49,0.9710660369465102,0.03272058000143483,-0.23360141573241175,0.037289329588794315
1614819771979,2021-03-04T01:03:57.484Z,54.531000000000006,0.9710855243993192,0.03281702903092148,-0.2335666620848883,0.03691288758965916
1614819772019,2021-03-04T01:03:57.495Z,54.571000000000005,0.971103292637165,0.032905654864070134,-0.2335347203597948,0.03656702467654988
1614819772059,2021-03-04T01:03:57.497Z,54.611000000000004,0.9711224325746028,0.033001804642738525,-0.23350002364458666,0.036191722792461786
1614819772098,2021-03-04T01:03:57.499Z,54.65,0.97113734351027,0.032978522868093656,-0.23349442054605166,0.03584735196800467
1614819772138,2021-03-04T01:03:57.511Z,54.69,0.971150762467506,0.03282008351963265,-0.2335193858287225,0.035464561448324834
1614819772177,2021-03-04T01:03:57.524Z,54.729,0.9711651604894878,0.03271724132066083,-0.2335313357170665,0.035084589351964034
1614819772217,2021-03-04T01:03:57.527Z,54.769,0.9711820337868396,0.032583999401530984,-0.2335479236469823,0.03462813296789675
1614819772256,2021-03-04T01:03:57.528Z,54.808,0.9711979061466324,0.032399603597250935,-0.2335761097708385,0.03416275351108747
1614819772296,2021-03-04T01:03:57.540Z,54.848,0.9712116361968588,0.03229935051908636,-0.23358752739456884,0.033787227136260034
1614819772335,2021-03-04T01:03:57.571Z,54.887,0.9712253581655224,0.03237241009066456,-0.2335613968230649,0.03350230790906182
1614819772375,2021-03-04T01:03:57.573Z,54.927,0.9712375215221868,0.03243751536586597,-0.2335380704660147,0.03324836879216108
1614819772416,2021-03-04T01:03:57.584Z,54.968,0.9712450126526844,0.03229113535922238,-0.2335637792666604,0.032990437844538194
1614819772455,2021-03-04T01:03:57.587Z,55.007,0.9712560539588332,0.0321451838823498,-0.23358656157621416,0.0326448013087419
1614819772495,2021-03-04T01:03:57.588Z,55.047,0.9712677707920871,0.032209121803279867,-0.2335637445557145,0.032395479967797965
1614819772535,2021-03-04T01:03:57.600Z,55.086999999999996,0.9712748838622854,0.032108422267185306,-0.23357967273267535,0.03216653049230354
1614819772574,2021-03-04T01:03:57.603Z,55.126000000000005,0.971274268908172,0.0320538462296059,-0.23359181061051845,0.03215138433231705
1614819772614,2021-03-04T01:03:57.614Z,55.166000000000004,0.9712696783109872,0.03165576135115755,-0.23368033868709284,0.032040974985719214
1614819772653,2021-03-04T01:03:57.616Z,55.205,0.9712681548395108,0.031526769695736104,-0.23370901106575864,0.032005192295449895
1614819772693,2021-03-04T01:03:57.630Z,55.245,0.9712681548395108,0.031526769695736104,-0.23370901106575864,0.032005192295449895
1614819772732,2021-03-04T01:03:57.632Z,55.284,0.9712650962213286,0.03127270330746382,-0.2337654897857539,0.031934725225734185
1614819772772,2021-03-04T01:03:57.634Z,55.324,0.9712748789508464,0.031057671475159733,-0.23376092233969345,0.03188042892522003
1614819772811,2021-03-04T01:03:57.645Z,55.363,0.9712748789508464,0.031057671475159733,-0.23376092233969345,0.03188042892522003
1614819772851,2021-03-04T01:03:57.648Z,55.403,0.9712748789508464,0.031057671475159733,-0.23376092233969345,0.03188042892522003
1614819772891,2021-03-04T01:03:57.659Z,55.443000000000005,0.9712748789508464,0.031057671475159733,-0.23376092233969345,0.03188042892522003
1614819772932,2021-03-04T01:03:57.661Z,55.483999999999995,0.9712748789508464,0.031057671475159733,-0.23376092233969345,0.03188042892522003
1614819772971,2021-03-04T01:03:57.674Z,55.523,0.9712748789508464,0.031057671475159733,-0.23376092233969345,0.03188042892522003
1614819773011,2021-03-04T01:03:57.689Z,55.563,0.9712748789508464,0.031057671475159733,-0.23376092233969345,0.03188042892522003
1614819773050,2021-03-04T01:03:57.691Z,55.602,0.9712748789508464,0.031057671475159733,-0.23376092233969345,0.03188042892522003
1614819773090,2021-03-04T01:03:57.693Z,55.641999999999996,0.9712748789508464,0.031057671475159733,-0.23376092233969345,0.03188042892522003
1614819773129,2021-03-04T01:03:57.704Z,55.681000000000004,0.9712748789508464,0.031057671475159733,-0.23376092233969345,0.03188042892522003
1614819773169,2021-03-04T01:03:57.707Z,55.721000000000004,0.9712748789508464,0.031057671475159733,-0.23376092233969345,0.03188042892522003
1614819773208,2021-03-04T01:03:57.720Z,55.76,0.9712748789508464,0.031057671475159733,-0.23376092233969345,0.03188042892522003
1614819773248,2021-03-04T01:03:57.722Z,55.8,0.9712748789508464,0.031057671475159733,-0.23376092233969345,0.03188042892522003
1614819773288,2021-03-04T01:03:57.724Z,55.84,0.9712748789508464,0.031057671475159733,-0.23376092233969345,0.03188042892522003
1614819773327,2021-03-04T01:03:57.736Z,55.879,0.9712748789508464,0.031057671475159733,-0.23376092233969345,0.03188042892522003
1614819773367,2021-03-04T01:03:57.738Z,55.919,0.9712764081436884,0.031181612797736718,-0.2337333766751117,0.031914802754796766
1614819773408,2021-03-04T01:03:57.749Z,55.96,0.9712711416055824,0.03127274009514293,-0.2337180379998412,0.03209772460214057
1614819773447,2021-03-04T01:03:57.751Z,55.998999999999995,0.97125912890809,0.031439126047407916,-0.23369180838458703,0.032487298441316384
1614819773487,2021-03-04T01:03:57.765Z,56.038999999999994,0.9712688109077428,0.031229423163029662,-0.23363917477691745,0.03277737171166251
1614819773526,2021-03-04T01:03:57.767Z,56.078,0.9712627625389592,0.031196661332035244,-0.23365074298488026,0.032905086681806354
1614819773566,2021-03-04T01:03:57.769Z,56.118,0.9712627625389592,0.031196661332035244,-0.23365074298488026,0.032905086681806354
1614819773605,2021-03-04T01:03:57.780Z,56.157,0.9712627625389592,0.031196661332035244,-0.23365074298488026,0.032905086681806354
1614819773645,2021-03-04T01:03:57.794Z,56.196999999999996,0.9712762589682338,0.031183658592788505,-0.2335960517215888,0.03290733689507483
1614819773684,2021-03-04T01:03:57.797Z,56.236000000000004,0.9713156675198727,0.031145675391931436,-0.2334362762876027,0.03291391571634003
1614819773724,2021-03-04T01:03:57.798Z,56.276,0.9713171090278616,0.031264639816546716,-0.2334097233359699,0.03294688238855181
1614819773764,2021-03-04T01:03:57.810Z,56.316,0.9713428520154068,0.031239805855429924,-0.2333052853745877,0.03295120915797578
1614819773803,2021-03-04T01:03:57.812Z,56.355,0.9713435072686084,0.031294329310734864,-0.2332931172649931,0.03296630517501655
1614819773843,2021-03-04T01:03:57.814Z,56.395,0.9713458857624412,0.03149343790348317,-0.2332486194467327,0.0330214340632192
1614819773884,2021-03-04T01:03:57.825Z,56.43600000000001,0.9713458857624412,0.03149343790348317,-0.2332486194467327,0.0330214340632192
1614819773923,2021-03-04T01:03:57.828Z,56.475,0.9713458857624412,0.03149343790348317,-0.2332486194467327,0.0330214340632192
1614819773963,2021-03-04T01:03:57.839Z,56.515,0.9713464755570699,0.03154359274236482,-0.2332374192629766,0.03303532102626934
1614819774002,2021-03-04T01:03:57.841Z,56.553999999999995,0.9713464755570699,0.03154359274236482,-0.2332374192629766,0.03303532102626934
1614819774042,2021-03-04T01:03:57.854Z,56.593999999999994,0.9713464755570699,0.03154359274236482,-0.2332374192629766,0.03303532102626934
1614819774081,2021-03-04T01:03:57.857Z,56.633,0.9713464755570699,0.03154359274236482,-0.2332374192629766,0.03303532102626934
1614819774121,2021-03-04T01:03:57.859Z,56.673,0.9713464755570699,0.03154359274236482,-0.2332374192629766,0.03303532102626934
1614819774161,2021-03-04T01:03:57.870Z,56.713,0.9713464755570699,0.03154359274236482,-0.2332374192629766,0.03303532102626934
1614819774200,2021-03-04T01:03:57.872Z,56.751999999999995,0.9713464755570699,0.03154359274236482,-0.2332374192629766,0.03303532102626934
1614819774240,2021-03-04T01:03:57.884Z,56.792,0.9713504943445394,0.0318914977566046,-0.2331596940360483,0.03313165532350802
1614819774279,2021-03-04T01:03:57.886Z,56.831,0.9713538371277118,0.032189749954562766,-0.2330930239486653,0.033214233117749944
1614819774319,2021-03-04T01:03:57.888Z,56.871,0.9713549351098996,0.032522481668689006,-0.2330205533585446,0.033366149556554835
1614819774360,2021-03-04T01:03:57.899Z,56.912,0.9713532436975209,0.03257889337794025,-0.23300969384141276,0.03343612179222023
1614819774399,2021-03-04T01:03:57.902Z,56.951,0.9713015835678964,0.03253535464078852,-0.2332186321783753,0.033522441166221315
1614819774439,2021-03-04T01:03:57.915Z,56.99100000000001,0.9712641792694284,0.032884033802236895,-0.23330473695591425,0.033666513079146886
1614819774478,2021-03-04T01:03:57.929Z,57.03,0.9712524699453106,0.033028511948556404,-0.2333252009767089,0.033721026271099096
1614819774518,2021-03-04T01:03:57.931Z,57.07,0.9712150788421908,0.0330036729281879,-0.2334783668543861,0.03376211506725388
1614819774558,2021-03-04T01:03:57.934Z,57.11,0.97118704302141,0.03293930709919734,-0.2336013429637421,0.033780794553871236
1614819774597,2021-03-04T01:03:57.944Z,57.148999999999994,0.9711702818649364,0.032906063314042604,-0.2336742686212396,0.033790691083207584
1614819774637,2021-03-04T01:03:57.947Z,57.18899999999999,0.9711431286308394,0.032801906736852994,-0.23379747984281704,0.033820068697138585
1614819774676,2021-03-04T01:03:57.960Z,57.228,0.97109908628408,0.0326919716693454,-0.2339911785235053,0.03385155801106846
1614819774716,2021-03-04T01:03:57.963Z,57.268,0.971059247844304,0.03259283211788665,-0.23416616627446865,0.03387995045610577
1614819774755,2021-03-04T01:03:57.974Z,57.306999999999995,0.9710236835148603,0.03250738798194399,-0.2343219124894005,0.033904529301159614
1614819774796,2021-03-04T01:03:57.976Z,57.348,0.9710050651302488,0.032431091513653504,-0.2344065741566408,0.033925591914972394
1614819774836,2021-03-04T01:03:57.979Z,57.388000000000005,0.9709819667974526,0.03233753854374625,-0.2345114290710878,0.033951338561511515
1614819774875,2021-03-04T01:03:57.989Z,57.427,0.971009388678632,0.03221932191300619,-0.2344100558430861,0.0339795249092226
1614819774915,2021-03-04T01:03:57.992Z,57.467,0.971047342739434,0.032011538636763634,-0.2342740460305397,0.034029265482404494
1614819774955,2021-03-04T01:03:57.993Z,57.507,0.9710134360980104,0.03189351541247238,-0.2344259392351082,0.03406155612280242
1614819774994,2021-03-04T01:03:58.004Z,57.54600000000001,0.9710567322086768,0.031720689839152015,-0.2342641476839549,0.03410175623401756
1614819775034,2021-03-04T01:03:58.007Z,57.586000000000006,0.9711455236448664,0.031426934004317966,-0.23397023424150026,0.03386220921032675
1614819775073,2021-03-04T01:03:58.009Z,57.625,0.9712092198930572,0.031045290628699537,-0.2337964551514863,0.03358658486803927
1614819775113,2021-03-04T01:03:58.035Z,57.665,0.9713074672149822,0.030791167079503457,-0.23347827499090354,0.033190409301037144
1614819775152,2021-03-04T01:03:58.037Z,57.70399999999999,0.9713424580119592,0.030694702894794593,-0.23337440860147374,0.032985601213229056
1614819775192,2021-03-04T01:03:58.049Z,57.744,0.9713143830575148,0.03074277875679092,-0.2334941871883336,0.03291983245962121
1614819775231,2021-03-04T01:03:58.051Z,57.783,0.9713806825319802,0.030568582861749707,-0.23322458771200025,0.03303669220875683
1614819775271,2021-03-04T01:03:58.054Z,57.823,0.9714231894034412,0.03047822771372505,-0.2330380512235284,0.033186313543635014
1614819775312,2021-03-04T01:03:58.064Z,57.864,0.971360440630964,0.030719355658832125,-0.2332588769208045,0.03324923913070007
1614819775351,2021-03-04T01:03:58.067Z,57.903,0.9712871455782328,0.03033703067945808,-0.2336691931076708,0.03285808266549842
1614819775391,2021-03-04T01:03:58.081Z,57.943000000000005,0.9713628305254856,0.029778589143260877,-0.2334481061438585,0.03270273444222998
1614819775431,2021-03-04T01:03:58.110Z,57.983000000000004,0.9709871414761656,0.027983766724292047,-0.23514901364264684,0.03325389106187962
1614819775470,2021-03-04T01:03:58.112Z,58.022,0.9709263723336974,0.025584393677942383,-0.2353841424155468,0.03523810162815723
1614819775510,2021-03-04T01:03:58.114Z,58.062,0.9707448975406596,0.02350808926030297,-0.23593228303686425,0.03791663828871054
1614819775549,2021-03-04T01:03:58.125Z,58.101000000000006,0.970162056196018,0.02423792212564664,-0.2376503596415292,0.041477878571562835
1614819775589,2021-03-04T01:03:58.128Z,58.141000000000005,0.9690030629706882,0.02808538977376671,-0.2411524564062209,0.04571397602403317
1614819775628,2021-03-04T01:03:58.139Z,58.18,0.9676057074269993,0.03146880220195946,-0.2457708369930463,0.04843144770092908
1614819775668,2021-03-04T01:03:58.141Z,58.22,0.9665184454035,0.03362488650998406,-0.2494342365524961,0.049940197611397966
1614819775707,2021-03-04T01:03:58.143Z,58.25899999999999,0.9660703106361967,0.034547637743089346,-0.2510439673165049,0.04991534941923157
1614819775747,2021-03-04T01:03:58.154Z,58.299,0.9647128694984032,0.03473827342228292,-0.2565299889172992,0.04811129357942304
1614819775788,2021-03-04T01:03:58.157Z,58.34,0.963634202698522,0.03349744570799423,-0.2611953470158815,0.04543165435989888
1614819775828,2021-03-04T01:03:58.170Z,58.38,0.9630362968815838,0.03257598812564423,-0.2637650089377936,0.04390803965437082
1614819775867,2021-03-04T01:03:58.184Z,58.419,0.9610328082486621,0.03252113929432437,-0.2715231749324821,0.04041636355826755
1614819775907,2021-03-04T01:03:58.187Z,58.458999999999996,0.9596723194384916,0.03559402762562519,-0.2761455710339212,0.038803712442001134
1614819775946,2021-03-04T01:03:58.188Z,58.498000000000005,0.9584225347760632,0.03940783480044549,-0.2801261628198644,0.03745130563258736
1614819775986,2021-03-04T01:03:58.199Z,58.538000000000004,0.9574525382051532,0.04345108349735143,-0.2829165260967694,0.03680869039713694
1614819776025,2021-03-04T01:03:58.203Z,58.577,0.9566213055812968,0.04600093705297942,-0.2854936275590438,0.035397459250080136
1614819776065,2021-03-04T01:03:58.204Z,58.617,0.9558861153370178,0.04629850642522903,-0.28813062791111416,0.03345032239374774
1614819776104,2021-03-04T01:03:58.215Z,58.656000000000006,0.9548126512396276,0.04523252008383311,-0.2922218846077201,0.029886289765233488
1614819776144,2021-03-04T01:03:58.229Z,58.696000000000005,0.9532016306799144,0.04388914943838442,-0.2979686287369377,0.02636456180853091
1614819776184,2021-03-04T01:03:58.232Z,58.736000000000004,0.9515620957997394,0.04500563707272427,-0.3032540459347375,0.023260569492120332
1614819776223,2021-03-04T01:03:58.245Z,58.775,0.950283983209968,0.045760341512329133,-0.3073138524642245,0.02060433165304349
1614819776263,2021-03-04T01:03:58.247Z,58.815,0.9500570241248464,0.04619353641539181,-0.3080408535980014,0.01920001612228584
1614819776304,2021-03-04T01:03:58.249Z,58.856,0.9511047590606252,0.04687355306971667,-0.304958110391115,0.014253358254489916
1614819776343,2021-03-04T01:03:58.261Z,58.895,0.9517352508788632,0.046039027064533375,-0.30326127062219704,0.010631178773277943
1614819776383,2021-03-04T01:03:58.274Z,58.935,0.9518499877306568,0.045769371394130114,-0.3029849238873831,0.009322091840992544
1614819776422,2021-03-04T01:03:58.277Z,58.974,0.9523545025385791,0.04571538295526911,-0.30145688942409143,0.007399261753692324
1614819776462,2021-03-04T01:03:58.278Z,59.013999999999996,0.95273105998855,0.04635102388251264,-0.3001825656510099,0.0067481254666544605
1614819776501,2021-03-04T01:03:58.290Z,59.053000000000004,0.953047868973484,0.045989936915871436,-0.2992261666527118,0.00695602888854351
1614819776541,2021-03-04T01:03:58.292Z,59.093,0.9535403141825379,0.04759631372627348,-0.2973652674689176,0.008328136134545517
1614819776580,2021-03-04T01:03:58.294Z,59.132,0.9540883957429432,0.04801753422169006,-0.2954756543179703,0.010187601351306051
1614819776620,2021-03-04T01:03:58.305Z,59.172,0.9544993035227016,0.05002677086469249,-0.29371150053427875,0.012726202317712926
1614819776660,2021-03-04T01:03:58.319Z,59.211999999999996,0.9549540457759004,0.05264042618774328,-0.2915249189504939,0.017463608387729885
1614819776699,2021-03-04T01:03:58.322Z,59.251000000000005,0.9553775477612041,0.055700112275790685,-0.2891233023933341,0.02364222365652658
1614819776739,2021-03-04T01:03:58.323Z,59.291000000000004,0.955909223917752,0.0584074164544384,-0.2863892273975076,0.028413724900781395
1614819776780,2021-03-04T01:03:58.334Z,59.332,0.9563432152833884,0.05950378121951694,-0.28428747891455225,0.03236640132016665
1614819776819,2021-03-04T01:03:58.338Z,59.371,0.9568070161905334,0.06063432841288244,-0.2820193782621966,0.0361784780096026
1614819776859,2021-03-04T01:03:58.349Z,59.411,0.9574307103771222,0.06132835001406223,-0.27938666583949506,0.0388376011411906
1614819776898,2021-03-04T01:03:58.351Z,59.45,0.9577890312901212,0.06102167439224002,-0.27811453269464725,0.039608502859059716
1614819776938,2021-03-04T01:03:58.353Z,59.49,0.9587778678937068,0.06033211657706975,-0.274682324326322,0.040677468569443626
1614819776977,2021-03-04T01:03:58.365Z,59.528999999999996,0.9603483244993298,0.05732678785192244,-0.26976344943124586,0.040895187698145256
1614819777017,2021-03-04T01:03:58.367Z,59.568999999999996,0.9614737851484262,0.05525933425193995,-0.26610649303031275,0.041254100614342135
1614819777057,2021-03-04T01:03:58.369Z,59.608999999999995,0.9625297467889228,0.0531585932388293,-0.26247793930274105,0.04261433902699644
1614819777096,2021-03-04T01:03:58.380Z,59.648,0.963514339189755,0.05106842023356712,-0.2589830538747892,0.044270898299734664
1614819777136,2021-03-04T01:03:58.383Z,59.688,0.9645297064718996,0.04879423127920515,-0.2553388536671276,0.045865435079808205
1614819777175,2021-03-04T01:03:58.394Z,59.727,0.9656656295508976,0.0468214308890962,-0.2511919968085911,0.046906569400020616
1614819777215,2021-03-04T01:03:58.396Z,59.766999999999996,0.9668020756651551,0.04490599008227592,-0.24701374223690506,0.04755428151490127
1614819777256,2021-03-04T01:03:58.410Z,59.808,0.9679176587040954,0.04299394098022485,-0.2429048608626591,0.04779284022804668
1614819777295,2021-03-04T01:03:58.412Z,59.847,0.9689162667980976,0.04133060324723373,-0.23916224147006665,0.04790064116764235
1614819777335,2021-03-04T01:03:58.414Z,59.887,0.9698145253685504,0.04017809628694018,-0.2357465045964926,0.047634992741333135
1614819777374,2021-03-04T01:03:58.425Z,59.926,0.9705409948297992,0.039303268428849535,-0.23287734719196976,0.04768198412843493
1614819777414,2021-03-04T01:03:58.427Z,59.966,0.9710325737340058,0.0391082858591188,-0.2307274206445054,0.04828188156449166
1614819777454,2021-03-04T01:03:58.439Z,60.006,0.9713383488489508,0.03941918505226257,-0.2291946044089028,0.049170857375648816
1614819777493,2021-03-04T01:03:58.441Z,60.045,0.971438059408352,0.03972494832589665,-0.22859627887425266,0.04973697315162087
1614819777533,2021-03-04T01:03:58.443Z,60.085,0.9715764929646286,0.04065414663747143,-0.2274701325348029,0.051416898820629914
1614819777572,2021-03-04T01:03:58.455Z,60.123999999999995,0.9715613169893036,0.04098172032357066,-0.2272682575507351,0.05232824322660712
1614819777612,2021-03-04T01:03:58.457Z,60.163999999999994,0.9715294715121404,0.04107726946879858,-0.2272929737454791,0.05273564261735515
1614819777651,2021-03-04T01:03:58.470Z,60.203,0.9714240055050699,0.042096569642891546,-0.2273254743086862,0.05372531138223191
1614819777691,2021-03-04T01:03:58.484Z,60.243,0.9712989763123032,0.04242651758289722,-0.2276415033852085,0.05438414435276547
1614819777732,2021-03-04T01:03:58.487Z,60.284,0.9711909146940496,0.04297146758629333,-0.2277044174665488,0.05560897819089459
1614819777771,2021-03-04T01:03:58.488Z,60.323,0.9710802761328852,0.04311203962900708,-0.2278169048788285,0.05695530876167197
1614819777811,2021-03-04T01:03:58.499Z,60.363,0.9709849719311016,0.043099537836763985,-0.2279383758332672,0.058092262347987575
1614819777850,2021-03-04T01:03:58.502Z,60.402,0.9708917129260906,0.04324933784446373,-0.22814365517619126,0.05873030861748042
1614819777890,2021-03-04T01:03:58.516Z,60.442,0.9708147864211754,0.04333695928510917,-0.2284342225488824,0.0588078599714025
1614819777930,2021-03-04T01:03:58.518Z,60.482,0.9707682033152648,0.04320965530106076,-0.22866849774487,0.05876001412457591
1614819777969,2021-03-04T01:03:58.529Z,60.521,0.97066793782379,0.042808855350836436,-0.2292030150079331,0.0586270781783896
1614819778009,2021-03-04T01:03:58.531Z,60.56100000000001,0.9705551127752712,0.04242926571641025,-0.22977967539995495,0.058513513393388485
1614819778048,2021-03-04T01:03:58.533Z,60.6,0.9704196385781926,0.04204760913352095,-0.2304489619677944,0.05840376319973874
1614819778088,2021-03-04T01:03:58.544Z,60.64,0.9702942541125228,0.0417629634300743,-0.2310947508728855,0.058138897828910935
1614819778127,2021-03-04T01:03:58.547Z,60.678999999999995,0.9701958317601874,0.0415083824010155,-0.2316670654487587,0.057684252720907186
