epoch (ms),time (-07:00),elapsed (s),Pressure (Pa)
1613061430823,2021-02-11T16:39:09.561Z,0.248,99590.92323369565
1613061430899,2021-02-11T16:39:09.574Z,0.324,99590.25135869565
1613061430977,2021-02-11T16:39:09.588Z,0.402,99590.25135869565
1613061431056,2021-02-11T16:39:09.592Z,0.481,99590.43885869565
1613061431134,2021-02-11T16:39:09.605Z,0.559,99589.77479619565
1613061431211,2021-02-11T16:39:09.618Z,0.636,99589.11073369565
1613061431289,2021-02-11T16:39:09.622Z,0.714,99589.96229619565
1613061431366,2021-02-11T16:39:09.635Z,0.791,99589.29823369565
1613061431444,2021-02-11T16:39:09.648Z,0.869,99589.54823369565
1613061431522,2021-02-11T16:39:09.652Z,0.947,99588.89198369565
1613061431599,2021-02-11T16:39:09.665Z,1.024,99588.22010869565
1613061431677,2021-02-11T16:39:09.678Z,1.102,99589.07948369565
1613061431755,2021-02-11T16:39:09.692Z,1.18,99589.07948369565
1613061431832,2021-02-11T16:39:09.696Z,1.257,99588.40760869565
1613061431910,2021-02-11T16:39:09.709Z,1.335,99588.59510869565
1613061431988,2021-02-11T16:39:09.723Z,1.413,99588.59510869565
1613061432065,2021-02-11T16:39:09.727Z,1.49,99588.59510869565
1613061432143,2021-02-11T16:39:09.739Z,1.568,99588.78260869565
1613061432220,2021-02-11T16:39:09.753Z,1.645,99588.78260869565
1613061432298,2021-02-11T16:39:09.757Z,1.723,99588.78260869565
1613061432376,2021-02-11T16:39:09.770Z,1.801,99588.12635869565
1613061432453,2021-02-11T16:39:09.784Z,1.878,99588.12635869565
1613061432531,2021-02-11T16:39:09.797Z,1.956,99588.12635869565
1613061432609,2021-02-11T16:39:09.801Z,2.034,99588.97010869565
1613061432686,2021-02-11T16:39:09.814Z,2.111,99588.97010869565
1613061432764,2021-02-11T16:39:09.827Z,2.189,99588.30604619565
1613061432842,2021-02-11T16:39:09.832Z,2.267,99588.30604619565
1613061432919,2021-02-11T16:39:09.845Z,2.344,99588.30604619565
1613061432997,2021-02-11T16:39:09.858Z,2.422,99588.30604619565
1613061433074,2021-02-11T16:39:09.862Z,2.499,99589.15760869565
1613061433152,2021-02-11T16:39:09.875Z,2.577,99589.15760869565
1613061433230,2021-02-11T16:39:09.888Z,2.655,99588.50135869565
1613061433307,2021-02-11T16:39:09.892Z,2.732,99588.50135869565
1613061433385,2021-02-11T16:39:09.934Z,2.81,99588.50135869565
1613061433463,2021-02-11T16:39:09.947Z,2.888,99589.15760869565
1613061433540,2021-02-11T16:39:09.951Z,2.965,99590.01698369565
1613061433618,2021-02-11T16:39:09.965Z,3.043,99590.01698369565
1613061433696,2021-02-11T16:39:09.985Z,3.121,99589.35292119565
1613061433773,2021-02-11T16:39:09.986Z,3.198,99589.35292119565
1613061433851,2021-02-11T16:39:09.995Z,3.276,99589.35292119565
1613061433929,2021-02-11T16:39:10.008Z,3.354,99589.35292119565
1613061434006,2021-02-11T16:39:10.012Z,3.431,99589.35292119565
1613061434084,2021-02-11T16:39:10.026Z,3.509,99588.68104619565
1613061434161,2021-02-11T16:39:10.038Z,3.586,99588.68104619565
1613061434239,2021-02-11T16:39:10.052Z,3.664,99588.68104619565
1613061434317,2021-02-11T16:39:10.056Z,3.742,99589.35292119565
1613061434394,2021-02-11T16:39:10.070Z,3.819,99589.35292119565
1613061434472,2021-02-11T16:39:10.082Z,3.897,99588.68104619565
1613061434550,2021-02-11T16:39:10.087Z,3.975,99589.53260869565
1613061434627,2021-02-11T16:39:10.100Z,4.052,99589.53260869565
1613061434705,2021-02-11T16:39:10.113Z,4.13,99589.53260869565
1613061434783,2021-02-11T16:39:10.117Z,4.208,99589.53260869565
1613061434860,2021-02-11T16:39:10.130Z,4.285,99589.53260869565
1613061434938,2021-02-11T16:39:10.143Z,4.363,99589.53260869565
1613061435015,2021-02-11T16:39:10.147Z,4.44,99588.87635869565
1613061435093,2021-02-11T16:39:10.160Z,4.518,99588.87635869565
1613061435171,2021-02-11T16:39:10.174Z,4.596,99588.87635869565
1613061435248,2021-02-11T16:39:10.187Z,4.673,99588.87635869565
1613061435326,2021-02-11T16:39:10.192Z,4.751,99588.87635869565
1613061435404,2021-02-11T16:39:10.205Z,4.829,99588.20448369565
1613061435481,2021-02-11T16:39:10.218Z,4.906,99588.20448369565
1613061435559,2021-02-11T16:39:10.223Z,4.984,99588.20448369565
1613061435637,2021-02-11T16:39:10.235Z,5.062,99589.06385869565
1613061435714,2021-02-11T16:39:10.248Z,5.139,99588.39198369565
1613061435792,2021-02-11T16:39:10.262Z,5.217,99588.39198369565
1613061435869,2021-02-11T16:39:10.266Z,5.294,99588.39198369565
1613061435947,2021-02-11T16:39:10.280Z,5.372,99588.39198369565
1613061436025,2021-02-11T16:39:10.282Z,5.45,99588.39198369565
1613061436102,2021-02-11T16:39:10.296Z,5.527,99588.39198369565
1613061436180,2021-02-11T16:39:10.309Z,5.605,99587.72792119565
1613061436259,2021-02-11T16:39:10.323Z,5.684,99587.72792119565
1613061436337,2021-02-11T16:39:10.327Z,5.762,99587.72792119565
1613061436414,2021-02-11T16:39:10.341Z,5.839,99587.72792119565
1613061436492,2021-02-11T16:39:10.354Z,5.917,99587.72792119565
1613061436570,2021-02-11T16:39:10.385Z,5.995,99587.72792119565
1613061436647,2021-02-11T16:39:10.398Z,6.072,99587.72792119565
1613061436725,2021-02-11T16:39:10.402Z,6.15,99587.06385869565
1613061436803,2021-02-11T16:39:10.416Z,6.228,99587.06385869565
1613061436880,2021-02-11T16:39:10.429Z,6.305,99587.06385869565
1613061436958,2021-02-11T16:39:10.443Z,6.383,99587.06385869565
1613061437035,2021-02-11T16:39:10.447Z,6.46,99587.06385869565
1613061437113,2021-02-11T16:39:10.460Z,6.538,99587.06385869565
1613061437191,2021-02-11T16:39:10.473Z,6.616,99587.06385869565
1613061437268,2021-02-11T16:39:10.477Z,6.693,99587.06385869565
1613061437346,2021-02-11T16:39:10.492Z,6.771,99586.39198369565
1613061437424,2021-02-11T16:39:10.504Z,6.849,99587.25135869565
1613061437501,2021-02-11T16:39:10.508Z,6.926,99587.25135869565
1613061437579,2021-02-11T16:39:10.520Z,7.004,99587.25135869565
1613061437657,2021-02-11T16:39:10.533Z,7.082,99587.25135869565
1613061437734,2021-02-11T16:39:10.547Z,7.159,99587.25135869565
1613061437812,2021-02-11T16:39:10.551Z,7.237,99587.25135869565
1613061437889,2021-02-11T16:39:10.565Z,7.314,99587.25135869565
1613061437967,2021-02-11T16:39:10.578Z,7.392,99587.25135869565
1613061438045,2021-02-11T16:39:10.584Z,7.47,99587.25135869565
1613061438122,2021-02-11T16:39:10.595Z,7.547,99587.25135869565
1613061438200,2021-02-11T16:39:10.608Z,7.625,99587.25135869565
1613061438278,2021-02-11T16:39:10.612Z,7.703,99587.25135869565
1613061438355,2021-02-11T16:39:10.626Z,7.78,99587.91542119565
1613061438433,2021-02-11T16:39:10.639Z,7.858,99587.91542119565
1613061438511,2021-02-11T16:39:10.653Z,7.936,99588.79823369565
1613061438588,2021-02-11T16:39:10.657Z,8.013,99588.79823369565
1613061438666,2021-02-11T16:39:10.670Z,8.091,99588.79823369565
1613061438743,2021-02-11T16:39:10.683Z,8.168,99588.79823369565
1613061438821,2021-02-11T16:39:10.687Z,8.246,99588.79823369565
1613061438899,2021-02-11T16:39:10.700Z,8.324,99588.79823369565
1613061438976,2021-02-11T16:39:10.713Z,8.401,99588.79823369565
1613061439054,2021-02-11T16:39:10.717Z,8.479,99588.79823369565
1613061439132,2021-02-11T16:39:10.730Z,8.557,99588.79823369565
1613061439209,2021-02-11T16:39:10.744Z,8.634,99589.65760869565
1613061439287,2021-02-11T16:39:10.757Z,8.712,99589.65760869565
1613061439365,2021-02-11T16:39:10.761Z,8.79,99589.65760869565
1613061439442,2021-02-11T16:39:10.775Z,8.867,99589.65760869565
1613061439520,2021-02-11T16:39:10.788Z,8.945,99589.65760869565
1613061439597,2021-02-11T16:39:10.792Z,9.022,99590.32167119565
1613061439675,2021-02-11T16:39:10.833Z,9.1,99590.32167119565
1613061439753,2021-02-11T16:39:10.837Z,9.178,99590.32167119565
1613061439830,2021-02-11T16:39:10.850Z,9.255,99590.32167119565
1613061439908,2021-02-11T16:39:10.863Z,9.333,99590.32167119565
1613061439986,2021-02-11T16:39:10.867Z,9.411,99590.32167119565
1613061440063,2021-02-11T16:39:10.881Z,9.488,99590.32167119565
1613061440141,2021-02-11T16:39:10.894Z,9.566,99590.32167119565
1613061440219,2021-02-11T16:39:10.907Z,9.644,99590.32167119565
1613061440296,2021-02-11T16:39:10.912Z,9.721,99589.65760869565
1613061440374,2021-02-11T16:39:10.925Z,9.799,99590.32167119565
1613061440451,2021-02-11T16:39:10.938Z,9.876,99590.32167119565
1613061440529,2021-02-11T16:39:10.942Z,9.954,99589.65760869565
1613061440607,2021-02-11T16:39:10.955Z,10.032,99590.51698369565
1613061440684,2021-02-11T16:39:10.968Z,10.109,99590.51698369565
1613061440762,2021-02-11T16:39:10.972Z,10.187,99589.84510869565
1613061440840,2021-02-11T16:39:10.985Z,10.265,99589.84510869565
1613061440917,2021-02-11T16:39:10.999Z,10.342,99589.84510869565
1613061440995,2021-02-11T16:39:11.002Z,10.42,99589.84510869565
1613061441073,2021-02-11T16:39:11.016Z,10.498,99589.84510869565
1613061441150,2021-02-11T16:39:11.029Z,10.575,99589.84510869565
1613061441228,2021-02-11T16:39:11.043Z,10.653,99589.84510869565
1613061441305,2021-02-11T16:39:11.047Z,10.73,99589.84510869565
1613061441383,2021-02-11T16:39:11.060Z,10.808,99589.84510869565
1613061441461,2021-02-11T16:39:11.074Z,10.886,99589.84510869565
1613061441538,2021-02-11T16:39:11.087Z,10.963,99589.18104619565
1613061441616,2021-02-11T16:39:11.091Z,11.041,99590.03260869565
1613061441694,2021-02-11T16:39:11.105Z,11.119,99590.03260869565
1613061441771,2021-02-11T16:39:11.117Z,11.196,99590.03260869565
1613061441849,2021-02-11T16:39:11.122Z,11.274,99590.03260869565
1613061441927,2021-02-11T16:39:11.135Z,11.352,99590.03260869565
1613061442004,2021-02-11T16:39:11.148Z,11.429,99590.03260869565
1613061442082,2021-02-11T16:39:11.152Z,11.507,99590.03260869565
1613061442159,2021-02-11T16:39:11.165Z,11.584,99589.36854619565
1613061442239,2021-02-11T16:39:11.179Z,11.664,99589.36854619565
1613061442316,2021-02-11T16:39:11.193Z,11.741,99589.36854619565
1613061442394,2021-02-11T16:39:11.196Z,11.819,99589.36854619565
1613061442471,2021-02-11T16:39:11.210Z,11.896,99589.36854619565
1613061442549,2021-02-11T16:39:11.223Z,11.974,99589.36854619565
1613061442627,2021-02-11T16:39:11.227Z,12.052,99588.70448369565
1613061442704,2021-02-11T16:39:11.241Z,12.129,99588.70448369565
1613061442782,2021-02-11T16:39:11.254Z,12.207,99588.70448369565
1613061442860,2021-02-11T16:39:11.284Z,12.285,99588.70448369565
1613061442937,2021-02-11T16:39:11.298Z,12.362,99589.55604619565
1613061443015,2021-02-11T16:39:11.302Z,12.44,99589.55604619565
1613061443093,2021-02-11T16:39:11.315Z,12.518,99588.89198369565
1613061443170,2021-02-11T16:39:11.329Z,12.595,99588.89198369565
1613061443248,2021-02-11T16:39:11.342Z,12.673,99588.89198369565
1613061443325,2021-02-11T16:39:11.347Z,12.75,99588.89198369565
1613061443403,2021-02-11T16:39:11.360Z,12.828,99588.89198369565
1613061443481,2021-02-11T16:39:11.373Z,12.906,99588.22010869565
1613061443558,2021-02-11T16:39:11.377Z,12.983,99588.22010869565
1613061443636,2021-02-11T16:39:11.392Z,13.061,99588.89198369565
1613061443714,2021-02-11T16:39:11.404Z,13.139,99588.89198369565
1613061443791,2021-02-11T16:39:11.417Z,13.216,99588.89198369565
1613061443869,2021-02-11T16:39:11.420Z,13.294,99588.89198369565
1613061443947,2021-02-11T16:39:11.434Z,13.372,99588.89198369565
1613061444024,2021-02-11T16:39:11.447Z,13.449,99588.89198369565
1613061444102,2021-02-11T16:39:11.451Z,13.527,99588.89198369565
1613061444179,2021-02-11T16:39:11.464Z,13.604,99589.74354619565
1613061444257,2021-02-11T16:39:11.478Z,13.682,99589.74354619565
1613061444335,2021-02-11T16:39:11.483Z,13.76,99589.74354619565
1613061444412,2021-02-11T16:39:11.496Z,13.837,99589.74354619565
1613061444490,2021-02-11T16:39:11.509Z,13.915,99589.74354619565
1613061444568,2021-02-11T16:39:11.522Z,13.993,99589.74354619565
1613061444645,2021-02-11T16:39:11.526Z,14.07,99589.74354619565
1613061444723,2021-02-11T16:39:11.540Z,14.148,99589.74354619565
1613061444801,2021-02-11T16:39:11.553Z,14.226,99589.74354619565
1613061444878,2021-02-11T16:39:11.556Z,14.303,99590.40760869565
1613061444956,2021-02-11T16:39:11.569Z,14.381,99589.74354619565
1613061445033,2021-02-11T16:39:11.583Z,14.458,99589.74354619565
1613061445111,2021-02-11T16:39:11.586Z,14.536,99589.74354619565
1613061445189,2021-02-11T16:39:11.600Z,14.614,99589.74354619565
1613061445266,2021-02-11T16:39:11.613Z,14.691,99589.74354619565
1613061445344,2021-02-11T16:39:11.617Z,14.769,99589.74354619565
1613061445422,2021-02-11T16:39:11.630Z,14.847,99589.74354619565
1613061445499,2021-02-11T16:39:11.644Z,14.924,99589.74354619565
1613061445577,2021-02-11T16:39:11.657Z,15.002,99589.74354619565
1613061445655,2021-02-11T16:39:11.661Z,15.08,99589.74354619565
1613061445732,2021-02-11T16:39:11.674Z,15.157,99589.07948369565
1613061445810,2021-02-11T16:39:11.688Z,15.235,99589.07948369565
1613061445889,2021-02-11T16:39:11.692Z,15.314,99589.07948369565
1613061445967,2021-02-11T16:39:11.705Z,15.392,99589.07948369565
1613061446044,2021-02-11T16:39:11.736Z,15.469,99589.07948369565
1613061446122,2021-02-11T16:39:11.749Z,15.547,99589.93104619565
1613061446199,2021-02-11T16:39:11.763Z,15.624,99589.07948369565
1613061446277,2021-02-11T16:39:11.767Z,15.702,99589.93104619565
1613061446355,2021-02-11T16:39:11.780Z,15.78,99590.59510869565
1613061446432,2021-02-11T16:39:11.793Z,15.857,99589.93104619565
1613061446510,2021-02-11T16:39:11.797Z,15.935,99589.93104619565
1613061446588,2021-02-11T16:39:11.810Z,16.013,99589.93104619565
1613061446665,2021-02-11T16:39:11.823Z,16.09,99589.93104619565
1613061446743,2021-02-11T16:39:11.827Z,16.168,99589.26698369565
1613061446821,2021-02-11T16:39:11.841Z,16.246,99589.26698369565
1613061446898,2021-02-11T16:39:11.854Z,16.323,99589.26698369565
1613061446976,2021-02-11T16:39:11.867Z,16.401,99589.26698369565
1613061447054,2021-02-11T16:39:11.871Z,16.479,99589.26698369565
1613061447131,2021-02-11T16:39:11.885Z,16.556,99589.26698369565
1613061447209,2021-02-11T16:39:11.898Z,16.634,99589.26698369565
1613061447286,2021-02-11T16:39:11.902Z,16.711,99589.26698369565
1613061447364,2021-02-11T16:39:11.915Z,16.789,99589.26698369565
1613061447442,2021-02-11T16:39:11.928Z,16.867,99589.26698369565
1613061447519,2021-02-11T16:39:11.932Z,16.944,99590.12635869565
1613061447597,2021-02-11T16:39:11.946Z,17.022,99590.12635869565
1613061447675,2021-02-11T16:39:11.960Z,17.1,99590.12635869565
1613061447752,2021-02-11T16:39:11.973Z,17.177,99589.45448369565
1613061447830,2021-02-11T16:39:11.977Z,17.255,99589.45448369565
1613061447908,2021-02-11T16:39:11.991Z,17.333,99590.12635869565
1613061447987,2021-02-11T16:39:12.004Z,17.412,99590.12635869565
1613061448063,2021-02-11T16:39:12.017Z,17.488,99590.12635869565
1613061448140,2021-02-11T16:39:12.021Z,17.565,99590.12635869565
1613061448218,2021-02-11T16:39:12.035Z,17.643,99590.12635869565
1613061448296,2021-02-11T16:39:12.038Z,17.721,99590.12635869565
1613061448373,2021-02-11T16:39:12.051Z,17.798,99590.12635869565
1613061448451,2021-02-11T16:39:12.064Z,17.876,99590.12635869565
1613061448529,2021-02-11T16:39:12.079Z,17.954,99590.12635869565
1613061448606,2021-02-11T16:39:12.082Z,18.031,99590.78260869565
1613061448684,2021-02-11T16:39:12.095Z,18.109,99590.78260869565
1613061448763,2021-02-11T16:39:12.108Z,18.188,99590.78260869565
1613061448841,2021-02-11T16:39:12.122Z,18.266,99591.64198369565
1613061448918,2021-02-11T16:39:12.126Z,18.343,99590.78260869565
1613061448996,2021-02-11T16:39:12.140Z,18.421,99591.64198369565
1613061449074,2021-02-11T16:39:12.142Z,18.499,99591.64198369565
1613061449151,2021-02-11T16:39:12.183Z,18.576,99591.64198369565
1613061449229,2021-02-11T16:39:12.187Z,18.654,99591.64198369565
1613061449306,2021-02-11T16:39:12.200Z,18.731,99590.97010869565
1613061449384,2021-02-11T16:39:12.214Z,18.809,99590.97010869565
1613061449462,2021-02-11T16:39:12.227Z,18.887,99590.97010869565
1613061449539,2021-02-11T16:39:12.232Z,18.964,99590.97010869565
1613061449617,2021-02-11T16:39:12.244Z,19.042,99590.97010869565
1613061449695,2021-02-11T16:39:12.258Z,19.12,99590.97010869565
1613061449772,2021-02-11T16:39:12.262Z,19.197,99590.97010869565
1613061449850,2021-02-11T16:39:12.275Z,19.275,99590.97010869565
1613061449928,2021-02-11T16:39:12.288Z,19.353,99590.97010869565
1613061450005,2021-02-11T16:39:12.302Z,19.43,99590.97010869565
1613061450083,2021-02-11T16:39:12.306Z,19.508,99590.30604619565
1613061450160,2021-02-11T16:39:12.318Z,19.585,99590.30604619565
1613061450238,2021-02-11T16:39:12.322Z,19.663,99590.30604619565
1613061450316,2021-02-11T16:39:12.336Z,19.741,99590.30604619565
1613061450393,2021-02-11T16:39:12.349Z,19.818,99590.30604619565
1613061450471,2021-02-11T16:39:12.363Z,19.896,99590.30604619565
1613061450549,2021-02-11T16:39:12.367Z,19.974,99589.64198369565
1613061450626,2021-02-11T16:39:12.380Z,20.051,99590.30604619565
1613061450704,2021-02-11T16:39:12.393Z,20.129,99590.30604619565
1613061450782,2021-02-11T16:39:12.407Z,20.207,99590.30604619565
1613061450859,2021-02-11T16:39:12.411Z,20.284,99590.30604619565
1613061450937,2021-02-11T16:39:12.425Z,20.362,99590.30604619565
1613061451014,2021-02-11T16:39:12.438Z,20.439,99589.64198369565
1613061451092,2021-02-11T16:39:12.442Z,20.517,99589.64198369565
1613061451170,2021-02-11T16:39:12.453Z,20.595,99589.64198369565
1613061451247,2021-02-11T16:39:12.467Z,20.672,99589.64198369565
1613061451325,2021-02-11T16:39:12.471Z,20.75,99590.50135869565
1613061451403,2021-02-11T16:39:12.487Z,20.828,99590.50135869565
1613061451480,2021-02-11T16:39:12.498Z,20.905,99590.50135869565
1613061451558,2021-02-11T16:39:12.502Z,20.983,99590.50135869565
1613061451636,2021-02-11T16:39:12.516Z,21.061,99590.50135869565
1613061451713,2021-02-11T16:39:12.529Z,21.138,99590.50135869565
1613061451791,2021-02-11T16:39:12.542Z,21.216,99590.50135869565
1613061451868,2021-02-11T16:39:12.547Z,21.293,99589.82948369565
1613061451946,2021-02-11T16:39:12.560Z,21.371,99589.82948369565
1613061452024,2021-02-11T16:39:12.573Z,21.449,99589.82948369565
1613061452101,2021-02-11T16:39:12.577Z,21.526,99589.82948369565
1613061452179,2021-02-11T16:39:12.590Z,21.604,99590.50135869565
1613061452257,2021-02-11T16:39:12.605Z,21.682,99590.50135869565
1613061452334,2021-02-11T16:39:12.635Z,21.759,99590.50135869565
1613061452412,2021-02-11T16:39:12.648Z,21.837,99590.50135869565
1613061452490,2021-02-11T16:39:12.652Z,21.915,99590.50135869565
1613061452567,2021-02-11T16:39:12.666Z,21.992,99590.50135869565
1613061452645,2021-02-11T16:39:12.679Z,22.07,99590.50135869565
1613061452722,2021-02-11T16:39:12.692Z,22.147,99591.15760869565
1613061452800,2021-02-11T16:39:12.696Z,22.225,99591.15760869565
1613061452878,2021-02-11T16:39:12.710Z,22.303,99590.50135869565
1613061452955,2021-02-11T16:39:12.723Z,22.38,99590.50135869565
1613061453033,2021-02-11T16:39:12.727Z,22.458,99590.50135869565
1613061453111,2021-02-11T16:39:12.740Z,22.536,99590.50135869565
1613061453188,2021-02-11T16:39:12.754Z,22.613,99590.50135869565
1613061453266,2021-02-11T16:39:12.757Z,22.691,99590.50135869565
1613061453344,2021-02-11T16:39:12.770Z,22.769,99590.50135869565
1613061453421,2021-02-11T16:39:12.784Z,22.846,99590.50135869565
1613061453499,2021-02-11T16:39:12.798Z,22.924,99590.50135869565
1613061453576,2021-02-11T16:39:12.802Z,23.001,99590.50135869565
1613061453654,2021-02-11T16:39:12.815Z,23.079,99590.50135869565
1613061453732,2021-02-11T16:39:12.828Z,23.157,99591.38417119565
1613061453809,2021-02-11T16:39:12.842Z,23.234,99591.38417119565
1613061453887,2021-02-11T16:39:12.847Z,23.312,99590.50135869565
1613061453966,2021-02-11T16:39:12.860Z,23.391,99592.04823369565
1613061454042,2021-02-11T16:39:12.873Z,23.467,99592.04823369565
1613061454120,2021-02-11T16:39:12.877Z,23.545,99592.04823369565
1613061454198,2021-02-11T16:39:12.890Z,23.623,99592.04823369565
1613061454275,2021-02-11T16:39:12.902Z,23.7,99592.04823369565
1613061454353,2021-02-11T16:39:12.906Z,23.778,99591.38417119565
1613061454430,2021-02-11T16:39:12.920Z,23.855,99592.04823369565
1613061454508,2021-02-11T16:39:12.933Z,23.933,99592.04823369565
1613061454586,2021-02-11T16:39:12.938Z,24.011,99592.04823369565
1613061454663,2021-02-11T16:39:12.951Z,24.088,99591.38417119565
1613061454742,2021-02-11T16:39:12.964Z,24.167,99591.38417119565
1613061454819,2021-02-11T16:39:12.977Z,24.244,99591.38417119565
1613061454896,2021-02-11T16:39:12.982Z,24.321,99591.38417119565
1613061454974,2021-02-11T16:39:12.995Z,24.399,99592.04823369565
1613061455052,2021-02-11T16:39:13.008Z,24.477,99591.38417119565
1613061455129,2021-02-11T16:39:13.013Z,24.554,99591.38417119565
1613061455208,2021-02-11T16:39:13.026Z,24.633,99591.38417119565
1613061455286,2021-02-11T16:39:13.038Z,24.711,99591.38417119565
1613061455364,2021-02-11T16:39:13.042Z,24.789,99591.38417119565
1613061455441,2021-02-11T16:39:13.083Z,24.866,99591.38417119565
1613061455519,2021-02-11T16:39:13.087Z,24.944,99592.23573369565
1613061455596,2021-02-11T16:39:13.100Z,25.021,99592.23573369565
1613061455674,2021-02-11T16:39:13.113Z,25.099,99591.38417119565
1613061455752,2021-02-11T16:39:13.117Z,25.177,99591.38417119565
1613061455829,2021-02-11T16:39:13.130Z,25.254,99591.38417119565
1613061455907,2021-02-11T16:39:13.144Z,25.332,99591.57167119565
1613061455985,2021-02-11T16:39:13.157Z,25.41,99591.57167119565
1613061456062,2021-02-11T16:39:13.162Z,25.487,99591.57167119565
1613061456140,2021-02-11T16:39:13.175Z,25.565,99591.57167119565
1613061456218,2021-02-11T16:39:13.191Z,25.643,99592.23573369565
1613061456295,2021-02-11T16:39:13.192Z,25.72,99592.23573369565
1613061456373,2021-02-11T16:39:13.205Z,25.798,99592.23573369565
1613061456450,2021-02-11T16:39:13.218Z,25.875,99592.23573369565
1613061456528,2021-02-11T16:39:13.222Z,25.953,99592.23573369565
1613061456606,2021-02-11T16:39:13.236Z,26.031,99592.23573369565
1613061456683,2021-02-11T16:39:13.249Z,26.108,99592.23573369565
1613061456761,2021-02-11T16:39:13.262Z,26.186,99592.23573369565
1613061456839,2021-02-11T16:39:13.267Z,26.264,99592.23573369565
1613061456916,2021-02-11T16:39:13.280Z,26.341,99592.23573369565
1613061456994,2021-02-11T16:39:13.293Z,26.419,99592.23573369565
1613061457072,2021-02-11T16:39:13.297Z,26.497,99592.23573369565
1613061457149,2021-02-11T16:39:13.311Z,26.574,99592.23573369565
1613061457227,2021-02-11T16:39:13.323Z,26.652,99592.23573369565
1613061457304,2021-02-11T16:39:13.337Z,26.729,99592.23573369565
1613061457382,2021-02-11T16:39:13.340Z,26.807,99592.23573369565
1613061457460,2021-02-11T16:39:13.353Z,26.885,99592.23573369565
1613061457537,2021-02-11T16:39:13.357Z,26.962,99592.23573369565
1613061457616,2021-02-11T16:39:13.371Z,27.041,99592.23573369565
1613061457694,2021-02-11T16:39:13.384Z,27.119,99591.57167119565
1613061457772,2021-02-11T16:39:13.398Z,27.197,99591.57167119565
1613061457849,2021-02-11T16:39:13.402Z,27.274,99591.57167119565
1613061457927,2021-02-11T16:39:13.415Z,27.352,99591.57167119565
1613061458005,2021-02-11T16:39:13.428Z,27.43,99592.23573369565
1613061458082,2021-02-11T16:39:13.442Z,27.507,99591.57167119565
1613061458160,2021-02-11T16:39:13.446Z,27.585,99592.23573369565
1613061458238,2021-02-11T16:39:13.460Z,27.663,99592.23573369565
1613061458315,2021-02-11T16:39:13.473Z,27.74,99591.57167119565
1613061458393,2021-02-11T16:39:13.477Z,27.818,99592.23573369565
1613061458470,2021-02-11T16:39:13.496Z,27.895,99592.23573369565
1613061458548,2021-02-11T16:39:13.504Z,27.973,99591.57167119565
1613061458626,2021-02-11T16:39:13.535Z,28.051,99592.42323369565
1613061458703,2021-02-11T16:39:13.547Z,28.128,99592.42323369565
1613061458781,2021-02-11T16:39:13.552Z,28.206,99592.42323369565
1613061458859,2021-02-11T16:39:13.565Z,28.284,99592.42323369565
1613061458936,2021-02-11T16:39:13.578Z,28.361,99592.42323369565
1613061459014,2021-02-11T16:39:13.582Z,28.439,99592.42323369565
1613061459092,2021-02-11T16:39:13.597Z,28.517,99592.42323369565
1613061459169,2021-02-11T16:39:13.610Z,28.594,99592.42323369565
1613061459247,2021-02-11T16:39:13.624Z,28.672,99592.42323369565
1613061459324,2021-02-11T16:39:13.627Z,28.749,99592.42323369565
1613061459402,2021-02-11T16:39:13.641Z,28.827,99592.42323369565
1613061459480,2021-02-11T16:39:13.653Z,28.905,99592.42323369565
1613061459557,2021-02-11T16:39:13.657Z,28.982,99592.42323369565
1613061459635,2021-02-11T16:39:13.670Z,29.06,99592.42323369565
1613061459713,2021-02-11T16:39:13.684Z,29.138,99592.42323369565
1613061459790,2021-02-11T16:39:13.697Z,29.215,99593.09510869565
1613061459868,2021-02-11T16:39:13.702Z,29.293,99593.09510869565
1613061459946,2021-02-11T16:39:13.715Z,29.371,99593.09510869565
1613061460023,2021-02-11T16:39:13.728Z,29.448,99593.09510869565
1613061460101,2021-02-11T16:39:13.732Z,29.526,99592.42323369565
1613061460179,2021-02-11T16:39:13.747Z,29.604,99592.42323369565
1613061460256,2021-02-11T16:39:13.759Z,29.681,99592.42323369565
1613061460334,2021-02-11T16:39:13.773Z,29.759,99592.42323369565
1613061460411,2021-02-11T16:39:13.777Z,29.836,99592.42323369565
1613061460489,2021-02-11T16:39:13.790Z,29.914,99592.42323369565
1613061460568,2021-02-11T16:39:13.802Z,29.993,99592.42323369565
1613061460646,2021-02-11T16:39:13.807Z,30.071,99592.42323369565
1613061460723,2021-02-11T16:39:13.820Z,30.148,99592.42323369565
1613061460801,2021-02-11T16:39:13.833Z,30.226,99591.76698369565
1613061460879,2021-02-11T16:39:13.837Z,30.304,99592.61073369565
1613061460956,2021-02-11T16:39:13.851Z,30.381,99592.61073369565
1613061461034,2021-02-11T16:39:13.864Z,30.459,99593.28260869565
1613061461112,2021-02-11T16:39:13.878Z,30.537,99593.28260869565
1613061461189,2021-02-11T16:39:13.882Z,30.614,99593.28260869565
1613061461267,2021-02-11T16:39:13.895Z,30.692,99593.28260869565
1613061461345,2021-02-11T16:39:13.908Z,30.77,99593.28260869565
1613061461422,2021-02-11T16:39:13.922Z,30.847,99592.61073369565
1613061461500,2021-02-11T16:39:13.926Z,30.925,99592.61073369565
1613061461577,2021-02-11T16:39:13.938Z,31.002,99592.61073369565
1613061461655,2021-02-11T16:39:13.943Z,31.08,99592.61073369565
1613061461733,2021-02-11T16:39:13.955Z,31.158,99592.61073369565
1613061461810,2021-02-11T16:39:13.986Z,31.235,99592.61073369565
1613061461888,2021-02-11T16:39:13.999Z,31.313,99592.61073369565
1613061461966,2021-02-11T16:39:14.013Z,31.391,99592.61073369565
1613061462043,2021-02-11T16:39:14.017Z,31.468,99592.61073369565
1613061462121,2021-02-11T16:39:14.030Z,31.546,99591.94667119565
1613061462199,2021-02-11T16:39:14.043Z,31.624,99591.94667119565
1613061462276,2021-02-11T16:39:14.057Z,31.701,99591.94667119565
1613061462354,2021-02-11T16:39:14.060Z,31.779,99591.94667119565
1613061462431,2021-02-11T16:39:14.074Z,31.856,99591.94667119565
1613061462509,2021-02-11T16:39:14.087Z,31.934,99591.94667119565
1613061462587,2021-02-11T16:39:14.092Z,32.012,99591.28260869565
1613061462664,2021-02-11T16:39:14.104Z,32.089,99591.28260869565
1613061462742,2021-02-11T16:39:14.118Z,32.167,99591.28260869565
1613061462820,2021-02-11T16:39:14.122Z,32.245,99591.28260869565
1613061462897,2021-02-11T16:39:14.135Z,32.322,99591.28260869565
1613061462975,2021-02-11T16:39:14.148Z,32.4,99591.28260869565
1613061463053,2021-02-11T16:39:14.162Z,32.478,99591.28260869565
1613061463130,2021-02-11T16:39:14.166Z,32.555,99591.94667119565
1613061463208,2021-02-11T16:39:14.180Z,32.633,99591.94667119565
1613061463285,2021-02-11T16:39:14.192Z,32.71,99591.28260869565
1613061463363,2021-02-11T16:39:14.196Z,32.788,99592.14198369565
1613061463441,2021-02-11T16:39:14.209Z,32.866,99592.14198369565
1613061463518,2021-02-11T16:39:14.223Z,32.943,99592.14198369565
1613061463596,2021-02-11T16:39:14.227Z,33.021,99592.14198369565
1613061463674,2021-02-11T16:39:14.240Z,33.099,99592.14198369565
1613061463751,2021-02-11T16:39:14.253Z,33.176,99592.14198369565
1613061463829,2021-02-11T16:39:14.257Z,33.254,99592.14198369565
1613061463908,2021-02-11T16:39:14.270Z,33.333,99592.14198369565
1613061463984,2021-02-11T16:39:14.284Z,33.409,99592.14198369565
1613061464062,2021-02-11T16:39:14.297Z,33.487,99592.14198369565
1613061464139,2021-02-11T16:39:14.302Z,33.564,99592.14198369565
1613061464217,2021-02-11T16:39:14.314Z,33.642,99592.14198369565
1613061464295,2021-02-11T16:39:14.328Z,33.72,99592.14198369565
1613061464374,2021-02-11T16:39:14.332Z,33.799,99592.14198369565
1613061464451,2021-02-11T16:39:14.346Z,33.876,99592.14198369565
1613061464529,2021-02-11T16:39:14.358Z,33.954,99592.14198369565
1613061464607,2021-02-11T16:39:14.372Z,34.032,99592.14198369565
1613061464684,2021-02-11T16:39:14.376Z,34.109,99591.47010869565
1613061464762,2021-02-11T16:39:14.390Z,34.187,99591.47010869565
1613061464840,2021-02-11T16:39:14.402Z,34.265,99591.47010869565
1613061464917,2021-02-11T16:39:14.433Z,34.342,99590.79823369565
1613061464995,2021-02-11T16:39:14.447Z,34.42,99591.47010869565
1613061465073,2021-02-11T16:39:14.451Z,34.498,99590.79823369565
1613061465150,2021-02-11T16:39:14.464Z,34.575,99590.79823369565
1613061465228,2021-02-11T16:39:14.477Z,34.653,99590.79823369565
1613061465305,2021-02-11T16:39:14.482Z,34.73,99591.47010869565
1613061465383,2021-02-11T16:39:14.495Z,34.808,99591.47010869565
1613061465461,2021-02-11T16:39:14.508Z,34.886,99591.47010869565
1613061465538,2021-02-11T16:39:14.513Z,34.963,99591.47010869565
1613061465616,2021-02-11T16:39:14.526Z,35.041,99591.47010869565
1613061465694,2021-02-11T16:39:14.539Z,35.119,99591.47010869565
1613061465771,2021-02-11T16:39:14.542Z,35.196,99590.79823369565
1613061465849,2021-02-11T16:39:14.555Z,35.274,99591.65760869565
1613061465927,2021-02-11T16:39:14.569Z,35.352,99590.79823369565
1613061466004,2021-02-11T16:39:14.584Z,35.429,99590.79823369565
1613061466082,2021-02-11T16:39:14.587Z,35.507,99590.79823369565
1613061466159,2021-02-11T16:39:14.600Z,35.584,99590.79823369565
1613061466237,2021-02-11T16:39:14.613Z,35.662,99591.65760869565
1613061466315,2021-02-11T16:39:14.618Z,35.74,99590.99354619565
1613061466392,2021-02-11T16:39:14.630Z,35.817,99590.99354619565
1613061466470,2021-02-11T16:39:14.643Z,35.895,99591.65760869565
1613061466549,2021-02-11T16:39:14.657Z,35.974,99591.65760869565
1613061466627,2021-02-11T16:39:14.661Z,36.052,99590.99354619565
1613061466704,2021-02-11T16:39:14.675Z,36.129,99590.99354619565
1613061466782,2021-02-11T16:39:14.688Z,36.207,99590.99354619565
1613061466860,2021-02-11T16:39:14.691Z,36.285,99590.99354619565
1613061466937,2021-02-11T16:39:14.704Z,36.362,99590.99354619565
1613061467015,2021-02-11T16:39:14.718Z,36.44,99590.99354619565
1613061467093,2021-02-11T16:39:14.722Z,36.518,99590.99354619565
1613061467170,2021-02-11T16:39:14.735Z,36.595,99590.99354619565
1613061467248,2021-02-11T16:39:14.749Z,36.673,99590.32948369565
1613061467325,2021-02-11T16:39:14.762Z,36.75,99590.32948369565
1613061467403,2021-02-11T16:39:14.766Z,36.828,99590.32948369565
1613061467481,2021-02-11T16:39:14.780Z,36.906,99590.32948369565
1613061467558,2021-02-11T16:39:14.793Z,36.983,99590.32948369565
1613061467636,2021-02-11T16:39:14.797Z,37.061,99590.32948369565
1613061467714,2021-02-11T16:39:14.810Z,37.139,99590.32948369565
1613061467791,2021-02-11T16:39:14.824Z,37.216,99590.32948369565
1613061467869,2021-02-11T16:39:14.826Z,37.294,99590.32948369565
1613061467947,2021-02-11T16:39:14.840Z,37.372,99590.32948369565
1613061468024,2021-02-11T16:39:14.853Z,37.449,99591.18104619565
1613061468102,2021-02-11T16:39:14.885Z,37.527,99591.18104619565
1613061468179,2021-02-11T16:39:14.898Z,37.604,99591.18104619565
1613061468257,2021-02-11T16:39:14.903Z,37.682,99591.18104619565
1613061468335,2021-02-11T16:39:14.916Z,37.76,99591.18104619565
1613061468412,2021-02-11T16:39:14.928Z,37.837,99591.18104619565
1613061468490,2021-02-11T16:39:14.942Z,37.915,99591.18104619565
1613061468568,2021-02-11T16:39:14.946Z,37.993,99591.18104619565
1613061468645,2021-02-11T16:39:14.960Z,38.07,99591.18104619565
1613061468723,2021-02-11T16:39:14.973Z,38.148,99591.18104619565
1613061468801,2021-02-11T16:39:14.977Z,38.226,99591.18104619565
1613061468878,2021-02-11T16:39:14.990Z,38.303,99591.18104619565
1613061468956,2021-02-11T16:39:15.003Z,38.381,99591.18104619565
1613061469033,2021-02-11T16:39:15.007Z,38.458,99591.18104619565
1613061469111,2021-02-11T16:39:15.020Z,38.536,99591.18104619565
1613061469189,2021-02-11T16:39:15.033Z,38.614,99591.18104619565
1613061469266,2021-02-11T16:39:15.047Z,38.691,99591.18104619565
1613061469344,2021-02-11T16:39:15.051Z,38.769,99591.18104619565
1613061469422,2021-02-11T16:39:15.064Z,38.847,99590.51698369565
1613061469499,2021-02-11T16:39:15.077Z,38.924,99590.51698369565
1613061469577,2021-02-11T16:39:15.082Z,39.002,99590.51698369565
1613061469655,2021-02-11T16:39:15.095Z,39.08,99590.51698369565
1613061469732,2021-02-11T16:39:15.108Z,39.157,99590.51698369565
1613061469810,2021-02-11T16:39:15.112Z,39.235,99590.51698369565
1613061469887,2021-02-11T16:39:15.126Z,39.312,99589.84510869565
1613061469965,2021-02-11T16:39:15.138Z,39.39,99589.84510869565
1613061470043,2021-02-11T16:39:15.142Z,39.468,99589.84510869565
1613061470120,2021-02-11T16:39:15.155Z,39.545,99590.51698369565
1613061470198,2021-02-11T16:39:15.169Z,39.623,99590.51698369565
1613061470276,2021-02-11T16:39:15.182Z,39.701,99590.51698369565
1613061470353,2021-02-11T16:39:15.187Z,39.778,99590.51698369565
1613061470431,2021-02-11T16:39:15.200Z,39.856,99589.84510869565
1613061470509,2021-02-11T16:39:15.214Z,39.934,99589.84510869565
1613061470586,2021-02-11T16:39:15.227Z,40.011,99589.84510869565
1613061470664,2021-02-11T16:39:15.232Z,40.089,99589.84510869565
1613061470741,2021-02-11T16:39:15.245Z,40.166,99589.84510869565
1613061470819,2021-02-11T16:39:15.259Z,40.244,99589.84510869565
1613061470897,2021-02-11T16:39:15.262Z,40.322,99589.84510869565
1613061470974,2021-02-11T16:39:15.275Z,40.399,99589.84510869565
1613061471052,2021-02-11T16:39:15.287Z,40.477,99589.84510869565
1613061471130,2021-02-11T16:39:15.292Z,40.555,99589.84510869565
1613061471207,2021-02-11T16:39:15.305Z,40.632,99589.18104619565
1613061471285,2021-02-11T16:39:15.337Z,40.71,99589.18104619565
1613061471363,2021-02-11T16:39:15.350Z,40.788,99589.18104619565
1613061471440,2021-02-11T16:39:15.363Z,40.865,99589.18104619565
1613061471518,2021-02-11T16:39:15.367Z,40.943,99589.18104619565
1613061471595,2021-02-11T16:39:15.380Z,41.02,99590.03260869565
1613061471673,2021-02-11T16:39:15.394Z,41.098,99590.03260869565
1613061471752,2021-02-11T16:39:15.407Z,41.177,99590.03260869565
1613061471828,2021-02-11T16:39:15.411Z,41.253,99589.36854619565
1613061471906,2021-02-11T16:39:15.425Z,41.331,99590.03260869565
1613061471984,2021-02-11T16:39:15.438Z,41.409,99589.36854619565
1613061472061,2021-02-11T16:39:15.441Z,41.486,99589.36854619565
1613061472139,2021-02-11T16:39:15.455Z,41.564,99589.36854619565
1613061472217,2021-02-11T16:39:15.468Z,41.642,99589.36854619565
1613061472294,2021-02-11T16:39:15.472Z,41.719,99589.36854619565
1613061472372,2021-02-11T16:39:15.488Z,41.797,99589.36854619565
1613061472449,2021-02-11T16:39:15.498Z,41.874,99589.36854619565
1613061472527,2021-02-11T16:39:15.503Z,41.952,99589.36854619565
1613061472605,2021-02-11T16:39:15.516Z,42.03,99589.36854619565
1613061472682,2021-02-11T16:39:15.529Z,42.107,99589.36854619565
1613061472762,2021-02-11T16:39:15.543Z,42.187,99589.36854619565
1613061472839,2021-02-11T16:39:15.546Z,42.264,99589.36854619565
1613061472917,2021-02-11T16:39:15.560Z,42.342,99590.03260869565
1613061472994,2021-02-11T16:39:15.573Z,42.419,99590.03260869565
1613061473072,2021-02-11T16:39:15.577Z,42.497,99590.03260869565
1613061473150,2021-02-11T16:39:15.590Z,42.575,99589.36854619565
1613061473227,2021-02-11T16:39:15.603Z,42.652,99590.03260869565
1613061473305,2021-02-11T16:39:15.607Z,42.73,99590.03260869565
1613061473383,2021-02-11T16:39:15.621Z,42.808,99590.03260869565
1613061473460,2021-02-11T16:39:15.634Z,42.885,99590.03260869565
1613061473538,2021-02-11T16:39:15.648Z,42.963,99590.03260869565
1613061473616,2021-02-11T16:39:15.651Z,43.041,99590.03260869565
1613061473693,2021-02-11T16:39:15.665Z,43.118,99590.03260869565
1613061473771,2021-02-11T16:39:15.678Z,43.196,99590.03260869565
1613061473848,2021-02-11T16:39:15.683Z,43.273,99590.03260869565
1613061473926,2021-02-11T16:39:15.695Z,43.351,99590.03260869565
1613061474004,2021-02-11T16:39:15.708Z,43.429,99590.03260869565
1613061474081,2021-02-11T16:39:15.713Z,43.506,99590.03260869565
1613061474159,2021-02-11T16:39:15.725Z,43.584,99589.36854619565
1613061474237,2021-02-11T16:39:15.738Z,43.662,99589.36854619565
1613061474314,2021-02-11T16:39:15.752Z,43.739,99589.36854619565
1613061474392,2021-02-11T16:39:15.784Z,43.817,99589.36854619565
1613061474470,2021-02-11T16:39:15.797Z,43.895,99589.36854619565
1613061474547,2021-02-11T16:39:15.802Z,43.972,99588.70448369565
1613061474625,2021-02-11T16:39:15.814Z,44.05,99589.55604619565
1613061474702,2021-02-11T16:39:15.843Z,44.127,99589.55604619565
1613061474780,2021-02-11T16:39:15.847Z,44.205,99589.55604619565
1613061474858,2021-02-11T16:39:15.860Z,44.283,99589.55604619565
1613061474935,2021-02-11T16:39:15.874Z,44.36,99589.55604619565
1613061475013,2021-02-11T16:39:15.887Z,44.438,99589.55604619565
1613061475091,2021-02-11T16:39:15.891Z,44.516,99589.55604619565
1613061475168,2021-02-11T16:39:15.904Z,44.593,99588.89198369565
1613061475246,2021-02-11T16:39:15.917Z,44.671,99588.89198369565
1613061475324,2021-02-11T16:39:15.922Z,44.749,99588.89198369565
1613061475401,2021-02-11T16:39:15.934Z,44.826,99588.89198369565
1613061475479,2021-02-11T16:39:15.947Z,44.904,99588.89198369565
1613061475556,2021-02-11T16:39:15.951Z,44.981,99588.89198369565
1613061475634,2021-02-11T16:39:15.965Z,45.059,99588.89198369565
1613061475712,2021-02-11T16:39:15.979Z,45.137,99588.89198369565
1613061475789,2021-02-11T16:39:15.992Z,45.214,99588.89198369565
1613061475867,2021-02-11T16:39:15.996Z,45.292,99588.89198369565
1613061475945,2021-02-11T16:39:16.010Z,45.37,99589.55604619565
1613061476022,2021-02-11T16:39:16.023Z,45.447,99589.55604619565
1613061476100,2021-02-11T16:39:16.027Z,45.525,99589.55604619565
1613061476178,2021-02-11T16:39:16.039Z,45.603,99588.89198369565
1613061476255,2021-02-11T16:39:16.053Z,45.68,99588.89198369565
1613061476333,2021-02-11T16:39:16.057Z,45.758,99588.89198369565
1613061476410,2021-02-11T16:39:16.071Z,45.835,99588.89198369565
1613061476488,2021-02-11T16:39:16.084Z,45.913,99588.89198369565
1613061476566,2021-02-11T16:39:16.098Z,45.991,99588.89198369565
1613061476643,2021-02-11T16:39:16.102Z,46.068,99588.89198369565
1613061476721,2021-02-11T16:39:16.115Z,46.146,99589.75135869565
1613061476799,2021-02-11T16:39:16.129Z,46.224,99589.75135869565
1613061476876,2021-02-11T16:39:16.143Z,46.301,99589.75135869565
1613061476954,2021-02-11T16:39:16.145Z,46.379,99589.75135869565
1613061477032,2021-02-11T16:39:16.159Z,46.457,99589.75135869565
1613061477109,2021-02-11T16:39:16.172Z,46.534,99589.75135869565
1613061477187,2021-02-11T16:39:16.177Z,46.612,99589.75135869565
1613061477264,2021-02-11T16:39:16.188Z,46.689,99589.75135869565
1613061477342,2021-02-11T16:39:16.202Z,46.767,99589.75135869565
1613061477420,2021-02-11T16:39:16.206Z,46.845,99589.75135869565
1613061477497,2021-02-11T16:39:16.220Z,46.922,99589.75135869565
1613061477575,2021-02-11T16:39:16.250Z,47,99589.75135869565
1613061477653,2021-02-11T16:39:16.264Z,47.078,99589.75135869565
1613061477730,2021-02-11T16:39:16.277Z,47.155,99589.75135869565
1613061477808,2021-02-11T16:39:16.281Z,47.233,99589.75135869565
1613061477886,2021-02-11T16:39:16.295Z,47.311,99589.75135869565
1613061477965,2021-02-11T16:39:16.308Z,47.39,99589.75135869565
1613061478042,2021-02-11T16:39:16.312Z,47.467,99589.75135869565
1613061478120,2021-02-11T16:39:16.341Z,47.545,99589.07948369565
1613061478198,2021-02-11T16:39:16.354Z,47.623,99589.07948369565
1613061478275,2021-02-11T16:39:16.357Z,47.7,99589.07948369565
1613061478353,2021-02-11T16:39:16.370Z,47.778,99589.07948369565
1613061478430,2021-02-11T16:39:16.383Z,47.855,99589.07948369565
1613061478508,2021-02-11T16:39:16.387Z,47.933,99589.93104619565
1613061478586,2021-02-11T16:39:16.400Z,48.011,99589.26698369565
1613061478663,2021-02-11T16:39:16.414Z,48.088,99589.26698369565
1613061478741,2021-02-11T16:39:16.428Z,48.166,99589.26698369565
1613061478819,2021-02-11T16:39:16.432Z,48.244,99589.26698369565
1613061478896,2021-02-11T16:39:16.445Z,48.321,99589.26698369565
1613061478974,2021-02-11T16:39:16.458Z,48.399,99589.93104619565
1613061479052,2021-02-11T16:39:16.462Z,48.477,99589.93104619565
1613061479129,2021-02-11T16:39:16.475Z,48.554,99589.26698369565
1613061479207,2021-02-11T16:39:16.489Z,48.632,99589.26698369565
1613061479284,2021-02-11T16:39:16.502Z,48.709,99589.26698369565
1613061479362,2021-02-11T16:39:16.505Z,48.787,99589.26698369565
1613061479440,2021-02-11T16:39:16.534Z,48.865,99589.26698369565
1613061479517,2021-02-11T16:39:16.547Z,48.942,99588.60292119565
1613061479595,2021-02-11T16:39:16.552Z,49.02,99589.26698369565
1613061479673,2021-02-11T16:39:16.565Z,49.098,99589.26698369565
1613061479750,2021-02-11T16:39:16.578Z,49.175,99588.60292119565
1613061479828,2021-02-11T16:39:16.582Z,49.253,99588.60292119565
1613061479906,2021-02-11T16:39:16.595Z,49.331,99589.26698369565
1613061479983,2021-02-11T16:39:16.609Z,49.408,99589.26698369565
1613061480061,2021-02-11T16:39:16.622Z,49.486,99589.26698369565
1613061480138,2021-02-11T16:39:16.625Z,49.563,99589.26698369565
1613061480216,2021-02-11T16:39:16.639Z,49.641,99589.26698369565
1613061480294,2021-02-11T16:39:16.652Z,49.719,99589.26698369565
1613061480371,2021-02-11T16:39:16.656Z,49.796,99589.26698369565
1613061480449,2021-02-11T16:39:16.669Z,49.874,99589.26698369565
1613061480527,2021-02-11T16:39:16.683Z,49.952,99589.26698369565
1613061480604,2021-02-11T16:39:16.687Z,50.029,99589.26698369565
1613061480682,2021-02-11T16:39:16.728Z,50.107,99589.26698369565
1613061480760,2021-02-11T16:39:16.732Z,50.185,99589.26698369565
1613061480837,2021-02-11T16:39:16.745Z,50.262,99589.93104619565
1613061480915,2021-02-11T16:39:16.758Z,50.34,99589.93104619565
1613061480992,2021-02-11T16:39:16.763Z,50.417,99589.93104619565
1613061481070,2021-02-11T16:39:16.776Z,50.495,99589.26698369565
1613061481148,2021-02-11T16:39:16.789Z,50.573,99589.26698369565
1613061481225,2021-02-11T16:39:16.803Z,50.65,99589.26698369565
1613061481303,2021-02-11T16:39:16.807Z,50.728,99589.26698369565
1613061481381,2021-02-11T16:39:16.820Z,50.806,99589.26698369565
1613061481458,2021-02-11T16:39:16.832Z,50.883,99589.26698369565
1613061481536,2021-02-11T16:39:16.837Z,50.961,99588.60292119565
1613061481614,2021-02-11T16:39:16.850Z,51.039,99588.60292119565
1613061481691,2021-02-11T16:39:16.864Z,51.116,99588.60292119565
1613061481769,2021-02-11T16:39:16.867Z,51.194,99588.60292119565
1613061481848,2021-02-11T16:39:16.882Z,51.273,99588.60292119565
1613061481926,2021-02-11T16:39:16.895Z,51.351,99587.93104619565
1613061482003,2021-02-11T16:39:16.908Z,51.428,99588.60292119565
1613061482081,2021-02-11T16:39:16.913Z,51.506,99588.82167119565
1613061482158,2021-02-11T16:39:16.926Z,51.583,99589.48573369565
1613061482236,2021-02-11T16:39:16.939Z,51.661,99589.48573369565
1613061482314,2021-02-11T16:39:16.953Z,51.739,99589.48573369565
1613061482391,2021-02-11T16:39:16.957Z,51.816,99588.82167119565
1613061482469,2021-02-11T16:39:16.971Z,51.894,99588.82167119565
1613061482547,2021-02-11T16:39:16.984Z,51.972,99588.82167119565
1613061482624,2021-02-11T16:39:16.997Z,52.049,99588.82167119565
1613061482702,2021-02-11T16:39:17.000Z,52.127,99588.82167119565
1613061482780,2021-02-11T16:39:17.014Z,52.205,99588.82167119565
1613061482857,2021-02-11T16:39:17.027Z,52.282,99588.15760869565
1613061482935,2021-02-11T16:39:17.031Z,52.36,99588.15760869565
1613061483012,2021-02-11T16:39:17.044Z,52.437,99588.15760869565
1613061483090,2021-02-11T16:39:17.058Z,52.515,99588.15760869565
1613061483168,2021-02-11T16:39:17.061Z,52.593,99587.48573369565
1613061483245,2021-02-11T16:39:17.090Z,52.67,99587.48573369565
1613061483323,2021-02-11T16:39:17.103Z,52.748,99587.48573369565
1613061483401,2021-02-11T16:39:17.107Z,52.826,99587.48573369565
1613061483478,2021-02-11T16:39:17.120Z,52.903,99587.48573369565
1613061483556,2021-02-11T16:39:17.133Z,52.981,99587.48573369565
1613061483634,2021-02-11T16:39:17.138Z,53.059,99587.48573369565
1613061483711,2021-02-11T16:39:17.151Z,53.136,99587.48573369565
1613061483789,2021-02-11T16:39:17.164Z,53.214,99587.48573369565
1613061483866,2021-02-11T16:39:17.194Z,53.291,99587.48573369565
1613061483944,2021-02-11T16:39:17.208Z,53.369,99587.48573369565
1613061484022,2021-02-11T16:39:17.211Z,53.447,99587.48573369565
1613061484099,2021-02-11T16:39:17.225Z,53.524,99586.82167119565
1613061484177,2021-02-11T16:39:17.238Z,53.602,99586.82167119565
1613061484255,2021-02-11T16:39:17.242Z,53.68,99586.82167119565
1613061484332,2021-02-11T16:39:17.256Z,53.757,99586.82167119565
1613061484410,2021-02-11T16:39:17.269Z,53.835,99586.15760869565
1613061484488,2021-02-11T16:39:17.272Z,53.913,99585.49354619565
1613061484565,2021-02-11T16:39:17.285Z,53.99,99585.49354619565
1613061484643,2021-02-11T16:39:17.299Z,54.068,99585.49354619565
1613061484720,2021-02-11T16:39:17.312Z,54.145,99584.82948369565
1613061484798,2021-02-11T16:39:17.316Z,54.223,99584.82948369565
1613061484876,2021-02-11T16:39:17.330Z,54.301,99584.82948369565
1613061484953,2021-02-11T16:39:17.344Z,54.378,99585.67323369565
1613061485031,2021-02-11T16:39:17.347Z,54.456,99585.67323369565
1613061485109,2021-02-11T16:39:17.360Z,54.534,99585.01698369565
1613061485186,2021-02-11T16:39:17.373Z,54.611,99585.01698369565
1613061485264,2021-02-11T16:39:17.377Z,54.689,99585.01698369565
1613061485342,2021-02-11T16:39:17.390Z,54.767,99585.01698369565
1613061485419,2021-02-11T16:39:17.403Z,54.844,99585.01698369565
1613061485497,2021-02-11T16:39:17.417Z,54.922,99585.01698369565
1613061485574,2021-02-11T16:39:17.422Z,54.999,99585.01698369565
1613061485652,2021-02-11T16:39:17.450Z,55.077,99585.01698369565
1613061485730,2021-02-11T16:39:17.464Z,55.155,99585.01698369565
1613061485807,2021-02-11T16:39:17.468Z,55.232,99585.01698369565
1613061485885,2021-02-11T16:39:17.481Z,55.31,99585.01698369565
1613061485963,2021-02-11T16:39:17.509Z,55.388,99585.01698369565
1613061486040,2021-02-11T16:39:17.522Z,55.465,99585.01698369565
1613061486118,2021-02-11T16:39:17.526Z,55.543,99585.01698369565
1613061486196,2021-02-11T16:39:17.539Z,55.621,99585.01698369565
1613061486273,2021-02-11T16:39:17.553Z,55.698,99585.01698369565
1613061486351,2021-02-11T16:39:17.556Z,55.776,99585.01698369565
1613061486429,2021-02-11T16:39:17.570Z,55.854,99585.01698369565
1613061486506,2021-02-11T16:39:17.583Z,55.931,99585.01698369565
1613061486585,2021-02-11T16:39:17.587Z,56.01,99584.34510869565
1613061486661,2021-02-11T16:39:17.600Z,56.086,99584.34510869565
1613061486739,2021-02-11T16:39:17.614Z,56.164,99584.34510869565
1613061486817,2021-02-11T16:39:17.627Z,56.242,99584.34510869565
1613061486894,2021-02-11T16:39:17.632Z,56.319,99584.34510869565
1613061486972,2021-02-11T16:39:17.645Z,56.397,99583.68104619565
1613061487051,2021-02-11T16:39:17.676Z,56.476,99583.68104619565
1613061487129,2021-02-11T16:39:17.689Z,56.554,99583.68104619565
1613061487206,2021-02-11T16:39:17.702Z,56.631,99583.68104619565
1613061487284,2021-02-11T16:39:17.706Z,56.709,99584.53260869565
1613061487362,2021-02-11T16:39:17.719Z,56.787,99583.86854619565
1613061487439,2021-02-11T16:39:17.733Z,56.864,99583.86854619565
1613061487517,2021-02-11T16:39:17.736Z,56.942,99583.86854619565
1613061487595,2021-02-11T16:39:17.750Z,57.02,99583.86854619565
1613061487672,2021-02-11T16:39:17.764Z,57.097,99583.86854619565
1613061487750,2021-02-11T16:39:17.777Z,57.175,99583.86854619565
1613061487827,2021-02-11T16:39:17.781Z,57.252,99583.86854619565
1613061487905,2021-02-11T16:39:17.795Z,57.33,99583.86854619565
1613061487983,2021-02-11T16:39:17.809Z,57.408,99583.86854619565
1613061488060,2021-02-11T16:39:17.812Z,57.485,99583.86854619565
1613061488138,2021-02-11T16:39:17.826Z,57.563,99583.86854619565
1613061488216,2021-02-11T16:39:17.838Z,57.641,99583.86854619565
1613061488293,2021-02-11T16:39:17.842Z,57.718,99583.20448369565
1613061488371,2021-02-11T16:39:17.855Z,57.796,99583.86854619565
1613061488449,2021-02-11T16:39:17.869Z,57.874,99583.86854619565
1613061488526,2021-02-11T16:39:17.882Z,57.951,99583.86854619565
1613061488604,2021-02-11T16:39:17.886Z,58.029,99583.86854619565
1613061488681,2021-02-11T16:39:17.900Z,58.106,99583.86854619565
1613061488759,2021-02-11T16:39:17.913Z,58.184,99583.20448369565
1613061488837,2021-02-11T16:39:17.917Z,58.262,99583.20448369565
1613061488914,2021-02-11T16:39:17.931Z,58.339,99583.20448369565
1613061488992,2021-02-11T16:39:17.943Z,58.417,99583.20448369565
1613061489070,2021-02-11T16:39:17.947Z,58.495,99583.20448369565
1613061489147,2021-02-11T16:39:17.961Z,58.572,99583.20448369565
1613061489225,2021-02-11T16:39:17.973Z,58.65,99583.20448369565
1613061489303,2021-02-11T16:39:17.977Z,58.728,99582.53260869565
1613061489382,2021-02-11T16:39:17.991Z,58.807,99582.53260869565
1613061489459,2021-02-11T16:39:18.004Z,58.884,99582.53260869565
1613061489535,2021-02-11T16:39:18.017Z,58.96,99582.53260869565
1613061489613,2021-02-11T16:39:18.022Z,59.038,99582.53260869565
1613061489692,2021-02-11T16:39:18.035Z,59.117,99582.53260869565
1613061489770,2021-02-11T16:39:18.048Z,59.195,99582.53260869565
1613061489847,2021-02-11T16:39:18.053Z,59.272,99582.53260869565
1613061489925,2021-02-11T16:39:18.066Z,59.35,99582.53260869565
1613061490003,2021-02-11T16:39:18.079Z,59.428,99582.53260869565
1613061490080,2021-02-11T16:39:18.092Z,59.505,99582.53260869565
1613061490158,2021-02-11T16:39:18.123Z,59.583,99581.86854619565
1613061490236,2021-02-11T16:39:18.127Z,59.661,99581.86854619565
1613061490313,2021-02-11T16:39:18.140Z,59.738,99581.86854619565
1613061490391,2021-02-11T16:39:18.153Z,59.816,99582.53260869565
1613061490469,2021-02-11T16:39:18.167Z,59.894,99582.53260869565
1613061490546,2021-02-11T16:39:18.170Z,59.971,99581.86854619565
1613061490624,2021-02-11T16:39:18.184Z,60.049,99581.86854619565
1613061490701,2021-02-11T16:39:18.197Z,60.126,99581.86854619565
1613061490779,2021-02-11T16:39:18.201Z,60.204,99582.72010869565
1613061490857,2021-02-11T16:39:18.214Z,60.282,99582.72010869565
1613061490934,2021-02-11T16:39:18.228Z,60.359,99583.39198369565
1613061491012,2021-02-11T16:39:18.232Z,60.437,99583.39198369565
1613061491090,2021-02-11T16:39:18.245Z,60.515,99582.72010869565
1613061491167,2021-02-11T16:39:18.258Z,60.592,99583.39198369565
1613061491245,2021-02-11T16:39:18.272Z,60.67,99582.72010869565
1613061491323,2021-02-11T16:39:18.276Z,60.748,99583.39198369565
1613061491400,2021-02-11T16:39:18.289Z,60.825,99583.39198369565
1613061491478,2021-02-11T16:39:18.302Z,60.903,99582.72010869565
1613061491557,2021-02-11T16:39:18.307Z,60.982,99583.39198369565
1613061491633,2021-02-11T16:39:18.320Z,61.058,99583.39198369565
1613061491711,2021-02-11T16:39:18.333Z,61.136,99583.39198369565
1613061491788,2021-02-11T16:39:18.337Z,61.213,99583.39198369565
1613061491866,2021-02-11T16:39:18.350Z,61.291,99583.39198369565
1613061491944,2021-02-11T16:39:18.364Z,61.369,99583.39198369565
1613061492023,2021-02-11T16:39:18.377Z,61.448,99583.39198369565
1613061492099,2021-02-11T16:39:18.380Z,61.524,99583.39198369565
1613061492177,2021-02-11T16:39:18.396Z,61.602,99583.39198369565
1613061492254,2021-02-11T16:39:18.407Z,61.679,99583.39198369565
1613061492333,2021-02-11T16:39:18.412Z,61.758,99583.39198369565
1613061492409,2021-02-11T16:39:18.424Z,61.834,99583.39198369565
1613061492487,2021-02-11T16:39:18.437Z,61.912,99582.72010869565
1613061492565,2021-02-11T16:39:18.441Z,61.99,99582.72010869565
1613061492642,2021-02-11T16:39:18.455Z,62.067,99582.72010869565
1613061492720,2021-02-11T16:39:18.468Z,62.145,99582.72010869565
1613061492798,2021-02-11T16:39:18.472Z,62.223,99582.72010869565
1613061492877,2021-02-11T16:39:18.486Z,62.302,99582.72010869565
1613061492954,2021-02-11T16:39:18.499Z,62.379,99583.39198369565
1613061493032,2021-02-11T16:39:18.512Z,62.457,99583.39198369565
1613061493110,2021-02-11T16:39:18.517Z,62.535,99584.24354619565
1613061493187,2021-02-11T16:39:18.530Z,62.612,99584.24354619565
1613061493265,2021-02-11T16:39:18.544Z,62.69,99584.24354619565
1613061493343,2021-02-11T16:39:18.575Z,62.768,99584.24354619565
1613061493420,2021-02-11T16:39:18.587Z,62.845,99584.24354619565
1613061493498,2021-02-11T16:39:18.592Z,62.923,99584.24354619565
1613061493575,2021-02-11T16:39:18.604Z,63,99584.24354619565
1613061493653,2021-02-11T16:39:18.618Z,63.078,99584.24354619565
1613061493731,2021-02-11T16:39:18.622Z,63.156,99584.24354619565
1613061493808,2021-02-11T16:39:18.635Z,63.233,99584.24354619565
1613061493886,2021-02-11T16:39:18.649Z,63.311,99584.24354619565
1613061493964,2021-02-11T16:39:18.662Z,63.389,99584.24354619565
1613061494041,2021-02-11T16:39:18.666Z,63.466,99584.90760869565
1613061494119,2021-02-11T16:39:18.680Z,63.544,99584.90760869565
1613061494197,2021-02-11T16:39:18.693Z,63.622,99584.90760869565
1613061494274,2021-02-11T16:39:18.697Z,63.699,99584.90760869565
1613061494352,2021-02-11T16:39:18.711Z,63.777,99584.90760869565
1613061494429,2021-02-11T16:39:18.723Z,63.854,99584.90760869565
1613061494507,2021-02-11T16:39:18.727Z,63.932,99584.90760869565
1613061494585,2021-02-11T16:39:18.740Z,64.01,99584.90760869565
1613061494662,2021-02-11T16:39:18.754Z,64.087,99585.57948369565
1613061494740,2021-02-11T16:39:18.768Z,64.165,99585.57948369565
1613061494818,2021-02-11T16:39:18.771Z,64.243,99585.57948369565
1613061494895,2021-02-11T16:39:18.785Z,64.32,99585.57948369565
1613061494973,2021-02-11T16:39:18.798Z,64.398,99586.24354619565
1613061495051,2021-02-11T16:39:18.802Z,64.476,99586.24354619565
1613061495128,2021-02-11T16:39:18.815Z,64.553,99586.24354619565
1613061495206,2021-02-11T16:39:18.827Z,64.631,99586.24354619565
1613061495283,2021-02-11T16:39:18.831Z,64.708,99586.24354619565
1613061495361,2021-02-11T16:39:18.845Z,64.786,99587.09510869565
1613061495439,2021-02-11T16:39:18.858Z,64.864,99586.90760869565
1613061495516,2021-02-11T16:39:18.862Z,64.941,99586.24354619565
1613061495594,2021-02-11T16:39:18.876Z,65.019,99587.76698369565
1613061495672,2021-02-11T16:39:18.889Z,65.097,99587.09510869565
1613061495749,2021-02-11T16:39:18.902Z,65.174,99587.76698369565
1613061495827,2021-02-11T16:39:18.907Z,65.252,99587.76698369565
1613061495905,2021-02-11T16:39:18.920Z,65.33,99587.76698369565
1613061495982,2021-02-11T16:39:18.934Z,65.407,99587.76698369565
1613061496060,2021-02-11T16:39:18.937Z,65.485,99587.76698369565
1613061496137,2021-02-11T16:39:18.951Z,65.562,99587.76698369565
1613061496215,2021-02-11T16:39:18.964Z,65.64,99587.76698369565
1613061496293,2021-02-11T16:39:18.967Z,65.718,99587.76698369565
1613061496370,2021-02-11T16:39:18.981Z,65.795,99588.42323369565
1613061496448,2021-02-11T16:39:18.995Z,65.873,99588.42323369565
1613061496526,2021-02-11T16:39:19.026Z,65.951,99588.42323369565
1613061496603,2021-02-11T16:39:19.042Z,66.028,99588.42323369565
1613061496681,2021-02-11T16:39:19.052Z,66.106,99588.42323369565
1613061496759,2021-02-11T16:39:19.056Z,66.184,99588.42323369565
1613061496836,2021-02-11T16:39:19.070Z,66.261,99588.42323369565
1613061496914,2021-02-11T16:39:19.083Z,66.339,99588.42323369565
1613061496991,2021-02-11T16:39:19.087Z,66.416,99588.42323369565
1613061497069,2021-02-11T16:39:19.100Z,66.494,99588.42323369565
1613061497147,2021-02-11T16:39:19.113Z,66.572,99589.09510869565
1613061497224,2021-02-11T16:39:19.118Z,66.649,99589.09510869565
1613061497302,2021-02-11T16:39:19.130Z,66.727,99589.09510869565
1613061497380,2021-02-11T16:39:19.143Z,66.805,99589.09510869565
1613061497457,2021-02-11T16:39:19.157Z,66.882,99589.09510869565
1613061497536,2021-02-11T16:39:19.161Z,66.961,99589.09510869565
1613061497614,2021-02-11T16:39:19.175Z,67.039,99589.94667119565
1613061497692,2021-02-11T16:39:19.188Z,67.117,99589.94667119565
1613061497769,2021-02-11T16:39:19.192Z,67.194,99589.94667119565
1613061497847,2021-02-11T16:39:19.205Z,67.272,99589.28260869565
1613061497925,2021-02-11T16:39:19.218Z,67.35,99589.94667119565
1613061498002,2021-02-11T16:39:19.223Z,67.427,99589.28260869565
1613061498080,2021-02-11T16:39:19.236Z,67.505,99589.28260869565
1613061498158,2021-02-11T16:39:19.249Z,67.583,99589.28260869565
1613061498235,2021-02-11T16:39:19.262Z,67.66,99589.28260869565
1613061498313,2021-02-11T16:39:19.266Z,67.738,99589.28260869565
1613061498390,2021-02-11T16:39:19.279Z,67.815,99589.94667119565
1613061498468,2021-02-11T16:39:19.293Z,67.893,99589.94667119565
1613061498546,2021-02-11T16:39:19.297Z,67.971,99589.94667119565
1613061498623,2021-02-11T16:39:19.309Z,68.048,99589.94667119565
1613061498701,2021-02-11T16:39:19.323Z,68.126,99589.94667119565
1613061498779,2021-02-11T16:39:19.327Z,68.204,99589.94667119565
1613061498856,2021-02-11T16:39:19.340Z,68.281,99589.94667119565
1613061498934,2021-02-11T16:39:19.353Z,68.359,99589.94667119565
1613061499012,2021-02-11T16:39:19.368Z,68.437,99589.94667119565
1613061499089,2021-02-11T16:39:19.372Z,68.514,99589.28260869565
1613061499167,2021-02-11T16:39:19.385Z,68.592,99589.28260869565
1613061499244,2021-02-11T16:39:19.399Z,68.669,99589.28260869565
1613061499322,2021-02-11T16:39:19.412Z,68.747,99589.94667119565
1613061499400,2021-02-11T16:39:19.416Z,68.825,99589.28260869565
1613061499477,2021-02-11T16:39:19.429Z,68.902,99589.28260869565
1613061499555,2021-02-11T16:39:19.443Z,68.98,99589.94667119565
1613061499633,2021-02-11T16:39:19.446Z,69.058,99589.94667119565
1613061499710,2021-02-11T16:39:19.477Z,69.135,99589.94667119565
1613061499788,2021-02-11T16:39:19.491Z,69.213,99589.94667119565
1613061499866,2021-02-11T16:39:19.503Z,69.291,99589.94667119565
1613061499943,2021-02-11T16:39:19.508Z,69.368,99589.94667119565
1613061500021,2021-02-11T16:39:19.521Z,69.446,99589.94667119565
1613061500100,2021-02-11T16:39:19.534Z,69.525,99589.94667119565
1613061500178,2021-02-11T16:39:19.548Z,69.603,99589.94667119565
1613061500255,2021-02-11T16:39:19.552Z,69.68,99589.94667119565
1613061500333,2021-02-11T16:39:19.566Z,69.758,99589.94667119565
1613061500410,2021-02-11T16:39:19.579Z,69.835,99589.94667119565
1613061500488,2021-02-11T16:39:19.582Z,69.913,99589.94667119565
1613061500566,2021-02-11T16:39:19.595Z,69.991,99590.79823369565
1613061500643,2021-02-11T16:39:19.608Z,70.068,99590.79823369565
1613061500721,2021-02-11T16:39:19.612Z,70.146,99590.79823369565
1613061500799,2021-02-11T16:39:19.626Z,70.224,99590.14198369565
1613061500876,2021-02-11T16:39:19.640Z,70.301,99590.14198369565
1613061500954,2021-02-11T16:39:19.653Z,70.379,99590.14198369565
1613061501032,2021-02-11T16:39:19.657Z,70.457,99590.14198369565
1613061501109,2021-02-11T16:39:19.670Z,70.534,99590.14198369565
1613061501187,2021-02-11T16:39:19.683Z,70.612,99589.47010869565
1613061501264,2021-02-11T16:39:19.686Z,70.689,99589.47010869565
1613061501342,2021-02-11T16:39:19.699Z,70.767,99589.47010869565
1613061501420,2021-02-11T16:39:19.713Z,70.845,99589.47010869565
1613061501497,2021-02-11T16:39:19.717Z,70.922,99589.47010869565
1613061501575,2021-02-11T16:39:19.730Z,71,99588.79823369565
1613061501653,2021-02-11T16:39:19.743Z,71.078,99588.79823369565
1613061501730,2021-02-11T16:39:19.757Z,71.155,99588.79823369565
1613061501808,2021-02-11T16:39:19.761Z,71.233,99588.79823369565
1613061501886,2021-02-11T16:39:19.775Z,71.311,99588.79823369565
1613061501963,2021-02-11T16:39:19.788Z,71.388,99588.79823369565
1613061502041,2021-02-11T16:39:19.791Z,71.466,99588.79823369565
1613061502118,2021-02-11T16:39:19.818Z,71.543,99588.79823369565
1613061502196,2021-02-11T16:39:19.822Z,71.621,99588.79823369565
1613061502274,2021-02-11T16:39:19.836Z,71.699,99588.79823369565
1613061502351,2021-02-11T16:39:19.849Z,71.776,99588.79823369565
1613061502429,2021-02-11T16:39:19.862Z,71.854,99588.79823369565
1613061502507,2021-02-11T16:39:19.867Z,71.932,99589.47010869565
1613061502584,2021-02-11T16:39:19.880Z,72.009,99589.47010869565
1613061502662,2021-02-11T16:39:19.893Z,72.087,99589.47010869565
1613061502740,2021-02-11T16:39:19.897Z,72.165,99589.47010869565
1613061502817,2021-02-11T16:39:19.939Z,72.242,99589.47010869565
1613061502895,2021-02-11T16:39:19.953Z,72.32,99589.47010869565
1613061502972,2021-02-11T16:39:19.957Z,72.397,99589.47010869565
1613061503050,2021-02-11T16:39:19.969Z,72.475,99588.79823369565
1613061503128,2021-02-11T16:39:19.982Z,72.553,99588.79823369565
1613061503205,2021-02-11T16:39:19.987Z,72.63,99589.47010869565
1613061503284,2021-02-11T16:39:20.000Z,72.709,99588.79823369565
1613061503361,2021-02-11T16:39:20.014Z,72.786,99588.79823369565
1613061503438,2021-02-11T16:39:20.017Z,72.863,99588.79823369565
1613061503516,2021-02-11T16:39:20.031Z,72.941,99589.47010869565
1613061503594,2021-02-11T16:39:20.043Z,73.019,99590.32167119565
1613061503671,2021-02-11T16:39:20.057Z,73.096,99590.32167119565
1613061503749,2021-02-11T16:39:20.061Z,73.174,99590.32167119565
1613061503826,2021-02-11T16:39:20.075Z,73.251,99590.32167119565
1613061503904,2021-02-11T16:39:20.088Z,73.329,99590.32167119565
1613061503982,2021-02-11T16:39:20.092Z,73.407,99590.32167119565
1613061504061,2021-02-11T16:39:20.106Z,73.486,99590.32167119565
1613061504137,2021-02-11T16:39:20.118Z,73.562,99590.32167119565
1613061504215,2021-02-11T16:39:20.122Z,73.64,99590.32167119565
1613061504292,2021-02-11T16:39:20.135Z,73.717,99589.65760869565
1613061504370,2021-02-11T16:39:20.148Z,73.795,99589.65760869565
1613061504448,2021-02-11T16:39:20.162Z,73.873,99589.65760869565
1613061504525,2021-02-11T16:39:20.166Z,73.95,99589.65760869565
1613061504603,2021-02-11T16:39:20.179Z,74.028,99589.65760869565
1613061504682,2021-02-11T16:39:20.192Z,74.107,99589.65760869565
1613061504760,2021-02-11T16:39:20.198Z,74.185,99589.65760869565
1613061504837,2021-02-11T16:39:20.211Z,74.262,99589.65760869565
1613061504915,2021-02-11T16:39:20.223Z,74.34,99589.65760869565
1613061504992,2021-02-11T16:39:20.228Z,74.417,99589.65760869565
1613061505070,2021-02-11T16:39:20.241Z,74.495,99589.65760869565
1613061505148,2021-02-11T16:39:20.254Z,74.573,99589.65760869565
1613061505225,2021-02-11T16:39:20.268Z,74.65,99589.65760869565
1613061505303,2021-02-11T16:39:20.272Z,74.728,99589.65760869565
1613061505381,2021-02-11T16:39:20.285Z,74.806,99589.65760869565
1613061505458,2021-02-11T16:39:20.298Z,74.883,99589.65760869565
1613061505536,2021-02-11T16:39:20.302Z,74.961,99589.65760869565
1613061505614,2021-02-11T16:39:20.316Z,75.039,99589.65760869565
1613061505691,2021-02-11T16:39:20.328Z,75.116,99589.65760869565
1613061505769,2021-02-11T16:39:20.332Z,75.194,99589.65760869565
1613061505846,2021-02-11T16:39:20.346Z,75.271,99589.65760869565
1613061505924,2021-02-11T16:39:20.359Z,75.349,99589.65760869565
1613061506002,2021-02-11T16:39:20.390Z,75.427,99589.65760869565
1613061506079,2021-02-11T16:39:20.403Z,75.504,99589.65760869565
1613061506157,2021-02-11T16:39:20.408Z,75.582,99589.65760869565
1613061506235,2021-02-11T16:39:20.420Z,75.66,99589.65760869565
1613061506312,2021-02-11T16:39:20.433Z,75.737,99589.65760869565
1613061506390,2021-02-11T16:39:20.447Z,75.815,99589.65760869565
1613061506468,2021-02-11T16:39:20.451Z,75.893,99590.51698369565
1613061506545,2021-02-11T16:39:20.465Z,75.97,99589.65760869565
1613061506623,2021-02-11T16:39:20.478Z,76.048,99589.65760869565
1613061506700,2021-02-11T16:39:20.483Z,76.125,99589.65760869565
1613061506778,2021-02-11T16:39:20.496Z,76.203,99589.84510869565
1613061506856,2021-02-11T16:39:20.509Z,76.281,99589.84510869565
1613061506933,2021-02-11T16:39:20.522Z,76.358,99589.84510869565
1613061507011,2021-02-11T16:39:20.526Z,76.436,99588.99354619565
1613061507089,2021-02-11T16:39:20.539Z,76.514,99588.32948369565
1613061507166,2021-02-11T16:39:20.552Z,76.591,99589.17323369565
1613061507244,2021-02-11T16:39:20.556Z,76.669,99589.17323369565
1613061507322,2021-02-11T16:39:20.569Z,76.747,99589.17323369565
1613061507399,2021-02-11T16:39:20.582Z,76.824,99589.17323369565
1613061507477,2021-02-11T16:39:20.587Z,76.902,99588.32948369565
1613061507554,2021-02-11T16:39:20.600Z,76.979,99588.32948369565
1613061507632,2021-02-11T16:39:20.613Z,77.057,99589.17323369565
1613061507711,2021-02-11T16:39:20.617Z,77.136,99589.17323369565
1613061507787,2021-02-11T16:39:20.631Z,77.212,99589.17323369565
1613061507865,2021-02-11T16:39:20.644Z,77.29,99589.17323369565
1613061507943,2021-02-11T16:39:20.658Z,77.368,99589.17323369565
1613061508020,2021-02-11T16:39:20.661Z,77.445,99588.32948369565
1613061508098,2021-02-11T16:39:20.674Z,77.523,99587.65760869565
1613061508176,2021-02-11T16:39:20.687Z,77.601,99588.32948369565
1613061508255,2021-02-11T16:39:20.692Z,77.68,99589.17323369565
1613061508332,2021-02-11T16:39:20.705Z,77.757,99589.17323369565
1613061508410,2021-02-11T16:39:20.719Z,77.835,99589.17323369565
1613061508488,2021-02-11T16:39:20.722Z,77.913,99589.17323369565
1613061508565,2021-02-11T16:39:20.736Z,77.99,99589.17323369565
1613061508643,2021-02-11T16:39:20.749Z,78.068,99589.17323369565
1613061508720,2021-02-11T16:39:20.777Z,78.145,99589.17323369565
1613061508798,2021-02-11T16:39:20.781Z,78.223,99589.17323369565
1613061508876,2021-02-11T16:39:20.795Z,78.301,99589.17323369565
1613061508953,2021-02-11T16:39:20.808Z,78.378,99589.17323369565
1613061509031,2021-02-11T16:39:20.813Z,78.456,99589.17323369565
1613061509109,2021-02-11T16:39:20.839Z,78.534,99589.17323369565
1613061509186,2021-02-11T16:39:20.871Z,78.611,99589.17323369565
1613061509264,2021-02-11T16:39:20.885Z,78.689,99589.17323369565
1613061509342,2021-02-11T16:39:20.898Z,78.767,99589.17323369565
1613061509419,2021-02-11T16:39:20.902Z,78.844,99589.17323369565
1613061509497,2021-02-11T16:39:20.916Z,78.922,99589.17323369565
1613061509574,2021-02-11T16:39:20.928Z,78.999,99589.17323369565
1613061509652,2021-02-11T16:39:20.933Z,79.077,99589.17323369565
1613061509730,2021-02-11T16:39:20.946Z,79.155,99589.84510869565
1613061509807,2021-02-11T16:39:20.959Z,79.232,99589.84510869565
1613061509885,2021-02-11T16:39:20.973Z,79.31,99589.84510869565
1613061509963,2021-02-11T16:39:20.977Z,79.388,99589.84510869565
1613061510040,2021-02-11T16:39:20.991Z,79.465,99589.84510869565
1613061510118,2021-02-11T16:39:21.003Z,79.543,99589.84510869565
1613061510196,2021-02-11T16:39:21.007Z,79.621,99590.51698369565
1613061510273,2021-02-11T16:39:21.020Z,79.698,99590.51698369565
1613061510351,2021-02-11T16:39:21.033Z,79.776,99590.51698369565
1613061510429,2021-02-11T16:39:21.038Z,79.854,99590.51698369565
1613061510506,2021-02-11T16:39:21.052Z,79.931,99590.51698369565
1613061510584,2021-02-11T16:39:21.065Z,80.009,99590.51698369565
1613061510661,2021-02-11T16:39:21.078Z,80.086,99590.51698369565
1613061510739,2021-02-11T16:39:21.083Z,80.164,99589.84510869565
1613061510817,2021-02-11T16:39:21.096Z,80.242,99589.84510869565
1613061510894,2021-02-11T16:39:21.108Z,80.319,99589.84510869565
1613061510972,2021-02-11T16:39:21.122Z,80.397,99589.84510869565
1613061511050,2021-02-11T16:39:21.126Z,80.475,99589.84510869565
1613061511127,2021-02-11T16:39:21.138Z,80.552,99589.84510869565
1613061511205,2021-02-11T16:39:21.143Z,80.63,99589.84510869565
1613061511283,2021-02-11T16:39:21.156Z,80.708,99589.84510869565
1613061511360,2021-02-11T16:39:21.170Z,80.785,99589.84510869565
1613061511438,2021-02-11T16:39:21.183Z,80.863,99589.84510869565
1613061511515,2021-02-11T16:39:21.187Z,80.94,99589.84510869565
1613061511593,2021-02-11T16:39:21.200Z,81.018,99589.84510869565
1613061511671,2021-02-11T16:39:21.214Z,81.096,99589.84510869565
1613061511748,2021-02-11T16:39:21.217Z,81.173,99589.84510869565
1613061511826,2021-02-11T16:39:21.231Z,81.251,99589.17323369565
1613061511905,2021-02-11T16:39:21.244Z,81.33,99589.17323369565
1613061511983,2021-02-11T16:39:21.258Z,81.408,99589.17323369565
1613061512060,2021-02-11T16:39:21.262Z,81.485,99589.17323369565
1613061512138,2021-02-11T16:39:21.275Z,81.563,99590.06385869565
1613061512216,2021-02-11T16:39:21.287Z,81.641,99590.06385869565
1613061512293,2021-02-11T16:39:21.318Z,81.718,99590.06385869565
1613061512371,2021-02-11T16:39:21.322Z,81.796,99590.06385869565
1613061512449,2021-02-11T16:39:21.336Z,81.874,99589.40760869565
1613061512526,2021-02-11T16:39:21.349Z,81.951,99590.06385869565
1613061512604,2021-02-11T16:39:21.363Z,82.029,99590.06385869565
1613061512681,2021-02-11T16:39:21.367Z,82.106,99590.06385869565
1613061512759,2021-02-11T16:39:21.380Z,82.184,99590.06385869565
1613061512837,2021-02-11T16:39:21.394Z,82.262,99590.06385869565
1613061512914,2021-02-11T16:39:21.407Z,82.339,99590.06385869565
1613061512992,2021-02-11T16:39:21.411Z,82.417,99590.06385869565
1613061513070,2021-02-11T16:39:21.425Z,82.495,99589.40760869565
1613061513147,2021-02-11T16:39:21.438Z,82.572,99590.06385869565
1613061513225,2021-02-11T16:39:21.441Z,82.65,99590.06385869565
1613061513303,2021-02-11T16:39:21.454Z,82.728,99589.40760869565
1613061513380,2021-02-11T16:39:21.467Z,82.805,99589.40760869565
1613061513458,2021-02-11T16:39:21.471Z,82.883,99589.40760869565
1613061513535,2021-02-11T16:39:21.485Z,82.96,99590.06385869565
1613061513613,2021-02-11T16:39:21.498Z,83.038,99589.40760869565
1613061513691,2021-02-11T16:39:21.503Z,83.116,99590.06385869565
1613061513768,2021-02-11T16:39:21.516Z,83.193,99590.06385869565
1613061513846,2021-02-11T16:39:21.528Z,83.271,99590.06385869565
1613061513924,2021-02-11T16:39:21.532Z,83.349,99589.40760869565
1613061514003,2021-02-11T16:39:21.546Z,83.428,99589.40760869565
1613061514079,2021-02-11T16:39:21.559Z,83.504,99589.40760869565
1613061514157,2021-02-11T16:39:21.573Z,83.582,99589.40760869565
1613061514234,2021-02-11T16:39:21.577Z,83.659,99589.40760869565
1613061514312,2021-02-11T16:39:21.590Z,83.737,99589.40760869565
1613061514389,2021-02-11T16:39:21.603Z,83.814,99589.40760869565
1613061514467,2021-02-11T16:39:21.608Z,83.892,99589.40760869565
1613061514545,2021-02-11T16:39:21.621Z,83.97,99589.40760869565
1613061514622,2021-02-11T16:39:21.634Z,84.047,99589.40760869565
1613061514701,2021-02-11T16:39:21.647Z,84.126,99588.73573369565
1613061514779,2021-02-11T16:39:21.651Z,84.204,99588.73573369565
1613061514857,2021-02-11T16:39:21.663Z,84.282,99589.40760869565
1613061514934,2021-02-11T16:39:21.677Z,84.359,99589.40760869565
1613061515012,2021-02-11T16:39:21.681Z,84.437,99589.40760869565
1613061515090,2021-02-11T16:39:21.695Z,84.515,99589.40760869565
1613061515167,2021-02-11T16:39:21.708Z,84.592,99589.40760869565
1613061515245,2021-02-11T16:39:21.713Z,84.67,99588.73573369565
1613061515323,2021-02-11T16:39:21.725Z,84.748,99588.73573369565
1613061515400,2021-02-11T16:39:21.738Z,84.825,99588.73573369565
1613061515478,2021-02-11T16:39:21.770Z,84.903,99588.73573369565
1613061515555,2021-02-11T16:39:21.784Z,84.98,99588.73573369565
1613061515633,2021-02-11T16:39:21.787Z,85.058,99588.73573369565
1613061515711,2021-02-11T16:39:21.801Z,85.136,99590.25135869565
1613061515788,2021-02-11T16:39:21.814Z,85.213,99589.58729619565
1613061515866,2021-02-11T16:39:21.827Z,85.291,99589.40760869565
1613061515944,2021-02-11T16:39:21.832Z,85.369,99590.25135869565
1613061516021,2021-02-11T16:39:21.845Z,85.446,99590.25135869565
1613061516099,2021-02-11T16:39:21.859Z,85.524,99589.58729619565
1613061516177,2021-02-11T16:39:21.872Z,85.602,99589.58729619565
1613061516254,2021-02-11T16:39:21.877Z,85.679,99589.58729619565
1613061516332,2021-02-11T16:39:21.889Z,85.757,99589.58729619565
1613061516409,2021-02-11T16:39:21.893Z,85.834,99589.58729619565
1613061516487,2021-02-11T16:39:21.905Z,85.912,99589.58729619565
1613061516565,2021-02-11T16:39:21.919Z,85.99,99589.58729619565
1613061516642,2021-02-11T16:39:21.933Z,86.067,99589.58729619565
1613061516720,2021-02-11T16:39:21.937Z,86.145,99589.58729619565
1613061516798,2021-02-11T16:39:21.951Z,86.223,99589.58729619565
1613061516875,2021-02-11T16:39:21.964Z,86.3,99589.58729619565
1613061516953,2021-02-11T16:39:21.977Z,86.378,99589.58729619565
1613061517031,2021-02-11T16:39:21.982Z,86.456,99589.58729619565
1613061517108,2021-02-11T16:39:21.995Z,86.533,99589.58729619565
1613061517186,2021-02-11T16:39:22.008Z,86.611,99589.58729619565
1613061517263,2021-02-11T16:39:22.012Z,86.688,99589.58729619565
1613061517343,2021-02-11T16:39:22.025Z,86.768,99590.25135869565
1613061517420,2021-02-11T16:39:22.038Z,86.845,99590.25135869565
1613061517498,2021-02-11T16:39:22.043Z,86.923,99591.11073369565
1613061517575,2021-02-11T16:39:22.056Z,87,99591.11073369565
1613061517653,2021-02-11T16:39:22.069Z,87.078,99591.11073369565
1613061517731,2021-02-11T16:39:22.082Z,87.156,99591.11073369565
1613061517808,2021-02-11T16:39:22.087Z,87.233,99591.11073369565
1613061517886,2021-02-11T16:39:22.099Z,87.311,99591.11073369565
1613061517964,2021-02-11T16:39:22.113Z,87.389,99591.11073369565
1613061518041,2021-02-11T16:39:22.117Z,87.466,99591.11073369565
1613061518119,2021-02-11T16:39:22.131Z,87.544,99591.11073369565
1613061518197,2021-02-11T16:39:22.143Z,87.622,99591.11073369565
1613061518274,2021-02-11T16:39:22.148Z,87.699,99591.11073369565
1613061518352,2021-02-11T16:39:22.161Z,87.777,99591.11073369565
1613061518429,2021-02-11T16:39:22.174Z,87.854,99590.43885869565
1613061518507,2021-02-11T16:39:22.178Z,87.932,99590.43885869565
1613061518585,2021-02-11T16:39:22.191Z,88.01,99590.43885869565
1613061518662,2021-02-11T16:39:22.222Z,88.087,99590.43885869565
1613061518740,2021-02-11T16:39:22.236Z,88.165,99590.43885869565
1613061518818,2021-02-11T16:39:22.248Z,88.243,99590.43885869565
1613061518895,2021-02-11T16:39:22.253Z,88.32,99590.43885869565
1613061518973,2021-02-11T16:39:22.266Z,88.398,99591.11073369565
1613061519051,2021-02-11T16:39:22.279Z,88.476,99590.43885869565
1613061519128,2021-02-11T16:39:22.293Z,88.553,99590.43885869565
1613061519206,2021-02-11T16:39:22.296Z,88.631,99590.43885869565
1613061519283,2021-02-11T16:39:22.310Z,88.708,99590.43885869565
1613061519361,2021-02-11T16:39:22.323Z,88.786,99590.43885869565
1613061519440,2021-02-11T16:39:22.327Z,88.865,99590.43885869565
1613061519518,2021-02-11T16:39:22.339Z,88.943,99590.43885869565
1613061519595,2021-02-11T16:39:22.353Z,89.02,99590.43885869565
1613061519673,2021-02-11T16:39:22.357Z,89.098,99590.43885869565
1613061519751,2021-02-11T16:39:22.370Z,89.176,99590.43885869565
1613061519828,2021-02-11T16:39:22.383Z,89.253,99590.43885869565
1613061519906,2021-02-11T16:39:22.388Z,89.331,99590.43885869565
1613061519984,2021-02-11T16:39:22.401Z,89.409,99590.43885869565
1613061520061,2021-02-11T16:39:22.414Z,89.486,99590.43885869565
1613061520139,2021-02-11T16:39:22.427Z,89.564,99590.43885869565
1613061520217,2021-02-11T16:39:22.432Z,89.642,99590.43885869565
1613061520294,2021-02-11T16:39:22.445Z,89.719,99590.43885869565
1613061520372,2021-02-11T16:39:22.459Z,89.797,99590.43885869565
1613061520449,2021-02-11T16:39:22.463Z,89.874,99590.43885869565
1613061520527,2021-02-11T16:39:22.476Z,89.952,99590.43885869565
1613061520605,2021-02-11T16:39:22.492Z,90.03,99590.43885869565
1613061520682,2021-02-11T16:39:22.503Z,90.107,99590.43885869565
1613061520760,2021-02-11T16:39:22.507Z,90.185,99590.43885869565
1613061520838,2021-02-11T16:39:22.519Z,90.263,99590.43885869565
1613061520915,2021-02-11T16:39:22.523Z,90.34,99591.11073369565
1613061520993,2021-02-11T16:39:22.536Z,90.418,99591.11073369565
1613061521071,2021-02-11T16:39:22.549Z,90.496,99590.43885869565
1613061521148,2021-02-11T16:39:22.563Z,90.573,99591.11073369565
1613061521226,2021-02-11T16:39:22.567Z,90.651,99591.11073369565
1613061521304,2021-02-11T16:39:22.580Z,90.729,99590.43885869565
1613061521381,2021-02-11T16:39:22.594Z,90.806,99591.11073369565
1613061521459,2021-02-11T16:39:22.607Z,90.884,99590.43885869565
1613061521536,2021-02-11T16:39:22.612Z,90.961,99590.43885869565
1613061521614,2021-02-11T16:39:22.624Z,91.039,99590.43885869565
1613061521692,2021-02-11T16:39:22.628Z,91.117,99590.43885869565
1613061521769,2021-02-11T16:39:22.669Z,91.194,99590.43885869565
1613061521847,2021-02-11T16:39:22.682Z,91.272,99590.43885869565
1613061521925,2021-02-11T16:39:22.687Z,91.35,99590.43885869565
1613061522002,2021-02-11T16:39:22.701Z,91.427,99590.43885869565
1613061522080,2021-02-11T16:39:22.714Z,91.505,99590.43885869565
1613061522158,2021-02-11T16:39:22.727Z,91.583,99590.43885869565
1613061522235,2021-02-11T16:39:22.731Z,91.66,99590.43885869565
1613061522313,2021-02-11T16:39:22.745Z,91.738,99590.43885869565
1613061522390,2021-02-11T16:39:22.757Z,91.815,99590.43885869565
1613061522468,2021-02-11T16:39:22.762Z,91.893,99590.43885869565
1613061522546,2021-02-11T16:39:22.775Z,91.971,99590.43885869565
1613061522623,2021-02-11T16:39:22.787Z,92.048,99590.43885869565
1613061522701,2021-02-11T16:39:22.791Z,92.126,99590.43885869565
1613061522779,2021-02-11T16:39:22.805Z,92.204,99590.43885869565
1613061522856,2021-02-11T16:39:22.818Z,92.281,99590.43885869565
1613061522934,2021-02-11T16:39:22.822Z,92.359,99590.43885869565
1613061523012,2021-02-11T16:39:22.835Z,92.437,99591.29823369565
1613061523089,2021-02-11T16:39:22.849Z,92.514,99591.29823369565
1613061523167,2021-02-11T16:39:22.862Z,92.592,99591.29823369565
1613061523244,2021-02-11T16:39:22.867Z,92.669,99591.29823369565
1613061523322,2021-02-11T16:39:22.880Z,92.747,99591.29823369565
1613061523400,2021-02-11T16:39:22.893Z,92.825,99591.96229619565
1613061523477,2021-02-11T16:39:22.898Z,92.902,99591.96229619565
1613061523555,2021-02-11T16:39:22.911Z,92.98,99591.96229619565
1613061523633,2021-02-11T16:39:22.925Z,93.058,99591.96229619565
1613061523710,2021-02-11T16:39:22.928Z,93.135,99591.29823369565
1613061523788,2021-02-11T16:39:22.940Z,93.213,99591.29823369565
1613061523866,2021-02-11T16:39:22.954Z,93.291,99591.29823369565
1613061523943,2021-02-11T16:39:22.958Z,93.368,99591.29823369565
1613061524021,2021-02-11T16:39:22.971Z,93.446,99591.29823369565
1613061524098,2021-02-11T16:39:22.985Z,93.523,99591.29823369565
1613061524176,2021-02-11T16:39:22.998Z,93.601,99591.29823369565
1613061524254,2021-02-11T16:39:23.002Z,93.679,99591.29823369565
1613061524331,2021-02-11T16:39:23.015Z,93.756,99591.29823369565
1613061524409,2021-02-11T16:39:23.029Z,93.834,99591.29823369565
1613061524487,2021-02-11T16:39:23.042Z,93.912,99590.63417119565
1613061524564,2021-02-11T16:39:23.046Z,93.989,99590.63417119565
1613061524642,2021-02-11T16:39:23.060Z,94.067,99590.63417119565
1613061524720,2021-02-11T16:39:23.063Z,94.145,99590.63417119565
1613061524797,2021-02-11T16:39:23.076Z,94.222,99590.63417119565
1613061524875,2021-02-11T16:39:23.090Z,94.3,99590.63417119565
1613061524952,2021-02-11T16:39:23.120Z,94.377,99590.63417119565
1613061525030,2021-02-11T16:39:23.134Z,94.455,99590.63417119565
1613061525108,2021-02-11T16:39:23.147Z,94.533,99590.63417119565
1613061525187,2021-02-11T16:39:23.152Z,94.612,99590.63417119565
1613061525264,2021-02-11T16:39:23.165Z,94.689,99590.63417119565
1613061525342,2021-02-11T16:39:23.178Z,94.767,99590.63417119565
1613061525420,2021-02-11T16:39:23.182Z,94.845,99589.96229619565
1613061525497,2021-02-11T16:39:23.195Z,94.922,99589.96229619565
1613061525575,2021-02-11T16:39:23.209Z,95,99589.96229619565
1613061525653,2021-02-11T16:39:23.222Z,95.078,99589.96229619565
1613061525730,2021-02-11T16:39:23.225Z,95.155,99589.96229619565
1613061525808,2021-02-11T16:39:23.238Z,95.233,99589.96229619565
1613061525886,2021-02-11T16:39:23.243Z,95.311,99589.96229619565
1613061525963,2021-02-11T16:39:23.256Z,95.388,99589.96229619565
1613061526041,2021-02-11T16:39:23.270Z,95.466,99589.96229619565
1613061526118,2021-02-11T16:39:23.283Z,95.543,99589.96229619565
1613061526196,2021-02-11T16:39:23.287Z,95.621,99589.96229619565
1613061526274,2021-02-11T16:39:23.300Z,95.699,99589.29823369565
1613061526351,2021-02-11T16:39:23.313Z,95.776,99589.29823369565
1613061526429,2021-02-11T16:39:23.328Z,95.854,99589.29823369565
1613061526507,2021-02-11T16:39:23.331Z,95.932,99589.29823369565
1613061526584,2021-02-11T16:39:23.345Z,96.009,99589.29823369565
1613061526662,2021-02-11T16:39:23.358Z,96.087,99589.96229619565
1613061526740,2021-02-11T16:39:23.362Z,96.165,99589.29823369565
1613061526817,2021-02-11T16:39:23.374Z,96.242,99589.29823369565
1613061526895,2021-02-11T16:39:23.387Z,96.32,99589.29823369565
1613061526972,2021-02-11T16:39:23.392Z,96.397,99589.29823369565
1613061527050,2021-02-11T16:39:23.405Z,96.475,99589.29823369565
1613061527128,2021-02-11T16:39:23.418Z,96.553,99589.48573369565
1613061527205,2021-02-11T16:39:23.423Z,96.63,99589.48573369565
1613061527283,2021-02-11T16:39:23.436Z,96.708,99590.15760869565
1613061527361,2021-02-11T16:39:23.449Z,96.786,99589.48573369565
1613061527438,2021-02-11T16:39:23.462Z,96.863,99589.48573369565
1613061527516,2021-02-11T16:39:23.467Z,96.941,99589.48573369565
1613061527594,2021-02-11T16:39:23.481Z,97.019,99589.48573369565
1613061527671,2021-02-11T16:39:23.494Z,97.096,99590.15760869565
1613061527749,2021-02-11T16:39:23.508Z,97.174,99590.15760869565
1613061527826,2021-02-11T16:39:23.510Z,97.251,99590.15760869565
1613061527904,2021-02-11T16:39:23.524Z,97.329,99589.48573369565
1613061527982,2021-02-11T16:39:23.537Z,97.407,99590.15760869565
1613061528061,2021-02-11T16:39:23.568Z,97.486,99589.48573369565
1613061528137,2021-02-11T16:39:23.572Z,97.562,99589.48573369565
1613061528215,2021-02-11T16:39:23.587Z,97.64,99589.48573369565
1613061528292,2021-02-11T16:39:23.599Z,97.717,99589.48573369565
1613061528371,2021-02-11T16:39:23.613Z,97.796,99589.48573369565
1613061528448,2021-02-11T16:39:23.616Z,97.873,99589.48573369565
1613061528525,2021-02-11T16:39:23.630Z,97.95,99589.48573369565
1613061528603,2021-02-11T16:39:23.633Z,98.028,99588.81385869565
1613061528680,2021-02-11T16:39:23.646Z,98.105,99588.81385869565
1613061528758,2021-02-11T16:39:23.659Z,98.183,99588.81385869565
1613061528837,2021-02-11T16:39:23.673Z,98.262,99588.81385869565
1613061528915,2021-02-11T16:39:23.677Z,98.34,99588.81385869565
1613061528992,2021-02-11T16:39:23.691Z,98.417,99588.81385869565
1613061529070,2021-02-11T16:39:23.703Z,98.495,99588.81385869565
1613061529148,2021-02-11T16:39:23.717Z,98.573,99588.81385869565
1613061529225,2021-02-11T16:39:23.721Z,98.65,99588.81385869565
1613061529303,2021-02-11T16:39:23.735Z,98.728,99588.81385869565
1613061529381,2021-02-11T16:39:23.747Z,98.806,99588.81385869565
1613061529458,2021-02-11T16:39:23.752Z,98.883,99588.15760869565
1613061529536,2021-02-11T16:39:23.765Z,98.961,99588.15760869565
1613061529614,2021-02-11T16:39:23.778Z,99.039,99588.15760869565
1613061529691,2021-02-11T16:39:23.782Z,99.116,99588.81385869565
1613061529769,2021-02-11T16:39:23.796Z,99.194,99588.81385869565
1613061529846,2021-02-11T16:39:23.809Z,99.271,99588.15760869565
1613061529924,2021-02-11T16:39:23.812Z,99.349,99588.15760869565
1613061530002,2021-02-11T16:39:23.826Z,99.427,99588.15760869565
1613061530079,2021-02-11T16:39:23.839Z,99.504,99588.15760869565
1613061530157,2021-02-11T16:39:23.853Z,99.582,99588.15760869565
1613061530235,2021-02-11T16:39:23.857Z,99.66,99588.15760869565
1613061530312,2021-02-11T16:39:23.870Z,99.737,99588.15760869565
1613061530390,2021-02-11T16:39:23.883Z,99.815,99588.15760869565
1613061530468,2021-02-11T16:39:23.887Z,99.893,99588.15760869565
1613061530545,2021-02-11T16:39:23.901Z,99.97,99588.15760869565
1613061530623,2021-02-11T16:39:23.914Z,100.048,99588.15760869565
1613061530700,2021-02-11T16:39:23.918Z,100.125,99587.48573369565
1613061530778,2021-02-11T16:39:23.931Z,100.203,99587.48573369565
1613061530856,2021-02-11T16:39:23.944Z,100.281,99587.48573369565
1613061530933,2021-02-11T16:39:23.959Z,100.358,99587.48573369565
1613061531011,2021-02-11T16:39:23.962Z,100.436,99587.48573369565
1613061531089,2021-02-11T16:39:23.975Z,100.514,99587.48573369565
1613061531166,2021-02-11T16:39:23.989Z,100.591,99587.48573369565
1613061531244,2021-02-11T16:39:24.020Z,100.669,99587.48573369565
1613061531322,2021-02-11T16:39:24.034Z,100.747,99587.48573369565
1613061531399,2021-02-11T16:39:24.038Z,100.824,99587.48573369565
1613061531477,2021-02-11T16:39:24.050Z,100.902,99587.48573369565
1613061531554,2021-02-11T16:39:24.063Z,100.979,99587.48573369565
1613061531632,2021-02-11T16:39:24.068Z,101.057,99587.48573369565
1613061531710,2021-02-11T16:39:24.080Z,101.135,99587.48573369565
1613061531787,2021-02-11T16:39:24.094Z,101.212,99587.48573369565
1613061531865,2021-02-11T16:39:24.107Z,101.29,99587.48573369565
1613061531943,2021-02-11T16:39:24.112Z,101.368,99587.48573369565
1613061532020,2021-02-11T16:39:24.125Z,101.445,99588.34510869565
1613061532098,2021-02-11T16:39:24.138Z,101.523,99588.34510869565
1613061532176,2021-02-11T16:39:24.143Z,101.601,99587.48573369565
1613061532253,2021-02-11T16:39:24.155Z,101.678,99587.67323369565
1613061532331,2021-02-11T16:39:24.168Z,101.756,99587.67323369565
1613061532408,2021-02-11T16:39:24.173Z,101.833,99587.67323369565
1613061532486,2021-02-11T16:39:24.186Z,101.911,99587.67323369565
1613061532564,2021-02-11T16:39:24.199Z,101.989,99586.81385869565
1613061532641,2021-02-11T16:39:24.213Z,102.066,99587.67323369565
1613061532720,2021-02-11T16:39:24.217Z,102.145,99587.67323369565
1613061532797,2021-02-11T16:39:24.230Z,102.222,99587.67323369565
1613061532874,2021-02-11T16:39:24.243Z,102.299,99586.81385869565
1613061532952,2021-02-11T16:39:24.247Z,102.377,99588.34510869565
1613061533030,2021-02-11T16:39:24.260Z,102.455,99588.34510869565
1613061533107,2021-02-11T16:39:24.273Z,102.532,99587.67323369565
1613061533185,2021-02-11T16:39:24.278Z,102.61,99587.67323369565
1613061533262,2021-02-11T16:39:24.290Z,102.687,99587.67323369565
1613061533340,2021-02-11T16:39:24.304Z,102.765,99587.67323369565
1613061533418,2021-02-11T16:39:24.318Z,102.843,99587.67323369565
1613061533495,2021-02-11T16:39:24.322Z,102.92,99588.34510869565
1613061533573,2021-02-11T16:39:24.335Z,102.998,99587.67323369565
1613061533651,2021-02-11T16:39:24.349Z,103.076,99587.67323369565
1613061533728,2021-02-11T16:39:24.353Z,103.153,99587.67323369565
1613061533806,2021-02-11T16:39:24.366Z,103.231,99587.67323369565
1613061533884,2021-02-11T16:39:24.379Z,103.309,99587.67323369565
1613061533961,2021-02-11T16:39:24.392Z,103.386,99587.67323369565
1613061534039,2021-02-11T16:39:24.397Z,103.464,99587.67323369565
1613061534116,2021-02-11T16:39:24.410Z,103.541,99587.67323369565
1613061534194,2021-02-11T16:39:24.424Z,103.619,99587.67323369565
1613061534273,2021-02-11T16:39:24.428Z,103.698,99587.67323369565
1613061534351,2021-02-11T16:39:24.441Z,103.776,99587.67323369565
1613061534429,2021-02-11T16:39:24.471Z,103.854,99588.34510869565
1613061534506,2021-02-11T16:39:24.484Z,103.931,99587.67323369565
1613061534584,2021-02-11T16:39:24.497Z,104.009,99587.67323369565
1613061534661,2021-02-11T16:39:24.501Z,104.086,99588.34510869565
1613061534739,2021-02-11T16:39:24.515Z,104.164,99588.34510869565
1613061534817,2021-02-11T16:39:24.528Z,104.242,99588.34510869565
1613061534894,2021-02-11T16:39:24.533Z,104.319,99588.34510869565
1613061534972,2021-02-11T16:39:24.546Z,104.397,99588.34510869565
1613061535050,2021-02-11T16:39:24.559Z,104.475,99587.67323369565
1613061535127,2021-02-11T16:39:24.563Z,104.552,99588.34510869565
1613061535205,2021-02-11T16:39:24.576Z,104.63,99588.34510869565
1613061535283,2021-02-11T16:39:24.589Z,104.708,99588.34510869565
1613061535360,2021-02-11T16:39:24.603Z,104.785,99588.34510869565
1613061535438,2021-02-11T16:39:24.607Z,104.863,99588.34510869565
1613061535515,2021-02-11T16:39:24.620Z,104.94,99588.34510869565
1613061535593,2021-02-11T16:39:24.633Z,105.018,99589.18885869565
1613061535671,2021-02-11T16:39:24.638Z,105.096,99589.18885869565
1613061535748,2021-02-11T16:39:24.651Z,105.173,99589.18885869565
1613061535826,2021-02-11T16:39:24.664Z,105.251,99589.18885869565
1613061535904,2021-02-11T16:39:24.677Z,105.329,99589.18885869565
1613061535981,2021-02-11T16:39:24.681Z,105.406,99589.18885869565
1613061536059,2021-02-11T16:39:24.695Z,105.484,99589.86073369565
1613061536137,2021-02-11T16:39:24.707Z,105.562,99589.86073369565
1613061536214,2021-02-11T16:39:24.712Z,105.639,99589.86073369565
1613061536292,2021-02-11T16:39:24.725Z,105.717,99589.86073369565
1613061536369,2021-02-11T16:39:24.738Z,105.794,99589.86073369565
1613061536447,2021-02-11T16:39:24.743Z,105.872,99589.86073369565
1613061536525,2021-02-11T16:39:24.756Z,105.95,99589.86073369565
1613061536602,2021-02-11T16:39:24.769Z,106.027,99589.18885869565
1613061536680,2021-02-11T16:39:24.773Z,106.105,99589.18885869565
1613061536758,2021-02-11T16:39:24.786Z,106.183,99589.18885869565
1613061536835,2021-02-11T16:39:24.799Z,106.26,99589.18885869565
1613061536913,2021-02-11T16:39:24.812Z,106.338,99589.18885869565
1613061536991,2021-02-11T16:39:24.816Z,106.416,99589.18885869565
1613061537068,2021-02-11T16:39:24.830Z,106.493,99589.18885869565
1613061537146,2021-02-11T16:39:24.843Z,106.571,99589.18885869565
1613061537223,2021-02-11T16:39:24.847Z,106.648,99589.18885869565
1613061537301,2021-02-11T16:39:24.861Z,106.726,99589.18885869565
1613061537379,2021-02-11T16:39:24.874Z,106.804,99589.18885869565
1613061537458,2021-02-11T16:39:24.877Z,106.883,99589.18885869565
1613061537534,2021-02-11T16:39:24.918Z,106.959,99589.18885869565
1613061537612,2021-02-11T16:39:24.922Z,107.037,99589.18885869565
1613061537689,2021-02-11T16:39:24.936Z,107.114,99589.18885869565
1613061537767,2021-02-11T16:39:24.949Z,107.192,99589.18885869565
1613061537845,2021-02-11T16:39:24.962Z,107.27,99589.18885869565
1613061537922,2021-02-11T16:39:24.967Z,107.347,99589.18885869565
1613061538000,2021-02-11T16:39:24.979Z,107.425,99589.18885869565
1613061538077,2021-02-11T16:39:24.993Z,107.502,99589.18885869565
1613061538155,2021-02-11T16:39:24.997Z,107.58,99589.18885869565
1613061538233,2021-02-11T16:39:25.011Z,107.658,99589.18885869565
1613061538310,2021-02-11T16:39:25.024Z,107.735,99589.18885869565
1613061538388,2021-02-11T16:39:25.037Z,107.813,99589.18885869565
1613061538466,2021-02-11T16:39:25.041Z,107.891,99589.18885869565
1613061538543,2021-02-11T16:39:25.054Z,107.968,99589.18885869565
1613061538621,2021-02-11T16:39:25.058Z,108.046,99589.18885869565
1613061538699,2021-02-11T16:39:25.071Z,108.124,99589.86073369565
1613061538776,2021-02-11T16:39:25.084Z,108.201,99589.86073369565
1613061538854,2021-02-11T16:39:25.098Z,108.279,99589.86073369565
1613061538931,2021-02-11T16:39:25.101Z,108.356,99589.86073369565
1613061539009,2021-02-11T16:39:25.115Z,108.434,99589.86073369565
1613061539087,2021-02-11T16:39:25.128Z,108.512,99589.86073369565
1613061539164,2021-02-11T16:39:25.142Z,108.589,99589.86073369565
1613061539242,2021-02-11T16:39:25.146Z,108.667,99589.18885869565
1613061539320,2021-02-11T16:39:25.160Z,108.745,99589.86073369565
1613061539397,2021-02-11T16:39:25.173Z,108.822,99589.86073369565
1613061539476,2021-02-11T16:39:25.177Z,108.901,99589.86073369565
1613061539553,2021-02-11T16:39:25.189Z,108.978,99589.86073369565
1613061539630,2021-02-11T16:39:25.203Z,109.055,99589.86073369565
1613061539708,2021-02-11T16:39:25.207Z,109.133,99589.86073369565
1613061539785,2021-02-11T16:39:25.220Z,109.21,99589.86073369565
1613061539863,2021-02-11T16:39:25.234Z,109.288,99589.86073369565
1613061539941,2021-02-11T16:39:25.247Z,109.366,99590.71229619565
1613061540018,2021-02-11T16:39:25.251Z,109.443,99591.38417119565
1613061540096,2021-02-11T16:39:25.265Z,109.521,99591.38417119565
1613061540174,2021-02-11T16:39:25.278Z,109.599,99590.71229619565
1613061540253,2021-02-11T16:39:25.283Z,109.678,99590.71229619565
1613061540329,2021-02-11T16:39:25.296Z,109.754,99590.53260869565
1613061540407,2021-02-11T16:39:25.309Z,109.832,99590.71229619565
1613061540484,2021-02-11T16:39:25.313Z,109.909,99591.38417119565
1613061540562,2021-02-11T16:39:25.325Z,109.987,99591.38417119565
1613061540639,2021-02-11T16:39:25.338Z,110.064,99591.38417119565
1613061540717,2021-02-11T16:39:25.369Z,110.142,99591.38417119565
1613061540795,2021-02-11T16:39:25.383Z,110.22,99591.38417119565
1613061540872,2021-02-11T16:39:25.387Z,110.297,99590.71229619565
1613061540950,2021-02-11T16:39:25.400Z,110.375,99590.71229619565
1613061541029,2021-02-11T16:39:25.414Z,110.454,99590.71229619565
1613061541105,2021-02-11T16:39:25.427Z,110.53,99590.71229619565
1613061541183,2021-02-11T16:39:25.431Z,110.608,99590.71229619565
1613061541261,2021-02-11T16:39:25.445Z,110.686,99590.71229619565
1613061541338,2021-02-11T16:39:25.457Z,110.763,99590.71229619565
1613061541416,2021-02-11T16:39:25.462Z,110.841,99590.71229619565
1613061541493,2021-02-11T16:39:25.475Z,110.918,99590.71229619565
1613061541571,2021-02-11T16:39:25.488Z,110.996,99590.71229619565
1613061541649,2021-02-11T16:39:25.492Z,111.074,99590.71229619565
1613061541726,2021-02-11T16:39:25.506Z,111.151,99590.71229619565
1613061541805,2021-02-11T16:39:25.519Z,111.23,99590.04823369565
1613061541883,2021-02-11T16:39:25.532Z,111.308,99590.71229619565
1613061541959,2021-02-11T16:39:25.536Z,111.384,99590.71229619565
1613061542037,2021-02-11T16:39:25.549Z,111.462,99590.71229619565
1613061542115,2021-02-11T16:39:25.553Z,111.54,99590.04823369565
1613061542192,2021-02-11T16:39:25.566Z,111.617,99590.04823369565
1613061542270,2021-02-11T16:39:25.579Z,111.695,99590.04823369565
1613061542347,2021-02-11T16:39:25.593Z,111.772,99590.04823369565
1613061542425,2021-02-11T16:39:25.597Z,111.85,99590.04823369565
1613061542503,2021-02-11T16:39:25.610Z,111.928,99590.04823369565
1613061542582,2021-02-11T16:39:25.624Z,112.007,99590.04823369565
1613061542658,2021-02-11T16:39:25.628Z,112.083,99590.04823369565
1613061542736,2021-02-11T16:39:25.641Z,112.161,99590.04823369565
1613061542815,2021-02-11T16:39:25.654Z,112.24,99590.04823369565
1613061542892,2021-02-11T16:39:25.667Z,112.317,99590.04823369565
1613061542970,2021-02-11T16:39:25.672Z,112.395,99590.90760869565
1613061543048,2021-02-11T16:39:25.685Z,112.473,99590.90760869565
1613061543125,2021-02-11T16:39:25.698Z,112.55,99590.90760869565
1613061543203,2021-02-11T16:39:25.702Z,112.628,99590.90760869565
1613061543281,2021-02-11T16:39:25.716Z,112.706,99590.90760869565
1613061543358,2021-02-11T16:39:25.728Z,112.783,99590.04823369565
1613061543436,2021-02-11T16:39:25.732Z,112.861,99590.90760869565
1613061543513,2021-02-11T16:39:25.745Z,112.938,99590.04823369565
1613061543591,2021-02-11T16:39:25.759Z,113.016,99590.04823369565
1613061543669,2021-02-11T16:39:25.763Z,113.094,99590.04823369565
1613061543746,2021-02-11T16:39:25.777Z,113.171,99590.04823369565
1613061543824,2021-02-11T16:39:25.789Z,113.249,99590.04823369565
1613061543902,2021-02-11T16:39:25.821Z,113.327,99590.90760869565
1613061543979,2021-02-11T16:39:25.835Z,113.404,99590.90760869565
1613061544057,2021-02-11T16:39:25.848Z,113.482,99591.56385869565
1613061544135,2021-02-11T16:39:25.852Z,113.56,99591.56385869565
1613061544212,2021-02-11T16:39:25.864Z,113.637,99590.90760869565
1613061544290,2021-02-11T16:39:25.878Z,113.715,99591.56385869565
1613061544367,2021-02-11T16:39:25.882Z,113.792,99590.71229619565
1613061544445,2021-02-11T16:39:25.896Z,113.87,99590.90760869565
1613061544523,2021-02-11T16:39:25.909Z,113.948,99590.90760869565
1613061544600,2021-02-11T16:39:25.922Z,114.025,99590.90760869565
1613061544678,2021-02-11T16:39:25.926Z,114.103,99590.90760869565
