epoch (ms),time (-07:00),elapsed (s),Pressure (Pa)
1614182900847,2021-02-24T16:10:24.142Z,0.265,99351.95377604167
1614182900925,2021-02-24T16:10:24.158Z,0.343,99350.82096354167
1614182901002,2021-02-24T16:10:24.174Z,0.42,99349.65690104167
1614182901081,2021-02-24T16:10:24.203Z,0.499,99349.36002604167
1614182901159,2021-02-24T16:10:24.247Z,0.577,99348.37565104167
1614182901237,2021-02-24T16:10:24.263Z,0.655,99348.07877604167
1614182901314,2021-02-24T16:10:24.323Z,0.732,99347.09440104167
1614182901392,2021-02-24T16:10:24.339Z,0.81,99346.09440104167
1614182901469,2021-02-24T16:10:24.368Z,0.887,99345.93815104167
1614182901547,2021-02-24T16:10:24.384Z,0.965,99345.78190104167
1614182901625,2021-02-24T16:10:24.428Z,1.043,99344.81315104167
1614182901702,2021-02-24T16:10:24.457Z,1.12,99344.65690104167
1614182901780,2021-02-24T16:10:24.503Z,1.198,99342.82877604167
1614182901858,2021-02-24T16:10:24.533Z,1.276,99342.00065104167
1614182901935,2021-02-24T16:10:24.549Z,1.353,99342.67252604167
1614182902013,2021-02-24T16:10:24.578Z,1.431,99341.85221354167
1614182902091,2021-02-24T16:10:24.637Z,1.509,99341.70377604167
1614182902168,2021-02-24T16:10:24.654Z,1.586,99340.87565104167
1614182902246,2021-02-24T16:10:24.684Z,1.664,99340.71940104167
1614182902323,2021-02-24T16:10:24.713Z,1.741,99340.71940104167
1614182902401,2021-02-24T16:10:24.742Z,1.819,99340.57096354167
1614182902479,2021-02-24T16:10:24.759Z,1.897,99339.75065104167
1614182902556,2021-02-24T16:10:24.803Z,1.974,99339.75065104167
1614182902634,2021-02-24T16:10:24.863Z,2.052,99338.92252604167
1614182902712,2021-02-24T16:10:24.892Z,2.13,99338.77408854167
1614182902789,2021-02-24T16:10:24.909Z,2.207,99338.77408854167
1614182902867,2021-02-24T16:10:24.938Z,2.285,99338.77408854167
1614182902945,2021-02-24T16:10:24.967Z,2.363,99337.92252604167
1614182903022,2021-02-24T16:10:24.983Z,2.44,99338.58658854167
1614182903100,2021-02-24T16:10:25.012Z,2.518,99337.76627604167
1614182903177,2021-02-24T16:10:25.028Z,2.595,99337.76627604167
1614182903255,2021-02-24T16:10:25.074Z,2.673,99337.76627604167
1614182903333,2021-02-24T16:10:25.089Z,2.751,99337.76627604167
1614182903410,2021-02-24T16:10:25.118Z,2.828,99338.43815104167
1614182903488,2021-02-24T16:10:25.162Z,2.906,99337.61002604167
1614182903566,2021-02-24T16:10:25.193Z,2.984,99337.61002604167
1614182903643,2021-02-24T16:10:25.209Z,3.061,99337.61002604167
1614182903721,2021-02-24T16:10:25.238Z,3.139,99337.45377604167
1614182903799,2021-02-24T16:10:25.267Z,3.217,99337.45377604167
1614182903876,2021-02-24T16:10:25.283Z,3.294,99337.45377604167
1614182903954,2021-02-24T16:10:25.299Z,3.372,99337.45377604167
1614182904031,2021-02-24T16:10:25.342Z,3.449,99337.45377604167
1614182904109,2021-02-24T16:10:25.358Z,3.527,99337.45377604167
1614182904187,2021-02-24T16:10:25.403Z,3.605,99337.45377604167
1614182904264,2021-02-24T16:10:25.419Z,3.682,99337.30533854167
1614182904342,2021-02-24T16:10:25.449Z,3.76,99337.30533854167
1614182904420,2021-02-24T16:10:25.478Z,3.838,99336.64127604167
1614182904497,2021-02-24T16:10:25.508Z,3.915,99337.30533854167
1614182904576,2021-02-24T16:10:25.538Z,3.994,99337.30533854167
1614182904653,2021-02-24T16:10:25.554Z,4.071,99337.30533854167
1614182904730,2021-02-24T16:10:25.598Z,4.148,99337.30533854167
1614182904808,2021-02-24T16:10:25.642Z,4.226,99337.30533854167
1614182904885,2021-02-24T16:10:25.719Z,4.303,99337.30533854167
1614182904963,2021-02-24T16:10:25.763Z,4.381,99337.30533854167
1614182905041,2021-02-24T16:10:25.792Z,4.459,99337.30533854167
1614182905118,2021-02-24T16:10:25.808Z,4.536,99337.30533854167
1614182905196,2021-02-24T16:10:25.838Z,4.614,99337.30533854167
1614182905274,2021-02-24T16:10:25.854Z,4.692,99337.30533854167
1614182905351,2021-02-24T16:10:25.883Z,4.769,99337.30533854167
1614182905429,2021-02-24T16:10:25.912Z,4.847,99337.30533854167
1614182905507,2021-02-24T16:10:25.929Z,4.925,99337.30533854167
1614182905584,2021-02-24T16:10:25.988Z,5.002,99337.30533854167
1614182905662,2021-02-24T16:10:26.017Z,5.08,99337.30533854167
1614182905739,2021-02-24T16:10:26.033Z,5.157,99336.64127604167
1614182905817,2021-02-24T16:10:26.063Z,5.235,99336.64127604167
1614182905895,2021-02-24T16:10:26.079Z,5.313,99337.30533854167
1614182905974,2021-02-24T16:10:26.108Z,5.392,99336.64127604167
1614182906050,2021-02-24T16:10:26.167Z,5.468,99336.64127604167
1614182906128,2021-02-24T16:10:26.184Z,5.546,99336.64127604167
1614182906205,2021-02-24T16:10:26.212Z,5.623,99336.64127604167
1614182906283,2021-02-24T16:10:26.244Z,5.701,99336.64127604167
1614182906361,2021-02-24T16:10:26.274Z,5.779,99337.30533854167
1614182906438,2021-02-24T16:10:26.302Z,5.856,99336.64127604167
1614182906516,2021-02-24T16:10:26.318Z,5.934,99337.30533854167
1614182906593,2021-02-24T16:10:26.348Z,6.011,99336.64127604167
1614182906673,2021-02-24T16:10:26.377Z,6.091,99336.64127604167
1614182906750,2021-02-24T16:10:26.393Z,6.168,99336.64127604167
1614182906828,2021-02-24T16:10:26.409Z,6.246,99337.30533854167
1614182906905,2021-02-24T16:10:26.438Z,6.323,99337.30533854167
1614182906983,2021-02-24T16:10:26.467Z,6.401,99336.64127604167
1614182907061,2021-02-24T16:10:26.484Z,6.479,99337.30533854167
1614182907138,2021-02-24T16:10:26.543Z,6.556,99337.30533854167
1614182907216,2021-02-24T16:10:26.572Z,6.634,99337.30533854167
1614182907294,2021-02-24T16:10:26.602Z,6.712,99336.64127604167
1614182907371,2021-02-24T16:10:26.619Z,6.789,99336.64127604167
1614182907450,2021-02-24T16:10:26.648Z,6.868,99336.64127604167
1614182907527,2021-02-24T16:10:26.678Z,6.945,99336.64127604167
1614182907604,2021-02-24T16:10:26.694Z,7.022,99336.64127604167
1614182907682,2021-02-24T16:10:26.739Z,7.1,99336.64127604167
1614182907759,2021-02-24T16:10:26.754Z,7.177,99336.64127604167
1614182907837,2021-02-24T16:10:26.783Z,7.255,99336.64127604167
1614182907915,2021-02-24T16:10:26.827Z,7.333,99336.64127604167
1614182907992,2021-02-24T16:10:26.889Z,7.41,99336.64127604167
1614182908070,2021-02-24T16:10:26.918Z,7.488,99336.64127604167
1614182908148,2021-02-24T16:10:26.947Z,7.566,99336.64127604167
1614182908225,2021-02-24T16:10:26.964Z,7.643,99337.45377604167
1614182908303,2021-02-24T16:10:26.993Z,7.721,99337.45377604167
1614182908381,2021-02-24T16:10:27.022Z,7.799,99336.78971354167
1614182908458,2021-02-24T16:10:27.038Z,7.876,99335.96940104167
1614182908536,2021-02-24T16:10:27.083Z,7.954,99336.78971354167
1614182908613,2021-02-24T16:10:27.099Z,8.031,99336.78971354167
1614182908691,2021-02-24T16:10:27.142Z,8.109,99336.78971354167
1614182908769,2021-02-24T16:10:27.158Z,8.187,99336.78971354167
1614182908846,2021-02-24T16:10:27.188Z,8.264,99336.78971354167
1614182908924,2021-02-24T16:10:27.204Z,8.342,99336.78971354167
1614182909002,2021-02-24T16:10:27.233Z,8.42,99336.78971354167
1614182909079,2021-02-24T16:10:27.262Z,8.497,99336.78971354167
1614182909157,2021-02-24T16:10:27.294Z,8.575,99336.78971354167
1614182909235,2021-02-24T16:10:27.323Z,8.653,99336.12565104167
1614182909312,2021-02-24T16:10:27.339Z,8.73,99336.12565104167
1614182909390,2021-02-24T16:10:27.383Z,8.808,99336.12565104167
1614182909467,2021-02-24T16:10:27.412Z,8.885,99336.78971354167
1614182909545,2021-02-24T16:10:27.428Z,8.963,99336.12565104167
1614182909623,2021-02-24T16:10:27.444Z,9.041,99336.12565104167
1614182909700,2021-02-24T16:10:27.473Z,9.118,99336.12565104167
1614182909778,2021-02-24T16:10:27.502Z,9.196,99336.12565104167
1614182909856,2021-02-24T16:10:27.518Z,9.274,99336.12565104167
1614182909933,2021-02-24T16:10:27.548Z,9.351,99336.78971354167
1614182910011,2021-02-24T16:10:27.564Z,9.429,99336.78971354167
1614182910089,2021-02-24T16:10:27.593Z,9.507,99336.12565104167
1614182910166,2021-02-24T16:10:27.637Z,9.584,99336.12565104167
1614182910244,2021-02-24T16:10:27.654Z,9.662,99336.12565104167
1614182910321,2021-02-24T16:10:27.684Z,9.739,99336.12565104167
1614182910399,2021-02-24T16:10:27.713Z,9.817,99336.12565104167
1614182910478,2021-02-24T16:10:27.742Z,9.896,99336.12565104167
1614182910556,2021-02-24T16:10:27.759Z,9.974,99335.45377604167
1614182910633,2021-02-24T16:10:27.788Z,10.051,99336.12565104167
1614182910711,2021-02-24T16:10:27.877Z,10.129,99336.12565104167
1614182910789,2021-02-24T16:10:27.909Z,10.207,99336.12565104167
1614182910866,2021-02-24T16:10:27.952Z,10.284,99336.12565104167
1614182910944,2021-02-24T16:10:27.984Z,10.362,99335.45377604167
1614182911022,2021-02-24T16:10:28.013Z,10.44,99335.45377604167
1614182911099,2021-02-24T16:10:28.072Z,10.517,99335.61002604167
1614182911177,2021-02-24T16:10:28.088Z,10.595,99335.61002604167
1614182911255,2021-02-24T16:10:28.118Z,10.673,99335.61002604167
1614182911332,2021-02-24T16:10:28.134Z,10.75,99335.61002604167
1614182911410,2021-02-24T16:10:28.178Z,10.828,99335.61002604167
1614182911487,2021-02-24T16:10:28.207Z,10.905,99335.61002604167
1614182911565,2021-02-24T16:10:28.224Z,10.983,99334.93815104167
1614182911643,2021-02-24T16:10:28.253Z,11.061,99335.61002604167
1614182911720,2021-02-24T16:10:28.283Z,11.138,99334.93815104167
1614182911798,2021-02-24T16:10:28.299Z,11.216,99334.93815104167
1614182911876,2021-02-24T16:10:28.328Z,11.294,99334.93815104167
1614182911953,2021-02-24T16:10:28.344Z,11.371,99334.93815104167
1614182912031,2021-02-24T16:10:28.403Z,11.449,99334.93815104167
1614182912109,2021-02-24T16:10:28.419Z,11.527,99334.93815104167
1614182912186,2021-02-24T16:10:28.449Z,11.604,99334.26627604167
1614182912264,2021-02-24T16:10:28.492Z,11.682,99335.09440104167
1614182912342,2021-02-24T16:10:28.509Z,11.76,99335.09440104167
1614182912419,2021-02-24T16:10:28.537Z,11.837,99334.42252604167
1614182912497,2021-02-24T16:10:28.553Z,11.915,99334.42252604167
1614182912574,2021-02-24T16:10:28.569Z,11.992,99334.42252604167
1614182912652,2021-02-24T16:10:28.598Z,12.07,99334.42252604167
1614182912730,2021-02-24T16:10:28.643Z,12.148,99334.42252604167
1614182912807,2021-02-24T16:10:28.687Z,12.225,99334.42252604167
1614182912885,2021-02-24T16:10:28.704Z,12.303,99334.42252604167
1614182912963,2021-02-24T16:10:28.748Z,12.381,99334.42252604167
1614182913040,2021-02-24T16:10:28.766Z,12.458,99334.42252604167
1614182913118,2021-02-24T16:10:28.793Z,12.536,99333.75846354167
1614182913196,2021-02-24T16:10:28.822Z,12.614,99333.75846354167
1614182913273,2021-02-24T16:10:28.839Z,12.691,99333.75846354167
1614182913351,2021-02-24T16:10:28.868Z,12.769,99333.75846354167
1614182913428,2021-02-24T16:10:28.897Z,12.846,99333.75846354167
1614182913506,2021-02-24T16:10:28.914Z,12.924,99333.75846354167
1614182913584,2021-02-24T16:10:28.958Z,13.002,99333.75846354167
1614182913661,2021-02-24T16:10:28.975Z,13.079,99334.57877604167
1614182913739,2021-02-24T16:10:29.003Z,13.157,99334.57877604167
1614182913818,2021-02-24T16:10:29.047Z,13.236,99334.57877604167
1614182913896,2021-02-24T16:10:29.064Z,13.314,99334.57877604167
1614182913973,2021-02-24T16:10:29.094Z,13.391,99334.57877604167
1614182914051,2021-02-24T16:10:29.137Z,13.469,99334.57877604167
1614182914129,2021-02-24T16:10:29.154Z,13.547,99334.57877604167
1614182914206,2021-02-24T16:10:29.213Z,13.624,99334.57877604167
1614182914284,2021-02-24T16:10:29.229Z,13.702,99334.57877604167
1614182914362,2021-02-24T16:10:29.258Z,13.78,99334.57877604167
1614182914439,2021-02-24T16:10:29.303Z,13.857,99333.90690104167
1614182914517,2021-02-24T16:10:29.319Z,13.935,99334.57877604167
1614182914594,2021-02-24T16:10:29.348Z,14.012,99334.57877604167
1614182914672,2021-02-24T16:10:29.364Z,14.09,99334.57877604167
1614182914750,2021-02-24T16:10:29.394Z,14.168,99334.57877604167
1614182914827,2021-02-24T16:10:29.422Z,14.245,99334.57877604167
1614182914905,2021-02-24T16:10:29.439Z,14.323,99334.57877604167
1614182914983,2021-02-24T16:10:29.468Z,14.401,99334.57877604167
1614182915060,2021-02-24T16:10:29.512Z,14.478,99334.57877604167
1614182915138,2021-02-24T16:10:29.529Z,14.556,99334.57877604167
1614182915216,2021-02-24T16:10:29.558Z,14.634,99334.57877604167
1614182915293,2021-02-24T16:10:29.574Z,14.711,99334.57877604167
1614182915372,2021-02-24T16:10:29.618Z,14.79,99333.90690104167
1614182915448,2021-02-24T16:10:29.649Z,14.866,99333.90690104167
1614182915526,2021-02-24T16:10:29.678Z,14.944,99334.57877604167
1614182915604,2021-02-24T16:10:29.694Z,15.022,99333.90690104167
1614182915681,2021-02-24T16:10:29.723Z,15.099,99333.90690104167
1614182915759,2021-02-24T16:10:29.753Z,15.177,99333.90690104167
1614182915837,2021-02-24T16:10:29.782Z,15.255,99333.90690104167
1614182915914,2021-02-24T16:10:29.799Z,15.332,99333.90690104167
1614182915992,2021-02-24T16:10:29.845Z,15.41,99333.90690104167
1614182916071,2021-02-24T16:10:29.859Z,15.489,99333.90690104167
1614182916149,2021-02-24T16:10:29.888Z,15.567,99333.24283854167
1614182916225,2021-02-24T16:10:29.917Z,15.643,99333.24283854167
1614182916302,2021-02-24T16:10:29.934Z,15.72,99333.24283854167
1614182916380,2021-02-24T16:10:29.963Z,15.798,99333.24283854167
1614182916458,2021-02-24T16:10:29.992Z,15.876,99333.24283854167
1614182916535,2021-02-24T16:10:30.009Z,15.953,99333.24283854167
1614182916613,2021-02-24T16:10:30.038Z,16.031,99333.90690104167
1614182916691,2021-02-24T16:10:30.069Z,16.109,99333.90690104167
1614182916770,2021-02-24T16:10:30.098Z,16.188,99333.24283854167
1614182916846,2021-02-24T16:10:30.129Z,16.264,99334.09440104167
1614182916924,2021-02-24T16:10:30.173Z,16.342,99334.09440104167
1614182917001,2021-02-24T16:10:30.189Z,16.419,99333.24283854167
1614182917079,2021-02-24T16:10:30.219Z,16.497,99334.09440104167
1614182917156,2021-02-24T16:10:30.234Z,16.574,99334.76627604167
1614182917234,2021-02-24T16:10:30.264Z,16.652,99334.09440104167
1614182917312,2021-02-24T16:10:30.323Z,16.73,99334.09440104167
1614182917389,2021-02-24T16:10:30.339Z,16.807,99334.76627604167
1614182917468,2021-02-24T16:10:30.399Z,16.886,99334.76627604167
1614182917546,2021-02-24T16:10:30.443Z,16.964,99334.09440104167
1614182917624,2021-02-24T16:10:30.459Z,17.042,99334.09440104167
1614182917701,2021-02-24T16:10:30.488Z,17.119,99334.09440104167
1614182917779,2021-02-24T16:10:30.517Z,17.197,99334.09440104167
1614182917857,2021-02-24T16:10:30.534Z,17.275,99334.09440104167
1614182917934,2021-02-24T16:10:30.563Z,17.352,99334.09440104167
1614182918012,2021-02-24T16:10:30.580Z,17.43,99334.09440104167
1614182918090,2021-02-24T16:10:30.623Z,17.508,99333.42252604167
1614182918167,2021-02-24T16:10:30.653Z,17.585,99333.42252604167
1614182918245,2021-02-24T16:10:30.713Z,17.663,99334.09440104167
1614182918322,2021-02-24T16:10:30.728Z,17.74,99334.09440104167
1614182918400,2021-02-24T16:10:30.757Z,17.818,99334.09440104167
1614182918478,2021-02-24T16:10:30.774Z,17.896,99334.09440104167
1614182918555,2021-02-24T16:10:30.803Z,17.973,99334.09440104167
1614182918633,2021-02-24T16:10:30.819Z,18.051,99334.09440104167
1614182918711,2021-02-24T16:10:30.863Z,18.129,99334.92252604167
1614182918788,2021-02-24T16:10:30.879Z,18.206,99334.09440104167
1614182918866,2021-02-24T16:10:30.908Z,18.284,99334.92252604167
1614182918945,2021-02-24T16:10:30.953Z,18.363,99334.92252604167
1614182919023,2021-02-24T16:10:30.969Z,18.441,99334.92252604167
1614182919100,2021-02-24T16:10:30.998Z,18.518,99335.57877604167
1614182919178,2021-02-24T16:10:31.027Z,18.596,99334.92252604167
1614182919256,2021-02-24T16:10:31.044Z,18.674,99335.57877604167
1614182919333,2021-02-24T16:10:31.073Z,18.751,99335.57877604167
1614182919411,2021-02-24T16:10:31.089Z,18.829,99335.57877604167
1614182919488,2021-02-24T16:10:31.134Z,18.906,99335.57877604167
1614182919566,2021-02-24T16:10:31.163Z,18.984,99334.92252604167
1614182919644,2021-02-24T16:10:31.194Z,19.062,99335.57877604167
1614182919721,2021-02-24T16:10:31.223Z,19.139,99334.92252604167
1614182919799,2021-02-24T16:10:31.239Z,19.217,99335.57877604167
1614182919877,2021-02-24T16:10:31.268Z,19.295,99335.57877604167
1614182919954,2021-02-24T16:10:31.297Z,19.372,99334.92252604167
1614182920032,2021-02-24T16:10:31.314Z,19.45,99335.57877604167
1614182920110,2021-02-24T16:10:31.343Z,19.528,99335.57877604167
1614182920187,2021-02-24T16:10:31.359Z,19.605,99335.57877604167
1614182920265,2021-02-24T16:10:31.403Z,19.683,99335.57877604167
1614182920342,2021-02-24T16:10:31.419Z,19.76,99335.57877604167
1614182920420,2021-02-24T16:10:31.508Z,19.838,99335.57877604167
1614182920498,2021-02-24T16:10:31.537Z,19.916,99335.57877604167
1614182920575,2021-02-24T16:10:31.554Z,19.993,99335.57877604167
1614182920653,2021-02-24T16:10:31.583Z,20.071,99335.57877604167
1614182920731,2021-02-24T16:10:31.599Z,20.149,99335.57877604167
1614182920808,2021-02-24T16:10:31.629Z,20.226,99335.57877604167
1614182920886,2021-02-24T16:10:31.657Z,20.304,99335.57877604167
1614182920964,2021-02-24T16:10:31.689Z,20.382,99335.57877604167
1614182921041,2021-02-24T16:10:31.718Z,20.459,99335.57877604167
1614182921119,2021-02-24T16:10:31.762Z,20.537,99335.57877604167
1614182921196,2021-02-24T16:10:31.778Z,20.614,99335.57877604167
1614182921274,2021-02-24T16:10:31.794Z,20.692,99335.57877604167
1614182921352,2021-02-24T16:10:31.823Z,20.77,99336.25065104167
1614182921429,2021-02-24T16:10:31.852Z,20.847,99336.25065104167
1614182921507,2021-02-24T16:10:31.870Z,20.925,99335.57877604167
1614182921585,2021-02-24T16:10:31.914Z,21.003,99335.57877604167
1614182921662,2021-02-24T16:10:31.943Z,21.08,99336.25065104167
1614182921740,2021-02-24T16:10:31.959Z,21.158,99336.25065104167
1614182921818,2021-02-24T16:10:31.988Z,21.236,99336.25065104167
1614182921895,2021-02-24T16:10:32.004Z,21.313,99336.25065104167
1614182921973,2021-02-24T16:10:32.033Z,21.391,99336.25065104167
1614182922050,2021-02-24T16:10:32.077Z,21.468,99336.25065104167
1614182922128,2021-02-24T16:10:32.109Z,21.546,99336.25065104167
1614182922206,2021-02-24T16:10:32.138Z,21.624,99337.07877604167
1614182922283,2021-02-24T16:10:32.155Z,21.701,99337.07877604167
1614182922361,2021-02-24T16:10:32.184Z,21.779,99337.07877604167
1614182922439,2021-02-24T16:10:32.228Z,21.857,99337.07877604167
1614182922516,2021-02-24T16:10:32.244Z,21.934,99336.40690104167
1614182922594,2021-02-24T16:10:32.273Z,22.012,99337.07877604167
1614182922672,2021-02-24T16:10:32.317Z,22.09,99336.40690104167
1614182922749,2021-02-24T16:10:32.334Z,22.167,99337.07877604167
1614182922827,2021-02-24T16:10:32.378Z,22.245,99336.40690104167
1614182922904,2021-02-24T16:10:32.394Z,22.322,99337.07877604167
1614182922982,2021-02-24T16:10:32.424Z,22.4,99337.07877604167
1614182923060,2021-02-24T16:10:32.452Z,22.478,99337.07877604167
1614182923137,2021-02-24T16:10:32.469Z,22.555,99337.07877604167
1614182923217,2021-02-24T16:10:32.498Z,22.635,99336.25065104167
1614182923294,2021-02-24T16:10:32.528Z,22.712,99336.25065104167
1614182923372,2021-02-24T16:10:32.545Z,22.79,99337.07877604167
1614182923449,2021-02-24T16:10:32.588Z,22.867,99336.25065104167
1614182923527,2021-02-24T16:10:32.634Z,22.945,99336.25065104167
1614182923605,2021-02-24T16:10:32.663Z,23.023,99336.40690104167
1614182923682,2021-02-24T16:10:32.692Z,23.1,99336.40690104167
1614182923760,2021-02-24T16:10:32.709Z,23.178,99335.57877604167
1614182923838,2021-02-24T16:10:32.739Z,23.256,99335.57877604167
1614182923915,2021-02-24T16:10:32.769Z,23.333,99335.57877604167
1614182923993,2021-02-24T16:10:32.828Z,23.411,99335.57877604167
1614182924071,2021-02-24T16:10:32.858Z,23.489,99336.40690104167
1614182924148,2021-02-24T16:10:32.887Z,23.566,99336.40690104167
1614182924226,2021-02-24T16:10:32.904Z,23.644,99335.74283854167
1614182924303,2021-02-24T16:10:32.948Z,23.721,99335.74283854167
1614182924381,2021-02-24T16:10:32.965Z,23.799,99335.74283854167
1614182924459,2021-02-24T16:10:32.994Z,23.877,99335.74283854167
1614182924536,2021-02-24T16:10:33.041Z,23.954,99335.74283854167
1614182924614,2021-02-24T16:10:33.054Z,24.032,99335.07096354167
1614182924692,2021-02-24T16:10:33.098Z,24.11,99335.07096354167
1614182924769,2021-02-24T16:10:33.127Z,24.187,99335.07096354167
1614182924847,2021-02-24T16:10:33.144Z,24.265,99335.07096354167
1614182924925,2021-02-24T16:10:33.203Z,24.343,99335.07096354167
1614182925002,2021-02-24T16:10:33.219Z,24.42,99335.07096354167
1614182925080,2021-02-24T16:10:33.248Z,24.498,99335.07096354167
1614182925157,2021-02-24T16:10:33.265Z,24.575,99335.07096354167
1614182925235,2021-02-24T16:10:33.294Z,24.653,99335.07096354167
1614182925313,2021-02-24T16:10:33.323Z,24.731,99335.07096354167
1614182925390,2021-02-24T16:10:33.369Z,24.808,99335.07096354167
1614182925468,2021-02-24T16:10:33.413Z,24.886,99334.40690104167
1614182925546,2021-02-24T16:10:33.430Z,24.964,99334.40690104167
1614182925623,2021-02-24T16:10:33.458Z,25.041,99334.40690104167
1614182925701,2021-02-24T16:10:33.502Z,25.119,99334.40690104167
1614182925779,2021-02-24T16:10:33.519Z,25.197,99334.40690104167
1614182925856,2021-02-24T16:10:33.548Z,25.274,99334.40690104167
1614182925934,2021-02-24T16:10:33.565Z,25.352,99334.40690104167
1614182926011,2021-02-24T16:10:33.609Z,25.429,99334.40690104167
1614182926089,2021-02-24T16:10:33.653Z,25.507,99334.40690104167
1614182926168,2021-02-24T16:10:33.669Z,25.586,99334.40690104167
1614182926244,2021-02-24T16:10:33.698Z,25.662,99334.40690104167
1614182926322,2021-02-24T16:10:33.742Z,25.74,99334.40690104167
1614182926400,2021-02-24T16:10:33.759Z,25.818,99334.40690104167
1614182926477,2021-02-24T16:10:33.789Z,25.895,99334.40690104167
1614182926555,2021-02-24T16:10:33.804Z,25.973,99334.40690104167
1614182926633,2021-02-24T16:10:33.864Z,26.051,99334.40690104167
1614182926710,2021-02-24T16:10:33.908Z,26.128,99335.22721354167
1614182926788,2021-02-24T16:10:33.953Z,26.206,99335.22721354167
1614182926865,2021-02-24T16:10:33.984Z,26.283,99335.22721354167
1614182926943,2021-02-24T16:10:33.999Z,26.361,99335.22721354167
1614182927021,2021-02-24T16:10:34.043Z,26.439,99335.22721354167
1614182927098,2021-02-24T16:10:34.060Z,26.516,99335.89127604167
1614182927176,2021-02-24T16:10:34.089Z,26.594,99335.89127604167
1614182927254,2021-02-24T16:10:34.118Z,26.672,99335.89127604167
1614182927331,2021-02-24T16:10:34.134Z,26.749,99335.89127604167
1614182927409,2021-02-24T16:10:34.163Z,26.827,99335.89127604167
1614182927487,2021-02-24T16:10:34.193Z,26.905,99335.89127604167
1614182927564,2021-02-24T16:10:34.209Z,26.982,99335.22721354167
1614182927642,2021-02-24T16:10:34.238Z,27.06,99335.22721354167
1614182927719,2021-02-24T16:10:34.255Z,27.137,99335.22721354167
1614182927797,2021-02-24T16:10:34.299Z,27.215,99335.22721354167
1614182927875,2021-02-24T16:10:34.358Z,27.293,99335.22721354167
1614182927954,2021-02-24T16:10:34.377Z,27.372,99335.22721354167
1614182928030,2021-02-24T16:10:34.403Z,27.448,99335.22721354167
1614182928108,2021-02-24T16:10:34.419Z,27.526,99335.22721354167
1614182928185,2021-02-24T16:10:34.463Z,27.603,99335.22721354167
1614182928264,2021-02-24T16:10:34.493Z,27.682,99335.22721354167
1614182928341,2021-02-24T16:10:34.524Z,27.759,99334.55533854167
1614182928418,2021-02-24T16:10:34.568Z,27.836,99334.55533854167
1614182928496,2021-02-24T16:10:34.589Z,27.914,99334.55533854167
1614182928573,2021-02-24T16:10:34.614Z,27.991,99333.89127604167
1614182928651,2021-02-24T16:10:34.643Z,28.069,99333.89127604167
1614182928729,2021-02-24T16:10:34.660Z,28.147,99334.70377604167
1614182928806,2021-02-24T16:10:34.688Z,28.224,99334.70377604167
1614182928884,2021-02-24T16:10:34.718Z,28.302,99334.70377604167
1614182928963,2021-02-24T16:10:34.734Z,28.381,99334.70377604167
1614182929041,2021-02-24T16:10:34.793Z,28.459,99334.70377604167
1614182929118,2021-02-24T16:10:34.810Z,28.536,99334.70377604167
1614182929196,2021-02-24T16:10:34.854Z,28.614,99334.70377604167
1614182929274,2021-02-24T16:10:34.883Z,28.692,99334.70377604167
1614182929351,2021-02-24T16:10:34.900Z,28.769,99334.70377604167
1614182929429,2021-02-24T16:10:34.928Z,28.847,99334.03971354167
1614182929507,2021-02-24T16:10:34.973Z,28.925,99334.03971354167
1614182929584,2021-02-24T16:10:34.989Z,29.002,99333.37565104167
1614182929662,2021-02-24T16:10:35.048Z,29.08,99333.37565104167
1614182929739,2021-02-24T16:10:35.095Z,29.157,99333.37565104167
1614182929817,2021-02-24T16:10:35.110Z,29.235,99333.37565104167
1614182929895,2021-02-24T16:10:35.139Z,29.313,99333.37565104167
1614182929972,2021-02-24T16:10:35.168Z,29.39,99333.37565104167
1614182930050,2021-02-24T16:10:35.185Z,29.468,99333.37565104167
1614182930128,2021-02-24T16:10:35.213Z,29.546,99333.37565104167
1614182930205,2021-02-24T16:10:35.243Z,29.623,99333.37565104167
1614182930283,2021-02-24T16:10:35.259Z,29.701,99333.37565104167
1614182930361,2021-02-24T16:10:35.288Z,29.779,99333.37565104167
1614182930438,2021-02-24T16:10:35.305Z,29.856,99333.37565104167
1614182930516,2021-02-24T16:10:35.335Z,29.934,99333.37565104167
1614182930593,2021-02-24T16:10:35.393Z,30.011,99333.37565104167
1614182930671,2021-02-24T16:10:35.423Z,30.089,99332.70377604167
1614182930749,2021-02-24T16:10:35.439Z,30.167,99332.70377604167
1614182930826,2021-02-24T16:10:35.469Z,30.244,99332.70377604167
1614182930904,2021-02-24T16:10:35.498Z,30.322,99332.70377604167
1614182930982,2021-02-24T16:10:35.515Z,30.4,99332.70377604167
1614182931059,2021-02-24T16:10:35.543Z,30.477,99332.70377604167
1614182931137,2021-02-24T16:10:35.588Z,30.555,99332.70377604167
1614182931215,2021-02-24T16:10:35.603Z,30.633,99332.70377604167
1614182931292,2021-02-24T16:10:35.648Z,30.71,99333.37565104167
1614182931370,2021-02-24T16:10:35.664Z,30.788,99332.70377604167
1614182931447,2021-02-24T16:10:35.693Z,30.865,99332.70377604167
1614182931525,2021-02-24T16:10:35.710Z,30.943,99332.70377604167
1614182931603,2021-02-24T16:10:35.739Z,31.021,99332.70377604167
1614182931680,2021-02-24T16:10:35.768Z,31.098,99332.70377604167
1614182931758,2021-02-24T16:10:35.785Z,31.176,99332.70377604167
1614182931836,2021-02-24T16:10:35.813Z,31.254,99332.70377604167
1614182931913,2021-02-24T16:10:35.843Z,31.331,99333.53190104167
1614182931991,2021-02-24T16:10:35.859Z,31.409,99332.70377604167
1614182932069,2021-02-24T16:10:35.888Z,31.487,99332.70377604167
1614182932146,2021-02-24T16:10:35.905Z,31.564,99332.70377604167
1614182932224,2021-02-24T16:10:35.949Z,31.642,99332.70377604167
1614182932301,2021-02-24T16:10:35.978Z,31.719,99334.18815104167
1614182932379,2021-02-24T16:10:35.995Z,31.797,99333.37565104167
1614182932457,2021-02-24T16:10:36.023Z,31.875,99333.53190104167
1614182932536,2021-02-24T16:10:36.053Z,31.954,99333.53190104167
1614182932612,2021-02-24T16:10:36.068Z,32.03,99333.53190104167
1614182932690,2021-02-24T16:10:36.128Z,32.108,99333.53190104167
1614182932769,2021-02-24T16:10:36.143Z,32.187,99333.53190104167
1614182932845,2021-02-24T16:10:36.204Z,32.263,99333.53190104167
1614182932923,2021-02-24T16:10:36.235Z,32.341,99333.53190104167
1614182933000,2021-02-24T16:10:36.250Z,32.418,99333.53190104167
1614182933078,2021-02-24T16:10:36.279Z,32.496,99333.53190104167
1614182933155,2021-02-24T16:10:36.323Z,32.573,99333.53190104167
1614182933233,2021-02-24T16:10:36.340Z,32.651,99333.53190104167
1614182933312,2021-02-24T16:10:36.368Z,32.73,99333.53190104167
1614182933388,2021-02-24T16:10:36.385Z,32.806,99333.53190104167
1614182933466,2021-02-24T16:10:36.413Z,32.884,99333.53190104167
1614182933544,2021-02-24T16:10:36.443Z,32.962,99333.53190104167
1614182933621,2021-02-24T16:10:36.460Z,33.039,99333.53190104167
1614182933699,2021-02-24T16:10:36.518Z,33.117,99333.53190104167
1614182933777,2021-02-24T16:10:36.535Z,33.195,99333.53190104167
1614182933854,2021-02-24T16:10:36.565Z,33.272,99333.53190104167
1614182933932,2021-02-24T16:10:36.593Z,33.35,99332.86002604167
1614182934011,2021-02-24T16:10:36.610Z,33.429,99333.68033854167
1614182934089,2021-02-24T16:10:36.638Z,33.507,99333.68033854167
1614182934166,2021-02-24T16:10:36.683Z,33.584,99333.68033854167
1614182934244,2021-02-24T16:10:36.713Z,33.662,99333.68033854167
1614182934321,2021-02-24T16:10:36.745Z,33.739,99334.35221354167
1614182934399,2021-02-24T16:10:36.788Z,33.817,99334.35221354167
1614182934477,2021-02-24T16:10:36.820Z,33.895,99334.35221354167
1614182934554,2021-02-24T16:10:36.848Z,33.972,99334.35221354167
1614182934632,2021-02-24T16:10:36.878Z,34.05,99334.35221354167
1614182934710,2021-02-24T16:10:36.894Z,34.128,99334.35221354167
1614182934787,2021-02-24T16:10:36.923Z,34.205,99333.68033854167
1614182934865,2021-02-24T16:10:36.940Z,34.283,99333.68033854167
1614182934943,2021-02-24T16:10:36.969Z,34.361,99333.68033854167
1614182935020,2021-02-24T16:10:36.998Z,34.438,99334.35221354167
1614182935098,2021-02-24T16:10:37.015Z,34.516,99333.68033854167
1614182935175,2021-02-24T16:10:37.058Z,34.593,99333.68033854167
1614182935253,2021-02-24T16:10:37.088Z,34.671,99333.68033854167
1614182935331,2021-02-24T16:10:37.105Z,34.749,99333.68033854167
1614182935408,2021-02-24T16:10:37.134Z,34.826,99333.68033854167
1614182935486,2021-02-24T16:10:37.150Z,34.904,99333.68033854167
1614182935564,2021-02-24T16:10:37.179Z,34.982,99333.68033854167
1614182935641,2021-02-24T16:10:37.208Z,35.059,99333.68033854167
1614182935719,2021-02-24T16:10:37.240Z,35.137,99333.01627604167
1614182935797,2021-02-24T16:10:37.268Z,35.215,99333.01627604167
1614182935874,2021-02-24T16:10:37.300Z,35.292,99333.01627604167
1614182935952,2021-02-24T16:10:37.360Z,35.37,99333.01627604167
1614182936029,2021-02-24T16:10:37.388Z,35.447,99332.34440104167
1614182936107,2021-02-24T16:10:37.418Z,35.525,99332.34440104167
1614182936185,2021-02-24T16:10:37.433Z,35.603,99332.34440104167
1614182936262,2021-02-24T16:10:37.463Z,35.68,99332.34440104167
1614182936340,2021-02-24T16:10:37.479Z,35.758,99332.34440104167
1614182936418,2021-02-24T16:10:37.508Z,35.836,99333.16471354167
1614182936495,2021-02-24T16:10:37.525Z,35.913,99333.16471354167
1614182936573,2021-02-24T16:10:37.554Z,35.991,99332.34440104167
1614182936651,2021-02-24T16:10:37.583Z,36.069,99332.34440104167
1614182936728,2021-02-24T16:10:37.615Z,36.146,99332.34440104167
1614182936806,2021-02-24T16:10:37.644Z,36.224,99332.34440104167
1614182936883,2021-02-24T16:10:37.673Z,36.301,99332.34440104167
1614182936961,2021-02-24T16:10:37.690Z,36.379,99332.34440104167
1614182937039,2021-02-24T16:10:37.719Z,36.457,99333.82877604167
1614182937116,2021-02-24T16:10:37.748Z,36.534,99333.16471354167
1614182937194,2021-02-24T16:10:37.765Z,36.612,99333.16471354167
1614182937272,2021-02-24T16:10:37.808Z,36.69,99333.16471354167
1614182937349,2021-02-24T16:10:37.868Z,36.767,99333.16471354167
1614182937427,2021-02-24T16:10:37.884Z,36.845,99333.16471354167
1614182937505,2021-02-24T16:10:37.928Z,36.923,99333.16471354167
1614182937584,2021-02-24T16:10:37.944Z,37.002,99333.16471354167
1614182937660,2021-02-24T16:10:37.973Z,37.078,99333.16471354167
1614182937737,2021-02-24T16:10:37.990Z,37.155,99333.16471354167
1614182937815,2021-02-24T16:10:38.019Z,37.233,99333.16471354167
1614182937893,2021-02-24T16:10:38.050Z,37.311,99333.16471354167
1614182937970,2021-02-24T16:10:38.065Z,37.388,99333.16471354167
1614182938048,2021-02-24T16:10:38.093Z,37.466,99333.82877604167
1614182938126,2021-02-24T16:10:38.123Z,37.544,99333.16471354167
1614182938203,2021-02-24T16:10:38.139Z,37.621,99333.16471354167
1614182938282,2021-02-24T16:10:38.183Z,37.7,99333.16471354167
1614182938359,2021-02-24T16:10:38.199Z,37.777,99333.16471354167
1614182938438,2021-02-24T16:10:38.228Z,37.856,99332.50065104167
1614182938515,2021-02-24T16:10:38.273Z,37.933,99332.50065104167
1614182938593,2021-02-24T16:10:38.290Z,38.011,99332.50065104167
1614182938671,2021-02-24T16:10:38.318Z,38.089,99332.50065104167
1614182938748,2021-02-24T16:10:38.363Z,38.166,99332.50065104167
1614182938826,2021-02-24T16:10:38.379Z,38.244,99332.50065104167
1614182938904,2021-02-24T16:10:38.423Z,38.322,99333.98502604167
1614182938981,2021-02-24T16:10:38.483Z,38.399,99333.31315104167
1614182939059,2021-02-24T16:10:38.499Z,38.477,99333.98502604167
1614182939136,2021-02-24T16:10:38.543Z,38.554,99333.31315104167
1614182939214,2021-02-24T16:10:38.573Z,38.632,99333.31315104167
1614182939292,2021-02-24T16:10:38.603Z,38.71,99333.98502604167
1614182939369,2021-02-24T16:10:38.619Z,38.787,99333.98502604167
1614182939447,2021-02-24T16:10:38.648Z,38.865,99333.31315104167
1614182939525,2021-02-24T16:10:38.665Z,38.943,99333.31315104167
1614182939602,2021-02-24T16:10:38.694Z,39.02,99333.31315104167
1614182939680,2021-02-24T16:10:38.738Z,39.098,99333.98502604167
1614182939758,2021-02-24T16:10:38.755Z,39.176,99333.98502604167
1614182939835,2021-02-24T16:10:38.783Z,39.253,99333.98502604167
1614182939913,2021-02-24T16:10:38.813Z,39.331,99333.98502604167
1614182939990,2021-02-24T16:10:38.829Z,39.408,99333.98502604167
1614182940068,2021-02-24T16:10:38.858Z,39.486,99333.98502604167
1614182940146,2021-02-24T16:10:38.875Z,39.564,99333.98502604167
1614182940223,2021-02-24T16:10:38.934Z,39.641,99333.98502604167
1614182940301,2021-02-24T16:10:38.978Z,39.719,99334.65690104167
1614182940379,2021-02-24T16:10:38.995Z,39.797,99334.65690104167
1614182940456,2021-02-24T16:10:39.023Z,39.874,99334.65690104167
1614182940534,2021-02-24T16:10:39.040Z,39.952,99334.65690104167
1614182940612,2021-02-24T16:10:39.068Z,40.03,99334.65690104167
1614182940689,2021-02-24T16:10:39.098Z,40.107,99334.65690104167
1614182940767,2021-02-24T16:10:39.114Z,40.185,99334.65690104167
1614182940844,2021-02-24T16:10:39.143Z,40.262,99334.65690104167
1614182940922,2021-02-24T16:10:39.174Z,40.34,99334.65690104167
1614182941000,2021-02-24T16:10:39.203Z,40.418,99334.65690104167
1614182941077,2021-02-24T16:10:39.279Z,40.495,99334.65690104167
1614182941155,2021-02-24T16:10:39.308Z,40.573,99334.65690104167
1614182941233,2021-02-24T16:10:39.324Z,40.651,99335.32096354167
1614182941310,2021-02-24T16:10:39.353Z,40.728,99335.32096354167
1614182941388,2021-02-24T16:10:39.370Z,40.806,99334.65690104167
1614182941466,2021-02-24T16:10:39.399Z,40.884,99334.65690104167
1614182941543,2021-02-24T16:10:39.428Z,40.961,99334.65690104167
1614182941621,2021-02-24T16:10:39.460Z,41.039,99334.65690104167
1614182941698,2021-02-24T16:10:39.488Z,41.116,99334.65690104167
1614182941776,2021-02-24T16:10:39.533Z,41.194,99334.65690104167
1614182941855,2021-02-24T16:10:39.549Z,41.273,99334.65690104167
1614182941931,2021-02-24T16:10:39.578Z,41.349,99334.65690104167
1614182942009,2021-02-24T16:10:39.593Z,41.427,99334.65690104167
1614182942087,2021-02-24T16:10:39.623Z,41.505,99334.65690104167
1614182942164,2021-02-24T16:10:39.670Z,41.582,99334.65690104167
1614182942242,2021-02-24T16:10:39.713Z,41.66,99333.98502604167
1614182942320,2021-02-24T16:10:39.743Z,41.738,99334.65690104167
1614182942399,2021-02-24T16:10:39.759Z,41.817,99334.65690104167
1614182942476,2021-02-24T16:10:39.788Z,41.894,99333.98502604167
1614182942554,2021-02-24T16:10:39.805Z,41.972,99333.98502604167
1614182942632,2021-02-24T16:10:39.849Z,42.05,99333.98502604167
1614182942709,2021-02-24T16:10:39.893Z,42.127,99333.98502604167
1614182942787,2021-02-24T16:10:39.910Z,42.205,99333.98502604167
1614182942864,2021-02-24T16:10:39.940Z,42.282,99333.98502604167
1614182942942,2021-02-24T16:10:39.968Z,42.36,99333.31315104167
1614182943020,2021-02-24T16:10:40.013Z,42.438,99333.31315104167
1614182943097,2021-02-24T16:10:40.030Z,42.515,99333.31315104167
1614182943175,2021-02-24T16:10:40.073Z,42.593,99333.31315104167
1614182943253,2021-02-24T16:10:40.090Z,42.671,99333.31315104167
1614182943330,2021-02-24T16:10:40.118Z,42.748,99333.31315104167
1614182943408,2021-02-24T16:10:40.148Z,42.826,99333.31315104167
1614182943486,2021-02-24T16:10:40.164Z,42.904,99333.31315104167
1614182943563,2021-02-24T16:10:40.193Z,42.981,99333.31315104167
1614182943641,2021-02-24T16:10:40.210Z,43.059,99333.31315104167
1614182943718,2021-02-24T16:10:40.253Z,43.136,99333.31315104167
1614182943796,2021-02-24T16:10:40.269Z,43.214,99332.64908854167
1614182943874,2021-02-24T16:10:40.313Z,43.292,99333.31315104167
1614182943951,2021-02-24T16:10:40.330Z,43.369,99333.31315104167
1614182944029,2021-02-24T16:10:40.359Z,43.447,99333.31315104167
1614182944107,2021-02-24T16:10:40.390Z,43.525,99333.31315104167
1614182944184,2021-02-24T16:10:40.419Z,43.602,99333.31315104167
1614182944262,2021-02-24T16:10:40.448Z,43.68,99333.31315104167
1614182944340,2021-02-24T16:10:40.465Z,43.758,99333.46940104167
1614182944417,2021-02-24T16:10:40.508Z,43.835,99333.46940104167
1614182944495,2021-02-24T16:10:40.538Z,43.913,99333.46940104167
1614182944572,2021-02-24T16:10:40.569Z,43.99,99332.79752604167
1614182944650,2021-02-24T16:10:40.598Z,44.068,99332.79752604167
1614182944728,2021-02-24T16:10:40.630Z,44.146,99332.79752604167
1614182944807,2021-02-24T16:10:40.659Z,44.225,99332.79752604167
1614182944883,2021-02-24T16:10:40.675Z,44.301,99332.79752604167
1614182944961,2021-02-24T16:10:40.719Z,44.379,99332.79752604167
1614182945038,2021-02-24T16:10:40.748Z,44.456,99332.79752604167
1614182945116,2021-02-24T16:10:40.764Z,44.534,99332.79752604167
1614182945194,2021-02-24T16:10:40.823Z,44.612,99333.46940104167
1614182945271,2021-02-24T16:10:40.840Z,44.689,99333.46940104167
1614182945349,2021-02-24T16:10:40.869Z,44.767,99333.46940104167
1614182945426,2021-02-24T16:10:40.913Z,44.844,99333.46940104167
1614182945506,2021-02-24T16:10:40.945Z,44.924,99333.46940104167
1614182945582,2021-02-24T16:10:40.988Z,45,99332.79752604167
1614182945659,2021-02-24T16:10:41.018Z,45.077,99333.46940104167
1614182945737,2021-02-24T16:10:41.034Z,45.155,99333.65690104167
1614182945815,2021-02-24T16:10:41.063Z,45.233,99333.46940104167
1614182945894,2021-02-24T16:10:41.080Z,45.312,99333.65690104167
1614182945971,2021-02-24T16:10:41.109Z,45.389,99333.65690104167
1614182946049,2021-02-24T16:10:41.138Z,45.467,99333.65690104167
1614182946127,2021-02-24T16:10:41.155Z,45.545,99333.65690104167
1614182946204,2021-02-24T16:10:41.199Z,45.622,99333.65690104167
1614182946282,2021-02-24T16:10:41.228Z,45.7,99333.65690104167
1614182946360,2021-02-24T16:10:41.244Z,45.778,99333.65690104167
1614182946437,2021-02-24T16:10:41.288Z,45.855,99333.65690104167
1614182946515,2021-02-24T16:10:41.305Z,45.933,99333.65690104167
1614182946592,2021-02-24T16:10:41.334Z,46.01,99333.65690104167
1614182946670,2021-02-24T16:10:41.350Z,46.088,99333.65690104167
1614182946748,2021-02-24T16:10:41.394Z,46.166,99333.65690104167
1614182946825,2021-02-24T16:10:41.438Z,46.243,99334.32877604167
1614182946903,2021-02-24T16:10:41.455Z,46.321,99333.65690104167
1614182946981,2021-02-24T16:10:41.498Z,46.399,99333.65690104167
1614182947058,2021-02-24T16:10:41.515Z,46.476,99333.65690104167
1614182947136,2021-02-24T16:10:41.543Z,46.554,99334.32877604167
1614182947214,2021-02-24T16:10:41.573Z,46.632,99333.65690104167
1614182947291,2021-02-24T16:10:41.589Z,46.709,99333.65690104167
1614182947369,2021-02-24T16:10:41.618Z,46.787,99333.65690104167
1614182947446,2021-02-24T16:10:41.635Z,46.864,99333.65690104167
1614182947524,2021-02-24T16:10:41.664Z,46.942,99333.65690104167
1614182947602,2021-02-24T16:10:41.693Z,47.02,99333.65690104167
1614182947679,2021-02-24T16:10:41.710Z,47.097,99333.65690104167
1614182947757,2021-02-24T16:10:41.753Z,47.175,99333.65690104167
1614182947835,2021-02-24T16:10:41.770Z,47.253,99333.65690104167
1614182947912,2021-02-24T16:10:41.798Z,47.33,99333.65690104167
1614182947990,2021-02-24T16:10:41.828Z,47.408,99334.32877604167
1614182948068,2021-02-24T16:10:41.844Z,47.486,99333.65690104167
1614182948145,2021-02-24T16:10:41.873Z,47.563,99334.32877604167
1614182948223,2021-02-24T16:10:41.889Z,47.641,99334.32877604167
1614182948300,2021-02-24T16:10:41.949Z,47.718,99334.32877604167
1614182948378,2021-02-24T16:10:41.993Z,47.796,99334.32877604167
1614182948456,2021-02-24T16:10:42.009Z,47.874,99334.32877604167
1614182948533,2021-02-24T16:10:42.053Z,47.951,99334.32877604167
1614182948611,2021-02-24T16:10:42.069Z,48.029,99334.32877604167
1614182948689,2021-02-24T16:10:42.098Z,48.107,99335.14908854167
1614182948766,2021-02-24T16:10:42.115Z,48.184,99335.14908854167
1614182948844,2021-02-24T16:10:42.144Z,48.262,99334.48502604167
1614182948922,2021-02-24T16:10:42.173Z,48.34,99334.48502604167
1614182948999,2021-02-24T16:10:42.203Z,48.417,99334.48502604167
1614182949077,2021-02-24T16:10:42.219Z,48.495,99334.48502604167
1614182949154,2021-02-24T16:10:42.248Z,48.572,99334.48502604167
1614182949232,2021-02-24T16:10:42.265Z,48.65,99334.48502604167
1614182949310,2021-02-24T16:10:42.308Z,48.728,99334.48502604167
1614182949387,2021-02-24T16:10:42.325Z,48.805,99334.48502604167
1614182949465,2021-02-24T16:10:42.354Z,48.883,99334.48502604167
1614182949543,2021-02-24T16:10:42.383Z,48.961,99334.48502604167
1614182949620,2021-02-24T16:10:42.400Z,49.038,99334.48502604167
1614182949698,2021-02-24T16:10:42.444Z,49.116,99334.48502604167
1614182949776,2021-02-24T16:10:42.459Z,49.194,99333.81315104167
1614182949853,2021-02-24T16:10:42.488Z,49.271,99333.81315104167
1614182949931,2021-02-24T16:10:42.505Z,49.349,99333.81315104167
1614182950008,2021-02-24T16:10:42.533Z,49.426,99333.81315104167
1614182950086,2021-02-24T16:10:42.563Z,49.504,99333.14127604167
1614182950164,2021-02-24T16:10:42.579Z,49.582,99333.14127604167
1614182950241,2021-02-24T16:10:42.609Z,49.659,99333.14127604167
1614182950319,2021-02-24T16:10:42.625Z,49.737,99333.14127604167
1614182950397,2021-02-24T16:10:42.669Z,49.815,99333.14127604167
1614182950474,2021-02-24T16:10:42.698Z,49.892,99333.14127604167
1614182950552,2021-02-24T16:10:42.715Z,49.97,99333.14127604167
1614182950630,2021-02-24T16:10:42.744Z,50.048,99333.14127604167
1614182950709,2021-02-24T16:10:42.773Z,50.127,99333.14127604167
1614182950786,2021-02-24T16:10:42.789Z,50.204,99333.14127604167
1614182950864,2021-02-24T16:10:42.820Z,50.282,99333.14127604167
1614182950942,2021-02-24T16:10:42.849Z,50.36,99333.14127604167
1614182951019,2021-02-24T16:10:42.878Z,50.437,99333.14127604167
1614182951097,2021-02-24T16:10:42.894Z,50.515,99332.47721354167
1614182951175,2021-02-24T16:10:42.924Z,50.593,99332.47721354167
1614182951254,2021-02-24T16:10:42.940Z,50.672,99332.47721354167
1614182951330,2021-02-24T16:10:42.968Z,50.748,99332.47721354167
1614182951407,2021-02-24T16:10:43.014Z,50.825,99332.47721354167
1614182951485,2021-02-24T16:10:43.043Z,50.903,99332.47721354167
1614182951564,2021-02-24T16:10:43.060Z,50.982,99332.62565104167
1614182951642,2021-02-24T16:10:43.088Z,51.06,99332.62565104167
1614182951719,2021-02-24T16:10:43.118Z,51.137,99333.29752604167
1614182951797,2021-02-24T16:10:43.148Z,51.215,99333.29752604167
1614182951875,2021-02-24T16:10:43.180Z,51.293,99333.29752604167
1614182951952,2021-02-24T16:10:43.209Z,51.37,99333.29752604167
1614182952030,2021-02-24T16:10:43.238Z,51.448,99333.29752604167
1614182952108,2021-02-24T16:10:43.254Z,51.526,99333.29752604167
1614182952185,2021-02-24T16:10:43.284Z,51.603,99333.29752604167
1614182952263,2021-02-24T16:10:43.300Z,51.681,99333.29752604167
1614182952341,2021-02-24T16:10:43.329Z,51.759,99333.29752604167
1614182952418,2021-02-24T16:10:43.373Z,51.836,99332.62565104167
1614182952496,2021-02-24T16:10:43.390Z,51.914,99332.62565104167
1614182952573,2021-02-24T16:10:43.419Z,51.991,99332.62565104167
1614182952651,2021-02-24T16:10:43.448Z,52.069,99333.45377604167
1614182952729,2021-02-24T16:10:43.464Z,52.147,99333.45377604167
1614182952806,2021-02-24T16:10:43.493Z,52.224,99333.45377604167
1614182952884,2021-02-24T16:10:43.509Z,52.302,99333.45377604167
1614182952962,2021-02-24T16:10:43.538Z,52.38,99333.45377604167
1614182953039,2021-02-24T16:10:43.554Z,52.457,99331.96158854167
1614182953117,2021-02-24T16:10:43.598Z,52.535,99332.62565104167
1614182953195,2021-02-24T16:10:43.614Z,52.613,99333.45377604167
1614182953272,2021-02-24T16:10:43.643Z,52.69,99333.45377604167
1614182953350,2021-02-24T16:10:43.660Z,52.768,99333.45377604167
1614182953427,2021-02-24T16:10:43.689Z,52.845,99332.62565104167
1614182953505,2021-02-24T16:10:43.733Z,52.923,99332.62565104167
1614182953583,2021-02-24T16:10:43.750Z,53.001,99333.45377604167
1614182953660,2021-02-24T16:10:43.778Z,53.078,99333.45377604167
1614182953738,2021-02-24T16:10:43.808Z,53.156,99332.62565104167
1614182953816,2021-02-24T16:10:43.824Z,53.234,99332.62565104167
1614182953893,2021-02-24T16:10:43.853Z,53.311,99332.78190104167
1614182953971,2021-02-24T16:10:43.870Z,53.389,99332.78190104167
1614182954049,2021-02-24T16:10:43.899Z,53.467,99332.78190104167
1614182954126,2021-02-24T16:10:43.928Z,53.544,99332.78190104167
1614182954204,2021-02-24T16:10:43.944Z,53.622,99332.78190104167
1614182954281,2021-02-24T16:10:43.973Z,53.699,99332.11002604167
1614182954359,2021-02-24T16:10:43.990Z,53.777,99332.11002604167
1614182954437,2021-02-24T16:10:44.018Z,53.855,99332.11002604167
1614182954514,2021-02-24T16:10:44.079Z,53.932,99332.78190104167
1614182954592,2021-02-24T16:10:44.109Z,54.01,99332.11002604167
1614182954670,2021-02-24T16:10:44.125Z,54.088,99332.78190104167
1614182954747,2021-02-24T16:10:44.154Z,54.165,99332.78190104167
1614182954825,2021-02-24T16:10:44.185Z,54.243,99332.11002604167
1614182954904,2021-02-24T16:10:44.220Z,54.322,99332.78190104167
1614182954980,2021-02-24T16:10:44.259Z,54.398,99332.78190104167
1614182955059,2021-02-24T16:10:44.288Z,54.477,99332.78190104167
1614182955137,2021-02-24T16:10:44.304Z,54.555,99332.11002604167
1614182955215,2021-02-24T16:10:44.334Z,54.633,99332.78190104167
1614182955292,2021-02-24T16:10:44.350Z,54.71,99332.78190104167
1614182955370,2021-02-24T16:10:44.393Z,54.788,99332.11002604167
1614182955447,2021-02-24T16:10:44.410Z,54.865,99332.11002604167
1614182955525,2021-02-24T16:10:44.439Z,54.943,99332.11002604167
1614182955603,2021-02-24T16:10:44.468Z,55.021,99332.11002604167
1614182955680,2021-02-24T16:10:44.499Z,55.098,99331.44596354167
1614182955758,2021-02-24T16:10:44.528Z,55.176,99332.11002604167
1614182955836,2021-02-24T16:10:44.545Z,55.254,99332.11002604167
1614182955913,2021-02-24T16:10:44.574Z,55.331,99332.11002604167
1614182955991,2021-02-24T16:10:44.590Z,55.409,99332.11002604167
1614182956069,2021-02-24T16:10:44.619Z,55.487,99332.11002604167
1614182956146,2021-02-24T16:10:44.648Z,55.564,99332.93815104167
1614182956224,2021-02-24T16:10:44.664Z,55.642,99332.93815104167
1614182956301,2021-02-24T16:10:44.694Z,55.719,99332.93815104167
1614182956379,2021-02-24T16:10:44.710Z,55.797,99332.93815104167
1614182956457,2021-02-24T16:10:44.739Z,55.875,99332.93815104167
1614182956534,2021-02-24T16:10:44.768Z,55.952,99332.93815104167
1614182956612,2021-02-24T16:10:44.785Z,56.03,99332.93815104167
1614182956690,2021-02-24T16:10:44.814Z,56.108,99332.93815104167
1614182956767,2021-02-24T16:10:44.843Z,56.185,99332.93815104167
1614182956845,2021-02-24T16:10:44.859Z,56.263,99332.93815104167
1614182956923,2021-02-24T16:10:44.904Z,56.341,99332.93815104167
1614182957000,2021-02-24T16:10:44.920Z,56.418,99333.61002604167
1614182957078,2021-02-24T16:10:44.949Z,56.496,99333.61002604167
1614182957155,2021-02-24T16:10:44.978Z,56.573,99333.61002604167
1614182957233,2021-02-24T16:10:44.995Z,56.651,99333.61002604167
1614182957311,2021-02-24T16:10:45.024Z,56.729,99333.61002604167
1614182957388,2021-02-24T16:10:45.053Z,56.806,99333.61002604167
1614182957466,2021-02-24T16:10:45.069Z,56.884,99333.61002604167
1614182957544,2021-02-24T16:10:45.113Z,56.962,99332.93815104167
1614182957621,2021-02-24T16:10:45.173Z,57.039,99332.93815104167
1614182957699,2021-02-24T16:10:45.189Z,57.117,99332.93815104167
1614182957777,2021-02-24T16:10:45.219Z,57.195,99332.93815104167
1614182957854,2021-02-24T16:10:45.234Z,57.272,99332.93815104167
1614182957932,2021-02-24T16:10:45.264Z,57.35,99332.93815104167
1614182958009,2021-02-24T16:10:45.280Z,57.427,99332.93815104167
1614182958087,2021-02-24T16:10:45.323Z,57.505,99332.93815104167
1614182958165,2021-02-24T16:10:45.339Z,57.583,99332.93815104167
1614182958242,2021-02-24T16:10:45.369Z,57.66,99332.93815104167
1614182958320,2021-02-24T16:10:45.385Z,57.738,99332.93815104167
1614182958398,2021-02-24T16:10:45.414Z,57.816,99332.93815104167
1614182958475,2021-02-24T16:10:45.443Z,57.893,99332.93815104167
1614182958553,2021-02-24T16:10:45.459Z,57.971,99332.93815104167
1614182958631,2021-02-24T16:10:45.488Z,58.049,99332.93815104167
1614182958708,2021-02-24T16:10:45.518Z,58.126,99332.26627604167
1614182958786,2021-02-24T16:10:45.534Z,58.204,99332.26627604167
1614182958863,2021-02-24T16:10:45.564Z,58.281,99332.26627604167
1614182958941,2021-02-24T16:10:45.595Z,58.359,99331.60221354167
1614182959019,2021-02-24T16:10:45.630Z,58.437,99331.60221354167
1614182959096,2021-02-24T16:10:45.640Z,58.514,99330.93033854167
1614182959174,2021-02-24T16:10:45.669Z,58.592,99330.93033854167
1614182959252,2021-02-24T16:10:45.698Z,58.67,99330.93033854167
1614182959329,2021-02-24T16:10:45.715Z,58.747,99330.26627604167
1614182959407,2021-02-24T16:10:45.744Z,58.825,99330.26627604167
1614182959485,2021-02-24T16:10:45.773Z,58.903,99330.26627604167
1614182959562,2021-02-24T16:10:45.789Z,58.98,99330.26627604167
1614182959640,2021-02-24T16:10:45.821Z,59.058,99330.26627604167
1614182959717,2021-02-24T16:10:45.835Z,59.135,99330.26627604167
1614182959795,2021-02-24T16:10:45.864Z,59.213,99330.26627604167
1614182959874,2021-02-24T16:10:45.893Z,59.292,99330.26627604167
1614182959950,2021-02-24T16:10:45.910Z,59.368,99330.26627604167
1614182960028,2021-02-24T16:10:45.939Z,59.446,99329.59440104167
1614182960106,2021-02-24T16:10:45.968Z,59.524,99329.59440104167
1614182960183,2021-02-24T16:10:45.984Z,59.601,99330.26627604167
1614182960261,2021-02-24T16:10:46.014Z,59.679,99330.26627604167
1614182960339,2021-02-24T16:10:46.030Z,59.757,99330.26627604167
1614182960416,2021-02-24T16:10:46.059Z,59.834,99329.59440104167
1614182960494,2021-02-24T16:10:46.088Z,59.912,99330.26627604167
1614182960573,2021-02-24T16:10:46.105Z,59.991,99330.26627604167
1614182960651,2021-02-24T16:10:46.120Z,60.069,99329.59440104167
1614182960728,2021-02-24T16:10:46.180Z,60.146,99329.59440104167
1614182960806,2021-02-24T16:10:46.209Z,60.224,99328.92252604167
1614182960883,2021-02-24T16:10:46.238Z,60.301,99328.92252604167
1614182960961,2021-02-24T16:10:46.255Z,60.379,99328.92252604167
1614182961039,2021-02-24T16:10:46.284Z,60.457,99329.75065104167
1614182961116,2021-02-24T16:10:46.314Z,60.534,99329.75065104167
1614182961194,2021-02-24T16:10:46.330Z,60.612,99328.92252604167
1614182961272,2021-02-24T16:10:46.359Z,60.69,99328.25846354167
1614182961349,2021-02-24T16:10:46.375Z,60.767,99328.25846354167
1614182961427,2021-02-24T16:10:46.404Z,60.845,99329.07877604167
1614182961505,2021-02-24T16:10:46.433Z,60.923,99329.07877604167
1614182961582,2021-02-24T16:10:46.450Z,61,99328.92252604167
1614182961660,2021-02-24T16:10:46.479Z,61.078,99329.07877604167
1614182961737,2021-02-24T16:10:46.508Z,61.155,99329.75065104167
1614182961815,2021-02-24T16:10:46.524Z,61.233,99329.75065104167
1614182961893,2021-02-24T16:10:46.554Z,61.311,99329.75065104167
1614182961970,2021-02-24T16:10:46.570Z,61.388,99329.75065104167
1614182962048,2021-02-24T16:10:46.599Z,61.466,99329.75065104167
1614182962126,2021-02-24T16:10:46.628Z,61.544,99329.75065104167
1614182962203,2021-02-24T16:10:46.659Z,61.621,99329.75065104167
1614182962281,2021-02-24T16:10:46.718Z,61.699,99329.75065104167
1614182962359,2021-02-24T16:10:46.735Z,61.777,99329.75065104167
1614182962436,2021-02-24T16:10:46.764Z,61.854,99329.75065104167
1614182962514,2021-02-24T16:10:46.793Z,61.932,99330.41471354167
1614182962592,2021-02-24T16:10:46.809Z,62.01,99330.41471354167
1614182962669,2021-02-24T16:10:46.854Z,62.087,99331.08658854167
1614182962747,2021-02-24T16:10:46.870Z,62.165,99331.08658854167
1614182962824,2021-02-24T16:10:46.899Z,62.242,99331.08658854167
1614182962902,2021-02-24T16:10:46.928Z,62.32,99331.08658854167
1614182962980,2021-02-24T16:10:46.945Z,62.398,99331.08658854167
1614182963057,2021-02-24T16:10:46.974Z,62.475,99331.08658854167
1614182963135,2021-02-24T16:10:47.003Z,62.553,99331.75065104167
1614182963213,2021-02-24T16:10:47.019Z,62.631,99331.75065104167
1614182963290,2021-02-24T16:10:47.049Z,62.708,99331.75065104167
1614182963368,2021-02-24T16:10:47.078Z,62.786,99331.08658854167
1614182963446,2021-02-24T16:10:47.095Z,62.864,99331.75065104167
1614182963525,2021-02-24T16:10:47.124Z,62.943,99331.75065104167
1614182963601,2021-02-24T16:10:47.153Z,63.019,99331.08658854167
1614182963678,2021-02-24T16:10:47.169Z,63.096,99331.75065104167
1614182963756,2021-02-24T16:10:47.198Z,63.174,99331.75065104167
1614182963834,2021-02-24T16:10:47.244Z,63.252,99331.75065104167
1614182963911,2021-02-24T16:10:47.260Z,63.329,99331.75065104167
1614182963989,2021-02-24T16:10:47.289Z,63.407,99331.75065104167
1614182964067,2021-02-24T16:10:47.333Z,63.485,99331.75065104167
1614182964144,2021-02-24T16:10:47.365Z,63.562,99331.75065104167
1614182964223,2021-02-24T16:10:47.394Z,63.641,99332.42252604167
1614182964300,2021-02-24T16:10:47.409Z,63.718,99331.75065104167
1614182964377,2021-02-24T16:10:47.438Z,63.795,99332.42252604167
1614182964455,2021-02-24T16:10:47.455Z,63.873,99331.75065104167
1614182964532,2021-02-24T16:10:47.484Z,63.95,99331.75065104167
1614182964610,2021-02-24T16:10:47.513Z,64.028,99331.75065104167
1614182964689,2021-02-24T16:10:47.529Z,64.107,99331.75065104167
1614182964767,2021-02-24T16:10:47.574Z,64.185,99331.75065104167
1614182964844,2021-02-24T16:10:47.591Z,64.262,99331.08658854167
1614182964922,2021-02-24T16:10:47.619Z,64.34,99331.08658854167
1614182965000,2021-02-24T16:10:47.664Z,64.418,99331.90690104167
1614182965077,2021-02-24T16:10:47.680Z,64.495,99331.23502604167
1614182965155,2021-02-24T16:10:47.709Z,64.573,99331.23502604167
1614182965233,2021-02-24T16:10:47.725Z,64.651,99331.23502604167
1614182965310,2021-02-24T16:10:47.754Z,64.728,99331.23502604167
1614182965388,2021-02-24T16:10:47.784Z,64.806,99331.23502604167
1614182965466,2021-02-24T16:10:47.799Z,64.884,99331.23502604167
1614182965543,2021-02-24T16:10:47.829Z,64.961,99330.57096354167
1614182965621,2021-02-24T16:10:47.845Z,65.039,99330.57096354167
1614182965698,2021-02-24T16:10:47.874Z,65.116,99330.57096354167
1614182965776,2021-02-24T16:10:47.904Z,65.194,99330.57096354167
1614182965854,2021-02-24T16:10:47.920Z,65.272,99330.57096354167
1614182965931,2021-02-24T16:10:47.949Z,65.349,99330.57096354167
1614182966009,2021-02-24T16:10:47.978Z,65.427,99330.57096354167
1614182966087,2021-02-24T16:10:47.994Z,65.505,99330.57096354167
1614182966164,2021-02-24T16:10:48.024Z,65.582,99330.57096354167
1614182966242,2021-02-24T16:10:48.040Z,65.66,99330.57096354167
1614182966320,2021-02-24T16:10:48.069Z,65.738,99330.57096354167
1614182966397,2021-02-24T16:10:48.098Z,65.815,99330.57096354167
1614182966475,2021-02-24T16:10:48.115Z,65.893,99330.57096354167
1614182966552,2021-02-24T16:10:48.144Z,65.97,99330.57096354167
1614182966630,2021-02-24T16:10:48.173Z,66.048,99330.57096354167
1614182966708,2021-02-24T16:10:48.190Z,66.126,99330.57096354167
1614182966785,2021-02-24T16:10:48.218Z,66.203,99330.57096354167
1614182966863,2021-02-24T16:10:48.235Z,66.281,99330.57096354167
1614182966941,2021-02-24T16:10:48.294Z,66.359,99330.57096354167
1614182967018,2021-02-24T16:10:48.323Z,66.436,99330.57096354167
1614182967096,2021-02-24T16:10:48.340Z,66.514,99331.23502604167
1614182967174,2021-02-24T16:10:48.383Z,66.592,99331.23502604167
1614182967251,2021-02-24T16:10:48.414Z,66.669,99330.57096354167
1614182967329,2021-02-24T16:10:48.443Z,66.747,99330.57096354167
1614182967406,2021-02-24T16:10:48.460Z,66.824,99332.06315104167
1614182967484,2021-02-24T16:10:48.489Z,66.902,99332.06315104167
1614182967562,2021-02-24T16:10:48.505Z,66.98,99332.06315104167
1614182967639,2021-02-24T16:10:48.534Z,67.057,99331.39127604167
1614182967717,2021-02-24T16:10:48.563Z,67.135,99331.39127604167
1614182967795,2021-02-24T16:10:48.594Z,67.213,99331.39127604167
1614182967872,2021-02-24T16:10:48.610Z,67.29,99331.39127604167
1614182967950,2021-02-24T16:10:48.654Z,67.368,99331.39127604167
1614182968028,2021-02-24T16:10:48.683Z,67.446,99332.06315104167
1614182968105,2021-02-24T16:10:48.700Z,67.523,99332.06315104167
1614182968183,2021-02-24T16:10:48.729Z,67.601,99332.06315104167
1614182968260,2021-02-24T16:10:48.758Z,67.678,99332.06315104167
1614182968338,2021-02-24T16:10:48.774Z,67.756,99332.06315104167
1614182968416,2021-02-24T16:10:48.803Z,67.834,99332.06315104167
1614182968493,2021-02-24T16:10:48.820Z,67.911,99332.06315104167
1614182968571,2021-02-24T16:10:48.849Z,67.989,99332.06315104167
1614182968649,2021-02-24T16:10:48.865Z,68.067,99332.72721354167
1614182968726,2021-02-24T16:10:48.894Z,68.144,99332.72721354167
1614182968804,2021-02-24T16:10:48.923Z,68.222,99332.72721354167
1614182968882,2021-02-24T16:10:48.955Z,68.3,99332.06315104167
1614182968959,2021-02-24T16:10:48.984Z,68.377,99332.06315104167
1614182969037,2021-02-24T16:10:49.013Z,68.455,99332.06315104167
1614182969114,2021-02-24T16:10:49.029Z,68.532,99332.72721354167
1614182969192,2021-02-24T16:10:49.074Z,68.61,99332.72721354167
1614182969270,2021-02-24T16:10:49.105Z,68.688,99332.06315104167
1614182969347,2021-02-24T16:10:49.134Z,68.765,99332.06315104167
1614182969425,2021-02-24T16:10:49.163Z,68.843,99332.06315104167
1614182969503,2021-02-24T16:10:49.180Z,68.921,99332.06315104167
1614182969580,2021-02-24T16:10:49.210Z,68.998,99332.06315104167
1614182969658,2021-02-24T16:10:49.238Z,69.076,99332.06315104167
1614182969736,2021-02-24T16:10:49.254Z,69.154,99332.06315104167
1614182969815,2021-02-24T16:10:49.284Z,69.233,99332.06315104167
1614182969892,2021-02-24T16:10:49.315Z,69.31,99332.06315104167
1614182969970,2021-02-24T16:10:49.344Z,69.388,99332.06315104167
1614182970048,2021-02-24T16:10:49.389Z,69.466,99332.72721354167
1614182970125,2021-02-24T16:10:49.405Z,69.543,99332.72721354167
1614182970203,2021-02-24T16:10:49.434Z,69.621,99332.06315104167
1614182970280,2021-02-24T16:10:49.463Z,69.698,99332.06315104167
1614182970358,2021-02-24T16:10:49.480Z,69.776,99332.06315104167
1614182970436,2021-02-24T16:10:49.509Z,69.854,99332.06315104167
1614182970513,2021-02-24T16:10:49.538Z,69.931,99331.39127604167
1614182970591,2021-02-24T16:10:49.555Z,70.009,99331.39127604167
1614182970669,2021-02-24T16:10:49.584Z,70.087,99331.39127604167
1614182970746,2021-02-24T16:10:49.599Z,70.164,99331.39127604167
1614182970824,2021-02-24T16:10:49.629Z,70.242,99331.39127604167
1614182970902,2021-02-24T16:10:49.645Z,70.32,99331.39127604167
1614182970979,2021-02-24T16:10:49.674Z,70.397,99331.39127604167
1614182971057,2021-02-24T16:10:49.703Z,70.475,99332.21940104167
1614182971134,2021-02-24T16:10:49.734Z,70.552,99331.54752604167
1614182971212,2021-02-24T16:10:49.763Z,70.63,99331.54752604167
1614182971290,2021-02-24T16:10:49.780Z,70.708,99331.54752604167
1614182971367,2021-02-24T16:10:49.809Z,70.785,99331.54752604167
1614182971445,2021-02-24T16:10:49.825Z,70.863,99331.54752604167
1614182971523,2021-02-24T16:10:49.854Z,70.941,99331.54752604167
1614182971600,2021-02-24T16:10:49.883Z,71.018,99331.54752604167
1614182971678,2021-02-24T16:10:49.900Z,71.096,99331.54752604167
1614182971756,2021-02-24T16:10:49.929Z,71.174,99331.54752604167
1614182971833,2021-02-24T16:10:49.945Z,71.251,99331.54752604167
1614182971911,2021-02-24T16:10:49.974Z,71.329,99331.54752604167
1614182971988,2021-02-24T16:10:50.003Z,71.406,99330.87565104167
1614182972066,2021-02-24T16:10:50.020Z,71.484,99330.87565104167
1614182972144,2021-02-24T16:10:50.049Z,71.562,99330.21158854167
1614182972221,2021-02-24T16:10:50.078Z,71.639,99330.87565104167
1614182972299,2021-02-24T16:10:50.095Z,71.717,99330.21158854167
1614182972377,2021-02-24T16:10:50.139Z,71.795,99330.87565104167
1614182972454,2021-02-24T16:10:50.155Z,71.872,99330.87565104167
1614182972532,2021-02-24T16:10:50.185Z,71.95,99330.87565104167
1614182972610,2021-02-24T16:10:50.213Z,72.028,99330.87565104167
1614182972687,2021-02-24T16:10:50.247Z,72.105,99330.87565104167
1614182972766,2021-02-24T16:10:50.274Z,72.184,99330.87565104167
1614182972844,2021-02-24T16:10:50.303Z,72.262,99330.87565104167
1614182972922,2021-02-24T16:10:50.319Z,72.34,99330.87565104167
1614182972999,2021-02-24T16:10:50.335Z,72.417,99330.21158854167
1614182973077,2021-02-24T16:10:50.364Z,72.495,99330.21158854167
1614182973154,2021-02-24T16:10:50.440Z,72.572,99330.21158854167
1614182973232,2021-02-24T16:10:50.469Z,72.65,99330.21158854167
1614182973310,2021-02-24T16:10:50.485Z,72.728,99330.21158854167
1614182973387,2021-02-24T16:10:50.515Z,72.805,99330.21158854167
1614182973465,2021-02-24T16:10:50.544Z,72.883,99330.21158854167
1614182973543,2021-02-24T16:10:50.573Z,72.961,99330.21158854167
1614182973620,2021-02-24T16:10:50.589Z,73.038,99330.21158854167
1614182973698,2021-02-24T16:10:50.618Z,73.116,99330.21158854167
1614182973776,2021-02-24T16:10:50.635Z,73.194,99330.21158854167
1614182973853,2021-02-24T16:10:50.678Z,73.271,99330.21158854167
1614182973931,2021-02-24T16:10:50.709Z,73.349,99329.53971354167
1614182974008,2021-02-24T16:10:50.739Z,73.426,99329.53971354167
1614182974086,2021-02-24T16:10:50.755Z,73.504,99329.53971354167
1614182974164,2021-02-24T16:10:50.799Z,73.582,99329.53971354167
1614182974241,2021-02-24T16:10:50.843Z,73.659,99329.53971354167
1614182974319,2021-02-24T16:10:50.860Z,73.737,99329.53971354167
1614182974397,2021-02-24T16:10:50.888Z,73.815,99329.53971354167
1614182974474,2021-02-24T16:10:50.905Z,73.892,99329.72721354167
1614182974552,2021-02-24T16:10:50.933Z,73.97,99329.72721354167
1614182974630,2021-02-24T16:10:50.950Z,74.048,99329.72721354167
1614182974707,2021-02-24T16:10:50.979Z,74.125,99329.72721354167
1614182974785,2021-02-24T16:10:51.008Z,74.203,99329.06315104167
1614182974862,2021-02-24T16:10:51.025Z,74.28,99329.06315104167
1614182974940,2021-02-24T16:10:51.069Z,74.358,99329.06315104167
1614182975018,2021-02-24T16:10:51.085Z,74.436,99329.06315104167
1614182975095,2021-02-24T16:10:51.115Z,74.513,99329.06315104167
1614182975173,2021-02-24T16:10:51.145Z,74.591,99329.06315104167
1614182975251,2021-02-24T16:10:51.160Z,74.669,99328.39127604167
1614182975328,2021-02-24T16:10:51.189Z,74.746,99328.39127604167
1614182975406,2021-02-24T16:10:51.219Z,74.824,99329.06315104167
1614182975484,2021-02-24T16:10:51.248Z,74.902,99328.39127604167
1614182975561,2021-02-24T16:10:51.280Z,74.979,99328.39127604167
1614182975640,2021-02-24T16:10:51.308Z,75.058,99329.06315104167
1614182975718,2021-02-24T16:10:51.325Z,75.136,99329.06315104167
1614182975796,2021-02-24T16:10:51.354Z,75.214,99329.06315104167
1614182975873,2021-02-24T16:10:51.370Z,75.291,99328.39127604167
1614182975951,2021-02-24T16:10:51.399Z,75.369,99328.39127604167
1614182976029,2021-02-24T16:10:51.428Z,75.447,99328.39127604167
1614182976106,2021-02-24T16:10:51.444Z,75.524,99328.39127604167
1614182976184,2021-02-24T16:10:51.475Z,75.602,99328.39127604167
1614182976261,2021-02-24T16:10:51.565Z,75.679,99328.39127604167
1614182976339,2021-02-24T16:10:51.593Z,75.757,99328.39127604167
1614182976417,2021-02-24T16:10:51.612Z,75.835,99327.71940104167
1614182976494,2021-02-24T16:10:51.639Z,75.912,99328.39127604167
1614182976572,2021-02-24T16:10:51.668Z,75.99,99327.71940104167
1614182976650,2021-02-24T16:10:51.685Z,76.068,99327.71940104167
1614182976727,2021-02-24T16:10:51.714Z,76.145,99327.71940104167
1614182976805,2021-02-24T16:10:51.731Z,76.223,99327.71940104167
1614182976883,2021-02-24T16:10:51.775Z,76.301,99327.71940104167
1614182976960,2021-02-24T16:10:51.819Z,76.378,99327.71940104167
1614182977038,2021-02-24T16:10:51.835Z,76.456,99327.71940104167
1614182977115,2021-02-24T16:10:51.864Z,76.533,99327.87565104167
1614182977193,2021-02-24T16:10:51.894Z,76.611,99327.05533854167
1614182977271,2021-02-24T16:10:51.909Z,76.689,99327.87565104167
1614182977348,2021-02-24T16:10:51.938Z,76.766,99327.87565104167
1614182977426,2021-02-24T16:10:51.955Z,76.844,99328.53971354167
1614182977504,2021-02-24T16:10:51.985Z,76.922,99328.53971354167
1614182977581,2021-02-24T16:10:52.014Z,76.999,99328.53971354167
1614182977659,2021-02-24T16:10:52.032Z,77.077,99328.53971354167
1614182977737,2021-02-24T16:10:52.059Z,77.155,99328.53971354167
1614182977814,2021-02-24T16:10:52.088Z,77.232,99328.53971354167
1614182977892,2021-02-24T16:10:52.105Z,77.31,99329.21158854167
1614182977969,2021-02-24T16:10:52.134Z,77.387,99329.21158854167
1614182978047,2021-02-24T16:10:52.150Z,77.465,99329.21158854167
1614182978125,2021-02-24T16:10:52.194Z,77.543,99329.21158854167
1614182978202,2021-02-24T16:10:52.210Z,77.62,99329.21158854167
1614182978280,2021-02-24T16:10:52.254Z,77.698,99329.21158854167
1614182978358,2021-02-24T16:10:52.283Z,77.776,99328.53971354167
1614182978435,2021-02-24T16:10:52.300Z,77.853,99328.53971354167
1614182978513,2021-02-24T16:10:52.329Z,77.931,99328.53971354167
1614182978591,2021-02-24T16:10:52.358Z,78.009,99328.53971354167
1614182978668,2021-02-24T16:10:52.374Z,78.086,99328.53971354167
1614182978746,2021-02-24T16:10:52.403Z,78.164,99328.53971354167
1614182978823,2021-02-24T16:10:52.420Z,78.241,99328.53971354167
1614182978901,2021-02-24T16:10:52.450Z,78.319,99328.53971354167
1614182978979,2021-02-24T16:10:52.479Z,78.397,99328.53971354167
1614182979056,2021-02-24T16:10:52.495Z,78.474,99328.53971354167
1614182979134,2021-02-24T16:10:52.538Z,78.552,99328.53971354167
1614182979212,2021-02-24T16:10:52.568Z,78.63,99328.53971354167
1614182979289,2021-02-24T16:10:52.599Z,78.707,99328.53971354167
1614182979367,2021-02-24T16:10:52.659Z,78.785,99329.21158854167
1614182979445,2021-02-24T16:10:52.688Z,78.863,99329.21158854167
1614182979522,2021-02-24T16:10:52.705Z,78.94,99329.21158854167
1614182979600,2021-02-24T16:10:52.734Z,79.018,99329.21158854167
1614182979677,2021-02-24T16:10:52.750Z,79.095,99329.21158854167
1614182979755,2021-02-24T16:10:52.780Z,79.173,99329.21158854167
1614182979833,2021-02-24T16:10:52.808Z,79.251,99329.21158854167
1614182979910,2021-02-24T16:10:52.825Z,79.328,99329.21158854167
1614182979989,2021-02-24T16:10:52.854Z,79.407,99329.21158854167
1614182980067,2021-02-24T16:10:52.884Z,79.485,99329.21158854167
1614182980145,2021-02-24T16:10:52.899Z,79.563,99329.21158854167
1614182980222,2021-02-24T16:10:52.928Z,79.64,99329.87565104167
1614182980300,2021-02-24T16:10:52.945Z,79.718,99329.87565104167
1614182980378,2021-02-24T16:10:52.974Z,79.796,99329.87565104167
1614182980455,2021-02-24T16:10:52.991Z,79.873,99329.87565104167
1614182980533,2021-02-24T16:10:53.020Z,79.951,99330.70377604167
1614182980611,2021-02-24T16:10:53.048Z,80.029,99329.87565104167
1614182980688,2021-02-24T16:10:53.065Z,80.106,99330.70377604167
1614182980766,2021-02-24T16:10:53.094Z,80.184,99329.87565104167
1614182980843,2021-02-24T16:10:53.110Z,80.261,99329.87565104167
1614182980921,2021-02-24T16:10:53.139Z,80.339,99329.87565104167
1614182980999,2021-02-24T16:10:53.169Z,80.417,99329.87565104167
1614182981076,2021-02-24T16:10:53.185Z,80.494,99329.87565104167
1614182981154,2021-02-24T16:10:53.215Z,80.572,99329.87565104167
1614182981232,2021-02-24T16:10:53.243Z,80.65,99329.87565104167
1614182981309,2021-02-24T16:10:53.260Z,80.727,99329.87565104167
1614182981387,2021-02-24T16:10:53.304Z,80.805,99329.87565104167
1614182981465,2021-02-24T16:10:53.333Z,80.883,99329.87565104167
1614182981542,2021-02-24T16:10:53.349Z,80.96,99329.87565104167
1614182981620,2021-02-24T16:10:53.378Z,81.038,99329.87565104167
1614182981697,2021-02-24T16:10:53.395Z,81.115,99329.87565104167
1614182981775,2021-02-24T16:10:53.424Z,81.193,99330.54752604167
1614182981853,2021-02-24T16:10:53.440Z,81.271,99330.54752604167
1614182981930,2021-02-24T16:10:53.470Z,81.348,99329.87565104167
1614182982008,2021-02-24T16:10:53.498Z,81.426,99329.87565104167
1614182982086,2021-02-24T16:10:53.515Z,81.504,99329.87565104167
1614182982165,2021-02-24T16:10:53.544Z,81.583,99329.87565104167
1614182982242,2021-02-24T16:10:53.560Z,81.66,99329.87565104167
1614182982320,2021-02-24T16:10:53.589Z,81.738,99330.54752604167
1614182982398,2021-02-24T16:10:53.618Z,81.816,99329.87565104167
1614182982475,2021-02-24T16:10:53.665Z,81.893,99330.70377604167
1614182982553,2021-02-24T16:10:53.694Z,81.971,99330.70377604167
1614182982631,2021-02-24T16:10:53.739Z,82.049,99330.70377604167
1614182982708,2021-02-24T16:10:53.755Z,82.126,99331.36783854167
1614182982786,2021-02-24T16:10:53.785Z,82.204,99331.36783854167
1614182982863,2021-02-24T16:10:53.814Z,82.281,99331.36783854167
1614182982941,2021-02-24T16:10:53.830Z,82.359,99330.70377604167
1614182983019,2021-02-24T16:10:53.859Z,82.437,99330.70377604167
1614182983096,2021-02-24T16:10:53.876Z,82.514,99330.70377604167
1614182983174,2021-02-24T16:10:53.919Z,82.592,99330.70377604167
1614182983252,2021-02-24T16:10:53.948Z,82.67,99330.70377604167
1614182983329,2021-02-24T16:10:53.965Z,82.747,99330.70377604167
1614182983407,2021-02-24T16:10:54.010Z,82.825,99330.70377604167
1614182983485,2021-02-24T16:10:54.026Z,82.903,99331.36783854167
1614182983562,2021-02-24T16:10:54.055Z,82.98,99331.36783854167
1614182983640,2021-02-24T16:10:54.084Z,83.058,99331.36783854167
1614182983717,2021-02-24T16:10:54.101Z,83.135,99331.36783854167
1614182983795,2021-02-24T16:10:54.129Z,83.213,99331.36783854167
1614182983873,2021-02-24T16:10:54.145Z,83.291,99332.18815104167
1614182983950,2021-02-24T16:10:54.174Z,83.368,99332.18815104167
1614182984028,2021-02-24T16:10:54.203Z,83.446,99332.18815104167
1614182984106,2021-02-24T16:10:54.220Z,83.524,99331.51627604167
1614182984183,2021-02-24T16:10:54.249Z,83.601,99331.51627604167
1614182984261,2021-02-24T16:10:54.281Z,83.679,99331.51627604167
1614182984339,2021-02-24T16:10:54.310Z,83.757,99331.51627604167
1614182984418,2021-02-24T16:10:54.339Z,83.836,99332.34440104167
1614182984494,2021-02-24T16:10:54.355Z,83.912,99332.34440104167
1614182984571,2021-02-24T16:10:54.383Z,83.989,99331.51627604167
1614182984649,2021-02-24T16:10:54.400Z,84.067,99333.01627604167
1614182984727,2021-02-24T16:10:54.429Z,84.145,99333.01627604167
1614182984804,2021-02-24T16:10:54.458Z,84.222,99333.01627604167
1614182984882,2021-02-24T16:10:54.475Z,84.3,99333.01627604167
1614182984960,2021-02-24T16:10:54.504Z,84.378,99332.34440104167
1614182985037,2021-02-24T16:10:54.521Z,84.455,99332.34440104167
1614182985116,2021-02-24T16:10:54.550Z,84.534,99332.34440104167
1614182985193,2021-02-24T16:10:54.578Z,84.611,99332.34440104167
1614182985270,2021-02-24T16:10:54.609Z,84.688,99331.51627604167
1614182985348,2021-02-24T16:10:54.624Z,84.766,99331.51627604167
1614182985425,2021-02-24T16:10:54.653Z,84.843,99332.34440104167
1614182985503,2021-02-24T16:10:54.729Z,84.921,99332.34440104167
1614182985581,2021-02-24T16:10:54.746Z,84.999,99332.34440104167
1614182985660,2021-02-24T16:10:54.775Z,85.078,99332.34440104167
1614182985737,2021-02-24T16:10:54.804Z,85.155,99332.34440104167
1614182985815,2021-02-24T16:10:54.821Z,85.233,99331.67252604167
1614182985893,2021-02-24T16:10:54.849Z,85.311,99331.67252604167
1614182985970,2021-02-24T16:10:54.879Z,85.388,99332.34440104167
1614182986048,2021-02-24T16:10:54.895Z,85.466,99331.67252604167
1614182986126,2021-02-24T16:10:54.924Z,85.544,99331.67252604167
1614182986203,2021-02-24T16:10:54.940Z,85.621,99331.67252604167
1614182986281,2021-02-24T16:10:54.970Z,85.699,99331.67252604167
1614182986359,2021-02-24T16:10:54.999Z,85.777,99331.67252604167
1614182986436,2021-02-24T16:10:55.015Z,85.854,99331.67252604167
1614182986514,2021-02-24T16:10:55.074Z,85.932,99331.00846354167
1614182986592,2021-02-24T16:10:55.090Z,86.01,99331.00846354167
1614182986669,2021-02-24T16:10:55.119Z,86.087,99331.00846354167
1614182986747,2021-02-24T16:10:55.149Z,86.165,99331.00846354167
1614182986824,2021-02-24T16:10:55.165Z,86.242,99331.00846354167
1614182986902,2021-02-24T16:10:55.194Z,86.32,99330.34440104167
1614182986980,2021-02-24T16:10:55.210Z,86.398,99330.34440104167
1614182987057,2021-02-24T16:10:55.239Z,86.475,99331.00846354167
1614182987135,2021-02-24T16:10:55.255Z,86.553,99331.00846354167
1614182987213,2021-02-24T16:10:55.285Z,86.631,99331.00846354167
1614182987290,2021-02-24T16:10:55.301Z,86.708,99330.34440104167
1614182987368,2021-02-24T16:10:55.330Z,86.786,99331.00846354167
1614182987446,2021-02-24T16:10:55.358Z,86.864,99331.00846354167
1614182987523,2021-02-24T16:10:55.375Z,86.941,99330.34440104167
1614182987601,2021-02-24T16:10:55.406Z,87.019,99331.00846354167
1614182987678,2021-02-24T16:10:55.434Z,87.096,99331.00846354167
1614182987756,2021-02-24T16:10:55.466Z,87.174,99331.15690104167
1614182987834,2021-02-24T16:10:55.495Z,87.252,99331.15690104167
1614182987911,2021-02-24T16:10:55.524Z,87.329,99331.15690104167
1614182987989,2021-02-24T16:10:55.553Z,87.407,99331.15690104167
1614182988067,2021-02-24T16:10:55.570Z,87.485,99331.15690104167
1614182988144,2021-02-24T16:10:55.599Z,87.562,99331.15690104167
1614182988222,2021-02-24T16:10:55.629Z,87.64,99331.15690104167
1614182988300,2021-02-24T16:10:55.673Z,87.718,99329.67252604167
1614182988377,2021-02-24T16:10:55.689Z,87.795,99331.15690104167
1614182988455,2021-02-24T16:10:55.734Z,87.873,99330.49283854167
1614182988532,2021-02-24T16:10:55.750Z,87.95,99330.49283854167
1614182988610,2021-02-24T16:10:55.809Z,88.028,99330.49283854167
1614182988688,2021-02-24T16:10:55.838Z,88.106,99329.82877604167
1614182988765,2021-02-24T16:10:55.855Z,88.183,99329.82877604167
1614182988843,2021-02-24T16:10:55.884Z,88.261,99329.82877604167
1614182988921,2021-02-24T16:10:55.901Z,88.339,99329.82877604167
1614182988998,2021-02-24T16:10:55.930Z,88.416,99330.64127604167
1614182989076,2021-02-24T16:10:55.959Z,88.494,99330.64127604167
1614182989154,2021-02-24T16:10:55.976Z,88.572,99330.64127604167
1614182989231,2021-02-24T16:10:56.005Z,88.649,99330.64127604167
1614182989309,2021-02-24T16:10:56.034Z,88.727,99330.64127604167
1614182989386,2021-02-24T16:10:56.049Z,88.804,99329.97721354167
1614182989464,2021-02-24T16:10:56.079Z,88.882,99330.64127604167
1614182989542,2021-02-24T16:10:56.095Z,88.96,99330.64127604167
1614182989619,2021-02-24T16:10:56.124Z,89.037,99330.64127604167
1614182989697,2021-02-24T16:10:56.154Z,89.115,99329.97721354167
1614182989775,2021-02-24T16:10:56.184Z,89.193,99330.64127604167
1614182989852,2021-02-24T16:10:56.200Z,89.27,99330.64127604167
1614182989930,2021-02-24T16:10:56.228Z,89.348,99330.64127604167
1614182990008,2021-02-24T16:10:56.245Z,89.426,99330.64127604167
1614182990085,2021-02-24T16:10:56.273Z,89.503,99331.31315104167
1614182990163,2021-02-24T16:10:56.290Z,89.581,99331.31315104167
1614182990240,2021-02-24T16:10:56.319Z,89.658,99330.64127604167
1614182990318,2021-02-24T16:10:56.336Z,89.736,99330.64127604167
1614182990396,2021-02-24T16:10:56.379Z,89.814,99329.82877604167
1614182990473,2021-02-24T16:10:56.396Z,89.891,99329.82877604167
1614182990551,2021-02-24T16:10:56.425Z,89.969,99329.82877604167
1614182990629,2021-02-24T16:10:56.454Z,90.047,99329.82877604167
1614182990706,2021-02-24T16:10:56.471Z,90.124,99330.49283854167
1614182990784,2021-02-24T16:10:56.499Z,90.202,99329.82877604167
1614182990862,2021-02-24T16:10:56.529Z,90.28,99330.49283854167
1614182990939,2021-02-24T16:10:56.545Z,90.357,99329.82877604167
1614182991017,2021-02-24T16:10:56.574Z,90.435,99330.49283854167
1614182991094,2021-02-24T16:10:56.591Z,90.512,99329.82877604167
1614182991172,2021-02-24T16:10:56.620Z,90.59,99329.82877604167
1614182991250,2021-02-24T16:10:56.649Z,90.668,99330.49283854167
1614182991327,2021-02-24T16:10:56.694Z,90.745,99330.49283854167
1614182991405,2021-02-24T16:10:56.709Z,90.823,99330.49283854167
1614182991483,2021-02-24T16:10:56.739Z,90.901,99331.31315104167
1614182991560,2021-02-24T16:10:56.755Z,90.978,99330.49283854167
1614182991638,2021-02-24T16:10:56.785Z,91.056,99331.31315104167
1614182991716,2021-02-24T16:10:56.845Z,91.134,99331.31315104167
1614182991793,2021-02-24T16:10:56.874Z,91.211,99330.64127604167
1614182991871,2021-02-24T16:10:56.891Z,91.289,99330.64127604167
1614182991948,2021-02-24T16:10:56.919Z,91.366,99330.64127604167
1614182992026,2021-02-24T16:10:56.949Z,91.444,99329.97721354167
1614182992104,2021-02-24T16:10:56.965Z,91.522,99330.64127604167
1614182992183,2021-02-24T16:10:56.994Z,91.601,99330.64127604167
1614182992259,2021-02-24T16:10:57.010Z,91.677,99330.64127604167
1614182992337,2021-02-24T16:10:57.039Z,91.755,99329.97721354167
1614182992414,2021-02-24T16:10:57.056Z,91.832,99329.97721354167
1614182992493,2021-02-24T16:10:57.085Z,91.911,99329.97721354167
1614182992571,2021-02-24T16:10:57.114Z,91.989,99329.97721354167
1614182992649,2021-02-24T16:10:57.131Z,92.067,99330.64127604167
1614182992726,2021-02-24T16:10:57.159Z,92.144,99330.64127604167
1614182992804,2021-02-24T16:10:57.189Z,92.222,99330.64127604167
1614182992882,2021-02-24T16:10:57.205Z,92.3,99329.97721354167
1614182992959,2021-02-24T16:10:57.234Z,92.377,99329.97721354167
1614182993037,2021-02-24T16:10:57.249Z,92.455,99330.79752604167
1614182993114,2021-02-24T16:10:57.279Z,92.532,99330.79752604167
1614182993192,2021-02-24T16:10:57.295Z,92.61,99330.79752604167
1614182993270,2021-02-24T16:10:57.324Z,92.688,99330.79752604167
1614182993347,2021-02-24T16:10:57.341Z,92.765,99330.79752604167
1614182993425,2021-02-24T16:10:57.370Z,92.843,99330.79752604167
1614182993503,2021-02-24T16:10:57.401Z,92.921,99330.79752604167
1614182993580,2021-02-24T16:10:57.430Z,92.998,99330.12565104167
1614182993658,2021-02-24T16:10:57.459Z,93.076,99330.12565104167
1614182993736,2021-02-24T16:10:57.489Z,93.154,99330.12565104167
1614182993813,2021-02-24T16:10:57.505Z,93.231,99330.12565104167
1614182993891,2021-02-24T16:10:57.534Z,93.309,99330.95377604167
1614182993968,2021-02-24T16:10:57.551Z,93.386,99330.12565104167
1614182994046,2021-02-24T16:10:57.580Z,93.464,99329.46158854167
1614182994124,2021-02-24T16:10:57.610Z,93.542,99329.46158854167
1614182994201,2021-02-24T16:10:57.626Z,93.619,99330.28190104167
1614182994279,2021-02-24T16:10:57.654Z,93.697,99329.46158854167
1614182994357,2021-02-24T16:10:57.684Z,93.775,99330.28190104167
1614182994434,2021-02-24T16:10:57.700Z,93.852,99330.28190104167
1614182994512,2021-02-24T16:10:57.729Z,93.93,99330.28190104167
1614182994590,2021-02-24T16:10:57.745Z,94.008,99329.61002604167
1614182994667,2021-02-24T16:10:57.776Z,94.085,99329.61002604167
1614182994745,2021-02-24T16:10:57.804Z,94.163,99329.61002604167
1614182994822,2021-02-24T16:10:57.850Z,94.24,99329.61002604167
1614182994900,2021-02-24T16:10:57.880Z,94.318,99329.61002604167
1614182994978,2021-02-24T16:10:57.913Z,94.396,99329.61002604167
1614182995055,2021-02-24T16:10:57.940Z,94.473,99329.61002604167
1614182995133,2021-02-24T16:10:57.956Z,94.551,99329.61002604167
1614182995211,2021-02-24T16:10:57.985Z,94.629,99329.61002604167
1614182995288,2021-02-24T16:10:58.014Z,94.706,99328.79752604167
1614182995366,2021-02-24T16:10:58.031Z,94.784,99328.95377604167
1614182995444,2021-02-24T16:10:58.060Z,94.862,99328.95377604167
1614182995521,2021-02-24T16:10:58.089Z,94.939,99328.95377604167
1614182995599,2021-02-24T16:10:58.121Z,95.017,99328.95377604167
1614182995676,2021-02-24T16:10:58.150Z,95.094,99328.95377604167
1614182995756,2021-02-24T16:10:58.179Z,95.174,99328.95377604167
1614182995833,2021-02-24T16:10:58.196Z,95.251,99328.95377604167
1614182995911,2021-02-24T16:10:58.211Z,95.329,99328.95377604167
1614182995988,2021-02-24T16:10:58.240Z,95.406,99328.95377604167
1614182996066,2021-02-24T16:10:58.270Z,95.484,99328.28190104167
1614182996144,2021-02-24T16:10:58.285Z,95.562,99328.28190104167
1614182996221,2021-02-24T16:10:58.329Z,95.639,99328.28190104167
1614182996299,2021-02-24T16:10:58.346Z,95.717,99327.61002604167
1614182996377,2021-02-24T16:10:58.374Z,95.795,99327.61002604167
1614182996454,2021-02-24T16:10:58.404Z,95.872,99327.61002604167
1614182996532,2021-02-24T16:10:58.420Z,95.95,99327.61002604167
1614182996610,2021-02-24T16:10:58.449Z,96.028,99327.61002604167
1614182996687,2021-02-24T16:10:58.480Z,96.105,99327.61002604167
1614182996765,2021-02-24T16:10:58.509Z,96.183,99327.61002604167
1614182996842,2021-02-24T16:10:58.539Z,96.26,99327.61002604167
1614182996920,2021-02-24T16:10:58.556Z,96.338,99327.61002604167
1614182996998,2021-02-24T16:10:58.585Z,96.416,99328.28190104167
1614182997075,2021-02-24T16:10:58.629Z,96.493,99328.43815104167
1614182997153,2021-02-24T16:10:58.646Z,96.571,99329.10221354167
1614182997231,2021-02-24T16:10:58.689Z,96.649,99328.43815104167
1614182997308,2021-02-24T16:10:58.719Z,96.726,99329.10221354167
1614182997386,2021-02-24T16:10:58.736Z,96.804,99328.43815104167
1614182997464,2021-02-24T16:10:58.766Z,96.882,99328.43815104167
1614182997541,2021-02-24T16:10:58.794Z,96.959,99328.43815104167
1614182997619,2021-02-24T16:10:58.810Z,97.037,99328.43815104167
1614182997696,2021-02-24T16:10:58.839Z,97.114,99328.43815104167
1614182997774,2021-02-24T16:10:58.856Z,97.192,99328.43815104167
1614182997852,2021-02-24T16:10:58.884Z,97.27,99328.43815104167
1614182997929,2021-02-24T16:10:58.944Z,97.347,99328.43815104167
1614182998007,2021-02-24T16:10:58.961Z,97.425,99328.43815104167
1614182998085,2021-02-24T16:10:58.990Z,97.503,99328.43815104167
1614182998162,2021-02-24T16:10:59.019Z,97.58,99327.76627604167
1614182998240,2021-02-24T16:10:59.050Z,97.658,99327.76627604167
1614182998318,2021-02-24T16:10:59.079Z,97.736,99327.76627604167
1614182998395,2021-02-24T16:10:59.096Z,97.813,99327.76627604167
1614182998473,2021-02-24T16:10:59.124Z,97.891,99327.76627604167
1614182998550,2021-02-24T16:10:59.155Z,97.968,99327.76627604167
1614182998628,2021-02-24T16:10:59.199Z,98.046,99327.76627604167
1614182998706,2021-02-24T16:10:59.214Z,98.124,99327.76627604167
1614182998783,2021-02-24T16:10:59.246Z,98.201,99327.76627604167
1614182998861,2021-02-24T16:10:59.275Z,98.279,99327.95377604167
1614182998939,2021-02-24T16:10:59.304Z,98.357,99327.09440104167
1614182999016,2021-02-24T16:10:59.334Z,98.434,99327.95377604167
1614182999094,2021-02-24T16:10:59.351Z,98.512,99327.95377604167
1614182999172,2021-02-24T16:10:59.380Z,98.59,99328.61783854167
1614182999249,2021-02-24T16:10:59.396Z,98.667,99327.95377604167
1614182999327,2021-02-24T16:10:59.425Z,98.745,99327.95377604167
1614182999404,2021-02-24T16:10:59.454Z,98.822,99327.95377604167
1614182999482,2021-02-24T16:10:59.471Z,98.9,99327.95377604167
1614182999560,2021-02-24T16:10:59.500Z,98.978,99327.95377604167
1614182999637,2021-02-24T16:10:59.529Z,99.055,99327.95377604167
1614182999715,2021-02-24T16:10:59.545Z,99.133,99327.95377604167
1614182999793,2021-02-24T16:10:59.574Z,99.211,99327.28190104167
1614182999870,2021-02-24T16:10:59.591Z,99.288,99327.95377604167
1614182999948,2021-02-24T16:10:59.620Z,99.366,99327.95377604167
1614183000026,2021-02-24T16:10:59.649Z,99.444,99327.28190104167
1614183000103,2021-02-24T16:10:59.681Z,99.521,99327.95377604167
1614183000181,2021-02-24T16:10:59.709Z,99.599,99327.28190104167
1614183000258,2021-02-24T16:10:59.739Z,99.676,99327.28190104167
1614183000336,2021-02-24T16:10:59.755Z,99.754,99327.28190104167
1614183000414,2021-02-24T16:10:59.784Z,99.832,99327.28190104167
1614183000491,2021-02-24T16:10:59.801Z,99.909,99327.28190104167
1614183000569,2021-02-24T16:10:59.830Z,99.987,99327.28190104167
1614183000647,2021-02-24T16:10:59.860Z,100.065,99327.28190104167
1614183000724,2021-02-24T16:10:59.889Z,100.142,99327.28190104167
1614183000802,2021-02-24T16:10:59.905Z,100.22,99327.28190104167
1614183000880,2021-02-24T16:10:59.934Z,100.298,99327.95377604167
1614183000957,2021-02-24T16:10:59.951Z,100.375,99327.28190104167
1614183001035,2021-02-24T16:11:00.011Z,100.453,99327.95377604167
1614183001112,2021-02-24T16:11:00.040Z,100.53,99327.95377604167
1614183001190,2021-02-24T16:11:00.069Z,100.608,99327.28190104167
1614183001268,2021-02-24T16:11:00.086Z,100.686,99327.95377604167
1614183001345,2021-02-24T16:11:00.114Z,100.763,99327.28190104167
1614183001423,2021-02-24T16:11:00.144Z,100.841,99327.28190104167
1614183001502,2021-02-24T16:11:00.160Z,100.92,99327.28190104167
1614183001578,2021-02-24T16:11:00.189Z,100.996,99327.28190104167
1614183001656,2021-02-24T16:11:00.205Z,101.074,99327.28190104167
1614183001734,2021-02-24T16:11:00.234Z,101.152,99327.28190104167
1614183001811,2021-02-24T16:11:00.251Z,101.229,99327.95377604167
1614183001889,2021-02-24T16:11:00.280Z,101.307,99327.95377604167
1614183001967,2021-02-24T16:11:00.309Z,101.385,99327.95377604167
1614183002044,2021-02-24T16:11:00.326Z,101.462,99327.95377604167
1614183002122,2021-02-24T16:11:00.354Z,101.54,99327.95377604167
1614183002199,2021-02-24T16:11:00.399Z,101.617,99327.95377604167
1614183002277,2021-02-24T16:11:00.415Z,101.695,99327.95377604167
1614183002355,2021-02-24T16:11:00.444Z,101.773,99327.95377604167
1614183002432,2021-02-24T16:11:00.462Z,101.85,99328.61783854167
1614183002510,2021-02-24T16:11:00.489Z,101.928,99328.61783854167
1614183002588,2021-02-24T16:11:00.506Z,102.006,99328.61783854167
1614183002665,2021-02-24T16:11:00.535Z,102.083,99328.61783854167
1614183002743,2021-02-24T16:11:00.579Z,102.161,99328.61783854167
1614183002821,2021-02-24T16:11:00.596Z,102.239,99328.61783854167
1614183002898,2021-02-24T16:11:00.624Z,102.316,99328.61783854167
1614183002976,2021-02-24T16:11:00.654Z,102.394,99328.61783854167
1614183003053,2021-02-24T16:11:00.670Z,102.471,99328.61783854167
1614183003131,2021-02-24T16:11:00.699Z,102.549,99329.28190104167
1614183003209,2021-02-24T16:11:00.716Z,102.627,99328.61783854167
1614183003286,2021-02-24T16:11:00.745Z,102.704,99329.28190104167
1614183003364,2021-02-24T16:11:00.789Z,102.782,99329.28190104167
1614183003443,2021-02-24T16:11:00.819Z,102.861,99329.28190104167
1614183003521,2021-02-24T16:11:00.835Z,102.939,99329.28190104167
1614183003598,2021-02-24T16:11:00.864Z,103.016,99329.28190104167
1614183003676,2021-02-24T16:11:00.881Z,103.094,99329.28190104167
1614183003754,2021-02-24T16:11:00.910Z,103.172,99330.77408854167
1614183003831,2021-02-24T16:11:00.941Z,103.249,99330.77408854167
1614183003909,2021-02-24T16:11:00.970Z,103.327,99330.77408854167
1614183003987,2021-02-24T16:11:00.999Z,103.405,99330.77408854167
1614183004064,2021-02-24T16:11:01.016Z,103.482,99330.77408854167
1614183004142,2021-02-24T16:11:01.074Z,103.56,99330.77408854167
1614183004219,2021-02-24T16:11:01.090Z,103.637,99330.77408854167
1614183004297,2021-02-24T16:11:01.119Z,103.715,99330.77408854167
1614183004375,2021-02-24T16:11:01.136Z,103.793,99330.77408854167
1614183004452,2021-02-24T16:11:01.164Z,103.87,99330.77408854167
1614183004530,2021-02-24T16:11:01.180Z,103.948,99330.11002604167
1614183004608,2021-02-24T16:11:01.209Z,104.026,99330.77408854167
1614183004685,2021-02-24T16:11:01.226Z,104.103,99330.11002604167
1614183004763,2021-02-24T16:11:01.255Z,104.181,99330.11002604167
1614183004841,2021-02-24T16:11:01.284Z,104.259,99330.77408854167
1614183004918,2021-02-24T16:11:01.301Z,104.336,99330.77408854167
1614183004996,2021-02-24T16:11:01.344Z,104.414,99330.77408854167
1614183005073,2021-02-24T16:11:01.361Z,104.491,99330.77408854167
1614183005151,2021-02-24T16:11:01.389Z,104.569,99330.77408854167
1614183005229,2021-02-24T16:11:01.419Z,104.647,99330.77408854167
1614183005306,2021-02-24T16:11:01.435Z,104.724,99330.11002604167
1614183005384,2021-02-24T16:11:01.464Z,104.802,99330.11002604167
1614183005462,2021-02-24T16:11:01.480Z,104.88,99330.11002604167
1614183005539,2021-02-24T16:11:01.509Z,104.957,99330.11002604167
1614183005617,2021-02-24T16:11:01.526Z,105.035,99330.11002604167
1614183005695,2021-02-24T16:11:01.555Z,105.113,99330.11002604167
1614183005772,2021-02-24T16:11:01.599Z,105.19,99330.11002604167
1614183005850,2021-02-24T16:11:01.616Z,105.268,99330.11002604167
1614183005927,2021-02-24T16:11:01.645Z,105.345,99330.11002604167
1614183006005,2021-02-24T16:11:01.674Z,105.423,99330.11002604167
1614183006083,2021-02-24T16:11:01.691Z,105.501,99330.11002604167
1614183006160,2021-02-24T16:11:01.719Z,105.578,99330.11002604167
1614183006238,2021-02-24T16:11:01.736Z,105.656,99330.11002604167
1614183006316,2021-02-24T16:11:01.765Z,105.734,99330.11002604167
1614183006393,2021-02-24T16:11:01.794Z,105.811,99330.11002604167
1614183006471,2021-02-24T16:11:01.811Z,105.889,99329.43815104167
1614183006549,2021-02-24T16:11:01.839Z,105.967,99329.43815104167
1614183006626,2021-02-24T16:11:01.869Z,106.044,99329.43815104167
1614183006704,2021-02-24T16:11:01.885Z,106.122,99329.43815104167
1614183006781,2021-02-24T16:11:01.914Z,106.199,99329.43815104167
1614183006859,2021-02-24T16:11:01.931Z,106.277,99330.11002604167
1614183006937,2021-02-24T16:11:01.960Z,106.355,99330.11002604167
1614183007014,2021-02-24T16:11:01.976Z,106.432,99329.43815104167
1614183007092,2021-02-24T16:11:02.005Z,106.51,99329.43815104167
1614183007171,2021-02-24T16:11:02.034Z,106.589,99329.43815104167
1614183007249,2021-02-24T16:11:02.081Z,106.667,99330.11002604167
1614183007326,2021-02-24T16:11:02.125Z,106.744,99329.43815104167
1614183007404,2021-02-24T16:11:02.154Z,106.822,99329.43815104167
1614183007482,2021-02-24T16:11:02.171Z,106.9,99329.43815104167
1614183007559,2021-02-24T16:11:02.214Z,106.977,99329.43815104167
1614183007637,2021-02-24T16:11:02.244Z,107.055,99329.43815104167
1614183007715,2021-02-24T16:11:02.275Z,107.133,99329.43815104167
1614183007792,2021-02-24T16:11:02.320Z,107.21,99329.43815104167
1614183007870,2021-02-24T16:11:02.336Z,107.288,99329.43815104167
1614183007947,2021-02-24T16:11:02.365Z,107.365,99329.43815104167
1614183008025,2021-02-24T16:11:02.394Z,107.443,99330.11002604167
1614183008103,2021-02-24T16:11:02.411Z,107.521,99330.11002604167
1614183008180,2021-02-24T16:11:02.440Z,107.598,99330.11002604167
1614183008258,2021-02-24T16:11:02.469Z,107.676,99330.11002604167
1614183008336,2021-02-24T16:11:02.486Z,107.754,99330.11002604167
1614183008413,2021-02-24T16:11:02.529Z,107.831,99330.11002604167
1614183008491,2021-02-24T16:11:02.545Z,107.909,99330.11002604167
1614183008569,2021-02-24T16:11:02.574Z,107.987,99330.11002604167
1614183008646,2021-02-24T16:11:02.591Z,108.064,99330.11002604167
1614183008724,2021-02-24T16:11:02.620Z,108.142,99330.11002604167
1614183008801,2021-02-24T16:11:02.649Z,108.219,99330.11002604167
1614183008879,2021-02-24T16:11:02.666Z,108.297,99330.11002604167
1614183008957,2021-02-24T16:11:02.695Z,108.375,99330.11002604167
1614183009034,2021-02-24T16:11:02.726Z,108.452,99330.77408854167
1614183009112,2021-02-24T16:11:02.755Z,108.53,99330.77408854167
1614183009190,2021-02-24T16:11:02.799Z,108.608,99330.77408854167
1614183009267,2021-02-24T16:11:02.815Z,108.685,99330.77408854167
1614183009345,2021-02-24T16:11:02.845Z,108.763,99330.77408854167
1614183009423,2021-02-24T16:11:02.874Z,108.841,99330.77408854167
1614183009500,2021-02-24T16:11:02.891Z,108.918,99330.77408854167
1614183009578,2021-02-24T16:11:02.920Z,108.996,99330.77408854167
1614183009655,2021-02-24T16:11:02.949Z,109.073,99330.11002604167
1614183009733,2021-02-24T16:11:02.965Z,109.151,99330.11002604167
1614183009811,2021-02-24T16:11:02.994Z,109.229,99330.11002604167
1614183009888,2021-02-24T16:11:03.011Z,109.306,99330.11002604167
1614183009966,2021-02-24T16:11:03.040Z,109.384,99329.43815104167
1614183010044,2021-02-24T16:11:03.054Z,109.462,99329.43815104167
1614183010121,2021-02-24T16:11:03.085Z,109.539,99330.11002604167
1614183010199,2021-02-24T16:11:03.114Z,109.617,99330.11002604167
1614183010277,2021-02-24T16:11:03.145Z,109.695,99330.11002604167
1614183010354,2021-02-24T16:11:03.205Z,109.772,99330.11002604167
1614183010432,2021-02-24T16:11:03.221Z,109.85,99330.11002604167
1614183010509,2021-02-24T16:11:03.250Z,109.927,99329.43815104167
1614183010587,2021-02-24T16:11:03.279Z,110.005,99329.43815104167
1614183010665,2021-02-24T16:11:03.296Z,110.083,99329.43815104167
1614183010742,2021-02-24T16:11:03.339Z,110.16,99330.11002604167
1614183010820,2021-02-24T16:11:03.369Z,110.238,99329.43815104167
1614183010898,2021-02-24T16:11:03.385Z,110.316,99330.25846354167
1614183010975,2021-02-24T16:11:03.414Z,110.393,99330.25846354167
1614183011053,2021-02-24T16:11:03.431Z,110.471,99330.25846354167
1614183011131,2021-02-24T16:11:03.460Z,110.549,99330.25846354167
1614183011208,2021-02-24T16:11:03.489Z,110.626,99330.92252604167
1614183011286,2021-02-24T16:11:03.506Z,110.704,99330.92252604167
1614183011363,2021-02-24T16:11:03.535Z,110.781,99330.92252604167
1614183011441,2021-02-24T16:11:03.564Z,110.859,99330.92252604167
1614183011519,2021-02-24T16:11:03.580Z,110.937,99330.92252604167
1614183011596,2021-02-24T16:11:03.609Z,111.014,99330.92252604167
1614183011674,2021-02-24T16:11:03.625Z,111.092,99330.92252604167
1614183011752,2021-02-24T16:11:03.655Z,111.17,99330.92252604167
1614183011829,2021-02-24T16:11:03.684Z,111.247,99330.92252604167
1614183011907,2021-02-24T16:11:03.701Z,111.325,99330.92252604167
1614183011985,2021-02-24T16:11:03.729Z,111.403,99330.92252604167
1614183012062,2021-02-24T16:11:03.759Z,111.48,99330.11002604167
1614183012140,2021-02-24T16:11:03.775Z,111.558,99330.11002604167
1614183012217,2021-02-24T16:11:03.819Z,111.635,99330.11002604167
1614183012295,2021-02-24T16:11:03.835Z,111.713,99330.11002604167
1614183012373,2021-02-24T16:11:03.865Z,111.791,99330.11002604167
1614183012450,2021-02-24T16:11:03.881Z,111.868,99330.11002604167
1614183012528,2021-02-24T16:11:03.910Z,111.946,99330.11002604167
1614183012606,2021-02-24T16:11:03.939Z,112.024,99330.92252604167
1614183012683,2021-02-24T16:11:03.969Z,112.101,99330.92252604167
1614183012761,2021-02-24T16:11:03.986Z,112.179,99330.11002604167
1614183012840,2021-02-24T16:11:04.015Z,112.258,99330.11002604167
1614183012918,2021-02-24T16:11:04.030Z,112.336,99330.11002604167
1614183012995,2021-02-24T16:11:04.074Z,112.413,99330.11002604167
1614183013073,2021-02-24T16:11:04.090Z,112.491,99330.92252604167
1614183013151,2021-02-24T16:11:04.120Z,112.569,99330.11002604167
1614183013228,2021-02-24T16:11:04.136Z,112.646,99330.92252604167
1614183013306,2021-02-24T16:11:04.165Z,112.724,99330.92252604167
1614183013383,2021-02-24T16:11:04.194Z,112.801,99330.92252604167
1614183013461,2021-02-24T16:11:04.241Z,112.879,99330.25846354167
1614183013539,2021-02-24T16:11:04.284Z,112.957,99329.43815104167
1614183013616,2021-02-24T16:11:04.301Z,113.034,99330.25846354167
1614183013694,2021-02-24T16:11:04.330Z,113.112,99330.25846354167
1614183013772,2021-02-24T16:11:04.359Z,113.19,99330.25846354167
1614183013849,2021-02-24T16:11:04.376Z,113.267,99328.76627604167
1614183013927,2021-02-24T16:11:04.405Z,113.345,99328.76627604167
1614183014005,2021-02-24T16:11:04.449Z,113.423,99328.76627604167
1614183014082,2021-02-24T16:11:04.480Z,113.5,99328.76627604167
1614183014160,2021-02-24T16:11:04.509Z,113.578,99328.10221354167
1614183014237,2021-02-24T16:11:04.540Z,113.655,99328.92252604167
1614183014315,2021-02-24T16:11:04.585Z,113.733,99328.92252604167
1614183014393,2021-02-24T16:11:04.601Z,113.811,99328.92252604167
1614183014470,2021-02-24T16:11:04.630Z,113.888,99328.92252604167
1614183014548,2021-02-24T16:11:04.659Z,113.966,99328.92252604167
1614183014626,2021-02-24T16:11:04.675Z,114.044,99328.92252604167
1614183014703,2021-02-24T16:11:04.704Z,114.121,99328.92252604167
1614183014781,2021-02-24T16:11:04.721Z,114.199,99328.25065104167
1614183014859,2021-02-24T16:11:04.750Z,114.277,99328.25065104167
1614183014936,2021-02-24T16:11:04.779Z,114.354,99328.25065104167
1614183015014,2021-02-24T16:11:04.796Z,114.432,99328.25065104167
1614183015092,2021-02-24T16:11:04.825Z,114.51,99328.25065104167
1614183015169,2021-02-24T16:11:04.854Z,114.587,99328.25065104167
1614183015247,2021-02-24T16:11:04.871Z,114.665,99328.25065104167
1614183015324,2021-02-24T16:11:04.900Z,114.742,99328.25065104167
1614183015402,2021-02-24T16:11:04.929Z,114.82,99328.25065104167
1614183015480,2021-02-24T16:11:04.946Z,114.898,99327.58658854167
1614183015557,2021-02-24T16:11:04.975Z,114.975,99327.58658854167
1614183015635,2021-02-24T16:11:05.004Z,115.053,99328.25065104167
1614183015713,2021-02-24T16:11:05.021Z,115.131,99328.25065104167
1614183015790,2021-02-24T16:11:05.036Z,115.208,99327.58658854167
1614183015868,2021-02-24T16:11:05.065Z,115.286,99327.58658854167
1614183015946,2021-02-24T16:11:05.094Z,115.364,99327.58658854167
1614183016023,2021-02-24T16:11:05.111Z,115.441,99327.58658854167
1614183016101,2021-02-24T16:11:05.140Z,115.519,99327.58658854167
1614183016178,2021-02-24T16:11:05.156Z,115.596,99327.58658854167
1614183016256,2021-02-24T16:11:05.185Z,115.674,99327.58658854167
1614183016334,2021-02-24T16:11:05.214Z,115.752,99327.58658854167
1614183016411,2021-02-24T16:11:05.230Z,115.829,99327.73502604167
1614183016489,2021-02-24T16:11:05.259Z,115.907,99328.40690104167
1614183016567,2021-02-24T16:11:05.319Z,115.985,99328.40690104167
1614183016644,2021-02-24T16:11:05.335Z,116.062,99328.40690104167
1614183016722,2021-02-24T16:11:05.365Z,116.14,99328.40690104167
1614183016800,2021-02-24T16:11:05.381Z,116.218,99328.40690104167
1614183016877,2021-02-24T16:11:05.410Z,116.295,99328.40690104167
1614183016955,2021-02-24T16:11:05.439Z,116.373,99327.73502604167
1614183017032,2021-02-24T16:11:05.456Z,116.45,99328.40690104167
1614183017110,2021-02-24T16:11:05.485Z,116.528,99328.40690104167
1614183017188,2021-02-24T16:11:05.514Z,116.606,99328.40690104167
1614183017265,2021-02-24T16:11:05.530Z,116.683,99328.40690104167
1614183017343,2021-02-24T16:11:05.560Z,116.761,99327.73502604167
1614183017421,2021-02-24T16:11:05.606Z,116.839,99327.73502604167
1614183017498,2021-02-24T16:11:05.635Z,116.916,99327.73502604167
1614183017576,2021-02-24T16:11:05.665Z,116.994,99327.07877604167
1614183017654,2021-02-24T16:11:05.694Z,117.072,99327.07877604167
1614183017731,2021-02-24T16:11:05.710Z,117.149,99327.07877604167
1614183017810,2021-02-24T16:11:05.739Z,117.228,99327.07877604167
1614183017888,2021-02-24T16:11:05.755Z,117.306,99327.07877604167
1614183017966,2021-02-24T16:11:05.800Z,117.384,99327.07877604167
1614183018043,2021-02-24T16:11:05.816Z,117.461,99327.07877604167
1614183018121,2021-02-24T16:11:05.845Z,117.539,99326.40690104167
1614183018198,2021-02-24T16:11:05.874Z,117.616,99326.40690104167
1614183018276,2021-02-24T16:11:05.891Z,117.694,99327.07877604167
1614183018354,2021-02-24T16:11:05.920Z,117.772,99327.07877604167
1614183018431,2021-02-24T16:11:05.950Z,117.849,99326.40690104167
1614183018509,2021-02-24T16:11:05.966Z,117.927,99326.40690104167
1614183018587,2021-02-24T16:11:06.009Z,118.005,99327.07877604167
1614183018664,2021-02-24T16:11:06.024Z,118.082,99327.07877604167
1614183018742,2021-02-24T16:11:06.041Z,118.16,99327.07877604167
1614183018820,2021-02-24T16:11:06.070Z,118.238,99327.07877604167
1614183018897,2021-02-24T16:11:06.099Z,118.315,99327.07877604167
1614183018975,2021-02-24T16:11:06.115Z,118.393,99326.40690104167
1614183019052,2021-02-24T16:11:06.160Z,118.47,99326.40690104167
1614183019130,2021-02-24T16:11:06.176Z,118.548,99327.07877604167
1614183019208,2021-02-24T16:11:06.206Z,118.626,99326.40690104167
1614183019285,2021-02-24T16:11:06.234Z,118.703,99326.40690104167
1614183019363,2021-02-24T16:11:06.251Z,118.781,99326.40690104167
1614183019441,2021-02-24T16:11:06.295Z,118.859,99326.40690104167
1614183019518,2021-02-24T16:11:06.324Z,118.936,99326.40690104167
1614183019596,2021-02-24T16:11:06.341Z,119.014,99326.40690104167
1614183019674,2021-02-24T16:11:06.399Z,119.092,99326.40690104167
1614183019751,2021-02-24T16:11:06.416Z,119.169,99326.40690104167
1614183019829,2021-02-24T16:11:06.445Z,119.247,99326.40690104167
1614183019906,2021-02-24T16:11:06.474Z,119.324,99325.73502604167
1614183019984,2021-02-24T16:11:06.490Z,119.402,99325.73502604167
1614183020062,2021-02-24T16:11:06.520Z,119.48,99325.73502604167
1614183020139,2021-02-24T16:11:06.536Z,119.557,99325.73502604167
1614183020217,2021-02-24T16:11:06.565Z,119.635,99325.73502604167
1614183020295,2021-02-24T16:11:06.594Z,119.713,99325.73502604167
1614183020372,2021-02-24T16:11:06.611Z,119.79,99325.73502604167
1614183020450,2021-02-24T16:11:06.640Z,119.868,99325.73502604167
1614183020528,2021-02-24T16:11:06.669Z,119.946,99325.73502604167
1614183020605,2021-02-24T16:11:06.685Z,120.023,99325.73502604167
1614183020683,2021-02-24T16:11:06.715Z,120.101,99325.73502604167
1614183020760,2021-02-24T16:11:06.731Z,120.178,99325.73502604167
1614183020838,2021-02-24T16:11:06.760Z,120.256,99325.73502604167
1614183020916,2021-02-24T16:11:06.776Z,120.334,99325.06315104167
1614183020993,2021-02-24T16:11:06.805Z,120.411,99325.06315104167
1614183021071,2021-02-24T16:11:06.834Z,120.489,99325.73502604167
1614183021149,2021-02-24T16:11:06.851Z,120.567,99326.56315104167
1614183021226,2021-02-24T16:11:06.880Z,120.644,99326.56315104167
1614183021304,2021-02-24T16:11:06.909Z,120.722,99326.56315104167
1614183021382,2021-02-24T16:11:06.925Z,120.8,99326.56315104167
