epoch (ms),time (-07:00),elapsed (s),X-Axis (deg/s),Y-Axis (deg/s),Z-Axis (deg/s)
1612561213857,2021-02-05T21:41:37.426Z,0.012,,,
1612561213897,2021-02-05T21:41:37.636Z,0.052000000000000005,0.046394485980272286,0.13123011589050293,-0.4970837831497192
1612561213937,2021-02-05T21:41:37.651Z,0.092,0.4732237756252289,0.19220572710037231,-0.6800106167793274
1612561213976,2021-02-05T21:41:37.653Z,0.131,0.4732237756252289,1.228791117668152,-0.43610817193984985
1612561214016,2021-02-05T21:41:37.727Z,0.171,0.717126190662384,0.07025451213121414,-0.3751325607299805
1612561214055,2021-02-05T21:41:37.787Z,0.21,0.5341993570327759,-0.9053552746772766,-0.2531813383102417
1612561214095,2021-02-05T21:41:37.816Z,0.25,0.4732237756252289,0.4970837831497192,-0.13123011589050293
1612561214134,2021-02-05T21:41:37.831Z,0.289,0.5951749682426453,0.3751325607299805,-0.4970837831497192
1612561214174,2021-02-05T21:41:38.086Z,0.32899999999999996,0.4732237756252289,1.1678155660629272,-0.4970837831497192
1612561214213,2021-02-05T21:41:38.206Z,0.368,0.046394485980272286,-0.4785259962081909,-0.07025451213121414
1612561214253,2021-02-05T21:41:38.208Z,0.408,0.717126190662384,-0.051696714013814926,-0.3141569495201111
1612561214291,2021-02-05T21:41:38.282Z,0.446,1.022004246711731,1.228791117668152,-0.8629374504089355
1612561214331,2021-02-05T21:41:38.297Z,0.486,0.4732237756252289,0.5580593943595886,-0.3751325607299805
1612561214370,2021-02-05T21:41:38.311Z,0.525,0.2902969419956207,-0.7834040522575378,-0.009278897196054459
1612561214410,2021-02-05T21:41:38.371Z,0.565,0.7781018018722534,-0.3565747737884521,-0.19220572710037231
1612561214449,2021-02-05T21:41:38.387Z,0.604,-1.1121420860290527,-2.063891887664795,0.4175503849983215
1612561214489,2021-02-05T21:41:38.402Z,0.644,-2.4536056518554688,7.2044010162353525,-5.131230354309082
1612561214528,2021-02-05T21:41:38.551Z,0.6829999999999999,4.131760597229004,25.98488998413086,-10.192205429077148
1612561214568,2021-02-05T21:41:38.553Z,0.723,9.802492141723633,48.42391586303711,1.0273064374923706
1612561214607,2021-02-05T21:41:38.747Z,0.762,12.851272583007812,94.1556167602539,6.759013652801514
1612561214647,2021-02-05T21:41:38.762Z,0.802,17.79029655456543,166.16781616210938,12.185843467712402
1612561214687,2021-02-05T21:41:38.836Z,0.8420000000000001,-1.7218981981277466,203.66781616210938,25.72242927551269
1612561214725,2021-02-05T21:41:38.851Z,0.88,-21.904827117919922,207.6922149658203,25.84438133239746
1612561214764,2021-02-05T21:41:38.853Z,0.919,-27.636533737182614,205.61903381347656,20.17364883422852
1612561214804,2021-02-05T21:41:38.868Z,0.9590000000000001,-24.831655502319336,104.27757263183594,26.39316177368164
1612561214843,2021-02-05T21:41:38.927Z,0.998,-18.06336212158203,47.50928115844727,26.14925765991211
1612561214883,2021-02-05T21:41:38.941Z,1.038,-16.66092300415039,56.59464645385742,18.344379425048828
1612561214922,2021-02-05T21:41:38.957Z,1.077,-11.904825210571287,68.24098205566406,8.52730655670166
1612561214962,2021-02-05T21:41:39.016Z,1.117,-3.4901909828186035,34.64342498779297,2.1248674392700195
1612561215002,2021-02-05T21:41:39.031Z,1.157,-2.0877518653869633,25.314157485961914,-3.1800105571746826
1612561215041,2021-02-05T21:41:39.033Z,1.196,0.5951749682426453,28.911720275878906,-9.033669471740724
1612561215081,2021-02-05T21:41:39.242Z,1.236,1.9366384744644165,17.509279251098633,-10.314156532287598
1612561215119,2021-02-05T21:41:39.302Z,1.274,-0.3804347813129425,4.155620098114014,-8.545864105224611
1612561215158,2021-02-05T21:41:39.316Z,1.3130000000000002,-5.319458961486816,11.960498809814453,-6.777571678161621
1612561215198,2021-02-05T21:41:39.391Z,1.3530000000000002,-12.026776313781738,10.801961898803713,-1.106839895248413
1612561215237,2021-02-05T21:41:39.393Z,1.392,-20.6853141784668,5.3751325607299805,8.649258613586426
1612561215277,2021-02-05T21:41:39.481Z,1.432,-26.84385108947754,29.46050071716309,13.95413589477539
1612561215316,2021-02-05T21:41:39.496Z,1.4709999999999999,-35.80726623535156,40.31415939331055,22.9785270690918
1612561215356,2021-02-05T21:41:39.498Z,1.511,-44.83165740966797,46.22879409790039,32.91754913330078
1612561215396,2021-02-05T21:41:39.512Z,1.551,-49.16092300415039,47.14342880249024,44.38096618652344
1612561215435,2021-02-05T21:41:39.826Z,1.59,-52.14873123168945,60.740989685058594,51.45413589477539
1612561215475,2021-02-05T21:41:39.856Z,1.63,-51.90482711791992,51.83855056762695,53.4663314819336
1612561215514,2021-02-05T21:41:39.858Z,1.669,-55.197509765625,48.18001174926758,52.18584442138672
1612561215552,2021-02-05T21:41:39.872Z,1.7069999999999999,-52.75848388671875,41.53367233276367,52.1248664855957
1612561215592,2021-02-05T21:41:39.947Z,1.7469999999999999,-45.31946182250977,30.253183364868164,45.90535354614258
1612561215631,2021-02-05T21:41:39.976Z,1.786,-43.30726623535156,28.301963806152344,45.05169677734375
1612561215671,2021-02-05T21:41:39.991Z,1.8259999999999998,-26.965801239013672,35.009281158447266,39.44194030761719
1612561215711,2021-02-05T21:41:40.037Z,1.8659999999999999,-21.356046676635746,4.094644546508788,33.58827972412109
1612561215750,2021-02-05T21:41:40.052Z,1.905,-15.3804349899292,-15.356575012207033,28.22242927551269
1612561215790,2021-02-05T21:41:40.411Z,1.945,1.204931139945984,-52.1248664855957,10.173648834228516
1612561215829,2021-02-05T21:41:40.413Z,1.984,-19.34385108947754,-20.29559898376465,-9.704401016235352
1612561215869,2021-02-05T21:41:40.427Z,2.024,-33.124340057373054,42.75318145751953,-0.619035005569458
1612561215908,2021-02-05T21:41:40.443Z,2.063,-35.86824035644531,47.99708557128906,1.7590137720108032
1612561215948,2021-02-05T21:41:40.472Z,2.103,-31.660924911499023,42.69220733642578,11.515111923217773
1612561215986,2021-02-05T21:41:40.502Z,2.141,-16.29507064819336,44.09464645385742,19.80779457092285
1612561216025,2021-02-05T21:41:40.516Z,2.18,-6.051166534423827,29.094646453857425,26.51511192321777
1612561216065,2021-02-05T21:41:40.531Z,2.22,-0.4414103925228119,-4.380965232849121,40.4785270690918
1612561216105,2021-02-05T21:41:40.591Z,2.26,9.619565963745117,-9.9297456741333,39.137062072753906
1612561216144,2021-02-05T21:41:40.621Z,2.299,2.241516351699829,-16.45413589477539,32.30779266357422
1612561216184,2021-02-05T21:41:40.623Z,2.339,0.046394485980272286,-8.832184791564941,20.72242927551269
1612561216223,2021-02-05T21:41:40.743Z,2.378,3.582979917526245,-9.198038101196287,14.076087951660154
1612561216263,2021-02-05T21:41:40.908Z,2.418,3.09517502784729,-21.27120780944824,14.502917289733887
1612561216302,2021-02-05T21:41:40.937Z,2.457,5.961029052734375,-36.21023178100586,15.478527069091795
1612561216342,2021-02-05T21:41:40.951Z,2.497,6.44883394241333,-42.24681854248047,12.00291633605957
1612561216380,2021-02-05T21:41:40.966Z,2.535,-5.380434513092041,-13.771209716796875,13.222429275512695
1612561216421,2021-02-05T21:41:40.968Z,2.576,2.66834568977356,-21.27120780944824,10.234623908996582
1612561216459,2021-02-05T21:41:40.982Z,2.614,3.765906572341919,-18.161453247070312,10.47852611541748
1612561216499,2021-02-05T21:41:41.056Z,2.654,6.143955707550049,-21.393159866333008,10.112672805786133
1612561216538,2021-02-05T21:41:41.071Z,2.693,13.522005081176758,-13.283404350280762,2.1858432292938232
1612561216578,2021-02-05T21:41:41.086Z,2.733,6.509809494018555,-9.441941261291504,1.6370625495910645
1612561216617,2021-02-05T21:41:41.088Z,2.772,4.802492141723633,-12.00291633605957,5.234623432159424
1612561216657,2021-02-05T21:41:41.148Z,2.812,0.9000530242919922,0.009278897196054459,0.6614528298377991
1612561216696,2021-02-05T21:41:41.163Z,2.8510000000000004,2.424443244934082,-18.527305603027344,6.02730655670166
1612561216736,2021-02-05T21:41:41.177Z,2.891,0.2293213158845901,-5.783404350280763,7.3077940940856925
1612561216775,2021-02-05T21:41:41.252Z,2.93,-0.014581124298274515,-9.015111923217773,7.978525638580322
1612561216814,2021-02-05T21:41:41.297Z,2.969,-2.5145812034606934,-7.856575012207031,10.783404350280762
1612561216853,2021-02-05T21:41:41.431Z,3.008,0.7781018018722534,-12.734623908996582,13.405355453491213
1612561216893,2021-02-05T21:41:41.446Z,3.048,-2.2097032070159908,-7.3077945709228525,12.490721702575685
1612561216932,2021-02-05T21:41:41.463Z,3.0869999999999997,-0.19750796258449554,-4.1370630264282235,8.832184791564941
1612561216972,2021-02-05T21:41:41.523Z,3.127,-0.2584835588932037,-9.563892364501953,11.393160820007324
1612561217011,2021-02-05T21:41:41.537Z,3.1660000000000004,-0.19750796258449554,-11.759014129638672,13.95413589477539
1612561217051,2021-02-05T21:41:41.611Z,3.2060000000000004,-1.965800642967224,-10.539502143859863,15.661453247070312
1612561217090,2021-02-05T21:41:41.626Z,3.245,-1.5999469757080078,-12.673648834228516,15.661453247070312
1612561217130,2021-02-05T21:41:41.641Z,3.285,-2.1487276554107666,-11.088282585144043,16.14925765991211
1612561217169,2021-02-05T21:41:41.702Z,3.324,0.7781018018722534,-14.259014129638672,16.63706398010254
1612561217209,2021-02-05T21:41:41.717Z,3.364,-2.3316543102264404,-12.063892364501953,17.917551040649414
1612561217247,2021-02-05T21:41:41.731Z,3.4019999999999997,-0.4414103925228119,-15.783404350280762,16.819990158081055
1612561217287,2021-02-05T21:41:41.851Z,3.4419999999999997,-1.477995753288269,-9.259014129638672,17.063892364501953
1612561217326,2021-02-05T21:41:41.853Z,3.4810000000000003,-0.07555673271417618,-10.356575012207033,16.819990158081055
1612561217366,2021-02-05T21:41:41.943Z,3.5210000000000004,0.5341993570327759,-9.563892364501953,16.759014129638672
1612561217405,2021-02-05T21:41:41.957Z,3.56,0.4732237756252289,-5.783404350280763,14.198039054870605
1612561217445,2021-02-05T21:41:42.017Z,3.6,1.2659066915512085,-12.063892364501953,15.234623908996582
1612561217484,2021-02-05T21:41:42.076Z,3.639,1.204931139945984,-14.38096523284912,15.905355453491213
1612561217524,2021-02-05T21:41:42.092Z,3.679,0.10737010091543198,-7.124867916107178,15.295599937438965
1612561217564,2021-02-05T21:41:42.166Z,3.719,-0.13653235137462616,-7.856575012207031,15.356575012207033
1612561217603,2021-02-05T21:41:42.181Z,3.758,-0.5633616447448729,-11.02730655670166,14.563892364501953
1612561217641,2021-02-05T21:41:42.183Z,3.7960000000000003,2.729321241378784,-14.198039054870605,12.063892364501953
1612561217681,2021-02-05T21:41:42.198Z,3.8360000000000003,1.997614026069641,-12.12486743927002,12.4297456741333
1612561217720,2021-02-05T21:41:42.257Z,3.875,0.2293213158845901,-8.466331481933594,13.344380378723145
1612561217760,2021-02-05T21:41:42.271Z,3.915,1.0829799175262451,-8.771209716796875,13.100478172302244
1612561217799,2021-02-05T21:41:42.407Z,3.9539999999999997,-1.1731176376342771,-6.088282585144043,12.551697731018065
1612561217839,2021-02-05T21:41:42.453Z,3.9939999999999998,0.5341993570327759,-6.393160343170166,13.161453247070312
1612561217878,2021-02-05T21:41:42.467Z,4.033,1.022004246711731,-9.07608699798584,14.868770599365234
1612561217918,2021-02-05T21:41:42.572Z,4.073,0.717126190662384,-9.137063026428224,15.722429275512695
1612561217958,2021-02-05T21:41:42.632Z,4.113,-0.3804347813129425,-7.551697254180907,14.38096523284912
1612561217997,2021-02-05T21:41:42.647Z,4.152,1.4488335847854614,-7.551697254180907,13.405355453491213
1612561218035,2021-02-05T21:41:42.662Z,4.19,1.7537115812301636,-8.52730655670166,14.685843467712402
1612561218075,2021-02-05T21:41:42.721Z,4.23,0.5951749682426453,-7.856575012207031,14.990721702575685
1612561218114,2021-02-05T21:41:42.736Z,4.269,0.4732237756252289,-9.563892364501953,14.807794570922852
1612561218154,2021-02-05T21:41:42.751Z,4.309,1.022004246711731,-10.60047721862793,14.076087951660154
1612561218193,2021-02-05T21:41:42.753Z,4.348,-0.2584835588932037,-9.990721702575684,15.112672805786133
1612561218233,2021-02-05T21:41:42.812Z,4.388,0.7781018018722534,-10.356575012207033,13.039502143859865
1612561218273,2021-02-05T21:41:42.826Z,4.428,3.09517502784729,-14.746819496154785,12.246819496154785
1612561218312,2021-02-05T21:41:42.841Z,4.467,2.241516351699829,-10.539502143859863,12.063892364501953
1612561218352,2021-02-05T21:41:42.961Z,4.507,-0.19750796258449554,-8.771209716796875,11.88096523284912
1612561218391,2021-02-05T21:41:42.963Z,4.546,-1.6609225273132324,-2.368769884109497,9.9297456741333
1612561218431,2021-02-05T21:41:42.977Z,4.586,-4.587751865386963,0.619035005569458,9.198039054870604
1612561218469,2021-02-05T21:41:43.128Z,4.624,-5.014581203460693,3.85074234008789,6.088282108306885
1612561218508,2021-02-05T21:41:43.158Z,4.663,-2.270678758621216,0.009278897196054459,7.12486743927002
1612561218548,2021-02-05T21:41:43.187Z,4.703,0.2902969419956207,-6.759014129638673,9.07608699798584
1612561218587,2021-02-05T21:41:43.201Z,4.742,0.2293213158845901,-7.429745674133301,9.259014129638672
1612561218627,2021-02-05T21:41:43.217Z,4.782,-0.3194591701030731,-4.624867916107178,8.405355453491211
1612561218667,2021-02-05T21:41:43.276Z,4.822,0.9000530242919922,-4.015111446380615,7.734623432159424
1612561218706,2021-02-05T21:41:43.291Z,4.861000000000001,-1.7218981981277466,-2.185842990875244,7.55169677734375
1612561218746,2021-02-05T21:41:43.293Z,4.901,-0.3804347813129425,-3.52730655670166,8.710233688354492
1612561218785,2021-02-05T21:41:43.308Z,4.94,-1.3560445308685305,-9.015111923217773,7.856574535369872
1612561218825,2021-02-05T21:41:43.367Z,4.98,-0.13653235137462616,-10.417551040649414,7.429745674133301
1612561218863,2021-02-05T21:41:43.381Z,5.018,0.046394485980272286,-7.429745674133301,6.4541358947753915
1612561218902,2021-02-05T21:41:43.396Z,5.0569999999999995,-1.2340933084487915,-5.783404350280763,5.722428321838379
1612561218942,2021-02-05T21:41:43.456Z,5.0969999999999995,-0.8072640299797058,-8.10047721862793,6.880964756011963
1612561218982,2021-02-05T21:41:43.458Z,5.1370000000000005,-1.1121420860290527,-6.4541358947753915,6.941940784454347
1612561219021,2021-02-05T21:41:43.472Z,5.176,-1.4170200824737549,-6.576087474822997,6.515111446380615
1612561219061,2021-02-05T21:41:43.682Z,5.216,-1.2340933084487915,-8.771209716796875,6.759013652801514
1612561219100,2021-02-05T21:41:43.742Z,5.255,-2.6365325450897217,-8.95413589477539,6.759013652801514
1612561219140,2021-02-05T21:41:43.756Z,5.295,-0.3194591701030731,-7.97852611541748,3.649257898330689
1612561219179,2021-02-05T21:41:43.831Z,5.334,-0.3194591701030731,-3.1004772186279297,3.5882821083068848
1612561219219,2021-02-05T21:41:43.846Z,5.374,-1.1731176376342771,-6.149258136749268,3.7712090015411377
1612561219258,2021-02-05T21:41:43.848Z,5.412999999999999,-0.13653235137462616,-5.539501667022705,2.734623670578003
1612561219296,2021-02-05T21:41:43.862Z,5.4510000000000005,-1.1731176376342771,-2.55169677734375,3.1004772186279297
1612561219336,2021-02-05T21:41:43.921Z,5.4910000000000005,-0.9292152523994446,-0.051696714013814926,2.55169677734375
1612561219376,2021-02-05T21:41:43.936Z,5.531000000000001,0.3512725532054901,-0.6614528298377991,1.393160104751587
1612561219415,2021-02-05T21:41:43.951Z,5.57,-0.19750796258449554,-3.1614527702331543,0.9663308262825012
1612561219455,2021-02-05T21:41:43.953Z,5.61,-1.1121420860290527,0.07025451213121414,1.7590137720108032
1612561219494,2021-02-05T21:41:44.013Z,5.649,0.6561505794525146,-1.5760868787765503,1.8809648752212524
1612561219534,2021-02-05T21:41:44.071Z,5.689,-0.4414103925228119,-3.5882821083068848,1.6370625495910645
1612561219573,2021-02-05T21:41:44.238Z,5.728,0.10737010091543198,-2.673647880554199,2.063891887664795
1612561219613,2021-02-05T21:41:44.297Z,5.768,-0.2584835588932037,-2.6126723289489746,2.368769884109497
1612561219652,2021-02-05T21:41:44.311Z,5.807,-0.6243372559547424,-3.1004772186279297,2.4907212257385254
1612561219692,2021-02-05T21:41:44.386Z,5.847,0.8390774130821228,-3.710233211517334,2.0029163360595703
1612561219730,2021-02-05T21:41:44.401Z,5.885,-0.014581124298274515,-5.05169677734375,2.6736481189727783
1612561219770,2021-02-05T21:41:44.403Z,5.925,-0.9292152523994446,-2.7955992221832275,1.7590137720108032
1612561219809,2021-02-05T21:41:44.417Z,5.9639999999999995,0.4122481644153595,-4.3199896812438965,1.698038101196289
1612561219849,2021-02-05T21:41:44.432Z,6.004,-1.1121420860290527,-2.55169677734375,-0.3141569495201111
1612561219888,2021-02-05T21:41:44.447Z,6.042999999999999,-0.4414103925228119,2.8751325607299805,-2.0824496746063232
1612561219928,2021-02-05T21:41:44.476Z,6.082999999999999,0.5341993570327759,0.13123011589050293,0.9663308262825012
1612561219967,2021-02-05T21:41:44.491Z,6.122000000000001,-1.2340933084487915,1.106839895248413,1.941940665245056
1612561220007,2021-02-05T21:41:44.506Z,6.162000000000001,-1.1121420860290527,0.6800106167793274,1.0882819890975952
1612561220046,2021-02-05T21:41:44.627Z,6.2010000000000005,0.046394485980272286,-2.2468185424804688,-0.4970837831497192
1612561220086,2021-02-05T21:41:44.851Z,6.2410000000000005,-0.19750796258449554,-0.6614528298377991,-0.43610817193984985
1612561220126,2021-02-05T21:41:44.866Z,6.281000000000001,0.3512725532054901,-2.1248674392700195,0.9663308262825012
1612561220164,2021-02-05T21:41:44.896Z,6.319,0.2902969419956207,-1.3321844339370728,-0.3141569495201111
1612561220203,2021-02-05T21:41:44.911Z,6.358,-0.5023860335350037,-1.0273064374923706,0.3565747737884521
1612561220243,2021-02-05T21:41:44.971Z,6.398,0.3512725532054901,-1.4541356563568115,-0.19220572710037231
1612561220282,2021-02-05T21:41:45.031Z,6.437,0.5341993570327759,-1.4541356563568115,-0.9239130616188048
1612561220322,2021-02-05T21:41:45.047Z,6.477,0.16834570467472074,-0.4785259962081909,0.23462355136871335
1612561220361,2021-02-05T21:41:45.062Z,6.516,0.2293213158845901,-0.7834040522575378,-0.8019618391990662
1612561220401,2021-02-05T21:41:45.183Z,6.556,0.046394485980272286,-0.3565747737884521,-0.3751325607299805
1612561220440,2021-02-05T21:41:45.348Z,6.595,-0.7462884783744812,1.106839895248413,0.173647940158844
1612561220480,2021-02-05T21:41:45.407Z,6.635,-0.3194591701030731,-1.393160104751587,0.2955991625785828
1612561220520,2021-02-05T21:41:45.421Z,6.675,-0.4414103925228119,0.9848886728286744,0.051696714013814926
1612561220558,2021-02-05T21:41:45.436Z,6.712999999999999,-0.13653235137462616,-0.112672321498394,0.112672321498394
1612561220597,2021-02-05T21:41:45.496Z,6.752000000000001,-0.6243372559547424,-0.051696714013814926,0.051696714013814926
1612561220637,2021-02-05T21:41:45.498Z,6.792000000000001,0.2293213158845901,-1.698038101196289,0.7834040522575378
1612561220676,2021-02-05T21:41:45.512Z,6.831,1.3268823623657229,-2.4297454357147217,0.112672321498394
1612561220716,2021-02-05T21:41:45.527Z,6.871,0.5341993570327759,0.7409862279891968,-1.106839895248413
1612561220755,2021-02-05T21:41:45.542Z,6.91,1.2659066915512085,-3.1614527702331543,0.6614528298377991
1612561220795,2021-02-05T21:41:45.571Z,6.95,0.5341993570327759,-0.9053552746772766,0.3565747737884521
1612561220835,2021-02-05T21:41:45.586Z,6.99,0.046394485980272286,1.4726935625076294,-2.3873276710510254
1612561220874,2021-02-05T21:41:45.601Z,7.029,0.6561505794525146,-0.8443796634674072,-0.5580593943595886
1612561220914,2021-02-05T21:41:45.603Z,7.069,0.16834570467472074,0.5580593943595886,-0.43610817193984985
1612561220952,2021-02-05T21:41:45.617Z,7.107,0.4122481644153595,-0.5395016074180603,-1.106839895248413
1612561220991,2021-02-05T21:41:45.736Z,7.146,-0.6853128671646118,2.5702545642852783,-0.9239130616188048
1612561221031,2021-02-05T21:41:45.886Z,7.186,0.3512725532054901,0.4970837831497192,-1.3507423400878906
1612561221070,2021-02-05T21:41:45.961Z,7.225,0.2293213158845901,-1.698038101196289,0.4175503849983215
1612561221110,2021-02-05T21:41:45.963Z,7.265,0.046394485980272286,0.13123011589050293,0.23462355136871335
1612561221149,2021-02-05T21:41:45.977Z,7.303999999999999,0.8390774130821228,-1.5151113271713257,1.3321844339370728
1612561221189,2021-02-05T21:41:46.052Z,7.343999999999999,-0.4414103925228119,-0.5395016074180603,0.173647940158844
1612561221229,2021-02-05T21:41:46.081Z,7.3839999999999995,-0.07555673271417618,-2.185842990875244,0.23462355136871335
1612561221268,2021-02-05T21:41:46.083Z,7.422999999999999,-0.2584835588932037,-0.051696714013814926,0.9053552746772766
1612561221308,2021-02-05T21:41:46.173Z,7.462999999999999,-0.7462884783744812,0.13123011589050293,0.3565747737884521
1612561221347,2021-02-05T21:41:46.368Z,7.502000000000001,1.022004246711731,-2.55169677734375,-0.6800106167793274
1612561221385,2021-02-05T21:41:46.533Z,7.54,0.9000530242919922,-0.9053552746772766,-0.13123011589050293
1612561221425,2021-02-05T21:41:46.607Z,7.58,-0.07555673271417618,0.13123011589050293,-0.3141569495201111
1612561221464,2021-02-05T21:41:46.637Z,7.619,-0.8072640299797058,1.228791117668152,-0.13123011589050293
1612561221504,2021-02-05T21:41:46.728Z,7.659,0.046394485980272286,0.07025451213121414,-1.5336692333221436
1612561221544,2021-02-05T21:41:46.832Z,7.699,0.3512725532054901,0.13123011589050293,-0.5580593943595886
1612561221583,2021-02-05T21:41:46.846Z,7.7379999999999995,-0.8072640299797058,-0.7834040522575378,1.210233211517334
1612561221623,2021-02-05T21:41:47.086Z,7.778,-0.4414103925228119,0.19220572710037231,-0.2531813383102417
1612561221662,2021-02-05T21:41:47.162Z,7.817,-0.19750796258449554,-0.4785259962081909,-0.19220572710037231
1612561221702,2021-02-05T21:41:47.311Z,7.857,0.7781018018722534,-0.7224284410476685,0.4175503849983215
1612561221741,2021-02-05T21:41:47.326Z,7.896,-0.13653235137462616,-0.9053552746772766,1.271208882331848
1612561221779,2021-02-05T21:41:47.328Z,7.934,-0.5023860335350037,-0.7224284410476685,1.819989323616028
1612561221819,2021-02-05T21:41:47.641Z,7.974,0.717126190662384,-1.7590137720108032,0.7224284410476685
1612561221858,2021-02-05T21:41:47.643Z,8.013,0.16834570467472074,-6.210233688354492,4.07608699798584
1612561221898,2021-02-05T21:41:47.717Z,8.052999999999999,-0.9292152523994446,-4.07608699798584,3.954135656356812
1612561221938,2021-02-05T21:41:47.748Z,8.093,-1.5999469757080078,-4.563891887664795,2.429745674133301
1612561221977,2021-02-05T21:41:47.777Z,8.132,-0.6243372559547424,-2.6126723289489746,1.0273064374923706
1612561222017,2021-02-05T21:41:47.791Z,8.172,-1.6609225273132324,1.0458643436431885,-0.3141569495201111
1612561222056,2021-02-05T21:41:47.806Z,8.211,-0.6853128671646118,0.43610817193984985,0.4785259962081909
1612561222096,2021-02-05T21:41:47.821Z,8.251,0.16834570467472074,4.216595649719238,-0.3751325607299805
1612561222135,2021-02-05T21:41:47.836Z,8.29,0.2293213158845901,1.4726935625076294,0.23462355136871335
1612561222175,2021-02-05T21:41:47.956Z,8.33,-0.6243372559547424,-1.210233211517334,2.1858432292938232
1612561222213,2021-02-05T21:41:48.181Z,8.368,-0.5633616447448729,-0.2955991625785828,-0.13123011589050293
1612561222252,2021-02-05T21:41:48.256Z,8.407,0.5341993570327759,-0.6004772186279297,-3.97269344329834
1612561222292,2021-02-05T21:41:48.258Z,8.447000000000001,-0.3194591701030731,-0.173647940158844,-2.936108112335205
1612561222332,2021-02-05T21:41:48.272Z,8.487,-0.13653235137462616,3.0580594539642334,-0.13123011589050293
1612561222371,2021-02-05T21:41:48.301Z,8.526,-2.5145812034606934,2.265376567840576,-0.009278897196054459
1612561222411,2021-02-05T21:41:48.361Z,8.566,-2.3316543102264404,2.814157009124756,1.5151113271713257
1612561222450,2021-02-05T21:41:48.363Z,8.605,-4.892629623413086,-0.7224284410476685,5.539501667022705
1612561222490,2021-02-05T21:41:48.378Z,8.645,-5.441410541534424,2.814157009124756,7.55169677734375
1612561222529,2021-02-05T21:41:48.710Z,8.684,-3.551166534423828,0.8019618391990662,2.8565747737884517
1612561222569,2021-02-05T21:41:48.721Z,8.724,0.2293213158845901,-1.7590137720108032,-1.4726935625076294
1612561222608,2021-02-05T21:41:48.736Z,8.763,0.7781018018722534,-2.3077943325042725,-0.8629374504089355
1612561222647,2021-02-05T21:41:48.738Z,8.802,0.4732237756252289,2.021474123001098,-0.43610817193984985
1612561222686,2021-02-05T21:41:48.753Z,8.841000000000001,-0.13653235137462616,4.338547229766847,-3.85074234008789
1612561222726,2021-02-05T21:41:48.828Z,8.881,1.3878579139709473,-0.112672321498394,-3.3629374504089355
1612561222765,2021-02-05T21:41:48.858Z,8.92,0.2902969419956207,-1.819989323616028,0.112672321498394
1612561222805,2021-02-05T21:41:48.947Z,8.96,0.4122481644153595,0.9239130616188048,-1.8385472297668457
1612561222844,2021-02-05T21:41:49.172Z,8.999,-0.86823970079422,3.85074234008789,-1.7775716781616209
1612561222884,2021-02-05T21:41:49.187Z,9.039,0.046394485980272286,0.4970837831497192,0.2955991625785828
1612561222923,2021-02-05T21:41:49.291Z,9.078,0.8390774130821228,-1.393160104751587,-0.9848886728286744
1612561222963,2021-02-05T21:41:49.306Z,9.118,-0.19750796258449554,0.5580593943595886,-0.619035005569458
1612561223002,2021-02-05T21:41:49.381Z,9.157,0.4732237756252289,-2.9175503253936768,0.112672321498394
1612561223041,2021-02-05T21:41:49.411Z,9.196,0.2293213158845901,-0.9663308262825012,-0.2531813383102417
1612561223080,2021-02-05T21:41:49.413Z,9.235,0.2902969419956207,-0.7224284410476685,0.6004772186279297
1612561223120,2021-02-05T21:41:49.577Z,9.275,0.7781018018722534,-3.1004772186279297,0.9663308262825012
1612561223159,2021-02-05T21:41:49.591Z,9.314,1.0829799175262451,-3.954135656356812,-1.8385472297668457
1612561223199,2021-02-05T21:41:49.606Z,9.354,1.4488335847854614,-3.039501667022705,-1.289766788482666
1612561223238,2021-02-05T21:41:49.621Z,9.392999999999999,1.1439554691314695,-2.0029160976409908,1.271208882331848
1612561223278,2021-02-05T21:41:49.623Z,9.433,-0.13653235137462616,-2.0029160976409908,0.051696714013814926
1612561223317,2021-02-05T21:41:49.637Z,9.472000000000001,-0.13653235137462616,-0.173647940158844,-1.1678155660629272
1612561223357,2021-02-05T21:41:49.681Z,9.512,-0.19750796258449554,0.19220572710037231,0.6004772186279297
1612561223397,2021-02-05T21:41:49.696Z,9.552,0.16834570467472074,-0.4785259962081909,0.7224284410476685
1612561223436,2021-02-05T21:41:49.711Z,9.591000000000001,1.9366384744644165,-2.673647880554199,-1.3507423400878906
1612561223474,2021-02-05T21:41:49.713Z,9.629,4.5585899353027335,-12.368770599365234,-2.936108112335205
1612561223514,2021-02-05T21:41:49.727Z,9.669,1.204931139945984,-4.07608699798584,-2.2044007778167725
1612561223553,2021-02-05T21:41:49.741Z,9.708,-0.3194591701030731,1.6556204557418823,-0.009278897196054459
1612561223593,2021-02-05T21:41:49.756Z,9.748,-0.5633616447448729,2.204401016235352,-1.6556204557418823
1612561223632,2021-02-05T21:41:49.771Z,9.787,-0.7462884783744812,0.8019618391990662,-1.89952290058136
1612561223672,2021-02-05T21:41:49.773Z,9.827,0.10737010091543198,0.7409862279891968,0.2955991625785828
1612561223711,2021-02-05T21:41:49.787Z,9.866,-0.3194591701030731,-0.5395016074180603,0.7224284410476685
1612561223751,2021-02-05T21:41:49.802Z,9.906,-0.07555673271417618,-0.2955991625785828,0.112672321498394
1612561223791,2021-02-05T21:41:49.816Z,9.946,0.10737010091543198,-0.4175503849983215,-0.2531813383102417
1612561223830,2021-02-05T21:41:49.831Z,9.985,-0.8072640299797058,0.8019618391990662,0.3565747737884521
1612561223870,2021-02-05T21:41:49.833Z,10.025,0.5341993570327759,-1.880964994430542,-0.13123011589050293
1612561223908,2021-02-05T21:41:49.848Z,10.062999999999999,0.717126190662384,-2.063891887664795,-0.009278897196054459
1612561223947,2021-02-05T21:41:49.862Z,10.102,0.4732237756252289,0.19220572710037231,-1.716596007347107
1612561223987,2021-02-05T21:41:49.876Z,10.142000000000001,0.717126190662384,-1.5760868787765503,-0.9239130616188048
1612561224026,2021-02-05T21:41:49.891Z,10.181000000000001,-0.86823970079422,0.3141569495201111,1.1492576599121094
1612561224066,2021-02-05T21:41:49.906Z,10.221,-0.014581124298274515,2.021474123001098,-1.4726935625076294
1612561224106,2021-02-05T21:41:49.908Z,10.261,0.5341993570327759,-0.7834040522575378,-0.43610817193984985
1612561224145,2021-02-05T21:41:49.922Z,10.3,0.10737010091543198,0.009278897196054459,0.3565747737884521
1612561224185,2021-02-05T21:41:49.936Z,10.34,0.046394485980272286,0.009278897196054459,-2.021474123001098
1612561224224,2021-02-05T21:41:49.951Z,10.379000000000001,-0.2584835588932037,2.5702545642852783,-3.4848885536193848
1612561224264,2021-02-05T21:41:49.966Z,10.419,3.4000530242919917,-1.1492576599121094,-4.521474361419678
1612561224302,2021-02-05T21:41:49.968Z,10.457,6.44883394241333,-2.1248674392700195,-10.61903476715088
1612561224341,2021-02-05T21:41:49.982Z,10.495999999999999,2.5463943481445312,8.911718368530273,-11.77757167816162
1612561224381,2021-02-05T21:41:49.997Z,10.536,2.607370138168335,17.204402923583984,-12.753181457519533
1612561224420,2021-02-05T21:41:50.011Z,10.575,1.4488335847854614,20.375133514404297,-15.192205429077148
1612561224460,2021-02-05T21:41:50.026Z,10.615,1.3878579139709473,19.216596603393555,-16.167816162109375
1612561224500,2021-02-05T21:41:50.028Z,10.655,4.985419273376465,13.484889030456545,-19.582448959350586
1612561224539,2021-02-05T21:41:50.043Z,10.694,-0.9292152523994446,21.716596603393555,-21.838546752929688
1612561224579,2021-02-05T21:41:50.057Z,10.734000000000002,-1.843849301338196,28.42391395568848,-23.42391395568848
1612561224618,2021-02-05T21:41:50.071Z,10.773,0.10737010091543198,21.777572631835934,-20.49708366394043
1612561224658,2021-02-05T21:41:50.086Z,10.812999999999999,-5.990190982818604,25.74098777770996,-23.78976631164551
1612561224697,2021-02-05T21:41:50.101Z,10.852,-0.9292152523994446,20.253183364868164,-27.509279251098636
1612561224735,2021-02-05T21:41:50.103Z,10.89,-4.038971424102783,23.72879219055176,-25.680011749267575
1612561224775,2021-02-05T21:41:50.117Z,10.93,-6.660922527313232,26.594646453857425,-22.570255279541016
1612561224815,2021-02-05T21:41:50.132Z,10.97,-6.904825210571289,28.911720275878906,-22.44830322265625
1612561224854,2021-02-05T21:41:50.146Z,11.009,-7.5145812034606925,9.216595649719238,-10.49708366394043
1612561224894,2021-02-05T21:41:50.161Z,11.049000000000001,-6.660922527313232,2.7531814575195312,-11.04586410522461
1612561224933,2021-02-05T21:41:50.163Z,11.088,-10.990190505981444,35.862937927246094,-19.460498809814453
1612561224973,2021-02-05T21:41:50.178Z,11.128,-3.3072640895843506,19.399524688720703,-29.03367042541504
1612561225012,2021-02-05T21:41:50.192Z,11.167,-3.673117876052856,18.78976821899414,-34.76537704467773
1612561225052,2021-02-05T21:41:50.206Z,11.207,-1.1121420860290527,-1.1492576599121094,-32.63123321533203
1612561225091,2021-02-05T21:41:50.221Z,11.245999999999999,2.0585896968841557,-12.246819496154785,-37.50928115844727
1612561225131,2021-02-05T21:41:50.236Z,11.286,1.0829799175262451,1.1678155660629272,-50.68001174926758
1612561225169,2021-02-05T21:41:50.238Z,11.324000000000002,4.5585899353027335,-18.71023368835449,-47.69220733642578
1612561225209,2021-02-05T21:41:50.252Z,11.364,7.3634681701660165,-20.173646926879886,-55.19220733642578
1612561225248,2021-02-05T21:41:50.266Z,11.402999999999999,-1.5389713048934937,3.667815685272217,-51.28976821899414
1612561225288,2021-02-05T21:41:50.281Z,11.443,-4.953605651855469,5.192205429077148,-41.8995246887207
1612561225327,2021-02-05T21:41:50.296Z,11.482000000000001,-3.3682398796081543,12.87513256072998,-49.15562438964844
1612561225367,2021-02-05T21:41:50.297Z,11.522,-9.892629623413086,17.814157485961914,-48.240989685058594
1612561225406,2021-02-05T21:41:50.311Z,11.561,-9.099946975708008,17.265377044677734,-47.99708557128906
1612561225446,2021-02-05T21:41:50.326Z,11.600999999999999,-6.538971424102782,16.472694396972653,-49.09464645385742
1612561225485,2021-02-05T21:41:50.356Z,11.64,-5.746288299560548,7.265376567840576,-47.7531852722168
1612561225525,2021-02-05T21:41:50.358Z,11.68,-0.2584835588932037,0.19220572710037231,-53.850746154785156
1612561225563,2021-02-05T21:41:50.372Z,11.718,-6.417020320892334,-6.698038578033447,-52.69220733642578
1612561225603,2021-02-05T21:41:50.387Z,11.758,-5.441410541534424,-2.9785258769989014,-53.66781997680664
1612561225642,2021-02-05T21:41:50.402Z,11.797,-9.526776313781738,-9.07608699798584,-42.265380859375
1612561225682,2021-02-05T21:41:50.416Z,11.837,-15.807263374328613,-6.271209239959718,-32.44830703735352
1612561225721,2021-02-05T21:41:50.431Z,11.876,-11.53897190093994,-2.0029160976409908,-32.69220733642578
1612561225761,2021-02-05T21:41:50.446Z,11.915999999999999,-14.83165454864502,-0.112672321498394,-27.26537704467773
1612561225800,2021-02-05T21:41:50.448Z,11.955,-15.3804349899292,10.49708366394043,-18.606840133666992
1612561225840,2021-02-05T21:41:50.462Z,11.995,-8.612142562866211,0.9239130616188048,-4.582449913024902
1612561225879,2021-02-05T21:41:50.476Z,12.034,-5.624337196350098,-4.07608699798584,1.6370625495910645
1612561225919,2021-02-05T21:41:50.491Z,12.074000000000002,-4.831654071807861,7.936108112335205,-2.814157009124756
1612561225959,2021-02-05T21:41:50.506Z,12.114,-7.453605651855469,6.106839656829834,-0.6800106167793274
1612561225997,2021-02-05T21:41:50.508Z,12.152000000000001,-9.83165454864502,9.582449913024902,-1.8385472297668457
1612561226036,2021-02-05T21:41:50.522Z,12.190999999999999,-9.58775234222412,11.960498809814453,-2.8751325607299805
1612561226076,2021-02-05T21:41:50.537Z,12.231,-3.9779961109161377,7.2044010162353525,-2.265376329421997
1612561226115,2021-02-05T21:41:50.551Z,12.27,2.7902967929840092,-3.4663307666778564,0.5395016074180603
1612561226155,2021-02-05T21:41:50.566Z,12.31,0.7781018018722534,1.716596007347107,-0.9848886728286744
1612561226194,2021-02-05T21:41:50.568Z,12.349,-0.7462884783744812,2.448303461074829,1.6370625495910645
1612561226234,2021-02-05T21:41:50.583Z,12.389000000000001,3.339077472686768,-5.356575012207031,1.819989323616028
1612561226273,2021-02-05T21:41:50.597Z,12.427999999999999,1.022004246711731,5.680010318756104,1.819989323616028
1612561226313,2021-02-05T21:41:50.611Z,12.468,1.3268823623657229,1.1678155660629272,3.1614530086517334
1612561226353,2021-02-05T21:41:50.626Z,12.508,3.156150579452514,-2.673647880554199,5.783403873443604
1612561226391,2021-02-05T21:41:50.641Z,12.546,1.0829799175262451,1.3507423400878906,3.3443796634674072
1612561226430,2021-02-05T21:41:50.643Z,12.585,-0.13653235137462616,11.77757167816162,-2.2044007778167725
