epoch (ms),time (-07:00),elapsed (s),X-Axis (T),Y-Axis (T),Z-Axis (T)
1613606044788,2021-02-17T23:55:31.951Z,97.16,-19.5444450378418,22.84861183166504,19.420833587646484
1613606044829,2021-02-17T23:55:31.965Z,97.20100000000001,-19.1694450378418,25.03611183166504,19.045833587646484
1613606044868,2021-02-17T23:55:31.981Z,97.24,-19.9194450378418,27.59861183166504,21.045833587646484
1613606044908,2021-02-17T23:55:31.995Z,97.28,-18.7944450378418,30.91111183166504,20.233333587646484
1613606044947,2021-02-17T23:55:32.009Z,97.319,-18.0444450378418,25.78611183166504,19.420833587646484
1613606044987,2021-02-17T23:55:32.011Z,97.359,-18.4194450378418,30.53611183166504,21.045833587646484
1613606045028,2021-02-17T23:55:32.026Z,97.4,-19.5444450378418,31.28611183166504,21.045833587646484
1613606045068,2021-02-17T23:55:32.041Z,97.44,-18.7944450378418,30.91111183166504,19.045833587646484
1613606045107,2021-02-17T23:55:32.056Z,97.479,-18.0444450378418,30.53611183166504,20.233333587646484
1613606045147,2021-02-17T23:55:32.069Z,97.51899999999999,-17.731945037841797,30.16111183166504,20.233333587646484
1613606045186,2021-02-17T23:55:32.084Z,97.55799999999999,-18.0444450378418,30.53611183166504,19.420833587646484
1613606045227,2021-02-17T23:55:32.086Z,97.59899999999999,-17.731945037841797,30.91111183166504,21.420833587646484
1613606045267,2021-02-17T23:55:32.100Z,97.639,-18.7944450378418,29.03611183166504,19.420833587646484
1613606045306,2021-02-17T23:55:32.115Z,97.678,-18.0444450378418,31.97361183166504,21.045833587646484
1613606045346,2021-02-17T23:55:32.130Z,97.71799999999999,-19.1694450378418,30.16111183166504,21.045833587646484
1613606045385,2021-02-17T23:55:32.144Z,97.757,-18.4194450378418,30.53611183166504,21.420833587646484
1613606045425,2021-02-17T23:55:32.146Z,97.79700000000001,-18.4194450378418,29.78611183166504,19.858333587646484
1613606045466,2021-02-17T23:55:32.161Z,97.838,-20.6069450378418,31.97361183166504,21.420833587646484
1613606045506,2021-02-17T23:55:32.176Z,97.87799999999999,-18.7944450378418,31.97361183166504,21.045833587646484
1613606045545,2021-02-17T23:55:32.191Z,97.917,-19.5444450378418,31.28611183166504,20.670833587646484
1613606045585,2021-02-17T23:55:32.204Z,97.95700000000001,-19.5444450378418,31.59861183166504,22.670833587646484
1613606045624,2021-02-17T23:55:32.219Z,97.99600000000001,-18.4194450378418,30.53611183166504,21.045833587646484
1613606045665,2021-02-17T23:55:32.221Z,98.037,-18.4194450378418,31.28611183166504,21.045833587646484
1613606045705,2021-02-17T23:55:32.235Z,98.07700000000001,-18.7944450378418,30.53611183166504,21.858333587646484
1613606045744,2021-02-17T23:55:32.250Z,98.116,-18.7944450378418,31.28611183166504,20.233333587646484
1613606045784,2021-02-17T23:55:32.265Z,98.156,-18.7944450378418,32.72360992431641,20.233333587646484
1613606045823,2021-02-17T23:55:32.283Z,98.195,-19.5444450378418,31.59861183166504,22.608333587646484
1613606045864,2021-02-17T23:55:32.285Z,98.236,-19.9194450378418,31.97361183166504,21.420833587646484
1613606045904,2021-02-17T23:55:32.296Z,98.27600000000001,-18.0444450378418,31.28611183166504,21.045833587646484
1613606045944,2021-02-17T23:55:32.315Z,98.316,-19.9194450378418,33.09860992431641,21.483333587646484
1613606045983,2021-02-17T23:55:32.325Z,98.355,-20.6069450378418,33.09860992431641,22.295833587646484
1613606046023,2021-02-17T23:55:32.370Z,98.395,-19.1694450378418,33.47360992431641,22.295833587646484
1613606046064,2021-02-17T23:55:32.385Z,98.436,-19.9194450378418,34.53610992431641,22.295833587646484
1613606046103,2021-02-17T23:55:32.399Z,98.475,-19.1694450378418,33.09860992431641,21.045833587646484
1613606046143,2021-02-17T23:55:32.401Z,98.515,-19.5444450378418,34.16110992431641,21.420833587646484
1613606046182,2021-02-17T23:55:32.416Z,98.554,-19.1694450378418,33.84860992431641,22.670833587646484
1613606046222,2021-02-17T23:55:32.430Z,98.594,-18.4194450378418,33.47360992431641,21.420833587646484
1613606046261,2021-02-17T23:55:32.445Z,98.633,-19.1694450378418,36.036109924316406,22.670833587646484
1613606046302,2021-02-17T23:55:32.459Z,98.67399999999999,-19.1694450378418,34.91110992431641,23.858333587646484
1613606046342,2021-02-17T23:55:32.474Z,98.714,-19.1694450378418,37.098609924316406,21.858333587646484
1613606046382,2021-02-17T23:55:32.476Z,98.75399999999999,-19.5444450378418,35.661109924316406,23.045833587646484
1613606046421,2021-02-17T23:55:32.490Z,98.79299999999999,-19.9194450378418,36.723609924316406,23.045833587646484
1613606046461,2021-02-17T23:55:32.505Z,98.833,-19.9194450378418,36.036109924316406,21.483333587646484
1613606046502,2021-02-17T23:55:32.520Z,98.874,-19.9194450378418,38.598609924316406,23.483333587646484
1613606046541,2021-02-17T23:55:32.534Z,98.913,-19.5444450378418,38.598609924316406,23.858333587646484
1613606046581,2021-02-17T23:55:32.536Z,98.95299999999999,-19.9194450378418,36.411109924316406,24.295833587646484
1613606046620,2021-02-17T23:55:32.550Z,98.992,-19.9194450378418,36.786109924316406,23.108333587646484
1613606046660,2021-02-17T23:55:32.565Z,99.03200000000001,-19.5444450378418,38.598609924316406,24.295833587646484
1613606046701,2021-02-17T23:55:32.580Z,99.073,-18.7944450378418,38.973609924316406,22.295833587646484
1613606046740,2021-02-17T23:55:32.594Z,99.11200000000001,-21.7319450378418,40.786109924316406,23.045833587646484
1613606046780,2021-02-17T23:55:32.596Z,99.152,-18.7944450378418,39.661109924316406,23.420833587646484
1613606046820,2021-02-17T23:55:32.611Z,99.19200000000001,-20.6069450378418,40.786109924316406,23.108333587646484
1613606046859,2021-02-17T23:55:32.625Z,99.23100000000001,-19.5444450378418,42.598609924316406,23.045833587646484
1613606046900,2021-02-17T23:55:32.640Z,99.272,-19.5444450378418,42.973609924316406,22.608333587646484
1613606046940,2021-02-17T23:55:32.655Z,99.31200000000001,-19.9194450378418,44.098609924316406,20.608333587646484
1613606046979,2021-02-17T23:55:32.670Z,99.351,-19.9194450378418,45.161109924316406,23.045833587646484
1613606047019,2021-02-17T23:55:32.671Z,99.391,-19.5444450378418,45.536109924316406,21.420833587646484
1613606047058,2021-02-17T23:55:32.685Z,99.43,-18.7944450378418,47.348609924316406,19.858333587646484
1613606047098,2021-02-17T23:55:32.700Z,99.47,-19.9194450378418,46.973609924316406,19.045833587646484
1613606047139,2021-02-17T23:55:32.715Z,99.51100000000001,-18.0444450378418,49.161109924316406,19.858333587646484
1613606047178,2021-02-17T23:55:32.729Z,99.55,-18.4194450378418,49.536109924316406,17.420833587646484
1613606047218,2021-02-17T23:55:32.732Z,99.59,-19.1694450378418,50.286109924316406,17.420833587646484
1613606047258,2021-02-17T23:55:32.746Z,99.63,-19.1694450378418,52.098609924316406,16.608333587646484
1613606047297,2021-02-17T23:55:32.761Z,99.669,-18.4194450378418,53.973609924316406,14.983333587646484
1613606047338,2021-02-17T23:55:32.775Z,99.71,-18.0444450378418,52.848609924316406,12.545833587646484
1613606047378,2021-02-17T23:55:32.790Z,99.75,-18.7944450378418,56.161109924316406,12.983333587646484
1613606047417,2021-02-17T23:55:32.804Z,99.789,-18.0444450378418,56.911109924316406,10.170833587646484
1613606047457,2021-02-17T23:55:32.806Z,99.829,-17.731945037841797,57.973609924316406,7.733333110809326
1613606047496,2021-02-17T23:55:32.821Z,99.868,-18.0444450378418,61.286109924316406,6.545833110809326
1613606047537,2021-02-17T23:55:32.835Z,99.90899999999999,-17.356945037841793,60.161109924316406,3.670833349227905
1613606047577,2021-02-17T23:55:32.850Z,99.949,-19.1694450378418,62.723609924316406,3.2958333492279053
1613606047616,2021-02-17T23:55:32.864Z,99.988,-18.4194450378418,63.848609924316406,0.4833333194255829
1613606047656,2021-02-17T23:55:32.866Z,100.02799999999999,-18.4194450378418,64.22360992431639,-1.5166666507720947
1613606047696,2021-02-17T23:55:32.880Z,100.068,-16.231945037841793,64.53610992431639,-2.7666666507720947
1613606047737,2021-02-17T23:55:32.896Z,100.109,-15.48194408416748,63.098609924316406,-4.766666889190674
1613606047776,2021-02-17T23:55:32.910Z,100.148,-16.231945037841793,63.848609924316406,-7.204166889190674
1613606047816,2021-02-17T23:55:32.924Z,100.18799999999999,-17.731945037841797,62.723609924316406,-9.204166412353516
1613606047855,2021-02-17T23:55:32.926Z,100.227,-15.48194408416748,61.973609924316406,-10.454166412353516
1613606047895,2021-02-17T23:55:32.942Z,100.26700000000001,-15.48194408416748,68.59860992431639,-12.829166412353516
1613606047936,2021-02-17T23:55:32.957Z,100.30799999999999,-15.16944408416748,70.03610992431639,-14.454166412353516
1613606047975,2021-02-17T23:55:32.975Z,100.34700000000001,-15.48194408416748,65.28610992431639,-16.891666412353516
1613606048015,2021-02-17T23:55:32.984Z,100.387,-14.79444408416748,72.5986099243164,-17.704166412353516
1613606048054,2021-02-17T23:55:32.999Z,100.426,-11.48194408416748,73.7236099243164,-18.89166641235352
1613606048094,2021-02-17T23:55:33.001Z,100.46600000000001,-11.48194408416748,64.53610992431639,-17.266666412353516
1613606048134,2021-02-17T23:55:33.030Z,100.506,-12.91944408416748,74.7861099243164,-19.70416641235352
1613606048175,2021-02-17T23:55:33.044Z,100.54700000000001,-12.23194408416748,74.4736099243164,-18.89166641235352
1613606048214,2021-02-17T23:55:33.059Z,100.586,-11.10694408416748,59.098609924316406,-20.07916641235352
1613606048254,2021-02-17T23:55:33.061Z,100.626,-8.91944408416748,75.5361099243164,-20.95416641235352
1613606048293,2021-02-17T23:55:33.076Z,100.665,-10.04444408416748,75.1611099243164,-20.07916641235352
1613606048333,2021-02-17T23:55:33.090Z,100.705,-10.73194408416748,61.661109924316406,-20.14166641235352
1613606048374,2021-02-17T23:55:33.106Z,100.74600000000001,-10.73194408416748,72.5986099243164,-21.70416641235352
1613606048413,2021-02-17T23:55:33.120Z,100.785,-10.73194408416748,73.3486099243164,-20.51666641235352
1613606048453,2021-02-17T23:55:33.123Z,100.825,-11.48194408416748,62.723609924316406,-19.70416641235352
1613606048492,2021-02-17T23:55:33.136Z,100.86399999999999,-11.10694408416748,74.7861099243164,-20.14166641235352
1613606048532,2021-02-17T23:55:33.151Z,100.904,-10.73194408416748,74.7861099243164,-19.26666641235352
1613606048573,2021-02-17T23:55:33.165Z,100.945,-10.35694408416748,68.22360992431639,-19.26666641235352
1613606048613,2021-02-17T23:55:33.179Z,100.985,-9.29444408416748,74.4736099243164,-18.89166641235352
1613606048652,2021-02-17T23:55:33.194Z,101.024,-10.35694408416748,74.7861099243164,-18.51666641235352
1613606048692,2021-02-17T23:55:33.196Z,101.064,-11.10694408416748,69.34860992431639,-19.70416641235352
1613606048731,2021-02-17T23:55:33.210Z,101.103,-10.41944408416748,74.8486099243164,-20.51666641235352
1613606048771,2021-02-17T23:55:33.225Z,101.14299999999999,-11.10694408416748,74.4736099243164,-18.89166641235352
1613606048812,2021-02-17T23:55:33.240Z,101.184,-11.10694408416748,72.9736099243164,-19.70416641235352
1613606048851,2021-02-17T23:55:33.254Z,101.223,-8.16944408416748,74.4736099243164,-21.32916641235352
1613606048891,2021-02-17T23:55:33.256Z,101.26299999999999,-10.04444408416748,73.3486099243164,-20.07916641235352
1613606048930,2021-02-17T23:55:33.271Z,101.302,-9.29444408416748,74.7861099243164,-20.89166641235352
1613606048970,2021-02-17T23:55:33.287Z,101.34200000000001,-9.66944408416748,73.7236099243164,-20.51666641235352
1613606049011,2021-02-17T23:55:33.300Z,101.383,-9.29444408416748,74.7861099243164,-20.89166641235352
1613606049051,2021-02-17T23:55:33.315Z,101.42299999999999,-9.29444408416748,74.8486099243164,-20.07916641235352
1613606049090,2021-02-17T23:55:33.329Z,101.462,-10.35694408416748,75.1611099243164,-21.70416641235352
1613606049130,2021-02-17T23:55:33.344Z,101.50200000000001,-9.29444408416748,74.7861099243164,-19.32916641235352
1613606049169,2021-02-17T23:55:33.376Z,101.541,-9.29444408416748,75.1611099243164,-20.89166641235352
1613606049210,2021-02-17T23:55:33.391Z,101.58200000000001,-8.54444408416748,74.4736099243164,-20.95416641235352
1613606049250,2021-02-17T23:55:33.405Z,101.62200000000001,-10.73194408416748,73.7236099243164,-20.07916641235352
1613606049289,2021-02-17T23:55:33.420Z,101.661,-9.66944408416748,72.2236099243164,-20.51666641235352
1613606049329,2021-02-17T23:55:33.435Z,101.70100000000001,-9.66944408416748,73.7236099243164,-20.51666641235352
1613606049368,2021-02-17T23:55:33.450Z,101.74,-10.04444408416748,75.1611099243164,-20.51666641235352
1613606049409,2021-02-17T23:55:33.464Z,101.781,-9.66944408416748,75.5361099243164,-20.89166641235352
1613606049449,2021-02-17T23:55:33.466Z,101.821,-9.29444408416748,73.3486099243164,-20.95416641235352
1613606049488,2021-02-17T23:55:33.480Z,101.86,-8.91944408416748,75.5361099243164,-21.32916641235352
1613606049528,2021-02-17T23:55:33.495Z,101.9,-11.48194408416748,73.7236099243164,-19.70416641235352
1613606049568,2021-02-17T23:55:33.510Z,101.94,-10.35694408416748,76.6611099243164,-22.51666641235352
1613606049607,2021-02-17T23:55:33.527Z,101.979,-9.29444408416748,74.4736099243164,-20.14166641235352
1613606049648,2021-02-17T23:55:33.528Z,102.02,-9.29444408416748,74.7861099243164,-20.51666641235352
1613606049688,2021-02-17T23:55:33.544Z,102.06,-10.35694408416748,73.3486099243164,-20.89166641235352
1613606049727,2021-02-17T23:55:33.556Z,102.09899999999999,-10.04444408416748,75.5361099243164,-20.51666641235352
1613606049767,2021-02-17T23:55:33.570Z,102.139,-10.35694408416748,72.2236099243164,-20.89166641235352
1613606049806,2021-02-17T23:55:33.584Z,102.178,-9.29444408416748,75.1611099243164,-20.07916641235352
1613606049847,2021-02-17T23:55:33.599Z,102.219,-10.35694408416748,74.4736099243164,-19.70416641235352
1613606049887,2021-02-17T23:55:33.601Z,102.259,-9.66944408416748,75.1611099243164,-20.89166641235352
1613606049926,2021-02-17T23:55:33.615Z,102.29799999999999,-11.10694408416748,74.0986099243164,-19.70416641235352
1613606049966,2021-02-17T23:55:33.630Z,102.338,-9.66944408416748,74.7861099243164,-19.26666641235352
1613606050006,2021-02-17T23:55:33.645Z,102.37799999999999,-9.29444408416748,74.4736099243164,-22.14166641235352
1613606050047,2021-02-17T23:55:33.660Z,102.419,-8.91944408416748,75.1611099243164,-18.89166641235352
1613606050086,2021-02-17T23:55:33.661Z,102.458,-10.04444408416748,75.5361099243164,-19.70416641235352
1613606050126,2021-02-17T23:55:33.676Z,102.49799999999999,-10.73194408416748,74.4736099243164,-20.07916641235352
1613606050165,2021-02-17T23:55:33.691Z,102.537,-9.29444408416748,74.8486099243164,-20.07916641235352
1613606050206,2021-02-17T23:55:33.705Z,102.57799999999999,-10.04444408416748,74.4736099243164,-19.70416641235352
1613606050246,2021-02-17T23:55:33.719Z,102.618,-8.91944408416748,74.7861099243164,-21.32916641235352
1613606050285,2021-02-17T23:55:33.734Z,102.65700000000001,-7.481944561004639,74.7861099243164,-19.70416641235352
1613606050325,2021-02-17T23:55:33.737Z,102.697,-9.66944408416748,75.5361099243164,-20.07916641235352
1613606050364,2021-02-17T23:55:33.750Z,102.736,-10.35694408416748,74.4736099243164,-21.32916641235352
1613606050404,2021-02-17T23:55:33.765Z,102.77600000000001,-7.106944561004639,75.1611099243164,-20.51666641235352
1613606050445,2021-02-17T23:55:33.780Z,102.81700000000001,-11.85694408416748,74.7861099243164,-20.95416641235352
1613606050485,2021-02-17T23:55:33.794Z,102.85700000000001,-8.91944408416748,74.0986099243164,-21.32916641235352
1613606050524,2021-02-17T23:55:33.796Z,102.896,-8.54444408416748,75.1611099243164,-20.51666641235352
1613606050564,2021-02-17T23:55:33.810Z,102.936,-10.04444408416748,74.7861099243164,-19.26666641235352
1613606050603,2021-02-17T23:55:33.825Z,102.975,-10.35694408416748,75.1611099243164,-21.70416641235352
1613606050643,2021-02-17T23:55:33.840Z,103.015,-10.73194408416748,77.0361099243164,-19.70416641235352
1613606050684,2021-02-17T23:55:33.854Z,103.056,-10.35694408416748,74.4736099243164,-20.51666641235352
1613606050723,2021-02-17T23:55:33.856Z,103.095,-10.04444408416748,74.4736099243164,-20.89166641235352
1613606050763,2021-02-17T23:55:33.871Z,103.135,-7.481944561004639,74.0986099243164,-20.51666641235352
1613606050802,2021-02-17T23:55:33.886Z,103.17399999999999,-10.73194408416748,74.4111099243164,-18.89166641235352
1613606050842,2021-02-17T23:55:33.900Z,103.214,-9.29444408416748,73.7236099243164,-21.70416641235352
1613606050883,2021-02-17T23:55:33.914Z,103.255,-8.54444408416748,74.0986099243164,-20.07916641235352
1613606050923,2021-02-17T23:55:33.931Z,103.295,-10.73194408416748,74.7861099243164,-18.89166641235352
1613606050962,2021-02-17T23:55:33.932Z,103.334,-7.794444561004639,74.7861099243164,-20.51666641235352
1613606051002,2021-02-17T23:55:33.946Z,103.374,-9.66944408416748,70.7861099243164,-19.70416641235352
1613606051041,2021-02-17T23:55:33.960Z,103.413,-8.54444408416748,70.03610992431639,-19.26666641235352
1613606051082,2021-02-17T23:55:33.975Z,103.454,-10.04444408416748,67.09860992431639,-20.89166641235352
1613606051122,2021-02-17T23:55:33.989Z,103.494,-7.856944561004639,66.78610992431639,-19.70416641235352
1613606051161,2021-02-17T23:55:33.991Z,103.53299999999999,-11.48194408416748,68.59860992431639,-20.07916641235352
1613606051201,2021-02-17T23:55:34.005Z,103.573,-9.29444408416748,67.47360992431639,-20.14166641235352
1613606051240,2021-02-17T23:55:34.020Z,103.61200000000001,-9.66944408416748,68.59860992431639,-20.51666641235352
1613606051281,2021-02-17T23:55:34.035Z,103.65299999999999,-11.10694408416748,71.5361099243164,-20.14166641235352
1613606051321,2021-02-17T23:55:34.049Z,103.693,-10.04444408416748,70.4111099243164,-21.70416641235352
1613606051361,2021-02-17T23:55:34.051Z,103.73299999999999,-8.54444408416748,73.7236099243164,-18.45416641235352
1613606051400,2021-02-17T23:55:34.067Z,103.772,-9.29444408416748,68.97360992431639,-20.14166641235352
1613606051440,2021-02-17T23:55:34.080Z,103.81200000000001,-9.66944408416748,74.7861099243164,-20.51666641235352
1613606051479,2021-02-17T23:55:34.095Z,103.851,-10.04444408416748,74.4736099243164,-20.07916641235352
1613606051520,2021-02-17T23:55:34.109Z,103.89200000000001,-11.10694408416748,74.7861099243164,-20.51666641235352
1613606051560,2021-02-17T23:55:34.124Z,103.932,-10.04444408416748,72.5986099243164,-20.89166641235352
1613606051599,2021-02-17T23:55:34.126Z,103.971,-11.10694408416748,73.3486099243164,-18.89166641235352
1613606051639,2021-02-17T23:55:34.141Z,104.01100000000001,-9.66944408416748,59.786109924316406,-20.14166641235352
1613606051678,2021-02-17T23:55:34.155Z,104.05,-10.04444408416748,74.4736099243164,-21.32916641235352
1613606051719,2021-02-17T23:55:34.170Z,104.09100000000001,-10.73194408416748,75.5361099243164,-18.45416641235352
1613606051759,2021-02-17T23:55:34.184Z,104.131,-8.91944408416748,66.78610992431639,-19.26666641235352
1613606051799,2021-02-17T23:55:34.186Z,104.171,-9.29444408416748,72.5986099243164,-21.32916641235352
1613606051838,2021-02-17T23:55:34.201Z,104.21,-10.04444408416748,74.4736099243164,-20.07916641235352
1613606051878,2021-02-17T23:55:34.215Z,104.25,-10.04444408416748,74.4736099243164,-20.07916641235352
1613606051919,2021-02-17T23:55:34.229Z,104.291,-10.04444408416748,75.1611099243164,-21.70416641235352
1613606051958,2021-02-17T23:55:34.232Z,104.33,-8.54444408416748,75.5361099243164,-20.51666641235352
1613606051998,2021-02-17T23:55:34.246Z,104.37,-10.04444408416748,60.536109924316406,-18.89166641235352
1613606052037,2021-02-17T23:55:34.260Z,104.40899999999999,-9.29444408416748,73.7236099243164,-21.32916641235352
1613606052077,2021-02-17T23:55:34.275Z,104.449,-9.29444408416748,73.7236099243164,-21.32916641235352
1613606052116,2021-02-17T23:55:34.289Z,104.488,-8.91944408416748,75.1611099243164,-21.70416641235352
1613606052157,2021-02-17T23:55:34.304Z,104.529,-9.29444408416748,71.9111099243164,-21.32916641235352
1613606052197,2021-02-17T23:55:34.308Z,104.569,-10.41944408416748,74.8486099243164,-20.07916641235352
1613606052237,2021-02-17T23:55:34.323Z,104.609,-10.41944408416748,74.8486099243164,-20.07916641235352
1613606052276,2021-02-17T23:55:34.365Z,104.648,-9.66944408416748,64.22360992431639,-20.14166641235352
1613606052316,2021-02-17T23:55:34.379Z,104.68799999999999,-10.04444408416748,74.4736099243164,-20.89166641235352
1613606052357,2021-02-17T23:55:34.381Z,104.729,-10.41944408416748,75.1611099243164,-20.51666641235352
1613606052396,2021-02-17T23:55:34.397Z,104.76799999999999,-10.04444408416748,70.4111099243164,-20.07916641235352
1613606052436,2021-02-17T23:55:34.410Z,104.80799999999999,-11.10694408416748,74.7861099243164,-20.51666641235352
1613606052475,2021-02-17T23:55:34.425Z,104.84700000000001,-9.66944408416748,74.4736099243164,-20.07916641235352
1613606052516,2021-02-17T23:55:34.439Z,104.88799999999999,-10.41944408416748,70.03610992431639,-19.70416641235352
1613606052556,2021-02-17T23:55:34.454Z,104.928,-10.35694408416748,75.5361099243164,-21.70416641235352
1613606052595,2021-02-17T23:55:34.456Z,104.96700000000001,-9.66944408416748,74.4736099243164,-20.51666641235352
1613606052635,2021-02-17T23:55:34.470Z,105.007,-10.35694408416748,74.4736099243164,-20.07916641235352
1613606052675,2021-02-17T23:55:34.485Z,105.04700000000001,-10.04444408416748,75.9111099243164,-20.95416641235352
1613606052714,2021-02-17T23:55:34.500Z,105.086,-10.04444408416748,75.9111099243164,-21.32916641235352
1613606052754,2021-02-17T23:55:34.514Z,105.126,-8.54444408416748,73.7236099243164,-21.32916641235352
1613606052795,2021-02-17T23:55:34.516Z,105.167,-10.73194408416748,75.5361099243164,-21.32916641235352
1613606052834,2021-02-17T23:55:34.530Z,105.206,-10.35694408416748,74.4736099243164,-20.51666641235352
1613606052874,2021-02-17T23:55:34.545Z,105.24600000000001,-10.04444408416748,73.3486099243164,-20.89166641235352
1613606052913,2021-02-17T23:55:34.560Z,105.285,-10.04444408416748,75.5361099243164,-21.32916641235352
1613606052953,2021-02-17T23:55:34.574Z,105.325,-10.35694408416748,74.7861099243164,-20.14166641235352
1613606052994,2021-02-17T23:55:34.576Z,105.366,-9.66944408416748,73.7236099243164,-20.51666641235352
1613606053033,2021-02-17T23:55:34.591Z,105.405,-10.41944408416748,74.8486099243164,-21.32916641235352
1613606053073,2021-02-17T23:55:34.606Z,105.445,-8.91944408416748,73.3486099243164,-19.26666641235352
1613606053113,2021-02-17T23:55:34.620Z,105.485,-8.91944408416748,72.9736099243164,-22.14166641235352
1613606053152,2021-02-17T23:55:34.635Z,105.524,-8.16944408416748,74.4736099243164,-20.89166641235352
1613606053193,2021-02-17T23:55:34.649Z,105.565,-8.54444408416748,74.7861099243164,-21.32916641235352
1613606053233,2021-02-17T23:55:34.651Z,105.605,-9.66944408416748,74.7861099243164,-21.70416641235352
1613606053272,2021-02-17T23:55:34.666Z,105.64399999999999,-9.29444408416748,67.84860992431639,-20.51666641235352
1613606053312,2021-02-17T23:55:34.681Z,105.684,-10.35694408416748,75.9111099243164,-20.07916641235352
1613606053351,2021-02-17T23:55:34.695Z,105.723,-10.04444408416748,74.7861099243164,-20.51666641235352
1613606053391,2021-02-17T23:55:34.709Z,105.76299999999999,-9.66944408416748,73.3486099243164,-20.51666641235352
1613606053432,2021-02-17T23:55:34.713Z,105.804,-9.66944408416748,75.1611099243164,-20.89166641235352
1613606053471,2021-02-17T23:55:34.726Z,105.84299999999999,-8.16944408416748,73.7236099243164,-21.32916641235352
1613606053511,2021-02-17T23:55:34.740Z,105.883,-11.10694408416748,75.1611099243164,-20.89166641235352
1613606053551,2021-02-17T23:55:34.755Z,105.92299999999999,-9.66944408416748,74.0986099243164,-21.32916641235352
1613606053590,2021-02-17T23:55:34.769Z,105.962,-9.29444408416748,74.7861099243164,-20.89166641235352
1613606053631,2021-02-17T23:55:34.784Z,106.00299999999999,-8.54444408416748,73.7236099243164,-21.32916641235352
1613606053671,2021-02-17T23:55:34.786Z,106.04299999999999,-8.54444408416748,74.4736099243164,-20.07916641235352
1613606053710,2021-02-17T23:55:34.800Z,106.08200000000001,-10.35694408416748,73.7236099243164,-20.51666641235352
1613606053750,2021-02-17T23:55:34.815Z,106.12200000000001,-8.91944408416748,73.3486099243164,-20.89166641235352
1613606053789,2021-02-17T23:55:34.830Z,106.161,-9.29444408416748,74.4736099243164,-20.89166641235352
1613606053830,2021-02-17T23:55:34.844Z,106.20200000000001,-9.66944408416748,73.7236099243164,-21.32916641235352
1613606053870,2021-02-17T23:55:34.846Z,106.242,-9.66944408416748,75.1611099243164,-20.07916641235352
1613606053909,2021-02-17T23:55:34.860Z,106.281,-10.35694408416748,75.1611099243164,-20.51666641235352
1613606053949,2021-02-17T23:55:34.876Z,106.321,-10.41944408416748,74.4736099243164,-21.32916641235352
1613606053988,2021-02-17T23:55:34.890Z,106.36,-9.66944408416748,75.5361099243164,-20.51666641235352
1613606054030,2021-02-17T23:55:34.904Z,106.402,-11.10694408416748,74.4736099243164,-20.89166641235352
1613606054069,2021-02-17T23:55:34.906Z,106.441,-9.66944408416748,75.1611099243164,-21.32916641235352
1613606054109,2021-02-17T23:55:34.922Z,106.48100000000001,-10.04444408416748,75.1611099243164,-20.07916641235352
1613606054148,2021-02-17T23:55:34.936Z,106.52,-9.66944408416748,74.7861099243164,-19.70416641235352
1613606054188,2021-02-17T23:55:34.950Z,106.56,-10.41944408416748,74.4736099243164,-21.32916641235352
1613606054227,2021-02-17T23:55:34.964Z,106.59899999999999,-10.73194408416748,71.5361099243164,-19.70416641235352
1613606054268,2021-02-17T23:55:34.981Z,106.64,-10.35694408416748,72.5986099243164,-19.26666641235352
1613606054308,2021-02-17T23:55:34.996Z,106.68,-9.66944408416748,70.03610992431639,-19.70416641235352
1613606054347,2021-02-17T23:55:35.010Z,106.719,-8.54444408416748,69.34860992431639,-19.70416641235352
1613606054387,2021-02-17T23:55:35.024Z,106.759,-8.91944408416748,67.47360992431639,-20.51666641235352
1613606054426,2021-02-17T23:55:35.039Z,106.79799999999999,-9.29444408416748,70.7861099243164,-20.89166641235352
1613606054467,2021-02-17T23:55:35.042Z,106.839,-9.66944408416748,71.1611099243164,-20.51666641235352
1613606054507,2021-02-17T23:55:35.055Z,106.87899999999999,-8.91944408416748,71.5361099243164,-20.89166641235352
1613606054547,2021-02-17T23:55:35.085Z,106.919,-8.91944408416748,75.5361099243164,-20.89166641235352
1613606054586,2021-02-17T23:55:35.100Z,106.958,-10.73194408416748,74.4736099243164,-20.07916641235352
1613606054626,2021-02-17T23:55:35.114Z,106.99799999999999,-8.91944408416748,75.5361099243164,-19.70416641235352
1613606054667,2021-02-17T23:55:35.116Z,107.039,-9.66944408416748,70.7861099243164,-20.89166641235352
1613606054706,2021-02-17T23:55:35.132Z,107.07799999999999,-9.29444408416748,74.4736099243164,-20.51666641235352
1613606054746,2021-02-17T23:55:35.145Z,107.118,-9.29444408416748,74.4736099243164,-18.89166641235352
1613606054785,2021-02-17T23:55:35.160Z,107.15700000000001,-10.04444408416748,75.1611099243164,-20.07916641235352
1613606054825,2021-02-17T23:55:35.174Z,107.197,-8.91944408416748,73.3486099243164,-20.07916641235352
1613606054864,2021-02-17T23:55:35.189Z,107.236,-8.91944408416748,73.3486099243164,-19.26666641235352
1613606054905,2021-02-17T23:55:35.191Z,107.277,-10.35694408416748,75.1611099243164,-20.89166641235352
1613606054945,2021-02-17T23:55:35.206Z,107.31700000000001,-10.04444408416748,74.7861099243164,-20.51666641235352
1613606054985,2021-02-17T23:55:35.220Z,107.35700000000001,-10.35694408416748,75.5361099243164,-20.51666641235352
1613606055024,2021-02-17T23:55:35.235Z,107.396,-9.66944408416748,74.7861099243164,-19.70416641235352
1613606055064,2021-02-17T23:55:35.249Z,107.436,-8.91944408416748,74.7861099243164,-20.07916641235352
1613606055105,2021-02-17T23:55:35.251Z,107.477,-9.66944408416748,73.3486099243164,-20.95416641235352
1613606055144,2021-02-17T23:55:35.265Z,107.516,-9.29444408416748,74.4736099243164,-20.51666641235352
1613606055184,2021-02-17T23:55:35.283Z,107.556,-10.04444408416748,74.0986099243164,-20.51666641235352
1613606055223,2021-02-17T23:55:35.295Z,107.595,-8.54444408416748,75.1611099243164,-18.45416641235352
1613606055263,2021-02-17T23:55:35.309Z,107.635,-10.35694408416748,76.9736099243164,-20.89166641235352
1613606055304,2021-02-17T23:55:35.311Z,107.676,-10.35694408416748,74.7861099243164,-20.51666641235352
1613606055343,2021-02-17T23:55:35.326Z,107.715,-8.54444408416748,74.4736099243164,-19.70416641235352
1613606055383,2021-02-17T23:55:35.341Z,107.755,-8.91944408416748,74.0986099243164,-21.32916641235352
1613606055423,2021-02-17T23:55:35.386Z,107.795,-10.35694408416748,74.0986099243164,-20.07916641235352
1613606055462,2021-02-17T23:55:35.400Z,107.834,-8.91944408416748,75.1611099243164,-20.51666641235352
1613606055502,2021-02-17T23:55:35.415Z,107.874,-8.54444408416748,75.5361099243164,-20.07916641235352
1613606055543,2021-02-17T23:55:35.429Z,107.915,-10.73194408416748,75.1611099243164,-20.07916641235352
1613606055582,2021-02-17T23:55:35.444Z,107.954,-10.35694408416748,74.0986099243164,-20.51666641235352
1613606055622,2021-02-17T23:55:35.446Z,107.994,-9.29444408416748,74.0986099243164,-21.32916641235352
1613606055661,2021-02-17T23:55:35.461Z,108.03299999999999,-9.66944408416748,75.9111099243164,-20.07916641235352
1613606055701,2021-02-17T23:55:35.475Z,108.073,-10.04444408416748,69.34860992431639,-21.32916641235352
1613606055742,2021-02-17T23:55:35.490Z,108.11399999999999,-9.29444408416748,72.2236099243164,-20.89166641235352
1613606055781,2021-02-17T23:55:35.504Z,108.15299999999999,-10.04444408416748,74.0986099243164,-20.89166641235352
1613606055821,2021-02-17T23:55:35.506Z,108.193,-9.29444408416748,62.036109924316406,-21.32916641235352
1613606055861,2021-02-17T23:55:35.521Z,108.23299999999999,-10.35694408416748,71.9111099243164,-20.51666641235352
1613606055900,2021-02-17T23:55:35.536Z,108.272,-8.91944408416748,76.6611099243164,-20.07916641235352
1613606055941,2021-02-17T23:55:35.552Z,108.31299999999999,-9.66944408416748,60.536109924316406,-21.32916641235352
1613606055981,2021-02-17T23:55:35.564Z,108.353,-8.91944408416748,71.5361099243164,-22.51666641235352
1613606056020,2021-02-17T23:55:35.566Z,108.39200000000001,-10.35694408416748,73.3486099243164,-20.51666641235352
1613606056060,2021-02-17T23:55:35.581Z,108.432,-8.54444408416748,56.911109924316406,-19.64166641235352
1613606056099,2021-02-17T23:55:35.595Z,108.471,-8.54444408416748,74.7861099243164,-21.32916641235352
1613606056139,2021-02-17T23:55:35.610Z,108.51100000000001,-8.16944408416748,75.5361099243164,-20.51666641235352
1613606056180,2021-02-17T23:55:35.624Z,108.552,-9.66944408416748,63.098609924316406,-20.51666641235352
1613606056219,2021-02-17T23:55:35.639Z,108.59100000000001,-9.66944408416748,75.1611099243164,-22.14166641235352
1613606056259,2021-02-17T23:55:35.641Z,108.631,-10.73194408416748,73.3486099243164,-21.32916641235352
1613606056299,2021-02-17T23:55:35.656Z,108.671,-8.54444408416748,70.4111099243164,-20.51666641235352
1613606056338,2021-02-17T23:55:35.671Z,108.71,-8.91944408416748,75.1611099243164,-20.89166641235352
1613606056379,2021-02-17T23:55:35.685Z,108.751,-11.48194408416748,76.6611099243164,-21.32916641235352
1613606056419,2021-02-17T23:55:35.700Z,108.791,-10.04444408416748,72.2236099243164,-20.51666641235352
1613606056458,2021-02-17T23:55:35.714Z,108.83,-9.66944408416748,74.8486099243164,-22.07916641235352
1613606056498,2021-02-17T23:55:35.729Z,108.87,-9.66944408416748,75.1611099243164,-20.07916641235352
1613606056537,2021-02-17T23:55:35.731Z,108.90899999999999,-8.54444408416748,74.8486099243164,-20.07916641235352
1613606056578,2021-02-17T23:55:35.745Z,108.95,-9.29444408416748,75.5361099243164,-20.51666641235352
1613606056618,2021-02-17T23:55:35.760Z,108.99,-10.04444408416748,74.4736099243164,-20.07916641235352
1613606056657,2021-02-17T23:55:35.775Z,109.029,-8.54444408416748,73.7236099243164,-20.89166641235352
1613606056697,2021-02-17T23:55:35.789Z,109.069,-10.35694408416748,75.5361099243164,-21.32916641235352
1613606056737,2021-02-17T23:55:35.791Z,109.109,-10.35694408416748,75.9111099243164,-20.51666641235352
1613606056776,2021-02-17T23:55:35.805Z,109.148,-10.04444408416748,74.7861099243164,-21.32916641235352
1613606056817,2021-02-17T23:55:35.820Z,109.189,-8.91944408416748,74.8486099243164,-21.70416641235352
1613606056857,2021-02-17T23:55:35.835Z,109.229,-9.29444408416748,75.9111099243164,-22.14166641235352
1613606056896,2021-02-17T23:55:35.849Z,109.26799999999999,-10.04444408416748,74.0986099243164,-20.89166641235352
1613606056936,2021-02-17T23:55:35.851Z,109.30799999999999,-11.10694408416748,74.8486099243164,-21.26666641235352
1613606056975,2021-02-17T23:55:35.866Z,109.34700000000001,-10.04444408416748,75.1611099243164,-21.70416641235352
1613606057016,2021-02-17T23:55:35.881Z,109.38799999999999,-10.04444408416748,73.7236099243164,-22.51666641235352
1613606057056,2021-02-17T23:55:35.895Z,109.428,-9.66944408416748,74.4736099243164,-22.07916641235352
1613606057095,2021-02-17T23:55:35.909Z,109.46700000000001,-10.73194408416748,75.1611099243164,-21.32916641235352
1613606057135,2021-02-17T23:55:35.924Z,109.507,-8.54444408416748,75.9111099243164,-21.32916641235352
1613606057175,2021-02-17T23:55:35.928Z,109.54700000000001,-10.04444408416748,74.8486099243164,-22.51666641235352
1613606057216,2021-02-17T23:55:35.941Z,109.588,-9.29444408416748,74.7861099243164,-22.07916641235352
1613606057255,2021-02-17T23:55:35.955Z,109.62700000000001,-10.04444408416748,74.7861099243164,-21.70416641235352
1613606057295,2021-02-17T23:55:35.970Z,109.667,-9.29444408416748,74.7861099243164,-20.89166641235352
1613606057334,2021-02-17T23:55:35.984Z,109.706,-10.73194408416748,75.9111099243164,-20.51666641235352
1613606057374,2021-02-17T23:55:35.986Z,109.74600000000001,-9.66944408416748,73.7236099243164,-22.14166641235352
1613606057413,2021-02-17T23:55:36.000Z,109.785,-10.35694408416748,74.7861099243164,-21.32916641235352
1613606057454,2021-02-17T23:55:36.016Z,109.82600000000001,-8.91944408416748,75.9111099243164,-20.89166641235352
1613606057494,2021-02-17T23:55:36.030Z,109.866,-9.29444408416748,71.9111099243164,-21.32916641235352
1613606057533,2021-02-17T23:55:36.044Z,109.905,-10.35694408416748,72.5986099243164,-20.51666641235352
1613606057573,2021-02-17T23:55:36.046Z,109.945,-8.91944408416748,71.5361099243164,-20.07916641235352
1613606057613,2021-02-17T23:55:36.061Z,109.985,-9.29444408416748,69.66110992431639,-21.32916641235352
1613606057654,2021-02-17T23:55:36.076Z,110.02600000000001,-9.66944408416748,70.03610992431639,-19.70416641235352
1613606057693,2021-02-17T23:55:36.090Z,110.065,-10.04444408416748,66.41110992431639,-19.70416641235352
1613606057733,2021-02-17T23:55:36.104Z,110.105,-8.54444408416748,65.66110992431639,-20.89166641235352
1613606057772,2021-02-17T23:55:36.121Z,110.14399999999999,-8.91944408416748,68.22360992431639,-21.32916641235352
1613606057812,2021-02-17T23:55:36.123Z,110.184,-10.04444408416748,67.47360992431639,-19.70416641235352
1613606057853,2021-02-17T23:55:36.136Z,110.225,-9.29444408416748,70.4111099243164,-20.89166641235352
1613606057892,2021-02-17T23:55:36.150Z,110.264,-11.10694408416748,72.2236099243164,-20.89166641235352
1613606057932,2021-02-17T23:55:36.165Z,110.304,-8.54444408416748,74.7861099243164,-20.07916641235352
1613606057971,2021-02-17T23:55:36.179Z,110.34299999999999,-11.48194408416748,73.3486099243164,-21.70416641235352
1613606058011,2021-02-17T23:55:36.181Z,110.383,-8.16944408416748,74.7861099243164,-19.70416641235352
1613606058051,2021-02-17T23:55:36.197Z,110.42299999999999,-7.856944561004639,75.9111099243164,-20.89166641235352
1613606058092,2021-02-17T23:55:36.211Z,110.464,-10.04444408416748,75.5361099243164,-21.32916641235352
1613606058131,2021-02-17T23:55:36.225Z,110.50299999999999,-9.66944408416748,73.7236099243164,-19.70416641235352
1613606058171,2021-02-17T23:55:36.239Z,110.54299999999999,-9.29444408416748,75.1611099243164,-21.32916641235352
1613606058210,2021-02-17T23:55:36.254Z,110.58200000000001,-8.54444408416748,74.8486099243164,-22.51666641235352
1613606058250,2021-02-17T23:55:36.256Z,110.62200000000001,-9.29444408416748,72.2861099243164,-20.45416641235352
1613606058291,2021-02-17T23:55:36.271Z,110.663,-8.54444408416748,72.5986099243164,-20.51666641235352
1613606058330,2021-02-17T23:55:36.285Z,110.70200000000001,-9.66944408416748,77.0361099243164,-20.89166641235352
1613606058370,2021-02-17T23:55:36.300Z,110.742,-9.29444408416748,72.5986099243164,-20.89166641235352
1613606058409,2021-02-17T23:55:36.314Z,110.781,-8.16944408416748,75.5361099243164,-20.51666641235352
1613606058449,2021-02-17T23:55:36.317Z,110.821,-10.04444408416748,74.4736099243164,-20.89166641235352
1613606058490,2021-02-17T23:55:36.331Z,110.86200000000001,-10.73194408416748,75.9111099243164,-20.07916641235352
1613606058530,2021-02-17T23:55:36.375Z,110.902,-10.41944408416748,75.9111099243164,-20.07916641235352
1613606058569,2021-02-17T23:55:36.389Z,110.941,-10.04444408416748,73.7236099243164,-21.32916641235352
1613606058609,2021-02-17T23:55:36.404Z,110.98100000000001,-7.794444561004639,75.1611099243164,-19.26666641235352
1613606058648,2021-02-17T23:55:36.406Z,111.02,-10.41944408416748,75.1611099243164,-19.26666641235352
1613606058688,2021-02-17T23:55:36.421Z,111.06,-9.66944408416748,74.4736099243164,-21.32916641235352
1613606058729,2021-02-17T23:55:36.435Z,111.101,-10.04444408416748,75.5361099243164,-20.45416641235352
1613606058768,2021-02-17T23:55:36.450Z,111.14,-8.16944408416748,75.9111099243164,-20.89166641235352
1613606058808,2021-02-17T23:55:36.464Z,111.18,-10.04444408416748,73.7236099243164,-20.51666641235352
1613606058847,2021-02-17T23:55:36.466Z,111.219,-9.29444408416748,76.2861099243164,-20.89166641235352
1613606058887,2021-02-17T23:55:36.480Z,111.259,-9.66944408416748,75.1611099243164,-20.07916641235352
1613606058928,2021-02-17T23:55:36.510Z,111.3,-9.29444408416748,74.0986099243164,-21.70416641235352
1613606058967,2021-02-17T23:55:36.525Z,111.339,-9.66944408416748,74.4736099243164,-19.70416641235352
1613606059007,2021-02-17T23:55:36.539Z,111.37899999999999,-9.29444408416748,74.7861099243164,-19.70416641235352
1613606059047,2021-02-17T23:55:36.541Z,111.419,-9.29444408416748,74.7861099243164,-21.70416641235352
1613606059086,2021-02-17T23:55:36.556Z,111.458,-9.29444408416748,76.2861099243164,-20.51666641235352
1613606059127,2021-02-17T23:55:36.570Z,111.499,-9.29444408416748,74.4736099243164,-19.26666641235352
1613606059167,2021-02-17T23:55:36.585Z,111.539,-10.41944408416748,75.5361099243164,-21.26666641235352
1613606059206,2021-02-17T23:55:36.599Z,111.57799999999999,-8.91944408416748,74.0986099243164,-20.07916641235352
1613606059246,2021-02-17T23:55:36.614Z,111.618,-9.29444408416748,73.3486099243164,-20.95416641235352
1613606059285,2021-02-17T23:55:36.616Z,111.65700000000001,-9.66944408416748,74.7861099243164,-20.89166641235352
1613606059326,2021-02-17T23:55:36.630Z,111.698,-9.66944408416748,74.7861099243164,-19.70416641235352
1613606059366,2021-02-17T23:55:36.645Z,111.738,-9.66944408416748,66.41110992431639,-20.51666641235352
1613606059405,2021-02-17T23:55:36.660Z,111.777,-10.73194408416748,73.7236099243164,-21.70416641235352
1613606059445,2021-02-17T23:55:36.674Z,111.81700000000001,-8.91944408416748,75.2236099243164,-20.45416641235352
1613606059485,2021-02-17T23:55:36.676Z,111.85700000000001,-9.66944408416748,62.723609924316406,-20.07916641235352
1613606059524,2021-02-17T23:55:36.691Z,111.896,-9.66944408416748,73.3486099243164,-20.89166641235352
1613606059565,2021-02-17T23:55:36.705Z,111.93700000000001,-8.54444408416748,74.4736099243164,-20.89166641235352
1613606059605,2021-02-17T23:55:36.722Z,111.977,-10.04444408416748,58.723609924316406,-20.14166641235352
1613606059644,2021-02-17T23:55:36.734Z,112.016,-10.73194408416748,73.7236099243164,-21.32916641235352
1613606059684,2021-02-17T23:55:36.749Z,112.056,-9.66944408416748,75.9111099243164,-20.07916641235352
1613606059723,2021-02-17T23:55:36.751Z,112.095,-9.29444408416748,57.223609924316406,-20.51666641235352
1613606059764,2021-02-17T23:55:36.766Z,112.13600000000001,-9.29444408416748,73.7236099243164,-22.07916641235352
1613606059804,2021-02-17T23:55:36.780Z,112.176,-10.04444408416748,75.1611099243164,-20.51666641235352
1613606059843,2021-02-17T23:55:36.795Z,112.215,-10.41944408416748,63.848609924316406,-20.89166641235352
1613606059883,2021-02-17T23:55:36.809Z,112.255,-9.29444408416748,75.1611099243164,-23.32916641235352
1613606059923,2021-02-17T23:55:36.811Z,112.295,-9.29444408416748,73.7236099243164,-20.07916641235352
1613606059962,2021-02-17T23:55:36.825Z,112.334,-9.29444408416748,68.59860992431639,-21.32916641235352
1613606060003,2021-02-17T23:55:36.841Z,112.375,-8.54444408416748,74.4736099243164,-22.95416641235352
1613606060043,2021-02-17T23:55:36.855Z,112.415,-11.85694408416748,74.4736099243164,-22.07916641235352
1613606060082,2021-02-17T23:55:36.869Z,112.454,-10.73194408416748,71.1611099243164,-22.51666641235352
1613606060122,2021-02-17T23:55:36.871Z,112.494,-10.04444408416748,76.6611099243164,-21.32916641235352
1613606060161,2021-02-17T23:55:36.887Z,112.53299999999999,-9.29444408416748,74.4736099243164,-20.89166641235352
1613606060202,2021-02-17T23:55:36.901Z,112.574,-10.04444408416748,75.5361099243164,-22.51666641235352
1613606060242,2021-02-17T23:55:36.915Z,112.61399999999999,-11.10694408416748,76.2861099243164,-20.89166641235352
1613606060281,2021-02-17T23:55:36.929Z,112.65299999999999,-11.85694408416748,74.0986099243164,-20.07916641235352
1613606060321,2021-02-17T23:55:36.944Z,112.693,-14.04444408416748,74.4736099243164,-19.26666641235352
1613606060361,2021-02-17T23:55:36.946Z,112.73299999999999,-13.29444408416748,74.4736099243164,-18.89166641235352
1613606060402,2021-02-17T23:55:36.961Z,112.774,-11.48194408416748,73.7236099243164,-15.641666412353516
1613606060441,2021-02-17T23:55:36.975Z,112.81299999999999,-12.23194408416748,74.0986099243164,-15.266666412353516
1613606060481,2021-02-17T23:55:36.990Z,112.853,-14.41944408416748,71.5361099243164,-14.016666412353516
1613606060520,2021-02-17T23:55:37.004Z,112.89200000000001,-14.79444408416748,70.7861099243164,-10.391666412353516
1613606060560,2021-02-17T23:55:37.006Z,112.932,-14.41944408416748,70.03610992431639,-10.016666412353516
1613606060601,2021-02-17T23:55:37.021Z,112.973,-15.54444408416748,69.34860992431639,-9.579166412353516
1613606060640,2021-02-17T23:55:37.036Z,113.012,-14.79444408416748,69.66110992431639,-5.954166889190674
1613606060680,2021-02-17T23:55:37.050Z,113.052,-15.16944408416748,67.09860992431639,-5.579166889190674
1613606060719,2021-02-17T23:55:37.064Z,113.09100000000001,-13.29444408416748,67.16110992431639,-4.766666889190674
1613606060759,2021-02-17T23:55:37.066Z,113.131,-15.16944408416748,66.78610992431639,0.04583333432674408
1613606060799,2021-02-17T23:55:37.081Z,113.171,-16.981945037841793,63.473609924316406,0.04583333432674408
1613606060840,2021-02-17T23:55:37.095Z,113.212,-16.231945037841793,60.911109924316406,1.2958333492279053
1613606060879,2021-02-17T23:55:37.110Z,113.251,-16.231945037841793,58.723609924316406,4.108333110809326
1613606060919,2021-02-17T23:55:37.127Z,113.291,-16.606945037841793,56.161109924316406,2.4833333492279053
1613606060958,2021-02-17T23:55:37.139Z,113.33,-16.981945037841793,54.348609924316406,4.545833110809326
1613606060998,2021-02-17T23:55:37.141Z,113.37,-16.606945037841793,55.036109924316406,9.358333587646484
1613606061039,2021-02-17T23:55:37.156Z,113.411,-15.48194408416748,57.223609924316406,8.545833587646483
1613606061078,2021-02-17T23:55:37.170Z,113.45,-18.0444450378418,58.348609924316406,9.733333587646484
1613606061118,2021-02-17T23:55:37.185Z,113.49,-17.356945037841793,58.723609924316406,12.608333587646484
1613606061157,2021-02-17T23:55:37.199Z,113.529,-17.356945037841793,57.598609924316406,11.795833587646484
1613606061197,2021-02-17T23:55:37.202Z,113.569,-16.981945037841793,57.223609924316406,14.608333587646484
1613606061238,2021-02-17T23:55:37.216Z,113.61,-18.4194450378418,55.411109924316406,16.608333587646484
1613606061278,2021-02-17T23:55:37.230Z,113.65,-18.4194450378418,53.973609924316406,15.420833587646484
1613606061317,2021-02-17T23:55:37.245Z,113.689,-16.981945037841793,52.848609924316406,18.670833587646484
1613606061357,2021-02-17T23:55:37.259Z,113.729,-18.7944450378418,53.598609924316406,18.608333587646484
1613606061396,2021-02-17T23:55:37.274Z,113.76799999999999,-19.5444450378418,53.223609924316406,17.420833587646484
1613606061436,2021-02-17T23:55:37.276Z,113.80799999999999,-17.731945037841797,50.286109924316406,20.233333587646484
1613606061477,2021-02-17T23:55:37.291Z,113.84899999999999,-19.1694450378418,49.911109924316406,19.858333587646484
1613606061516,2021-02-17T23:55:37.305Z,113.88799999999999,-19.9194450378418,50.286109924316406,20.608333587646484
1613606061556,2021-02-17T23:55:37.320Z,113.928,-18.4194450378418,49.223609924316406,21.483333587646484
1613606061595,2021-02-17T23:55:37.334Z,113.96700000000001,-18.0444450378418,45.911109924316406,23.108333587646484
1613606061636,2021-02-17T23:55:37.336Z,114.008,-18.4194450378418,47.348609924316406,23.858333587646484
1613606061676,2021-02-17T23:55:37.381Z,114.04799999999999,-18.0444450378418,45.161109924316406,23.483333587646484
1613606061716,2021-02-17T23:55:37.395Z,114.088,-20.2944450378418,44.098609924316406,22.670833587646484
1613606061755,2021-02-17T23:55:37.410Z,114.12700000000001,-20.9819450378418,41.161109924316406,24.233333587646484
1613606061795,2021-02-17T23:55:37.425Z,114.167,-20.6069450378418,42.223609924316406,24.670833587646484
1613606061834,2021-02-17T23:55:37.439Z,114.206,-20.2944450378418,42.598609924316406,24.295833587646484
1613606061875,2021-02-17T23:55:37.441Z,114.24700000000001,-19.9194450378418,40.786109924316406,24.295833587646484
1613606061915,2021-02-17T23:55:37.455Z,114.287,-19.5444450378418,39.661109924316406,25.045833587646484
1613606061954,2021-02-17T23:55:37.470Z,114.32600000000001,-19.9194450378418,37.473609924316406,25.858333587646484
1613606061994,2021-02-17T23:55:37.485Z,114.366,-19.1694450378418,37.848609924316406,23.858333587646484
1613606062033,2021-02-17T23:55:37.499Z,114.405,-19.5444450378418,37.098609924316406,25.108333587646484
1613606062073,2021-02-17T23:55:37.501Z,114.445,-19.1694450378418,36.723609924316406,24.295833587646484
1613606062114,2021-02-17T23:55:37.516Z,114.486,-19.9194450378418,35.661109924316406,22.608333587646484
1613606062154,2021-02-17T23:55:37.532Z,114.52600000000001,-19.9194450378418,37.473609924316406,24.733333587646484
1613606062193,2021-02-17T23:55:37.545Z,114.565,-19.9194450378418,35.286109924316406,23.858333587646484
1613606062233,2021-02-17T23:55:37.559Z,114.605,-19.1694450378418,35.286109924316406,23.045833587646484
1613606062272,2021-02-17T23:55:37.574Z,114.64399999999999,-19.5444450378418,33.84860992431641,24.233333587646484
1613606062313,2021-02-17T23:55:37.576Z,114.685,-19.1694450378418,32.72360992431641,23.483333587646484
1613606062353,2021-02-17T23:55:37.590Z,114.725,-18.7944450378418,33.09860992431641,23.108333587646484
1613606062392,2021-02-17T23:55:37.605Z,114.764,-18.4194450378418,34.22360992431641,23.108333587646484
1613606062432,2021-02-17T23:55:37.620Z,114.804,-18.7944450378418,33.84860992431641,21.858333587646484
1613606062471,2021-02-17T23:55:37.634Z,114.84299999999999,-18.0444450378418,31.66111183166504,21.483333587646484
1613606062512,2021-02-17T23:55:37.636Z,114.884,-20.2944450378418,33.09860992431641,22.295833587646484
1613606062552,2021-02-17T23:55:37.651Z,114.92399999999999,-19.1694450378418,33.09860992431641,23.108333587646484
1613606062592,2021-02-17T23:55:37.666Z,114.964,-18.0444450378418,30.53611183166504,21.858333587646484
1613606062631,2021-02-17T23:55:37.680Z,115.00299999999999,-17.356945037841793,31.66111183166504,23.920833587646484
1613606062671,2021-02-17T23:55:37.694Z,115.04299999999999,-15.85694408416748,30.16111183166504,23.858333587646484
1613606062712,2021-02-17T23:55:37.709Z,115.084,-17.731945037841797,30.16111183166504,21.920833587646484
1613606062751,2021-02-17T23:55:37.711Z,115.12299999999999,-17.356945037841793,29.78611183166504,24.295833587646484
1613606062791,2021-02-17T23:55:37.726Z,115.163,-18.7944450378418,30.53611183166504,24.295833587646484
1613606062830,2021-02-17T23:55:37.740Z,115.20200000000001,-19.1694450378418,29.09861183166504,23.858333587646484
1613606062870,2021-02-17T23:55:37.755Z,115.242,-18.4194450378418,31.28611183166504,24.670833587646484
1613606062909,2021-02-17T23:55:37.769Z,115.281,-17.731945037841797,31.66111183166504,25.108333587646484
1613606062950,2021-02-17T23:55:37.771Z,115.322,-18.0444450378418,32.72360992431641,23.045833587646484
1613606062990,2021-02-17T23:55:37.785Z,115.36200000000001,-18.0444450378418,30.16111183166504,24.295833587646484
1613606063030,2021-02-17T23:55:37.800Z,115.402,-19.1694450378418,31.97361183166504,24.295833587646484
1613606063069,2021-02-17T23:55:37.815Z,115.441,-17.731945037841797,31.28611183166504,23.045833587646484
1613606063109,2021-02-17T23:55:37.829Z,115.48100000000001,-17.356945037841793,31.59861183166504,25.045833587646484
1613606063150,2021-02-17T23:55:37.831Z,115.522,-18.7944450378418,29.41111183166504,24.295833587646484
1613606063189,2021-02-17T23:55:37.846Z,115.561,-16.981945037841793,30.53611183166504,23.483333587646484
1613606063229,2021-02-17T23:55:37.861Z,115.601,-18.4194450378418,31.97361183166504,25.108333587646484
1613606063268,2021-02-17T23:55:37.875Z,115.64,-19.1694450378418,23.97361183166504,24.295833587646484
1613606063308,2021-02-17T23:55:37.889Z,115.68,-17.731945037841797,29.78611183166504,25.045833587646484
1613606063349,2021-02-17T23:55:37.904Z,115.721,-18.0444450378418,32.34860992431641,24.733333587646484
1613606063388,2021-02-17T23:55:37.906Z,115.76,-16.981945037841793,22.47361183166504,24.670833587646484
1613606063428,2021-02-17T23:55:37.923Z,115.8,-17.356945037841793,31.28611183166504,25.045833587646484
1613606063467,2021-02-17T23:55:37.935Z,115.839,-19.1694450378418,31.97361183166504,25.483333587646484
1613606063507,2021-02-17T23:55:37.951Z,115.87899999999999,-18.7944450378418,16.59861183166504,26.295833587646484
1613606063547,2021-02-17T23:55:37.965Z,115.919,-17.356945037841793,30.16111183166504,25.483333587646484
1613606063588,2021-02-17T23:55:37.979Z,115.96,-18.7944450378418,31.97361183166504,26.233333587646484
1613606063627,2021-02-17T23:55:37.981Z,115.999,-16.981945037841793,23.91111183166504,26.233333587646484
1613606063667,2021-02-17T23:55:37.996Z,116.039,-17.731945037841797,31.97361183166504,25.045833587646484
1613606063706,2021-02-17T23:55:38.010Z,116.07799999999999,-18.4194450378418,31.66111183166504,25.483333587646484
1613606063746,2021-02-17T23:55:38.025Z,116.118,-18.0444450378418,28.34861183166504,25.483333587646484
1613606063787,2021-02-17T23:55:38.039Z,116.15899999999999,-18.0444450378418,32.72360992431641,25.858333587646484
1613606063826,2021-02-17T23:55:38.054Z,116.198,-19.1694450378418,33.47360992431641,25.483333587646484
1613606063866,2021-02-17T23:55:38.056Z,116.238,-18.0444450378418,31.66111183166504,25.483333587646484
1613606063905,2021-02-17T23:55:38.071Z,116.277,-19.1694450378418,32.34860992431641,24.233333587646484
1613606063947,2021-02-17T23:55:38.085Z,116.319,-18.7944450378418,34.53610992431641,27.545833587646484
1613606063986,2021-02-17T23:55:38.100Z,116.35799999999999,-16.981945037841793,31.97361183166504,24.670833587646484
1613606064026,2021-02-17T23:55:38.114Z,116.398,-18.4194450378418,32.72360992431641,24.670833587646484
1613606064065,2021-02-17T23:55:38.116Z,116.43700000000001,-19.9194450378418,33.84860992431641,25.483333587646484
1613606064105,2021-02-17T23:55:38.131Z,116.477,-19.1694450378418,33.09860992431641,25.920833587646484
1613606064144,2021-02-17T23:55:38.145Z,116.516,-18.4194450378418,31.28611183166504,25.483333587646484
1613606064185,2021-02-17T23:55:38.160Z,116.557,-18.7944450378418,27.97361183166504,26.670833587646484
1613606064225,2021-02-17T23:55:38.174Z,116.59700000000001,-18.0444450378418,26.16111183166504,25.483333587646484
1613606064264,2021-02-17T23:55:38.189Z,116.63600000000001,-17.356945037841793,23.97361183166504,25.108333587646484
1613606064304,2021-02-17T23:55:38.191Z,116.676,-18.7944450378418,25.78611183166504,26.670833587646484
1613606064343,2021-02-17T23:55:38.206Z,116.715,-18.0444450378418,24.66111183166504,25.108333587646484
1613606064383,2021-02-17T23:55:38.220Z,116.755,-17.356945037841793,30.53611183166504,25.483333587646484
1613606064424,2021-02-17T23:55:38.235Z,116.796,-18.0444450378418,30.91111183166504,25.045833587646484
1613606064464,2021-02-17T23:55:38.249Z,116.836,-16.981945037841793,32.72360992431641,26.295833587646484
1613606064503,2021-02-17T23:55:38.251Z,116.875,-17.356945037841793,32.34860992431641,25.483333587646484
1613606064543,2021-02-17T23:55:38.265Z,116.915,-17.356945037841793,31.66111183166504,26.295833587646484
1613606064582,2021-02-17T23:55:38.281Z,116.954,-18.7944450378418,32.72360992431641,25.045833587646484
1613606064623,2021-02-17T23:55:38.298Z,116.995,-18.4194450378418,32.72360992431641,25.045833587646484
1613606064663,2021-02-17T23:55:38.310Z,117.035,-18.7944450378418,34.16110992431641,27.483333587646484
1613606064702,2021-02-17T23:55:38.312Z,117.074,-17.356945037841793,30.53611183166504,24.295833587646484
1613606064742,2021-02-17T23:55:38.326Z,117.11399999999999,-18.4194450378418,31.97361183166504,26.233333587646484
1613606064781,2021-02-17T23:55:38.370Z,117.15299999999999,-21.3569450378418,33.09860992431641,26.670833587646484
1613606064822,2021-02-17T23:55:38.385Z,117.194,-17.356945037841793,32.34860992431641,25.483333587646484
1613606064862,2021-02-17T23:55:38.399Z,117.234,-18.4194450378418,32.72360992431641,25.483333587646484
1613606064902,2021-02-17T23:55:38.401Z,117.274,-17.731945037841797,33.47360992431641,26.733333587646484
1613606064941,2021-02-17T23:55:38.415Z,117.31299999999999,-19.9194450378418,32.34860992431641,25.920833587646484
1613606064981,2021-02-17T23:55:38.431Z,117.353,-18.7944450378418,32.72360992431641,25.545833587646484
1613606065022,2021-02-17T23:55:38.445Z,117.39399999999999,-18.7944450378418,32.72360992431641,25.920833587646484
1613606065061,2021-02-17T23:55:38.446Z,117.43299999999999,-18.7944450378418,33.09860992431641,24.295833587646484
1613606065101,2021-02-17T23:55:38.460Z,117.473,-17.356945037841793,32.72360992431641,26.670833587646484
1613606065140,2021-02-17T23:55:38.476Z,117.512,-18.7944450378418,33.84860992431641,27.108333587646484
1613606065180,2021-02-17T23:55:38.490Z,117.552,-18.0444450378418,32.34860992431641,25.045833587646484
1613606065219,2021-02-17T23:55:38.504Z,117.59100000000001,-18.0444450378418,32.34860992431641,25.045833587646484
1613606065260,2021-02-17T23:55:38.506Z,117.632,-18.7944450378418,31.28611183166504,26.295833587646484
1613606065300,2021-02-17T23:55:38.521Z,117.67200000000001,-18.4194450378418,33.09860992431641,25.483333587646484
1613606065340,2021-02-17T23:55:38.535Z,117.712,-18.4194450378418,33.09860992431641,25.483333587646484
1613606065379,2021-02-17T23:55:38.565Z,117.751,-18.4194450378418,31.66111183166504,25.920833587646484
1613606065419,2021-02-17T23:55:38.579Z,117.791,-17.731945037841797,33.09860992431641,26.733333587646484
1613606065460,2021-02-17T23:55:38.594Z,117.83200000000001,-18.4194450378418,31.66111183166504,26.295833587646484
1613606065499,2021-02-17T23:55:38.596Z,117.87100000000001,-18.4194450378418,31.66111183166504,26.295833587646484
1613606065539,2021-02-17T23:55:38.611Z,117.911,-16.981945037841793,34.16110992431641,24.670833587646484
1613606065578,2021-02-17T23:55:38.625Z,117.95,-18.7944450378418,33.09860992431641,25.483333587646484
1613606065618,2021-02-17T23:55:38.640Z,117.99,-17.731945037841797,31.97361183166504,25.920833587646484
1613606065657,2021-02-17T23:55:38.654Z,118.029,-16.981945037841793,33.84860992431641,26.295833587646484
1613606065698,2021-02-17T23:55:38.656Z,118.07,-16.981945037841793,32.34860992431641,24.670833587646484
1613606065738,2021-02-17T23:55:38.671Z,118.11,-19.1694450378418,32.34860992431641,26.670833587646484
1613606065778,2021-02-17T23:55:38.685Z,118.15,-18.0444450378418,28.34861183166504,25.483333587646484
1613606065817,2021-02-17T23:55:38.700Z,118.189,-18.4194450378418,34.53610992431641,25.108333587646484
1613606065857,2021-02-17T23:55:38.714Z,118.229,-18.0444450378418,33.84860992431641,26.733333587646484
1613606065898,2021-02-17T23:55:38.732Z,118.27,-16.231945037841793,31.59861183166504,25.483333587646484
1613606065937,2021-02-17T23:55:38.733Z,118.309,-16.606945037841793,32.34860992431641,24.295833587646484
1613606065977,2021-02-17T23:55:38.746Z,118.34899999999999,-17.731945037841797,33.47360992431641,26.670833587646484
1613606066016,2021-02-17T23:55:38.760Z,118.38799999999999,-16.981945037841793,31.97361183166504,25.483333587646484
1613606066056,2021-02-17T23:55:38.775Z,118.428,-17.731945037841797,32.34860992431641,25.483333587646484
1613606066097,2021-02-17T23:55:38.789Z,118.469,-18.0444450378418,33.84860992431641,25.483333587646484
1613606066136,2021-02-17T23:55:38.791Z,118.508,-18.4194450378418,32.72360992431641,26.295833587646484
1613606066176,2021-02-17T23:55:38.805Z,118.54799999999999,-18.0444450378418,31.59861183166504,25.045833587646484
1613606066216,2021-02-17T23:55:38.820Z,118.588,-18.7944450378418,31.97361183166504,26.295833587646484
1613606066257,2021-02-17T23:55:38.835Z,118.62899999999999,-17.731945037841797,34.16110992431641,26.733333587646484
1613606066295,2021-02-17T23:55:38.849Z,118.667,-19.9194450378418,33.09860992431641,25.483333587646484
1613606066336,2021-02-17T23:55:38.851Z,118.708,-17.356945037841793,34.53610992431641,25.920833587646484
1613606066375,2021-02-17T23:55:38.867Z,118.74700000000001,-18.7944450378418,33.84860992431641,25.483333587646484
1613606066415,2021-02-17T23:55:38.880Z,118.787,-17.356945037841793,31.97361183166504,24.295833587646484
1613606066454,2021-02-17T23:55:38.895Z,118.82600000000001,-17.356945037841793,31.97361183166504,25.920833587646484
1613606066494,2021-02-17T23:55:38.909Z,118.866,-18.4194450378418,33.09860992431641,26.670833587646484
1613606066535,2021-02-17T23:55:38.924Z,118.90700000000001,-16.981945037841793,33.84860992431641,25.108333587646484
1613606066574,2021-02-17T23:55:38.926Z,118.946,-17.356945037841793,33.84860992431641,26.670833587646484
1613606066614,2021-02-17T23:55:38.941Z,118.986,-17.356945037841793,32.34860992431641,26.233333587646484
1613606066654,2021-02-17T23:55:38.970Z,119.02600000000001,-17.731945037841797,32.34860992431641,24.670833587646484
1613606066693,2021-02-17T23:55:38.985Z,119.065,-16.981945037841793,33.47360992431641,26.295833587646484
1613606066734,2021-02-17T23:55:38.999Z,119.10600000000001,-19.1694450378418,30.53611183166504,25.920833587646484
1613606066774,2021-02-17T23:55:39.001Z,119.146,-18.4194450378418,31.97361183166504,24.295833587646484
1613606066813,2021-02-17T23:55:39.015Z,119.185,-17.731945037841797,31.28611183166504,26.295833587646484
1613606066853,2021-02-17T23:55:39.031Z,119.225,-19.1694450378418,25.78611183166504,25.920833587646484
1613606066892,2021-02-17T23:55:39.045Z,119.264,-18.7944450378418,33.09860992431641,23.483333587646484
1613606066932,2021-02-17T23:55:39.059Z,119.304,-18.0444450378418,33.84860992431641,25.858333587646484
1613606066973,2021-02-17T23:55:39.061Z,119.345,-19.5444450378418,18.47361183166504,25.920833587646484
1613606067012,2021-02-17T23:55:39.076Z,119.384,-19.1694450378418,30.91111183166504,24.233333587646484
1613606067052,2021-02-17T23:55:39.090Z,119.42399999999999,-18.7944450378418,32.72360992431641,25.108333587646484
1613606067092,2021-02-17T23:55:39.105Z,119.464,-18.4194450378418,15.161110877990724,24.670833587646484
1613606067131,2021-02-17T23:55:39.120Z,119.50299999999999,-18.0444450378418,31.59861183166504,23.858333587646484
1613606067172,2021-02-17T23:55:39.134Z,119.544,-18.0444450378418,28.72361183166504,25.920833587646484
1613606067212,2021-02-17T23:55:39.136Z,119.584,-20.6069450378418,15.536110877990724,25.858333587646484
1613606067251,2021-02-17T23:55:39.150Z,119.62299999999999,-18.4194450378418,30.91111183166504,26.295833587646484
1613606067291,2021-02-17T23:55:39.166Z,119.663,-18.0444450378418,32.34860992431641,25.920833587646484
1613606067330,2021-02-17T23:55:39.180Z,119.70200000000001,-17.731945037841797,18.47361183166504,25.920833587646484
1613606067371,2021-02-17T23:55:39.194Z,119.743,-18.4194450378418,32.03610992431641,24.358333587646484
1613606067411,2021-02-17T23:55:39.196Z,119.78299999999999,-18.0444450378418,31.97361183166504,25.483333587646484
1613606067450,2021-02-17T23:55:39.211Z,119.822,-18.7944450378418,25.41111183166504,25.045833587646484
1613606067490,2021-02-17T23:55:39.226Z,119.86200000000001,-18.0444450378418,30.16111183166504,23.858333587646484
1613606067530,2021-02-17T23:55:39.240Z,119.902,-16.981945037841793,28.34861183166504,27.045833587646484
1613606067569,2021-02-17T23:55:39.254Z,119.941,-16.606945037841793,21.41111183166504,25.483333587646484
1613606067610,2021-02-17T23:55:39.269Z,119.98200000000001,-19.1694450378418,27.22361183166504,24.295833587646484
1613606067650,2021-02-17T23:55:39.271Z,120.022,-17.731945037841797,27.59861183166504,26.233333587646484
1613606067689,2021-02-17T23:55:39.290Z,120.061,-18.0444450378418,28.34861183166504,25.108333587646484
1613606067729,2021-02-17T23:55:39.300Z,120.101,-18.7944450378418,30.53611183166504,25.858333587646484
1613606067768,2021-02-17T23:55:39.315Z,120.14,-18.4194450378418,32.72360992431641,25.858333587646484
1613606067809,2021-02-17T23:55:39.329Z,120.181,-17.356945037841793,31.97361183166504,25.108333587646484
1613606067849,2021-02-17T23:55:39.331Z,120.221,-18.4194450378418,31.97361183166504,24.295833587646484
1613606067888,2021-02-17T23:55:39.345Z,120.26,-19.5444450378418,32.72360992431641,25.045833587646484
1613606067928,2021-02-17T23:55:39.390Z,120.3,-17.731945037841797,33.09860992431641,25.483333587646484
1613606067967,2021-02-17T23:55:39.405Z,120.339,-18.0444450378418,33.47360992431641,24.295833587646484
1613606068009,2021-02-17T23:55:39.420Z,120.381,-14.79444408416748,33.84860992431641,25.858333587646484
1613606068048,2021-02-17T23:55:39.434Z,120.42,-18.7944450378418,33.09860992431641,26.295833587646484
1613606068088,2021-02-17T23:55:39.436Z,120.46,-18.7944450378418,32.34860992431641,26.295833587646484
1613606068127,2021-02-17T23:55:39.451Z,120.499,-18.0444450378418,32.72360992431641,25.920833587646484
1613606068167,2021-02-17T23:55:39.465Z,120.539,-19.1694450378418,33.09860992431641,25.483333587646484
1613606068208,2021-02-17T23:55:39.480Z,120.58,-18.4194450378418,31.97361183166504,25.483333587646484
1613606068247,2021-02-17T23:55:39.494Z,120.619,-18.4194450378418,33.84860992431641,26.295833587646484
1613606068287,2021-02-17T23:55:39.496Z,120.65899999999999,-18.4194450378418,31.28611183166504,24.670833587646484
1613606068326,2021-02-17T23:55:39.511Z,120.698,-18.0444450378418,31.59861183166504,24.295833587646484
1613606068366,2021-02-17T23:55:39.525Z,120.738,-19.9194450378418,33.09860992431641,26.733333587646484
1613606068405,2021-02-17T23:55:39.542Z,120.777,-16.606945037841793,31.28611183166504,25.045833587646484
1613606068447,2021-02-17T23:55:39.554Z,120.819,-19.5444450378418,32.72360992431641,25.108333587646484
1613606068486,2021-02-17T23:55:39.569Z,120.85799999999999,-17.731945037841797,33.47360992431641,25.920833587646484
1613606068526,2021-02-17T23:55:39.571Z,120.898,-17.356945037841793,32.34860992431641,25.483333587646484
1613606068565,2021-02-17T23:55:39.586Z,120.93700000000001,-18.7944450378418,26.53611183166504,25.483333587646484
1613606068605,2021-02-17T23:55:39.600Z,120.977,-18.4194450378418,31.97361183166504,25.858333587646484
1613606068646,2021-02-17T23:55:39.615Z,121.01799999999999,-18.4194450378418,29.78611183166504,25.920833587646484
1613606068685,2021-02-17T23:55:39.629Z,121.057,-17.356945037841793,30.91111183166504,24.295833587646484
1613606068725,2021-02-17T23:55:39.646Z,121.09700000000001,-18.7944450378418,31.59861183166504,25.483333587646484
1613606068764,2021-02-17T23:55:39.660Z,121.13600000000001,-18.4194450378418,30.16111183166504,24.670833587646484
1613606068804,2021-02-17T23:55:39.675Z,121.176,-18.0444450378418,32.34860992431641,25.858333587646484
1613606068843,2021-02-17T23:55:39.689Z,121.215,-17.731945037841797,33.09860992431641,25.483333587646484
1613606068884,2021-02-17T23:55:39.691Z,121.256,-18.0444450378418,30.91111183166504,24.295833587646484
1613606068924,2021-02-17T23:55:39.706Z,121.296,-17.731945037841797,31.59861183166504,25.483333587646484
1613606068964,2021-02-17T23:55:39.720Z,121.336,-17.731945037841797,32.72360992431641,24.670833587646484
1613606069003,2021-02-17T23:55:39.735Z,121.375,-18.7944450378418,30.16111183166504,23.858333587646484
1613606069043,2021-02-17T23:55:39.749Z,121.415,-18.0444450378418,33.47360992431641,24.670833587646484
