epoch (ms),time (-07:00),elapsed (s),X-Axis (deg/s),Y-Axis (deg/s),Z-Axis (deg/s)
1613180468879,2021-02-13T01:43:06.443Z,0.038,-3.2926828861236572,0,0
1613180468919,2021-02-13T01:43:06.447Z,0.078,-1.0365853309631348,-0.12195122241973877,0.6097561120986938
1613180468958,2021-02-13T01:43:06.456Z,0.117,-0.792682945728302,-0.18292683362960815,0.3658536672592163
1613180468998,2021-02-13T01:43:06.458Z,0.157,-0.9146341681480408,-0.12195122241973877,0.5487805008888245
1613180469037,2021-02-13T01:43:06.460Z,0.196,-0.9146341681480408,-0.18292683362960815,0.3658536672592163
1613180469077,2021-02-13T01:43:06.471Z,0.236,-1.2804877758026123,-0.18292683362960815,0.3048780560493469
1613180469116,2021-02-13T01:43:06.473Z,0.275,-1.402438998222351,-0.3658536672592163,0.4268292784690857
1613180469157,2021-02-13T01:43:06.476Z,0.316,-1.6463414430618286,-0.6097561120986938,0.4268292784690857
1613180469197,2021-02-13T01:43:06.487Z,0.356,-1.8292683362960815,-0.792682945728302,0.3658536672592163
1613180469236,2021-02-13T01:43:06.489Z,0.395,-2.2560975551605225,-0.792682945728302,0.3048780560493469
1613180469276,2021-02-13T01:43:06.491Z,0.435,-2.6219513416290283,-1.0365853309631348,0.12195122241973877
1613180469316,2021-02-13T01:43:06.503Z,0.475,-2.4390244483947754,-1.2804877758026123,-0.12195122241973877
1613180469355,2021-02-13T01:43:06.505Z,0.514,-2.682926893234253,-1.097561001777649,0
1613180469395,2021-02-13T01:43:06.507Z,0.554,-2.682926893234253,-1.2195122241973877,-0.12195122241973877
1613180469434,2021-02-13T01:43:06.518Z,0.593,-3.170731782913208,-1.3414634466171265,-0.4268292784690857
1613180469474,2021-02-13T01:43:06.520Z,0.633,-2.7439024448394775,-1.2804877758026123,-1.097561001777649
1613180469513,2021-02-13T01:43:06.531Z,0.672,-2.7439024448394775,-1.4634146690368652,-1.2195122241973877
1613180469553,2021-02-13T01:43:06.533Z,0.712,-3.170731782913208,-1.4634146690368652,-1.5243902206420898
1613180469594,2021-02-13T01:43:06.535Z,0.753,-2.9268293380737305,-1.7073171138763428,-1.7682926654815674
1613180469633,2021-02-13T01:43:06.547Z,0.792,-3.170731782913208,-1.6463414430618286,-2.0731706619262695
1613180469673,2021-02-13T01:43:06.549Z,0.832,-3.2926828861236572,-1.7073171138763428,-2.6219513416290283
1613180469713,2021-02-13T01:43:06.551Z,0.872,-3.5365853309631348,-1.5243902206420898,-2.804877996444702
1613180469752,2021-02-13T01:43:06.562Z,0.911,-3.2926828861236572,-1.8292683362960815,-3.5365853309631348
1613180469792,2021-02-13T01:43:06.565Z,0.951,-2.682926893234253,-2.0731706619262695,-3.7195122241973877
1613180469831,2021-02-13T01:43:06.567Z,0.99,-2.987804889678955,-1.8292683362960815,-3.658536672592163
1613180469871,2021-02-13T01:43:06.578Z,1.03,-2.6219513416290283,-2.4390244483947754,-3.841463565826416
1613180469910,2021-02-13T01:43:06.580Z,1.069,-2.6219513416290283,-2.7439024448394775,-4.146341323852539
1613180469950,2021-02-13T01:43:06.595Z,1.109,-2.865853786468506,-2.9268293380737305,-4.2682929039001465
1613180469989,2021-02-13T01:43:06.595Z,1.148,-2.1341464519500732,-2.987804889678955,-3.5365853309631348
1613180470029,2021-02-13T01:43:06.597Z,1.188,-1.402438998222351,-3.2317073345184326,-3.1097562313079834
1613180470070,2021-02-13T01:43:06.608Z,1.229,-1.585365891456604,-2.804877996444702,-2.378048896789551
1613180470110,2021-02-13T01:43:06.610Z,1.269,-1.6463414430618286,-2.317073106765747,-2.195122003555298
1613180470149,2021-02-13T01:43:06.621Z,1.308,-1.585365891456604,-2.317073106765747,-2.0731706619262695
1613180470189,2021-02-13T01:43:06.623Z,1.348,-0.6707317233085632,-2.378048896789551,-1.7682926654815674
1613180470228,2021-02-13T01:43:06.625Z,1.387,-0.6707317233085632,-1.8902438879013062,-0.9146341681480408
1613180470268,2021-02-13T01:43:06.637Z,1.427,-0.6707317233085632,-1.4634146690368652,-0.6707317233085632
1613180470307,2021-02-13T01:43:06.639Z,1.466,-0.9756097793579102,-1.0365853309631348,0.060975611209869385
1613180470347,2021-02-13T01:43:06.641Z,1.506,-1.2195122241973877,-0.3048780560493469,0.3048780560493469
1613180470386,2021-02-13T01:43:06.652Z,1.545,-1.0365853309631348,-0.3658536672592163,0.6707317233085632
1613180470426,2021-02-13T01:43:06.655Z,1.585,-1.402438998222351,-0.24390244483947754,0.9756097793579102
1613180470465,2021-02-13T01:43:06.657Z,1.624,-1.585365891456604,0.3658536672592163,1.3414634466171265
1613180470506,2021-02-13T01:43:06.668Z,1.665,-1.8902438879013062,0.7317073345184326,0.9146341681480408
1613180470546,2021-02-13T01:43:06.670Z,1.705,-2.6219513416290283,0.9756097793579102,0.5487805008888245
1613180470586,2021-02-13T01:43:06.681Z,1.745,-2.865853786468506,0.792682945728302,0.3048780560493469
1613180470625,2021-02-13T01:43:06.683Z,1.784,-3.9024391174316406,0.792682945728302,-0.6707317233085632
1613180470665,2021-02-13T01:43:06.685Z,1.824,-5.487804889678955,1.6463414430618286,-0.9756097793579102
1613180470704,2021-02-13T01:43:06.711Z,1.863,-6.097560882568359,1.8902438879013062,-2.4390244483947754
1613180470744,2021-02-13T01:43:06.713Z,1.903,-7.865853786468506,1.4634146690368652,-3.658536672592163
1613180470783,2021-02-13T01:43:06.715Z,1.942,-8.414634704589844,1.7073171138763428,-4.695122241973877
1613180470823,2021-02-13T01:43:06.726Z,1.982,-10.243902206420898,0.9756097793579102,-7.378048896789551
1613180470862,2021-02-13T01:43:06.729Z,2.021,-11.646341323852539,0.6097561120986938,-8.04878044128418
1613180470902,2021-02-13T01:43:06.731Z,2.061,-12.134146690368652,-0.18292683362960815,-9.756097793579102
1613180470942,2021-02-13T01:43:06.742Z,2.101,-13.231707572937012,0.3048780560493469,-12.865854263305664
1613180470983,2021-02-13T01:43:06.744Z,2.142,-14.146341323852539,0.5487805008888245,-13.658536911010742
1613180471022,2021-02-13T01:43:06.747Z,2.181,-11.219511985778809,0.3048780560493469,-10.060976028442383
1613180471062,2021-02-13T01:43:06.758Z,2.221,-10.792683601379395,0.9146341681480408,-7.865853786468506
1613180471101,2021-02-13T01:43:06.760Z,2.26,-11.09756088256836,0.5487805008888245,-6.280488014221191
1613180471141,2021-02-13T01:43:06.762Z,2.3,-9.085366249084473,-1.7682926654815674,-6.402439117431641
1613180471180,2021-02-13T01:43:06.773Z,2.339,-8.536585807800293,-4.146341323852539,-5.243902683258057
1613180471220,2021-02-13T01:43:06.775Z,2.379,-10.792683601379395,-3.2926828861236572,-5.97560977935791
1613180471259,2021-02-13T01:43:06.786Z,2.418,-11.52439022064209,-4.0853657722473145,-7.5
1613180471299,2021-02-13T01:43:06.788Z,2.458,-11.036585807800293,-6.341463565826416,-8.292682647705078
1613180471339,2021-02-13T01:43:06.791Z,2.498,-10.731707572937012,-6.829268455505371,-4.756097793579102
1613180471380,2021-02-13T01:43:06.802Z,2.539,-8.47560977935791,-5.792683124542236,1.5243902206420898
1613180471419,2021-02-13T01:43:06.804Z,2.578,-5.243902683258057,-4.5731706619262695,7.682927131652832
1613180471459,2021-02-13T01:43:06.806Z,2.618,-4.329268455505371,-1.6463414430618286,10.731707572937012
1613180471498,2021-02-13T01:43:06.818Z,2.657,-7.256097793579102,-0.3048780560493469,9.02439022064209
1613180471538,2021-02-13T01:43:06.820Z,2.697,-8.292682647705078,-1.097561001777649,12.560976028442383
1613180471577,2021-02-13T01:43:06.822Z,2.736,-3.9024391174316406,-0.18292683362960815,16.09756088256836
1613180471617,2021-02-13T01:43:06.833Z,2.776,-4.634146213531494,-2.0731706619262695,20.609756469726562
1613180471656,2021-02-13T01:43:06.835Z,2.815,-3.1097562313079834,-0.060975611209869385,21.890243530273438
1613180471696,2021-02-13T01:43:06.846Z,2.855,-8.414634704589844,-0.4268292784690857,15.060976028442383
1613180471735,2021-02-13T01:43:06.848Z,2.894,-7.317073345184326,-0.8536585569381714,13.90243911743164
1613180471775,2021-02-13T01:43:06.850Z,2.934,-9.939024925231934,-2.195122003555298,13.109756469726562
1613180471815,2021-02-13T01:43:06.862Z,2.974,-7.012195110321045,-7.0731706619262695,13.414634704589844
1613180471854,2021-02-13T01:43:06.892Z,3.013,0.7317073345184326,-12.317073822021484,14.939024925231934
1613180471895,2021-02-13T01:43:06.894Z,3.054,1.6463414430618286,-11.40243911743164,17.378049850463867
1613180471935,2021-02-13T01:43:06.897Z,3.094,12.560976028442383,-11.036585807800293,26.280488967895508
1613180471974,2021-02-13T01:43:06.908Z,3.133,16.95121955871582,-7.256097793579102,27.2560977935791
1613180472014,2021-02-13T01:43:06.910Z,3.173,14.02439022064209,-4.878048896789551,16.219512939453125
1613180472053,2021-02-13T01:43:06.921Z,3.212,4.756097793579102,-7.012195110321045,3.47560977935791
1613180472093,2021-02-13T01:43:06.938Z,3.252,0.18292683362960815,-10.42682933807373,-1.097561001777649
1613180472132,2021-02-13T01:43:06.940Z,3.291,4.939024448394775,-13.90243911743164,4.756097793579102
1613180472172,2021-02-13T01:43:06.942Z,3.331,6.707317352294922,-8.04878044128418,6.646341800689697
1613180472212,2021-02-13T01:43:06.953Z,3.371,5.792683124542236,-1.7073171138763428,5.4268293380737305
1613180472251,2021-02-13T01:43:06.956Z,3.41,4.878048896789551,-0.4268292784690857,3.658536672592163
1613180472291,2021-02-13T01:43:06.968Z,3.45,-7.378048896789551,-2.6219513416290283,5.853658676147461
1613180472330,2021-02-13T01:43:06.970Z,3.489,-5.792683124542236,-4.0853657722473145,7.743902683258057
1613180472371,2021-02-13T01:43:06.981Z,3.53,-4.207317352294922,-2.5609755516052246,1.8292683362960815
1613180472411,2021-02-13T01:43:06.983Z,3.57,-1.585365891456604,-0.060975611209869385,0.6707317233085632
1613180472450,2021-02-13T01:43:06.986Z,3.609,-3.2926828861236572,-1.6463414430618286,3.841463565826416
1613180472490,2021-02-13T01:43:06.997Z,3.649,-0.060975611209869385,-2.378048896789551,0.9146341681480408
1613180472529,2021-02-13T01:43:07.000Z,3.688,0.060975611209869385,-4.207317352294922,2.4390244483947754
1613180472569,2021-02-13T01:43:07.002Z,3.728,3.5975611209869385,-3.2926828861236572,11.341464042663574
1613180472610,2021-02-13T01:43:07.013Z,3.769,6.280488014221191,1.402438998222351,12.62195110321045
1613180472648,2021-02-13T01:43:07.015Z,3.807,7.0731706619262695,4.512195110321045,12.317073822021484
1613180472689,2021-02-13T01:43:07.027Z,3.848,9.634146690368652,7.621951580047607,8.170731544494629
1613180472727,2021-02-13T01:43:07.028Z,3.886,8.353658676147461,6.158536911010742,0.3048780560493469
1613180472768,2021-02-13T01:43:07.030Z,3.927,1.2195122241973877,7.865853786468506,-3.9634146690368652
1613180472808,2021-02-13T01:43:07.042Z,3.967,4.0853657722473145,7.134146690368652,-0.6707317233085632
1613180472847,2021-02-13T01:43:07.044Z,4.006,6.829268455505371,7.134146690368652,1.2804877758026123
1613180472887,2021-02-13T01:43:07.046Z,4.046,9.756097793579102,7.317073345184326,5.792683124542236
1613180472926,2021-02-13T01:43:07.057Z,4.085,12.012195587158203,10.731707572937012,6.097560882568359
1613180472966,2021-02-13T01:43:07.060Z,4.125,10.670731544494629,14.02439022064209,5.487804889678955
1613180473006,2021-02-13T01:43:07.062Z,4.165,17.621952056884766,10.97560977935791,8.59756088256836
1613180473045,2021-02-13T01:43:07.073Z,4.204,11.585366249084473,12.012195587158203,5.731707572937012
1613180473085,2021-02-13T01:43:07.075Z,4.244,11.707317352294922,9.87804889678955,1.2195122241973877
1613180473124,2021-02-13T01:43:07.086Z,4.283,-3.5975611209869385,13.109756469726562,3.5365853309631348
1613180473165,2021-02-13T01:43:07.088Z,4.324,3.7804877758026123,9.512195587158203,11.646341323852539
1613180473203,2021-02-13T01:43:07.090Z,4.362,-13.353658676147461,19.390243530273438,11.890244483947754
1613180473244,2021-02-13T01:43:07.101Z,4.403,-49.45122146606445,6.219512462615967,11.646341323852539
1613180473284,2021-02-13T01:43:07.104Z,4.443,10.54878044128418,-1.5243902206420898,-10.97560977935791
1613180473323,2021-02-13T01:43:07.108Z,4.482,20.365854263305664,-13.04878044128418,-18.841463088989258
1613180473363,2021-02-13T01:43:07.117Z,4.522,-11.280488014221191,-22.98780632019043,5.731707572937012
1613180473402,2021-02-13T01:43:07.119Z,4.561,-15.243903160095215,-11.52439022064209,20.060976028442383
1613180473442,2021-02-13T01:43:07.122Z,4.601,-13.04878044128418,-3.47560977935791,9.146341323852539
1613180473482,2021-02-13T01:43:07.133Z,4.641,-10.731707572937012,3.1097562313079834,-1.8292683362960815
1613180473521,2021-02-13T01:43:07.135Z,4.68,-10.792683601379395,10.304878234863281,-12.92682933807373
1613180473561,2021-02-13T01:43:07.146Z,4.72,-8.414634704589844,7.743902683258057,-18.841463088989258
1613180473600,2021-02-13T01:43:07.149Z,4.759,-9.146341323852539,5.121951103210449,-19.573171615600586
1613180473641,2021-02-13T01:43:07.151Z,4.8,-10.792683601379395,5.609755992889404,-15.97560977935791
1613180473679,2021-02-13T01:43:07.163Z,4.838,-7.5,6.52439022064209,-8.658536911010742
1613180473720,2021-02-13T01:43:07.165Z,4.879,-6.219512462615967,3.658536672592163,-7.195122241973877
1613180473760,2021-02-13T01:43:07.176Z,4.919,-4.207317352294922,3.170731782913208,-4.329268455505371
1613180473799,2021-02-13T01:43:07.178Z,4.958,-7.317073345184326,7.256097793579102,-4.878048896789551
1613180473839,2021-02-13T01:43:07.180Z,4.998,-3.2317073345184326,9.207317352294922,-1.8902438879013062
1613180473879,2021-02-13T01:43:07.191Z,5.038,-1.585365891456604,3.7804877758026123,-2.5
1613180473918,2021-02-13T01:43:07.194Z,5.077,1.2195122241973877,0.792682945728302,0.12195122241973877
1613180473958,2021-02-13T01:43:07.196Z,5.117,6.829268455505371,2.195122003555298,2.195122003555298
1613180473997,2021-02-13T01:43:07.207Z,5.156,2.317073106765747,2.5,-2.012195110321045
1613180474037,2021-02-13T01:43:07.210Z,5.196,4.878048896789551,1.3414634466171265,-1.1585365533828735
1613180474076,2021-02-13T01:43:07.212Z,5.235,3.4146342277526855,0,0.12195122241973877
1613180474117,2021-02-13T01:43:07.223Z,5.276,5.54878044128418,0.18292683362960815,-0.12195122241973877
1613180474155,2021-02-13T01:43:07.225Z,5.314,3.7804877758026123,0,0.6707317233085632
1613180474196,2021-02-13T01:43:07.236Z,5.355,4.146341323852539,-2.0731706619262695,0.792682945728302
1613180474236,2021-02-13T01:43:07.238Z,5.395,1.7682926654815674,-0.5487805008888245,-1.5243902206420898
1613180474276,2021-02-13T01:43:07.240Z,5.435,-0.24390244483947754,1.8292683362960815,-4.02439022064209
1613180474315,2021-02-13T01:43:07.251Z,5.474,-0.7317073345184326,1.8292683362960815,-4.02439022064209
1613180474355,2021-02-13T01:43:07.269Z,5.514,-2.317073106765747,2.4390244483947754,-3.0487804412841797
1613180474394,2021-02-13T01:43:07.270Z,5.553,-3.9634146690368652,1.6463414430618286,-1.8292683362960815
1613180474434,2021-02-13T01:43:07.282Z,5.593,-7.134146690368652,1.0365853309631348,-3.1097562313079834
1613180474473,2021-02-13T01:43:07.284Z,5.632,-7.012195110321045,0.4878048896789551,-3.7195122241973877
1613180474513,2021-02-13T01:43:07.287Z,5.672,-6.5853657722473145,0.3048780560493469,-4.45121955871582
1613180474552,2021-02-13T01:43:07.298Z,5.711,-7.560975551605225,-0.12195122241973877,-3.1097562313079834
1613180474593,2021-02-13T01:43:07.300Z,5.752,-7.195122241973877,-2.2560975551605225,-1.8902438879013062
1613180474631,2021-02-13T01:43:07.302Z,5.79,-6.402439117431641,-4.02439022064209,-0.3658536672592163
1613180474673,2021-02-13T01:43:07.313Z,5.832,-4.878048896789551,-3.47560977935791,0.4268292784690857
1613180474712,2021-02-13T01:43:07.315Z,5.871,-4.0853657722473145,-3.2317073345184326,1.402438998222351
1613180474752,2021-02-13T01:43:07.326Z,5.911,-0.24390244483947754,-3.170731782913208,4.207317352294922
1613180474791,2021-02-13T01:43:07.328Z,5.95,0.4268292784690857,-3.170731782913208,5.487804889678955
1613180474831,2021-02-13T01:43:07.331Z,5.99,1.402438998222351,-5.060975551605225,7.865853786468506
1613180474870,2021-02-13T01:43:07.342Z,6.029,0.9146341681480408,-7.439024448394775,5.304878234863281
1613180474910,2021-02-13T01:43:07.344Z,6.069,3.0487804412841797,-9.207317352294922,4.146341323852539
1613180474949,2021-02-13T01:43:07.372Z,6.108,4.634146213531494,-7.378048896789551,5.9146342277526855
1613180474990,2021-02-13T01:43:07.374Z,6.149,6.463414669036865,-8.231707572937012,5.54878044128418
1613180475028,2021-02-13T01:43:07.376Z,6.187,7.804878234863281,-7.987804889678955,9.329268455505371
1613180475069,2021-02-13T01:43:07.388Z,6.228,6.341463565826416,-7.987804889678955,9.87804889678955
1613180475108,2021-02-13T01:43:07.390Z,6.267,5.487804889678955,-7.682927131652832,11.158536911010742
1613180475149,2021-02-13T01:43:07.392Z,6.308,0.8536585569381714,-3.5365853309631348,10.42682933807373
1613180475188,2021-02-13T01:43:07.403Z,6.347,-1.402438998222351,1.2195122241973877,8.841464042663574
1613180475228,2021-02-13T01:43:07.405Z,6.387,-4.146341323852539,-0.060975611209869385,6.829268455505371
1613180475267,2021-02-13T01:43:07.416Z,6.426,-11.280488014221191,-10.365854263305664,11.585366249084473
1613180475307,2021-02-13T01:43:07.418Z,6.466,-18.90243911743164,6.158536911010742,13.231707572937012
1613180475346,2021-02-13T01:43:07.420Z,6.505,-16.95121955871582,13.536585807800293,13.292683601379395
1613180475386,2021-02-13T01:43:07.432Z,6.545,-22.68292808532715,24.024391174316406,7.743902683258057
1613180475425,2021-02-13T01:43:07.434Z,6.584,-24.93902587890625,32.80487823486328,4.939024448394775
1613180475465,2021-02-13T01:43:07.436Z,6.624,-24.390243530273438,22.865854263305664,2.4390244483947754
1613180475505,2021-02-13T01:43:07.447Z,6.664,-19.14634132385254,24.329269409179688,8.658536911010742
1613180475546,2021-02-13T01:43:07.450Z,6.705,-10.792683601379395,26.158536911010742,4.634146213531494
1613180475584,2021-02-13T01:43:07.452Z,6.743,-16.09756088256836,18.90243911743164,2.195122003555298
1613180475625,2021-02-13T01:43:07.463Z,6.784,-23.231708526611328,11.585366249084473,6.52439022064209
1613180475664,2021-02-13T01:43:07.465Z,6.823,-10.42682933807373,8.04878044128418,5.4268293380737305
1613180475704,2021-02-13T01:43:07.476Z,6.863,-1.7073171138763428,9.268292427062988,-4.2682929039001465
1613180475743,2021-02-13T01:43:07.493Z,6.902,-6.341463565826416,7.865853786468506,-4.45121955871582
1613180475783,2021-02-13T01:43:07.495Z,6.942,-1.5243902206420898,-1.8292683362960815,1.9512195587158203
1613180475822,2021-02-13T01:43:07.497Z,6.981,4.5731706619262695,-10.304878234863281,11.890244483947754
1613180475862,2021-02-13T01:43:07.508Z,7.021,10.304878234863281,-21.341463088989258,17.073171615600586
1613180475902,2021-02-13T01:43:07.510Z,7.061,13.90243911743164,-16.158536911010742,15.365854263305664
1613180475932,2021-02-13T01:43:07.521Z,7.091,23.292682647705078,-15.731707572937012,12.682927131652832
1613180475972,2021-02-13T01:43:07.523Z,7.131,15.792683601379395,-9.02439022064209,8.353658676147461
1613180476011,2021-02-13T01:43:07.527Z,7.17,14.146341323852539,-0.5487805008888245,5.609755992889404
1613180476051,2021-02-13T01:43:07.538Z,7.21,17.560976028442383,-3.9634146690368652,5.4268293380737305
1613180476090,2021-02-13T01:43:07.540Z,7.249,12.62195110321045,-2.804877996444702,2.9268293380737305
1613180476130,2021-02-13T01:43:07.542Z,7.289,11.585366249084473,-1.6463414430618286,1.8902438879013062
1613180476170,2021-02-13T01:43:07.553Z,7.329,7.0731706619262695,-0.6097561120986938,0.9756097793579102
1613180476209,2021-02-13T01:43:07.555Z,7.368,7.987804889678955,-2.7439024448394775,-0.9146341681480408
1613180476249,2021-02-13T01:43:07.566Z,7.408,8.90243911743164,6.402439117431641,-2.5609755516052246
1613180476288,2021-02-13T01:43:07.568Z,7.447,6.707317352294922,0.792682945728302,0.6707317233085632
1613180476329,2021-02-13T01:43:07.571Z,7.488,2.0731706619262695,0.8536585569381714,1.1585365533828735
1613180476367,2021-02-13T01:43:07.582Z,7.526,1.2804877758026123,1.3414634466171265,-1.402438998222351
1613180476408,2021-02-13T01:43:07.584Z,7.567,3.2317073345184326,1.0365853309631348,-1.585365891456604
1613180476448,2021-02-13T01:43:07.597Z,7.607,2.682926893234253,0.6097561120986938,1.402438998222351
1613180476487,2021-02-13T01:43:07.599Z,7.646,6.95121955871582,5.060975551605225,1.9512195587158203
1613180476527,2021-02-13T01:43:07.601Z,7.686,2.1341464519500732,1.8292683362960815,1.0365853309631348
1613180476567,2021-02-13T01:43:07.612Z,7.726,0.24390244483947754,4.5731706619262695,0.7317073345184326
1613180476606,2021-02-13T01:43:07.615Z,7.765,0.3658536672592163,1.402438998222351,3.7804877758026123
1613180476646,2021-02-13T01:43:07.617Z,7.805,-2.5609755516052246,-1.2804877758026123,3.7195122241973877
1613180476685,2021-02-13T01:43:07.628Z,7.844,-3.47560977935791,-1.6463414430618286,3.7195122241973877
1613180476725,2021-02-13T01:43:07.630Z,7.884,-0.6097561120986938,-1.4634146690368652,1.7682926654815674
1613180476764,2021-02-13T01:43:07.641Z,7.923,1.5243902206420898,0.18292683362960815,0.18292683362960815
1613180476805,2021-02-13T01:43:07.643Z,7.964,2.1341464519500732,-1.4634146690368652,-3.7804877758026123
1613180476843,2021-02-13T01:43:07.645Z,8.002,0.12195122241973877,1.4634146690368652,-3.2926828861236572
1613180476884,2021-02-13T01:43:07.656Z,8.043,5.9146342277526855,2.317073106765747,-3.170731782913208
1613180476924,2021-02-13T01:43:07.659Z,8.083,2.865853786468506,0.8536585569381714,-3.1097562313079834
1613180476964,2021-02-13T01:43:07.661Z,8.123,1.8292683362960815,2.378048896789551,-2.195122003555298
1613180477003,2021-02-13T01:43:07.672Z,8.162,3.658536672592163,2.012195110321045,-0.6707317233085632
1613180477043,2021-02-13T01:43:07.674Z,8.202,1.2804877758026123,-0.6097561120986938,2.4390244483947754
1613180477082,2021-02-13T01:43:07.677Z,8.241,2.012195110321045,-0.9146341681480408,3.2317073345184326
1613180477122,2021-02-13T01:43:07.688Z,8.281,3.7804877758026123,-2.5609755516052246,3.841463565826416
1613180477161,2021-02-13T01:43:07.690Z,8.32,2.2560975551605225,-1.9512195587158203,4.878048896789551
1613180477201,2021-02-13T01:43:07.701Z,8.36,2.2560975551605225,-2.317073106765747,4.512195110321045
1613180477240,2021-02-13T01:43:07.704Z,8.399,0.3658536672592163,-1.585365891456604,3.7195122241973877
1613180477281,2021-02-13T01:43:07.706Z,8.44,1.3414634466171265,-1.9512195587158203,3.1097562313079834
1613180477319,2021-02-13T01:43:07.718Z,8.478,1.097561001777649,-1.9512195587158203,3.1097562313079834
1613180477360,2021-02-13T01:43:07.720Z,8.519,0.24390244483947754,-2.317073106765747,3.5365853309631348
1613180477400,2021-02-13T01:43:07.731Z,8.559,0.3658536672592163,-2.987804889678955,2.682926893234253
1613180477440,2021-02-13T01:43:07.733Z,8.599,-1.6463414430618286,-3.9634146690368652,2.0731706619262695
1613180477479,2021-02-13T01:43:07.735Z,8.638,1.097561001777649,-4.329268455505371,3.2317073345184326
1613180477519,2021-02-13T01:43:07.746Z,8.678,1.097561001777649,-5.182927131652832,3.7195122241973877
1613180477558,2021-02-13T01:43:07.749Z,8.717,0.4268292784690857,-6.341463565826416,3.170731782913208
1613180477598,2021-02-13T01:43:07.751Z,8.757,2.4390244483947754,-7.5,2.7439024448394775
1613180477637,2021-02-13T01:43:07.762Z,8.796,-2.012195110321045,-4.0853657722473145,1.585365891456604
1613180477677,2021-02-13T01:43:07.765Z,8.836,-0.9756097793579102,-2.5609755516052246,0.060975611209869385
1613180477716,2021-02-13T01:43:07.767Z,8.875,-0.060975611209869385,-3.170731782913208,-0.9146341681480408
1613180477757,2021-02-13T01:43:07.778Z,8.916,-1.0365853309631348,-2.682926893234253,-0.6707317233085632
1613180477796,2021-02-13T01:43:07.780Z,8.955,-1.585365891456604,-1.8292683362960815,0.3658536672592163
1613180477835,2021-02-13T01:43:07.782Z,8.994,-1.0365853309631348,-1.7073171138763428,1.5243902206420898
1613180477876,2021-02-13T01:43:07.793Z,9.035,-0.24390244483947754,-2.1341464519500732,2.7439024448394775
1613180477916,2021-02-13T01:43:07.795Z,9.075,-0.060975611209869385,-1.8292683362960815,3.4146342277526855
1613180477955,2021-02-13T01:43:07.806Z,9.114,0.7317073345184326,-2.9268293380737305,4.390244007110596
1613180477995,2021-02-13T01:43:07.823Z,9.154,1.8902438879013062,-2.6219513416290283,4.390244007110596
1613180478034,2021-02-13T01:43:07.825Z,9.193,2.012195110321045,-2.0731706619262695,3.2926828861236572
1613180478074,2021-02-13T01:43:07.852Z,9.233,1.3414634466171265,-0.6707317233085632,3.1097562313079834
1613180478113,2021-02-13T01:43:07.855Z,9.272,1.9512195587158203,0.4268292784690857,2.5609755516052246
1613180478153,2021-02-13T01:43:07.866Z,9.312,1.7682926654815674,-0.12195122241973877,2.0731706619262695
1613180478193,2021-02-13T01:43:07.869Z,9.352,3.170731782913208,-0.6707317233085632,2.378048896789551
1613180478234,2021-02-13T01:43:07.871Z,9.393,2.0731706619262695,-0.3658536672592163,2.378048896789551
1613180478272,2021-02-13T01:43:07.882Z,9.431,1.7682926654815674,0.060975611209869385,2.6219513416290283
1613180478313,2021-02-13T01:43:07.884Z,9.472,1.8902438879013062,-0.8536585569381714,1.2804877758026123
1613180478352,2021-02-13T01:43:07.886Z,9.511,1.5243902206420898,-1.097561001777649,0.792682945728302
1613180478392,2021-02-13T01:43:07.898Z,9.551,0.3048780560493469,-0.8536585569381714,0.3658536672592163
1613180478431,2021-02-13T01:43:07.900Z,9.59,0.4878048896789551,-1.0365853309631348,-0.060975611209869385
1613180478471,2021-02-13T01:43:07.902Z,9.63,0.060975611209869385,-0.7317073345184326,-0.4878048896789551
1613180478510,2021-02-13T01:43:07.913Z,9.669,-0.4268292784690857,-1.0365853309631348,-0.060975611209869385
1613180478550,2021-02-13T01:43:07.915Z,9.709,-0.8536585569381714,-1.0365853309631348,-0.18292683362960815
1613180478589,2021-02-13T01:43:07.926Z,9.748,-0.8536585569381714,-1.097561001777649,-0.3048780560493469
1613180478629,2021-02-13T01:43:07.928Z,9.788,-0.9756097793579102,-0.5487805008888245,-0.7317073345184326
1613180478669,2021-02-13T01:43:07.930Z,9.828,-0.9756097793579102,-0.7317073345184326,-1.0365853309631348
1613180478708,2021-02-13T01:43:07.942Z,9.867,-0.9756097793579102,-0.5487805008888245,-0.7317073345184326
1613180478748,2021-02-13T01:43:07.944Z,9.907,-0.8536585569381714,-0.3658536672592163,-0.5487805008888245
1613180478787,2021-02-13T01:43:07.947Z,9.946,-0.6707317233085632,-0.3048780560493469,-0.3658536672592163
1613180478828,2021-02-13T01:43:07.957Z,9.987,-0.9146341681480408,-0.6097561120986938,0.12195122241973877
1613180478868,2021-02-13T01:43:07.960Z,10.027,-0.792682945728302,-0.5487805008888245,0
1613180478907,2021-02-13T01:43:07.962Z,10.066,-1.2195122241973877,-0.6097561120986938,-0.3048780560493469
1613180478947,2021-02-13T01:43:07.973Z,10.106,-0.7317073345184326,-0.6707317233085632,-0.3658536672592163
1613180478986,2021-02-13T01:43:07.975Z,10.145,-0.8536585569381714,-1.0365853309631348,-0.4268292784690857
1613180479026,2021-02-13T01:43:07.986Z,10.185,-1.0365853309631348,-0.792682945728302,-0.7317073345184326
1613180479066,2021-02-13T01:43:07.988Z,10.225,-1.402438998222351,-0.6097561120986938,-1.3414634466171265
1613180479105,2021-02-13T01:43:07.990Z,10.264,-1.4634146690368652,-0.8536585569381714,-0.8536585569381714
1613180479145,2021-02-13T01:43:08.001Z,10.304,-1.7073171138763428,-0.9146341681480408,-0.7317073345184326
1613180479186,2021-02-13T01:43:08.004Z,10.345,-1.402438998222351,-0.9146341681480408,-0.9146341681480408
1613180479224,2021-02-13T01:43:08.007Z,10.383,4.0853657722473145,4.45121955871582,-2.317073106765747
1613180479265,2021-02-13T01:43:08.017Z,10.424,-1.2195122241973877,-0.5487805008888245,-0.7317073345184326
1613180479304,2021-02-13T01:43:08.019Z,10.463,-1.3414634466171265,-0.7317073345184326,-1.0365853309631348
1613180479334,2021-02-13T01:43:08.021Z,10.493,-1.402438998222351,-0.792682945728302,-1.2195122241973877
1613180479373,2021-02-13T01:43:08.046Z,10.532,-0.9146341681480408,-0.8536585569381714,-1.2195122241973877
1613180479413,2021-02-13T01:43:08.049Z,10.572,-1.2804877758026123,-0.4268292784690857,-0.8536585569381714
1613180479452,2021-02-13T01:43:08.052Z,10.611,-1.4634146690368652,-0.4268292784690857,-0.7317073345184326
1613180479492,2021-02-13T01:43:08.063Z,10.651,-1.7073171138763428,-0.6707317233085632,-0.7317073345184326
1613180479531,2021-02-13T01:43:08.065Z,10.69,-1.097561001777649,-0.8536585569381714,-1.2195122241973877
1613180479572,2021-02-13T01:43:08.067Z,10.731,-1.1585365533828735,-0.3658536672592163,-1.0365853309631348
1613180479610,2021-02-13T01:43:08.078Z,10.769,-0.6097561120986938,0,-0.6097561120986938
1613180479652,2021-02-13T01:43:08.081Z,10.811,-0.9146341681480408,0,-0.4268292784690857
1613180479691,2021-02-13T01:43:08.091Z,10.85,-1.1585365533828735,-0.24390244483947754,-1.5243902206420898
1613180479731,2021-02-13T01:43:08.093Z,10.89,-0.4878048896789551,-0.4268292784690857,-1.4634146690368652
1613180479770,2021-02-13T01:43:08.096Z,10.929,-0.24390244483947754,-0.3048780560493469,-1.2804877758026123
1613180479810,2021-02-13T01:43:08.107Z,10.969,-0.9146341681480408,-0.4268292784690857,-1.097561001777649
1613180479849,2021-02-13T01:43:08.109Z,11.008,-0.792682945728302,-0.3658536672592163,-0.9756097793579102
1613180479889,2021-02-13T01:43:08.111Z,11.048,-0.3048780560493469,-0.4268292784690857,-0.5487805008888245
1613180479928,2021-02-13T01:43:08.122Z,11.087,-0.6097561120986938,0,-0.3658536672592163
1613180479968,2021-02-13T01:43:08.125Z,11.127,-0.8536585569381714,-0.3048780560493469,-1.097561001777649
1613180480007,2021-02-13T01:43:08.136Z,11.166,-1.097561001777649,-0.792682945728302,-1.5243902206420898
1613180480048,2021-02-13T01:43:08.140Z,11.207,-1.2195122241973877,-0.6097561120986938,-0.9146341681480408
1613180480087,2021-02-13T01:43:08.141Z,11.246,-0.9756097793579102,-0.6707317233085632,-0.7317073345184326
1613180480128,2021-02-13T01:43:08.152Z,11.287,0.8536585569381714,-0.060975611209869385,-1.402438998222351
1613180480167,2021-02-13T01:43:08.154Z,11.326,-1.0365853309631348,0.4878048896789551,1.585365891456604
1613180480207,2021-02-13T01:43:08.156Z,11.366,-2.865853786468506,-0.7317073345184326,-2.378048896789551
1613180480246,2021-02-13T01:43:08.170Z,11.405,-2.2560975551605225,-3.4146342277526855,-6.158536911010742
1613180480286,2021-02-13T01:43:08.175Z,11.445,-3.9024391174316406,-0.4268292784690857,-1.2804877758026123
1613180480325,2021-02-13T01:43:08.176Z,11.484,-0.9756097793579102,1.7073171138763428,-0.7317073345184326
1613180480365,2021-02-13T01:43:08.183Z,11.524,1.8902438879013062,5.121951103210449,-3.5975611209869385
1613180480404,2021-02-13T01:43:08.185Z,11.563,1.9512195587158203,8.47560977935791,-0.8536585569381714
1613180480444,2021-02-13T01:43:08.196Z,11.603,3.658536672592163,5.121951103210449,3.47560977935791
1613180480485,2021-02-13T01:43:08.198Z,11.644,4.817073345184326,3.5365853309631348,3.5365853309631348
1613180480525,2021-02-13T01:43:08.200Z,11.684,2.804877996444702,3.4146342277526855,2.804877996444702
1613180480563,2021-02-13T01:43:08.212Z,11.722,4.02439022064209,2.6219513416290283,2.987804889678955
1613180480604,2021-02-13T01:43:08.214Z,11.763,5.4268293380737305,0.060975611209869385,2.195122003555298
1613180480643,2021-02-13T01:43:08.216Z,11.802,4.2682929039001465,-1.9512195587158203,1.3414634466171265
1613180480683,2021-02-13T01:43:08.227Z,11.842,2.2560975551605225,-1.5243902206420898,0.6707317233085632
1613180480722,2021-02-13T01:43:08.230Z,11.881,1.402438998222351,-1.097561001777649,0.9756097793579102
1613180480762,2021-02-13T01:43:08.232Z,11.921,0.6097561120986938,-1.5243902206420898,-0.18292683362960815
1613180480801,2021-02-13T01:43:08.243Z,11.96,1.3414634466171265,-0.6097561120986938,-0.9756097793579102
1613180480841,2021-02-13T01:43:08.245Z,12,-0.4878048896789551,0.9146341681480408,-0.6707317233085632
1613180480881,2021-02-13T01:43:08.256Z,12.04,-2.317073106765747,0.5487805008888245,-0.9756097793579102
1613180480920,2021-02-13T01:43:08.258Z,12.079,-3.0487804412841797,-0.4268292784690857,-1.3414634466171265
1613180480960,2021-02-13T01:43:08.260Z,12.119,-3.170731782913208,-1.1585365533828735,-1.0365853309631348
1613180481001,2021-02-13T01:43:08.272Z,12.16,-2.682926893234253,-1.7073171138763428,-1.5243902206420898
1613180481040,2021-02-13T01:43:08.275Z,12.199,-3.0487804412841797,-2.7439024448394775,-0.9146341681480408
1613180481080,2021-02-13T01:43:08.277Z,12.239,-1.585365891456604,-2.195122003555298,-0.4878048896789551
1613180481119,2021-02-13T01:43:08.288Z,12.278,-0.3048780560493469,-0.18292683362960815,0.060975611209869385
1613180481159,2021-02-13T01:43:08.317Z,12.318,-0.9756097793579102,-0.9756097793579102,0.3048780560493469
1613180481198,2021-02-13T01:43:08.319Z,12.357,-0.18292683362960815,-0.6097561120986938,0.18292683362960815
1613180481238,2021-02-13T01:43:08.321Z,12.397,-0.3048780560493469,-0.060975611209869385,0.12195122241973877
1613180481277,2021-02-13T01:43:08.333Z,12.436,-0.4268292784690857,0.18292683362960815,0.12195122241973877
1613180481317,2021-02-13T01:43:08.335Z,12.476,-0.7317073345184326,-0.4268292784690857,-0.792682945728302
1613180481357,2021-02-13T01:43:08.337Z,12.516,0.7317073345184326,-0.6097561120986938,-0.18292683362960815
1613180481398,2021-02-13T01:43:08.348Z,12.557,-0.12195122241973877,-0.3658536672592163,-0.9146341681480408
1613180481436,2021-02-13T01:43:08.350Z,12.595,3.0487804412841797,2.4390244483947754,-0.18292683362960815
1613180481477,2021-02-13T01:43:08.361Z,12.636,0.18292683362960815,-2.195122003555298,-0.3048780560493469
1613180481515,2021-02-13T01:43:08.378Z,12.674,-1.097561001777649,-1.402438998222351,0.12195122241973877
1613180481556,2021-02-13T01:43:08.380Z,12.715,-2.5609755516052246,-1.2804877758026123,0.5487805008888245
1613180481595,2021-02-13T01:43:08.391Z,12.754,-1.585365891456604,-2.012195110321045,0.3048780560493469
1613180481635,2021-02-13T01:43:08.393Z,12.794,-1.2804877758026123,-0.9756097793579102,-0.3658536672592163
1613180481674,2021-02-13T01:43:08.396Z,12.833,-2.195122003555298,-0.18292683362960815,-0.4878048896789551
1613180481714,2021-02-13T01:43:08.408Z,12.873,-2.4390244483947754,-0.5487805008888245,-0.5487805008888245
1613180481754,2021-02-13T01:43:08.410Z,12.913,-2.317073106765747,-0.9146341681480408,-0.5487805008888245
1613180481793,2021-02-13T01:43:08.421Z,12.952,-3.47560977935791,-1.3414634466171265,-0.24390244483947754
1613180481833,2021-02-13T01:43:08.423Z,12.992,-2.2560975551605225,-0.8536585569381714,-0.060975611209869385
1613180481872,2021-02-13T01:43:08.425Z,13.031,-1.7682926654815674,-1.402438998222351,-0.4878048896789551
1613180481912,2021-02-13T01:43:08.437Z,13.071,-1.6463414430618286,-1.6463414430618286,0.12195122241973877
1613180481951,2021-02-13T01:43:08.439Z,13.11,-1.2195122241973877,-1.2804877758026123,0.4878048896789551
1613180481991,2021-02-13T01:43:08.441Z,13.15,-1.0365853309631348,-1.0365853309631348,0.4268292784690857
1613180482032,2021-02-13T01:43:08.452Z,13.191,-1.2804877758026123,-1.2804877758026123,0.8536585569381714
1613180482071,2021-02-13T01:43:08.458Z,13.23,-1.1585365533828735,-0.7317073345184326,1.2195122241973877
1613180482111,2021-02-13T01:43:08.460Z,13.27,-2.0731706619262695,-0.9146341681480408,0.3658536672592163
1613180482151,2021-02-13T01:43:08.468Z,13.31,-1.402438998222351,-1.097561001777649,0.8536585569381714
1613180482190,2021-02-13T01:43:08.470Z,13.349,-1.8292683362960815,-1.097561001777649,-0.060975611209869385
1613180482230,2021-02-13T01:43:08.481Z,13.389,-1.4634146690368652,-1.402438998222351,0.24390244483947754
1613180482269,2021-02-13T01:43:08.483Z,13.428,-0.9146341681480408,-1.2804877758026123,0.18292683362960815
1613180482309,2021-02-13T01:43:08.485Z,13.468,-0.8536585569381714,-0.7317073345184326,1.097561001777649
1613180482348,2021-02-13T01:43:08.497Z,13.507,-1.2195122241973877,-0.6707317233085632,0.792682945728302
1613180482388,2021-02-13T01:43:08.499Z,13.547,-0.9756097793579102,-1.0365853309631348,0.7317073345184326
1613180482427,2021-02-13T01:43:08.501Z,13.586,-1.1585365533828735,-1.0365853309631348,0.8536585569381714
1613180482467,2021-02-13T01:43:08.512Z,13.626,-0.6707317233085632,-0.8536585569381714,0.6707317233085632
1613180482508,2021-02-13T01:43:08.515Z,13.667,0.060975611209869385,-1.402438998222351,0.7317073345184326
1613180482548,2021-02-13T01:43:08.517Z,13.707,0.24390244483947754,-1.1585365533828735,0.792682945728302
1613180482587,2021-02-13T01:43:08.527Z,13.746,0.12195122241973877,-0.4268292784690857,0.7317073345184326
1613180482627,2021-02-13T01:43:08.530Z,13.786,-0.060975611209869385,-0.3658536672592163,0.9756097793579102
1613180482666,2021-02-13T01:43:08.541Z,13.825,0.24390244483947754,-0.3048780560493469,1.097561001777649
1613180482706,2021-02-13T01:43:08.543Z,13.865,-0.3658536672592163,-0.3658536672592163,1.2804877758026123
1613180482745,2021-02-13T01:43:08.545Z,13.904,-0.7317073345184326,-0.4268292784690857,1.097561001777649
1613180482785,2021-02-13T01:43:08.556Z,13.944,-0.4878048896789551,-0.4268292784690857,0.4268292784690857
1613180482824,2021-02-13T01:43:08.559Z,13.983,-0.4878048896789551,-0.792682945728302,0.5487805008888245
1613180482864,2021-02-13T01:43:08.561Z,14.023,-0.4268292784690857,-0.4878048896789551,0.6097561120986938
1613180482903,2021-02-13T01:43:08.572Z,14.062,-1.2195122241973877,-0.6707317233085632,-0.3048780560493469
1613180482944,2021-02-13T01:43:08.574Z,14.103,-0.12195122241973877,-0.6707317233085632,0.4268292784690857
1613180482984,2021-02-13T01:43:08.577Z,14.143,-1.1585365533828735,-0.6707317233085632,0.6707317233085632
1613180483024,2021-02-13T01:43:08.602Z,14.183,-0.3048780560493469,-0.9756097793579102,0.6707317233085632
1613180483063,2021-02-13T01:43:08.604Z,14.222,-0.18292683362960815,-0.4878048896789551,0.060975611209869385
1613180483103,2021-02-13T01:43:08.606Z,14.262,-0.3658536672592163,0.24390244483947754,1.0365853309631348
1613180483142,2021-02-13T01:43:08.618Z,14.301,-0.6707317233085632,0.18292683362960815,0.4878048896789551
1613180483182,2021-02-13T01:43:08.620Z,14.341,-0.3658536672592163,-0.24390244483947754,-0.12195122241973877
1613180483221,2021-02-13T01:43:08.622Z,14.38,-0.792682945728302,0.060975611209869385,0.24390244483947754
1613180483261,2021-02-13T01:43:08.633Z,14.42,-0.3658536672592163,-0.3048780560493469,0.3658536672592163
1613180483300,2021-02-13T01:43:08.635Z,14.459,-0.3048780560493469,-0.5487805008888245,0.060975611209869385
1613180483340,2021-02-13T01:43:08.646Z,14.499,-0.6097561120986938,-0.060975611209869385,0
1613180483380,2021-02-13T01:43:08.648Z,14.539,-0.9146341681480408,0.18292683362960815,0
1613180483419,2021-02-13T01:43:08.650Z,14.578,-1.0365853309631348,0.060975611209869385,-0.3048780560493469
1613180483459,2021-02-13T01:43:08.662Z,14.618,-1.1585365533828735,0.3048780560493469,-0.3048780560493469
1613180483500,2021-02-13T01:43:08.664Z,14.659,-1.402438998222351,0.6707317233085632,0
1613180483529,2021-02-13T01:43:08.668Z,14.688,-1.7682926654815674,0.5487805008888245,-0.5487805008888245
1613180483568,2021-02-13T01:43:08.677Z,14.727,-2.4390244483947754,0.9756097793579102,-0.7317073345184326
1613180483608,2021-02-13T01:43:08.680Z,14.767,-3.170731782913208,1.2195122241973877,0
1613180483648,2021-02-13T01:43:08.682Z,14.807,-4.02439022064209,1.8292683362960815,-0.8536585569381714
1613180483689,2021-02-13T01:43:08.693Z,14.848,-3.1097562313079834,2.0731706619262695,-3.2926828861236572
1613180483727,2021-02-13T01:43:08.695Z,14.886,-0.6707317233085632,4.207317352294922,-2.7439024448394775
1613180483768,2021-02-13T01:43:08.707Z,14.927,0.24390244483947754,5.4268293380737305,-4.207317352294922
1613180483807,2021-02-13T01:43:08.708Z,14.966,-0.6707317233085632,7.012195110321045,-4.390244007110596
1613180483847,2021-02-13T01:43:08.711Z,15.006,0.4268292784690857,8.780488014221191,-6.463414669036865
1613180483886,2021-02-13T01:43:08.721Z,15.045,-1.3414634466171265,10.54878044128418,-6.341463565826416
1613180483926,2021-02-13T01:43:08.724Z,15.085,-0.7317073345184326,12.07317066192627,-7.195122241973877
1613180483965,2021-02-13T01:43:08.728Z,15.124,-2.195122003555298,12.37804889678955,-7.0731706619262695
1613180484005,2021-02-13T01:43:08.737Z,15.164,-3.5975611209869385,13.780488014221191,-7.621951580047607
1613180484045,2021-02-13T01:43:08.739Z,15.204,-0.8536585569381714,17.317073822021484,-7.439024448394775
1613180484084,2021-02-13T01:43:08.742Z,15.243,-3.5365853309631348,14.634146690368652,-9.085366249084473
1613180484124,2021-02-13T01:43:08.753Z,15.283,-8.353658676147461,15.182927131652832,-8.59756088256836
1613180484165,2021-02-13T01:43:08.755Z,15.324,-6.280488014221191,13.658536911010742,-10.670731544494629
1613180484203,2021-02-13T01:43:08.757Z,15.362,-8.963415145874023,12.62195110321045,-12.07317066192627
1613180484244,2021-02-13T01:43:08.768Z,15.403,-10.609756469726562,11.40243911743164,-12.865854263305664
1613180484283,2021-02-13T01:43:08.797Z,15.442,-1.6463414430618286,15.243903160095215,-11.219511985778809
1613180484323,2021-02-13T01:43:08.800Z,15.482,-11.585366249084473,10.97560977935791,-13.59756088256836
1613180484362,2021-02-13T01:43:08.811Z,15.521,-15.42682933807373,10.487805366516113,-12.317073822021484
1613180484402,2021-02-13T01:43:08.813Z,15.561,-5,16.158536911010742,-8.719511985778809
1613180484442,2021-02-13T01:43:08.816Z,15.601,-8.59756088256836,12.62195110321045,-7.012195110321045
1613180484481,2021-02-13T01:43:08.827Z,15.64,-12.987805366516113,13.780488014221191,-4.817073345184326
1613180484521,2021-02-13T01:43:08.829Z,15.68,-6.463414669036865,12.07317066192627,-4.329268455505371
1613180484560,2021-02-13T01:43:08.831Z,15.719,1.1585365533828735,8.536585807800293,-3.2317073345184326
1613180484600,2021-02-13T01:43:08.843Z,15.759,1.6463414430618286,6.707317352294922,-1.2804877758026123
1613180484641,2021-02-13T01:43:08.845Z,15.8,4.817073345184326,3.9634146690368652,0.9756097793579102
1613180484679,2021-02-13T01:43:08.847Z,15.838,5.609755992889404,3.353658676147461,1.585365891456604
1613180484720,2021-02-13T01:43:08.858Z,15.879,6.097560882568359,2.5609755516052246,1.4634146690368652
1613180484759,2021-02-13T01:43:08.860Z,15.918,5.97560977935791,2.7439024448394775,0.9756097793579102
1613180484799,2021-02-13T01:43:08.871Z,15.958,4.45121955871582,2.1341464519500732,0.7317073345184326
1613180484839,2021-02-13T01:43:08.873Z,15.998,1.7073171138763428,2.865853786468506,-1.2804877758026123
1613180484878,2021-02-13T01:43:08.875Z,16.037,-3.47560977935791,4.45121955871582,-4.817073345184326
1613180484918,2021-02-13T01:43:08.887Z,16.077,-9.207317352294922,7.195122241973877,-6.097560882568359
1613180484957,2021-02-13T01:43:08.889Z,16.116,-8.780488014221191,10.670731544494629,-6.5853657722473145
1613180484997,2021-02-13T01:43:08.891Z,16.156,-10.54878044128418,16.768293380737305,-10.792683601379395
1613180485036,2021-02-13T01:43:08.902Z,16.195,-16.890243530273438,12.743903160095215,-13.04878044128418
1613180485076,2021-02-13T01:43:08.905Z,16.235,-8.04878044128418,7.317073345184326,-12.92682933807373
1613180485115,2021-02-13T01:43:08.907Z,16.274,-3.841463565826416,3.841463565826416,-15.792683601379395
1613180485155,2021-02-13T01:43:08.918Z,16.314,-6.890244007110596,1.097561001777649,-20.609756469726562
1613180485196,2021-02-13T01:43:08.920Z,16.355,-11.036585807800293,-2.1341464519500732,-24.7560977935791
1613180485234,2021-02-13T01:43:08.931Z,16.393,-8.963415145874023,-4.634146213531494,-24.268293380737305
1613180485275,2021-02-13T01:43:08.933Z,16.434,-6.219512462615967,-2.5,-19.08536720275879
1613180485315,2021-02-13T01:43:08.935Z,16.474,0,-4.146341323852539,-14.817073822021484
1613180485354,2021-02-13T01:43:08.946Z,16.513,-0.4268292784690857,-3.0487804412841797,-7.9268293380737305
1613180485394,2021-02-13T01:43:08.949Z,16.553,5,-6.7682929039001465,-3.658536672592163
1613180485433,2021-02-13T01:43:08.952Z,16.592,1.3414634466171265,-5.609755992889404,-1.5243902206420898
1613180485473,2021-02-13T01:43:08.963Z,16.632,2.012195110321045,-6.890244007110596,0.5487805008888245
1613180485512,2021-02-13T01:43:08.965Z,16.671,5.243902683258057,-10.97560977935791,3.170731782913208
1613180485552,2021-02-13T01:43:08.977Z,16.711,8.47560977935791,-15.182927131652832,7.9268293380737305
1613180485591,2021-02-13T01:43:08.979Z,16.75,10.853658676147461,-17.987804412841797,11.036585807800293
1613180485631,2021-02-13T01:43:08.981Z,16.79,10.060976028442383,-16.036584854125977,14.87804889678955
1613180485672,2021-02-13T01:43:08.992Z,16.831,9.268292427062988,-14.329268455505371,17.7439022064209
1613180485710,2021-02-13T01:43:08.995Z,16.869,10.670731544494629,-15.487805366516113,17.987804412841797
1613180485751,2021-02-13T01:43:08.998Z,16.91,11.341464042663574,-16.463415145874023,16.524391174316406
1613180485791,2021-02-13T01:43:09.008Z,16.95,12.195121765136719,-18.414634704589844,12.743903160095215
1613180485830,2021-02-13T01:43:09.010Z,16.989,10.182927131652832,-20.121952056884766,10.42682933807373
1613180485870,2021-02-13T01:43:09.021Z,17.029,7.621951580047607,-18.658536911010742,7.0731706619262695
1613180485909,2021-02-13T01:43:09.023Z,17.068,11.158536911010742,-16.707317352294922,3.2926828861236572
1613180485949,2021-02-13T01:43:09.025Z,17.108,6.95121955871582,-15.853658676147461,-0.9756097793579102
1613180485988,2021-02-13T01:43:09.036Z,17.147,5.609755992889404,-18.04878044128418,-1.9512195587158203
1613180486028,2021-02-13T01:43:09.039Z,17.187,10.609756469726562,-18.109756469726562,-1.7682926654815674
1613180486068,2021-02-13T01:43:09.041Z,17.227,9.695121765136719,-13.719512939453125,-2.5
1613180486107,2021-02-13T01:43:09.052Z,17.266,5.365853786468506,-7.9268293380737305,-2.317073106765747
1613180486148,2021-02-13T01:43:09.054Z,17.307,6.158536911010742,-7.0731706619262695,-4.146341323852539
1613180486186,2021-02-13T01:43:09.057Z,17.345,8.292682647705078,-9.329268455505371,-6.280488014221191
1613180486227,2021-02-13T01:43:09.068Z,17.386,7.682927131652832,-8.59756088256836,-9.390244483947754
1613180486267,2021-02-13T01:43:09.070Z,17.426,4.5731706619262695,-5.9146342277526855,-10.42682933807373
1613180486306,2021-02-13T01:43:09.072Z,17.465,2.0731706619262695,-4.2682929039001465,-10.853658676147461
1613180486346,2021-02-13T01:43:09.083Z,17.505,0.6097561120986938,-4.45121955871582,-12.682927131652832
1613180486375,2021-02-13T01:43:09.084Z,17.534,-0.18292683362960815,-6.463414669036865,-13.231707572937012
1613180486415,2021-02-13T01:43:09.086Z,17.574,0.8536585569381714,-8.109756469726562,-11.158536911010742
1613180486454,2021-02-13T01:43:09.098Z,17.613,6.219512462615967,-9.085366249084473,-7.0731706619262695
1613180486494,2021-02-13T01:43:09.100Z,17.653,6.219512462615967,-6.829268455505371,-3.353658676147461
1613180486535,2021-02-13T01:43:09.111Z,17.694,5.792683124542236,-4.878048896789551,-0.6707317233085632
1613180486574,2021-02-13T01:43:09.113Z,17.733,5.182927131652832,-4.146341323852539,2.4390244483947754
1613180486614,2021-02-13T01:43:09.116Z,17.773,5.4268293380737305,-4.512195110321045,3.841463565826416
1613180486653,2021-02-13T01:43:09.127Z,17.812,8.719511985778809,-3.7195122241973877,5.609755992889404
1613180486693,2021-02-13T01:43:09.129Z,17.852,7.743902683258057,-1.8292683362960815,7.9268293380737305
1613180486733,2021-02-13T01:43:09.131Z,17.892,7.621951580047607,-0.792682945728302,10.487805366516113
1613180486772,2021-02-13T01:43:09.156Z,17.931,8.109756469726562,-0.12195122241973877,11.890244483947754
1613180486812,2021-02-13T01:43:09.159Z,17.971,8.59756088256836,0.8536585569381714,12.07317066192627
1613180486851,2021-02-13T01:43:09.161Z,18.01,7.865853786468506,1.0365853309631348,11.036585807800293
1613180486891,2021-02-13T01:43:09.172Z,18.05,6.219512462615967,-0.18292683362960815,10.731707572937012
1613180486930,2021-02-13T01:43:09.175Z,18.089,8.719511985778809,-2.317073106765747,8.719511985778809
1613180486970,2021-02-13T01:43:09.177Z,18.129,5.9146342277526855,-1.7682926654815674,6.52439022064209
1613180487011,2021-02-13T01:43:09.188Z,18.17,4.939024448394775,-3.5365853309631348,6.890244007110596
1613180487049,2021-02-13T01:43:09.190Z,18.208,3.47560977935791,-3.658536672592163,6.95121955871582
1613180487090,2021-02-13T01:43:09.201Z,18.249,3.5365853309631348,-3.5975611209869385,7.560975551605225
1613180487130,2021-02-13T01:43:09.203Z,18.289,3.170731782913208,-2.2560975551605225,8.414634704589844
1613180487169,2021-02-13T01:43:09.205Z,18.328,3.170731782913208,-0.7317073345184326,8.292682647705078
1613180487209,2021-02-13T01:43:09.216Z,18.368,2.7439024448394775,-0.8536585569381714,7.743902683258057
1613180487248,2021-02-13T01:43:09.219Z,18.407,3.658536672592163,-1.1585365533828735,7.317073345184326
1613180487288,2021-02-13T01:43:09.221Z,18.447,1.5243902206420898,0.5487805008888245,5.731707572937012
1613180487327,2021-02-13T01:43:09.232Z,18.486,-1.7682926654815674,1.8902438879013062,3.9634146690368652
1613180487367,2021-02-13T01:43:09.234Z,18.526,-2.195122003555298,1.585365891456604,1.8292683362960815
1613180487406,2021-02-13T01:43:09.264Z,18.565,-0.12195122241973877,-0.3658536672592163,0.18292683362960815
1613180487446,2021-02-13T01:43:09.265Z,18.605,1.3414634466171265,-0.12195122241973877,-1.1585365533828735
1613180487487,2021-02-13T01:43:09.277Z,18.646,0,1.3414634466171265,-3.7195122241973877
1613180487525,2021-02-13T01:43:09.279Z,18.684,-0.12195122241973877,1.9512195587158203,-4.329268455505371
1613180487566,2021-02-13T01:43:09.281Z,18.725,0.060975611209869385,2.012195110321045,-5.243902683258057
1613180487606,2021-02-13T01:43:09.292Z,18.765,-0.4878048896789551,1.402438998222351,-4.939024448394775
1613180487645,2021-02-13T01:43:09.298Z,18.804,-0.18292683362960815,0.9756097793579102,-3.9634146690368652
1613180487685,2021-02-13T01:43:09.299Z,18.844,0.4268292784690857,0.9756097793579102,-3.5975611209869385
1613180487724,2021-02-13T01:43:09.308Z,18.883,-0.3048780560493469,1.2195122241973877,-3.5365853309631348
1613180487764,2021-02-13T01:43:09.310Z,18.923,-0.12195122241973877,0.3658536672592163,-2.9268293380737305
1613180487803,2021-02-13T01:43:09.321Z,18.962,0.3048780560493469,0.12195122241973877,-2.7439024448394775
1613180487843,2021-02-13T01:43:09.326Z,19.002,1.0365853309631348,-0.3048780560493469,-2.5609755516052246
1613180487882,2021-02-13T01:43:09.327Z,19.041,0.9146341681480408,-0.060975611209869385,-1.9512195587158203
1613180487922,2021-02-13T01:43:09.336Z,19.081,0.792682945728302,0.24390244483947754,-1.6463414430618286
1613180487963,2021-02-13T01:43:09.340Z,19.122,0.12195122241973877,0.3658536672592163,-2.0731706619262695
1613180488001,2021-02-13T01:43:09.341Z,19.16,-0.4878048896789551,0,-2.2560975551605225
1613180488042,2021-02-13T01:43:09.353Z,19.201,-1.3414634466171265,0.3658536672592163,-1.402438998222351
1613180488082,2021-02-13T01:43:09.355Z,19.241,-1.3414634466171265,0.24390244483947754,-0.3048780560493469
1613180488121,2021-02-13T01:43:09.367Z,19.28,-1.402438998222351,-0.24390244483947754,-0.3048780560493469
1613180488161,2021-02-13T01:43:09.368Z,19.32,-1.2195122241973877,-0.5487805008888245,-0.7317073345184326
1613180488200,2021-02-13T01:43:09.372Z,19.359,-1.1585365533828735,-0.9756097793579102,-1.8902438879013062
1613180488240,2021-02-13T01:43:09.382Z,19.399,-0.6707317233085632,-0.9146341681480408,-1.6463414430618286
1613180488279,2021-02-13T01:43:09.385Z,19.438,-0.3048780560493469,-0.5487805008888245,-1.585365891456604
1613180488319,2021-02-13T01:43:09.387Z,19.478,-1.3414634466171265,-0.6097561120986938,-1.5243902206420898
1613180488359,2021-02-13T01:43:09.398Z,19.518,-1.7682926654815674,-0.9146341681480408,-0.9756097793579102
1613180488398,2021-02-13T01:43:09.400Z,19.557,-2.195122003555298,-0.18292683362960815,-0.3658536672592163
1613180488438,2021-02-13T01:43:09.411Z,19.597,-0.8536585569381714,0.18292683362960815,0.6707317233085632
1613180488477,2021-02-13T01:43:09.413Z,19.636,-0.4878048896789551,0.060975611209869385,2.378048896789551
1613180488518,2021-02-13T01:43:09.416Z,19.677,0.8536585569381714,-0.6097561120986938,3.7195122241973877
1613180488558,2021-02-13T01:43:09.426Z,19.717,1.402438998222351,-1.4634146690368652,3.1097562313079834
1613180488597,2021-02-13T01:43:09.429Z,19.756,0.4878048896789551,-1.2195122241973877,1.4634146690368652
1613180488637,2021-02-13T01:43:09.431Z,19.796,-0.6097561120986938,-0.4268292784690857,0.3048780560493469
1613180488676,2021-02-13T01:43:09.442Z,19.835,0,-0.4268292784690857,0.6707317233085632
1613180488716,2021-02-13T01:43:09.445Z,19.875,0.9146341681480408,-0.5487805008888245,1.7073171138763428
1613180488756,2021-02-13T01:43:09.448Z,19.915,0.5487805008888245,-0.24390244483947754,1.585365891456604
1613180488795,2021-02-13T01:43:09.458Z,19.954,0.9756097793579102,-0.3658536672592163,1.6463414430618286
1613180488835,2021-02-13T01:43:09.460Z,19.994,1.2195122241973877,-0.5487805008888245,1.8902438879013062
1613180488874,2021-02-13T01:43:09.471Z,20.033,0.060975611209869385,0.24390244483947754,2.682926893234253
1613180488915,2021-02-13T01:43:09.488Z,20.074,0,0.12195122241973877,2.012195110321045
1613180488953,2021-02-13T01:43:09.490Z,20.112,0.7317073345184326,-0.3048780560493469,1.8292683362960815
1613180488994,2021-02-13T01:43:09.492Z,20.153,1.3414634466171265,-0.9146341681480408,0.9146341681480408
1613180489034,2021-02-13T01:43:09.503Z,20.193,0.8536585569381714,-1.2804877758026123,-0.060975611209869385
1613180489073,2021-02-13T01:43:09.506Z,20.232,0.792682945728302,-1.2804877758026123,-0.792682945728302
1613180489113,2021-02-13T01:43:09.516Z,20.272,0.6707317233085632,-1.5243902206420898,-1.2195122241973877
1613180489152,2021-02-13T01:43:09.518Z,20.311,0.7317073345184326,-1.402438998222351,-1.5243902206420898
1613180489192,2021-02-13T01:43:09.522Z,20.351,0.4268292784690857,-0.8536585569381714,-1.7682926654815674
1613180489232,2021-02-13T01:43:09.533Z,20.391,0.4268292784690857,-0.792682945728302,-1.8292683362960815
1613180489271,2021-02-13T01:43:09.535Z,20.43,0.4268292784690857,-0.6707317233085632,-1.6463414430618286
1613180489311,2021-02-13T01:43:09.536Z,20.47,-0.18292683362960815,-0.18292683362960815,-1.6463414430618286
1613180489350,2021-02-13T01:43:09.548Z,20.509,0.12195122241973877,-0.24390244483947754,-1.7073171138763428
1613180489391,2021-02-13T01:43:09.550Z,20.55,-0.3048780560493469,0,-1.3414634466171265
1613180489429,2021-02-13T01:43:09.552Z,20.588,-0.5487805008888245,0.3658536672592163,-0.9756097793579102
1613180489469,2021-02-13T01:43:09.563Z,20.628,-0.18292683362960815,0.24390244483947754,-0.4268292784690857
1613180489510,2021-02-13T01:43:09.565Z,20.669,-0.4878048896789551,0.4878048896789551,0.060975611209869385
1613180489549,2021-02-13T01:43:09.576Z,20.708,-0.18292683362960815,0.3048780560493469,0.24390244483947754
1613180489589,2021-02-13T01:43:09.579Z,20.748,-0.6707317233085632,0.24390244483947754,1.1585365533828735
1613180489629,2021-02-13T01:43:09.581Z,20.788,-0.5487805008888245,0.24390244483947754,0.9146341681480408
1613180489668,2021-02-13T01:43:09.592Z,20.827,-0.8536585569381714,0.060975611209869385,1.2195122241973877
1613180489708,2021-02-13T01:43:09.594Z,20.867,-0.24390244483947754,0.060975611209869385,1.585365891456604
1613180489747,2021-02-13T01:43:09.596Z,20.906,0,-0.3658536672592163,1.7682926654815674
1613180489787,2021-02-13T01:43:09.607Z,20.946,-0.4268292784690857,-0.4268292784690857,1.7073171138763428
1613180489826,2021-02-13T01:43:09.610Z,20.985,0,-0.6097561120986938,1.585365891456604
1613180489866,2021-02-13T01:43:09.612Z,21.025,-0.24390244483947754,-0.3658536672592163,1.585365891456604
1613180489905,2021-02-13T01:43:09.623Z,21.064,-0.4878048896789551,-0.7317073345184326,1.6463414430618286
1613180489945,2021-02-13T01:43:09.625Z,21.104,-0.12195122241973877,-0.8536585569381714,1.5243902206420898
1613180489986,2021-02-13T01:43:09.636Z,21.145,-0.060975611209869385,-0.24390244483947754,1.8902438879013062
1613180490026,2021-02-13T01:43:09.638Z,21.185,0,0.18292683362960815,2.378048896789551
1613180490065,2021-02-13T01:43:09.641Z,21.224,-0.8536585569381714,0.5487805008888245,2.378048896789551
1613180490105,2021-02-13T01:43:09.651Z,21.264,-0.4878048896789551,0.18292683362960815,2.2560975551605225
1613180490144,2021-02-13T01:43:09.654Z,21.303,-0.24390244483947754,0.5487805008888245,1.8902438879013062
1613180490184,2021-02-13T01:43:09.656Z,21.343,-0.4878048896789551,0.7317073345184326,1.5243902206420898
1613180490223,2021-02-13T01:43:09.667Z,21.382,-1.3414634466171265,0.9756097793579102,1.402438998222351
1613180490263,2021-02-13T01:43:09.669Z,21.422,-0.9146341681480408,0.3658536672592163,0.792682945728302
1613180490302,2021-02-13T01:43:09.672Z,21.461,-2.317073106765747,0.7317073345184326,0.7317073345184326
1613180490333,2021-02-13T01:43:09.683Z,21.492,-2.6219513416290283,0.6707317233085632,0.792682945728302
1613180490373,2021-02-13T01:43:09.685Z,21.532,-3.9024391174316406,0.4268292784690857,-1.2195122241973877
1613180490412,2021-02-13T01:43:09.687Z,21.571,-3.353658676147461,0,-2.1341464519500732
1613180490452,2021-02-13T01:43:09.698Z,21.611,-4.5731706619262695,0.6707317233085632,-1.3414634466171265
1613180490491,2021-02-13T01:43:09.727Z,21.65,-5.365853786468506,0.4268292784690857,-1.8292683362960815
1613180490531,2021-02-13T01:43:09.730Z,21.69,-5.304878234863281,0.060975611209869385,-1.4634146690368652
1613180490570,2021-02-13T01:43:09.732Z,21.729,-5.304878234863281,0.24390244483947754,0.12195122241973877
1613180490610,2021-02-13T01:43:09.743Z,21.769,-5.670732021331787,0.9146341681480408,0.24390244483947754
1613180490651,2021-02-13T01:43:09.745Z,21.81,-5.060975551605225,0.9146341681480408,0.5487805008888245
1613180490689,2021-02-13T01:43:09.756Z,21.848,-4.634146213531494,2.0731706619262695,1.2195122241973877
1613180490730,2021-02-13T01:43:09.758Z,21.889,-4.0853657722473145,2.6219513416290283,1.097561001777649
1613180490770,2021-02-13T01:43:09.760Z,21.929,-5.731707572937012,4.207317352294922,2.5609755516052246
1613180490809,2021-02-13T01:43:09.771Z,21.968,-4.695122241973877,6.341463565826416,2.804877996444702
1613180490849,2021-02-13T01:43:09.774Z,22.008,-5.060975551605225,7.682927131652832,2.2560975551605225
1613180490888,2021-02-13T01:43:09.776Z,22.047,-5.792683124542236,8.47560977935791,-0.8536585569381714
1613180490928,2021-02-13T01:43:09.787Z,22.087,-6.707317352294922,7.987804889678955,-3.2317073345184326
1613180490967,2021-02-13T01:43:09.789Z,22.126,-3.1097562313079834,7.195122241973877,-3.0487804412841797
1613180491007,2021-02-13T01:43:09.792Z,22.166,-1.4634146690368652,7.5,-3.2317073345184326
1613180491047,2021-02-13T01:43:09.803Z,22.206,-0.18292683362960815,7.317073345184326,-0.8536585569381714
1613180491086,2021-02-13T01:43:09.805Z,22.245,0.6707317233085632,6.890244007110596,-0.5487805008888245
1613180491127,2021-02-13T01:43:09.817Z,22.286,1.402438998222351,5.731707572937012,-1.097561001777649
1613180491165,2021-02-13T01:43:09.819Z,22.324,-0.4268292784690857,3.2926828861236572,-2.5
1613180491206,2021-02-13T01:43:09.821Z,22.365,-0.6707317233085632,3.2926828861236572,-0.12195122241973877
1613180491246,2021-02-13T01:43:09.832Z,22.405,-2.1341464519500732,2.5609755516052246,0.4268292784690857
1613180491285,2021-02-13T01:43:09.835Z,22.444,-2.012195110321045,0.4268292784690857,1.2804877758026123
1613180491325,2021-02-13T01:43:09.837Z,22.484,-2.4390244483947754,-0.24390244483947754,3.9024391174316406
1613180491364,2021-02-13T01:43:09.848Z,22.523,-2.5,2.195122003555298,6.7682929039001465
1613180491404,2021-02-13T01:43:09.850Z,22.563,-2.195122003555298,2.317073106765747,11.890244483947754
1613180491443,2021-02-13T01:43:09.861Z,22.602,-1.8292683362960815,0.12195122241973877,11.036585807800293
1613180491483,2021-02-13T01:43:09.863Z,22.642,-5,-1.8902438879013062,10.42682933807373
1613180491524,2021-02-13T01:43:09.865Z,22.683,-4.0853657722473145,-3.5365853309631348,12.5
1613180491562,2021-02-13T01:43:09.877Z,22.721,-2.7439024448394775,-6.280488014221191,13.536585807800293
1613180491603,2021-02-13T01:43:09.879Z,22.762,-3.7804877758026123,-7.9268293380737305,13.719512939453125
1613180491641,2021-02-13T01:43:09.881Z,22.8,-3.170731782913208,-10.54878044128418,8.963415145874023
1613180491682,2021-02-13T01:43:09.892Z,22.841,-5.243902683258057,-9.390244483947754,12.195121765136719
1613180491722,2021-02-13T01:43:09.894Z,22.881,-3.7195122241973877,-7.256097793579102,15.54878044128418
1613180491761,2021-02-13T01:43:09.897Z,22.92,0.792682945728302,-5,15.12195110321045
1613180491801,2021-02-13T01:43:09.908Z,22.96,-6.95121955871582,-0.12195122241973877,14.939024925231934
1613180491840,2021-02-13T01:43:09.911Z,22.999,1.5243902206420898,2.0731706619262695,8.719511985778809
1613180491880,2021-02-13T01:43:09.921Z,23.039,-2.4390244483947754,2.012195110321045,6.52439022064209
1613180491920,2021-02-13T01:43:09.924Z,23.079,-4.817073345184326,5.97560977935791,6.890244007110596
1613180491959,2021-02-13T01:43:09.926Z,23.118,-0.3658536672592163,11.829268455505371,9.695121765136719
1613180491999,2021-02-13T01:43:09.938Z,23.158,-6.158536911010742,10.487805366516113,8.47560977935791
1613180492038,2021-02-13T01:43:09.940Z,23.197,-1.1585365533828735,10.42682933807373,4.634146213531494
1613180492079,2021-02-13T01:43:09.951Z,23.238,-8.59756088256836,12.317073822021484,7.621951580047607
1613180492117,2021-02-13T01:43:09.953Z,23.276,-26.158536911010742,15,9.817073822021484
1613180492158,2021-02-13T01:43:09.955Z,23.317,-57.621952056884766,14.756097793579102,5.182927131652832
1613180492198,2021-02-13T01:43:09.966Z,23.357,7.987804889678955,0.24390244483947754,-23.292682647705078
1613180492237,2021-02-13T01:43:09.969Z,23.396,0.792682945728302,-4.756097793579102,-34.878047943115234
1613180492277,2021-02-13T01:43:09.971Z,23.436,1.3414634466171265,-24.93902587890625,-1.5243902206420898
1613180492317,2021-02-13T01:43:09.982Z,23.476,-1.8292683362960815,-14.45121955871582,4.512195110321045
1613180492356,2021-02-13T01:43:09.984Z,23.515,4.939024448394775,-3.9024391174316406,-9.268292427062988
1613180492396,2021-02-13T01:43:09.987Z,23.555,-8.109756469726562,3.841463565826416,-18.35365867614746
1613180492435,2021-02-13T01:43:09.998Z,23.594,-7.012195110321045,4.5731706619262695,-14.817073822021484
1613180492475,2021-02-13T01:43:10.000Z,23.634,-1.4634146690368652,5.304878234863281,-8.170731544494629
1613180492514,2021-02-13T01:43:10.002Z,23.673,-4.756097793579102,9.02439022064209,-9.085366249084473
1613180492555,2021-02-13T01:43:10.013Z,23.714,-3.2926828861236572,10.670731544494629,-6.7682929039001465
1613180492593,2021-02-13T01:43:10.015Z,23.752,-1.5243902206420898,10.731707572937012,-1.7682926654815674
1613180492634,2021-02-13T01:43:10.026Z,23.793,1.4634146690368652,11.341464042663574,4.756097793579102
1613180492674,2021-02-13T01:43:10.043Z,23.833,-0.6097561120986938,15.487805366516113,8.536585807800293
1613180492714,2021-02-13T01:43:10.045Z,23.873,-3.47560977935791,20.914634704589844,12.256097793579102
1613180492753,2021-02-13T01:43:10.056Z,23.912,-0.792682945728302,22.560976028442383,14.02439022064209
1613180492793,2021-02-13T01:43:10.058Z,23.952,1.8902438879013062,24.573171615600586,16.036584854125977
1613180492832,2021-02-13T01:43:10.062Z,23.991,7.317073345184326,23.719512939453125,19.817073822021484
1613180492872,2021-02-13T01:43:10.072Z,24.031,11.768293380737305,23.719512939453125,19.024391174316406
1613180492911,2021-02-13T01:43:10.074Z,24.07,17.2560977935791,23.780488967895508,19.329269409179688
1613180492951,2021-02-13T01:43:10.076Z,24.11,18.35365867614746,23.35365867614746,18.231708526611328
1613180492990,2021-02-13T01:43:10.088Z,24.149,19.329269409179688,23.475610733032227,15.609756469726562
1613180493031,2021-02-13T01:43:10.090Z,24.19,18.475610733032227,19.878049850463867,12.743903160095215
1613180493069,2021-02-13T01:43:10.092Z,24.228,13.719512939453125,18.780488967895508,10.304878234863281
1613180493110,2021-02-13T01:43:10.105Z,24.269,10.182927131652832,13.90243911743164,9.329268455505371
1613180493150,2021-02-13T01:43:10.106Z,24.309,4.512195110321045,12.07317066192627,6.707317352294922
1613180493190,2021-02-13T01:43:10.116Z,24.349,6.5853657722473145,5.792683124542236,3.9024391174316406
1613180493229,2021-02-13T01:43:10.118Z,24.388,2.682926893234253,0.6097561120986938,2.1341464519500732
1613180493269,2021-02-13T01:43:10.120Z,24.428,0.5487805008888245,-8.231707572937012,1.1585365533828735
1613180493308,2021-02-13T01:43:10.132Z,24.467,-5.121951103210449,-12.987805366516113,-0.060975611209869385
1613180493348,2021-02-13T01:43:10.134Z,24.507,-7.865853786468506,-17.560976028442383,2.1341464519500732
1613180493387,2021-02-13T01:43:10.136Z,24.546,-4.2682929039001465,-18.536584854125977,2.2560975551605225
1613180493428,2021-02-13T01:43:10.147Z,24.587,-8.90243911743164,-16.40243911743164,-0.5487805008888245
1613180493466,2021-02-13T01:43:10.150Z,24.625,-11.219511985778809,-17.5,-2.987804889678955
1613180493507,2021-02-13T01:43:10.152Z,24.666,-9.939024925231934,-21.524391174316406,-3.7804877758026123
1613180493546,2021-02-13T01:43:10.163Z,24.705,-8.04878044128418,-22.012195587158203,-3.0487804412841797
1613180493587,2021-02-13T01:43:10.165Z,24.746,-7.256097793579102,-22.80487823486328,-1.0365853309631348
1613180493626,2021-02-13T01:43:10.193Z,24.785,-4.817073345184326,-21.890243530273438,1.585365891456604
1613180493666,2021-02-13T01:43:10.195Z,24.825,-3.9024391174316406,-21.768293380737305,3.170731782913208
1613180493705,2021-02-13T01:43:10.207Z,24.864,-4.0853657722473145,-18.59756088256836,5.731707572937012
1613180493745,2021-02-13T01:43:10.209Z,24.904,2.804877996444702,-19.207317352294922,4.695122241973877
1613180493784,2021-02-13T01:43:10.211Z,24.943,-4.207317352294922,-16.829269409179688,6.829268455505371
1613180493824,2021-02-13T01:43:10.222Z,24.983,5.853658676147461,-15.182927131652832,8.90243911743164
1613180493863,2021-02-13T01:43:10.225Z,25.022,2.012195110321045,-5.97560977935791,9.329268455505371
1613180493904,2021-02-13T01:43:10.227Z,25.063,2.5609755516052246,2.6219513416290283,6.097560882568359
1613180493943,2021-02-13T01:43:10.238Z,25.102,3.5975611209869385,7.439024448394775,4.146341323852539
1613180493973,2021-02-13T01:43:10.239Z,25.132,4.2682929039001465,7.9268293380737305,4.695122241973877
1613180494013,2021-02-13T01:43:10.251Z,25.172,2.317073106765747,6.52439022064209,3.353658676147461
1613180494052,2021-02-13T01:43:10.268Z,25.211,-1.7073171138763428,3.4146342277526855,0.9146341681480408
1613180494092,2021-02-13T01:43:10.270Z,25.251,-2.195122003555298,-0.8536585569381714,-0.792682945728302
1613180494131,2021-02-13T01:43:10.272Z,25.29,-2.4390244483947754,-3.5975611209869385,-1.0365853309631348
1613180494171,2021-02-13T01:43:10.283Z,25.33,-1.0365853309631348,-3.5365853309631348,-0.18292683362960815
1613180494211,2021-02-13T01:43:10.285Z,25.37,1.7073171138763428,-2.865853786468506,0.9756097793579102
1613180494250,2021-02-13T01:43:10.298Z,25.409,3.0487804412841797,-0.5487805008888245,1.3414634466171265
1613180494291,2021-02-13T01:43:10.300Z,25.45,4.45121955871582,0.060975611209869385,1.1585365533828735
1613180494329,2021-02-13T01:43:10.311Z,25.488,5.121951103210449,0.18292683362960815,1.402438998222351
1613180494370,2021-02-13T01:43:10.313Z,25.529,5,0.3048780560493469,1.2195122241973877
1613180494410,2021-02-13T01:43:10.315Z,25.569,4.207317352294922,-0.12195122241973877,0.8536585569381714
1613180494449,2021-02-13T01:43:10.326Z,25.608,2.9268293380737305,-0.4878048896789551,0.9756097793579102
1613180494489,2021-02-13T01:43:10.329Z,25.648,2.865853786468506,-1.6463414430618286,1.9512195587158203
1613180494528,2021-02-13T01:43:10.331Z,25.687,4.512195110321045,-2.378048896789551,2.012195110321045
1613180494568,2021-02-13T01:43:10.342Z,25.727,4.0853657722473145,-1.7682926654815674,2.987804889678955
1613180494608,2021-02-13T01:43:10.344Z,25.767,4.939024448394775,-1.4634146690368652,3.841463565826416
1613180494647,2021-02-13T01:43:10.347Z,25.806,4.390244007110596,-0.18292683362960815,2.987804889678955
1613180494688,2021-02-13T01:43:10.358Z,25.847,3.47560977935791,1.1585365533828735,2.317073106765747
1613180494726,2021-02-13T01:43:10.360Z,25.885,6.036585330963135,1.9512195587158203,1.9512195587158203
1613180494767,2021-02-13T01:43:10.373Z,25.926,5.487804889678955,0.792682945728302,2.4390244483947754
1613180494805,2021-02-13T01:43:10.375Z,25.964,4.756097793579102,-0.12195122241973877,2.7439024448394775
1613180494846,2021-02-13T01:43:10.386Z,26.005,4.939024448394775,-0.792682945728302,1.097561001777649
1613180494886,2021-02-13T01:43:10.389Z,26.045,3.7195122241973877,-0.9146341681480408,1.2804877758026123
1613180494925,2021-02-13T01:43:10.390Z,26.084,0.9146341681480408,-0.12195122241973877,0.6707317233085632
1613180494965,2021-02-13T01:43:10.402Z,26.124,0.6097561120986938,0.9146341681480408,-0.12195122241973877
1613180495005,2021-02-13T01:43:10.404Z,26.164,0.6097561120986938,0.7317073345184326,0.18292683362960815
1613180495044,2021-02-13T01:43:10.407Z,26.203,1.2195122241973877,-0.24390244483947754,2.317073106765747
1613180495084,2021-02-13T01:43:10.418Z,26.243,0.060975611209869385,-0.3658536672592163,1.8902438879013062
1613180495123,2021-02-13T01:43:10.420Z,26.282,-1.402438998222351,-0.4268292784690857,0.9756097793579102
1613180495163,2021-02-13T01:43:10.422Z,26.322,-0.9756097793579102,-1.3414634466171265,0.12195122241973877
1613180495202,2021-02-13T01:43:10.433Z,26.361,-1.6463414430618286,-1.3414634466171265,-0.792682945728302
1613180495243,2021-02-13T01:43:10.435Z,26.402,-1.402438998222351,-1.585365891456604,-1.0365853309631348
1613180495283,2021-02-13T01:43:10.446Z,26.442,-0.7317073345184326,-1.7682926654815674,-0.24390244483947754
1613180495322,2021-02-13T01:43:10.448Z,26.481,-0.6097561120986938,-1.2804877758026123,0.3658536672592163
1613180495362,2021-02-13T01:43:10.450Z,26.521,-1.3414634466171265,-1.1585365533828735,0
1613180495402,2021-02-13T01:43:10.463Z,26.561,-0.7317073345184326,-1.5243902206420898,-0.3048780560493469
1613180495441,2021-02-13T01:43:10.465Z,26.6,0.4268292784690857,-0.6707317233085632,-0.4268292784690857
1613180495481,2021-02-13T01:43:10.467Z,26.64,0.4878048896789551,-0.6097561120986938,0.18292683362960815
1613180495520,2021-02-13T01:43:10.478Z,26.679,-0.060975611209869385,-1.1585365533828735,0.8536585569381714
1613180495560,2021-02-13T01:43:10.480Z,26.719,-1.4634146690368652,-1.6463414430618286,0.8536585569381714
1613180495599,2021-02-13T01:43:10.506Z,26.758,4.512195110321045,-5.487804889678955,3.5365853309631348
1613180495640,2021-02-13T01:43:10.508Z,26.799,-1.1585365533828735,-2.378048896789551,-0.060975611209869385
1613180495680,2021-02-13T01:43:10.510Z,26.839,-2.5609755516052246,1.585365891456604,0.12195122241973877
1613180495718,2021-02-13T01:43:10.522Z,26.877,0.24390244483947754,-0.12195122241973877,0.24390244483947754
1613180495759,2021-02-13T01:43:10.524Z,26.918,-0.5487805008888245,-1.5243902206420898,-0.060975611209869385
1613180495798,2021-02-13T01:43:10.526Z,26.957,-0.24390244483947754,-0.8536585569381714,0.4268292784690857
1613180495838,2021-02-13T01:43:10.537Z,26.997,-1.0365853309631348,0.12195122241973877,0.12195122241973877
1613180495878,2021-02-13T01:43:10.540Z,27.037,-0.9146341681480408,-0.6097561120986938,-0.24390244483947754
1613180495917,2021-02-13T01:43:10.542Z,27.076,0,-0.6707317233085632,-0.4878048896789551
1613180495957,2021-02-13T01:43:10.553Z,27.116,0.24390244483947754,-0.4268292784690857,-0.060975611209869385
1613180495996,2021-02-13T01:43:10.555Z,27.155,0.3658536672592163,-0.8536585569381714,0.6097561120986938
1613180496036,2021-02-13T01:43:10.566Z,27.195,0.18292683362960815,-1.097561001777649,1.4634146690368652
1613180496075,2021-02-13T01:43:10.568Z,27.234,-0.6097561120986938,-1.2804877758026123,2.012195110321045
1613180496115,2021-02-13T01:43:10.570Z,27.274,-1.6463414430618286,-1.097561001777649,1.402438998222351
1613180496154,2021-02-13T01:43:10.581Z,27.313,-1.8902438879013062,-1.4634146690368652,1.7682926654815674
1613180496195,2021-02-13T01:43:10.598Z,27.354,-1.6463414430618286,-1.1585365533828735,1.7682926654815674
1613180496235,2021-02-13T01:43:10.601Z,27.394,-1.585365891456604,-0.9146341681480408,1.6463414430618286
1613180496275,2021-02-13T01:43:10.611Z,27.434,-1.1585365533828735,-0.7317073345184326,1.6463414430618286
1613180496314,2021-02-13T01:43:10.613Z,27.473,-2.317073106765747,-0.5487805008888245,0.6707317233085632
1613180496354,2021-02-13T01:43:10.626Z,27.513,-2.9268293380737305,-0.9146341681480408,0.060975611209869385
1613180496393,2021-02-13T01:43:10.628Z,27.552,-2.987804889678955,-0.8536585569381714,0.18292683362960815
1613180496433,2021-02-13T01:43:10.630Z,27.592,-3.1097562313079834,-0.7317073345184326,0.8536585569381714
1613180496472,2021-02-13T01:43:10.641Z,27.631,-2.987804889678955,-0.6097561120986938,1.5243902206420898
1613180496512,2021-02-13T01:43:10.644Z,27.671,-2.987804889678955,-0.3658536672592163,2.012195110321045
1613180496551,2021-02-13T01:43:10.646Z,27.71,-1.9512195587158203,-0.6097561120986938,2.804877996444702
1613180496592,2021-02-13T01:43:10.657Z,27.751,-1.4634146690368652,-0.18292683362960815,2.987804889678955
1613180496631,2021-02-13T01:43:10.659Z,27.79,-1.1585365533828735,0.12195122241973877,2.195122003555298
1613180496672,2021-02-13T01:43:10.671Z,27.831,-0.7317073345184326,-0.12195122241973877,1.8902438879013062
1613180496711,2021-02-13T01:43:10.702Z,27.87,-0.792682945728302,-0.18292683362960815,1.585365891456604
1613180496751,2021-02-13T01:43:10.704Z,27.91,-0.6707317233085632,0.12195122241973877,1.8292683362960815
1613180496790,2021-02-13T01:43:10.707Z,27.949,-0.5487805008888245,0.12195122241973877,1.7682926654815674
1613180496830,2021-02-13T01:43:10.718Z,27.989,-1.4634146690368652,-0.3048780560493469,2.195122003555298
1613180496869,2021-02-13T01:43:10.720Z,28.028,-0.6097561120986938,-1.1585365533828735,2.317073106765747
1613180496909,2021-02-13T01:43:10.731Z,28.068,0.6707317233085632,-1.2804877758026123,1.0365853309631348
1613180496948,2021-02-13T01:43:10.733Z,28.107,1.097561001777649,-1.0365853309631348,0.8536585569381714
1613180496988,2021-02-13T01:43:10.735Z,28.147,1.2195122241973877,-0.792682945728302,-0.24390244483947754
1613180497027,2021-02-13T01:43:10.747Z,28.186,-0.060975611209869385,-0.4268292784690857,-1.5243902206420898
1613180497068,2021-02-13T01:43:10.749Z,28.227,-1.1585365533828735,-0.3048780560493469,-1.8902438879013062
1613180497107,2021-02-13T01:43:10.751Z,28.266,-1.9512195587158203,0,-2.1341464519500732
1613180497148,2021-02-13T01:43:10.762Z,28.307,-2.0731706619262695,0.18292683362960815,-0.3658536672592163
1613180497187,2021-02-13T01:43:10.765Z,28.346,-1.9512195587158203,0.12195122241973877,0.12195122241973877
1613180497227,2021-02-13T01:43:10.767Z,28.386,-1.4634146690368652,0.6707317233085632,0.8536585569381714
1613180497266,2021-02-13T01:43:10.778Z,28.425,-1.3414634466171265,0.3048780560493469,1.3414634466171265
1613180497306,2021-02-13T01:43:10.780Z,28.465,-1.5243902206420898,-0.3658536672592163,0.12195122241973877
1613180497345,2021-02-13T01:43:10.791Z,28.504,-1.6463414430618286,-1.0365853309631348,-1.097561001777649
1613180497385,2021-02-13T01:43:10.793Z,28.544,-1.0365853309631348,-1.4634146690368652,-1.7073171138763428
1613180497424,2021-02-13T01:43:10.795Z,28.583,-0.4878048896789551,-1.4634146690368652,-1.7073171138763428
1613180497465,2021-02-13T01:43:10.806Z,28.624,-0.24390244483947754,-1.2195122241973877,-1.6463414430618286
1613180497504,2021-02-13T01:43:10.823Z,28.663,0.060975611209869385,-0.9756097793579102,-1.5243902206420898
1613180497545,2021-02-13T01:43:10.826Z,28.704,-0.6707317233085632,-0.3658536672592163,-1.097561001777649
1613180497583,2021-02-13T01:43:10.836Z,28.742,-1.7073171138763428,-0.3048780560493469,-0.3658536672592163
1613180497622,2021-02-13T01:43:10.838Z,28.781,-2.5,-0.6097561120986938,0
1613180497663,2021-02-13T01:43:10.842Z,28.822,-1.8902438879013062,-1.4634146690368652,1.9512195587158203
1613180497693,2021-02-13T01:43:10.853Z,28.852,-0.12195122241973877,-2.1341464519500732,2.012195110321045
1613180497732,2021-02-13T01:43:10.855Z,28.891,1.2195122241973877,-3.2926828861236572,2.9268293380737305
1613180497772,2021-02-13T01:43:10.857Z,28.931,1.9512195587158203,-3.9024391174316406,3.2926828861236572
1613180497811,2021-02-13T01:43:10.868Z,28.97,2.5,-4.207317352294922,2.5
1613180497852,2021-02-13T01:43:10.871Z,29.011,1.7073171138763428,-3.4146342277526855,2.012195110321045
1613180497890,2021-02-13T01:43:10.881Z,29.049,1.1585365533828735,-2.682926893234253,-0.18292683362960815
1613180497931,2021-02-13T01:43:10.883Z,29.09,2.4390244483947754,-2.6219513416290283,-1.6463414430618286
1613180497971,2021-02-13T01:43:10.886Z,29.13,1.097561001777649,-1.9512195587158203,-1.7073171138763428
1613180498010,2021-02-13T01:43:10.897Z,29.169,0.9146341681480408,-1.402438998222351,-1.8902438879013062
1613180498050,2021-02-13T01:43:10.899Z,29.209,-1.0365853309631348,-1.402438998222351,-1.8292683362960815
1613180498089,2021-02-13T01:43:10.901Z,29.248,-0.060975611209869385,-0.6097561120986938,-2.7439024448394775
1613180498129,2021-02-13T01:43:10.913Z,29.288,-1.2804877758026123,-0.5487805008888245,-3.0487804412841797
1613180498169,2021-02-13T01:43:10.915Z,29.328,-1.1585365533828735,-0.7317073345184326,-3.7804877758026123
1613180498208,2021-02-13T01:43:10.927Z,29.367,-2.317073106765747,-0.3048780560493469,-4.329268455505371
1613180498248,2021-02-13T01:43:10.929Z,29.407,-2.4390244483947754,-0.4268292784690857,-4.2682929039001465
1613180498287,2021-02-13T01:43:10.932Z,29.446,-3.2317073345184326,-0.6707317233085632,-4.02439022064209
1613180498328,2021-02-13T01:43:10.943Z,29.487,-3.47560977935791,-0.5487805008888245,-4.329268455505371
1613180498366,2021-02-13T01:43:10.945Z,29.525,-4.207317352294922,-0.792682945728302,-3.9024391174316406
1613180498407,2021-02-13T01:43:10.947Z,29.566,-3.658536672592163,-1.2195122241973877,-3.2317073345184326
1613180498447,2021-02-13T01:43:10.958Z,29.606,-5.4268293380737305,-1.1585365533828735,-2.4390244483947754
1613180498486,2021-02-13T01:43:10.960Z,29.645,-5.9146342277526855,-0.9756097793579102,-2.317073106765747
1613180498526,2021-02-13T01:43:10.971Z,29.685,-6.52439022064209,-1.7682926654815674,-2.378048896789551
1613180498566,2021-02-13T01:43:10.973Z,29.725,-5,-3.7195122241973877,-3.1097562313079834
1613180498605,2021-02-13T01:43:10.976Z,29.764,-7.012195110321045,-3.7195122241973877,-4.695122241973877
1613180498645,2021-02-13T01:43:10.987Z,29.804,-8.658536911010742,-4.45121955871582,-5.304878234863281
1613180498684,2021-02-13T01:43:10.989Z,29.843,-9.085366249084473,-3.7804877758026123,-5.97560977935791
1613180498725,2021-02-13T01:43:10.991Z,29.884,-5.4268293380737305,-4.512195110321045,-5.9146342277526855
1613180498763,2021-02-13T01:43:11.003Z,29.922,-6.341463565826416,-4.45121955871582,-5.853658676147461
1613180498804,2021-02-13T01:43:11.005Z,29.963,-6.7682929039001465,-5.243902683258057,-6.829268455505371
1613180498842,2021-02-13T01:43:11.007Z,30.001,-4.45121955871582,-5.487804889678955,-7.195122241973877
1613180498883,2021-02-13T01:43:11.018Z,30.042,-3.9634146690368652,-5.060975551605225,-5.9146342277526855
1613180498923,2021-02-13T01:43:11.020Z,30.082,-2.7439024448394775,-5.4268293380737305,-4.146341323852539
1613180498963,2021-02-13T01:43:11.031Z,30.122,-0.4268292784690857,-5.792683124542236,-3.353658676147461
1613180499002,2021-02-13T01:43:11.033Z,30.161,-0.9146341681480408,-6.402439117431641,-3.841463565826416
1613180499042,2021-02-13T01:43:11.035Z,30.201,-0.9756097793579102,-6.158536911010742,-2.5609755516052246
1613180499081,2021-02-13T01:43:11.047Z,30.24,-2.2560975551605225,-5.121951103210449,-1.8292683362960815
1613180499121,2021-02-13T01:43:11.049Z,30.28,-0.6707317233085632,-4.146341323852539,-0.9756097793579102
1613180499160,2021-02-13T01:43:11.051Z,30.319,-2.195122003555298,-3.0487804412841797,-1.402438998222351
1613180499200,2021-02-13T01:43:11.063Z,30.359,-2.0731706619262695,-1.8902438879013062,-1.7073171138763428
1613180499239,2021-02-13T01:43:11.065Z,30.398,-0.060975611209869385,-1.585365891456604,-2.012195110321045
1613180499280,2021-02-13T01:43:11.067Z,30.439,-1.9512195587158203,-0.9146341681480408,-1.8902438879013062
1613180499318,2021-02-13T01:43:11.078Z,30.477,-0.9756097793579102,-0.4878048896789551,-2.5609755516052246
1613180499360,2021-02-13T01:43:11.080Z,30.519,-1.0365853309631348,-0.4268292784690857,-3.2317073345184326
1613180499399,2021-02-13T01:43:11.091Z,30.558,-0.060975611209869385,-0.24390244483947754,-1.9512195587158203
1613180499439,2021-02-13T01:43:11.093Z,30.598,0.7317073345184326,0.24390244483947754,-1.097561001777649
1613180499478,2021-02-13T01:43:11.096Z,30.637,0.060975611209869385,1.0365853309631348,-0.18292683362960815
1613180499518,2021-02-13T01:43:11.107Z,30.677,-0.18292683362960815,1.2804877758026123,0.18292683362960815
1613180499557,2021-02-13T01:43:11.109Z,30.716,-0.12195122241973877,1.3414634466171265,0.12195122241973877
1613180499597,2021-02-13T01:43:11.111Z,30.756,-0.792682945728302,1.097561001777649,0.12195122241973877
1613180499636,2021-02-13T01:43:11.123Z,30.795,0.24390244483947754,0.18292683362960815,0.8536585569381714
1613180499676,2021-02-13T01:43:11.125Z,30.835,0.7317073345184326,0,1.4634146690368652
1613180499715,2021-02-13T01:43:11.127Z,30.874,0.5487805008888245,-0.4268292784690857,2.2560975551605225
1613180499756,2021-02-13T01:43:11.152Z,30.915,0.7317073345184326,-0.5487805008888245,2.5609755516052246
1613180499795,2021-02-13T01:43:11.154Z,30.954,0.4878048896789551,-0.6707317233085632,2.6219513416290283
1613180499836,2021-02-13T01:43:11.183Z,30.995,0.6707317233085632,-0.24390244483947754,2.378048896789551
1613180499875,2021-02-13T01:43:11.185Z,31.034,1.0365853309631348,0.18292683362960815,2.0731706619262695
1613180499915,2021-02-13T01:43:11.197Z,31.074,0.9756097793579102,1.0365853309631348,1.7073171138763428
1613180499954,2021-02-13T01:43:11.199Z,31.113,1.0365853309631348,0.9756097793579102,1.8292683362960815
1613180499994,2021-02-13T01:43:11.201Z,31.153,0.3048780560493469,1.2195122241973877,2.012195110321045
1613180500033,2021-02-13T01:43:11.213Z,31.192,1.1585365533828735,0.6707317233085632,2.378048896789551
1613180500073,2021-02-13T01:43:11.215Z,31.232,1.5243902206420898,1.097561001777649,2.804877996444702
1613180500112,2021-02-13T01:43:11.217Z,31.271,1.5243902206420898,0.9756097793579102,2.804877996444702
1613180500152,2021-02-13T01:43:11.228Z,31.311,1.2804877758026123,0.792682945728302,2.7439024448394775
1613180500192,2021-02-13T01:43:11.230Z,31.351,1.2804877758026123,0.6707317233085632,1.7682926654815674
1613180500233,2021-02-13T01:43:11.241Z,31.392,2.1341464519500732,0.7317073345184326,1.097561001777649
1613180500271,2021-02-13T01:43:11.243Z,31.43,1.402438998222351,0.060975611209869385,0.6097561120986938
1613180500310,2021-02-13T01:43:11.245Z,31.469,0.3658536672592163,0.4878048896789551,0.060975611209869385
1613180500351,2021-02-13T01:43:11.256Z,31.51,-0.060975611209869385,0.5487805008888245,-0.060975611209869385
1613180500391,2021-02-13T01:43:11.259Z,31.55,-0.12195122241973877,0.5487805008888245,0.6707317233085632
1613180500430,2021-02-13T01:43:11.261Z,31.589,-0.4878048896789551,0,0.5487805008888245
1613180500470,2021-02-13T01:43:11.272Z,31.629,-1.3414634466171265,0,0.12195122241973877
1613180500509,2021-02-13T01:43:11.274Z,31.668,-1.4634146690368652,-0.060975611209869385,0.3048780560493469
1613180500549,2021-02-13T01:43:11.277Z,31.708,-1.0365853309631348,-0.5487805008888245,0.792682945728302
1613180500589,2021-02-13T01:43:11.288Z,31.748,-1.8292683362960815,-0.4878048896789551,0.4268292784690857
1613180500630,2021-02-13T01:43:11.290Z,31.789,-2.012195110321045,0.060975611209869385,0.12195122241973877
1613180500668,2021-02-13T01:43:11.292Z,31.827,-1.0365853309631348,0.060975611209869385,0.24390244483947754
1613180500707,2021-02-13T01:43:11.303Z,31.866,-0.6707317233085632,-0.3658536672592163,0.18292683362960815
1613180500747,2021-02-13T01:43:11.305Z,31.906,-0.24390244483947754,-0.12195122241973877,0.18292683362960815
1613180500786,2021-02-13T01:43:11.316Z,31.945,-0.3048780560493469,0.24390244483947754,0
1613180500827,2021-02-13T01:43:11.318Z,31.986,-0.12195122241973877,0.5487805008888245,-0.060975611209869385
1613180500867,2021-02-13T01:43:11.321Z,32.026,0.060975611209869385,0.5487805008888245,-0.060975611209869385
1613180500906,2021-02-13T01:43:11.332Z,32.065,-0.8536585569381714,0.6707317233085632,0.060975611209869385
1613180500946,2021-02-13T01:43:11.334Z,32.105,-0.5487805008888245,0.5487805008888245,0.9146341681480408
1613180500985,2021-02-13T01:43:11.336Z,32.144,-0.9756097793579102,0.4268292784690857,0.12195122241973877
1613180501025,2021-02-13T01:43:11.348Z,32.184,-0.792682945728302,-0.060975611209869385,-0.12195122241973877
1613180501065,2021-02-13T01:43:11.350Z,32.224,-0.6097561120986938,-0.24390244483947754,-0.060975611209869385
1613180501104,2021-02-13T01:43:11.352Z,32.263,-0.9756097793579102,-0.6097561120986938,0.18292683362960815
1613180501144,2021-02-13T01:43:11.378Z,32.303,-1.1585365533828735,-0.5487805008888245,0.12195122241973877
1613180501185,2021-02-13T01:43:11.380Z,32.344,-1.585365891456604,-0.6097561120986938,0.12195122241973877
1613180501223,2021-02-13T01:43:11.382Z,32.382,-1.9512195587158203,-0.18292683362960815,0.18292683362960815
1613180501262,2021-02-13T01:43:11.393Z,32.421,-1.8292683362960815,-0.7317073345184326,0.24390244483947754
1613180501303,2021-02-13T01:43:11.398Z,32.462,-1.4634146690368652,-0.5487805008888245,0.4878048896789551
1613180501343,2021-02-13T01:43:11.408Z,32.502,-1.4634146690368652,-0.18292683362960815,0.4268292784690857
1613180501382,2021-02-13T01:43:11.410Z,32.541,-1.0365853309631348,-0.24390244483947754,0.4268292784690857
1613180501422,2021-02-13T01:43:11.412Z,32.581,-0.8536585569381714,-0.4268292784690857,0.18292683362960815
1613180501462,2021-02-13T01:43:11.423Z,32.621,-0.9756097793579102,-0.18292683362960815,0.24390244483947754
1613180501501,2021-02-13T01:43:11.426Z,32.66,-0.5487805008888245,-0.3048780560493469,0.5487805008888245
1613180501541,2021-02-13T01:43:11.436Z,32.7,-0.24390244483947754,-0.24390244483947754,0.4268292784690857
1613180501580,2021-02-13T01:43:11.438Z,32.739,-0.12195122241973877,-0.4878048896789551,0.4878048896789551
1613180501620,2021-02-13T01:43:11.441Z,32.779,-0.060975611209869385,-0.6097561120986938,0.5487805008888245
1613180501659,2021-02-13T01:43:11.452Z,32.818,-0.4268292784690857,-0.6097561120986938,0.5487805008888245
1613180501699,2021-02-13T01:43:11.454Z,32.858,-0.3658536672592163,-0.6097561120986938,0.7317073345184326
1613180501740,2021-02-13T01:43:11.456Z,32.899,-0.792682945728302,-0.5487805008888245,0.6707317233085632
1613180501779,2021-02-13T01:43:11.468Z,32.938,0.060975611209869385,-0.3048780560493469,1.3414634466171265
1613180501819,2021-02-13T01:43:11.470Z,32.978,-1.0365853309631348,-0.18292683362960815,0.3658536672592163
1613180501859,2021-02-13T01:43:11.482Z,33.018,0,-0.3048780560493469,0.060975611209869385
1613180501898,2021-02-13T01:43:11.484Z,33.057,-0.12195122241973877,-0.3048780560493469,0.3658536672592163
1613180501938,2021-02-13T01:43:11.487Z,33.097,-0.5487805008888245,-0.3658536672592163,0.4878048896789551
1613180501977,2021-02-13T01:43:11.498Z,33.136,-0.6707317233085632,-0.3048780560493469,0.24390244483947754
1613180502017,2021-02-13T01:43:11.500Z,33.176,-0.8536585569381714,-0.4878048896789551,0.4878048896789551
1613180502056,2021-02-13T01:43:11.502Z,33.215,-0.7317073345184326,-0.5487805008888245,0.5487805008888245
1613180502096,2021-02-13T01:43:11.513Z,33.255,-0.9756097793579102,-0.9146341681480408,0.18292683362960815
1613180502135,2021-02-13T01:43:11.515Z,33.294,-0.792682945728302,-0.9146341681480408,0.24390244483947754
1613180502175,2021-02-13T01:43:11.526Z,33.334,-0.6707317233085632,-0.792682945728302,0.060975611209869385
1613180502214,2021-02-13T01:43:11.528Z,33.373,-0.8536585569381714,-0.7317073345184326,0.12195122241973877
1613180502256,2021-02-13T01:43:11.532Z,33.415,-0.6097561120986938,-0.6097561120986938,0
1613180502295,2021-02-13T01:43:11.543Z,33.454,-0.4268292784690857,-0.6707317233085632,0.3048780560493469
1613180502335,2021-02-13T01:43:11.545Z,33.494,-0.4878048896789551,-0.4878048896789551,0.3048780560493469
1613180502374,2021-02-13T01:43:11.547Z,33.533,-0.5487805008888245,-0.12195122241973877,0.4268292784690857
1613180502414,2021-02-13T01:43:11.558Z,33.573,0,-0.3048780560493469,0.5487805008888245
1613180502453,2021-02-13T01:43:11.560Z,33.612,0.12195122241973877,-0.5487805008888245,0.060975611209869385
1613180502493,2021-02-13T01:43:11.571Z,33.652,0,-0.5487805008888245,0
1613180502532,2021-02-13T01:43:11.573Z,33.691,0.18292683362960815,-0.4878048896789551,0
1613180502572,2021-02-13T01:43:11.578Z,33.731,-0.3048780560493469,0.060975611209869385,0.5487805008888245
1613180502611,2021-02-13T01:43:11.589Z,33.77,0.24390244483947754,0.4878048896789551,1.8902438879013062
1613180502651,2021-02-13T01:43:11.590Z,33.81,-0.9756097793579102,0.4878048896789551,0.8536585569381714
1613180502691,2021-02-13T01:43:11.591Z,33.85,-0.4268292784690857,0.4268292784690857,0.792682945728302
1613180502732,2021-02-13T01:43:11.603Z,33.891,-0.24390244483947754,0.24390244483947754,0.6707317233085632
1613180502771,2021-02-13T01:43:11.605Z,33.93,-0.12195122241973877,-0.3048780560493469,0.9756097793579102
1613180502811,2021-02-13T01:43:11.607Z,33.97,-0.18292683362960815,-0.6097561120986938,0.6707317233085632
1613180502850,2021-02-13T01:43:11.618Z,34.009,-0.4878048896789551,-0.6707317233085632,0.060975611209869385
1613180502890,2021-02-13T01:43:11.620Z,34.049,-0.6707317233085632,-0.12195122241973877,1.097561001777649
1613180502919,2021-02-13T01:43:11.622Z,34.078,-1.5243902206420898,0.8536585569381714,1.097561001777649
1613180502959,2021-02-13T01:43:11.664Z,34.118,-2.195122003555298,1.8902438879013062,0.6707317233085632
1613180503000,2021-02-13T01:43:11.666Z,34.159,-3.1097562313079834,4.695122241973877,-0.792682945728302
1613180503038,2021-02-13T01:43:11.677Z,34.197,-4.512195110321045,7.439024448394775,-3.170731782913208
1613180503079,2021-02-13T01:43:11.679Z,34.238,-4.695122241973877,10.42682933807373,-3.4146342277526855
1613180503118,2021-02-13T01:43:11.682Z,34.277,-5.97560977935791,13.90243911743164,-6.5853657722473145
1613180503158,2021-02-13T01:43:11.707Z,34.317,-9.02439022064209,16.95121955871582,-11.341464042663574
1613180503197,2021-02-13T01:43:11.709Z,34.356,-10.54878044128418,19.024391174316406,-9.390244483947754
1613180503237,2021-02-13T01:43:11.710Z,34.396,-8.231707572937012,21.890243530273438,-13.536585807800293
1613180503277,2021-02-13T01:43:11.722Z,34.436,-11.158536911010742,22.560976028442383,-15.97560977935791
1613180503316,2021-02-13T01:43:11.724Z,34.475,-6.646341800689697,22.7439022064209,-16.524391174316406
1613180503356,2021-02-13T01:43:11.737Z,34.515,-8.292682647705078,23.719512939453125,-17.987804412841797
1613180503395,2021-02-13T01:43:11.740Z,34.554,-9.390244483947754,27.317073822021484,-17.80487823486328
1613180503435,2021-02-13T01:43:11.742Z,34.594,-10.609756469726562,26.95121955871582,-19.817073822021484
1613180503476,2021-02-13T01:43:11.753Z,34.635,-9.207317352294922,22.621952056884766,-20.426830291748047
1613180503514,2021-02-13T01:43:11.755Z,34.673,-16.829269409179688,23.90243911743164,-31.768293380737305
1613180503555,2021-02-13T01:43:11.766Z,34.714,-15.243903160095215,20.121952056884766,-32.43902587890625
1613180503594,2021-02-13T01:43:11.768Z,34.753,-11.52439022064209,22.5,-36.95122146606445
1613180503634,2021-02-13T01:43:11.770Z,34.793,-15.731707572937012,19.14634132385254,-32.256099700927734
1613180503673,2021-02-13T01:43:11.781Z,34.832,-18.658536911010742,15.12195110321045,-33.29268264770508
1613180503713,2021-02-13T01:43:11.784Z,34.872,-18.841463088989258,8.353658676147461,-26.524391174316406
1613180503753,2021-02-13T01:43:11.786Z,34.912,-16.768293380737305,8.536585807800293,-18.658536911010742
1613180503792,2021-02-13T01:43:11.797Z,34.951,-22.5,7.743902683258057,-16.95121955871582
1613180503832,2021-02-13T01:43:11.799Z,34.991,-26.40243911743164,6.219512462615967,-13.292683601379395
1613180503871,2021-02-13T01:43:11.802Z,35.03,-17.317073822021484,5.304878234863281,-7.439024448394775
1613180503911,2021-02-13T01:43:11.813Z,35.07,-14.02439022064209,2.804877996444702,-6.707317352294922
1613180503952,2021-02-13T01:43:11.815Z,35.111,-21.40243911743164,5.670732021331787,-11.158536911010742
1613180503990,2021-02-13T01:43:11.819Z,35.149,-21.768293380737305,1.3414634466171265,-13.658536911010742
1613180504031,2021-02-13T01:43:11.828Z,35.19,-15.97560977935791,0.9756097793579102,-12.5
1613180504070,2021-02-13T01:43:11.830Z,35.229,-16.40243911743164,0.18292683362960815,-11.646341323852539
1613180504110,2021-02-13T01:43:11.841Z,35.269,-19.329269409179688,-0.6097561120986938,-12.92682933807373
1613180504150,2021-02-13T01:43:11.843Z,35.309,-8.963415145874023,0.060975611209869385,-8.59756088256836
1613180504189,2021-02-13T01:43:11.846Z,35.348,-6.95121955871582,-0.060975611209869385,-5.792683124542236
1613180504229,2021-02-13T01:43:11.857Z,35.388,-9.085366249084473,-4.939024448394775,-0.24390244483947754
1613180504268,2021-02-13T01:43:11.859Z,35.427,-4.0853657722473145,-5.243902683258057,3.7804877758026123
1613180504308,2021-02-13T01:43:11.861Z,35.467,2.012195110321045,-7.987804889678955,7.256097793579102
1613180504347,2021-02-13T01:43:11.873Z,35.506,-4.329268455505371,-10.54878044128418,8.536585807800293
1613180504387,2021-02-13T01:43:11.875Z,35.546,0,-14.939024925231934,10.487805366516113
1613180504428,2021-02-13T01:43:11.877Z,35.587,3.5365853309631348,-18.475610733032227,14.57317066192627
1613180504467,2021-02-13T01:43:11.888Z,35.626,7.743902683258057,-21.768293380737305,17.926830291748047
1613180504507,2021-02-13T01:43:11.891Z,35.666,12.195121765136719,-25.121952056884766,15.42682933807373
1613180504547,2021-02-13T01:43:11.902Z,35.706,14.02439022064209,-24.512195587158203,16.40243911743164
1613180504586,2021-02-13T01:43:11.903Z,35.745,17.317073822021484,-26.158536911010742,14.390244483947754
1613180504626,2021-02-13T01:43:11.906Z,35.785,21.219512939453125,-30,12.804878234863281
1613180504665,2021-02-13T01:43:11.917Z,35.824,23.53658676147461,-30.914634704589844,12.743903160095215
1613180504705,2021-02-13T01:43:11.933Z,35.864,22.560976028442383,-32.317073822021484,11.219511985778809
1613180504744,2021-02-13T01:43:11.935Z,35.903,19.63414764404297,-32.5,10.670731544494629
1613180504784,2021-02-13T01:43:11.937Z,35.943,23.35365867614746,-29.7560977935791,9.329268455505371
1613180504823,2021-02-13T01:43:11.948Z,35.982,21.829269409179688,-28.90243911743164,9.45121955871582
1613180504863,2021-02-13T01:43:11.961Z,36.022,20.2439022064209,-27.926830291748047,8.719511985778809
1613180504904,2021-02-13T01:43:11.963Z,36.063,17.012195587158203,-24.69512176513672,5.487804889678955
1613180504942,2021-02-13T01:43:11.965Z,36.101,17.5,-22.439023971557617,4.817073345184326
1613180504973,2021-02-13T01:43:11.977Z,36.132,12.62195110321045,-20.731708526611328,3.2317073345184326
1613180505012,2021-02-13T01:43:11.979Z,36.171,21.40243911743164,-18.59756088256836,4.02439022064209
1613180505052,2021-02-13T01:43:11.981Z,36.211,22.865854263305664,-16.036584854125977,3.47560977935791
1613180505091,2021-02-13T01:43:11.992Z,36.25,21.768293380737305,-12.804878234863281,0.8536585569381714
1613180505131,2021-02-13T01:43:11.995Z,36.29,21.158536911010742,-9.87804889678955,-0.7317073345184326
1613180505171,2021-02-13T01:43:11.997Z,36.33,20.2439022064209,-8.04878044128418,-1.3414634466171265
1613180505212,2021-02-13T01:43:12.008Z,36.371,18.658536911010742,-7.682927131652832,-1.7682926654815674
1613180505250,2021-02-13T01:43:12.010Z,36.409,16.95121955871582,-7.0731706619262695,-2.9268293380737305
1613180505291,2021-02-13T01:43:12.021Z,36.45,15.853658676147461,-5.670732021331787,-2.804877996444702
1613180505330,2021-02-13T01:43:12.023Z,36.489,15,-3.4146342277526855,-1.8292683362960815
1613180505370,2021-02-13T01:43:12.025Z,36.529,11.463415145874023,-1.4634146690368652,-2.987804889678955
1613180505409,2021-02-13T01:43:12.051Z,36.568,8.963415145874023,-2.012195110321045,-4.5731706619262695
1613180505449,2021-02-13T01:43:12.054Z,36.608,5.4268293380737305,-2.012195110321045,-6.646341800689697
1613180505488,2021-02-13T01:43:12.056Z,36.647,3.9634146690368652,-3.0487804412841797,-8.170731544494629
1613180505528,2021-02-13T01:43:12.067Z,36.687,4.695122241973877,-3.4146342277526855,-8.414634704589844
1613180505568,2021-02-13T01:43:12.069Z,36.727,3.353658676147461,-2.5609755516052246,-7.865853786468506
1613180505607,2021-02-13T01:43:12.072Z,36.766,2.987804889678955,-1.4634146690368652,-5.670732021331787
1613180505647,2021-02-13T01:43:12.083Z,36.806,2.7439024448394775,-1.7073171138763428,-4.817073345184326
1613180505688,2021-02-13T01:43:12.085Z,36.847,2.9268293380737305,-2.5609755516052246,-4.329268455505371
1613180505726,2021-02-13T01:43:12.096Z,36.885,2.0731706619262695,-3.7804877758026123,-3.170731782913208
1613180505767,2021-02-13T01:43:12.098Z,36.926,3.2317073345184326,-5,-1.4634146690368652
1613180505806,2021-02-13T01:43:12.101Z,36.965,4.45121955871582,-4.939024448394775,0.24390244483947754
1613180505846,2021-02-13T01:43:12.111Z,37.005,4.878048896789551,-3.841463565826416,2.6219513416290283
1613180505885,2021-02-13T01:43:12.114Z,37.044,4.207317352294922,-2.5,3.1097562313079834
1613180505925,2021-02-13T01:43:12.116Z,37.084,3.841463565826416,-2.0731706619262695,2.5609755516052246
1613180505964,2021-02-13T01:43:12.127Z,37.123,3.9024391174316406,-2.865853786468506,2.1341464519500732
1613180506004,2021-02-13T01:43:12.129Z,37.163,3.47560977935791,-3.353658676147461,2.317073106765747
1613180506044,2021-02-13T01:43:12.157Z,37.203,2.804877996444702,-1.8902438879013062,1.8902438879013062
1613180506083,2021-02-13T01:43:12.160Z,37.242,1.7682926654815674,-0.4878048896789551,1.585365891456604
1613180506123,2021-02-13T01:43:12.171Z,37.282,1.7682926654815674,0.3658536672592163,3.47560977935791
1613180506164,2021-02-13T01:43:12.173Z,37.323,1.585365891456604,0.6097561120986938,4.2682929039001465
1613180506202,2021-02-13T01:43:12.176Z,37.361,2.4390244483947754,1.2195122241973877,4.878048896789551
1613180506243,2021-02-13T01:43:12.186Z,37.402,2.5,1.402438998222351,3.7195122241973877
1613180506282,2021-02-13T01:43:12.189Z,37.441,1.6463414430618286,1.402438998222351,4.207317352294922
1613180506322,2021-02-13T01:43:12.191Z,37.481,0.7317073345184326,0.4268292784690857,4.695122241973877
1613180506361,2021-02-13T01:43:12.202Z,37.52,0.5487805008888245,-0.9756097793579102,4.390244007110596
1613180506401,2021-02-13T01:43:12.204Z,37.56,0.3048780560493469,-0.792682945728302,3.7804877758026123
1613180506441,2021-02-13T01:43:12.207Z,37.6,0.4878048896789551,-0.5487805008888245,2.987804889678955
1613180506480,2021-02-13T01:43:12.218Z,37.639,0.792682945728302,-0.8536585569381714,1.9512195587158203
1613180506520,2021-02-13T01:43:12.220Z,37.679,-0.6097561120986938,0.24390244483947754,-0.7317073345184326
1613180506559,2021-02-13T01:43:12.222Z,37.718,-2.804877996444702,0.6707317233085632,-3.47560977935791
1613180506599,2021-02-13T01:43:12.233Z,37.758,-2.317073106765747,0.18292683362960815,-4.45121955871582
1613180506640,2021-02-13T01:43:12.235Z,37.799,-1.3414634466171265,-1.0365853309631348,-5.304878234863281
1613180506678,2021-02-13T01:43:12.246Z,37.837,-3.170731782913208,-0.6707317233085632,-6.280488014221191
1613180506719,2021-02-13T01:43:12.248Z,37.878,-4.207317352294922,-0.3658536672592163,-7.195122241973877
1613180506758,2021-02-13T01:43:12.251Z,37.917,-3.0487804412841797,-0.4268292784690857,-6.341463565826416
1613180506798,2021-02-13T01:43:12.262Z,37.957,-2.804877996444702,0.4268292784690857,-5.121951103210449
1613180506838,2021-02-13T01:43:12.264Z,37.997,-2.195122003555298,0.792682945728302,-4.207317352294922
1613180506877,2021-02-13T01:43:12.266Z,38.036,-1.1585365533828735,0.9756097793579102,-3.353658676147461
1613180506917,2021-02-13T01:43:12.278Z,38.076,-0.8536585569381714,0.8536585569381714,-2.7439024448394775
1613180506956,2021-02-13T01:43:12.280Z,38.115,-0.12195122241973877,0.8536585569381714,-1.9512195587158203
1613180506996,2021-02-13T01:43:12.293Z,38.155,1.2804877758026123,0.792682945728302,-0.8536585569381714
1613180507035,2021-02-13T01:43:12.295Z,38.194,2.317073106765747,1.8292683362960815,0.9146341681480408
1613180507075,2021-02-13T01:43:12.306Z,38.234,2.4390244483947754,2.317073106765747,1.8902438879013062
1613180507116,2021-02-13T01:43:12.308Z,38.275,1.8292683362960815,2.0731706619262695,1.8292683362960815
1613180507154,2021-02-13T01:43:12.310Z,38.313,1.9512195587158203,1.6463414430618286,1.8902438879013062
1613180507195,2021-02-13T01:43:12.321Z,38.354,1.7073171138763428,1.4634146690368652,2.012195110321045
1613180507235,2021-02-13T01:43:12.324Z,38.394,0.6707317233085632,1.6463414430618286,1.7073171138763428
1613180507274,2021-02-13T01:43:12.326Z,38.433,-0.18292683362960815,1.5243902206420898,0.8536585569381714
1613180507314,2021-02-13T01:43:12.337Z,38.473,-0.9756097793579102,1.2195122241973877,0
1613180507353,2021-02-13T01:43:12.339Z,38.512,-1.097561001777649,1.1585365533828735,-0.8536585569381714
1613180507393,2021-02-13T01:43:12.342Z,38.552,-1.8292683362960815,1.1585365533828735,-1.2804877758026123
1613180507432,2021-02-13T01:43:12.353Z,38.591,-1.7682926654815674,1.097561001777649,-1.3414634466171265
1613180507472,2021-02-13T01:43:12.355Z,38.631,-2.7439024448394775,1.5243902206420898,-1.7682926654815674
1613180507511,2021-02-13T01:43:12.366Z,38.67,-2.6219513416290283,0.9756097793579102,-1.3414634466171265
1613180507551,2021-02-13T01:43:12.368Z,38.71,-1.4634146690368652,0.12195122241973877,-1.0365853309631348
1613180507592,2021-02-13T01:43:12.371Z,38.751,-1.2195122241973877,-0.5487805008888245,-0.8536585569381714
1613180507630,2021-02-13T01:43:12.381Z,38.789,-1.1585365533828735,-0.4878048896789551,-0.9756097793579102
1613180507670,2021-02-13T01:43:12.384Z,38.829,-0.3658536672592163,-0.6097561120986938,-0.792682945728302
1613180507711,2021-02-13T01:43:12.386Z,38.87,-0.5487805008888245,-0.3658536672592163,0
1613180507750,2021-02-13T01:43:12.397Z,38.909,-0.18292683362960815,-0.3658536672592163,-0.12195122241973877
1613180507790,2021-02-13T01:43:12.399Z,38.949,-0.792682945728302,-0.060975611209869385,-0.6097561120986938
1613180507829,2021-02-13T01:43:12.411Z,38.988,-1.2195122241973877,1.1585365533828735,0.24390244483947754
1613180507869,2021-02-13T01:43:12.413Z,39.028,-0.792682945728302,0.6097561120986938,0.9146341681480408
1613180507908,2021-02-13T01:43:12.416Z,39.067,-0.4268292784690857,-0.3048780560493469,0.9146341681480408
1613180507948,2021-02-13T01:43:12.426Z,39.107,0,-1.0365853309631348,1.3414634466171265
1613180507987,2021-02-13T01:43:12.429Z,39.146,0,-0.792682945728302,2.5
1613180508027,2021-02-13T01:43:12.431Z,39.186,0.6707317233085632,-0.9756097793579102,3.9024391174316406
1613180508068,2021-02-13T01:43:12.442Z,39.227,1.0365853309631348,-1.0365853309631348,5
1613180508106,2021-02-13T01:43:12.444Z,39.265,1.097561001777649,-1.0365853309631348,6.097560882568359
1613180508147,2021-02-13T01:43:12.447Z,39.306,0.4268292784690857,-0.8536585569381714,7.987804889678955
1613180508187,2021-02-13T01:43:12.458Z,39.346,1.4634146690368652,-1.2804877758026123,9.207317352294922
1613180508226,2021-02-13T01:43:12.460Z,39.385,-0.060975611209869385,-1.2804877758026123,8.780488014221191
1613180508266,2021-02-13T01:43:12.462Z,39.425,-0.5487805008888245,-1.585365891456604,9.57317066192627
1613180508305,2021-02-13T01:43:12.488Z,39.464,-0.18292683362960815,-1.585365891456604,9.390244483947754
1613180508345,2021-02-13T01:43:12.490Z,39.504,-0.4878048896789551,-2.2560975551605225,9.45121955871582
1613180508384,2021-02-13T01:43:12.492Z,39.543,-1.097561001777649,-2.2560975551605225,9.512195587158203
1613180508424,2021-02-13T01:43:12.503Z,39.583,-1.6463414430618286,-2.6219513416290283,9.02439022064209
1613180508464,2021-02-13T01:43:12.505Z,39.623,-4.0853657722473145,-1.2804877758026123,9.207317352294922
1613180508503,2021-02-13T01:43:12.516Z,39.662,-5.853658676147461,0.3048780560493469,10.060976028442383
1613180508544,2021-02-13T01:43:12.518Z,39.703,-6.5853657722473145,1.8902438879013062,11.219511985778809
1613180508582,2021-02-13T01:43:12.520Z,39.741,-7.865853786468506,3.47560977935791,11.890244483947754
1613180508613,2021-02-13T01:43:12.531Z,39.772,-7.9268293380737305,3.841463565826416,13.414634704589844
1613180508652,2021-02-13T01:43:12.534Z,39.811,-7.378048896789551,5.4268293380737305,12.987805366516113
1613180508692,2021-02-13T01:43:12.536Z,39.851,-6.7682929039001465,5.182927131652832,14.02439022064209
1613180508732,2021-02-13T01:43:12.547Z,39.891,-4.2682929039001465,5.853658676147461,17.2560977935791
1613180508771,2021-02-13T01:43:12.550Z,39.93,-3.2926828861236572,7.682927131652832,19.45121955871582
1613180508811,2021-02-13T01:43:12.552Z,39.97,-4.695122241973877,2.5,13.658536911010742
1613180508850,2021-02-13T01:43:12.563Z,40.009,-8.841464042663574,2.317073106765747,7.987804889678955
1613180508890,2021-02-13T01:43:12.565Z,40.049,-8.59756088256836,2.012195110321045,8.170731544494629
1613180508931,2021-02-13T01:43:12.576Z,40.09,-4.02439022064209,0.9756097793579102,11.585366249084473
1613180508969,2021-02-13T01:43:12.578Z,40.128,-2.5609755516052246,2.0731706619262695,14.329268455505371
1613180509010,2021-02-13T01:43:12.580Z,40.169,0.9756097793579102,3.9634146690368652,16.64634132385254
1613180509049,2021-02-13T01:43:12.591Z,40.208,5.731707572937012,5.792683124542236,19.69512176513672
1613180509089,2021-02-13T01:43:12.594Z,40.248,6.402439117431641,5.243902683258057,19.878049850463867
1613180509129,2021-02-13T01:43:12.596Z,40.288,0.5487805008888245,4.45121955871582,11.829268455505371
1613180509168,2021-02-13T01:43:12.624Z,40.327,0.5487805008888245,5.060975551605225,8.04878044128418
1613180509208,2021-02-13T01:43:12.626Z,40.367,7.378048896789551,6.219512462615967,6.646341800689697
1613180509247,2021-02-13T01:43:12.637Z,40.406,9.512195587158203,7.5,6.219512462615967
1613180509287,2021-02-13T01:43:12.639Z,40.446,11.219511985778809,0.8536585569381714,5.792683124542236
1613180509328,2021-02-13T01:43:12.642Z,40.487,2.2560975551605225,0.8536585569381714,18.90243911743164
1613180509366,2021-02-13T01:43:12.653Z,40.525,17.560976028442383,-2.012195110321045,24.207317352294922
1613180509407,2021-02-13T01:43:12.655Z,40.566,13.59756088256836,4.634146213531494,22.378049850463867
1613180509445,2021-02-13T01:43:12.657Z,40.604,9.207317352294922,1.0365853309631348,14.268293380737305
1613180509486,2021-02-13T01:43:12.668Z,40.645,-0.9756097793579102,-0.4878048896789551,19.63414764404297
1613180509526,2021-02-13T01:43:12.670Z,40.685,-24.817073822021484,5.121951103210449,18.109756469726562
1613180509565,2021-02-13T01:43:12.681Z,40.724,-5.060975551605225,6.890244007110596,-5.487804889678955
1613180509605,2021-02-13T01:43:12.683Z,40.764,-2.012195110321045,-7.0731706619262695,-22.98780632019043
1613180509644,2021-02-13T01:43:12.686Z,40.803,4.146341323852539,-20.609756469726562,-17.5
1613180509684,2021-02-13T01:43:12.697Z,40.843,1.7682926654815674,-26.09756088256836,7.195122241973877
1613180509723,2021-02-13T01:43:12.699Z,40.882,-8.719511985778809,-5.304878234863281,-4.5731706619262695
1613180509763,2021-02-13T01:43:12.702Z,40.922,-9.57317066192627,7.987804889678955,-14.939024925231934
1613180509802,2021-02-13T01:43:12.713Z,40.961,-6.890244007110596,4.329268455505371,-15.365854263305664
1613180509842,2021-02-13T01:43:12.715Z,41.001,-4.02439022064209,4.5731706619262695,-12.07317066192627
1613180509883,2021-02-13T01:43:12.717Z,41.042,-3.7195122241973877,8.47560977935791,-15.487805366516113
1613180509921,2021-02-13T01:43:12.728Z,41.08,-5.54878044128418,11.707317352294922,-13.719512939453125
1613180509962,2021-02-13T01:43:12.731Z,41.121,-7.560975551605225,7.621951580047607,-5.487804889678955
1613180510002,2021-02-13T01:43:12.741Z,41.161,-7.195122241973877,6.280488014221191,1.1585365533828735
1613180510041,2021-02-13T01:43:12.743Z,41.2,-5.304878234863281,6.036585330963135,2.682926893234253
1613180510081,2021-02-13T01:43:12.746Z,41.24,2.9268293380737305,1.7682926654815674,1.8292683362960815
1613180510120,2021-02-13T01:43:12.757Z,41.279,8.04878044128418,-5.54878044128418,-0.5487805008888245
1613180510160,2021-02-13T01:43:12.759Z,41.319,5.670732021331787,-9.268292427062988,3.353658676147461
1613180510199,2021-02-13T01:43:12.761Z,41.358,13.780488014221191,-9.87804889678955,2.2560975551605225
1613180510239,2021-02-13T01:43:12.773Z,41.398,14.02439022064209,-8.109756469726562,4.2682929039001465
1613180510278,2021-02-13T01:43:12.775Z,41.437,17.621952056884766,-10.487805366516113,7.378048896789551
1613180510319,2021-02-13T01:43:12.777Z,41.478,15.609756469726562,-12.560976028442383,6.7682929039001465
1613180510359,2021-02-13T01:43:12.788Z,41.518,14.634146690368652,-12.987805366516113,4.817073345184326
1613180510397,2021-02-13T01:43:12.790Z,41.556,9.695121765136719,-9.695121765136719,1.4634146690368652
1613180510438,2021-02-13T01:43:12.801Z,41.597,5.97560977935791,-9.390244483947754,-1.6463414430618286
1613180510478,2021-02-13T01:43:12.803Z,41.637,9.756097793579102,-9.02439022064209,-4.02439022064209
1613180510517,2021-02-13T01:43:12.805Z,41.676,9.695121765136719,-6.219512462615967,-6.280488014221191
1613180510557,2021-02-13T01:43:12.817Z,41.716,8.841464042663574,-3.5365853309631348,-6.707317352294922
1613180510596,2021-02-13T01:43:12.819Z,41.755,7.621951580047607,-0.792682945728302,-4.634146213531494
1613180510636,2021-02-13T01:43:12.821Z,41.795,5.304878234863281,0.5487805008888245,-3.7195122241973877
1613180510675,2021-02-13T01:43:12.832Z,41.834,2.9268293380737305,3.353658676147461,-4.0853657722473145
1613180510715,2021-02-13T01:43:12.835Z,41.874,-2.378048896789551,1.2195122241973877,-3.841463565826416
1613180510755,2021-02-13T01:43:12.848Z,41.914,1.2195122241973877,-0.3048780560493469,-0.3048780560493469
1613180510794,2021-02-13T01:43:12.850Z,41.953,2.4390244483947754,-0.3658536672592163,-1.8292683362960815
1613180510835,2021-02-13T01:43:12.852Z,41.994,2.7439024448394775,0.792682945728302,-2.6219513416290283
1613180510875,2021-02-13T01:43:12.863Z,42.034,5.609755992889404,-1.402438998222351,-0.6097561120986938
1613180510914,2021-02-13T01:43:12.865Z,42.073,5.121951103210449,-0.5487805008888245,0.6097561120986938
1613180510954,2021-02-13T01:43:12.876Z,42.113,3.4146342277526855,1.2195122241973877,3.353658676147461
1613180510993,2021-02-13T01:43:12.878Z,42.152,4.634146213531494,2.6219513416290283,5.54878044128418
1613180511033,2021-02-13T01:43:12.881Z,42.192,1.097561001777649,1.8902438879013062,6.890244007110596
1613180511072,2021-02-13T01:43:12.892Z,42.231,0.4268292784690857,2.2560975551605225,9.02439022064209
1613180511112,2021-02-13T01:43:12.894Z,42.271,-0.6707317233085632,3.7195122241973877,6.7682929039001465
1613180511152,2021-02-13T01:43:12.896Z,42.311,-2.682926893234253,3.9024391174316406,4.939024448394775
1613180511191,2021-02-13T01:43:12.908Z,42.35,0.3658536672592163,2.865853786468506,4.2682929039001465
1613180511231,2021-02-13T01:43:12.910Z,42.39,1.402438998222351,1.7073171138763428,0.9756097793579102
1613180511270,2021-02-13T01:43:12.912Z,42.429,0.3658536672592163,1.585365891456604,-0.3658536672592163
1613180511311,2021-02-13T01:43:12.923Z,42.47,-0.18292683362960815,2.2560975551605225,0.3658536672592163
1613180511349,2021-02-13T01:43:12.925Z,42.508,0.060975611209869385,3.2926828861236572,0.3658536672592163
1613180511390,2021-02-13T01:43:12.936Z,42.549,-0.7317073345184326,2.865853786468506,-0.9756097793579102
1613180511430,2021-02-13T01:43:12.938Z,42.589,-1.8902438879013062,3.841463565826416,-2.0731706619262695
1613180511469,2021-02-13T01:43:12.941Z,42.628,-1.2804877758026123,3.5975611209869385,-0.6707317233085632
1613180511509,2021-02-13T01:43:12.952Z,42.668,-0.6097561120986938,2.195122003555298,0.9146341681480408
1613180511548,2021-02-13T01:43:12.954Z,42.707,-2.7439024448394775,1.8902438879013062,1.2195122241973877
1613180511588,2021-02-13T01:43:12.956Z,42.747,-1.5243902206420898,1.9512195587158203,2.012195110321045
1613180511628,2021-02-13T01:43:12.968Z,42.787,-0.24390244483947754,2.0731706619262695,3.7804877758026123
1613180511667,2021-02-13T01:43:12.970Z,42.826,-0.4268292784690857,1.8292683362960815,6.036585330963135
1613180511707,2021-02-13T01:43:12.972Z,42.866,2.7439024448394775,0.9146341681480408,6.646341800689697
1613180511746,2021-02-13T01:43:12.983Z,42.905,4.695122241973877,-0.4878048896789551,6.890244007110596
1613180511787,2021-02-13T01:43:12.986Z,42.946,2.9268293380737305,-0.6097561120986938,4.939024448394775
1613180511825,2021-02-13T01:43:12.996Z,42.984,2.7439024448394775,-0.9146341681480408,2.5609755516052246
1613180511866,2021-02-13T01:43:12.999Z,43.025,3.353658676147461,-1.2804877758026123,0.4268292784690857
1613180511906,2021-02-13T01:43:13.000Z,43.065,3.2317073345184326,-1.4634146690368652,-0.12195122241973877
1613180511945,2021-02-13T01:43:13.012Z,43.104,2.5,-0.24390244483947754,-0.9146341681480408
1613180511985,2021-02-13T01:43:13.014Z,43.144,1.7073171138763428,0.6097561120986938,-1.402438998222351
1613180512025,2021-02-13T01:43:13.016Z,43.184,1.9512195587158203,0.5487805008888245,-1.2804877758026123
1613180512064,2021-02-13T01:43:13.027Z,43.223,1.402438998222351,1.097561001777649,-1.097561001777649
1613180512104,2021-02-13T01:43:13.030Z,43.263,0.4268292784690857,1.2195122241973877,-1.9512195587158203
1613180512143,2021-02-13T01:43:13.032Z,43.302,-0.4268292784690857,1.585365891456604,-2.317073106765747
1613180512183,2021-02-13T01:43:13.043Z,43.342,-1.402438998222351,1.402438998222351,-2.4390244483947754
1613180512222,2021-02-13T01:43:13.045Z,43.381,-2.804877996444702,0.7317073345184326,-2.682926893234253
1613180512263,2021-02-13T01:43:13.073Z,43.422,-3.2926828861236572,0.12195122241973877,-2.317073106765747
1613180512301,2021-02-13T01:43:13.074Z,43.46,-5.121951103210449,0.792682945728302,-1.3414634466171265
1613180512342,2021-02-13T01:43:13.086Z,43.501,-5.97560977935791,0.9756097793579102,-1.3414634466171265
1613180512381,2021-02-13T01:43:13.088Z,43.54,-4.329268455505371,0,-2.9268293380737305
1613180512411,2021-02-13T01:43:13.090Z,43.57,-6.341463565826416,-0.12195122241973877,-2.317073106765747
1613180512451,2021-02-13T01:43:13.101Z,43.61,-5.97560977935791,0.12195122241973877,-0.6097561120986938
1613180512490,2021-02-13T01:43:13.104Z,43.649,-7.5,0.3048780560493469,-1.8902438879013062
1613180512530,2021-02-13T01:43:13.106Z,43.689,-10.487805366516113,1.4634146690368652,-0.6097561120986938
1613180512569,2021-02-13T01:43:13.117Z,43.728,-8.780488014221191,1.3414634466171265,-1.7682926654815674
1613180512609,2021-02-13T01:43:13.119Z,43.768,-7.256097793579102,1.1585365533828735,-0.24390244483947754
1613180512650,2021-02-13T01:43:13.122Z,43.809,-8.109756469726562,1.2195122241973877,-1.585365891456604
1613180512688,2021-02-13T01:43:13.133Z,43.847,-8.353658676147461,0.5487805008888245,-3.353658676147461
1613180512729,2021-02-13T01:43:13.135Z,43.888,-7.987804889678955,0.5487805008888245,-2.6219513416290283
1613180512769,2021-02-13T01:43:13.148Z,43.928,-8.04878044128418,0.060975611209869385,-2.5609755516052246
1613180512808,2021-02-13T01:43:13.150Z,43.967,-7.256097793579102,-0.4878048896789551,-1.0365853309631348
1613180512848,2021-02-13T01:43:13.161Z,44.007,-5.731707572937012,-0.7317073345184326,0.060975611209869385
1613180512887,2021-02-13T01:43:13.163Z,44.046,-3.9634146690368652,-1.5243902206420898,-1.402438998222351
1613180512927,2021-02-13T01:43:13.165Z,44.086,-4.146341323852539,-1.3414634466171265,-2.1341464519500732
1613180512966,2021-02-13T01:43:13.177Z,44.125,-3.5365853309631348,-0.9756097793579102,-2.6219513416290283
1613180513006,2021-02-13T01:43:13.179Z,44.165,-3.7195122241973877,-0.5487805008888245,-2.4390244483947754
1613180513046,2021-02-13T01:43:13.181Z,44.205,-2.6219513416290283,-0.9146341681480408,-1.097561001777649
1613180513085,2021-02-13T01:43:13.192Z,44.244,-0.9146341681480408,-1.3414634466171265,0.060975611209869385
1613180513125,2021-02-13T01:43:13.195Z,44.284,-1.402438998222351,-0.9756097793579102,1.097561001777649
1613180513164,2021-02-13T01:43:13.197Z,44.323,-0.8536585569381714,-1.097561001777649,1.097561001777649
1613180513205,2021-02-13T01:43:13.208Z,44.364,-0.9756097793579102,-1.1585365533828735,0.6097561120986938
1613180513245,2021-02-13T01:43:13.210Z,44.404,0.18292683362960815,-1.6463414430618286,1.097561001777649
1613180513284,2021-02-13T01:43:13.221Z,44.443,1.0365853309631348,-1.3414634466171265,1.5243902206420898
1613180513324,2021-02-13T01:43:13.223Z,44.483,0.792682945728302,-0.9756097793579102,1.7682926654815674
1613180513363,2021-02-13T01:43:13.226Z,44.522,0.9146341681480408,-0.9756097793579102,1.7682926654815674
1613180513403,2021-02-13T01:43:13.237Z,44.562,0.9146341681480408,-0.9146341681480408,1.8292683362960815
1613180513443,2021-02-13T01:43:13.240Z,44.602,1.1585365533828735,-0.8536585569381714,2.0731706619262695
1613180513482,2021-02-13T01:43:13.242Z,44.641,0.9146341681480408,-0.7317073345184326,2.012195110321045
1613180513522,2021-02-13T01:43:13.253Z,44.681,0.792682945728302,-0.4268292784690857,2.1341464519500732
1613180513561,2021-02-13T01:43:13.255Z,44.72,0.5487805008888245,-0.4268292784690857,2.378048896789551
1613180513602,2021-02-13T01:43:13.266Z,44.761,0.3658536672592163,-0.5487805008888245,2.317073106765747
1613180513640,2021-02-13T01:43:13.268Z,44.799,0.24390244483947754,-0.6097561120986938,2.195122003555298
1613180513681,2021-02-13T01:43:13.271Z,44.84,0.18292683362960815,-0.9756097793579102,2.0731706619262695
1613180513721,2021-02-13T01:43:13.281Z,44.88,-0.18292683362960815,-0.9756097793579102,1.7073171138763428
1613180513760,2021-02-13T01:43:13.284Z,44.919,0,-0.9146341681480408,1.5243902206420898
1613180513800,2021-02-13T01:43:13.286Z,44.959,0.4268292784690857,-0.8536585569381714,1.4634146690368652
1613180513839,2021-02-13T01:43:13.297Z,44.998,0,-0.7317073345184326,2.012195110321045
1613180513879,2021-02-13T01:43:13.300Z,45.038,0.060975611209869385,-0.3048780560493469,1.9512195587158203
1613180513919,2021-02-13T01:43:13.302Z,45.078,-0.5487805008888245,0.12195122241973877,1.8902438879013062
1613180513958,2021-02-13T01:43:13.313Z,45.117,0.060975611209869385,-0.12195122241973877,2.6219513416290283
1613180513998,2021-02-13T01:43:13.315Z,45.157,-0.18292683362960815,0.4878048896789551,3.1097562313079834
1613180514037,2021-02-13T01:43:13.326Z,45.196,0.060975611209869385,-0.12195122241973877,3.170731782913208
1613180514078,2021-02-13T01:43:13.328Z,45.237,-0.18292683362960815,-0.3658536672592163,2.7439024448394775
1613180514116,2021-02-13T01:43:13.330Z,45.275,0.7317073345184326,-1.0365853309631348,3.5365853309631348
1613180514157,2021-02-13T01:43:13.341Z,45.316,1.7682926654815674,-1.1585365533828735,2.7439024448394775
1613180514195,2021-02-13T01:43:13.344Z,45.354,1.3414634466171265,-1.2804877758026123,2.012195110321045
1613180514236,2021-02-13T01:43:13.346Z,45.395,1.9512195587158203,-1.0365853309631348,1.6463414430618286
1613180514276,2021-02-13T01:43:13.357Z,45.435,2.195122003555298,-0.9756097793579102,1.3414634466171265
1613180514316,2021-02-13T01:43:13.359Z,45.475,1.5243902206420898,-0.5487805008888245,1.402438998222351
1613180514355,2021-02-13T01:43:13.362Z,45.514,1.2195122241973877,-0.24390244483947754,1.2804877758026123
1613180514395,2021-02-13T01:43:13.373Z,45.554,0.792682945728302,0.12195122241973877,1.2804877758026123
1613180514434,2021-02-13T01:43:13.375Z,45.593,0,0.3048780560493469,1.7073171138763428
1613180514474,2021-02-13T01:43:13.377Z,45.633,-0.3048780560493469,-0.12195122241973877,1.2195122241973877
1613180514513,2021-02-13T01:43:13.388Z,45.672,0.4268292784690857,-0.7317073345184326,1.2195122241973877
1613180514553,2021-02-13T01:43:13.401Z,45.712,0.060975611209869385,-0.6097561120986938,0.9146341681480408
1613180514592,2021-02-13T01:43:13.403Z,45.751,-0.3658536672592163,-1.2195122241973877,1.7073171138763428
1613180514632,2021-02-13T01:43:13.405Z,45.791,-0.6097561120986938,-1.2804877758026123,1.0365853309631348
1613180514672,2021-02-13T01:43:13.417Z,45.831,-0.18292683362960815,-1.1585365533828735,0.6707317233085632
1613180514713,2021-02-13T01:43:13.420Z,45.872,0.18292683362960815,-1.1585365533828735,1.2804877758026123
1613180514752,2021-02-13T01:43:13.421Z,45.911,0.4878048896789551,-0.792682945728302,1.7073171138763428
1613180514792,2021-02-13T01:43:13.432Z,45.951,0.24390244483947754,-0.4268292784690857,1.8902438879013062
1613180514831,2021-02-13T01:43:13.435Z,45.99,0,-0.3048780560493469,1.5243902206420898
1613180514871,2021-02-13T01:43:13.437Z,46.03,0.060975611209869385,-0.3048780560493469,2.378048896789551
1613180514910,2021-02-13T01:43:13.448Z,46.069,-0.3048780560493469,-0.24390244483947754,2.682926893234253
1613180514950,2021-02-13T01:43:13.450Z,46.109,0.4878048896789551,-0.6707317233085632,2.7439024448394775
1613180514989,2021-02-13T01:43:13.461Z,46.148,0.7317073345184326,-0.3658536672592163,2.5
1613180515029,2021-02-13T01:43:13.463Z,46.188,0.8536585569381714,-0.3658536672592163,2.012195110321045
1613180515068,2021-02-13T01:43:13.465Z,46.227,0.7317073345184326,-0.3658536672592163,1.585365891456604
1613180515108,2021-02-13T01:43:13.476Z,46.267,0.6097561120986938,-0.5487805008888245,1.5243902206420898
1613180515149,2021-02-13T01:43:13.479Z,46.308,0.3658536672592163,-0.18292683362960815,1.402438998222351
1613180515189,2021-02-13T01:43:13.481Z,46.348,0.6097561120986938,-0.18292683362960815,1.8292683362960815
1613180515228,2021-02-13T01:43:13.492Z,46.387,0.5487805008888245,-0.6097561120986938,2.195122003555298
1613180515268,2021-02-13T01:43:13.494Z,46.427,0.6097561120986938,-0.4268292784690857,2.0731706619262695
1613180515307,2021-02-13T01:43:13.497Z,46.466,0.792682945728302,-0.5487805008888245,1.7073171138763428
1613180515347,2021-02-13T01:43:13.511Z,46.506,0.6707317233085632,-0.6707317233085632,1.7073171138763428
1613180515386,2021-02-13T01:43:13.539Z,46.545,0.4878048896789551,-0.3048780560493469,1.6463414430618286
1613180515426,2021-02-13T01:43:13.541Z,46.585,-0.18292683362960815,-0.24390244483947754,0.792682945728302
1613180515465,2021-02-13T01:43:13.552Z,46.624,1.0365853309631348,-0.12195122241973877,1.2804877758026123
1613180515505,2021-02-13T01:43:13.554Z,46.664,0.8536585569381714,0,1.2804877758026123
1613180515545,2021-02-13T01:43:13.557Z,46.704,0.3048780560493469,-0.24390244483947754,1.3414634466171265
1613180515584,2021-02-13T01:43:13.568Z,46.743,0.4878048896789551,-0.3658536672592163,0.8536585569381714
1613180515624,2021-02-13T01:43:13.570Z,46.783,0.5487805008888245,-0.3658536672592163,1.3414634466171265
1613180515665,2021-02-13T01:43:13.572Z,46.824,-0.18292683362960815,-0.3658536672592163,1.5243902206420898
1613180515704,2021-02-13T01:43:13.597Z,46.863,-0.12195122241973877,-0.6707317233085632,1.2195122241973877
1613180515744,2021-02-13T01:43:13.599Z,46.903,0.060975611209869385,-0.7317073345184326,1.5243902206420898
1613180515783,2021-02-13T01:43:13.601Z,46.942,0,-0.4878048896789551,1.5243902206420898
1613180515823,2021-02-13T01:43:13.613Z,46.982,-0.9146341681480408,-0.3658536672592163,0.9146341681480408
1613180515862,2021-02-13T01:43:13.615Z,47.021,-1.1585365533828735,-0.3658536672592163,0.6097561120986938
1613180515902,2021-02-13T01:43:13.628Z,47.061,-1.585365891456604,-0.060975611209869385,0.4268292784690857
1613180515942,2021-02-13T01:43:13.630Z,47.101,-1.8902438879013062,-0.12195122241973877,0.060975611209869385
1613180515981,2021-02-13T01:43:13.641Z,47.14,-1.4634146690368652,-0.6707317233085632,0.18292683362960815
1613180516021,2021-02-13T01:43:13.643Z,47.18,-1.2195122241973877,-0.6707317233085632,-0.060975611209869385
1613180516060,2021-02-13T01:43:13.645Z,47.219,-0.9756097793579102,-0.6097561120986938,0.18292683362960815
1613180516100,2021-02-13T01:43:13.656Z,47.259,-1.097561001777649,-0.3658536672592163,0.4878048896789551
1613180516139,2021-02-13T01:43:13.659Z,47.298,-1.0365853309631348,-0.4878048896789551,0.6097561120986938
1613180516180,2021-02-13T01:43:13.661Z,47.339,-1.7682926654815674,-0.3658536672592163,-0.24390244483947754
1613180516220,2021-02-13T01:43:13.672Z,47.379,-1.2804877758026123,-0.792682945728302,-0.4878048896789551
1613180516259,2021-02-13T01:43:13.674Z,47.418,-0.9146341681480408,-0.8536585569381714,-0.12195122241973877
1613180516299,2021-02-13T01:43:13.677Z,47.458,-0.4268292784690857,-0.9756097793579102,0.18292683362960815
1613180516339,2021-02-13T01:43:13.688Z,47.498,-0.6707317233085632,-0.5487805008888245,0.6097561120986938
1613180516378,2021-02-13T01:43:13.690Z,47.537,-0.6707317233085632,-0.3658536672592163,0.9146341681480408
1613180516418,2021-02-13T01:43:13.701Z,47.577,0,-0.3658536672592163,1.8902438879013062
1613180516457,2021-02-13T01:43:13.704Z,47.616,-0.6097561120986938,-0.4268292784690857,1.0365853309631348
1613180516497,2021-02-13T01:43:13.706Z,47.656,-0.7317073345184326,-0.4878048896789551,0.24390244483947754
1613180516536,2021-02-13T01:43:13.717Z,47.695,-0.3658536672592163,-0.4878048896789551,0.3048780560493469
1613180516576,2021-02-13T01:43:13.719Z,47.735,-0.5487805008888245,-0.8536585569381714,0.3658536672592163
1613180516615,2021-02-13T01:43:13.722Z,47.774,-0.5487805008888245,-0.9756097793579102,0.3658536672592163
1613180516656,2021-02-13T01:43:13.733Z,47.815,-0.3658536672592163,-0.8536585569381714,0.4878048896789551
1613180516696,2021-02-13T01:43:13.735Z,47.855,-0.6707317233085632,-0.6097561120986938,1.097561001777649
1613180516735,2021-02-13T01:43:13.737Z,47.894,-0.6097561120986938,-0.7317073345184326,1.402438998222351
1613180516775,2021-02-13T01:43:13.748Z,47.934,-0.6097561120986938,-0.7317073345184326,1.2195122241973877
1613180516815,2021-02-13T01:43:13.751Z,47.974,-0.6707317233085632,-0.4878048896789551,1.1585365533828735
1613180516854,2021-02-13T01:43:13.761Z,48.013,-0.12195122241973877,-0.7317073345184326,0.9756097793579102
1613180516894,2021-02-13T01:43:13.763Z,48.053,-0.4268292784690857,-0.6097561120986938,1.2804877758026123
1613180516933,2021-02-13T01:43:13.766Z,48.092,0.4268292784690857,-0.6707317233085632,2.0731706619262695
1613180516973,2021-02-13T01:43:13.777Z,48.132,-0.3048780560493469,-0.6707317233085632,1.2804877758026123
1613180517012,2021-02-13T01:43:13.779Z,48.171,0.6707317233085632,-0.6707317233085632,1.2195122241973877
1613180517052,2021-02-13T01:43:13.781Z,48.211,0.7317073345184326,-0.5487805008888245,1.2195122241973877
1613180517091,2021-02-13T01:43:13.793Z,48.25,0.3658536672592163,-0.6097561120986938,1.2195122241973877
1613180517132,2021-02-13T01:43:13.795Z,48.291,0.6707317233085632,-0.24390244483947754,0.9756097793579102
1613180517172,2021-02-13T01:43:13.797Z,48.331,1.402438998222351,-0.24390244483947754,0.8536585569381714
1613180517212,2021-02-13T01:43:13.808Z,48.371,0.6707317233085632,-0.12195122241973877,1.0365853309631348
1613180517251,2021-02-13T01:43:13.810Z,48.41,0.060975611209869385,-0.24390244483947754,0.6097561120986938
1613180517291,2021-02-13T01:43:13.821Z,48.45,0,0,0.7317073345184326
1613180517330,2021-02-13T01:43:13.823Z,48.489,0.12195122241973877,-0.060975611209869385,0.9756097793579102
1613180517370,2021-02-13T01:43:13.826Z,48.529,-0.24390244483947754,-0.4268292784690857,0.3658536672592163
1613180517409,2021-02-13T01:43:13.837Z,48.568,-0.792682945728302,-0.6097561120986938,-0.060975611209869385
1613180517449,2021-02-13T01:43:13.839Z,48.608,-0.9756097793579102,-0.8536585569381714,-0.3658536672592163
1613180517488,2021-02-13T01:43:13.841Z,48.647,-1.0365853309631348,-1.2195122241973877,-0.6707317233085632
1613180517528,2021-02-13T01:43:13.853Z,48.687,-1.3414634466171265,-1.2195122241973877,-0.8536585569381714
1613180517559,2021-02-13T01:43:13.854Z,48.718,-1.4634146690368652,-0.9756097793579102,-0.9146341681480408
1613180517598,2021-02-13T01:43:13.856Z,48.757,-1.3414634466171265,-1.1585365533828735,-0.792682945728302
1613180517638,2021-02-13T01:43:13.867Z,48.797,-1.402438998222351,-0.9146341681480408,-0.7317073345184326
1613180517677,2021-02-13T01:43:13.869Z,48.836,-1.3414634466171265,-0.792682945728302,-0.6097561120986938
1613180517717,2021-02-13T01:43:13.872Z,48.876,-1.402438998222351,-0.6707317233085632,-0.6097561120986938
1613180517756,2021-02-13T01:43:13.883Z,48.915,-1.097561001777649,-0.7317073345184326,0
1613180517796,2021-02-13T01:43:13.885Z,48.955,-1.5243902206420898,-0.5487805008888245,-0.7317073345184326
1613180517836,2021-02-13T01:43:13.887Z,48.995,-0.3658536672592163,-0.7317073345184326,-0.792682945728302
1613180517875,2021-02-13T01:43:13.898Z,49.034,-0.4878048896789551,-0.7317073345184326,-0.7317073345184326
1613180517915,2021-02-13T01:43:13.901Z,49.074,-0.4268292784690857,-0.9146341681480408,-0.6707317233085632
1613180517956,2021-02-13T01:43:13.911Z,49.115,-0.18292683362960815,-1.0365853309631348,-0.4878048896789551
1613180517995,2021-02-13T01:43:13.928Z,49.154,0.24390244483947754,-0.9756097793579102,-0.4268292784690857
1613180518035,2021-02-13T01:43:13.931Z,49.194,-0.9146341681480408,-0.4268292784690857,-0.3658536672592163
1613180518074,2021-02-13T01:43:13.941Z,49.233,-0.5487805008888245,-0.3658536672592163,-0.18292683362960815
1613180518114,2021-02-13T01:43:13.948Z,49.273,-0.3658536672592163,-0.3048780560493469,-0.12195122241973877
1613180518153,2021-02-13T01:43:13.957Z,49.312,-0.4878048896789551,-0.24390244483947754,-0.3658536672592163
1613180518193,2021-02-13T01:43:13.959Z,49.352,-0.5487805008888245,-0.3048780560493469,-0.3048780560493469
1613180518233,2021-02-13T01:43:13.961Z,49.392,-0.8536585569381714,-0.3048780560493469,-0.12195122241973877
1613180518272,2021-02-13T01:43:13.972Z,49.431,-0.6707317233085632,-0.4268292784690857,0.060975611209869385
1613180518312,2021-02-13T01:43:13.975Z,49.471,-0.6097561120986938,-0.5487805008888245,0.18292683362960815
1613180518351,2021-02-13T01:43:13.977Z,49.51,-0.792682945728302,-0.3658536672592163,0.18292683362960815
1613180518392,2021-02-13T01:43:13.988Z,49.551,-0.5487805008888245,-0.12195122241973877,0.060975611209869385
1613180518432,2021-02-13T01:43:13.990Z,49.591,-0.9146341681480408,0.060975611209869385,-0.6097561120986938
1613180518471,2021-02-13T01:43:14.032Z,49.63,-0.9146341681480408,0.6097561120986938,-1.2195122241973877
1613180518511,2021-02-13T01:43:14.034Z,49.67,-0.6097561120986938,0.9756097793579102,-1.402438998222351
1613180518550,2021-02-13T01:43:14.037Z,49.709,5.182927131652832,3.4146342277526855,-0.792682945728302
1613180518590,2021-02-13T01:43:14.048Z,49.749,2.1341464519500732,1.9512195587158203,-6.95121955871582
1613180518630,2021-02-13T01:43:14.050Z,49.789,-5.182927131652832,5.792683124542236,-10.914634704589844
1613180518669,2021-02-13T01:43:14.052Z,49.828,-6.402439117431641,9.695121765136719,-12.682927131652832
1613180518709,2021-02-13T01:43:14.063Z,49.868,-5.792683124542236,10.792683601379395,-12.682927131652832
1613180518750,2021-02-13T01:43:14.065Z,49.909,-9.57317066192627,11.52439022064209,-12.439024925231934
1613180518788,2021-02-13T01:43:14.076Z,49.947,-8.719511985778809,14.329268455505371,-12.37804889678955
1613180518829,2021-02-13T01:43:14.078Z,49.988,-9.634146690368652,15.670732498168945,-12.92682933807373
1613180518868,2021-02-13T01:43:14.081Z,50.027,-10.54878044128418,14.268293380737305,-14.268293380737305
1613180518908,2021-02-13T01:43:14.092Z,50.067,-13.47560977935791,15.182927131652832,-15.182927131652832
1613180518947,2021-02-13T01:43:14.095Z,50.106,-12.987805366516113,15.54878044128418,-17.439023971557617
1613180518987,2021-02-13T01:43:14.097Z,50.146,-16.890243530273438,17.13414764404297,-18.536584854125977
1613180519027,2021-02-13T01:43:14.108Z,50.186,-22.621952056884766,17.80487823486328,-19.878049850463867
1613180519066,2021-02-13T01:43:14.112Z,50.225,-20.2439022064209,17.621952056884766,-20.30487823486328
1613180519106,2021-02-13T01:43:14.121Z,50.265,-21.40243911743164,17.012195587158203,-20
1613180519145,2021-02-13T01:43:14.123Z,50.304,-20.914634704589844,15.243903160095215,-20.975610733032227
1613180519185,2021-02-13T01:43:14.126Z,50.344,-19.7560977935791,15.731707572937012,-17.80487823486328
1613180519226,2021-02-13T01:43:14.137Z,50.385,-12.987805366516113,17.2560977935791,-12.560976028442383
1613180519264,2021-02-13T01:43:14.139Z,50.423,-17.439023971557617,15.365854263305664,-12.804878234863281
1613180519305,2021-02-13T01:43:14.141Z,50.464,-21.768293380737305,17.7439022064209,-9.695121765136719
1613180519344,2021-02-13T01:43:14.153Z,50.503,-21.463415145874023,17.012195587158203,-9.085366249084473
1613180519384,2021-02-13T01:43:14.155Z,50.543,-10.060976028442383,14.817073822021484,-6.280488014221191
1613180519423,2021-02-13T01:43:14.157Z,50.582,-8.04878044128418,14.02439022064209,-3.5365853309631348
1613180519463,2021-02-13T01:43:14.168Z,50.622,-20.670732498168945,5,-6.5853657722473145
1613180519503,2021-02-13T01:43:14.171Z,50.662,-36.03658676147461,-5.609755992889404,-12.134146690368652
1613180519533,2021-02-13T01:43:14.181Z,50.692,-42.07317352294922,-0.6707317233085632,-21.09756088256836
1613180519571,2021-02-13T01:43:14.187Z,50.73,-21.463415145874023,-2.317073106765747,-28.84146499633789
1613180519612,2021-02-13T01:43:14.187Z,50.771,0.6097561120986938,-12.37804889678955,-19.08536720275879
1613180519652,2021-02-13T01:43:14.198Z,50.811,-13.658536911010742,-1.8292683362960815,-24.14634132385254
1613180519692,2021-02-13T01:43:14.200Z,50.851,-18.292682647705078,5.609755992889404,-18.658536911010742
1613180519731,2021-02-13T01:43:14.202Z,50.89,-10.670731544494629,6.646341800689697,-3.9634146690368652
1613180519771,2021-02-13T01:43:14.213Z,50.93,-5,5.731707572937012,0.3048780560493469
1613180519810,2021-02-13T01:43:14.215Z,50.969,-6.890244007110596,3.658536672592163,4.756097793579102
1613180519850,2021-02-13T01:43:14.226Z,51.009,-14.085366249084473,1.4634146690368652,2.6219513416290283
1613180519889,2021-02-13T01:43:14.228Z,51.048,-12.682927131652832,-0.9146341681480408,-1.5243902206420898
1613180519929,2021-02-13T01:43:14.230Z,51.088,-11.585366249084473,-5.792683124542236,0.18292683362960815
1613180519968,2021-02-13T01:43:14.242Z,51.127,-13.536585807800293,-3.47560977935791,-3.2317073345184326
1613180520009,2021-02-13T01:43:14.244Z,51.168,-8.536585807800293,-5.182927131652832,-0.18292683362960815
1613180520048,2021-02-13T01:43:14.247Z,51.207,-6.52439022064209,-5.792683124542236,4.5731706619262695
1613180520089,2021-02-13T01:43:14.258Z,51.248,-0.6097561120986938,-5.365853786468506,0.7317073345184326
1613180520128,2021-02-13T01:43:14.260Z,51.287,-0.8536585569381714,-6.7682929039001465,2.4390244483947754
1613180520168,2021-02-13T01:43:14.271Z,51.327,-0.18292683362960815,-4.756097793579102,0.6707317233085632
1613180520207,2021-02-13T01:43:14.273Z,51.366,2.2560975551605225,-6.5853657722473145,-4.939024448394775
1613180520247,2021-02-13T01:43:14.275Z,51.406,2.5609755516052246,-7.0731706619262695,-3.2926828861236572
1613180520286,2021-02-13T01:43:14.287Z,51.445,4.45121955871582,-6.5853657722473145,-3.1097562313079834
1613180520326,2021-02-13T01:43:14.290Z,51.485,5.792683124542236,-6.280488014221191,-3.1097562313079834
1613180520365,2021-02-13T01:43:14.291Z,51.524,5.9146342277526855,-8.04878044128418,1.8902438879013062
1613180520405,2021-02-13T01:43:14.303Z,51.564,10.365854263305664,-7.012195110321045,3.7195122241973877
1613180520444,2021-02-13T01:43:14.305Z,51.603,9.268292427062988,-7.012195110321045,5.97560977935791
1613180520485,2021-02-13T01:43:14.307Z,51.644,10.365854263305664,-7.987804889678955,5.792683124542236
1613180520524,2021-02-13T01:43:14.318Z,51.683,14.634146690368652,-10.914634704589844,5.304878234863281
1613180520565,2021-02-13T01:43:14.320Z,51.724,13.231707572937012,-10.609756469726562,5.731707572937012
1613180520604,2021-02-13T01:43:14.331Z,51.763,16.768293380737305,-12.317073822021484,4.0853657722473145
1613180520644,2021-02-13T01:43:14.333Z,51.803,18.04878044128418,-12.256097793579102,3.0487804412841797
1613180520683,2021-02-13T01:43:14.335Z,51.842,16.890243530273438,-12.195121765136719,2.317073106765747
1613180520723,2021-02-13T01:43:14.347Z,51.882,17.19512176513672,-14.329268455505371,1.2804877758026123
1613180520762,2021-02-13T01:43:14.349Z,51.921,17.439023971557617,-15.792683601379395,1.8292683362960815
1613180520802,2021-02-13T01:43:14.351Z,51.961,17.19512176513672,-15.060976028442383,2.2560975551605225
1613180520841,2021-02-13T01:43:14.362Z,52,16.036584854125977,-14.57317066192627,1.4634146690368652
1613180520881,2021-02-13T01:43:14.365Z,52.04,17.80487823486328,-14.45121955871582,1.8292683362960815
1613180520921,2021-02-13T01:43:14.367Z,52.08,19.45121955871582,-13.292683601379395,1.8292683362960815
1613180520962,2021-02-13T01:43:14.378Z,52.121,17.2560977935791,-11.829268455505371,1.9512195587158203
1613180521000,2021-02-13T01:43:14.380Z,52.159,16.768293380737305,-11.890244483947754,1.7073171138763428
1613180521041,2021-02-13T01:43:14.391Z,52.2,17.865854263305664,-12.317073822021484,2.012195110321045
1613180521080,2021-02-13T01:43:14.393Z,52.239,15.42682933807373,-11.95121955871582,1.7073171138763428
1613180521120,2021-02-13T01:43:14.396Z,52.279,14.939024925231934,-11.52439022064209,2.317073106765747
1613180521159,2021-02-13T01:43:14.406Z,52.318,15.792683601379395,-11.09756088256836,2.7439024448394775
1613180521199,2021-02-13T01:43:14.409Z,52.358,14.87804889678955,-9.817073822021484,2.987804889678955
1613180521238,2021-02-13T01:43:14.411Z,52.397,14.390244483947754,-8.780488014221191,2.5
1613180521278,2021-02-13T01:43:14.422Z,52.437,13.658536911010742,-7.439024448394775,1.402438998222351
1613180521318,2021-02-13T01:43:14.424Z,52.477,12.012195587158203,-6.219512462615967,1.7073171138763428
1613180521357,2021-02-13T01:43:14.427Z,52.516,10.853658676147461,-5.792683124542236,2.1341464519500732
1613180521397,2021-02-13T01:43:14.438Z,52.556,9.87804889678955,-5.670732021331787,1.8902438879013062
1613180521438,2021-02-13T01:43:14.440Z,52.597,8.719511985778809,-5,1.9512195587158203
1613180521477,2021-02-13T01:43:14.442Z,52.636,7.804878234863281,-4.695122241973877,2.2560975551605225
1613180521517,2021-02-13T01:43:14.453Z,52.676,8.292682647705078,-5.54878044128418,1.4634146690368652
1613180521556,2021-02-13T01:43:14.456Z,52.715,8.841464042663574,-5.4268293380737305,-0.060975611209869385
1613180521596,2021-02-13T01:43:14.483Z,52.755,8.780488014221191,-5.4268293380737305,-0.9146341681480408
1613180521635,2021-02-13T01:43:14.485Z,52.794,8.292682647705078,-5,-2.2560975551605225
1613180521675,2021-02-13T01:43:14.496Z,52.834,8.231707572937012,-4.939024448394775,-2.682926893234253
1613180521714,2021-02-13T01:43:14.498Z,52.873,7.0731706619262695,-5.182927131652832,-3.1097562313079834
1613180521754,2021-02-13T01:43:14.512Z,52.913,7.0731706619262695,-5.304878234863281,-3.9634146690368652
1613180521794,2021-02-13T01:43:14.514Z,52.953,4.695122241973877,-4.939024448394775,-4.45121955871582
1613180521835,2021-02-13T01:43:14.516Z,52.994,3.7804877758026123,-3.9024391174316406,-3.5365853309631348
1613180521873,2021-02-13T01:43:14.527Z,53.032,1.7073171138763428,-2.7439024448394775,-4.45121955871582
1613180521914,2021-02-13T01:43:14.530Z,53.073,0.9146341681480408,-2.317073106765747,-4.5731706619262695
1613180521952,2021-02-13T01:43:14.532Z,53.111,1.5243902206420898,-1.6463414430618286,-4.45121955871582
1613180521993,2021-02-13T01:43:14.543Z,53.152,2.378048896789551,-0.7317073345184326,-3.9024391174316406
1613180522032,2021-02-13T01:43:14.545Z,53.191,2.5609755516052246,-0.9146341681480408,-3.353658676147461
1613180522072,2021-02-13T01:43:14.556Z,53.231,2.5609755516052246,-1.4634146690368652,-3.658536672592163
1613180522111,2021-02-13T01:43:14.558Z,53.27,2.1341464519500732,-1.5243902206420898,-2.865853786468506
1613180522151,2021-02-13T01:43:14.560Z,53.31,1.9512195587158203,-1.2804877758026123,-2.865853786468506
1613180522191,2021-02-13T01:43:14.572Z,53.35,1.2195122241973877,-1.0365853309631348,-2.9268293380737305
1613180522230,2021-02-13T01:43:14.574Z,53.389,0.9146341681480408,-1.097561001777649,-2.7439024448394775
1613180522270,2021-02-13T01:43:14.576Z,53.429,0.3658536672592163,-0.9146341681480408,-2.682926893234253
1613180522311,2021-02-13T01:43:14.587Z,53.47,-0.4268292784690857,-0.9146341681480408,-3.0487804412841797
1613180522349,2021-02-13T01:43:14.590Z,53.508,-1.1585365533828735,-0.6097561120986938,-3.2926828861236572
1613180522390,2021-02-13T01:43:14.592Z,53.549,-1.9512195587158203,-0.4878048896789551,-3.4146342277526855
1613180522429,2021-02-13T01:43:14.603Z,53.588,-2.682926893234253,-0.7317073345184326,-4.02439022064209
1613180522469,2021-02-13T01:43:14.605Z,53.628,-3.2317073345184326,-0.6707317233085632,-4.02439022064209
1613180522508,2021-02-13T01:43:14.616Z,53.667,-2.987804889678955,-0.4878048896789551,-3.9634146690368652
1613180522548,2021-02-13T01:43:14.618Z,53.707,-3.0487804412841797,-0.3048780560493469,-3.9634146690368652
1613180522588,2021-02-13T01:43:14.620Z,53.747,-2.378048896789551,-0.6707317233085632,-2.987804889678955
1613180522627,2021-02-13T01:43:14.631Z,53.786,-1.402438998222351,-1.0365853309631348,-2.6219513416290283
1613180522667,2021-02-13T01:43:14.634Z,53.826,-2.378048896789551,-1.0365853309631348,-3.2926828861236572
1613180522706,2021-02-13T01:43:14.636Z,53.865,-0.9146341681480408,-1.2804877758026123,-3.2317073345184326
1613180522746,2021-02-13T01:43:14.647Z,53.905,0.18292683362960815,-1.2195122241973877,-2.804877996444702
1613180522787,2021-02-13T01:43:14.649Z,53.946,0.060975611209869385,-0.060975611209869385,-2.0731706619262695
1613180522825,2021-02-13T01:43:14.652Z,53.984,0.792682945728302,-0.18292683362960815,-0.3048780560493469
1613180522866,2021-02-13T01:43:14.663Z,54.025,1.9512195587158203,0.18292683362960815,1.8902438879013062
1613180522905,2021-02-13T01:43:14.665Z,54.064,1.9512195587158203,1.097561001777649,3.841463565826416
1613180522945,2021-02-13T01:43:14.667Z,54.104,2.865853786468506,2.5,5.182927131652832
1613180522985,2021-02-13T01:43:14.678Z,54.144,3.4146342277526855,2.6219513416290283,4.45121955871582
1613180523024,2021-02-13T01:43:14.680Z,54.183,2.987804889678955,0.792682945728302,4.02439022064209
1613180523064,2021-02-13T01:43:14.691Z,54.223,3.5365853309631348,-1.4634146690368652,4.512195110321045
1613180523103,2021-02-13T01:43:14.693Z,54.262,3.0487804412841797,-2.6219513416290283,3.5365853309631348
1613180523143,2021-02-13T01:43:14.696Z,54.302,0.5487805008888245,-2.1341464519500732,2.1341464519500732
1613180523173,2021-02-13T01:43:14.706Z,54.332,-0.12195122241973877,-2.0731706619262695,2.012195110321045
1613180523213,2021-02-13T01:43:14.709Z,54.372,0.8536585569381714,-2.195122003555298,2.012195110321045
1613180523253,2021-02-13T01:43:14.712Z,54.412,1.8292683362960815,-2.804877996444702,2.195122003555298
1613180523292,2021-02-13T01:43:14.723Z,54.451,0.9146341681480408,-2.7439024448394775,3.1097562313079834
1613180523332,2021-02-13T01:43:14.725Z,54.491,0.7317073345184326,-2.012195110321045,3.4146342277526855
1613180523371,2021-02-13T01:43:14.736Z,54.53,0.6097561120986938,-2.2560975551605225,3.7195122241973877
1613180523411,2021-02-13T01:43:14.738Z,54.57,0,-1.8292683362960815,5.670732021331787
1613180523450,2021-02-13T01:43:14.741Z,54.609,-1.0365853309631348,-1.585365891456604,5.4268293380737305
1613180523490,2021-02-13T01:43:14.752Z,54.649,-0.12195122241973877,-1.4634146690368652,5.304878234863281
1613180523529,2021-02-13T01:43:14.754Z,54.688,0.18292683362960815,-1.2804877758026123,5.54878044128418
1613180523570,2021-02-13T01:43:14.756Z,54.729,0.12195122241973877,-1.2195122241973877,4.817073345184326
1613180523609,2021-02-13T01:43:14.768Z,54.768,0,-0.9756097793579102,3.4146342277526855
1613180523650,2021-02-13T01:43:14.770Z,54.809,-0.18292683362960815,-0.792682945728302,2.5609755516052246
1613180523689,2021-02-13T01:43:14.772Z,54.848,-1.2804877758026123,-0.4268292784690857,2.378048896789551
1613180523729,2021-02-13T01:43:14.783Z,54.888,-1.2804877758026123,0.18292683362960815,2.378048896789551
1613180523768,2021-02-13T01:43:14.785Z,54.927,-0.9756097793579102,0.8536585569381714,2.9268293380737305
1613180523808,2021-02-13T01:43:14.796Z,54.967,-0.4878048896789551,1.3414634466171265,3.5365853309631348
1613180523847,2021-02-13T01:43:14.798Z,55.006,0.12195122241973877,1.4634146690368652,4.390244007110596
1613180523887,2021-02-13T01:43:14.800Z,55.046,-1.1585365533828735,1.7073171138763428,4.695122241973877
1613180523926,2021-02-13T01:43:14.812Z,55.085,-1.2195122241973877,1.7682926654815674,4.634146213531494
1613180523966,2021-02-13T01:43:14.814Z,55.125,-1.6463414430618286,1.7073171138763428,4.634146213531494
1613180524006,2021-02-13T01:43:14.816Z,55.165,-2.4390244483947754,1.402438998222351,4.512195110321045
1613180524047,2021-02-13T01:43:14.827Z,55.206,-2.6219513416290283,1.3414634466171265,4.512195110321045
1613180524085,2021-02-13T01:43:14.830Z,55.244,-2.2560975551605225,1.2804877758026123,4.512195110321045
1613180524126,2021-02-13T01:43:14.832Z,55.285,-2.378048896789551,1.5243902206420898,4.45121955871582
1613180524165,2021-02-13T01:43:14.843Z,55.324,-2.5609755516052246,1.5243902206420898,5.182927131652832
1613180524205,2021-02-13T01:43:14.845Z,55.364,-3.0487804412841797,1.3414634466171265,4.146341323852539
1613180524244,2021-02-13T01:43:14.856Z,55.403,-2.5,1.585365891456604,3.841463565826416
1613180524284,2021-02-13T01:43:14.858Z,55.443,-1.9512195587158203,1.6463414430618286,3.841463565826416
1613180524323,2021-02-13T01:43:14.860Z,55.482,-1.7682926654815674,1.585365891456604,3.841463565826416
1613180524363,2021-02-13T01:43:14.871Z,55.522,-1.5243902206420898,1.7073171138763428,3.7804877758026123
1613180524402,2021-02-13T01:43:14.874Z,55.561,-0.9756097793579102,1.8902438879013062,3.5975611209869385
1613180524442,2021-02-13T01:43:14.876Z,55.601,-0.7317073345184326,2.1341464519500732,3.841463565826416
1613180524482,2021-02-13T01:43:14.887Z,55.641,-0.4268292784690857,1.6463414430618286,4.0853657722473145
1613180524523,2021-02-13T01:43:14.890Z,55.682,-0.6707317233085632,1.7682926654815674,4.2682929039001465
1613180524561,2021-02-13T01:43:14.901Z,55.72,-1.402438998222351,2.2560975551605225,4.0853657722473145
1613180524602,2021-02-13T01:43:14.903Z,55.761,-1.9512195587158203,2.378048896789551,3.5365853309631348
1613180524641,2021-02-13T01:43:14.905Z,55.8,-1.7682926654815674,2.4390244483947754,2.7439024448394775
1613180524681,2021-02-13T01:43:14.947Z,55.84,-1.7073171138763428,2.012195110321045,1.9512195587158203
1613180524720,2021-02-13T01:43:14.949Z,55.879,-2.012195110321045,1.5243902206420898,1.0365853309631348
1613180524760,2021-02-13T01:43:14.952Z,55.919,-1.585365891456604,0.8536585569381714,0.3658536672592163
1613180524799,2021-02-13T01:43:14.963Z,55.958,-1.402438998222351,0.792682945728302,-0.3658536672592163
1613180524839,2021-02-13T01:43:14.965Z,55.998,-0.4268292784690857,0.060975611209869385,-0.792682945728302
1613180524879,2021-02-13T01:43:14.967Z,56.038,-0.3658536672592163,0.24390244483947754,-0.3658536672592163
1613180524918,2021-02-13T01:43:14.978Z,56.077,0.4268292784690857,0.3048780560493469,-0.18292683362960815
1613180524958,2021-02-13T01:43:14.981Z,56.117,0.3048780560493469,0.5487805008888245,-0.4878048896789551
1613180524999,2021-02-13T01:43:14.991Z,56.158,1.402438998222351,0.4268292784690857,-0.18292683362960815
1613180525037,2021-02-13T01:43:14.993Z,56.196,1.2195122241973877,0.18292683362960815,-0.3048780560493469
1613180525078,2021-02-13T01:43:14.996Z,56.237,0.9146341681480408,0.060975611209869385,-0.3658536672592163
1613180525117,2021-02-13T01:43:15.007Z,56.276,0.8536585569381714,0,-0.6707317233085632
1613180525157,2021-02-13T01:43:15.009Z,56.316,0.6097561120986938,-0.18292683362960815,-0.4878048896789551
1613180525196,2021-02-13T01:43:15.011Z,56.355,0.060975611209869385,-0.18292683362960815,-0.24390244483947754
1613180525236,2021-02-13T01:43:15.036Z,56.395,-0.4268292784690857,-0.4878048896789551,-0.3048780560493469
1613180525276,2021-02-13T01:43:15.038Z,56.435,-0.792682945728302,-0.6097561120986938,-0.24390244483947754
1613180525315,2021-02-13T01:43:15.040Z,56.474,-1.3414634466171265,-0.3658536672592163,0.060975611209869385
1613180525355,2021-02-13T01:43:15.051Z,56.514,-2.7439024448394775,0.18292683362960815,-0.12195122241973877
1613180525394,2021-02-13T01:43:15.054Z,56.553,-2.9268293380737305,0.12195122241973877,-0.3658536672592163
1613180525434,2021-02-13T01:43:15.057Z,56.593,-2.6219513416290283,-0.7317073345184326,-0.792682945728302
1613180525475,2021-02-13T01:43:15.068Z,56.634,-2.9268293380737305,-0.6707317233085632,-1.2804877758026123
1613180525514,2021-02-13T01:43:15.070Z,56.673,-2.9268293380737305,-0.6097561120986938,-1.5243902206420898
1613180525554,2021-02-13T01:43:15.081Z,56.713,-2.378048896789551,-1.097561001777649,-1.7073171138763428
1613180525593,2021-02-13T01:43:15.083Z,56.752,-2.5,-1.1585365533828735,-1.585365891456604
1613180525633,2021-02-13T01:43:15.086Z,56.792,-2.5,-1.097561001777649,-1.2195122241973877
1613180525673,2021-02-13T01:43:15.096Z,56.832,-3.0487804412841797,-1.1585365533828735,-2.2560975551605225
1613180525712,2021-02-13T01:43:15.099Z,56.871,-3.170731782913208,-1.2804877758026123,-2.6219513416290283
1613180525752,2021-02-13T01:43:15.101Z,56.911,-2.987804889678955,-1.4634146690368652,-3.1097562313079834
1613180525791,2021-02-13T01:43:15.112Z,56.95,-3.4146342277526855,-1.7073171138763428,-3.47560977935791
1613180525831,2021-02-13T01:43:15.114Z,56.99,-4.0853657722473145,-1.7682926654815674,-3.2926828861236572
1613180525870,2021-02-13T01:43:15.117Z,57.029,-5.853658676147461,-1.3414634466171265,-3.170731782913208
1613180525910,2021-02-13T01:43:15.128Z,57.069,-8.414634704589844,-0.9756097793579102,-4.45121955871582
1613180525951,2021-02-13T01:43:15.130Z,57.11,-8.109756469726562,-0.9146341681480408,-5.487804889678955
1613180525989,2021-02-13T01:43:15.132Z,57.148,-5.853658676147461,-0.18292683362960815,-6.463414669036865
1613180526030,2021-02-13T01:43:15.143Z,57.189,-5.54878044128418,0.060975611209869385,-7.682927131652832
1613180526069,2021-02-13T01:43:15.145Z,57.228,-6.097560882568359,0.3658536672592163,-8.04878044128418
1613180526109,2021-02-13T01:43:15.156Z,57.268,-6.097560882568359,0.4878048896789551,-8.231707572937012
1613180526149,2021-02-13T01:43:15.158Z,57.308,-6.097560882568359,0.6097561120986938,-8.90243911743164
1613180526188,2021-02-13T01:43:15.161Z,57.347,-4.817073345184326,1.097561001777649,-8.658536911010742
1613180526228,2021-02-13T01:43:15.172Z,57.387,-3.0487804412841797,0.9756097793579102,-8.292682647705078
1613180526267,2021-02-13T01:43:15.174Z,57.426,-1.8292683362960815,-0.060975611209869385,-8.04878044128418
1613180526307,2021-02-13T01:43:15.177Z,57.466,-2.012195110321045,-0.3048780560493469,-7.987804889678955
1613180526348,2021-02-13T01:43:15.188Z,57.507,-0.3048780560493469,-0.060975611209869385,-6.707317352294922
1613180526386,2021-02-13T01:43:15.190Z,57.545,0.6097561120986938,0.3658536672592163,-6.097560882568359
1613180526427,2021-02-13T01:43:15.192Z,57.586,1.7682926654815674,0.4878048896789551,-4.45121955871582
1613180526466,2021-02-13T01:43:15.203Z,57.625,2.378048896789551,-0.060975611209869385,-2.1341464519500732
1613180526506,2021-02-13T01:43:15.205Z,57.665,2.4390244483947754,-0.3048780560493469,0.24390244483947754
1613180526546,2021-02-13T01:43:15.216Z,57.705,3.47560977935791,-0.12195122241973877,2.865853786468506
1613180526585,2021-02-13T01:43:15.218Z,57.744,4.207317352294922,0.3658536672592163,4.146341323852539
1613180526625,2021-02-13T01:43:15.221Z,57.784,4.695122241973877,-0.4268292784690857,4.512195110321045
1613180526664,2021-02-13T01:43:15.232Z,57.823,4.207317352294922,-2.4390244483947754,4.939024448394775
1613180526704,2021-02-13T01:43:15.234Z,57.863,3.353658676147461,-3.7804877758026123,4.390244007110596
1613180526745,2021-02-13T01:43:15.236Z,57.904,2.682926893234253,-3.9634146690368652,3.1097562313079834
1613180526783,2021-02-13T01:43:15.248Z,57.942,1.9512195587158203,-3.47560977935791,1.8902438879013062
1613180526824,2021-02-13T01:43:15.250Z,57.983,2.1341464519500732,-3.353658676147461,0.9146341681480408
1613180526862,2021-02-13T01:43:15.252Z,58.021,2.5609755516052246,-3.2926828861236572,0.3658536672592163
1613180526903,2021-02-13T01:43:15.263Z,58.062,2.317073106765747,-2.865853786468506,0.3048780560493469
1613180526943,2021-02-13T01:43:15.265Z,58.102,1.4634146690368652,-2.2560975551605225,0.3048780560493469
1613180526982,2021-02-13T01:43:15.276Z,58.141,1.8902438879013062,-2.682926893234253,0.9146341681480408
1613180527022,2021-02-13T01:43:15.278Z,58.181,2.5,-2.804877996444702,1.1585365533828735
1613180527051,2021-02-13T01:43:15.280Z,58.21,2.6219513416290283,-2.2560975551605225,1.7682926654815674
1613180527090,2021-02-13T01:43:15.293Z,58.249,1.5243902206420898,-1.7682926654815674,1.4634146690368652
1613180527130,2021-02-13T01:43:15.296Z,58.289,0.6707317233085632,-1.1585365533828735,1.6463414430618286
1613180527170,2021-02-13T01:43:15.307Z,58.329,1.097561001777649,-1.0365853309631348,1.7682926654815674
1613180527211,2021-02-13T01:43:15.309Z,58.37,2.4390244483947754,-1.5243902206420898,0.792682945728302
1613180527250,2021-02-13T01:43:15.313Z,58.409,2.378048896789551,-1.1585365533828735,0
1613180527290,2021-02-13T01:43:15.323Z,58.449,2.2560975551605225,-1.2195122241973877,0.5487805008888245
1613180527329,2021-02-13T01:43:15.325Z,58.488,1.7682926654815674,-1.0365853309631348,1.402438998222351
1613180527369,2021-02-13T01:43:15.327Z,58.528,1.9512195587158203,-0.4878048896789551,2.195122003555298
1613180527408,2021-02-13T01:43:15.338Z,58.567,2.5,-0.24390244483947754,3.658536672592163
1613180527448,2021-02-13T01:43:15.340Z,58.607,2.682926893234253,-0.060975611209869385,4.512195110321045
1613180527487,2021-02-13T01:43:15.351Z,58.646,2.5,0.060975611209869385,4.695122241973877
1613180527527,2021-02-13T01:43:15.353Z,58.686,2.682926893234253,0,4.817073345184326
1613180527567,2021-02-13T01:43:15.357Z,58.726,2.5,-0.5487805008888245,4.756097793579102
1613180527608,2021-02-13T01:43:15.368Z,58.767,2.012195110321045,-0.5487805008888245,3.9634146690368652
1613180527646,2021-02-13T01:43:15.370Z,58.805,1.6463414430618286,-0.5487805008888245,3.170731782913208
1613180527687,2021-02-13T01:43:15.372Z,58.846,1.0365853309631348,-0.6097561120986938,2.5
1613180527726,2021-02-13T01:43:15.383Z,58.885,1.1585365533828735,-0.4268292784690857,1.7682926654815674
1613180527766,2021-02-13T01:43:15.386Z,58.925,0.9756097793579102,-0.24390244483947754,1.2195122241973877
1613180527805,2021-02-13T01:43:15.413Z,58.964,0.792682945728302,0.6097561120986938,1.6463414430618286
1613180527845,2021-02-13T01:43:15.415Z,59.004,0.4268292784690857,0.7317073345184326,0.792682945728302
1613180527884,2021-02-13T01:43:15.426Z,59.043,0.6707317233085632,0.6097561120986938,0.18292683362960815
1613180527924,2021-02-13T01:43:15.428Z,59.083,0.9756097793579102,0.6097561120986938,-0.18292683362960815
1613180527964,2021-02-13T01:43:15.431Z,59.123,1.402438998222351,0,-0.6097561120986938
1613180528005,2021-02-13T01:43:15.442Z,59.164,0.5487805008888245,0.6097561120986938,-1.2804877758026123
1613180528043,2021-02-13T01:43:15.444Z,59.202,-0.060975611209869385,0.8536585569381714,-1.402438998222351
1613180528084,2021-02-13T01:43:15.446Z,59.243,-0.12195122241973877,0.3658536672592163,-1.6463414430618286
1613180528122,2021-02-13T01:43:15.458Z,59.281,-0.24390244483947754,-0.060975611209869385,-1.6463414430618286
1613180528163,2021-02-13T01:43:15.460Z,59.322,-0.3048780560493469,-0.060975611209869385,-1.585365891456604
1613180528202,2021-02-13T01:43:15.462Z,59.361,-0.3048780560493469,0.060975611209869385,-1.4634146690368652
1613180528242,2021-02-13T01:43:15.473Z,59.401,-0.18292683362960815,-0.12195122241973877,-1.097561001777649
1613180528281,2021-02-13T01:43:15.475Z,59.44,0.18292683362960815,-0.18292683362960815,-0.3048780560493469
1613180528321,2021-02-13T01:43:15.486Z,59.48,0.3048780560493469,-0.24390244483947754,0.3658536672592163
1613180528360,2021-02-13T01:43:15.488Z,59.519,0,0.12195122241973877,0.5487805008888245
1613180528400,2021-02-13T01:43:15.490Z,59.559,0.24390244483947754,-0.3048780560493469,0.6707317233085632
1613180528440,2021-02-13T01:43:15.502Z,59.599,0.12195122241973877,-0.18292683362960815,0.7317073345184326
1613180528479,2021-02-13T01:43:15.504Z,59.638,0.24390244483947754,-0.3048780560493469,0.9756097793579102
1613180528519,2021-02-13T01:43:15.506Z,59.678,0.24390244483947754,-0.3048780560493469,0.792682945728302
1613180528560,2021-02-13T01:43:15.518Z,59.719,-0.4268292784690857,0,1.3414634466171265
1613180528598,2021-02-13T01:43:15.520Z,59.757,-0.6097561120986938,0,0.6097561120986938
1613180528639,2021-02-13T01:43:15.522Z,59.798,-0.6097561120986938,0.3048780560493469,0.7317073345184326
1613180528678,2021-02-13T01:43:15.535Z,59.837,-0.3048780560493469,0.3658536672592163,1.0365853309631348
1613180528718,2021-02-13T01:43:15.535Z,59.877,-0.3048780560493469,0.060975611209869385,1.2804877758026123
1613180528757,2021-02-13T01:43:15.546Z,59.916,-0.792682945728302,0.12195122241973877,1.097561001777649
1613180528797,2021-02-13T01:43:15.548Z,59.956,-0.792682945728302,0.18292683362960815,1.1585365533828735
1613180528837,2021-02-13T01:43:15.550Z,59.996,-0.9756097793579102,0.18292683362960815,1.097561001777649
1613180528876,2021-02-13T01:43:15.562Z,60.035,-0.9146341681480408,-0.18292683362960815,1.0365853309631348
1613180528916,2021-02-13T01:43:15.564Z,60.075,-1.0365853309631348,-0.18292683362960815,0.9756097793579102
1613180528955,2021-02-13T01:43:15.567Z,60.114,-1.2195122241973877,-0.24390244483947754,0.8536585569381714
1613180528995,2021-02-13T01:43:15.577Z,60.154,-1.402438998222351,-0.18292683362960815,0.3048780560493469
1613180529034,2021-02-13T01:43:15.580Z,60.193,-1.3414634466171265,-0.3048780560493469,0
1613180529074,2021-02-13T01:43:15.582Z,60.233,-1.5243902206420898,-0.4268292784690857,-0.3048780560493469
1613180529115,2021-02-13T01:43:15.593Z,60.274,-1.4634146690368652,-0.3048780560493469,-0.6097561120986938
1613180529154,2021-02-13T01:43:15.595Z,60.313,-1.585365891456604,-0.18292683362960815,-0.7317073345184326
1613180529194,2021-02-13T01:43:15.606Z,60.353,-1.585365891456604,0.12195122241973877,-1.097561001777649
1613180529234,2021-02-13T01:43:15.608Z,60.393,-1.585365891456604,0.18292683362960815,-1.097561001777649
1613180529273,2021-02-13T01:43:15.621Z,60.432,-1.0365853309631348,-0.12195122241973877,-0.792682945728302
1613180529313,2021-02-13T01:43:15.630Z,60.472,-1.7073171138763428,0.4268292784690857,-0.3048780560493469
1613180529352,2021-02-13T01:43:15.631Z,60.511,-1.4634146690368652,0.3048780560493469,-0.24390244483947754
1613180529392,2021-02-13T01:43:15.637Z,60.551,-1.1585365533828735,0.24390244483947754,-0.12195122241973877
1613180529431,2021-02-13T01:43:15.639Z,60.59,-0.24390244483947754,-0.060975611209869385,0.4268292784690857
1613180529471,2021-02-13T01:43:15.641Z,60.63,-0.3048780560493469,-0.060975611209869385,0.3658536672592163
1613180529510,2021-02-13T01:43:15.653Z,60.669,-0.8536585569381714,0.4878048896789551,0.3658536672592163
1613180529550,2021-02-13T01:43:15.655Z,60.709,-0.7317073345184326,0.6097561120986938,0.7317073345184326
1613180529591,2021-02-13T01:43:15.657Z,60.75,-0.6097561120986938,0.7317073345184326,0.7317073345184326
1613180529631,2021-02-13T01:43:15.668Z,60.79,-0.5487805008888245,0.6097561120986938,0.9146341681480408
1613180529670,2021-02-13T01:43:15.670Z,60.829,-0.12195122241973877,0.792682945728302,1.097561001777649
1613180529710,2021-02-13T01:43:15.681Z,60.869,0.060975611209869385,0.8536585569381714,0.9756097793579102
1613180529749,2021-02-13T01:43:15.683Z,60.908,-0.24390244483947754,1.0365853309631348,1.0365853309631348
1613180529789,2021-02-13T01:43:15.686Z,60.948,-0.24390244483947754,0.8536585569381714,0.9756097793579102
1613180529828,2021-02-13T01:43:15.697Z,60.987,-0.12195122241973877,0.9146341681480408,1.2195122241973877
1613180529868,2021-02-13T01:43:15.699Z,61.027,-0.18292683362960815,1.402438998222351,1.7682926654815674
1613180529909,2021-02-13T01:43:15.701Z,61.068,0.3048780560493469,1.585365891456604,2.6219513416290283
1613180529947,2021-02-13T01:43:15.712Z,61.106,0.792682945728302,2.2560975551605225,3.5975611209869385
1613180529988,2021-02-13T01:43:15.715Z,61.147,1.2195122241973877,2.5609755516052246,4.634146213531494
1613180530027,2021-02-13T01:43:15.717Z,61.186,1.1585365533828735,2.9268293380737305,5.304878234863281
1613180530067,2021-02-13T01:43:15.728Z,61.226,1.1585365533828735,3.47560977935791,5.792683124542236
1613180530107,2021-02-13T01:43:15.730Z,61.266,0.7317073345184326,3.47560977935791,5.121951103210449
1613180530146,2021-02-13T01:43:15.742Z,61.305,0.3658536672592163,3.9634146690368652,4.207317352294922
1613180530186,2021-02-13T01:43:15.744Z,61.345,0,3.7195122241973877,3.658536672592163
1613180530225,2021-02-13T01:43:15.746Z,61.384,0.12195122241973877,3.7804877758026123,3.353658676147461
1613180530265,2021-02-13T01:43:15.757Z,61.424,-0.4268292784690857,3.47560977935791,2.378048896789551
1613180530304,2021-02-13T01:43:15.760Z,61.463,-0.24390244483947754,3.2926828861236572,2.1341464519500732
1613180530344,2021-02-13T01:43:15.762Z,61.503,-0.3658536672592163,3.0487804412841797,1.8292683362960815
1613180530385,2021-02-13T01:43:15.773Z,61.544,-0.24390244483947754,2.5,1.402438998222351
1613180530423,2021-02-13T01:43:15.775Z,61.582,-0.4268292784690857,2.317073106765747,1.402438998222351
1613180530464,2021-02-13T01:43:15.786Z,61.623,-0.18292683362960815,1.9512195587158203,1.7682926654815674
1613180530504,2021-02-13T01:43:15.788Z,61.663,-0.060975611209869385,2.2560975551605225,1.7682926654815674
1613180530543,2021-02-13T01:43:15.790Z,61.702,-0.24390244483947754,2.5,2.378048896789551
1613180530583,2021-02-13T01:43:15.802Z,61.742,-0.3658536672592163,2.9268293380737305,2.5609755516052246
1613180530622,2021-02-13T01:43:15.804Z,61.781,-0.7317073345184326,3.4146342277526855,2.682926893234253
1613180530662,2021-02-13T01:43:15.806Z,61.821,-0.9756097793579102,3.841463565826416,2.195122003555298
1613180530701,2021-02-13T01:43:15.817Z,61.86,-0.9146341681480408,4.207317352294922,1.1585365533828735
1613180530741,2021-02-13T01:43:15.820Z,61.9,-1.0365853309631348,4.02439022064209,-0.12195122241973877
1613180530772,2021-02-13T01:43:15.820Z,61.931,-1.2804877758026123,3.9024391174316406,-0.5487805008888245
1613180530811,2021-02-13T01:43:15.832Z,61.97,-1.4634146690368652,4.02439022064209,-1.7073171138763428
1613180530851,2021-02-13T01:43:15.834Z,62.01,-1.9512195587158203,3.7195122241973877,-2.865853786468506
1613180530890,2021-02-13T01:43:15.846Z,62.049,-1.2804877758026123,3.2317073345184326,-2.5609755516052246
1613180530930,2021-02-13T01:43:15.878Z,62.089,-0.9756097793579102,3.2926828861236572,-2.2560975551605225
1613180530969,2021-02-13T01:43:15.881Z,62.128,-1.2804877758026123,3.2926828861236572,-1.7682926654815674
1613180531009,2021-02-13T01:43:15.892Z,62.168,-0.6097561120986938,2.804877996444702,-0.9146341681480408
1613180531048,2021-02-13T01:43:15.894Z,62.207,-0.3048780560493469,2.5609755516052246,-0.24390244483947754
1613180531088,2021-02-13T01:43:15.896Z,62.247,-1.097561001777649,2.5609755516052246,-0.6707317233085632
1613180531128,2021-02-13T01:43:15.908Z,62.287,-1.9512195587158203,2.2560975551605225,-0.9756097793579102
1613180531167,2021-02-13T01:43:15.910Z,62.326,-2.804877996444702,1.585365891456604,-1.8902438879013062
1613180531207,2021-02-13T01:43:15.921Z,62.366,-4.0853657722473145,0.6707317233085632,-3.2926828861236572
1613180531248,2021-02-13T01:43:15.923Z,62.407,-4.695122241973877,-0.9756097793579102,-4.695122241973877
1613180531287,2021-02-13T01:43:15.926Z,62.446,-4.02439022064209,-1.8902438879013062,-4.329268455505371
1613180531327,2021-02-13T01:43:15.937Z,62.486,-3.5975611209869385,-2.378048896789551,-2.682926893234253
1613180531366,2021-02-13T01:43:15.939Z,62.525,-3.353658676147461,-2.6219513416290283,-1.2195122241973877
1613180531406,2021-02-13T01:43:15.946Z,62.565,-4.207317352294922,-2.2560975551605225,0
1613180531445,2021-02-13T01:43:15.953Z,62.604,-3.353658676147461,-2.987804889678955,1.5243902206420898
1613180531485,2021-02-13T01:43:15.955Z,62.644,-4.207317352294922,-2.804877996444702,2.987804889678955
1613180531525,2021-02-13T01:43:15.957Z,62.684,-3.841463565826416,-2.2560975551605225,5.365853786468506
1613180531564,2021-02-13T01:43:15.968Z,62.723,-2.682926893234253,-1.9512195587158203,6.097560882568359
1613180531604,2021-02-13T01:43:15.970Z,62.763,-3.7195122241973877,-1.7073171138763428,8.414634704589844
1613180531645,2021-02-13T01:43:15.981Z,62.804,-2.1341464519500732,-1.4634146690368652,9.756097793579102
1613180531683,2021-02-13T01:43:15.983Z,62.842,-4.634146213531494,-1.9512195587158203,12.37804889678955
1613180531724,2021-02-13T01:43:15.985Z,62.883,-5.731707572937012,-0.792682945728302,14.207317352294922
1613180531763,2021-02-13T01:43:15.997Z,62.922,-6.097560882568359,-2.0731706619262695,15.670732498168945
1613180531803,2021-02-13T01:43:15.999Z,62.962,-6.463414669036865,-2.0731706619262695,14.329268455505371
1613180531842,2021-02-13T01:43:16.001Z,63.001,-11.768293380737305,-7.195122241973877,17.7439022064209
1613180531882,2021-02-13T01:43:16.012Z,63.041,-12.743903160095215,-2.5,16.158536911010742
1613180531922,2021-02-13T01:43:16.015Z,63.081,-16.707317352294922,0.3658536672592163,10.182927131652832
1613180531961,2021-02-13T01:43:16.017Z,63.12,-17.2560977935791,-0.060975611209869385,6.158536911010742
1613180532001,2021-02-13T01:43:16.028Z,63.16,-17.560976028442383,2.865853786468506,4.939024448394775
1613180532040,2021-02-13T01:43:16.030Z,63.199,-2.0731706619262695,-2.987804889678955,18.04878044128418
1613180532080,2021-02-13T01:43:16.041Z,63.239,-5.243902683258057,-3.5365853309631348,14.268293380737305
1613180532121,2021-02-13T01:43:16.043Z,63.28,-16.829269409179688,-1.8902438879013062,13.841464042663574
1613180532159,2021-02-13T01:43:16.045Z,63.318,-7.987804889678955,-4.817073345184326,14.329268455505371
1613180532200,2021-02-13T01:43:16.056Z,63.359,-11.890244483947754,-1.1585365533828735,24.878049850463867
1613180532239,2021-02-13T01:43:16.059Z,63.398,9.695121765136719,-7.865853786468506,28.170732498168945
1613180532279,2021-02-13T01:43:16.061Z,63.438,-3.2317073345184326,-3.4146342277526855,19.329269409179688
1613180532318,2021-02-13T01:43:16.072Z,63.477,4.512195110321045,-8.109756469726562,16.341463088989258
1613180532358,2021-02-13T01:43:16.074Z,63.517,10.792683601379395,-2.317073106765747,9.329268455505371
1613180532398,2021-02-13T01:43:16.077Z,63.557,16.09756088256836,-2.865853786468506,6.280488014221191
1613180532437,2021-02-13T01:43:16.088Z,63.596,33.353660583496094,-18.90243911743164,-12.07317066192627
1613180532477,2021-02-13T01:43:16.090Z,63.636,14.390244483947754,-3.2317073345184326,-20.792682647705078
1613180532516,2021-02-13T01:43:16.092Z,63.675,0.9756097793579102,23.780488967895508,-14.756097793579102
1613180532556,2021-02-13T01:43:16.103Z,63.715,3.353658676147461,22.80487823486328,-17.7439022064209
1613180532597,2021-02-13T01:43:16.106Z,63.756,22.865854263305664,3.9634146690368652,-8.841464042663574
1613180532635,2021-02-13T01:43:16.116Z,63.794,34.085365295410156,-13.04878044128418,7.012195110321045
1613180532676,2021-02-13T01:43:16.119Z,63.835,36.70731735229492,-18.719512939453125,12.195121765136719
1613180532715,2021-02-13T01:43:16.122Z,63.874,20.487804412841797,-7.987804889678955,2.378048896789551
1613180532755,2021-02-13T01:43:16.132Z,63.914,6.52439022064209,7.682927131652832,-9.695121765136719
1613180532795,2021-02-13T01:43:16.134Z,63.954,-1.097561001777649,11.219511985778809,-15.182927131652832
1613180532834,2021-02-13T01:43:16.137Z,63.993,-0.5487805008888245,8.59756088256836,-14.207317352294922
1613180532874,2021-02-13T01:43:16.148Z,64.033,-13.109756469726562,10.060976028442383,-12.560976028442383
1613180532913,2021-02-13T01:43:16.150Z,64.072,-21.524391174316406,6.463414669036865,-4.512195110321045
1613180532953,2021-02-13T01:43:16.152Z,64.112,-19.878049850463867,5.97560977935791,0.12195122241973877
1613180532992,2021-02-13T01:43:16.163Z,64.151,-20.121952056884766,2.987804889678955,1.1585365533828735
1613180533032,2021-02-13T01:43:16.176Z,64.191,-17.012195587158203,-2.2560975551605225,2.804877996444702
1613180533073,2021-02-13T01:43:16.178Z,64.232,-16.707317352294922,-5.060975551605225,3.2926828861236572
1613180533111,2021-02-13T01:43:16.180Z,64.27,-8.04878044128418,-9.756097793579102,4.634146213531494
1613180533152,2021-02-13T01:43:16.192Z,64.311,-7.0731706619262695,-11.829268455505371,4.695122241973877
1613180533192,2021-02-13T01:43:16.194Z,64.351,-4.634146213531494,-16.890243530273438,2.7439024448394775
1613180533231,2021-02-13T01:43:16.196Z,64.39,-2.0731706619262695,-18.719512939453125,0.6097561120986938
1613180533271,2021-02-13T01:43:16.207Z,64.43,0.4268292784690857,-20.18292808532715,0.5487805008888245
1613180533310,2021-02-13T01:43:16.210Z,64.469,3.7804877758026123,-18.841463088989258,0.792682945728302
1613180533350,2021-02-13T01:43:16.212Z,64.509,-1.0365853309631348,-14.512195587158203,0.4878048896789551
1613180533389,2021-02-13T01:43:16.223Z,64.548,0.6707317233085632,-10.243902206420898,-2.4390244483947754
1613180533429,2021-02-13T01:43:16.225Z,64.588,-0.9146341681480408,-3.5975611209869385,-5
1613180533468,2021-02-13T01:43:16.236Z,64.627,-0.24390244483947754,1.3414634466171265,-5.487804889678955
1613180533508,2021-02-13T01:43:16.238Z,64.667,-1.8902438879013062,5.4268293380737305,-5.121951103210449
1613180533549,2021-02-13T01:43:16.240Z,64.708,-1.4634146690368652,8.963415145874023,-3.47560977935791
1613180533587,2021-02-13T01:43:16.251Z,64.746,-1.4634146690368652,11.95121955871582,-2.865853786468506
1613180533628,2021-02-13T01:43:16.254Z,64.787,-2.195122003555298,12.987805366516113,-2.378048896789551
1613180533668,2021-02-13T01:43:16.256Z,64.827,1.0365853309631348,12.439024925231934,-1.3414634466171265
1613180533707,2021-02-13T01:43:16.267Z,64.866,2.378048896789551,10.060976028442383,-1.5243902206420898
1613180533747,2021-02-13T01:43:16.269Z,64.906,7.0731706619262695,6.7682929039001465,0.3048780560493469
1613180533786,2021-02-13T01:43:16.272Z,64.945,13.658536911010742,4.5731706619262695,0.7317073345184326
1613180533826,2021-02-13T01:43:16.283Z,64.985,15.487805366516113,1.5243902206420898,1.1585365533828735
1613180533865,2021-02-13T01:43:16.285Z,65.024,16.524391174316406,-0.24390244483947754,0.4268292784690857
1613180533905,2021-02-13T01:43:16.287Z,65.064,16.768293380737305,-1.1585365533828735,-1.7073171138763428
1613180533944,2021-02-13T01:43:16.298Z,65.103,14.634146690368652,-2.2560975551605225,-3.9024391174316406
1613180533984,2021-02-13T01:43:16.301Z,65.143,15.365854263305664,-2.5,-4.5731706619262695
1613180534025,2021-02-13T01:43:16.342Z,65.184,14.57317066192627,-0.3048780560493469,-4.817073345184326
1613180534065,2021-02-13T01:43:16.344Z,65.224,10.487805366516113,-2.7439024448394775,-7.5
1613180534104,2021-02-13T01:43:16.347Z,65.263,14.695122718811035,-0.4268292784690857,-10.12195110321045
1613180534144,2021-02-13T01:43:16.358Z,65.303,18.109756469726562,2.012195110321045,-7.621951580047607
1613180534183,2021-02-13T01:43:16.360Z,65.342,1.1585365533828735,-1.097561001777649,-3.2926828861236572
1613180534223,2021-02-13T01:43:16.371Z,65.382,5.182927131652832,-2.682926893234253,0.6707317233085632
1613180534262,2021-02-13T01:43:16.373Z,65.421,-0.060975611209869385,-3.9634146690368652,2.865853786468506
1613180534302,2021-02-13T01:43:16.375Z,65.461,1.2195122241973877,-2.9268293380737305,2.865853786468506
1613180534341,2021-02-13T01:43:16.387Z,65.5,4.2682929039001465,-5.853658676147461,3.1097562313079834
1613180534381,2021-02-13T01:43:16.389Z,65.54,-6.036585330963135,-6.036585330963135,5.731707572937012
1613180534421,2021-02-13T01:43:16.392Z,65.58,-5.792683124542236,-5.4268293380737305,7.865853786468506
1613180534460,2021-02-13T01:43:16.403Z,65.619,-15.609756469726562,-3.9634146690368652,0.7317073345184326
1613180534501,2021-02-13T01:43:16.405Z,65.66,-12.5,-3.2317073345184326,-3.7804877758026123
1613180534539,2021-02-13T01:43:16.416Z,65.698,-19.14634132385254,-3.1097562313079834,-7.439024448394775
1613180534580,2021-02-13T01:43:16.418Z,65.739,-13.90243911743164,1.5243902206420898,-7.0731706619262695
1613180534620,2021-02-13T01:43:16.421Z,65.779,-20.2439022064209,5,-9.695121765136719
1613180534651,2021-02-13T01:43:16.431Z,65.81,-18.231708526611328,5.54878044128418,-8.414634704589844
1613180534689,2021-02-13T01:43:16.434Z,65.848,-17.317073822021484,5.792683124542236,-5.54878044128418
1613180534728,2021-02-13T01:43:16.436Z,65.887,-14.634146690368652,5.9146342277526855,-3.4146342277526855
1613180534768,2021-02-13T01:43:16.447Z,65.927,-9.57317066192627,5.609755992889404,-0.3048780560493469
1613180534809,2021-02-13T01:43:16.450Z,65.968,-5.853658676147461,6.5853657722473145,0.9146341681480408
1613180534847,2021-02-13T01:43:16.452Z,66.006,-2.378048896789551,7.621951580047607,-0.6097561120986938
1613180534888,2021-02-13T01:43:16.463Z,66.047,2.378048896789551,5.365853786468506,-1.7682926654815674
1613180534927,2021-02-13T01:43:16.465Z,66.086,4.329268455505371,3.170731782913208,0.18292683362960815
1613180534967,2021-02-13T01:43:16.477Z,66.126,6.158536911010742,0.4878048896789551,-0.24390244483947754
1613180535006,2021-02-13T01:43:16.479Z,66.165,6.7682929039001465,-3.2317073345184326,-0.4268292784690857
1613180535046,2021-02-13T01:43:16.481Z,66.205,7.987804889678955,-5.365853786468506,0.9146341681480408
1613180535086,2021-02-13T01:43:16.493Z,66.245,8.47560977935791,-8.170731544494629,3.9024391174316406
1613180535125,2021-02-13T01:43:16.495Z,66.284,9.268292427062988,-10.792683601379395,7.378048896789551
1613180535165,2021-02-13T01:43:16.497Z,66.324,8.353658676147461,-11.707317352294922,9.390244483947754
1613180535204,2021-02-13T01:43:16.508Z,66.363,9.695121765136719,-12.37804889678955,8.841464042663574
1613180535244,2021-02-13T01:43:16.510Z,66.403,5.243902683258057,-10.42682933807373,10.853658676147461
1613180535285,2021-02-13T01:43:16.521Z,66.444,3.1097562313079834,-6.219512462615967,11.52439022064209
1613180535323,2021-02-13T01:43:16.523Z,66.482,0.5487805008888245,-2.865853786468506,8.841464042663574
1613180535364,2021-02-13T01:43:16.525Z,66.523,-0.8536585569381714,0,6.707317352294922
1613180535403,2021-02-13T01:43:16.537Z,66.562,-0.24390244483947754,1.1585365533828735,7.439024448394775
1613180535443,2021-02-13T01:43:16.539Z,66.602,-1.402438998222351,2.865853786468506,7.439024448394775
1613180535483,2021-02-13T01:43:16.541Z,66.642,-1.9512195587158203,1.5243902206420898,5.792683124542236
1613180535522,2021-02-13T01:43:16.552Z,66.681,0.12195122241973877,-1.2804877758026123,3.170731782913208
1613180535562,2021-02-13T01:43:16.555Z,66.721,-2.5609755516052246,-1.585365891456604,2.0731706619262695
1613180535601,2021-02-13T01:43:16.566Z,66.76,-2.2560975551605225,-4.512195110321045,1.3414634466171265
1613180535641,2021-02-13T01:43:16.569Z,66.8,-0.9756097793579102,-5.9146342277526855,0.792682945728302
1613180535680,2021-02-13T01:43:16.570Z,66.839,-1.4634146690368652,-6.036585330963135,1.8902438879013062
1613180535720,2021-02-13T01:43:16.582Z,66.879,-0.12195122241973877,-4.634146213531494,2.5
1613180535761,2021-02-13T01:43:16.584Z,66.92,0.6707317233085632,-2.9268293380737305,3.7804877758026123
1613180535799,2021-02-13T01:43:16.586Z,66.958,0.792682945728302,-2.7439024448394775,3.2317073345184326
1613180535840,2021-02-13T01:43:16.597Z,66.999,2.1341464519500732,-2.317073106765747,5.182927131652832
1613180535880,2021-02-13T01:43:16.600Z,67.039,1.8292683362960815,-1.5243902206420898,5.304878234863281
1613180535919,2021-02-13T01:43:16.602Z,67.078,0.12195122241973877,-0.9756097793579102,4.5731706619262695
1613180535959,2021-02-13T01:43:16.613Z,67.118,0.3048780560493469,-0.9756097793579102,1.3414634466171265
1613180535998,2021-02-13T01:43:16.615Z,67.157,0.060975611209869385,-0.8536585569381714,0.4878048896789551
1613180536038,2021-02-13T01:43:16.626Z,67.197,1.097561001777649,-1.0365853309631348,-0.3658536672592163
1613180536077,2021-02-13T01:43:16.628Z,67.236,1.7073171138763428,-2.1341464519500732,0.24390244483947754
1613180536117,2021-02-13T01:43:16.631Z,67.276,1.7682926654815674,-3.2317073345184326,0.6707317233085632
1613180536156,2021-02-13T01:43:16.641Z,67.315,4.878048896789551,-5.365853786468506,1.0365853309631348
1613180536196,2021-02-13T01:43:16.644Z,67.355,3.47560977935791,-6.036585330963135,1.1585365533828735
1613180536237,2021-02-13T01:43:16.646Z,67.396,5,-7.560975551605225,0.792682945728302
1613180536275,2021-02-13T01:43:16.657Z,67.434,3.47560977935791,-6.463414669036865,0.24390244483947754
1613180536316,2021-02-13T01:43:16.659Z,67.475,2.378048896789551,-5.97560977935791,0.3048780560493469
1613180536356,2021-02-13T01:43:16.662Z,67.515,1.2804877758026123,-4.695122241973877,0.24390244483947754
1613180536395,2021-02-13T01:43:16.673Z,67.554,1.5243902206420898,-4.0853657722473145,-0.060975611209869385
1613180536435,2021-02-13T01:43:16.675Z,67.594,-0.3658536672592163,-2.378048896789551,1.0365853309631348
1613180536474,2021-02-13T01:43:16.677Z,67.633,0.792682945728302,-1.2195122241973877,-1.0365853309631348
1613180536514,2021-02-13T01:43:16.688Z,67.673,-1.402438998222351,0.792682945728302,-0.9146341681480408
1613180536553,2021-02-13T01:43:16.690Z,67.712,-0.24390244483947754,1.7073171138763428,-1.5243902206420898
1613180536593,2021-02-13T01:43:16.701Z,67.752,-1.1585365533828735,1.7073171138763428,-2.0731706619262695
1613180536632,2021-02-13T01:43:16.703Z,67.791,-2.4390244483947754,1.7682926654815674,-2.378048896789551
1613180536672,2021-02-13T01:43:16.706Z,67.831,-1.6463414430618286,0.792682945728302,-1.9512195587158203
1613180536713,2021-02-13T01:43:16.717Z,67.872,-1.1585365533828735,-0.4268292784690857,-1.2195122241973877
1613180536751,2021-02-13T01:43:16.719Z,67.91,-1.1585365533828735,-0.9756097793579102,-2.6219513416290283
1613180536792,2021-02-13T01:43:16.731Z,67.951,0.6707317233085632,-0.6707317233085632,-2.6219513416290283
1613180536832,2021-02-13T01:43:16.733Z,67.991,1.4634146690368652,-1.2804877758026123,-2.804877996444702
1613180536871,2021-02-13T01:43:16.735Z,68.03,0,-2.5,-3.9024391174316406
1613180536911,2021-02-13T01:43:16.746Z,68.07,-1.585365891456604,-1.6463414430618286,-4.45121955871582
1613180536950,2021-02-13T01:43:16.749Z,68.109,-2.012195110321045,0.18292683362960815,-1.2804877758026123
1613180536990,2021-02-13T01:43:16.751Z,68.149,-1.7073171138763428,0.18292683362960815,-0.5487805008888245
1613180537029,2021-02-13T01:43:16.762Z,68.188,-1.2804877758026123,-0.060975611209869385,-0.3048780560493469
1613180537069,2021-02-13T01:43:16.764Z,68.228,-1.2195122241973877,-0.792682945728302,-0.7317073345184326
1613180537110,2021-02-13T01:43:16.767Z,68.269,-1.097561001777649,-0.6707317233085632,-1.1585365533828735
1613180537148,2021-02-13T01:43:16.808Z,68.307,-1.1585365533828735,-1.1585365533828735,-1.585365891456604
1613180537189,2021-02-13T01:43:16.811Z,68.348,-1.5243902206420898,-1.1585365533828735,-1.7073171138763428
1613180537227,2021-02-13T01:43:16.822Z,68.386,-1.3414634466171265,-0.24390244483947754,-1.402438998222351
1613180537268,2021-02-13T01:43:16.824Z,68.427,-1.8902438879013062,-0.12195122241973877,-0.5487805008888245
1613180537308,2021-02-13T01:43:16.826Z,68.467,-1.585365891456604,-0.18292683362960815,0.4878048896789551
1613180537347,2021-02-13T01:43:16.838Z,68.506,-0.4878048896789551,0.060975611209869385,0.7317073345184326
1613180537387,2021-02-13T01:43:16.840Z,68.546,-0.3658536672592163,0.18292683362960815,0.4878048896789551
1613180537426,2021-02-13T01:43:16.842Z,68.585,-0.792682945728302,-0.24390244483947754,0.5487805008888245
1613180537466,2021-02-13T01:43:16.853Z,68.625,-0.3658536672592163,-0.8536585569381714,0.4268292784690857
1613180537506,2021-02-13T01:43:16.856Z,68.665,-1.8292683362960815,-1.402438998222351,-1.1585365533828735
1613180537545,2021-02-13T01:43:16.866Z,68.704,-2.5609755516052246,-0.9146341681480408,-1.6463414430618286
1613180537585,2021-02-13T01:43:16.868Z,68.744,-1.9512195587158203,-1.3414634466171265,-1.5243902206420898
1613180537624,2021-02-13T01:43:16.870Z,68.783,-1.8292683362960815,-2.317073106765747,-0.12195122241973877
1613180537665,2021-02-13T01:43:16.882Z,68.824,-1.5243902206420898,-2.4390244483947754,-0.4268292784690857
1613180537703,2021-02-13T01:43:16.884Z,68.862,-2.1341464519500732,-2.1341464519500732,-0.5487805008888245
1613180537744,2021-02-13T01:43:16.886Z,68.903,-2.804877996444702,-1.6463414430618286,0.060975611209869385
1613180537784,2021-02-13T01:43:16.897Z,68.943,-2.195122003555298,-2.5,0.18292683362960815
1613180537823,2021-02-13T01:43:16.900Z,68.982,-1.6463414430618286,-2.012195110321045,-0.12195122241973877
1613180537863,2021-02-13T01:43:16.902Z,69.022,-0.4878048896789551,-1.4634146690368652,0.12195122241973877
1613180537902,2021-02-13T01:43:16.913Z,69.061,-0.5487805008888245,-1.6463414430618286,0.6097561120986938
1613180537942,2021-02-13T01:43:16.915Z,69.101,-1.097561001777649,-0.792682945728302,0.9756097793579102
1613180537982,2021-02-13T01:43:16.926Z,69.141,-1.3414634466171265,-0.4268292784690857,1.3414634466171265
1613180538021,2021-02-13T01:43:16.928Z,69.18,-0.4268292784690857,-0.3658536672592163,2.0731706619262695
1613180538061,2021-02-13T01:43:16.930Z,69.22,0,-0.6707317233085632,2.317073106765747
1613180538100,2021-02-13T01:43:16.941Z,69.259,0.4268292784690857,-0.4268292784690857,2.317073106765747
1613180538141,2021-02-13T01:43:16.944Z,69.3,0.5487805008888245,-0.4878048896789551,2.1341464519500732
1613180538179,2021-02-13T01:43:16.947Z,69.338,0.9146341681480408,-0.12195122241973877,1.4634146690368652
1613180538220,2021-02-13T01:43:16.958Z,69.379,0.6707317233085632,-0.5487805008888245,1.2804877758026123
1613180538260,2021-02-13T01:43:16.960Z,69.419,0.4878048896789551,-0.8536585569381714,0.12195122241973877
1613180538299,2021-02-13T01:43:16.971Z,69.458,0.24390244483947754,-0.6097561120986938,-0.4878048896789551
1613180538339,2021-02-13T01:43:16.973Z,69.498,1.2195122241973877,-0.060975611209869385,0.3658536672592163
1613180538379,2021-02-13T01:43:16.975Z,69.538,1.097561001777649,-0.4878048896789551,1.0365853309631348
1613180538418,2021-02-13T01:43:16.986Z,69.577,0.9146341681480408,-0.9146341681480408,0.6097561120986938
1613180538458,2021-02-13T01:43:16.989Z,69.617,0.4878048896789551,-0.6707317233085632,0.4878048896789551
1613180538497,2021-02-13T01:43:16.991Z,69.656,-0.12195122241973877,-0.060975611209869385,1.1585365533828735
1613180538537,2021-02-13T01:43:17.002Z,69.696,-0.3658536672592163,-0.6707317233085632,0.9146341681480408
1613180538576,2021-02-13T01:43:17.004Z,69.735,-0.6097561120986938,-0.4878048896789551,0.9756097793579102
1613180538616,2021-02-13T01:43:17.007Z,69.775,-0.4268292784690857,-0.4878048896789551,1.2804877758026123
1613180538655,2021-02-13T01:43:17.018Z,69.814,-0.6707317233085632,-0.4268292784690857,0.8536585569381714
1613180538696,2021-02-13T01:43:17.020Z,69.855,-0.7317073345184326,-0.5487805008888245,0.3048780560493469
1613180538736,2021-02-13T01:43:17.031Z,69.895,-1.0365853309631348,-0.3658536672592163,-0.3048780560493469
1613180538776,2021-02-13T01:43:17.034Z,69.935,-0.9146341681480408,-0.12195122241973877,-0.5487805008888245
1613180538815,2021-02-13T01:43:17.035Z,69.974,-0.6707317233085632,-0.24390244483947754,-0.4878048896789551
1613180538855,2021-02-13T01:43:17.046Z,70.014,-0.792682945728302,-0.24390244483947754,-0.24390244483947754
1613180538894,2021-02-13T01:43:17.049Z,70.053,-1.2804877758026123,-0.4878048896789551,0.060975611209869385
1613180538934,2021-02-13T01:43:17.051Z,70.093,-0.4268292784690857,-1.2195122241973877,0.5487805008888245
1613180538973,2021-02-13T01:43:17.062Z,70.132,-1.097561001777649,-0.6097561120986938,1.1585365533828735
1613180539004,2021-02-13T01:43:17.064Z,70.163,-0.7317073345184326,-0.9146341681480408,1.7682926654815674
1613180539044,2021-02-13T01:43:17.066Z,70.203,0.060975611209869385,-1.1585365533828735,0.9756097793579102
1613180539083,2021-02-13T01:43:17.078Z,70.242,-0.9756097793579102,-0.4878048896789551,0.792682945728302
1613180539123,2021-02-13T01:43:17.080Z,70.282,0.4268292784690857,0.060975611209869385,1.3414634466171265
1613180539162,2021-02-13T01:43:17.082Z,70.321,-1.8292683362960815,1.097561001777649,0.9146341681480408
1613180539202,2021-02-13T01:43:17.093Z,70.361,0.12195122241973877,0.9756097793579102,0
1613180539241,2021-02-13T01:43:17.096Z,70.4,4.45121955871582,-0.24390244483947754,-2.865853786468506
1613180539281,2021-02-13T01:43:17.106Z,70.44,2.317073106765747,-0.3048780560493469,-1.5243902206420898
1613180539320,2021-02-13T01:43:17.108Z,70.479,3.353658676147461,-0.4878048896789551,-2.7439024448394775
1613180539360,2021-02-13T01:43:17.111Z,70.519,2.5,-0.5487805008888245,-2.378048896789551
1613180539400,2021-02-13T01:43:17.122Z,70.559,0.12195122241973877,-0.4268292784690857,0.5487805008888245
1613180539439,2021-02-13T01:43:17.124Z,70.598,0,-0.060975611209869385,1.2804877758026123
1613180539480,2021-02-13T01:43:17.127Z,70.639,-1.097561001777649,0.9146341681480408,-0.060975611209869385
1613180539520,2021-02-13T01:43:17.138Z,70.679,-1.585365891456604,1.2804877758026123,-1.0365853309631348
1613180539559,2021-02-13T01:43:17.140Z,70.718,-2.6219513416290283,1.5243902206420898,-0.3048780560493469
1613180539599,2021-02-13T01:43:17.142Z,70.758,-2.5609755516052246,2.195122003555298,0.060975611209869385
1613180539638,2021-02-13T01:43:17.153Z,70.797,-2.012195110321045,2.378048896789551,2.012195110321045
1613180539678,2021-02-13T01:43:17.155Z,70.837,0.18292683362960815,1.4634146690368652,1.8292683362960815
1613180539717,2021-02-13T01:43:17.166Z,70.876,-0.060975611209869385,0.6707317233085632,0.8536585569381714
1613180539757,2021-02-13T01:43:17.168Z,70.916,0.6097561120986938,-0.060975611209869385,0.18292683362960815
1613180539797,2021-02-13T01:43:17.170Z,70.956,0.3658536672592163,0.18292683362960815,0
1613180539836,2021-02-13T01:43:17.182Z,70.995,0.18292683362960815,0,-1.585365891456604
1613180539877,2021-02-13T01:43:17.184Z,71.036,1.8292683362960815,-0.6707317233085632,-1.2804877758026123
1613180539915,2021-02-13T01:43:17.186Z,71.074,0.6707317233085632,-0.6097561120986938,-0.18292683362960815
1613180539956,2021-02-13T01:43:17.197Z,71.115,0.3048780560493469,-0.5487805008888245,1.5243902206420898
1613180539996,2021-02-13T01:43:17.200Z,71.155,0.18292683362960815,-0.24390244483947754,1.8902438879013062
1613180540035,2021-02-13T01:43:17.202Z,71.194,0.18292683362960815,-0.3658536672592163,1.402438998222351
1613180540075,2021-02-13T01:43:17.213Z,71.234,0.12195122241973877,-0.18292683362960815,0.7317073345184326
1613180540114,2021-02-13T01:43:17.215Z,71.273,-0.4268292784690857,-0.6097561120986938,-0.4878048896789551
1613180540154,2021-02-13T01:43:17.226Z,71.313,-3.353658676147461,0.24390244483947754,-5.121951103210449
1613180540193,2021-02-13T01:43:17.228Z,71.352,-6.097560882568359,3.7804877758026123,-3.9024391174316406
1613180540233,2021-02-13T01:43:17.258Z,71.392,-7.0731706619262695,6.097560882568359,-4.0853657722473145
1613180540273,2021-02-13T01:43:17.260Z,71.432,-9.390244483947754,9.329268455505371,-5.609755992889404
1613180540312,2021-02-13T01:43:17.262Z,71.471,-16.158536911010742,12.987805366516113,-8.353658676147461
1613180540353,2021-02-13T01:43:17.273Z,71.512,-15.97560977935791,17.7439022064209,-9.390244483947754
1613180540391,2021-02-13T01:43:17.275Z,71.55,-16.768293380737305,21.58536720275879,-9.45121955871582
1613180540432,2021-02-13T01:43:17.286Z,71.591,-15.731707572937012,22.68292808532715,-10.609756469726562
1613180540472,2021-02-13T01:43:17.288Z,71.631,-19.878049850463867,23.109756469726562,-11.341464042663574
1613180540511,2021-02-13T01:43:17.290Z,71.67,-20.060976028442383,22.865854263305664,-12.439024925231934
1613180540551,2021-02-13T01:43:17.302Z,71.71,-26.09756088256836,22.68292808532715,-13.658536911010742
1613180540590,2021-02-13T01:43:17.304Z,71.749,-32.74390411376953,22.621952056884766,-19.08536720275879
1613180540630,2021-02-13T01:43:17.306Z,71.789,-35.30487823486328,23.170732498168945,-22.926830291748047
1613180540670,2021-02-13T01:43:17.317Z,71.829,-38.04878234863281,23.53658676147461,-24.08536720275879
1613180540709,2021-02-13T01:43:17.320Z,71.868,-37.0121955871582,18.536584854125977,-16.768293380737305
1613180540749,2021-02-13T01:43:17.322Z,71.908,-39.085365295410156,19.329269409179688,-18.04878044128418
1613180540788,2021-02-13T01:43:17.333Z,71.947,-44.26829528808594,21.40243911743164,-20.121952056884766
1613180540829,2021-02-13T01:43:17.335Z,71.988,-31.524391174316406,16.890243530273438,-17.5
1613180540867,2021-02-13T01:43:17.346Z,72.026,-13.658536911010742,1.585365891456604,-7.804878234863281
1613180540908,2021-02-13T01:43:17.349Z,72.067,-17.7439022064209,-1.585365891456604,-9.146341323852539
1613180540948,2021-02-13T01:43:17.350Z,72.107,-30.975610733032227,7.378048896789551,-19.878049850463867
1613180540987,2021-02-13T01:43:17.362Z,72.146,-21.341463088989258,9.268292427062988,-17.68292808532715
1613180541027,2021-02-13T01:43:17.364Z,72.186,-4.939024448394775,8.841464042663574,-10.54878044128418
1613180541067,2021-02-13T01:43:17.366Z,72.226,-13.353658676147461,9.02439022064209,-11.40243911743164
1613180541106,2021-02-13T01:43:17.377Z,72.265,-17.073171615600586,9.268292427062988,-10.304878234863281
1613180541146,2021-02-13T01:43:17.380Z,72.305,-5.060975551605225,3.4146342277526855,3.9634146690368652
1613180541185,2021-02-13T01:43:17.391Z,72.344,-9.695121765136719,2.987804889678955,-6.5853657722473145
1613180541225,2021-02-13T01:43:17.393Z,72.384,-17.2560977935791,7.195122241973877,-4.756097793579102
1613180541264,2021-02-13T01:43:17.395Z,72.423,-21.341463088989258,3.47560977935791,-7.5
1613180541305,2021-02-13T01:43:17.407Z,72.464,-26.95121955871582,-0.18292683362960815,-9.756097793579102
1613180541343,2021-02-13T01:43:17.409Z,72.502,-31.768293380737305,-2.5609755516052246,-8.414634704589844
1613180541384,2021-02-13T01:43:17.411Z,72.543,-24.93902587890625,-3.5365853309631348,-3.658536672592163
1613180541424,2021-02-13T01:43:17.422Z,72.583,-23.53658676147461,0.6707317233085632,-8.292682647705078
1613180541464,2021-02-13T01:43:17.425Z,72.623,-14.512195587158203,-0.6097561120986938,-2.9268293380737305
1613180541503,2021-02-13T01:43:17.427Z,72.662,-24.329269409179688,0.6097561120986938,-9.02439022064209
1613180541543,2021-02-13T01:43:17.438Z,72.702,-15.487805366516113,0.4268292784690857,-9.390244483947754
1613180541582,2021-02-13T01:43:17.440Z,72.741,-14.45121955871582,-1.2195122241973877,-11.036585807800293
1613180541622,2021-02-13T01:43:17.451Z,72.781,-16.219512939453125,1.4634146690368652,-12.987805366516113
1613180541661,2021-02-13T01:43:17.453Z,72.82,-11.829268455505371,-1.097561001777649,-8.963415145874023
1613180541701,2021-02-13T01:43:17.455Z,72.86,-8.536585807800293,-2.4390244483947754,-5.853658676147461
1613180541740,2021-02-13T01:43:17.466Z,72.899,-3.658536672592163,-0.24390244483947754,-5.731707572937012
1613180541781,2021-02-13T01:43:17.469Z,72.94,2.378048896789551,-0.3658536672592163,-1.0365853309631348
1613180541819,2021-02-13T01:43:17.471Z,72.978,7.743902683258057,-4.146341323852539,-0.5487805008888245
1613180541860,2021-02-13T01:43:17.482Z,73.019,9.817073822021484,-8.536585807800293,2.0731706619262695
1613180541900,2021-02-13T01:43:17.484Z,73.059,14.207317352294922,-8.841464042663574,3.5975611209869385
1613180541940,2021-02-13T01:43:17.487Z,73.099,16.158536911010742,-10,14.329268455505371
1613180541979,2021-02-13T01:43:17.498Z,73.138,22.13414764404297,-12.317073822021484,15.42682933807373
1613180542019,2021-02-13T01:43:17.500Z,73.178,15.97560977935791,-11.036585807800293,12.92682933807373
1613180542058,2021-02-13T01:43:17.502Z,73.217,16.09756088256836,-10.914634704589844,11.95121955871582
1613180542098,2021-02-13T01:43:17.513Z,73.257,22.2560977935791,-12.804878234863281,10.243902206420898
1613180542137,2021-02-13T01:43:17.516Z,73.296,21.707317352294922,-14.634146690368652,9.939024925231934
1613180542178,2021-02-13T01:43:17.526Z,73.337,25.792682647705078,-16.219512939453125,7.378048896789551
1613180542216,2021-02-13T01:43:17.528Z,73.375,22.560976028442383,-16.219512939453125,5.97560977935791
1613180542257,2021-02-13T01:43:17.531Z,73.416,22.7439022064209,-18.170732498168945,2.987804889678955
1613180542296,2021-02-13T01:43:17.542Z,73.455,23.04878044128418,-19.207317352294922,-0.060975611209869385
1613180542337,2021-02-13T01:43:17.544Z,73.496,21.707317352294922,-19.817073822021484,-1.7073171138763428
1613180542376,2021-02-13T01:43:17.546Z,73.535,22.012195587158203,-22.7439022064209,-1.7682926654815674
1613180542416,2021-02-13T01:43:17.558Z,73.575,22.012195587158203,-22.7439022064209,-1.097561001777649
1613180542455,2021-02-13T01:43:17.560Z,73.614,19.63414764404297,-20.792682647705078,-0.6707317233085632
1613180542485,2021-02-13T01:43:17.561Z,73.644,18.35365867614746,-19.45121955871582,0.12195122241973877
1613180542524,2021-02-13T01:43:17.574Z,73.683,17.378049850463867,-16.524391174316406,0.6707317233085632
1613180542565,2021-02-13T01:43:17.577Z,73.724,18.109756469726562,-15,1.4634146690368652
1613180542603,2021-02-13T01:43:17.586Z,73.762,19.207317352294922,-12.682927131652832,-0.4268292784690857
1613180542644,2021-02-13T01:43:17.588Z,73.803,18.231708526611328,-10.609756469726562,-2.195122003555298
1613180542684,2021-02-13T01:43:17.590Z,73.843,18.963415145874023,-9.329268455505371,-1.7073171138763428
1613180542723,2021-02-13T01:43:17.602Z,73.882,18.719512939453125,-9.085366249084473,-2.195122003555298
1613180542763,2021-02-13T01:43:17.604Z,73.922,18.963415145874023,-7.682927131652832,-4.329268455505371
1613180542802,2021-02-13T01:43:17.606Z,73.961,16.341463088989258,-6.158536911010742,-8.109756469726562
1613180542842,2021-02-13T01:43:17.617Z,74.001,15.12195110321045,-4.2682929039001465,-8.963415145874023
1613180542881,2021-02-13T01:43:17.620Z,74.04,10.853658676147461,-2.6219513416290283,-6.707317352294922
1613180542921,2021-02-13T01:43:17.622Z,74.08,8.658536911010742,-1.9512195587158203,-6.52439022064209
1613180542961,2021-02-13T01:43:17.633Z,74.12,6.158536911010742,-2.1341464519500732,-8.719511985778809
1613180543000,2021-02-13T01:43:17.635Z,74.159,4.5731706619262695,-2.6219513416290283,-9.512195587158203
1613180543041,2021-02-13T01:43:17.646Z,74.2,0.792682945728302,-1.9512195587158203,-10.54878044128418
1613180543079,2021-02-13T01:43:17.648Z,74.238,-0.3658536672592163,-2.9268293380737305,-7.804878234863281
1613180543120,2021-02-13T01:43:17.650Z,74.279,-6.402439117431641,-3.1097562313079834,-7.5
1613180543160,2021-02-13T01:43:17.661Z,74.319,0.792682945728302,-3.0487804412841797,-6.097560882568359
1613180543199,2021-02-13T01:43:17.664Z,74.358,2.317073106765747,-3.5365853309631348,-5.670732021331787
1613180543239,2021-02-13T01:43:17.666Z,74.398,0.3048780560493469,-4.634146213531494,-5.54878044128418
1613180543278,2021-02-13T01:43:17.677Z,74.437,0.5487805008888245,-5.304878234863281,-5.853658676147461
1613180543318,2021-02-13T01:43:17.680Z,74.477,0.792682945728302,-5.4268293380737305,-6.158536911010742
1613180543358,2021-02-13T01:43:17.708Z,74.517,1.2804877758026123,-5.121951103210449,-5.54878044128418
1613180543397,2021-02-13T01:43:17.711Z,74.556,2.195122003555298,-4.207317352294922,-4.207317352294922
1613180543437,2021-02-13T01:43:17.722Z,74.596,2.5609755516052246,-3.9634146690368652,-0.8536585569381714
1613180543476,2021-02-13T01:43:17.724Z,74.635,1.402438998222351,-3.841463565826416,2.378048896789551
1613180543517,2021-02-13T01:43:17.726Z,74.676,0.3658536672592163,-1.8902438879013062,5.4268293380737305
1613180543555,2021-02-13T01:43:17.738Z,74.714,1.402438998222351,0,10.12195110321045
1613180543596,2021-02-13T01:43:17.740Z,74.755,1.4634146690368652,0.9146341681480408,13.47560977935791
1613180543636,2021-02-13T01:43:17.742Z,74.795,6.158536911010742,2.804877996444702,15.12195110321045
1613180543675,2021-02-13T01:43:17.753Z,74.834,6.646341800689697,3.2926828861236572,13.841464042663574
1613180543715,2021-02-13T01:43:17.755Z,74.874,5.060975551605225,0.792682945728302,12.012195587158203
1613180543755,2021-02-13T01:43:17.766Z,74.914,4.390244007110596,-2.1341464519500732,10.97560977935791
1613180543794,2021-02-13T01:43:17.768Z,74.953,2.5,-5.365853786468506,10.609756469726562
1613180543834,2021-02-13T01:43:17.770Z,74.993,2.7439024448394775,-4.756097793579102,10.853658676147461
1613180543873,2021-02-13T01:43:17.782Z,75.032,0.12195122241973877,-3.2317073345184326,12.5
1613180543913,2021-02-13T01:43:17.784Z,75.072,4.45121955871582,-2.682926893234253,12.560976028442383
1613180543952,2021-02-13T01:43:17.786Z,75.111,4.939024448394775,-2.865853786468506,12.865854263305664
1613180543993,2021-02-13T01:43:17.797Z,75.152,5,-3.1097562313079834,11.40243911743164
1613180544031,2021-02-13T01:43:17.800Z,75.19,3.353658676147461,-3.170731782913208,8.841464042663574
1613180544072,2021-02-13T01:43:17.802Z,75.231,3.9634146690368652,-2.9268293380737305,6.890244007110596
1613180544112,2021-02-13T01:43:17.813Z,75.271,5.853658676147461,-2.682926893234253,5.9146342277526855
1613180544152,2021-02-13T01:43:17.815Z,75.311,6.402439117431641,-2.012195110321045,5.731707572937012
1613180544191,2021-02-13T01:43:17.826Z,75.35,5.731707572937012,-0.7317073345184326,5.9146342277526855
1613180544231,2021-02-13T01:43:17.829Z,75.39,5.121951103210449,-0.18292683362960815,5.609755992889404
1613180544270,2021-02-13T01:43:17.831Z,75.429,4.5731706619262695,-0.18292683362960815,6.341463565826416
1613180544310,2021-02-13T01:43:17.842Z,75.469,3.5975611209869385,-0.18292683362960815,5.97560977935791
1613180544349,2021-02-13T01:43:17.845Z,75.508,3.170731782913208,0,6.097560882568359
1613180544389,2021-02-13T01:43:17.847Z,75.548,2.987804889678955,-0.060975611209869385,7.0731706619262695
1613180544428,2021-02-13T01:43:17.858Z,75.587,2.682926893234253,-0.4878048896789551,8.536585807800293
1613180544469,2021-02-13T01:43:17.860Z,75.628,2.195122003555298,-0.4878048896789551,10.12195110321045
1613180544507,2021-02-13T01:43:17.871Z,75.666,0.18292683362960815,0.7317073345184326,11.829268455505371
1613180544548,2021-02-13T01:43:17.873Z,75.707,0.4268292784690857,1.585365891456604,13.963415145874023
1613180544588,2021-02-13T01:43:17.875Z,75.747,0.18292683362960815,2.987804889678955,14.02439022064209
1613180544628,2021-02-13T01:43:17.886Z,75.787,-1.2804877758026123,3.47560977935791,13.170731544494629
1613180544667,2021-02-13T01:43:17.889Z,75.826,-1.2195122241973877,3.4146342277526855,12.439024925231934
1613180544707,2021-02-13T01:43:17.891Z,75.866,0.4268292784690857,3.5365853309631348,10.365854263305664
1613180544746,2021-02-13T01:43:17.902Z,75.905,1.097561001777649,3.658536672592163,8.292682647705078
1613180544786,2021-02-13T01:43:17.904Z,75.945,-0.5487805008888245,4.5731706619262695,5.670732021331787
1613180544825,2021-02-13T01:43:17.907Z,75.984,-0.8536585569381714,4.5731706619262695,1.8902438879013062
1613180544865,2021-02-13T01:43:17.918Z,76.024,-1.0365853309631348,4.2682929039001465,-0.060975611209869385
1613180544904,2021-02-13T01:43:17.920Z,76.063,-0.7317073345184326,4.695122241973877,-1.3414634466171265
1613180544945,2021-02-13T01:43:17.922Z,76.104,-1.7682926654815674,4.0853657722473145,-3.5365853309631348
1613180544985,2021-02-13T01:43:17.933Z,76.144,-1.1585365533828735,4.512195110321045,-4.5731706619262695
1613180545025,2021-02-13T01:43:17.935Z,76.184,-0.6097561120986938,6.097560882568359,-5.609755992889404
1613180545064,2021-02-13T01:43:17.946Z,76.223,0,7.439024448394775,-5.853658676147461
1613180545104,2021-02-13T01:43:17.949Z,76.263,0.7317073345184326,8.841464042663574,-5.4268293380737305
1613180545143,2021-02-13T01:43:17.951Z,76.302,1.1585365533828735,9.268292427062988,-4.756097793579102
1613180545183,2021-02-13T01:43:17.962Z,76.342,2.195122003555298,8.841464042663574,-4.2682929039001465
1613180545222,2021-02-13T01:43:17.964Z,76.381,2.987804889678955,8.04878044128418,-3.2926828861236572
1613180545262,2021-02-13T01:43:17.967Z,76.421,4.146341323852539,6.95121955871582,-1.8292683362960815
1613180545301,2021-02-13T01:43:17.978Z,76.46,4.817073345184326,6.097560882568359,-1.0365853309631348
1613180545341,2021-02-13T01:43:17.980Z,76.5,6.036585330963135,5.853658676147461,0.24390244483947754
1613180545381,2021-02-13T01:43:17.982Z,76.54,5.853658676147461,5.609755992889404,0.9756097793579102
1613180545422,2021-02-13T01:43:17.993Z,76.581,4.878048896789551,5.853658676147461,0.8536585569381714
1613180545460,2021-02-13T01:43:17.995Z,76.619,3.9634146690368652,5.121951103210449,0.3048780560493469
1613180545501,2021-02-13T01:43:18.006Z,76.66,2.9268293380737305,5.9146342277526855,-0.5487805008888245
1613180545540,2021-02-13T01:43:18.008Z,76.699,1.6463414430618286,6.5853657722473145,-0.9146341681480408
1613180545580,2021-02-13T01:43:18.011Z,76.739,0,7.256097793579102,-0.792682945728302
1613180545619,2021-02-13T01:43:18.022Z,76.778,-0.12195122241973877,4.756097793579102,-2.804877996444702
1613180545659,2021-02-13T01:43:18.024Z,76.818,-2.012195110321045,3.2926828861236572,-4.146341323852539
1613180545698,2021-02-13T01:43:18.026Z,76.857,-1.7682926654815674,2.5609755516052246,-2.865853786468506
1613180545738,2021-02-13T01:43:18.038Z,76.897,-0.4268292784690857,1.5243902206420898,-3.1097562313079834
1613180545777,2021-02-13T01:43:18.040Z,76.936,-0.792682945728302,1.8292683362960815,-2.5
1613180545818,2021-02-13T01:43:18.042Z,76.977,-0.792682945728302,2.317073106765747,-2.378048896789551
1613180545857,2021-02-13T01:43:18.053Z,77.016,-1.8902438879013062,3.7804877758026123,-2.7439024448394775
1613180545898,2021-02-13T01:43:18.055Z,77.057,-3.0487804412841797,5.54878044128418,-1.8902438879013062
1613180545937,2021-02-13T01:43:18.066Z,77.096,-3.47560977935791,6.829268455505371,-1.4634146690368652
1613180545977,2021-02-13T01:43:18.068Z,77.136,-3.47560977935791,7.865853786468506,-2.1341464519500732
1613180546016,2021-02-13T01:43:18.070Z,77.175,-4.5731706619262695,9.207317352294922,-3.1097562313079834
1613180546056,2021-02-13T01:43:18.082Z,77.215,-5.54878044128418,11.52439022064209,-4.939024448394775
1613180546095,2021-02-13T01:43:18.084Z,77.254,-6.219512462615967,13.963415145874023,-5.4268293380737305
1613180546135,2021-02-13T01:43:18.086Z,77.294,-7.682927131652832,15.365854263305664,-6.707317352294922
1613180546174,2021-02-13T01:43:18.097Z,77.333,-6.402439117431641,13.59756088256836,-7.317073345184326
1613180546215,2021-02-13T01:43:18.100Z,77.374,-7.743902683258057,12.37804889678955,-10.365854263305664
1613180546254,2021-02-13T01:43:18.102Z,77.413,-11.036585807800293,9.45121955871582,-15.97560977935791
1613180546295,2021-02-13T01:43:18.113Z,77.454,-12.62195110321045,6.95121955871582,-20.792682647705078
1613180546333,2021-02-13T01:43:18.115Z,77.492,-9.268292427062988,4.817073345184326,-20.792682647705078
1613180546363,2021-02-13T01:43:18.117Z,77.522,-5.365853786468506,5,-17.13414764404297
1613180546403,2021-02-13T01:43:18.128Z,77.562,0.3048780560493469,4.207317352294922,-10.97560977935791
1613180546443,2021-02-13T01:43:18.157Z,77.602,0.9756097793579102,4.02439022064209,-6.95121955871582
1613180546482,2021-02-13T01:43:18.159Z,77.641,1.402438998222351,2.012195110321045,-2.804877996444702
1613180546522,2021-02-13T01:43:18.161Z,77.681,2.4390244483947754,1.4634146690368652,-1.402438998222351
1613180546561,2021-02-13T01:43:18.172Z,77.72,3.9024391174316406,0.24390244483947754,-3.2926828861236572
1613180546601,2021-02-13T01:43:18.175Z,77.76,2.865853786468506,0,-0.4268292784690857
1613180546640,2021-02-13T01:43:18.177Z,77.799,1.7682926654815674,4.329268455505371,2.5
1613180546681,2021-02-13T01:43:18.188Z,77.84,1.7682926654815674,5.792683124542236,3.2317073345184326
1613180546719,2021-02-13T01:43:18.190Z,77.878,1.2804877758026123,3.658536672592163,6.890244007110596
1613180546760,2021-02-13T01:43:18.202Z,77.919,3.353658676147461,-0.24390244483947754,8.414634704589844
1613180546800,2021-02-13T01:43:18.204Z,77.959,3.2317073345184326,-7.195122241973877,5.9146342277526855
1613180546839,2021-02-13T01:43:18.206Z,77.998,1.402438998222351,-12.987805366516113,8.04878044128418
1613180546879,2021-02-13T01:43:18.217Z,78.038,0.3658536672592163,-19.329269409179688,9.817073822021484
1613180546919,2021-02-13T01:43:18.220Z,78.078,2.865853786468506,-21.707317352294922,16.280488967895508
1613180546958,2021-02-13T01:43:18.222Z,78.117,6.646341800689697,-25.914634704589844,17.987804412841797
1613180546998,2021-02-13T01:43:18.233Z,78.157,6.219512462615967,-24.93902587890625,19.45121955871582
1613180547037,2021-02-13T01:43:18.235Z,78.196,6.341463565826416,-25.121952056884766,7.682927131652832
1613180547077,2021-02-13T01:43:18.246Z,78.236,-4.512195110321045,-25.18292808532715,3.841463565826416
1613180547116,2021-02-13T01:43:18.248Z,78.275,-3.4146342277526855,-24.14634132385254,9.085366249084473
1613180547157,2021-02-13T01:43:18.250Z,78.316,0.24390244483947754,-18.475610733032227,10.54878044128418
1613180547195,2021-02-13T01:43:18.261Z,78.354,-2.5,-16.463415145874023,13.353658676147461
1613180547236,2021-02-13T01:43:18.264Z,78.395,-2.9268293380737305,-10.060976028442383,15.12195110321045
1613180547276,2021-02-13T01:43:18.266Z,78.435,2.0731706619262695,-4.146341323852539,14.268293380737305
1613180547316,2021-02-13T01:43:18.277Z,78.475,2.865853786468506,0,12.743903160095215
1613180547355,2021-02-13T01:43:18.280Z,78.514,12.134146690368652,-2.6219513416290283,9.146341323852539
1613180547395,2021-02-13T01:43:18.282Z,78.554,4.2682929039001465,-4.207317352294922,4.817073345184326
1613180547434,2021-02-13T01:43:18.293Z,78.593,0.9146341681480408,3.4146342277526855,3.9634146690368652
1613180547474,2021-02-13T01:43:18.295Z,78.633,0.060975611209869385,1.8292683362960815,0.5487805008888245
1613180547513,2021-02-13T01:43:18.306Z,78.672,-9.45121955871582,14.939024925231934,0.9756097793579102
1613180547553,2021-02-13T01:43:18.308Z,78.712,-8.231707572937012,18.719512939453125,1.402438998222351
1613180547592,2021-02-13T01:43:18.310Z,78.751,-21.03658676147461,22.926830291748047,4.939024448394775
1613180547633,2021-02-13T01:43:18.321Z,78.792,-9.87804889678955,24.329269409179688,10.365854263305664
1613180547672,2021-02-13T01:43:18.324Z,78.831,-12.62195110321045,25.48780632019043,11.280488014221191
1613180547713,2021-02-13T01:43:18.326Z,78.872,-23.292682647705078,18.780488967895508,5.182927131652832
1613180547752,2021-02-13T01:43:18.337Z,78.911,-21.09756088256836,13.841464042663574,-7.560975551605225
1613180547792,2021-02-13T01:43:18.339Z,78.951,-21.95121955871582,9.695121765136719,-10.914634704589844
1613180547831,2021-02-13T01:43:18.342Z,78.99,-10.853658676147461,2.9268293380737305,-4.329268455505371
1613180547871,2021-02-13T01:43:18.353Z,79.03,-3.7195122241973877,0,-5.54878044128418
1613180547910,2021-02-13T01:43:18.355Z,79.069,-6.158536911010742,4.146341323852539,-6.341463565826416
1613180547950,2021-02-13T01:43:18.357Z,79.109,-11.768293380737305,4.512195110321045,-8.658536911010742
1613180547989,2021-02-13T01:43:18.368Z,79.148,-10.97560977935791,4.634146213531494,-11.768293380737305
1613180548030,2021-02-13T01:43:18.370Z,79.189,-8.719511985778809,1.3414634466171265,-13.841464042663574
1613180548068,2021-02-13T01:43:18.381Z,79.227,-3.4146342277526855,0.4878048896789551,-12.682927131652832
1613180548110,2021-02-13T01:43:18.383Z,79.269,-1.8292683362960815,0.24390244483947754,-7.012195110321045
1613180548148,2021-02-13T01:43:18.386Z,79.307,1.6463414430618286,-0.18292683362960815,-7.5
1613180548189,2021-02-13T01:43:18.397Z,79.348,3.47560977935791,1.585365891456604,-2.4390244483947754
1613180548228,2021-02-13T01:43:18.399Z,79.387,4.45121955871582,2.865853786468506,3.5975611209869385
1613180548268,2021-02-13T01:43:18.401Z,79.427,3.4146342277526855,2.195122003555298,5.853658676147461
1613180548307,2021-02-13T01:43:18.413Z,79.466,3.47560977935791,-0.9756097793579102,8.658536911010742
1613180548347,2021-02-13T01:43:18.415Z,79.506,3.0487804412841797,-0.9146341681480408,10.792683601379395
1613180548386,2021-02-13T01:43:18.417Z,79.545,8.59756088256836,-2.9268293380737305,12.743903160095215
1613180548426,2021-02-13T01:43:18.428Z,79.585,10.97560977935791,-3.7804877758026123,14.634146690368652
1613180548465,2021-02-13T01:43:18.430Z,79.624,12.560976028442383,-5.060975551605225,16.768293380737305
1613180548505,2021-02-13T01:43:18.441Z,79.664,15.914634704589844,-8.231707572937012,16.890243530273438
1613180548545,2021-02-13T01:43:18.443Z,79.704,17.80487823486328,-9.02439022064209,14.45121955871582
1613180548586,2021-02-13T01:43:18.445Z,79.745,16.64634132385254,-9.695121765136719,12.134146690368652
1613180548624,2021-02-13T01:43:18.457Z,79.783,18.292682647705078,-11.707317352294922,10.97560977935791
1613180548665,2021-02-13T01:43:18.459Z,79.824,15.12195110321045,-10.914634704589844,8.841464042663574
1613180548704,2021-02-13T01:43:18.461Z,79.863,8.231707572937012,-8.231707572937012,6.402439117431641
1613180548744,2021-02-13T01:43:18.472Z,79.903,0.3658536672592163,-12.804878234863281,5.853658676147461
1613180548783,2021-02-13T01:43:18.475Z,79.942,-4.0853657722473145,-13.963415145874023,4.207317352294922
1613180548823,2021-02-13T01:43:18.477Z,79.982,-11.585366249084473,-10.731707572937012,0.24390244483947754
1613180548862,2021-02-13T01:43:18.488Z,80.021,-12.134146690368652,-7.743902683258057,1.0365853309631348
1613180548902,2021-02-13T01:43:18.490Z,80.061,-9.085366249084473,-5.609755992889404,3.170731782913208
1613180548942,2021-02-13T01:43:18.501Z,80.101,-9.87804889678955,-4.5731706619262695,3.5365853309631348
1613180548981,2021-02-13T01:43:18.503Z,80.14,-7.682927131652832,-1.2195122241973877,3.7195122241973877
1613180549021,2021-02-13T01:43:18.505Z,80.18,-6.707317352294922,0.7317073345184326,2.865853786468506
1613180549062,2021-02-13T01:43:18.516Z,80.221,-0.4878048896789551,1.585365891456604,4.512195110321045
1613180549100,2021-02-13T01:43:18.519Z,80.259,2.378048896789551,2.378048896789551,5.731707572937012
1613180549141,2021-02-13T01:43:18.521Z,80.3,4.329268455505371,3.5975611209869385,6.829268455505371
1613180549180,2021-02-13T01:43:18.532Z,80.339,6.7682929039001465,4.45121955871582,8.231707572937012
1613180549220,2021-02-13T01:43:18.535Z,80.379,7.987804889678955,3.5975611209869385,10.54878044128418
1613180549259,2021-02-13T01:43:18.537Z,80.418,9.57317066192627,5.060975551605225,12.012195587158203
1613180549299,2021-02-13T01:43:18.548Z,80.458,10.54878044128418,5.9146342277526855,11.890244483947754
1613180549339,2021-02-13T01:43:18.550Z,80.498,11.219511985778809,4.756097793579102,11.95121955871582
1613180549378,2021-02-13T01:43:18.561Z,80.537,9.695121765136719,3.658536672592163,11.95121955871582
1613180549418,2021-02-13T01:43:18.563Z,80.577,8.536585807800293,2.317073106765747,11.40243911743164
1613180549457,2021-02-13T01:43:18.565Z,80.616,5.121951103210449,1.1585365533828735,9.512195587158203
1613180549497,2021-02-13T01:43:18.576Z,80.656,5.97560977935791,0.6097561120986938,4.45121955871582
1613180549538,2021-02-13T01:43:18.579Z,80.697,0.3048780560493469,3.47560977935791,1.8902438879013062
1613180549577,2021-02-13T01:43:18.607Z,80.736,-0.4878048896789551,2.987804889678955,-0.4268292784690857
1613180549617,2021-02-13T01:43:18.610Z,80.776,-2.195122003555298,3.7804877758026123,-0.8536585569381714
1613180549656,2021-02-13T01:43:18.621Z,80.815,-2.2560975551605225,2.6219513416290283,1.097561001777649
1613180549696,2021-02-13T01:43:18.623Z,80.855,-3.1097562313079834,2.2560975551605225,1.2804877758026123
1613180549735,2021-02-13T01:43:18.626Z,80.894,-1.6463414430618286,1.5243902206420898,1.2804877758026123
1613180549775,2021-02-13T01:43:18.637Z,80.934,-1.7682926654815674,1.2195122241973877,1.9512195587158203
1613180549815,2021-02-13T01:43:18.639Z,80.974,-1.097561001777649,1.3414634466171265,3.2317073345184326
1613180549854,2021-02-13T01:43:18.641Z,81.013,-0.18292683362960815,0.9146341681480408,4.756097793579102
1613180549894,2021-02-13T01:43:18.652Z,81.053,-0.4268292784690857,1.097561001777649,5
1613180549935,2021-02-13T01:43:18.655Z,81.094,-1.2804877758026123,1.402438998222351,4.817073345184326
1613180549973,2021-02-13T01:43:18.657Z,81.132,-0.5487805008888245,1.1585365533828735,4.0853657722473145
1613180550014,2021-02-13T01:43:18.668Z,81.173,0.5487805008888245,0.3658536672592163,4.207317352294922
1613180550053,2021-02-13T01:43:18.670Z,81.212,1.6463414430618286,-0.3048780560493469,4.2682929039001465
1613180550093,2021-02-13T01:43:18.681Z,81.252,2.6219513416290283,-0.5487805008888245,3.5365853309631348
1613180550132,2021-02-13T01:43:18.683Z,81.291,1.585365891456604,0,3.47560977935791
1613180550162,2021-02-13T01:43:18.685Z,81.321,0.9756097793579102,-0.060975611209869385,2.9268293380737305
1613180550201,2021-02-13T01:43:18.697Z,81.36,0.7317073345184326,-0.792682945728302,0.5487805008888245
1613180550241,2021-02-13T01:43:18.700Z,81.4,0.6707317233085632,-1.2195122241973877,-0.6707317233085632
1613180550280,2021-02-13T01:43:18.702Z,81.439,-0.4268292784690857,-1.3414634466171265,-2.1341464519500732
1613180550321,2021-02-13T01:43:18.713Z,81.48,-3.170731782913208,-1.7073171138763428,-3.2317073345184326
1613180550360,2021-02-13T01:43:18.715Z,81.519,-3.9024391174316406,-2.1341464519500732,-3.47560977935791
1613180550401,2021-02-13T01:43:18.726Z,81.56,-4.5731706619262695,-1.8902438879013062,-3.5975611209869385
1613180550440,2021-02-13T01:43:18.728Z,81.599,-4.0853657722473145,-1.1585365533828735,-2.682926893234253
1613180550480,2021-02-13T01:43:18.730Z,81.639,-4.634146213531494,-1.097561001777649,-1.6463414430618286
1613180550519,2021-02-13T01:43:18.741Z,81.678,-3.353658676147461,-1.1585365533828735,-1.8902438879013062
1613180550559,2021-02-13T01:43:18.744Z,81.718,-2.6219513416290283,-0.6097561120986938,-2.2560975551605225
1613180550598,2021-02-13T01:43:18.746Z,81.757,-1.5243902206420898,-0.9756097793579102,-0.792682945728302
1613180550638,2021-02-13T01:43:18.757Z,81.797,-0.9146341681480408,-0.4268292784690857,-0.792682945728302
1613180550677,2021-02-13T01:43:18.759Z,81.836,-0.3658536672592163,-0.3048780560493469,-0.5487805008888245
1613180550717,2021-02-13T01:43:18.762Z,81.876,0.24390244483947754,-0.18292683362960815,0.4878048896789551
1613180550756,2021-02-13T01:43:18.773Z,81.915,1.4634146690368652,-0.6707317233085632,1.2804877758026123
1613180550798,2021-02-13T01:43:18.775Z,81.957,1.7073171138763428,-0.7317073345184326,1.7682926654815674
1613180550836,2021-02-13T01:43:18.777Z,81.995,1.5243902206420898,-0.9146341681480408,0.9756097793579102
1613180550877,2021-02-13T01:43:18.788Z,82.036,0.9146341681480408,-0.792682945728302,1.1585365533828735
1613180550916,2021-02-13T01:43:18.791Z,82.075,1.1585365533828735,-0.8536585569381714,1.2195122241973877
1613180550956,2021-02-13T01:43:18.801Z,82.115,1.0365853309631348,-1.0365853309631348,0.24390244483947754
1613180550995,2021-02-13T01:43:18.803Z,82.154,0.6707317233085632,-0.9146341681480408,-0.18292683362960815
1613180551035,2021-02-13T01:43:18.806Z,82.194,0.3048780560493469,-0.3048780560493469,0.18292683362960815
1613180551074,2021-02-13T01:43:18.817Z,82.233,-1.7073171138763428,0,-0.6097561120986938
1613180551114,2021-02-13T01:43:18.819Z,82.273,-1.3414634466171265,-0.12195122241973877,-0.6707317233085632
1613180551153,2021-02-13T01:43:18.821Z,82.312,-0.4878048896789551,0.060975611209869385,-0.060975611209869385
1613180551193,2021-02-13T01:43:18.833Z,82.352,-1.5243902206420898,-0.060975611209869385,0
1613180551233,2021-02-13T01:43:18.835Z,82.392,-1.0365853309631348,-0.3658536672592163,-0.4268292784690857
1613180551274,2021-02-13T01:43:18.837Z,82.433,-1.097561001777649,-0.792682945728302,-0.9146341681480408
1613180551313,2021-02-13T01:43:18.848Z,82.472,-0.7317073345184326,-0.6707317233085632,-0.12195122241973877
1613180551353,2021-02-13T01:43:18.850Z,82.512,-0.6707317233085632,-0.8536585569381714,-0.4878048896789551
1613180551392,2021-02-13T01:43:18.861Z,82.551,-0.792682945728302,-0.4268292784690857,-0.3048780560493469
1613180551432,2021-02-13T01:43:18.863Z,82.591,-0.4268292784690857,-0.4878048896789551,-0.060975611209869385
1613180551471,2021-02-13T01:43:18.865Z,82.63,-0.4878048896789551,-0.6707317233085632,-0.4878048896789551
1613180551511,2021-02-13T01:43:18.877Z,82.67,-1.2195122241973877,-0.4878048896789551,-0.7317073345184326
1613180551550,2021-02-13T01:43:18.879Z,82.709,-0.9146341681480408,-0.6097561120986938,-0.3658536672592163
1613180551590,2021-02-13T01:43:18.881Z,82.749,-0.4878048896789551,-0.3658536672592163,-0.24390244483947754
1613180551630,2021-02-13T01:43:18.893Z,82.789,-1.402438998222351,-0.12195122241973877,-0.6707317233085632
1613180551669,2021-02-13T01:43:18.895Z,82.828,-1.2804877758026123,-0.4878048896789551,-0.5487805008888245
1613180551709,2021-02-13T01:43:18.897Z,82.868,-0.7317073345184326,-0.8536585569381714,-0.8536585569381714
1613180551748,2021-02-13T01:43:18.908Z,82.907,-0.9146341681480408,-0.5487805008888245,-0.3048780560493469
1613180551789,2021-02-13T01:43:18.910Z,82.948,-0.9756097793579102,-0.3048780560493469,-0.4268292784690857
1613180551829,2021-02-13T01:43:18.921Z,82.988,-1.0365853309631348,-1.402438998222351,-1.585365891456604
1613180551868,2021-02-13T01:43:18.923Z,83.027,-1.1585365533828735,-1.1585365533828735,-2.0731706619262695
1613180551908,2021-02-13T01:43:18.925Z,83.067,-1.9512195587158203,-0.792682945728302,-1.2195122241973877
1613180551947,2021-02-13T01:43:18.937Z,83.106,-1.1585365533828735,-0.9146341681480408,-0.7317073345184326
1613180551987,2021-02-13T01:43:18.939Z,83.146,-2.1341464519500732,0.060975611209869385,-1.0365853309631348
1613180552027,2021-02-13T01:43:18.942Z,83.186,-1.8902438879013062,0.3658536672592163,-0.6097561120986938
1613180552066,2021-02-13T01:43:18.953Z,83.225,-1.9512195587158203,0.24390244483947754,-0.4878048896789551
1613180552106,2021-02-13T01:43:18.955Z,83.265,-1.5243902206420898,0.12195122241973877,-0.4878048896789551
1613180552147,2021-02-13T01:43:18.966Z,83.306,-0.9756097793579102,-0.12195122241973877,-1.0365853309631348
1613180552185,2021-02-13T01:43:18.968Z,83.344,-1.402438998222351,-0.3658536672592163,-1.2195122241973877
1613180552226,2021-02-13T01:43:18.971Z,83.385,-1.402438998222351,-0.060975611209869385,-1.1585365533828735
1613180552265,2021-02-13T01:43:18.982Z,83.424,-0.792682945728302,-0.3048780560493469,-0.9146341681480408
1613180552305,2021-02-13T01:43:18.985Z,83.464,-0.3658536672592163,-0.4878048896789551,-0.5487805008888245
1613180552344,2021-02-13T01:43:18.987Z,83.503,-1.2195122241973877,-0.18292683362960815,-0.6097561120986938
1613180552384,2021-02-13T01:43:18.998Z,83.543,-1.585365891456604,0.18292683362960815,-0.3048780560493469
1613180552423,2021-02-13T01:43:19.000Z,83.582,-0.8536585569381714,0.18292683362960815,0
1613180552463,2021-02-13T01:43:19.011Z,83.622,-1.2195122241973877,0,-0.3048780560493469
1613180552503,2021-02-13T01:43:19.013Z,83.662,-1.2195122241973877,0.6097561120986938,0.6097561120986938
1613180552542,2021-02-13T01:43:19.015Z,83.701,-1.7073171138763428,0.5487805008888245,-0.060975611209869385
1613180552582,2021-02-13T01:43:19.027Z,83.741,-0.3048780560493469,0.6097561120986938,0
1613180552621,2021-02-13T01:43:19.029Z,83.78,0.12195122241973877,-0.12195122241973877,0
1613180552661,2021-02-13T01:43:19.057Z,83.82,-0.9146341681480408,-0.18292683362960815,-0.4878048896789551
1613180552702,2021-02-13T01:43:19.059Z,83.861,-1.0365853309631348,-0.12195122241973877,-0.5487805008888245
1613180552741,2021-02-13T01:43:19.061Z,83.9,-1.097561001777649,-0.24390244483947754,-0.4878048896789551
1613180552781,2021-02-13T01:43:19.072Z,83.94,-0.6707317233085632,-0.5487805008888245,-0.3048780560493469
1613180552820,2021-02-13T01:43:19.075Z,83.979,-1.1585365533828735,-1.0365853309631348,-0.9756097793579102
1613180552860,2021-02-13T01:43:19.077Z,84.019,-1.4634146690368652,-0.6707317233085632,-0.9146341681480408
1613180552900,2021-02-13T01:43:19.088Z,84.059,-1.1585365533828735,-0.792682945728302,-0.24390244483947754
1613180552939,2021-02-13T01:43:19.090Z,84.098,-1.5243902206420898,-0.8536585569381714,0.3048780560493469
1613180552979,2021-02-13T01:43:19.101Z,84.138,-1.1585365533828735,-1.0365853309631348,-0.12195122241973877
1613180553018,2021-02-13T01:43:19.103Z,84.177,-1.402438998222351,-0.6097561120986938,-0.792682945728302
1613180553058,2021-02-13T01:43:19.105Z,84.217,-1.4634146690368652,-0.18292683362960815,-0.9146341681480408
1613180553097,2021-02-13T01:43:19.116Z,84.256,-1.3414634466171265,0,-0.6707317233085632
1613180553137,2021-02-13T01:43:19.119Z,84.296,-1.9512195587158203,0.12195122241973877,-1.4634146690368652
1613180553178,2021-02-13T01:43:19.121Z,84.337,-1.8902438879013062,-0.12195122241973877,-1.6463414430618286
1613180553217,2021-02-13T01:43:19.132Z,84.376,-1.097561001777649,-0.24390244483947754,-0.9146341681480408
1613180553257,2021-02-13T01:43:19.134Z,84.416,-1.4634146690368652,-0.6097561120986938,-1.1585365533828735
1613180553297,2021-02-13T01:43:19.137Z,84.456,-0.6097561120986938,-0.7317073345184326,-1.0365853309631348
1613180553336,2021-02-13T01:43:19.148Z,84.495,0.3658536672592163,-0.6097561120986938,-0.5487805008888245
1613180553376,2021-02-13T01:43:19.150Z,84.535,-0.4268292784690857,-0.7317073345184326,-0.6707317233085632
1613180553415,2021-02-13T01:43:19.161Z,84.574,-0.6707317233085632,-0.6097561120986938,-0.9756097793579102
1613180553455,2021-02-13T01:43:19.163Z,84.614,-0.4878048896789551,-0.8536585569381714,-1.4634146690368652
1613180553494,2021-02-13T01:43:19.166Z,84.653,-0.5487805008888245,-0.5487805008888245,-1.097561001777649
1613180553534,2021-02-13T01:43:19.177Z,84.693,-1.2804877758026123,-0.6707317233085632,-1.0365853309631348
1613180553575,2021-02-13T01:43:19.180Z,84.734,-1.097561001777649,-0.18292683362960815,-1.3414634466171265
1613180553613,2021-02-13T01:43:19.182Z,84.772,-1.2804877758026123,0.12195122241973877,-1.2804877758026123
1613180553654,2021-02-13T01:43:19.193Z,84.813,-1.7073171138763428,0.18292683362960815,-1.0365853309631348
1613180553693,2021-02-13T01:43:19.195Z,84.852,-1.585365891456604,0.4878048896789551,-0.6707317233085632
1613180553733,2021-02-13T01:43:19.206Z,84.892,-1.4634146690368652,0.792682945728302,0.3048780560493469
1613180553773,2021-02-13T01:43:19.208Z,84.932,-1.097561001777649,1.097561001777649,0.5487805008888245
1613180553812,2021-02-13T01:43:19.210Z,84.971,-0.6707317233085632,1.0365853309631348,0.6707317233085632
1613180553852,2021-02-13T01:43:19.221Z,85.011,-0.9146341681480408,1.585365891456604,0.4268292784690857
1613180553882,2021-02-13T01:43:19.223Z,85.041,-0.792682945728302,1.2195122241973877,0.4268292784690857
1613180553921,2021-02-13T01:43:19.226Z,85.08,-0.6707317233085632,1.1585365533828735,0.8536585569381714
1613180553962,2021-02-13T01:43:19.237Z,85.121,-0.3658536672592163,0.9756097793579102,1.097561001777649
1613180554001,2021-02-13T01:43:19.239Z,85.16,-1.402438998222351,0.4878048896789551,0.4878048896789551
1613180554041,2021-02-13T01:43:19.242Z,85.2,0.12195122241973877,0.5487805008888245,1.0365853309631348
1613180554080,2021-02-13T01:43:19.253Z,85.239,0.12195122241973877,0.4878048896789551,1.097561001777649
1613180554120,2021-02-13T01:43:19.255Z,85.279,-0.12195122241973877,-0.060975611209869385,1.2195122241973877
1613180554159,2021-02-13T01:43:19.257Z,85.318,0.3658536672592163,0.12195122241973877,1.2804877758026123
1613180554199,2021-02-13T01:43:19.268Z,85.358,0.4878048896789551,-0.12195122241973877,1.0365853309631348
1613180554238,2021-02-13T01:43:19.270Z,85.397,0.3658536672592163,0.4878048896789551,0.8536585569381714
1613180554278,2021-02-13T01:43:19.281Z,85.437,0.18292683362960815,0.12195122241973877,0.792682945728302
1613180554318,2021-02-13T01:43:19.283Z,85.477,0.8536585569381714,0.6707317233085632,0.9756097793579102
1613180554359,2021-02-13T01:43:19.286Z,85.518,1.585365891456604,0.18292683362960815,0.6707317233085632
1613180554397,2021-02-13T01:43:19.297Z,85.556,1.097561001777649,1.7073171138763428,0.9146341681480408
1613180554438,2021-02-13T01:43:19.299Z,85.597,2.195122003555298,1.2804877758026123,0.3658536672592163
1613180554477,2021-02-13T01:43:19.301Z,85.636,2.6219513416290283,1.2804877758026123,0.6097561120986938
1613180554517,2021-02-13T01:43:19.313Z,85.676,1.8292683362960815,2.0731706619262695,-0.24390244483947754
1613180554556,2021-02-13T01:43:19.315Z,85.715,1.585365891456604,2.4390244483947754,-0.4878048896789551
1613180554596,2021-02-13T01:43:19.317Z,85.755,1.7073171138763428,2.4390244483947754,-0.5487805008888245
1613180554635,2021-02-13T01:43:19.328Z,85.794,1.8292683362960815,2.195122003555298,-1.0365853309631348
1613180554675,2021-02-13T01:43:19.331Z,85.834,0.060975611209869385,2.378048896789551,-2.0731706619262695
1613180554714,2021-02-13T01:43:19.341Z,85.873,0.9146341681480408,1.7682926654815674,-1.6463414430618286
1613180554754,2021-02-13T01:43:19.343Z,85.913,0.24390244483947754,0.6097561120986938,-2.012195110321045
1613180554794,2021-02-13T01:43:19.345Z,85.953,1.0365853309631348,-0.18292683362960815,-2.804877996444702
1613180554835,2021-02-13T01:43:19.357Z,85.994,0.3658536672592163,-0.5487805008888245,-3.1097562313079834
1613180554873,2021-02-13T01:43:19.359Z,86.032,-0.5487805008888245,-1.5243902206420898,-3.0487804412841797
1613180554914,2021-02-13T01:43:19.361Z,86.073,-2.012195110321045,-1.1585365533828735,-3.658536672592163
1613180554953,2021-02-13T01:43:19.372Z,86.112,-2.7439024448394775,-1.2804877758026123,-3.658536672592163
1613180554993,2021-02-13T01:43:19.375Z,86.152,-2.0731706619262695,-0.8536585569381714,-2.6219513416290283
1613180555032,2021-02-13T01:43:19.377Z,86.191,-3.658536672592163,-0.9756097793579102,-2.5609755516052246
1613180555072,2021-02-13T01:43:19.388Z,86.231,-3.0487804412841797,-0.060975611209869385,-2.7439024448394775
1613180555111,2021-02-13T01:43:19.390Z,86.27,-2.317073106765747,1.5243902206420898,-4.0853657722473145
1613180555151,2021-02-13T01:43:19.401Z,86.31,-2.4390244483947754,2.987804889678955,-4.390244007110596
1613180555191,2021-02-13T01:43:19.403Z,86.35,-5.4268293380737305,3.170731782913208,-6.707317352294922
1613180555232,2021-02-13T01:43:19.405Z,86.391,-10.670731544494629,3.170731782913208,-10
1613180555270,2021-02-13T01:43:19.416Z,86.429,-13.414634704589844,4.2682929039001465,-12.256097793579102
1613180555311,2021-02-13T01:43:19.419Z,86.47,-10.792683601379395,6.7682929039001465,-13.536585807800293
1613180555350,2021-02-13T01:43:19.421Z,86.509,-9.87804889678955,8.292682647705078,-10.243902206420898
1613180555390,2021-02-13T01:43:19.432Z,86.549,-6.402439117431641,8.963415145874023,-6.463414669036865
1613180555429,2021-02-13T01:43:19.434Z,86.588,-4.329268455505371,8.719511985778809,-5.4268293380737305
1613180555469,2021-02-13T01:43:19.437Z,86.628,-8.963415145874023,10,-4.329268455505371
1613180555508,2021-02-13T01:43:19.448Z,86.667,-5.670732021331787,10.304878234863281,-2.682926893234253
1613180555548,2021-02-13T01:43:19.450Z,86.707,-9.57317066192627,8.963415145874023,-5.792683124542236
1613180555588,2021-02-13T01:43:19.461Z,86.747,-4.45121955871582,6.280488014221191,-3.9634146690368652
1613180555627,2021-02-13T01:43:19.463Z,86.786,-0.24390244483947754,5.731707572937012,-1.4634146690368652
1613180555667,2021-02-13T01:43:19.465Z,86.826,6.158536911010742,4.207317352294922,-5.670732021331787
1613180555708,2021-02-13T01:43:19.476Z,86.867,2.0731706619262695,12.012195587158203,-2.987804889678955
1613180555746,2021-02-13T01:43:19.479Z,86.905,0.24390244483947754,11.768293380737305,2.6219513416290283
1613180555787,2021-02-13T01:43:19.507Z,86.946,6.646341800689697,15.609756469726562,9.085366249084473
1613180555826,2021-02-13T01:43:19.510Z,86.985,3.4146342277526855,17.317073822021484,6.707317352294922
1613180555866,2021-02-13T01:43:19.521Z,87.025,-0.24390244483947754,15.487805366516113,8.719511985778809
1613180555905,2021-02-13T01:43:19.523Z,87.064,-2.012195110321045,12.5,7.195122241973877
1613180555945,2021-02-13T01:43:19.525Z,87.104,-2.317073106765747,7.865853786468506,11.219511985778809
1613180555985,2021-02-13T01:43:19.537Z,87.144,6.7682929039001465,6.463414669036865,9.207317352294922
1613180556024,2021-02-13T01:43:19.539Z,87.183,-14.02439022064209,6.402439117431641,5.9146342277526855
1613180556064,2021-02-13T01:43:19.541Z,87.223,-3.658536672592163,6.5853657722473145,6.890244007110596
1613180556103,2021-02-13T01:43:19.552Z,87.262,-0.24390244483947754,10.97560977935791,2.7439024448394775
1613180556143,2021-02-13T01:43:19.555Z,87.302,-14.939024925231934,16.158536911010742,-2.012195110321045
1613180556184,2021-02-13T01:43:19.557Z,87.343,-24.08536720275879,19.939023971557617,-0.7317073345184326
1613180556222,2021-02-13T01:43:19.568Z,87.381,-8.292682647705078,22.68292808532715,-3.1097562313079834
1613180556263,2021-02-13T01:43:19.570Z,87.422,-8.231707572937012,33.04878234863281,4.817073345184326
1613180556302,2021-02-13T01:43:19.581Z,87.461,40,22.19512176513672,23.53658676147461
1613180556342,2021-02-13T01:43:19.583Z,87.501,34.085365295410156,20.060976028442383,4.207317352294922
1613180556381,2021-02-13T01:43:19.585Z,87.54,17.987804412841797,3.841463565826416,2.317073106765747
1613180556421,2021-02-13T01:43:19.596Z,87.58,-23.414634704589844,10,-9.87804889678955
1613180556461,2021-02-13T01:43:19.599Z,87.62,-32.19512176513672,13.719512939453125,11.280488014221191
1613180556500,2021-02-13T01:43:19.601Z,87.659,-8.719511985778809,5.97560977935791,17.5
1613180556540,2021-02-13T01:43:19.612Z,87.699,-20.914634704589844,5.365853786468506,-6.219512462615967
1613180556581,2021-02-13T01:43:19.614Z,87.74,-43.17073440551758,-3.2317073345184326,-7.0731706619262695
1613180556619,2021-02-13T01:43:19.617Z,87.778,-29.69512176513672,-8.170731544494629,-19.268293380737305
1613180556660,2021-02-13T01:43:19.628Z,87.819,-25.85365867614746,-22.5,-24.7560977935791
1613180556698,2021-02-13T01:43:19.630Z,87.857,-23.53658676147461,-23.414634704589844,-26.09756088256836
1613180556739,2021-02-13T01:43:19.632Z,87.898,-21.03658676147461,-21.58536720275879,-16.707317352294922
1613180556778,2021-02-13T01:43:19.643Z,87.937,-16.341463088989258,-19.024391174316406,-15.914634704589844
1613180556818,2021-02-13T01:43:19.645Z,87.977,-15.670732498168945,-16.036584854125977,-5.182927131652832
1613180556858,2021-02-13T01:43:19.656Z,88.017,-17.560976028442383,-17.560976028442383,-7.560975551605225
1613180556897,2021-02-13T01:43:19.658Z,88.056,-14.390244483947754,-24.512195587158203,-11.52439022064209
1613180556937,2021-02-13T01:43:19.661Z,88.096,-14.634146690368652,-27.43902587890625,-3.7804877758026123
1613180556976,2021-02-13T01:43:19.672Z,88.135,-8.414634704589844,-29.39024543762207,0.8536585569381714
1613180557016,2021-02-13T01:43:19.674Z,88.175,-4.512195110321045,-30.18292808532715,3.841463565826416
1613180557055,2021-02-13T01:43:19.677Z,88.214,0.4268292784690857,-34.817073822021484,6.5853657722473145
1613180557095,2021-02-13T01:43:19.688Z,88.254,5.121951103210449,-35.914634704589844,5.182927131652832
1613180557136,2021-02-13T01:43:19.690Z,88.295,8.170731544494629,-34.93902587890625,5.4268293380737305
1613180557174,2021-02-13T01:43:19.692Z,88.333,10.670731544494629,-35,4.146341323852539
1613180557215,2021-02-13T01:43:19.703Z,88.374,10.792683601379395,-31.219512939453125,0.3658536672592163
1613180557255,2021-02-13T01:43:19.706Z,88.414,9.634146690368652,-30.121952056884766,-0.3048780560493469
1613180557294,2021-02-13T01:43:19.716Z,88.453,8.353658676147461,-33.475608825683594,-3.9024391174316406
1613180557334,2021-02-13T01:43:19.718Z,88.493,8.841464042663574,-34.085365295410156,-7.987804889678955
1613180557373,2021-02-13T01:43:19.721Z,88.532,10.365854263305664,-30.18292808532715,-7.621951580047607
1613180557413,2021-02-13T01:43:19.733Z,88.572,11.52439022064209,-28.292682647705078,-7.9268293380737305
1613180557452,2021-02-13T01:43:19.735Z,88.611,14.939024925231934,-26.707317352294922,-9.695121765136719
1613180557492,2021-02-13T01:43:19.737Z,88.651,17.987804412841797,-25.121952056884766,-11.707317352294922
1613180557531,2021-02-13T01:43:19.748Z,88.69,14.268293380737305,-23.35365867614746,-12.560976028442383
1613180557571,2021-02-13T01:43:19.750Z,88.73,16.890243530273438,-21.40243911743164,-15.914634704589844
1613180557602,2021-02-13T01:43:19.752Z,88.761,14.268293380737305,-18.841463088989258,-18.109756469726562
1613180557641,2021-02-13T01:43:19.763Z,88.8,6.7682929039001465,-14.390244483947754,-18.292682647705078
1613180557681,2021-02-13T01:43:19.765Z,88.84,7.378048896789551,-13.47560977935791,-17.2560977935791
1613180557720,2021-02-13T01:43:19.777Z,88.879,7.195122241973877,-11.463415145874023,-17.2560977935791
1613180557760,2021-02-13T01:43:19.779Z,88.919,5.853658676147461,-9.512195587158203,-16.158536911010742
1613180557799,2021-02-13T01:43:19.781Z,88.958,10,-12.560976028442383,-15.060976028442383
1613180557840,2021-02-13T01:43:19.792Z,88.999,10.853658676147461,-10.792683601379395,-13.658536911010742
1613180557879,2021-02-13T01:43:19.795Z,89.038,11.95121955871582,-11.646341323852539,-10.609756469726562
1613180557920,2021-02-13T01:43:19.806Z,89.079,12.865854263305664,-10.853658676147461,-9.695121765136719
1613180557958,2021-02-13T01:43:19.836Z,89.117,6.341463565826416,-6.7682929039001465,-12.743903160095215
1613180557999,2021-02-13T01:43:19.839Z,89.158,3.5365853309631348,-6.158536911010742,-10.487805366516113
1613180558038,2021-02-13T01:43:19.841Z,89.197,4.878048896789551,-7.378048896789551,-11.158536911010742
1613180558078,2021-02-13T01:43:19.852Z,89.237,5.731707572937012,-7.439024448394775,-11.158536911010742
1613180558117,2021-02-13T01:43:19.854Z,89.276,3.9024391174316406,-6.402439117431641,-10.304878234863281
1613180558157,2021-02-13T01:43:19.857Z,89.316,4.207317352294922,-7.682927131652832,-9.207317352294922
1613180558196,2021-02-13T01:43:19.868Z,89.355,2.804877996444702,-6.158536911010742,-8.719511985778809
1613180558236,2021-02-13T01:43:19.870Z,89.395,3.5365853309631348,-6.95121955871582,-7.0731706619262695
1613180558276,2021-02-13T01:43:19.872Z,89.435,2.865853786468506,-7.256097793579102,-7.134146690368652
1613180558315,2021-02-13T01:43:19.883Z,89.474,1.2195122241973877,-5.487804889678955,-7.317073345184326
1613180558355,2021-02-13T01:43:19.885Z,89.514,3.353658676147461,-5.487804889678955,-5.304878234863281
1613180558396,2021-02-13T01:43:19.896Z,89.555,5.853658676147461,-5.243902683258057,-1.585365891456604
1613180558434,2021-02-13T01:43:19.898Z,89.593,8.47560977935791,-4.146341323852539,1.8292683362960815
1613180558475,2021-02-13T01:43:19.901Z,89.634,7.317073345184326,-2.0731706619262695,3.2317073345184326
1613180558514,2021-02-13T01:43:19.912Z,89.673,5.304878234863281,-1.097561001777649,3.7804877758026123
1613180558554,2021-02-13T01:43:19.914Z,89.713,3.353658676147461,-1.2804877758026123,4.5731706619262695
1613180558593,2021-02-13T01:43:19.916Z,89.752,1.5243902206420898,-0.18292683362960815,3.9024391174316406
1613180558633,2021-02-13T01:43:19.928Z,89.792,0.792682945728302,0.4268292784690857,4.5731706619262695
1613180558673,2021-02-13T01:43:19.931Z,89.832,1.4634146690368652,1.0365853309631348,5.792683124542236
1613180558712,2021-02-13T01:43:19.942Z,89.871,0.3048780560493469,2.6219513416290283,5.487804889678955
1613180558752,2021-02-13T01:43:19.943Z,89.911,-0.3048780560493469,2.804877996444702,5.731707572937012
1613180558791,2021-02-13T01:43:19.946Z,89.95,-0.24390244483947754,2.5,5.792683124542236
1613180558831,2021-02-13T01:43:19.957Z,89.99,-0.4878048896789551,1.3414634466171265,5.731707572937012
1613180558872,2021-02-13T01:43:19.987Z,90.031,-2.012195110321045,0.060975611209869385,5
1613180558910,2021-02-13T01:43:19.989Z,90.069,-2.4390244483947754,-1.1585365533828735,5.182927131652832
1613180558951,2021-02-13T01:43:19.991Z,90.11,-2.987804889678955,-1.4634146690368652,4.390244007110596
1613180558990,2021-02-13T01:43:20.002Z,90.149,-3.170731782913208,-1.7682926654815674,3.47560977935791
1613180559030,2021-02-13T01:43:20.005Z,90.189,-4.5731706619262695,-1.4634146690368652,3.0487804412841797
1613180559069,2021-02-13T01:43:20.007Z,90.228,-3.9634146690368652,-1.097561001777649,3.5975611209869385
1613180559109,2021-02-13T01:43:20.018Z,90.268,-1.4634146690368652,-0.4878048896789551,4.695122241973877
1613180559149,2021-02-13T01:43:20.020Z,90.308,0.12195122241973877,2.378048896789551,5.304878234863281
1613180559188,2021-02-13T01:43:20.031Z,90.347,0.12195122241973877,4.5731706619262695,4.878048896789551
1613180559228,2021-02-13T01:43:20.033Z,90.387,-1.7073171138763428,5,4.329268455505371
1613180559267,2021-02-13T01:43:20.036Z,90.426,-1.2804877758026123,4.02439022064209,4.329268455505371
1613180559307,2021-02-13T01:43:20.048Z,90.466,-1.3414634466171265,2.9268293380737305,3.658536672592163
1613180559348,2021-02-13T01:43:20.049Z,90.507,-2.987804889678955,3.1097562313079834,2.7439024448394775
1613180559386,2021-02-13T01:43:20.052Z,90.545,-2.0731706619262695,2.5,2.0731706619262695
1613180559427,2021-02-13T01:43:20.063Z,90.586,-1.8902438879013062,3.2317073345184326,2.2560975551605225
1613180559466,2021-02-13T01:43:20.065Z,90.625,-1.8292683362960815,3.9024391174316406,1.7682926654815674
1613180559506,2021-02-13T01:43:20.076Z,90.665,-1.097561001777649,4.512195110321045,1.7073171138763428
1613180559546,2021-02-13T01:43:20.078Z,90.705,-0.12195122241973877,4.207317352294922,2.317073106765747
1613180559585,2021-02-13T01:43:20.081Z,90.744,-0.3048780560493469,3.2926828861236572,2.1341464519500732
1613180559625,2021-02-13T01:43:20.091Z,90.784,-1.8292683362960815,1.9512195587158203,0.6097561120986938
1613180559664,2021-02-13T01:43:20.094Z,90.823,-1.1585365533828735,0.6707317233085632,-0.3048780560493469
1613180559704,2021-02-13T01:43:20.096Z,90.863,-1.2804877758026123,-0.5487805008888245,-0.6097561120986938
1613180559743,2021-02-13T01:43:20.107Z,90.902,-1.585365891456604,-0.9146341681480408,-1.9512195587158203
1613180559783,2021-02-13T01:43:20.110Z,90.942,-1.3414634466171265,-0.7317073345184326,-2.6219513416290283
1613180559824,2021-02-13T01:43:20.112Z,90.983,-2.4390244483947754,-0.18292683362960815,-2.2560975551605225
1613180559862,2021-02-13T01:43:20.123Z,91.021,-1.5243902206420898,0.3658536672592163,-0.792682945728302
1613180559903,2021-02-13T01:43:20.126Z,91.062,-2.6219513416290283,-0.24390244483947754,0.18292683362960815
1613180559943,2021-02-13T01:43:20.137Z,91.102,-2.012195110321045,-0.4268292784690857,1.5243902206420898
1613180559982,2021-02-13T01:43:20.139Z,91.141,-2.5609755516052246,0,3.353658676147461
1613180560022,2021-02-13T01:43:20.141Z,91.181,-2.987804889678955,0.7317073345184326,5.487804889678955
1613180560061,2021-02-13T01:43:20.152Z,91.22,-1.5243902206420898,0.5487805008888245,6.646341800689697
1613180560101,2021-02-13T01:43:20.155Z,91.26,-1.585365891456604,0.6707317233085632,7.134146690368652
1613180560140,2021-02-13T01:43:20.157Z,91.299,-2.7439024448394775,1.6463414430618286,6.5853657722473145
1613180560180,2021-02-13T01:43:20.168Z,91.339,-2.987804889678955,1.8292683362960815,5.243902683258057
1613180560219,2021-02-13T01:43:20.170Z,91.378,-2.012195110321045,0.4878048896789551,4.756097793579102
1613180560259,2021-02-13T01:43:20.181Z,91.418,-0.9146341681480408,-0.24390244483947754,5.853658676147461
1613180560300,2021-02-13T01:43:20.183Z,91.459,-1.2195122241973877,-0.6097561120986938,5.670732021331787
1613180560338,2021-02-13T01:43:20.186Z,91.497,-0.792682945728302,-1.7073171138763428,5.4268293380737305
1613180560379,2021-02-13T01:43:20.196Z,91.538,0.9146341681480408,-1.7682926654815674,6.829268455505371
1613180560419,2021-02-13T01:43:20.199Z,91.578,1.0365853309631348,-1.9512195587158203,8.536585807800293
1613180560458,2021-02-13T01:43:20.201Z,91.617,0.5487805008888245,-1.9512195587158203,8.658536911010742
1613180560498,2021-02-13T01:43:20.212Z,91.657,1.9512195587158203,-2.195122003555298,8.658536911010742
1613180560537,2021-02-13T01:43:20.214Z,91.696,1.7682926654815674,-2.378048896789551,8.841464042663574
1613180560577,2021-02-13T01:43:20.217Z,91.736,1.3414634466171265,-2.378048896789551,8.719511985778809
1613180560616,2021-02-13T01:43:20.228Z,91.775,0.3658536672592163,-1.8902438879013062,8.353658676147461
1613180560656,2021-02-13T01:43:20.230Z,91.815,1.4634146690368652,-1.2804877758026123,8.719511985778809
1613180560695,2021-02-13T01:43:20.232Z,91.854,3.658536672592163,0.6707317233085632,9.817073822021484
1613180560735,2021-02-13T01:43:20.243Z,91.894,6.097560882568359,2.317073106765747,9.634146690368652
1613180560776,2021-02-13T01:43:20.245Z,91.935,7.439024448394775,3.47560977935791,8.353658676147461
1613180560814,2021-02-13T01:43:20.256Z,91.973,7.560975551605225,3.9634146690368652,5.9146342277526855
1613180560855,2021-02-13T01:43:20.258Z,92.014,8.231707572937012,3.7195122241973877,3.0487804412841797
1613180560895,2021-02-13T01:43:20.266Z,92.054,9.817073822021484,3.170731782913208,-0.6097561120986938
1613180560934,2021-02-13T01:43:20.272Z,92.093,11.40243911743164,1.5243902206420898,-3.9024391174316406
1613180560974,2021-02-13T01:43:20.274Z,92.133,9.207317352294922,0,-4.329268455505371
1613180561013,2021-02-13T01:43:20.276Z,92.172,9.695121765136719,0.5487805008888245,-3.4146342277526855
1613180561053,2021-02-13T01:43:20.288Z,92.212,9.634146690368652,0.6707317233085632,-2.378048896789551
1613180561092,2021-02-13T01:43:20.290Z,92.251,7.987804889678955,1.3414634466171265,-0.9756097793579102
1613180561132,2021-02-13T01:43:20.292Z,92.291,5.9146342277526855,4.756097793579102,0
1613180561163,2021-02-13T01:43:20.302Z,92.322,6.52439022064209,6.646341800689697,-1.097561001777649
1613180561201,2021-02-13T01:43:20.305Z,92.36,6.463414669036865,6.95121955871582,-1.7682926654815674
1613180561242,2021-02-13T01:43:20.307Z,92.401,3.0487804412841797,6.95121955871582,-1.0365853309631348
1613180561281,2021-02-13T01:43:20.318Z,92.44,0.5487805008888245,6.707317352294922,0.9146341681480408
1613180561321,2021-02-13T01:43:20.320Z,92.48,-0.4268292784690857,5.97560977935791,1.9512195587158203
1613180561360,2021-02-13T01:43:20.331Z,92.519,0.5487805008888245,4.329268455505371,3.5975611209869385
1613180561400,2021-02-13T01:43:20.333Z,92.559,-0.3048780560493469,4.02439022064209,4.329268455505371
1613180561440,2021-02-13T01:43:20.335Z,92.599,-2.5609755516052246,4.5731706619262695,4.207317352294922
1613180561479,2021-02-13T01:43:20.347Z,92.638,-3.47560977935791,4.0853657722473145,2.987804889678955
1613180561519,2021-02-13T01:43:20.349Z,92.678,-4.878048896789551,3.47560977935791,1.6463414430618286
1613180561560,2021-02-13T01:43:20.352Z,92.719,-6.219512462615967,2.2560975551605225,1.8902438879013062
1613180561598,2021-02-13T01:43:20.363Z,92.757,-6.890244007110596,1.2804877758026123,0.060975611209869385
1613180561639,2021-02-13T01:43:20.365Z,92.798,-9.512195587158203,1.402438998222351,-1.2804877758026123
1613180561677,2021-02-13T01:43:20.377Z,92.836,-10.42682933807373,0.5487805008888245,-1.585365891456604
1613180561718,2021-02-13T01:43:20.379Z,92.877,-8.353658676147461,-1.097561001777649,-0.9146341681480408
1613180561757,2021-02-13T01:43:20.381Z,92.916,-7.865853786468506,-0.9756097793579102,0.060975611209869385
1613180561797,2021-02-13T01:43:20.392Z,92.956,-6.707317352294922,-0.7317073345184326,-0.792682945728302
1613180561837,2021-02-13T01:43:20.395Z,92.996,-7.134146690368652,-0.3048780560493469,-1.402438998222351
1613180561876,2021-02-13T01:43:20.397Z,93.035,-8.536585807800293,-0.6707317233085632,-2.682926893234253
1613180561916,2021-02-13T01:43:20.408Z,93.075,-6.158536911010742,0.9756097793579102,-4.207317352294922
1613180561955,2021-02-13T01:43:20.410Z,93.114,-8.658536911010742,5.9146342277526855,-6.097560882568359
1613180561995,2021-02-13T01:43:20.452Z,93.154,-5.792683124542236,7.743902683258057,-5.792683124542236
1613180562036,2021-02-13T01:43:20.454Z,93.195,-5.182927131652832,10.12195110321045,-7.621951580047607
1613180562074,2021-02-13T01:43:20.457Z,93.233,-7.987804889678955,12.804878234863281,-10.365854263305664
1613180562115,2021-02-13T01:43:20.468Z,93.274,-6.036585330963135,6.829268455505371,-10.731707572937012
1613180562154,2021-02-13T01:43:20.470Z,93.313,-5.54878044128418,3.658536672592163,-10.54878044128418
1613180562194,2021-02-13T01:43:20.482Z,93.353,-1.8292683362960815,-1.7073171138763428,-7.804878234863281
1613180562234,2021-02-13T01:43:20.484Z,93.393,-2.804877996444702,-2.7439024448394775,-6.5853657722473145
1613180562273,2021-02-13T01:43:20.486Z,93.432,-5.9146342277526855,-0.3048780560493469,-7.865853786468506
1613180562313,2021-02-13T01:43:20.497Z,93.472,-4.817073345184326,-0.18292683362960815,-7.317073345184326
1613180562352,2021-02-13T01:43:20.500Z,93.511,-4.0853657722473145,2.0731706619262695,-2.6219513416290283
1613180562392,2021-02-13T01:43:20.502Z,93.551,-1.402438998222351,4.695122241973877,-1.9512195587158203
1613180562431,2021-02-13T01:43:20.513Z,93.59,-0.24390244483947754,5.54878044128418,-5.609755992889404
1613180562471,2021-02-13T01:43:20.515Z,93.63,-3.5365853309631348,3.658536672592163,-10.914634704589844
1613180562512,2021-02-13T01:43:20.526Z,93.671,-6.158536911010742,1.7073171138763428,-17.865854263305664
1613180562550,2021-02-13T01:43:20.528Z,93.709,-5.54878044128418,1.9512195587158203,-26.03658676147461
1613180562591,2021-02-13T01:43:20.531Z,93.75,-11.158536911010742,0.24390244483947754,-15.54878044128418
1613180562631,2021-02-13T01:43:20.541Z,93.79,-3.9634146690368652,-1.8292683362960815,-9.02439022064209
1613180562670,2021-02-13T01:43:20.544Z,93.829,-2.195122003555298,-2.6219513416290283,-4.2682929039001465
1613180562710,2021-02-13T01:43:20.546Z,93.869,-0.9756097793579102,-4.390244007110596,-5.670732021331787
1613180562749,2021-02-13T01:43:20.557Z,93.908,-1.097561001777649,-4.02439022064209,-8.414634704589844
1613180562789,2021-02-13T01:43:20.559Z,93.948,0.8536585569381714,-5,-7.134146690368652
1613180562828,2021-02-13T01:43:20.562Z,93.987,0.7317073345184326,-5.487804889678955,-9.57317066192627
1613180562868,2021-02-13T01:43:20.573Z,94.027,-2.7439024448394775,-2.5609755516052246,-10.97560977935791
1613180562907,2021-02-13T01:43:20.575Z,94.066,-2.012195110321045,-0.6707317233085632,-12.317073822021484
1613180562947,2021-02-13T01:43:20.577Z,94.106,-1.9512195587158203,-0.12195122241973877,-13.292683601379395
1613180562988,2021-02-13T01:43:20.588Z,94.147,-0.4878048896789551,-3.2317073345184326,-14.939024925231934
1613180563026,2021-02-13T01:43:20.591Z,94.185,2.195122003555298,-2.1341464519500732,-11.40243911743164
1613180563067,2021-02-13T01:43:20.601Z,94.226,-0.9756097793579102,-0.9756097793579102,-13.109756469726562
1613180563107,2021-02-13T01:43:20.603Z,94.266,-4.512195110321045,1.1585365533828735,-12.07317066192627
1613180563146,2021-02-13T01:43:20.607Z,94.305,3.0487804412841797,1.0365853309631348,-11.890244483947754
1613180563186,2021-02-13T01:43:20.618Z,94.345,6.341463565826416,1.8292683362960815,-12.865854263305664
1613180563225,2021-02-13T01:43:20.620Z,94.384,4.02439022064209,2.5609755516052246,-10.243902206420898
1613180563265,2021-02-13T01:43:20.622Z,94.424,3.841463565826416,1.402438998222351,-8.109756469726562
1613180563304,2021-02-13T01:43:20.633Z,94.463,4.756097793579102,-0.6707317233085632,-6.280488014221191
1613180563344,2021-02-13T01:43:20.635Z,94.503,5.731707572937012,-0.4878048896789551,-3.170731782913208
1613180563383,2021-02-13T01:43:20.646Z,94.542,3.9024391174316406,0.24390244483947754,-1.0365853309631348
1613180563423,2021-02-13T01:43:20.649Z,94.582,3.841463565826416,0.8536585569381714,2.195122003555298
1613180563464,2021-02-13T01:43:20.652Z,94.623,4.0853657722473145,0.6097561120986938,3.658536672592163
1613180563502,2021-02-13T01:43:20.663Z,94.661,2.682926893234253,1.097561001777649,4.512195110321045
1613180563543,2021-02-13T01:43:20.665Z,94.702,3.0487804412841797,1.2195122241973877,6.097560882568359
1613180563583,2021-02-13T01:43:20.668Z,94.742,3.353658676147461,1.5243902206420898,7.256097793579102
1613180563622,2021-02-13T01:43:20.678Z,94.781,4.5731706619262695,1.5243902206420898,8.231707572937012
1613180563662,2021-02-13T01:43:20.680Z,94.821,4.390244007110596,3.1097562313079834,8.292682647705078
1613180563701,2021-02-13T01:43:20.691Z,94.86,6.280488014221191,3.5365853309631348,7.804878234863281
1613180563741,2021-02-13T01:43:20.693Z,94.9,7.743902683258057,4.329268455505371,7.621951580047607
1613180563780,2021-02-13T01:43:20.696Z,94.939,8.231707572937012,3.2317073345184326,7.682927131652832
1613180563820,2021-02-13T01:43:20.707Z,94.979,7.682927131652832,2.682926893234253,6.5853657722473145
1613180563860,2021-02-13T01:43:20.709Z,95.019,8.04878044128418,2.865853786468506,6.829268455505371
1613180563899,2021-02-13T01:43:20.712Z,95.058,8.231707572937012,3.5975611209869385,7.0731706619262695
1613180563940,2021-02-13T01:43:20.723Z,95.099,7.682927131652832,3.9634146690368652,8.170731544494629
1613180563978,2021-02-13T01:43:20.725Z,95.137,9.390244483947754,4.207317352294922,10.731707572937012
1613180564019,2021-02-13T01:43:20.727Z,95.178,9.085366249084473,3.47560977935791,12.317073822021484
1613180564059,2021-02-13T01:43:20.738Z,95.218,6.890244007110596,3.5365853309631348,13.170731544494629
1613180564098,2021-02-13T01:43:20.741Z,95.257,4.817073345184326,3.658536672592163,13.231707572937012
1613180564138,2021-02-13T01:43:20.751Z,95.297,1.2195122241973877,3.7804877758026123,12.560976028442383
1613180564177,2021-02-13T01:43:20.753Z,95.336,-1.402438998222351,4.512195110321045,11.40243911743164
1613180564217,2021-02-13T01:43:20.756Z,95.376,-1.9512195587158203,4.756097793579102,11.768293380737305
1613180564256,2021-02-13T01:43:20.767Z,95.415,-2.682926893234253,4.695122241973877,11.829268455505371
1613180564296,2021-02-13T01:43:20.769Z,95.455,-3.841463565826416,4.45121955871582,12.37804889678955
1613180564336,2021-02-13T01:43:20.771Z,95.495,-2.865853786468506,5.060975551605225,14.207317352294922
1613180564375,2021-02-13T01:43:20.783Z,95.534,-2.865853786468506,5.243902683258057,13.353658676147461
1613180564416,2021-02-13T01:43:20.785Z,95.575,-1.7073171138763428,5,14.57317066192627
1613180564456,2021-02-13T01:43:20.787Z,95.615,-0.18292683362960815,5.304878234863281,15.304878234863281
1613180564495,2021-02-13T01:43:20.798Z,95.654,0.6097561120986938,5.182927131652832,15.792683601379395
1613180564535,2021-02-13T01:43:20.801Z,95.694,1.3414634466171265,4.45121955871582,17.13414764404297
1613180564574,2021-02-13T01:43:20.811Z,95.733,0.18292683362960815,2.2560975551605225,16.341463088989258
1613180564614,2021-02-13T01:43:20.813Z,95.773,0.7317073345184326,-0.5487805008888245,14.87804889678955
1613180564653,2021-02-13T01:43:20.816Z,95.812,-0.792682945728302,1.4634146690368652,11.95121955871582
1613180564693,2021-02-13T01:43:20.827Z,95.852,-1.097561001777649,5.243902683258057,12.134146690368652
1613180564733,2021-02-13T01:43:20.829Z,95.892,1.8292683362960815,9.02439022064209,10.54878044128418
1613180564772,2021-02-13T01:43:20.831Z,95.931,2.0731706619262695,8.04878044128418,16.707317352294922
1613180564803,2021-02-13T01:43:20.841Z,95.962,4.02439022064209,6.5853657722473145,18.475610733032227
1613180564841,2021-02-13T01:43:20.845Z,96,2.4390244483947754,3.7804877758026123,15.12195110321045
1613180564882,2021-02-13T01:43:20.847Z,96.041,1.4634146690368652,4.146341323852539,19.268293380737305
1613180564922,2021-02-13T01:43:20.858Z,96.081,3.2926828861236572,0.6097561120986938,13.536585807800293
1613180564961,2021-02-13T01:43:20.860Z,96.12,2.4390244483947754,3.658536672592163,12.37804889678955
1613180565001,2021-02-13T01:43:20.871Z,96.16,5.54878044128418,1.1585365533828735,6.5853657722473145
1613180565040,2021-02-13T01:43:20.873Z,96.199,-1.2804877758026123,6.5853657722473145,9.817073822021484
1613180565080,2021-02-13T01:43:20.876Z,96.239,6.646341800689697,8.353658676147461,5.304878234863281
1613180565119,2021-02-13T01:43:20.903Z,96.278,0.3048780560493469,12.07317066192627,-0.9146341681480408
1613180565159,2021-02-13T01:43:20.905Z,96.318,-0.060975611209869385,12.07317066192627,-6.280488014221191
1613180565198,2021-02-13T01:43:20.916Z,96.357,7.134146690368652,11.40243911743164,-8.780488014221191
1613180565238,2021-02-13T01:43:20.919Z,96.397,12.07317066192627,8.90243911743164,-5.853658676147461
1613180565279,2021-02-13T01:43:20.921Z,96.438,17.012195587158203,7.621951580047607,13.59756088256836
1613180565317,2021-02-13T01:43:20.932Z,96.476,18.231708526611328,10.060976028442383,12.560976028442383
1613180565358,2021-02-13T01:43:20.934Z,96.517,14.695122718811035,10.42682933807373,10.731707572937012
1613180565398,2021-02-13T01:43:20.937Z,96.557,10.731707572937012,19.390243530273438,24.63414764404297
1613180565437,2021-02-13T01:43:20.948Z,96.596,-26.89024543762207,38.658538818359375,29.817073822021484
1613180565477,2021-02-13T01:43:20.950Z,96.636,1.7073171138763428,10.365854263305664,-19.45121955871582
1613180565516,2021-02-13T01:43:20.952Z,96.675,-12.560976028442383,-10.182927131652832,-31.95121955871582
1613180565556,2021-02-13T01:43:20.963Z,96.715,6.280488014221191,-29.878049850463867,3.841463565826416
1613180565595,2021-02-13T01:43:20.966Z,96.754,7.987804889678955,-21.890243530273438,23.35365867614746
1613180565635,2021-02-13T01:43:20.976Z,96.794,2.0731706619262695,-16.463415145874023,6.890244007110596
1613180565674,2021-02-13T01:43:20.978Z,96.833,-13.536585807800293,-6.707317352294922,-13.536585807800293
1613180565714,2021-02-13T01:43:20.981Z,96.873,-16.524391174316406,2.987804889678955,-18.59756088256836
1613180565755,2021-02-13T01:43:20.992Z,96.914,-4.878048896789551,2.1341464519500732,-13.719512939453125
1613180565793,2021-02-13T01:43:20.994Z,96.952,-7.621951580047607,7.378048896789551,-8.59756088256836
1613180565834,2021-02-13T01:43:20.996Z,96.993,-10.609756469726562,7.743902683258057,-11.219511985778809
1613180565874,2021-02-13T01:43:21.008Z,97.033,-10,4.0853657722473145,-13.109756469726562
1613180565913,2021-02-13T01:43:21.010Z,97.072,-5.731707572937012,1.1585365533828735,-9.207317352294922
1613180565953,2021-02-13T01:43:21.012Z,97.112,-6.158536911010742,1.2195122241973877,-4.146341323852539
1613180565992,2021-02-13T01:43:21.023Z,97.151,-5,1.4634146690368652,-2.9268293380737305
1613180566032,2021-02-13T01:43:21.026Z,97.191,-3.658536672592163,0.9146341681480408,-0.4268292784690857
1613180566071,2021-02-13T01:43:21.036Z,97.23,-3.9634146690368652,0.9756097793579102,2.012195110321045
1613180566111,2021-02-13T01:43:21.038Z,97.27,-2.682926893234253,0.3048780560493469,6.341463565826416
1613180566151,2021-02-13T01:43:21.041Z,97.31,0.18292683362960815,-0.060975611209869385,8.292682647705078
1613180566190,2021-02-13T01:43:21.052Z,97.349,2.6219513416290283,-1.097561001777649,9.45121955871582
1613180566231,2021-02-13T01:43:21.054Z,97.39,5.9146342277526855,-4.512195110321045,11.158536911010742
1613180566271,2021-02-13T01:43:21.056Z,97.43,6.219512462615967,-8.841464042663574,11.280488014221191
1613180566310,2021-02-13T01:43:21.068Z,97.469,8.963415145874023,-11.95121955871582,9.634146690368652
1613180566350,2021-02-13T01:43:21.070Z,97.509,14.45121955871582,-14.512195587158203,7.865853786468506
1613180566389,2021-02-13T01:43:21.072Z,97.548,16.768293380737305,-15.182927131652832,6.7682929039001465
1613180566429,2021-02-13T01:43:21.083Z,97.588,16.524391174316406,-15.609756469726562,3.7804877758026123
1613180566468,2021-02-13T01:43:21.086Z,97.627,14.87804889678955,-15.182927131652832,0.9146341681480408
1613180566508,2021-02-13T01:43:21.096Z,97.667,13.170731544494629,-16.768293380737305,-0.4268292784690857
1613180566548,2021-02-13T01:43:21.098Z,97.707,15.670732498168945,-18.109756469726562,-4.390244007110596
1613180566587,2021-02-13T01:43:21.101Z,97.746,8.04878044128418,-24.512195587158203,-1.097561001777649
1613180566627,2021-02-13T01:43:21.112Z,97.786,4.329268455505371,-22.865854263305664,1.5243902206420898
1613180566666,2021-02-13T01:43:21.114Z,97.825,2.682926893234253,-17.987804412841797,-3.4146342277526855
1613180566707,2021-02-13T01:43:21.116Z,97.866,-8.292682647705078,-13.414634704589844,0.6707317233085632
1613180566745,2021-02-13T01:43:21.127Z,97.904,-8.780488014221191,-10.060976028442383,-2.0731706619262695
1613180566786,2021-02-13T01:43:21.130Z,97.945,-8.90243911743164,-5.731707572937012,-3.841463565826416
1613180566826,2021-02-13T01:43:21.132Z,97.985,-6.707317352294922,-2.0731706619262695,-0.9756097793579102
1613180566865,2021-02-13T01:43:21.143Z,98.024,-2.5,1.2195122241973877,-0.6097561120986938
1613180566905,2021-02-13T01:43:21.145Z,98.064,-0.4268292784690857,4.878048896789551,-1.5243902206420898
1613180566944,2021-02-13T01:43:21.156Z,98.103,-3.9634146690368652,6.341463565826416,-3.5365853309631348
1613180566984,2021-02-13T01:43:21.159Z,98.143,-1.585365891456604,6.341463565826416,-2.7439024448394775
1613180567024,2021-02-13T01:43:21.161Z,98.183,-2.865853786468506,3.658536672592163,0.060975611209869385
1613180567063,2021-02-13T01:43:21.172Z,98.222,-1.9512195587158203,1.9512195587158203,2.195122003555298
1613180567103,2021-02-13T01:43:21.175Z,98.262,-3.1097562313079834,0.5487805008888245,1.5243902206420898
1613180567142,2021-02-13T01:43:21.177Z,98.301,-5.4268293380737305,0.7317073345184326,3.2926828861236572
1613180567183,2021-02-13T01:43:21.188Z,98.342,-3.841463565826416,1.097561001777649,2.6219513416290283
1613180567221,2021-02-13T01:43:21.190Z,98.38,-1.3414634466171265,2.682926893234253,3.2317073345184326
1613180567262,2021-02-13T01:43:21.201Z,98.421,-4.634146213531494,1.2195122241973877,4.817073345184326
1613180567302,2021-02-13T01:43:21.203Z,98.461,-3.7804877758026123,-0.4268292784690857,3.9024391174316406
1613180567341,2021-02-13T01:43:21.205Z,98.5,-5,-1.0365853309631348,2.4390244483947754
1613180567381,2021-02-13T01:43:21.216Z,98.54,-3.5365853309631348,-2.195122003555298,2.0731706619262695
1613180567421,2021-02-13T01:43:21.219Z,98.58,-1.3414634466171265,-5.121951103210449,2.0731706619262695
1613180567460,2021-02-13T01:43:21.221Z,98.619,0.7317073345184326,-6.402439117431641,2.4390244483947754
1613180567500,2021-02-13T01:43:21.233Z,98.659,10.54878044128418,-1.7682926654815674,-2.378048896789551
1613180567539,2021-02-13T01:43:21.235Z,98.698,0.3658536672592163,-6.158536911010742,0.3658536672592163
1613180567579,2021-02-13T01:43:21.246Z,98.738,1.0365853309631348,-6.829268455505371,1.3414634466171265
1613180567618,2021-02-13T01:43:21.248Z,98.777,-0.3048780560493469,-4.817073345184326,1.2195122241973877
1613180567659,2021-02-13T01:43:21.251Z,98.818,0,-2.7439024448394775,2.5609755516052246
1613180567697,2021-02-13T01:43:21.261Z,98.856,2.195122003555298,-0.12195122241973877,3.9024391174316406
1613180567738,2021-02-13T01:43:21.264Z,98.897,0.6097561120986938,1.2804877758026123,4.817073345184326
1613180567778,2021-02-13T01:43:21.266Z,98.937,0.6707317233085632,2.804877996444702,4.878048896789551
1613180567818,2021-02-13T01:43:21.277Z,98.977,1.0365853309631348,2.9268293380737305,4.634146213531494
1613180567857,2021-02-13T01:43:21.279Z,99.016,1.402438998222351,2.682926893234253,4.329268455505371
1613180567897,2021-02-13T01:43:21.282Z,99.056,1.7073171138763428,2.2560975551605225,2.9268293380737305
1613180567936,2021-02-13T01:43:21.293Z,99.095,2.804877996444702,0.4268292784690857,2.5
1613180567976,2021-02-13T01:43:21.295Z,99.135,3.47560977935791,-0.792682945728302,2.682926893234253
1613180568015,2021-02-13T01:43:21.306Z,99.174,1.7682926654815674,-2.5,1.6463414430618286
1613180568055,2021-02-13T01:43:21.308Z,99.214,3.658536672592163,-3.0487804412841797,2.317073106765747
1613180568094,2021-02-13T01:43:21.311Z,99.253,2.865853786468506,-2.9268293380737305,0.8536585569381714
1613180568135,2021-02-13T01:43:21.321Z,99.294,2.1341464519500732,-2.9268293380737305,0.792682945728302
1613180568173,2021-02-13T01:43:21.324Z,99.332,3.0487804412841797,-2.5609755516052246,1.5243902206420898
1613180568214,2021-02-13T01:43:21.366Z,99.373,2.865853786468506,-1.1585365533828735,1.9512195587158203
1613180568254,2021-02-13T01:43:21.369Z,99.413,1.3414634466171265,-0.24390244483947754,1.402438998222351
1613180568294,2021-02-13T01:43:21.371Z,99.453,0.6097561120986938,-0.18292683362960815,1.1585365533828735
1613180568333,2021-02-13T01:43:21.382Z,99.492,-0.24390244483947754,0.18292683362960815,1.2804877758026123
1613180568373,2021-02-13T01:43:21.384Z,99.532,-1.0365853309631348,-0.060975611209869385,1.0365853309631348
1613180568412,2021-02-13T01:43:21.387Z,99.571,-1.3414634466171265,-1.097561001777649,0.5487805008888245
1613180568452,2021-02-13T01:43:21.398Z,99.611,-0.792682945728302,-2.012195110321045,-0.792682945728302
1613180568491,2021-02-13T01:43:21.400Z,99.65,-0.5487805008888245,-2.7439024448394775,-1.1585365533828735
1613180568522,2021-02-13T01:43:21.401Z,99.681,-0.18292683362960815,-2.9268293380737305,-0.7317073345184326
1613180568560,2021-02-13T01:43:21.413Z,99.719,0.4878048896789551,-2.4390244483947754,-0.9756097793579102
1613180568601,2021-02-13T01:43:21.416Z,99.76,-3.5365853309631348,-2.682926893234253,0.060975611209869385
1613180568641,2021-02-13T01:43:21.426Z,99.8,-4.329268455505371,-1.585365891456604,0.7317073345184326
1613180568680,2021-02-13T01:43:21.428Z,99.839,-3.2317073345184326,-0.4878048896789551,1.0365853309631348
1613180568720,2021-02-13T01:43:21.431Z,99.879,-3.2926828861236572,-0.9146341681480408,-0.6707317233085632
1613180568759,2021-02-13T01:43:21.442Z,99.918,-2.987804889678955,-0.6707317233085632,-0.7317073345184326
1613180568799,2021-02-13T01:43:21.444Z,99.958,-0.7317073345184326,-0.9146341681480408,-2.2560975551605225
1613180568839,2021-02-13T01:43:21.446Z,99.998,-1.8902438879013062,-0.3658536672592163,-0.7317073345184326
1613180568878,2021-02-13T01:43:21.458Z,100.037,-0.792682945728302,-0.8536585569381714,-2.317073106765747
1613180568918,2021-02-13T01:43:21.460Z,100.077,-3.9024391174316406,-0.9146341681480408,-0.5487805008888245
1613180568957,2021-02-13T01:43:21.471Z,100.116,-3.7804877758026123,-0.9756097793579102,0.3048780560493469
1613180568998,2021-02-13T01:43:21.474Z,100.157,-3.841463565826416,-0.792682945728302,-0.9146341681480408
1613180569036,2021-02-13T01:43:21.477Z,100.195,-4.0853657722473145,-0.9756097793579102,-1.2195122241973877
1613180569077,2021-02-13T01:43:21.488Z,100.236,-2.7439024448394775,-0.3658536672592163,-0.6707317233085632
1613180569117,2021-02-13T01:43:21.490Z,100.276,-0.6707317233085632,0.3658536672592163,-1.8292683362960815
1613180569156,2021-02-13T01:43:21.492Z,100.315,-1.585365891456604,0.3048780560493469,-3.353658676147461
1613180569196,2021-02-13T01:43:21.503Z,100.355,-2.804877996444702,1.6463414430618286,-3.9634146690368652
1613180569235,2021-02-13T01:43:21.505Z,100.394,-3.1097562313079834,1.6463414430618286,-2.2560975551605225
1613180569275,2021-02-13T01:43:21.516Z,100.434,-3.5975611209869385,2.7439024448394775,-2.9268293380737305
1613180569315,2021-02-13T01:43:21.518Z,100.474,-3.0487804412841797,3.0487804412841797,-4.45121955871582
1613180569354,2021-02-13T01:43:21.521Z,100.513,-4.5731706619262695,3.170731782913208,-0.8536585569381714
1613180569394,2021-02-13T01:43:21.532Z,100.553,-1.2804877758026123,0.24390244483947754,2.012195110321045
1613180569433,2021-02-13T01:43:21.534Z,100.592,-0.6097561120986938,0.12195122241973877,1.7073171138763428
1613180569474,2021-02-13T01:43:21.536Z,100.633,0.9756097793579102,-0.792682945728302,-0.24390244483947754
1613180569512,2021-02-13T01:43:21.548Z,100.671,1.4634146690368652,-0.3658536672592163,0.4878048896789551
1613180569553,2021-02-13T01:43:21.550Z,100.712,3.0487804412841797,-0.4268292784690857,-0.5487805008888245
1613180569593,2021-02-13T01:43:21.552Z,100.752,3.47560977935791,-0.3658536672592163,-0.792682945728302
1613180569632,2021-02-13T01:43:21.565Z,100.791,5.9146342277526855,0,-0.7317073345184326
1613180569672,2021-02-13T01:43:21.566Z,100.831,3.47560977935791,-1.5243902206420898,0.12195122241973877
1613180569712,2021-02-13T01:43:21.576Z,100.871,1.585365891456604,-0.9756097793579102,0.5487805008888245
1613180569751,2021-02-13T01:43:21.578Z,100.91,2.0731706619262695,-1.2195122241973877,1.6463414430618286
1613180569791,2021-02-13T01:43:21.581Z,100.95,0.4878048896789551,-1.2195122241973877,0.8536585569381714
1613180569830,2021-02-13T01:43:21.592Z,100.989,1.3414634466171265,-0.7317073345184326,0.3048780560493469
1613180569870,2021-02-13T01:43:21.594Z,101.029,-0.5487805008888245,-0.060975611209869385,0.4268292784690857
1613180569909,2021-02-13T01:43:21.596Z,101.068,0.792682945728302,0.9756097793579102,1.3414634466171265
1613180569949,2021-02-13T01:43:21.607Z,101.108,-0.4878048896789551,-0.18292683362960815,0.4268292784690857
1613180569990,2021-02-13T01:43:21.610Z,101.149,-0.24390244483947754,-1.7682926654815674,-0.3048780560493469
1613180570029,2021-02-13T01:43:21.612Z,101.188,-0.7317073345184326,-1.4634146690368652,0.6707317233085632
1613180570069,2021-02-13T01:43:21.623Z,101.228,0.6097561120986938,-1.2804877758026123,0.9756097793579102
1613180570109,2021-02-13T01:43:21.625Z,101.268,-1.1585365533828735,-1.097561001777649,1.1585365533828735
1613180570148,2021-02-13T01:43:21.636Z,101.307,0.3658536672592163,-1.4634146690368652,0.8536585569381714
1613180570188,2021-02-13T01:43:21.638Z,101.347,-0.5487805008888245,-0.4878048896789551,1.2195122241973877
1613180570227,2021-02-13T01:43:21.641Z,101.386,0.18292683362960815,-0.060975611209869385,1.1585365533828735
1613180570267,2021-02-13T01:43:21.651Z,101.426,-0.3048780560493469,0.060975611209869385,0.24390244483947754
1613180570306,2021-02-13T01:43:21.654Z,101.465,1.3414634466171265,-0.3658536672592163,0.3658536672592163
1613180570346,2021-02-13T01:43:21.656Z,101.505,0.9146341681480408,-0.4268292784690857,0.6097561120986938
1613180570385,2021-02-13T01:43:21.667Z,101.544,0.6097561120986938,-1.097561001777649,1.402438998222351
1613180570425,2021-02-13T01:43:21.670Z,101.584,0.3048780560493469,-0.6097561120986938,1.2195122241973877
1613180570464,2021-02-13T01:43:21.672Z,101.623,0.7317073345184326,-0.9756097793579102,1.6463414430618286
1613180570506,2021-02-13T01:43:21.683Z,101.665,0,-0.6097561120986938,1.2195122241973877
1613180570545,2021-02-13T01:43:21.685Z,101.704,-0.6097561120986938,0.7317073345184326,0.6097561120986938
1613180570585,2021-02-13T01:43:21.696Z,101.744,0.18292683362960815,0.060975611209869385,0.3048780560493469
1613180570624,2021-02-13T01:43:21.698Z,101.783,0.3048780560493469,-0.3048780560493469,0.18292683362960815
1613180570664,2021-02-13T01:43:21.700Z,101.823,-0.6097561120986938,0.12195122241973877,0
1613180570703,2021-02-13T01:43:21.711Z,101.862,-0.5487805008888245,-0.3048780560493469,0.4878048896789551
1613180570743,2021-02-13T01:43:21.714Z,101.902,-1.097561001777649,-0.5487805008888245,0.792682945728302
1613180570782,2021-02-13T01:43:21.717Z,101.941,-0.9146341681480408,-0.8536585569381714,0.9146341681480408
1613180570822,2021-02-13T01:43:21.728Z,101.981,-1.402438998222351,-0.18292683362960815,1.3414634466171265
1613180570861,2021-02-13T01:43:21.730Z,102.02,-1.7073171138763428,0.6097561120986938,1.2804877758026123
1613180570901,2021-02-13T01:43:21.741Z,102.06,-0.24390244483947754,-0.6707317233085632,-0.060975611209869385
1613180570941,2021-02-13T01:43:21.743Z,102.1,-0.6097561120986938,-0.4268292784690857,0.4268292784690857
1613180570982,2021-02-13T01:43:21.746Z,102.141,0,-0.3658536672592163,0.24390244483947754
1613180571021,2021-02-13T01:43:21.756Z,102.18,-1.585365891456604,0.060975611209869385,0.24390244483947754
1613180571061,2021-02-13T01:43:21.759Z,102.22,-0.4878048896789551,-0.7317073345184326,1.2195122241973877
1613180571100,2021-02-13T01:43:21.761Z,102.259,-1.1585365533828735,0.12195122241973877,1.5243902206420898
1613180571140,2021-02-13T01:43:21.772Z,102.299,-0.18292683362960815,-0.3658536672592163,2.378048896789551
1613180571179,2021-02-13T01:43:21.774Z,102.338,0,-0.6097561120986938,1.2195122241973877
1613180571219,2021-02-13T01:43:21.777Z,102.378,-0.060975611209869385,-0.4268292784690857,0.3658536672592163
1613180571258,2021-02-13T01:43:21.788Z,102.417,0.060975611209869385,-0.18292683362960815,0.18292683362960815
1613180571298,2021-02-13T01:43:21.790Z,102.457,-0.18292683362960815,-0.3658536672592163,-0.4268292784690857
1613180571338,2021-02-13T01:43:21.818Z,102.497,-0.6097561120986938,0.12195122241973877,-0.12195122241973877
1613180571377,2021-02-13T01:43:21.821Z,102.536,-0.3658536672592163,-0.4268292784690857,-0.18292683362960815
1613180571417,2021-02-13T01:43:21.831Z,102.576,-1.0365853309631348,-0.12195122241973877,-0.24390244483947754
1613180571458,2021-02-13T01:43:21.834Z,102.617,-1.2804877758026123,-0.6707317233085632,0.24390244483947754
1613180571497,2021-02-13T01:43:21.837Z,102.656,-0.4878048896789551,-1.097561001777649,-0.4268292784690857
1613180571537,2021-02-13T01:43:21.847Z,102.696,-1.8292683362960815,-0.5487805008888245,-0.792682945728302
1613180571576,2021-02-13T01:43:21.850Z,102.735,-1.402438998222351,-0.7317073345184326,-0.6097561120986938
1613180571616,2021-02-13T01:43:21.852Z,102.775,-3.0487804412841797,-0.060975611209869385,-0.3658536672592163
1613180571655,2021-02-13T01:43:21.863Z,102.814,-3.2926828861236572,-0.4268292784690857,-0.6097561120986938
1613180571695,2021-02-13T01:43:21.865Z,102.854,-3.47560977935791,0.3658536672592163,-1.097561001777649
1613180571735,2021-02-13T01:43:21.867Z,102.894,-4.512195110321045,1.097561001777649,-1.2195122241973877
1613180571776,2021-02-13T01:43:21.878Z,102.935,-4.512195110321045,1.097561001777649,-0.4268292784690857
1613180571814,2021-02-13T01:43:21.880Z,102.973,-5.182927131652832,1.097561001777649,-0.3658536672592163
1613180571855,2021-02-13T01:43:21.891Z,103.014,-4.02439022064209,0.9146341681480408,-0.060975611209869385
1613180571893,2021-02-13T01:43:21.893Z,103.052,-5.54878044128418,0.6097561120986938,0.12195122241973877
1613180571934,2021-02-13T01:43:21.896Z,103.093,-4.5731706619262695,-0.4268292784690857,0
1613180571973,2021-02-13T01:43:21.907Z,103.132,-4.0853657722473145,-1.1585365533828735,-0.6097561120986938
1613180572013,2021-02-13T01:43:21.909Z,103.172,-3.9634146690368652,-1.2195122241973877,-0.5487805008888245
1613180572052,2021-02-13T01:43:21.911Z,103.211,-2.5,-2.1341464519500732,-0.4878048896789551
1613180572092,2021-02-13T01:43:21.923Z,103.251,-1.5243902206420898,-1.8902438879013062,0
1613180572131,2021-02-13T01:43:21.925Z,103.29,-0.6707317233085632,-1.6463414430618286,0.3658536672592163
1613180572171,2021-02-13T01:43:21.927Z,103.33,-0.18292683362960815,-1.1585365533828735,0.3658536672592163
1613180572211,2021-02-13T01:43:21.938Z,103.37,0.7317073345184326,-0.7317073345184326,0.5487805008888245
1613180572250,2021-02-13T01:43:21.940Z,103.409,1.1585365533828735,-0.24390244483947754,1.3414634466171265
1613180572290,2021-02-13T01:43:21.951Z,103.449,1.8292683362960815,-0.060975611209869385,1.3414634466171265
1613180572331,2021-02-13T01:43:21.953Z,103.49,1.2195122241973877,0.6707317233085632,1.5243902206420898
1613180572369,2021-02-13T01:43:21.956Z,103.528,2.012195110321045,0.3048780560493469,1.2804877758026123
1613180572400,2021-02-13T01:43:21.966Z,103.559,0.9756097793579102,0.3658536672592163,1.2804877758026123
1613180572439,2021-02-13T01:43:21.969Z,103.598,-0.3658536672592163,0.792682945728302,0.6707317233085632
1613180572479,2021-02-13T01:43:21.972Z,103.638,0.24390244483947754,0.4268292784690857,0.8536585569381714
1613180572518,2021-02-13T01:43:21.982Z,103.677,0.4268292784690857,-0.8536585569381714,1.5243902206420898
1613180572558,2021-02-13T01:43:21.985Z,103.717,-1.3414634466171265,0.9146341681480408,0.7317073345184326
1613180572597,2021-02-13T01:43:21.987Z,103.756,-2.6219513416290283,1.8902438879013062,-1.2195122241973877
1613180572638,2021-02-13T01:43:21.998Z,103.797,-3.1097562313079834,5.182927131652832,-1.1585365533828735
1613180572676,2021-02-13T01:43:22.000Z,103.835,-8.47560977935791,10.060976028442383,-1.3414634466171265
1613180572717,2021-02-13T01:43:22.011Z,103.876,-12.37804889678955,13.536585807800293,-3.7195122241973877
1613180572757,2021-02-13T01:43:22.013Z,103.916,-12.743903160095215,18.292682647705078,-7.195122241973877
1613180572797,2021-02-13T01:43:22.016Z,103.956,-14.207317352294922,22.19512176513672,-8.231707572937012
1613180572836,2021-02-13T01:43:22.028Z,103.995,-17.378049850463867,25.18292808532715,-8.231707572937012
1613180572876,2021-02-13T01:43:22.030Z,104.035,-16.463415145874023,25.060976028442383,-7.317073345184326
1613180572915,2021-02-13T01:43:22.032Z,104.074,-13.90243911743164,23.292682647705078,-6.097560882568359
1613180572955,2021-02-13T01:43:22.043Z,104.114,-9.512195587158203,21.768293380737305,-3.5975611209869385
1613180572994,2021-02-13T01:43:22.046Z,104.153,-8.536585807800293,22.2560977935791,-3.170731782913208
1613180573035,2021-02-13T01:43:22.056Z,104.194,-7.682927131652832,21.707317352294922,-1.8902438879013062
1613180573073,2021-02-13T01:43:22.058Z,104.232,-5.121951103210449,22.19512176513672,-0.5487805008888245
1613180573114,2021-02-13T01:43:22.061Z,104.273,-2.987804889678955,20,2.317073106765747
1613180573152,2021-02-13T01:43:22.072Z,104.311,0.3658536672592163,20.365854263305664,4.817073345184326
1613180573193,2021-02-13T01:43:22.074Z,104.352,2.987804889678955,18.841463088989258,4.02439022064209
1613180573233,2021-02-13T01:43:22.076Z,104.392,8.780488014221191,17.012195587158203,5.9146342277526855
1613180573273,2021-02-13T01:43:22.087Z,104.432,16.09756088256836,11.646341323852539,9.634146690368652
1613180573312,2021-02-13T01:43:22.090Z,104.471,13.04878044128418,12.743903160095215,11.646341323852539
1613180573352,2021-02-13T01:43:22.092Z,104.511,-0.9146341681480408,9.87804889678955,18.658536911010742
1613180573391,2021-02-13T01:43:22.103Z,104.55,19.14634132385254,-8.780488014221191,15.731707572937012
1613180573431,2021-02-13T01:43:22.105Z,104.59,28.780488967895508,-0.7317073345184326,-9.939024925231934
1613180573470,2021-02-13T01:43:22.116Z,104.629,9.085366249084473,4.756097793579102,-28.780488967895508
1613180573510,2021-02-13T01:43:22.118Z,104.669,-2.5609755516052246,1.402438998222351,-25.121952056884766
1613180573549,2021-02-13T01:43:22.120Z,104.708,1.8902438879013062,-0.24390244483947754,-19.45121955871582
1613180573590,2021-02-13T01:43:22.131Z,104.749,18.04878044128418,-5.365853786468506,-12.5
1613180573629,2021-02-13T01:43:22.134Z,104.788,16.829269409179688,-2.7439024448394775,-12.07317066192627
1613180573670,2021-02-13T01:43:22.136Z,104.829,-16.219512939453125,-19.7560977935791,-0.4268292784690857
1613180573708,2021-02-13T01:43:22.148Z,104.867,-15.853658676147461,-20.54878044128418,14.939024925231934
1613180573749,2021-02-13T01:43:22.150Z,104.908,10.853658676147461,-21.829269409179688,3.170731782913208
1613180573788,2021-02-13T01:43:22.161Z,104.947,-12.682927131652832,-31.64634132385254,-0.6707317233085632
1613180573828,2021-02-13T01:43:22.163Z,104.987,-38.17073440551758,-39.57317352294922,-10.182927131652832
1613180573867,2021-02-13T01:43:22.166Z,105.026,-32.317073822021484,-51.89024353027344,-24.573171615600586
1613180573907,2021-02-13T01:43:22.176Z,105.066,-30.79268455505371,-57.68292999267578,-37.560977935791016
1613180573946,2021-02-13T01:43:22.179Z,105.105,-25.609756469726562,-39.878047943115234,-31.707317352294922
1613180573986,2021-02-13T01:43:22.181Z,105.145,-36.219512939453125,-29.268293380737305,-18.414634704589844
1613180574026,2021-02-13T01:43:22.192Z,105.185,-45.914634704589844,-33.475608825683594,-16.341463088989258
1613180574067,2021-02-13T01:43:22.194Z,105.226,-68.17073059082031,-27.5,-17.865854263305664
1613180574105,2021-02-13T01:43:22.197Z,105.264,-61.64634323120117,-19.7560977935791,-6.7682929039001465
1613180574146,2021-02-13T01:43:22.208Z,105.305,-69.81707763671875,-17.439023971557617,-3.47560977935791
1613180574185,2021-02-13T01:43:22.210Z,105.344,-50.121952056884766,-15.731707572937012,2.0731706619262695
1613180574225,2021-02-13T01:43:22.212Z,105.384,-50.24390411376953,-4.02439022064209,0.792682945728302
1613180574264,2021-02-13T01:43:22.223Z,105.423,-41.70731735229492,6.463414669036865,-2.9268293380737305
1613180574304,2021-02-13T01:43:22.225Z,105.463,-41.280487060546875,12.62195110321045,-6.52439022064209
1613180574343,2021-02-13T01:43:22.236Z,105.502,-35.67073440551758,3.5365853309631348,-9.268292427062988
1613180574383,2021-02-13T01:43:22.238Z,105.542,-27.5,4.0853657722473145,-6.463414669036865
1613180574423,2021-02-13T01:43:22.267Z,105.582,-22.865854263305664,0.12195122241973877,-6.7682929039001465
1613180574462,2021-02-13T01:43:22.270Z,105.621,-25.731708526611328,-2.1341464519500732,-2.804877996444702
1613180574502,2021-02-13T01:43:22.272Z,105.661,-23.292682647705078,-0.12195122241973877,1.7682926654815674
1613180574541,2021-02-13T01:43:22.283Z,105.7,-12.195121765136719,4.02439022064209,6.402439117431641
1613180574581,2021-02-13T01:43:22.285Z,105.74,-23.231708526611328,6.890244007110596,2.012195110321045
1613180574622,2021-02-13T01:43:22.297Z,105.781,-32.378047943115234,8.59756088256836,0.6097561120986938
1613180574660,2021-02-13T01:43:22.300Z,105.819,-25.609756469726562,9.817073822021484,1.7073171138763428
1613180574701,2021-02-13T01:43:22.301Z,105.86,-27.865854263305664,4.939024448394775,-6.646341800689697
1613180574740,2021-02-13T01:43:22.312Z,105.899,-28.109756469726562,5.54878044128418,-3.658536672592163
1613180574780,2021-02-13T01:43:22.315Z,105.939,-30.975610733032227,4.878048896789551,-9.634146690368652
1613180574819,2021-02-13T01:43:22.317Z,105.978,-29.14634132385254,4.0853657722473145,-7.9268293380737305
1613180574859,2021-02-13T01:43:22.328Z,106.018,-29.69512176513672,3.4146342277526855,-6.52439022064209
1613180574899,2021-02-13T01:43:22.330Z,106.058,-27.378049850463867,8.04878044128418,0
1613180574938,2021-02-13T01:43:22.342Z,106.097,-25,8.414634704589844,-2.2560975551605225
1613180574978,2021-02-13T01:43:22.344Z,106.137,-23.35365867614746,7.5,-1.585365891456604
1613180575017,2021-02-13T01:43:22.346Z,106.176,-19.024391174316406,4.512195110321045,-4.512195110321045
1613180575057,2021-02-13T01:43:22.357Z,106.216,-13.109756469726562,6.7682929039001465,-5.9146342277526855
1613180575098,2021-02-13T01:43:22.360Z,106.257,-14.939024925231934,3.5975611209869385,-5.731707572937012
1613180575136,2021-02-13T01:43:22.362Z,106.295,-13.658536911010742,3.2317073345184326,-8.109756469726562
1613180575177,2021-02-13T01:43:22.373Z,106.336,-10.304878234863281,2.987804889678955,-3.1097562313079834
1613180575216,2021-02-13T01:43:22.375Z,106.375,-3.353658676147461,-0.4268292784690857,-5.97560977935791
1613180575256,2021-02-13T01:43:22.386Z,106.415,-2.4390244483947754,-2.317073106765747,-10.304878234863281
1613180575296,2021-02-13T01:43:22.388Z,106.455,-5.609755992889404,-3.9024391174316406,-11.158536911010742
1613180575335,2021-02-13T01:43:22.390Z,106.494,-0.4268292784690857,-4.02439022064209,-12.62195110321045
1613180575375,2021-02-13T01:43:22.401Z,106.534,1.402438998222351,-9.207317352294922,-13.59756088256836
1613180575414,2021-02-13T01:43:22.404Z,106.573,-1.2195122241973877,2.2560975551605225,-15.914634704589844
1613180575454,2021-02-13T01:43:22.406Z,106.613,6.280488014221191,-3.7195122241973877,-17.317073822021484
1613180575495,2021-02-13T01:43:22.417Z,106.654,10.914634704589844,-0.4268292784690857,-19.69512176513672
1613180575533,2021-02-13T01:43:22.419Z,106.692,7.804878234863281,3.2926828861236572,-18.04878044128418
1613180575574,2021-02-13T01:43:22.422Z,106.733,16.829269409179688,-2.4390244483947754,-19.45121955871582
1613180575612,2021-02-13T01:43:22.433Z,106.771,18.780488967895508,2.012195110321045,-20.487804412841797
1613180575653,2021-02-13T01:43:22.435Z,106.812,23.170732498168945,-0.4878048896789551,-17.19512176513672
1613180575693,2021-02-13T01:43:22.437Z,106.852,29.69512176513672,3.1097562313079834,-17.073171615600586
1613180575732,2021-02-13T01:43:22.448Z,106.891,30.731708526611328,-3.5365853309631348,-12.987805366516113
1613180575772,2021-02-13T01:43:22.453Z,106.931,32.0121955871582,-8.109756469726562,-4.695122241973877
1613180575811,2021-02-13T01:43:22.461Z,106.97,34.26829528808594,-4.329268455505371,-2.1341464519500732
1613180575851,2021-02-13T01:43:22.463Z,107.01,38.10975646972656,-7.9268293380737305,0.24390244483947754
1613180575890,2021-02-13T01:43:22.466Z,107.049,37.07316970825195,-8.658536911010742,-1.585365891456604
1613180575930,2021-02-13T01:43:22.477Z,107.089,31.158536911010742,-11.646341323852539,-2.0731706619262695
1613180575969,2021-02-13T01:43:22.479Z,107.128,34.024391174316406,-12.62195110321045,0.18292683362960815
1613180576009,2021-02-13T01:43:22.482Z,107.168,33.29268264770508,-12.682927131652832,-0.4268292784690857
1613180576050,2021-02-13T01:43:22.493Z,107.209,47.3780517578125,-12.439024925231934,0.4878048896789551
1613180576088,2021-02-13T01:43:22.495Z,107.247,36.40243911743164,-21.219512939453125,0.9146341681480408
1613180576129,2021-02-13T01:43:22.497Z,107.288,30.975610733032227,-23.59756088256836,3.353658676147461
1613180576169,2021-02-13T01:43:22.508Z,107.328,36.70731735229492,-19.69512176513672,8.536585807800293
1613180576198,2021-02-13T01:43:22.510Z,107.357,36.03658676147461,-31.03658676147461,8.536585807800293
1613180576237,2021-02-13T01:43:22.512Z,107.396,28.719512939453125,-18.292682647705078,9.329268455505371
1613180576277,2021-02-13T01:43:22.523Z,107.436,15.731707572937012,-14.207317352294922,11.341464042663574
1613180576317,2021-02-13T01:43:22.525Z,107.476,13.658536911010742,-9.634146690368652,16.95121955871582
1613180576356,2021-02-13T01:43:22.536Z,107.515,14.57317066192627,-8.841464042663574,20.85365867614746
1613180576396,2021-02-13T01:43:22.538Z,107.555,19.45121955871582,-8.658536911010742,25.121952056884766
1613180576437,2021-02-13T01:43:22.541Z,107.596,24.024391174316406,-6.95121955871582,25.060976028442383
1613180576475,2021-02-13T01:43:22.551Z,107.634,24.512195587158203,-4.939024448394775,22.68292808532715
1613180576516,2021-02-13T01:43:22.554Z,107.675,20.30487823486328,-2.5,21.40243911743164
1613180576555,2021-02-13T01:43:22.556Z,107.714,18.963415145874023,1.2195122241973877,20
1613180576595,2021-02-13T01:43:22.567Z,107.754,20.609756469726562,0.6707317233085632,15.243903160095215
1613180576634,2021-02-13T01:43:22.569Z,107.793,17.19512176513672,5.304878234863281,8.109756469726562
1613180576674,2021-02-13T01:43:22.581Z,107.833,18.59756088256836,5.060975551605225,5.731707572937012
1613180576714,2021-02-13T01:43:22.583Z,107.873,17.5,3.47560977935791,2.195122003555298
1613180576753,2021-02-13T01:43:22.585Z,107.912,15.853658676147461,3.353658676147461,0.9756097793579102
1613180576793,2021-02-13T01:43:22.598Z,107.952,15.243903160095215,0.6097561120986938,-1.7073171138763428
1613180576832,2021-02-13T01:43:22.600Z,107.991,15.609756469726562,-0.4268292784690857,-1.8902438879013062
1613180576872,2021-02-13T01:43:22.602Z,108.031,15.182927131652832,-2.804877996444702,-1.7682926654815674
1613180576913,2021-02-13T01:43:22.613Z,108.072,12.804878234863281,-2.7439024448394775,-2.0731706619262695
1613180576951,2021-02-13T01:43:22.616Z,108.11,11.95121955871582,-2.195122003555298,-1.8292683362960815
1613180576992,2021-02-13T01:43:22.626Z,108.151,11.036585807800293,-1.3414634466171265,-1.3414634466171265
1613180577031,2021-02-13T01:43:22.628Z,108.19,9.939024925231934,-0.060975611209869385,-1.5243902206420898
1613180577071,2021-02-13T01:43:22.631Z,108.23,8.292682647705078,1.2804877758026123,-1.402438998222351
1613180577110,2021-02-13T01:43:22.642Z,108.269,8.59756088256836,0.9146341681480408,-1.402438998222351
1613180577150,2021-02-13T01:43:22.644Z,108.309,9.45121955871582,-2.865853786468506,-1.8902438879013062
1613180577190,2021-02-13T01:43:22.646Z,108.349,8.353658676147461,-2.2560975551605225,-1.0365853309631348
1613180577229,2021-02-13T01:43:22.657Z,108.388,7.134146690368652,-1.8292683362960815,-2.012195110321045
1613180577269,2021-02-13T01:43:22.660Z,108.428,6.280488014221191,-0.6707317233085632,-2.195122003555298
1613180577310,2021-02-13T01:43:22.662Z,108.469,5.487804889678955,1.3414634466171265,-1.8902438879013062
1613180577348,2021-02-13T01:43:22.673Z,108.507,5.853658676147461,2.378048896789551,-2.6219513416290283
1613180577389,2021-02-13T01:43:22.675Z,108.548,4.0853657722473145,1.8292683362960815,-3.841463565826416
1613180577427,2021-02-13T01:43:22.686Z,108.586,3.2317073345184326,0.9756097793579102,-3.1097562313079834
1613180577468,2021-02-13T01:43:22.688Z,108.627,0.3658536672592163,0.792682945728302,-4.512195110321045
1613180577507,2021-02-13T01:43:22.691Z,108.666,-1.6463414430618286,1.1585365533828735,-5.609755992889404
1613180577547,2021-02-13T01:43:22.748Z,108.706,-2.1341464519500732,2.012195110321045,-5.792683124542236
1613180577587,2021-02-13T01:43:22.749Z,108.746,-1.8902438879013062,2.378048896789551,-5.243902683258057
1613180577626,2021-02-13T01:43:22.752Z,108.785,-2.317073106765747,2.9268293380737305,-4.5731706619262695
1613180577666,2021-02-13T01:43:22.763Z,108.825,-1.402438998222351,2.865853786468506,-3.9024391174316406
1613180577705,2021-02-13T01:43:22.766Z,108.864,-0.12195122241973877,2.0731706619262695,-0.8536585569381714
1613180577745,2021-02-13T01:43:22.776Z,108.904,0.9756097793579102,1.9512195587158203,1.3414634466171265
1613180577784,2021-02-13T01:43:22.778Z,108.943,1.4634146690368652,2.2560975551605225,2.2560975551605225
1613180577824,2021-02-13T01:43:22.781Z,108.983,2.1341464519500732,2.9268293380737305,3.2317073345184326
1613180577865,2021-02-13T01:43:22.792Z,109.024,2.5609755516052246,2.6219513416290283,4.0853657722473145
1613180577903,2021-02-13T01:43:22.794Z,109.062,1.8902438879013062,2.0731706619262695,3.841463565826416
1613180577944,2021-02-13T01:43:22.797Z,109.103,1.2195122241973877,1.8902438879013062,3.7195122241973877
1613180577984,2021-02-13T01:43:22.808Z,109.143,1.7682926654815674,2.1341464519500732,3.7195122241973877
1613180578023,2021-02-13T01:43:22.810Z,109.182,2.0731706619262695,1.2195122241973877,3.7195122241973877
1613180578063,2021-02-13T01:43:22.812Z,109.222,2.378048896789551,0.24390244483947754,4.207317352294922
1613180578102,2021-02-13T01:43:22.823Z,109.261,2.2560975551605225,-0.12195122241973877,4.02439022064209
1613180578142,2021-02-13T01:43:22.826Z,109.301,2.7439024448394775,-1.402438998222351,3.7195122241973877
1613180578181,2021-02-13T01:43:22.837Z,109.34,0.6707317233085632,-0.24390244483947754,1.2195122241973877
1613180578221,2021-02-13T01:43:22.839Z,109.38,0.6707317233085632,-0.12195122241973877,-1.0365853309631348
1613180578260,2021-02-13T01:43:22.841Z,109.419,2.012195110321045,-1.5243902206420898,-1.402438998222351
1613180578300,2021-02-13T01:43:22.853Z,109.459,4.02439022064209,-2.9268293380737305,-0.060975611209869385
1613180578341,2021-02-13T01:43:22.855Z,109.5,6.95121955871582,-2.0731706619262695,0.6707317233085632
1613180578379,2021-02-13T01:43:22.857Z,109.538,10.12195110321045,-1.6463414430618286,1.8902438879013062
1613180578420,2021-02-13T01:43:22.868Z,109.579,10.304878234863281,0,2.012195110321045
1613180578460,2021-02-13T01:43:22.870Z,109.619,10.304878234863281,0.060975611209869385,3.4146342277526855
1613180578499,2021-02-13T01:43:22.881Z,109.658,9.695121765136719,0.9146341681480408,3.7804877758026123
1613180578539,2021-02-13T01:43:22.883Z,109.698,9.695121765136719,0.7317073345184326,4.0853657722473145
1613180578578,2021-02-13T01:43:22.886Z,109.737,10.243902206420898,0.792682945728302,3.9634146690368652
1613180578618,2021-02-13T01:43:22.898Z,109.777,10.304878234863281,1.1585365533828735,4.0853657722473145
1613180578657,2021-02-13T01:43:22.900Z,109.816,10,0.7317073345184326,3.4146342277526855
1613180578697,2021-02-13T01:43:22.902Z,109.856,9.268292427062988,1.4634146690368652,3.170731782913208
1613180578736,2021-02-13T01:43:22.913Z,109.895,9.57317066192627,1.3414634466171265,2.865853786468506
1613180578776,2021-02-13T01:43:22.916Z,109.935,9.146341323852539,1.3414634466171265,1.6463414430618286
1613180578817,2021-02-13T01:43:22.926Z,109.976,8.47560977935791,0.9756097793579102,2.6219513416290283
1613180578855,2021-02-13T01:43:22.928Z,110.014,7.0731706619262695,1.7073171138763428,3.4146342277526855
1613180578896,2021-02-13T01:43:22.931Z,110.055,6.890244007110596,2.4390244483947754,4.390244007110596
1613180578936,2021-02-13T01:43:22.942Z,110.095,7.195122241973877,2.2560975551605225,4.02439022064209
1613180578975,2021-02-13T01:43:22.944Z,110.134,7.317073345184326,2.4390244483947754,3.5365853309631348
1613180579015,2021-02-13T01:43:22.946Z,110.174,6.7682929039001465,1.5243902206420898,3.7804877758026123
1613180579054,2021-02-13T01:43:22.958Z,110.213,5.54878044128418,0.9146341681480408,3.1097562313079834
1613180579094,2021-02-13T01:43:22.961Z,110.253,3.9634146690368652,1.4634146690368652,2.9268293380737305
1613180579133,2021-02-13T01:43:22.963Z,110.292,4.02439022064209,1.402438998222351,3.0487804412841797
1613180579173,2021-02-13T01:43:22.973Z,110.332,3.2317073345184326,1.402438998222351,2.987804889678955
1613180579213,2021-02-13T01:43:22.976Z,110.372,1.8292683362960815,1.8292683362960815,2.317073106765747
1613180579252,2021-02-13T01:43:22.986Z,110.411,0.3658536672592163,2.195122003555298,1.0365853309631348
1613180579293,2021-02-13T01:43:22.988Z,110.452,0.5487805008888245,1.9512195587158203,1.402438998222351
1613180579331,2021-02-13T01:43:22.991Z,110.49,0.3048780560493469,1.097561001777649,0.9756097793579102
1613180579372,2021-02-13T01:43:23.002Z,110.531,0.24390244483947754,0.9756097793579102,1.1585365533828735
1613180579412,2021-02-13T01:43:23.004Z,110.571,1.0365853309631348,0.5487805008888245,0.7317073345184326
1613180579451,2021-02-13T01:43:23.006Z,110.61,1.402438998222351,0.4268292784690857,0.9756097793579102
1613180579491,2021-02-13T01:43:23.017Z,110.65,0.9146341681480408,0.7317073345184326,1.402438998222351
1613180579530,2021-02-13T01:43:23.020Z,110.689,1.402438998222351,0.8536585569381714,1.2195122241973877
1613180579570,2021-02-13T01:43:23.022Z,110.729,1.8292683362960815,1.2804877758026123,0.792682945728302
1613180579610,2021-02-13T01:43:23.033Z,110.769,1.9512195587158203,0.9146341681480408,0.9146341681480408
1613180579649,2021-02-13T01:43:23.035Z,110.808,2.0731706619262695,0.7317073345184326,0.4878048896789551
1613180579689,2021-02-13T01:43:23.046Z,110.848,1.5243902206420898,0.3048780560493469,0.792682945728302
1613180579728,2021-02-13T01:43:23.048Z,110.887,1.5243902206420898,-0.6097561120986938,0.4878048896789551
1613180579768,2021-02-13T01:43:23.051Z,110.927,-0.6097561120986938,0.18292683362960815,-0.3048780560493469
1613180579807,2021-02-13T01:43:23.061Z,110.966,-1.1585365533828735,-0.4268292784690857,0.792682945728302
1613180579838,2021-02-13T01:43:23.063Z,110.997,-0.12195122241973877,-0.6707317233085632,1.7073171138763428
1613180579878,2021-02-13T01:43:23.066Z,111.037,0.7317073345184326,-0.8536585569381714,3.4146342277526855
1613180579917,2021-02-13T01:43:23.077Z,111.076,0.6097561120986938,-1.1585365533828735,3.9024391174316406
1613180579957,2021-02-13T01:43:23.079Z,111.116,-0.24390244483947754,-0.18292683362960815,3.170731782913208
1613180579996,2021-02-13T01:43:23.082Z,111.155,0.060975611209869385,0.6707317233085632,3.5975611209869385
1613180580036,2021-02-13T01:43:23.093Z,111.195,1.0365853309631348,1.097561001777649,2.9268293380737305
