epoch (ms),time (-07:00),elapsed (s),X-Axis (deg/s),Y-Axis (deg/s),Z-Axis (deg/s)
1612473701680,2021-02-04T21:22:51.424Z,39.7,-28.95218276977539,28.401798248291016,-12.166239738464355
1612473701719,2021-02-04T21:22:51.435Z,39.739000000000004,-11.391206741333008,31.938385009765625,-11.129653930664062
1612473701759,2021-02-04T21:22:51.438Z,39.779,-4.866816520690918,19.37740898132324,-11.434532165527346
1612473701798,2021-02-04T21:22:51.440Z,39.818000000000005,5.5600128173828125,5.840821743011475,-10.885751724243164
1612473701838,2021-02-04T21:22:51.451Z,39.858000000000004,8.913671493530273,1.32862651348114,-10.154044151306152
1612473701877,2021-02-04T21:22:51.453Z,39.897,-0.7814505100250244,-1.1103979349136353,-11.007702827453613
1612473701917,2021-02-04T21:22:51.456Z,39.937,3.1819639205932617,-11.964056968688965,-9.178434371948242
1612473701957,2021-02-04T21:22:51.466Z,39.977,1.3526958227157593,-9.586008071899414,-11.251605033874512
1612473701996,2021-02-04T21:22:51.468Z,40.016,2.32830548286438,-9.64698314666748,-10.458922386169434
1612473702036,2021-02-04T21:22:51.471Z,40.056,2.32830548286438,-9.64698314666748,-10.458922386169434
1612473702075,2021-02-04T21:22:51.482Z,40.095,2.0844030380249023,-5.500641822814941,-12.836971282958984
1612473702115,2021-02-04T21:22:51.484Z,40.135,-0.9034017324447632,-8.244544982910156,-14.666239738464355
1612473702154,2021-02-04T21:22:51.495Z,40.174,-6.02535343170166,1.6944801807403564,-12.715020179748535
1612473702195,2021-02-04T21:22:51.497Z,40.215,-0.5375480651855469,-6.4762516021728525,-7.7759947776794425
1612473702235,2021-02-04T21:22:51.500Z,40.255,1.6575738191604614,-5.3177151679992685,-7.04428768157959
1612473702274,2021-02-04T21:22:51.511Z,40.294000000000004,10.560013771057127,2.3042361736297607,-8.690629005432129
1612473702314,2021-02-04T21:22:51.514Z,40.334,9.340500831604004,-3.3055200576782227,-11.739410400390625
1612473702353,2021-02-04T21:22:51.516Z,40.373000000000005,6.169768810272218,8.523748397827147,-11.61745834350586
1612473702393,2021-02-04T21:22:51.527Z,40.413000000000004,9.46245288848877,1.9993581771850584,-3.629653453826904
1612473702433,2021-02-04T21:22:51.529Z,40.453,15.499037742614744,12.365212440490724,-2.4101412296295166
1612473702472,2021-02-04T21:22:51.540Z,40.492,5.255134582519531,17.18228530883789,-3.56867790222168
1612473702512,2021-02-04T21:22:51.542Z,40.532,5.255134582519531,17.18228530883789,-3.56867790222168
1612473702551,2021-02-04T21:22:51.545Z,40.571,-4.07413387298584,5.840821743011475,-7.288189888000487
1612473702591,2021-02-04T21:22:51.556Z,40.611,-4.866816520690918,-3.4884467124938965,-5.702824115753174
1612473702630,2021-02-04T21:22:51.558Z,40.65,2.0844030380249023,-8.244544982910156,-6.373555660247803
1612473702671,2021-02-04T21:22:51.560Z,40.691,-2.67169451713562,-12.329910278320312,-10.5198974609375
1612473702711,2021-02-04T21:22:51.571Z,40.731,10.43806266784668,-17.025032043457028,-10.94672679901123
1612473702750,2021-02-04T21:22:51.573Z,40.77,7.084403038024902,-16.842103958129886,-10.64184856414795
1612473702790,2021-02-04T21:22:51.576Z,40.81,12.08440399169922,-21.598201751708984,-10.458922386169434
1612473702830,2021-02-04T21:22:51.587Z,40.85,9.889281272888184,-33.91527557373047,-8.629653930664062
1612473702869,2021-02-04T21:22:51.590Z,40.889,16.59659767150879,-44.76893615722656,-13.751605033874512
1612473702909,2021-02-04T21:22:51.601Z,40.929,16.59659767150879,-44.76893615722656,-13.751605033874512
1612473702948,2021-02-04T21:22:51.632Z,40.968,2.5112323760986333,-24.46405601501465,-19.605262756347656
1612473702988,2021-02-04T21:22:51.634Z,41.008,2.5112323760986333,-24.46405601501465,-19.605262756347656
1612473703027,2021-02-04T21:22:51.645Z,41.047,0.6209884881973267,-12.146984100341795,-18.080873489379886
1612473703067,2021-02-04T21:22:51.647Z,41.086999999999996,11.108794212341307,-19.281129837036133,-14.666239738464355
1612473703108,2021-02-04T21:22:51.650Z,41.128,2.145378589630127,7.548138618469237,-13.690629959106445
1612473703147,2021-02-04T21:22:51.661Z,41.167,-7.671694278717041,36.81643295288086,-2.654043674468994
1612473703187,2021-02-04T21:22:51.664Z,41.207,-13.342426300048828,32.304237365722656,3.138639211654663
1612473703227,2021-02-04T21:22:51.665Z,41.247,-1.5741335153579712,39.438385009765625,12.10205364227295
1612473703266,2021-02-04T21:22:51.677Z,41.286,17.755136489868164,25.17009162902832,20.82156753540039
1612473703306,2021-02-04T21:22:51.679Z,41.326,5.194159030914307,18.15789604187012,32.71181106567383
1612473703345,2021-02-04T21:22:51.690Z,41.365,-23.220474243164066,3.8286263942718506,61.858154296875
1612473703385,2021-02-04T21:22:51.693Z,41.405,-23.220474243164066,3.8286263942718506,61.858154296875
1612473703424,2021-02-04T21:22:51.695Z,41.443999999999996,23.06001281738281,17.853017807006836,18.199615478515625
1612473703464,2021-02-04T21:22:51.706Z,41.483999999999995,23.06001281738281,17.853017807006836,18.199615478515625
1612473703503,2021-02-04T21:22:51.708Z,41.523,7.999037265777588,12.73106575012207,13.565468788146973
1612473703543,2021-02-04T21:22:51.720Z,41.563,43.364891052246094,12.85301685333252,4.1142492294311515
1612473703584,2021-02-04T21:22:51.722Z,41.604,10.98684310913086,-14.220154762268065,-29.05648231506348
1612473703624,2021-02-04T21:22:51.724Z,41.644,45.3770866394043,-4.8299102783203125,-11.434532165527346
1612473703663,2021-02-04T21:22:51.736Z,41.683,-5.232670307159424,-0.13478820025920868,-8.080873489379883
1612473703703,2021-02-04T21:22:51.738Z,41.723,-16.391206741333008,10.718870162963867,-3.3247754573822017
1612473703742,2021-02-04T21:22:51.740Z,41.762,1.5356225967407229,-6.232349395751952,-9.54428768157959
1612473703782,2021-02-04T21:22:51.751Z,41.802,5.803915500640869,-9.768935203552246,-5.641848564147949
1612473703821,2021-02-04T21:22:51.753Z,41.841,-19.683889389038086,-5.6835689544677725,1.7362003326416016
1612473703861,2021-02-04T21:22:51.755Z,41.881,-19.439987182617188,6.633504390716553,-0.5198973417282104
1612473703900,2021-02-04T21:22:51.766Z,41.92,-25.65950012207031,-1.17137348651886,-5.580873012542725
1612473703940,2021-02-04T21:22:51.769Z,41.96,-17.305841445922848,-11.232349395751953,-6.129653453826903
1612473703979,2021-02-04T21:22:51.771Z,41.998999999999995,-15.781450271606445,-8.976251602172852,-5.885750770568848
1612473704019,2021-02-04T21:22:51.796Z,42.038999999999994,1.0478177070617676,8.218871116638184,-0.946726620197296
1612473704060,2021-02-04T21:22:51.798Z,42.08,14.218549728393555,9.865211486816406,0.08985879272222519
1612473704100,2021-02-04T21:22:51.800Z,42.12,18.54781913757324,5.535943508148193,-2.836970567703247
1612473704139,2021-02-04T21:22:51.811Z,42.159,5.620988368988037,-1.3543003797531128,-4.483311653137207
1612473704179,2021-02-04T21:22:51.814Z,42.199,-2.3058409690856934,-4.586008071899414,-1.6174583435058594
1612473704218,2021-02-04T21:22:51.816Z,42.238,11.047818183898926,-6.659178733825684,3.504492998123169
1612473704258,2021-02-04T21:22:51.827Z,42.278,12.450257301330565,-7.451861381530763,5.638639450073242
1612473704297,2021-02-04T21:22:51.829Z,42.317,12.633184432983398,-1.4762514829635618,-0.763799786567688
1612473704337,2021-02-04T21:22:51.841Z,42.357,-5.354621410369873,6.084723949432372,-5.7637996673583975
1612473704376,2021-02-04T21:22:51.842Z,42.396,1.8405007123947144,2.6700897216796875,-6.678433895111084
1612473704416,2021-02-04T21:22:51.844Z,42.43600000000001,-0.3546213209629059,10.23106575012207,-6.129653453826903
1612473704456,2021-02-04T21:22:51.855Z,42.476000000000006,4.462451934814453,12.792040824890135,-5.154043674468994
1612473704495,2021-02-04T21:22:51.858Z,42.515,-1.5131579637527466,15.535943984985352,-6.129653453826903
1612473704536,2021-02-04T21:22:51.860Z,42.556000000000004,-0.2936457097530365,15.35301685333252,-3.9345314502716064
1612473704576,2021-02-04T21:22:51.871Z,42.596000000000004,-0.6594992876052856,6.694479942321777,-4.4223361015319815
1612473704615,2021-02-04T21:22:51.873Z,42.635,-0.4765725433826447,10.23106575012207,-0.5808729529380798
1612473704655,2021-02-04T21:22:51.875Z,42.675,-9.744865417480467,9.621309280395508,3.016688108444214
1612473704694,2021-02-04T21:22:51.886Z,42.714,-17.183889389038086,8.584724426269531,3.3825416564941406
1612473704734,2021-02-04T21:22:51.889Z,42.754,-19.135108947753906,7.487163066864014,7.041078567504883
1612473704773,2021-02-04T21:22:51.890Z,42.793,-22.91559791564941,-10.927471160888672,7.528883457183838
1612473704813,2021-02-04T21:22:51.916Z,42.833,-13.464377403259276,10.292040824890137,4.663029670715332
1612473704853,2021-02-04T21:22:51.919Z,42.873000000000005,-15.964376449584961,10.35301685333252,8.077663421630861
1612473704892,2021-02-04T21:22:51.920Z,42.912,-2.366816520690918,-0.0738125815987587,7.2849812507629395
1612473704932,2021-02-04T21:22:51.930Z,42.952,-12.366816520690918,1.9993581771850584,5.638639450073242
1612473704973,2021-02-04T21:22:51.933Z,42.993,-8.586328506469728,2.609114170074463,4.663029670715332
1612473705012,2021-02-04T21:22:51.935Z,43.032,-3.5863289833068848,0.7188703417778015,-0.5808729529380798
1612473705052,2021-02-04T21:22:51.946Z,43.071999999999996,-8.647303581237793,3.2798459529876713,-2.227214336395264
1612473705091,2021-02-04T21:22:51.948Z,43.111000000000004,-6.269255638122559,2.9749679565429688,-2.7759950160980225
1612473705131,2021-02-04T21:22:51.951Z,43.151,-2.9155969619750977,3.40179705619812,-3.0808730125427246
1612473705170,2021-02-04T21:22:51.975Z,43.19,-4.1351094245910645,4.316431522369385,-3.1418485641479488
1612473705210,2021-02-04T21:22:51.977Z,43.23,-2.4277920722961426,4.560333728790283,-2.897946119308472
1612473705249,2021-02-04T21:22:51.979Z,43.269,-1.1473041772842407,3.3408215045928955,-2.897946119308472
1612473705289,2021-02-04T21:22:51.991Z,43.309,1.2917201519012451,1.32862651348114,-2.4711167812347408
1612473705329,2021-02-04T21:22:51.993Z,43.349,-0.4155968725681305,2.3652117252349854,-1.739409565925598
1612473705368,2021-02-04T21:22:51.995Z,43.388000000000005,3.30391526222229,2.060333728790283,0.08985879272222519
1612473705408,2021-02-04T21:22:52.006Z,43.428000000000004,-1.0253529548645022,2.4871630668640137,-0.5808729529380798
1612473705449,2021-02-04T21:22:52.008Z,43.468999999999994,-3.0375483036041264,2.609114170074463,-0.2759948670864105
1612473705488,2021-02-04T21:22:52.010Z,43.508,2.0844030380249023,1.4505777359008791,-0.09306804090738297
1612473705528,2021-02-04T21:22:52.022Z,43.548,-0.04974326491355896,-0.622593104839325,-0.5198973417282104
1612473705567,2021-02-04T21:22:52.024Z,43.586999999999996,-1.2082798480987549,0.7188703417778015,-2.0442874431610107
1612473705607,2021-02-04T21:22:52.035Z,43.626999999999995,4.645378589630127,1.5725289583206177,-1.5564826726913452
1612473705646,2021-02-04T21:22:52.037Z,43.666000000000004,2.999037265777588,1.2066752910614014,-0.15404364466667175
1612473705686,2021-02-04T21:22:52.039Z,43.706,-3.5863289833068848,2.426187515258789,-0.5198973417282104
1612473705726,2021-02-04T21:22:52.051Z,43.746,-0.6594992876052856,-0.012836970388889313,-0.3369704782962799
1612473705765,2021-02-04T21:22:52.053Z,43.785,-0.9643774032592772,0.7798459529876709,-1.9223363399505613
1612473705805,2021-02-04T21:22:52.056Z,43.825,1.5356225967407229,0.41399231553077703,-1.9223363399505613
1612473705844,2021-02-04T21:22:52.067Z,43.864,-2.9155969619750977,0.3530167043209076,-1.739409565925598
1612473705884,2021-02-04T21:22:52.070Z,43.903999999999996,-1.5131579637527466,1.755455732345581,-1.4955071210861206
1612473705925,2021-02-04T21:22:52.081Z,43.945,0.07220795750617981,2.060333728790283,-1.5564826726913452
1612473705964,2021-02-04T21:22:52.083Z,43.983999999999995,0.9258665442466736,1.8164314031600952,-0.6418485641479492
1612473706004,2021-02-04T21:22:52.085Z,44.023999999999994,-1.2082798480987549,1.3896020650863647,-0.946726620197296
1612473706043,2021-02-04T21:22:52.126Z,44.063,0.1331835687160492,-0.4396661818027496,-0.7028241753578186
1612473706083,2021-02-04T21:22:52.128Z,44.103,-1.5741335153579712,-0.13478820025920868,-1.1296534538269043
1612473706123,2021-02-04T21:22:52.140Z,44.143,2.3892810344696045,-0.0738125815987587,-1.1296534538269043
1612473706162,2021-02-04T21:22:52.143Z,44.181999999999995,1.5965982675552368,-0.0738125815987587,-0.15404364466667175
1612473706202,2021-02-04T21:22:52.145Z,44.222,2.0844030380249023,0.04813864082098007,-0.03209242597222328
1612473706241,2021-02-04T21:22:52.171Z,44.261,0.3161104023456573,0.2920410931110382,-1.1296534538269043
1612473706281,2021-02-04T21:22:52.173Z,44.301,3.0600128173828125,0.41399231553077703,0.08985879272222519
1612473706320,2021-02-04T21:22:52.176Z,44.34,4.828305721282959,-1.4152759313583374,0.4557124674320221
1612473706360,2021-02-04T21:22:52.187Z,44.38,4.706354141235352,-0.25673940777778625,0.15083441138267514
1612473706401,2021-02-04T21:22:52.189Z,44.42100000000001,2.32830548286438,0.5359435081481934,1.5532734394073486
1612473706440,2021-02-04T21:22:52.201Z,44.46,3.9136712551116943,0.17008985579013824,3.321566104888916
1612473706480,2021-02-04T21:22:52.203Z,44.5,0.255134791135788,-0.6835686564445496,0.8825416564941406
1612473706520,2021-02-04T21:22:52.205Z,44.54,0.011232348158955574,0.7188703417778015,-0.5198973417282104
1612473706559,2021-02-04T21:22:52.216Z,44.57899999999999,0.9258665442466736,1.3896020650863647,-1.678433895111084
1612473706599,2021-02-04T21:22:52.232Z,44.619,1.7185494899749756,2.7310655117034908,-2.7150192260742188
1612473706638,2021-02-04T21:22:52.234Z,44.658,1.3526958227157593,3.2798459529876713,-3.446726560592652
1612473706678,2021-02-04T21:22:52.245Z,44.698,1.1697689294815063,4.987163066864014,-3.873555898666382
1612473706717,2021-02-04T21:22:52.247Z,44.736999999999995,-2.061938524246216,6.32862663269043,-3.7516047954559326
1612473706757,2021-02-04T21:22:52.250Z,44.777,6.840500831604004,-3.244544506072998,-1.06867778301239
1612473706796,2021-02-04T21:22:52.261Z,44.816,1.2917201519012451,-1.0494222640991209,-3.1418485641479488
1612473706837,2021-02-04T21:22:52.263Z,44.857,2.694159030914306,-1.9030808210372925,-3.812580347061157
1612473706877,2021-02-04T21:22:52.265Z,44.897,1.6575738191604614,2.1822850704193115,-4.300384998321533
1612473706916,2021-02-04T21:22:52.276Z,44.93600000000001,3.6087932586669917,5.109114170074463,-4.788189888000488
1612473706956,2021-02-04T21:22:52.279Z,44.976000000000006,2.5722079277038574,5.535943508148193,-2.227214336395264
1612473706996,2021-02-04T21:22:52.280Z,45.016000000000005,1.5356225967407229,1.267650842666626,-0.15404364466667175
1612473707035,2021-02-04T21:22:52.291Z,45.055,-1.3302310705184937,2.1822850704193115,0.08985879272222519
1612473707075,2021-02-04T21:22:52.294Z,45.095,-2.732670307159424,2.1822850704193115,1.1874197721481323
1612473707114,2021-02-04T21:22:52.305Z,45.13399999999999,1.8405007123947144,2.9749679565429688,0.7605904340744019
1612473707154,2021-02-04T21:22:52.307Z,45.174,1.5356225967407229,4.3774070739746085,1.5532734394073486
1612473707193,2021-02-04T21:22:52.309Z,45.213,-0.8424261808395386,3.8286263942718506,0.15083441138267514
1612473707233,2021-02-04T21:22:52.321Z,45.253,-2.854621410369873,3.2798459529876713,-0.5808729529380798
1612473707272,2021-02-04T21:22:52.323Z,45.292,-1.9399870634078982,2.4871630668640137,0.27278563380241394
1612473707313,2021-02-04T21:22:52.325Z,45.333,3.30391526222229,1.938382625579834,-0.03209242597222328
1612473707353,2021-02-04T21:22:52.350Z,45.373000000000005,0.255134791135788,1.755455732345581,-0.7028241753578186
1612473707393,2021-02-04T21:22:52.352Z,45.413000000000004,1.1087933778762815,1.267650842666626,-0.763799786567688
1612473707432,2021-02-04T21:22:52.354Z,45.452,0.4990372359752655,1.6944801807403564,-0.3369704782962799
1612473707472,2021-02-04T21:22:52.365Z,45.492,-2.1229140758514404,2.3042361736297607,-0.6418485641479492
1612473707511,2021-02-04T21:22:52.368Z,45.531000000000006,-2.4887678623199463,1.938382625579834,-0.2759948670864105
1612473707551,2021-02-04T21:22:52.370Z,45.571000000000005,0.8039153218269348,1.267650842666626,1.1264441013336182
1612473707590,2021-02-04T21:22:52.381Z,45.61,0.9258665442466736,0.7188703417778015,0.6386392116546631
1612473707630,2021-02-04T21:22:52.383Z,45.65,0.4990372359752655,-0.6835686564445496,0.3947368562221527
1612473707669,2021-02-04T21:22:52.385Z,45.68899999999999,-2.1229140758514404,-0.5616174340248108,-0.09306804090738297
1612473707709,2021-02-04T21:22:52.396Z,45.729,-2.4887678623199463,1.0847240686416626,0.6386392116546631
1612473707749,2021-02-04T21:22:52.399Z,45.769,-3.4034018516540527,2.1822850704193115,1.3703465461730957
1612473707790,2021-02-04T21:22:52.401Z,45.81,-1.5741335153579712,2.1822850704193115,0.27278563380241394
1612473707829,2021-02-04T21:22:52.412Z,45.849,-1.4521821737289429,2.5481386184692383,-1.3735558986663818
1612473707869,2021-02-04T21:22:52.414Z,45.888999999999996,1.413671374320984,2.060333728790283,-1.3735558986663818
1612473707908,2021-02-04T21:22:52.425Z,45.928000000000004,0.4990372359752655,2.1213092803955083,-1.9223363399505613
1612473707948,2021-02-04T21:22:52.427Z,45.968,1.5965982675552368,1.3896020650863647,-1.3125802278518677
1612473707987,2021-02-04T21:22:52.430Z,46.007,5.5600128173828125,-1.1103979349136353,0.6386392116546631
1612473708027,2021-02-04T21:22:52.441Z,46.047,-3.8912067413330083,-0.622593104839325,-0.3369704782962799
1612473708066,2021-02-04T21:22:52.443Z,46.086000000000006,-2.061938524246216,-1.2933247089385986,-0.946726620197296
1612473708106,2021-02-04T21:22:52.445Z,46.126000000000005,-4.07413387298584,-0.6835686564445496,-2.349165678024292
1612473708145,2021-02-04T21:22:52.456Z,46.165,-1.4521821737289429,-0.622593104839325,-1.8003851175308228
1612473708185,2021-02-04T21:22:52.472Z,46.205,-1.6960846185684204,0.17008985579013824,-1.8003851175308228
1612473708225,2021-02-04T21:22:52.474Z,46.245,-1.0253529548645022,-0.31771501898765564,-1.1296534538269043
1612473708266,2021-02-04T21:22:52.476Z,46.286,-1.4521821737289429,0.9017971754074096,-0.6418485641479492
1612473708305,2021-02-04T21:22:52.487Z,46.325,-1.9399870634078982,1.267650842666626,-0.8247753977775574
1612473708345,2021-02-04T21:22:52.489Z,46.365,-1.757060408592224,1.6944801807403564,-1.0077022314071655
1612473708384,2021-02-04T21:22:52.500Z,46.403999999999996,2.450256824493408,0.7188703417778015,-0.8247753977775574
1612473708424,2021-02-04T21:22:52.502Z,46.443999999999996,-0.9034017324447632,2.426187515258789,-0.8857510089874268
1612473708463,2021-02-04T21:22:52.505Z,46.483000000000004,0.3161104023456573,1.6944801807403564,0.08985879272222519
1612473708503,2021-02-04T21:22:52.517Z,46.523,0.3770860135555267,0.8408215641975403,1.43132221698761
1612473708542,2021-02-04T21:22:52.531Z,46.562,-5.171694755554199,-0.012836970388889313,0.5776636600494385
1612473708582,2021-02-04T21:22:52.533Z,46.602,-2.67169451713562,0.5359435081481934,0.15083441138267514
1612473708622,2021-02-04T21:22:52.545Z,46.641999999999996,-3.220475196838379,0.4749679267406464,0.21181002259254456
1612473708661,2021-02-04T21:22:52.547Z,46.681000000000004,2.816110372543335,-0.6835686564445496,1.9191269874572756
1612473708701,2021-02-04T21:22:52.549Z,46.721000000000004,2.3892810344696045,-0.7445443272590637,1.980102777481079
1612473708742,2021-02-04T21:22:52.560Z,46.762,3.9136712551116943,-1.17137348651886,2.1630294322967534
1612473708781,2021-02-04T21:22:52.563Z,46.801,2.3892810344696045,-0.4396661818027496,2.5288832187652592
1612473708821,2021-02-04T21:22:52.565Z,46.841,0.8039153218269348,-0.8664955496788025,1.675224542617798
1612473708860,2021-02-04T21:22:52.576Z,46.88,2.32830548286438,-1.4152759313583374,0.8215661048889159
1612473708900,2021-02-04T21:22:52.578Z,46.92,2.2673299312591557,-1.2933247089385986,0.21181002259254456
1612473708939,2021-02-04T21:22:52.580Z,46.958999999999996,4.279525279998778,-0.7445443272590637,0.4557124674320221
1612473708979,2021-02-04T21:22:52.606Z,46.998999999999995,5.803915500640869,-0.6835686564445496,-0.03209242597222328
1612473709019,2021-02-04T21:22:52.609Z,47.038999999999994,0.07220795750617981,0.04813864082098007,0.028883183375000957
1612473709058,2021-02-04T21:22:52.611Z,47.078,-1.2692553997039795,0.4749679267406464,0.3947368562221527
1612473709098,2021-02-04T21:22:52.623Z,47.118,0.1331835687160492,-0.012836970388889313,0.5776636600494385
1612473709137,2021-02-04T21:22:52.665Z,47.157,0.9258665442466736,-0.19576381146907806,0.7605904340744019
1612473709177,2021-02-04T21:22:52.667Z,47.196999999999996,-0.2936457097530365,0.10911425203084946,1.6142489910125732
1612473709218,2021-02-04T21:22:52.669Z,47.238,1.2917201519012451,-0.25673940777778625,1.1264441013336182
1612473709257,2021-02-04T21:22:52.680Z,47.277,0.3161104023456573,0.17008985579013824,-0.03209242597222328
1612473709297,2021-02-04T21:22:52.683Z,47.317,-0.8424261808395386,1.0237483978271484,0.08985879272222519
1612473709336,2021-02-04T21:22:52.685Z,47.356,3.547817707061768,1.0237483978271484,0.028883183375000957
1612473709376,2021-02-04T21:22:52.696Z,47.396,1.1087933778762815,1.4505777359008791,0.21181002259254456
1612473709415,2021-02-04T21:22:52.699Z,47.435,1.5965982675552368,1.1456996202468872,0.8825416564941406
1612473709455,2021-02-04T21:22:52.710Z,47.475,1.0478177070617676,1.9993581771850584,1.5532734394073486
1612473709495,2021-02-04T21:22:52.712Z,47.515,3.6087932586669917,2.060333728790283,2.4069318771362305
1612473709534,2021-02-04T21:22:52.714Z,47.553999999999995,3.1819639205932617,1.3896020650863647,1.3703465461730957
1612473709574,2021-02-04T21:22:52.725Z,47.593999999999994,-1.8180359601974487,1.5725289583206177,1.0044928789138794
1612473709615,2021-02-04T21:22:52.728Z,47.635,4.157573699951172,0.04813864082098007,0.8215661048889159
1612473709653,2021-02-04T21:22:52.730Z,47.673,3.4258663654327397,-0.0738125815987587,0.8215661048889159
1612473709694,2021-02-04T21:22:52.741Z,47.714,3.1819639205932617,-0.012836970388889313,1.1264441013336182
1612473709733,2021-02-04T21:22:52.757Z,47.753,6.840500831604004,-0.9274711012840272,1.8581514358520508
1612473709773,2021-02-04T21:22:52.759Z,47.793,3.4258663654327397,-0.012836970388889313,1.675224542617798
1612473709812,2021-02-04T21:22:52.770Z,47.832,3.364890813827514,-0.012836970388889313,0.6996148824691772
1612473709852,2021-02-04T21:22:52.786Z,47.872,-0.5375480651855469,-0.13478820025920868,-0.5198973417282104
1612473709892,2021-02-04T21:22:52.787Z,47.912,-1.4521821737289429,0.41399231553077703,-0.21501925587654114
1612473709931,2021-02-04T21:22:52.790Z,47.951,-0.7814505100250244,0.17008985579013824,0.028883183375000957
1612473709971,2021-02-04T21:22:52.801Z,47.99100000000001,-0.8424261808395386,0.10911425203084946,-0.763799786567688
1612473710010,2021-02-04T21:22:52.803Z,48.03,-0.04974326491355896,0.3530167043209076,-0.946726620197296
1612473710050,2021-02-04T21:22:52.805Z,48.07,0.011232348158955574,-0.012836970388889313,-0.7028241753578186
1612473710089,2021-02-04T21:22:52.817Z,48.108999999999995,0.8648909330368042,0.3530167043209076,-0.5198973417282104
1612473710129,2021-02-04T21:22:52.819Z,48.148999999999994,-0.9034017324447632,0.7188703417778015,-0.3369704782962799
1612473710170,2021-02-04T21:22:52.821Z,48.19,0.1331835687160492,0.8408215641975403,-0.15404364466667175
1612473710209,2021-02-04T21:22:52.831Z,48.229,0.255134791135788,1.0847240686416626,-0.09306804090738297
1612473710249,2021-02-04T21:22:52.834Z,48.269,-0.8424261808395386,1.6944801807403564,0.21181002259254456
1612473710289,2021-02-04T21:22:52.845Z,48.309,-0.7204749584197998,1.6335045099258425,0.4557124674320221
1612473710328,2021-02-04T21:22:52.847Z,48.348,-1.757060408592224,1.4505777359008791,-0.5808729529380798
1612473710368,2021-02-04T21:22:52.849Z,48.388000000000005,-0.4155968725681305,0.962772786617279,-0.8857510089874268
1612473710407,2021-02-04T21:22:52.861Z,48.427,-0.11071887612342833,0.4749679267406464,-1.0077022314071655
1612473710447,2021-02-04T21:22:52.863Z,48.467,0.9258665442466736,0.10911425203084946,-0.6418485641479492
1612473710486,2021-02-04T21:22:52.865Z,48.506,0.7429397106170654,0.5969191193580627,-1.6174583435058594
1612473710526,2021-02-04T21:22:52.876Z,48.54600000000001,1.474647045135498,0.962772786617279,-1.1906290054321291
1612473710565,2021-02-04T21:22:52.879Z,48.585,-1.6351090669631958,0.41399231553077703,-1.739409565925598
1612473710605,2021-02-04T21:22:52.890Z,48.625,-2.061938524246216,0.5969191193580627,-1.6174583435058594
1612473710646,2021-02-04T21:22:52.906Z,48.666000000000004,0.8039153218269348,0.3530167043209076,-1.251604676246643
1612473710686,2021-02-04T21:22:52.908Z,48.706,0.255134791135788,0.7188703417778015,-0.7028241753578186
1612473710725,2021-02-04T21:22:52.911Z,48.745,-0.4155968725681305,0.41399231553077703,-0.7028241753578186
1612473710765,2021-02-04T21:22:52.922Z,48.785,-1.0253529548645022,-0.012836970388889313,-1.251604676246643
1612473710804,2021-02-04T21:22:52.924Z,48.824,-3.4643774032592773,0.41399231553077703,-1.5564826726913452
1612473710844,2021-02-04T21:22:52.926Z,48.864,-0.6594992876052856,0.10911425203084946,-0.2759948670864105
1612473710883,2021-02-04T21:22:52.937Z,48.903,-0.7204749584197998,0.5359435081481934,-0.763799786567688
1612473710923,2021-02-04T21:22:52.940Z,48.943000000000005,-0.4765725433826447,0.7188703417778015,-0.7028241753578186
1612473710962,2021-02-04T21:22:52.950Z,48.982,1.5965982675552368,0.17008985579013824,0.3947368562221527
1612473711002,2021-02-04T21:22:52.953Z,49.022,-0.3546213209629059,0.5359435081481934,0.3947368562221527
1612473711041,2021-02-04T21:22:52.955Z,49.06100000000001,-1.9399870634078982,1.1456996202468872,0.15083441138267514
1612473711081,2021-02-04T21:22:52.966Z,49.101000000000006,0.3161104023456573,0.962772786617279,1.4922977685928345
1612473711122,2021-02-04T21:22:52.968Z,49.141999999999996,0.1331835687160492,1.2066752910614014,1.1264441013336182
1612473711162,2021-02-04T21:22:52.971Z,49.181999999999995,0.255134791135788,0.7798459529876709,1.7362003326416016
1612473711201,2021-02-04T21:22:52.982Z,49.221000000000004,1.8405007123947144,-0.19576381146907806,1.1874197721481323
1612473711241,2021-02-04T21:22:52.984Z,49.261,1.413671374320984,-0.0738125815987587,1.0654685497283936
1612473711280,2021-02-04T21:22:52.986Z,49.3,0.4990372359752655,-0.25673940777778625,-0.2759948670864105
1612473711320,2021-02-04T21:22:52.997Z,49.34,1.0478177070617676,-0.25673940777778625,0.08985879272222519
1612473711359,2021-02-04T21:22:52.999Z,49.379,-0.17169448733329773,0.41399231553077703,1.1874197721481323
1612473711399,2021-02-04T21:22:53.010Z,49.419,1.3526958227157593,-0.19576381146907806,0.6386392116546631
1612473711438,2021-02-04T21:22:53.026Z,49.458,0.07220795750617981,-0.19576381146907806,0.8215661048889159
1612473711478,2021-02-04T21:22:53.029Z,49.498000000000005,-1.6960846185684204,-0.0738125815987587,0.5166880488395691
1612473711518,2021-02-04T21:22:53.030Z,49.538000000000004,-1.3302310705184937,-0.25673940777778625,0.15083441138267514
1612473711557,2021-02-04T21:22:53.041Z,49.577,-1.2692553997039795,-0.012836970388889313,0.08985879272222519
1612473711598,2021-02-04T21:22:53.044Z,49.618,-1.3302310705184937,-0.5006418824195862,-0.15404364466667175
1612473711638,2021-02-04T21:22:53.055Z,49.658,-3.220475196838379,0.10911425203084946,-0.2759948670864105
1612473711677,2021-02-04T21:22:53.058Z,49.696999999999996,-0.8424261808395386,-0.012836970388889313,-0.3369704782962799
1612473711717,2021-02-04T21:22:53.059Z,49.736999999999995,0.19415917992591855,0.3530167043209076,-0.15404364466667175
1612473711756,2021-02-04T21:22:53.070Z,49.776,0.5600128769874573,0.2920410931110382,-0.3979460895061493
1612473711796,2021-02-04T21:22:53.087Z,49.816,-0.5375480651855469,0.04813864082098007,-0.4589217007160187
1612473711835,2021-02-04T21:22:53.089Z,49.855,1.0478177070617676,0.2920410931110382,0.21181002259254456
1612473711875,2021-02-04T21:22:53.090Z,49.895,0.4990372359752655,0.41399231553077703,0.15083441138267514
1612473711915,2021-02-04T21:22:53.102Z,49.935,0.07220795750617981,0.7798459529876709,0.15083441138267514
1612473711954,2021-02-04T21:22:53.105Z,49.974,0.3770860135555267,-0.19576381146907806,-0.2759948670864105
1612473711994,2021-02-04T21:22:53.115Z,50.013999999999996,11.41367244720459,-4.707959175109863,-3.507702350616455
1612473712033,2021-02-04T21:22:53.117Z,50.053000000000004,4.279525279998778,-0.378690630197525,-3.3857510089874268
1612473712073,2021-02-04T21:22:53.119Z,50.093,2.694159030914306,0.2920410931110382,0.21181002259254456
1612473712114,2021-02-04T21:22:53.131Z,50.13399999999999,13.181964874267578,-1.5372272729873655,0.3947368562221527
1612473712153,2021-02-04T21:22:53.133Z,50.173,10.560013771057127,-3.244544506072998,-0.3369704782962799
1612473712193,2021-02-04T21:22:53.135Z,50.213,9.706355094909668,-6.293324947357178,-2.4711167812347408
1612473712232,2021-02-04T21:22:53.146Z,50.251999999999995,11.108794212341307,-4.220154285430908,-1.9223363399505613
1612473712272,2021-02-04T21:22:53.176Z,50.292,8.303915977478027,-4.525032043457031,-1.06867778301239
1612473712311,2021-02-04T21:22:53.178Z,50.331,6.108793258666992,-6.049422740936278,-2.7759950160980225
1612473712351,2021-02-04T21:22:53.191Z,50.371,1.413671374320984,-9.768935203552246,-5.885750770568848
1612473712391,2021-02-04T21:22:53.192Z,50.411,5.011232376098633,-8.976251602172852,-6.06867790222168
1612473712430,2021-02-04T21:22:53.194Z,50.45,-4.500962734222412,-9.64698314666748,-4.544287204742432
1612473712470,2021-02-04T21:22:53.205Z,50.49,-1.3302310705184937,-13.54942226409912,-4.9101409912109375
1612473712509,2021-02-04T21:22:53.208Z,50.528999999999996,-6.1473045349121085,-15.012837409973145,-5.519896984100342
1612473712549,2021-02-04T21:22:53.210Z,50.568999999999996,-0.11071887612342833,-18.67137336730957,-5.336970329284668
1612473712590,2021-02-04T21:22:53.221Z,50.61,4.645378589630127,-22.634788513183594,-5.885750770568848
1612473712629,2021-02-04T21:22:53.223Z,50.648999999999994,3.974647045135498,-21.47625160217285,-4.1174583435058585
1612473712669,2021-02-04T21:22:53.225Z,50.68899999999999,13.425867080688475,-24.646982192993164,-2.9589216709136963
1612473712708,2021-02-04T21:22:53.236Z,50.728,9.401476860046387,-24.89088630676269,-3.0198974609375
1612473712748,2021-02-04T21:22:53.239Z,50.768,8.852696418762207,-23.36649513244629,-8.934532165527344
1612473712788,2021-02-04T21:22:53.250Z,50.808,7.023427486419678,-14.586008071899414,-9.97111701965332
1612473712827,2021-02-04T21:22:53.253Z,50.847,3.30391526222229,-8.67137336730957,-8.507702827453612
1612473712867,2021-02-04T21:22:53.255Z,50.887,1.901476263999939,-7.451861381530763,-10.275995254516602
1612473712906,2021-02-04T21:22:53.266Z,50.926,6.291720390319824,-19.646982192993164,-7.715019226074219
1612473712946,2021-02-04T21:22:53.269Z,50.966,3.8526957035064697,-8.915276527404785,-8.263799667358397
1612473712985,2021-02-04T21:22:53.271Z,51.005,0.1331835687160492,-3.8543004989624015,-10.032093048095703
1612473713025,2021-02-04T21:22:53.282Z,51.045,0.986842155456543,-2.0250322818756104,-7.532092571258545
1612473713066,2021-02-04T21:22:53.284Z,51.086000000000006,-6.1473045349121085,9.56033420562744,-5.0930681228637695
1612473713105,2021-02-04T21:22:53.295Z,51.125,-12.061938285827635,14.011553764343262,-2.7759950160980225
1612473713145,2021-02-04T21:22:53.311Z,51.165,-4.439987182617188,6.633504390716553,1.248395323753357
1612473713185,2021-02-04T21:22:53.313Z,51.205,14.157574653625488,-13.427471160888672,-0.7028241753578186
1612473713224,2021-02-04T21:22:53.315Z,51.244,6.291720390319824,-13.183568954467773,0.5166880488395691
1612473713264,2021-02-04T21:22:53.340Z,51.284,4.584403038024902,-20.805519104003906,0.8215661048889159
1612473713303,2021-02-04T21:22:53.345Z,51.323,9.523427963256836,-14.464056968688965,0.6386392116546631
1612473713343,2021-02-04T21:22:53.346Z,51.363,22.93806266784668,-15.317715644836426,-1.861360788345337
1612473713382,2021-02-04T21:22:53.355Z,51.402,12.206355094909668,-14.098203659057615,0.8215661048889159
1612473713422,2021-02-04T21:22:53.358Z,51.442,50.68196487426758,-11.781129837036133,8.016688346862793
1612473713461,2021-02-04T21:22:53.360Z,51.481,21.04781913757324,-0.0738125815987587,14.236200332641602
1612473713501,2021-02-04T21:22:53.371Z,51.521,25.19416046142578,4.072528839111328,16.614250183105472
1612473713540,2021-02-04T21:22:53.373Z,51.56,56.04781723022461,-4.403080940246582,9.4801025390625
1612473713582,2021-02-04T21:22:53.376Z,51.602,-57.8546257019043,4.6822848320007315,4.663029670715332
1612473713621,2021-02-04T21:22:53.387Z,51.641000000000005,23.608795166015625,-21.903079986572266,4.1142492294311515
1612473713661,2021-02-04T21:22:53.388Z,51.681000000000004,4.096598148345946,-30.07381248474121,14.236200332641602
1612473713700,2021-02-04T21:22:53.390Z,51.72,-10.354620933532717,-18.244543075561523,8.016688346862793
1612473713740,2021-02-04T21:22:53.402Z,51.76,0.1331835687160492,-14.768935203552244,11.55327320098877
1612473713779,2021-02-04T21:22:53.404Z,51.799,20.1331844329834,-24.52503204345703,13.07766342163086
1612473713819,2021-02-04T21:22:53.415Z,51.839,14.706355094909668,-27.939666748046875,12.163029670715332
1612473713858,2021-02-04T21:22:53.417Z,51.878,1.413671374320984,-34.34210586547852,11.126443862915039
1612473713898,2021-02-04T21:22:53.420Z,51.918,8.852696418762207,-6.049422740936278,7.650834560394287
1612473713937,2021-02-04T21:22:53.431Z,51.957,-16.574132919311527,22.304237365722656,10.88254165649414
1612473713977,2021-02-04T21:22:53.433Z,51.997,-20.90340232849121,32.304237365722656,15.45571231842041
1612473714017,2021-02-04T21:22:53.435Z,52.037,-20.110719680786133,35.29204177856445,16.91912841796875
1612473714058,2021-02-04T21:22:53.460Z,52.078,-12.793645858764648,30.35301780700684,17.163030624389652
1612473714097,2021-02-04T21:22:53.462Z,52.117,-21.635108947753906,44.25545883178711,11.736200332641602
1612473714137,2021-02-04T21:22:53.464Z,52.157,-16.45218276977539,35.2310676574707,13.992298126220705
1612473714176,2021-02-04T21:22:53.475Z,52.196000000000005,-21.69608497619629,25.840822219848636,14.90693187713623
1612473714216,2021-02-04T21:22:53.478Z,52.236000000000004,-24.561939239501953,22.731067657470703,14.419127464294435
1612473714255,2021-02-04T21:22:53.480Z,52.275,-0.9034017324447632,25.9627742767334,17.041078567504886
1612473714295,2021-02-04T21:22:53.491Z,52.315,3.9136712551116943,28.88960266113281,17.589859008789062
1612473714334,2021-02-04T21:22:53.494Z,52.354,-21.818035125732425,25.840822219848636,16.126445770263672
1612473714374,2021-02-04T21:22:53.495Z,52.394,-12.183889389038086,15.292041778564453,15.394737243652346
1612473714414,2021-02-04T21:22:53.507Z,52.434,-12.915596961975098,10.35301685333252,15.516688346862793
1612473714453,2021-02-04T21:22:53.509Z,52.473,-9.866816520690918,0.7188703417778015,21.18742179870605
1612473714493,2021-02-04T21:22:53.510Z,52.513000000000005,-5.415596961975098,-4.8299102783203125,26.004493713378906
1612473714534,2021-02-04T21:22:53.522Z,52.553999999999995,-8.159499168395996,0.7188703417778015,24.05327415466309
1612473714573,2021-02-04T21:22:53.524Z,52.593,-5.781450748443604,6.572528839111327,23.748395919799805
1612473714613,2021-02-04T21:22:53.535Z,52.633,-11.14730453491211,9.743260383605957,17.528884887695312
1612473714652,2021-02-04T21:22:53.538Z,52.672,-24.866817474365234,7.853016853332519,10.333761215209961
1612473714692,2021-02-04T21:22:53.540Z,52.711999999999996,-1.6351090669631958,16.63350486755371,11.248394966125488
1612473714731,2021-02-04T21:22:53.551Z,52.751000000000005,-1.3302310705184937,21.81643295288086,5.638639450073242
1612473714771,2021-02-04T21:22:53.553Z,52.791000000000004,1.1087933778762815,8.889601707458496,6.431322574615479
1612473714811,2021-02-04T21:22:53.556Z,52.831,-15.110718727111815,14.987163543701172,6.248395919799805
1612473714850,2021-02-04T21:22:53.580Z,52.87,30.072208404541016,1.87740695476532,5.821566581726074
1612473714890,2021-02-04T21:22:53.582Z,52.91,-11.208279609680176,1.0237483978271484,0.3337612450122833
1612473714929,2021-02-04T21:22:53.584Z,52.949,-10.964377403259276,4.438382625579834,7.772785663604736
1612473714969,2021-02-04T21:22:53.596Z,52.989,13.36489200592041,1.9993581771850584,10.089859008789062
1612473715008,2021-02-04T21:22:53.598Z,53.028,14.34050178527832,-5.866495609283447,7.833761692047119
1612473715049,2021-02-04T21:22:53.600Z,53.068999999999996,12.267330169677734,-10.805520057678224,5.516688346862793
1612473715089,2021-02-04T21:22:53.611Z,53.108999999999995,19.462451934814453,38.76765441894531,-1.4955071210861206
1612473715128,2021-02-04T21:22:53.614Z,53.148,22.08440399169922,11.511553764343262,2.9557125568389893
1612473715168,2021-02-04T21:22:53.616Z,53.188,-8.464377403259277,-48.06161880493164,6.980103015899657
1612473715207,2021-02-04T21:22:53.640Z,53.227,27.26733016967773,-72.63479614257812,-7.471116542816162
1612473715247,2021-02-04T21:22:53.642Z,53.266999999999996,-22.122913360595703,-85.62259674072266,-8.202824592590332
1612473715287,2021-02-04T21:22:53.645Z,53.306999999999995,-3.2814507484436035,-50.01283645629883,-8.690629005432129
1612473715326,2021-02-04T21:22:53.656Z,53.346000000000004,26.29172134399414,-20.07381248474121,-1.4345314502716064
1612473715366,2021-02-04T21:22:53.686Z,53.386,40.925865173339844,-45.56161880493164,-8.0198974609375
1612473715405,2021-02-04T21:22:53.688Z,53.425,30.19416046142578,-25.927471160888672,-15.702824592590332
1612473715445,2021-02-04T21:22:53.690Z,53.465,9.096598625183104,4.987163066864014,-4.1174583435058585
1612473715484,2021-02-04T21:22:53.716Z,53.504,17.877086639404297,-7.451861381530763,0.8215661048889159
1612473715525,2021-02-04T21:22:53.720Z,53.545,27.572208404541016,-21.41527557373047,-4.178433895111084
1612473715565,2021-02-04T21:22:53.731Z,53.585,29.401477813720703,-3.732349395751953,-4.605263233184815
1612473715604,2021-02-04T21:22:53.733Z,53.623999999999995,12.450257301330565,9.80423641204834,6.187419891357423
1612473715644,2021-02-04T21:22:53.735Z,53.663999999999994,0.8648909330368042,33.401798248291016,6.675224781036378
1612473715684,2021-02-04T21:22:53.746Z,53.70399999999999,-10.781450271606444,19.62131118774414,-7.715019226074219
1612473715723,2021-02-04T21:22:53.749Z,53.743,-20.171693801879886,9.987163543701172,-11.861361503601074
1612473715763,2021-02-04T21:22:53.751Z,53.783,-11.26925563812256,4.072528839111328,-6.434531211853027
1612473715802,2021-02-04T21:22:53.761Z,53.821999999999996,1.2307446002960205,4.25545597076416,-2.0442874431610107
1612473715842,2021-02-04T21:22:53.764Z,53.861999999999995,-3.769255638122559,-5.256739616394043,-0.6418485641479492
1612473715881,2021-02-04T21:22:53.775Z,53.901,-11.696084976196287,-6.049422740936278,-1.983312010765076
1612473715921,2021-02-04T21:22:53.777Z,53.941,-4.379011631011963,-24.46405601501465,-4.544287204742432
