epoch (ms),time (-07:00),elapsed (s),W-Axis,X-Axis (i),Y-Axis (j),Z-Axis (k)
1612467006959,2021-02-04T19:30:06.959Z,0,0.9263946308712098,0.22072516804888098,0.1963682492835117,-0.23347997506449403
1612467006995,2021-02-04T19:30:06.996Z,0.036,0.9264298696435846,0.22074837050753116,0.19621467295655193,-0.233447329534938
1612467007003,2021-02-04T19:30:07.003Z,0.044,0.9263881825222497,0.2209509754860651,0.19613828236966768,-0.23348527984426676
1612467007019,2021-02-04T19:30:07.019Z,0.06,0.9263891047373921,0.22117049406383424,0.1959595428322675,-0.23342385643370162
1612467007049,2021-02-04T19:30:07.049Z,0.09,0.926404791842829,0.22132757971855765,0.19571906973465505,-0.23341445938238595
1612467007063,2021-02-04T19:30:07.064Z,0.104,0.9264159693069891,0.22150783182978911,0.19547293194549337,-0.23340536653575503
1612467007079,2021-02-04T19:30:07.079Z,0.12,0.9264233676180642,0.22173224012554776,0.19520569184741163,-0.2333865794995186
1612467007109,2021-02-04T19:30:07.109Z,0.15,0.9264278595400183,0.22195714787239224,0.19494241162003037,-0.2333750237883648
1612467007123,2021-02-04T19:30:07.123Z,0.164,0.926432256535029,0.22215750356225272,0.19469605858445052,-0.23337258286714424
1612467007139,2021-02-04T19:30:07.139Z,0.18,0.9264395460338047,0.2222085448257591,0.19450692172153833,-0.2334527522937093
1612467007169,2021-02-04T19:30:07.169Z,0.21,0.9264910947835899,0.22222547126515266,0.19429234980529145,-0.23341074100140297
1612467007183,2021-02-04T19:30:07.183Z,0.224,0.9265626248989749,0.22225152783653862,0.1939297707295113,-0.2334035229799351
1612467007199,2021-02-04T19:30:07.199Z,0.24,0.9266049244106035,0.22228324032395344,0.19374091058256893,-0.23336223922421612
1612467007229,2021-02-04T19:30:07.229Z,0.27,0.9266529163376586,0.22230244176039624,0.1935380969795865,-0.23332167076334315
1612467007243,2021-02-04T19:30:07.243Z,0.284,0.9266973930523393,0.22230965558732094,0.19335734439350177,-0.233288011075875
1612467007259,2021-02-04T19:30:07.259Z,0.3,0.9267026564955714,0.22248358168630294,0.19314070604532685,-0.2332807535833118
1612467007288,2021-02-04T19:30:07.289Z,0.329,0.9267002256884858,0.22267209358793408,0.19294450544631275,-0.23327290512220555
1612467007304,2021-02-04T19:30:07.304Z,0.345,0.9267008332579184,0.22282666813325439,0.19277419357443265,-0.23326369605971575
1612467007318,2021-02-04T19:30:07.319Z,0.359,0.926702398458078,0.22295444981885515,0.19262785087542128,-0.23325627336715693
1612467007348,2021-02-04T19:30:07.348Z,0.389,0.9266956015343487,0.22312578138093736,0.1924574354317257,-0.2332601194526852
1612467007363,2021-02-04T19:30:07.363Z,0.404,0.9267115141404002,0.22320908214157856,0.19230057011625024,-0.23324657755706937
1612467007378,2021-02-04T19:30:07.378Z,0.419,0.9267406351145014,0.2232351081282582,0.19216676395425095,-0.23321624419813988
1612467007408,2021-02-04T19:30:07.408Z,0.449,0.9267655016883934,0.2232662467767837,0.19204613053437164,-0.23318698865340595
1612467007423,2021-02-04T19:30:07.423Z,0.464,0.9267648234458097,0.22342290056239214,0.1918785392378349,-0.23317760550211353
1612467007438,2021-02-04T19:30:07.438Z,0.479,0.9267599372998343,0.2235787529798759,0.19172803918340975,-0.2331714365501394
1612467007453,2021-02-04T19:30:07.453Z,0.494,0.9267690369288357,0.22365855770995052,0.1916087981017352,-0.23315675037002775
1612467007490,2021-02-04T19:30:07.490Z,0.531,0.9267915691133053,0.2236777138684983,0.19150566751540382,-0.23313353908980822
1612467007498,2021-02-04T19:30:07.499Z,0.539,0.9268109670153406,0.22370887164807307,0.19140641912827974,-0.23310803264264543
1612467007513,2021-02-04T19:30:07.514Z,0.554,0.9268033904260615,0.22387449133480503,0.19124974217907775,-0.23310775135283612
1612467007543,2021-02-04T19:30:07.544Z,0.584,0.9268124244133706,0.22396216293468296,0.19112280330472728,-0.23309172783170862
1612467007558,2021-02-04T19:30:07.558Z,0.599,0.9268310691615604,0.223985595853888,0.19103186783139503,-0.2330696195553291
1612467007573,2021-02-04T19:30:07.573Z,0.614,0.9268509429947478,0.22399721785457408,0.19094439863272927,-0.2330510941702324
1612467007603,2021-02-04T19:30:07.603Z,0.644,0.9268717876126752,0.2239930835168871,0.19086428942048309,-0.23303778854146123
1612467007618,2021-02-04T19:30:07.618Z,0.659,0.9269337445697177,0.2237766808142728,0.19087638023757705,-0.232989351192513
1612467007633,2021-02-04T19:30:07.633Z,0.674,0.9269610877635376,0.22372790184053304,0.19082617381503694,-0.2329685367112587
1612467007663,2021-02-04T19:30:07.664Z,0.704,0.9269949511914544,0.22362784804669225,0.1908194876762118,-0.23293533258513308
1612467007678,2021-02-04T19:30:07.678Z,0.719,0.9270104833420739,0.22365779680440617,0.1907362181340425,-0.23291296398959113
1612467007693,2021-02-04T19:30:07.693Z,0.734,0.9270400497246608,0.22371849553091241,0.19057493560962932,-0.23286900798790117
1612467007724,2021-02-04T19:30:07.724Z,0.765,0.9270589250552087,0.22391092459472123,0.19037262566033497,-0.23277437728798253
1612467007738,2021-02-04T19:30:07.739Z,0.779,0.927061969315703,0.2243481613913234,0.18997798664191098,-0.23266364589318553
1612467007753,2021-02-04T19:30:07.753Z,0.794,0.9271152067319218,0.22483016089812288,0.1893139893282341,-0.23252742986920757
1612467007783,2021-02-04T19:30:07.783Z,0.824,0.9272025040687275,0.22499357403679923,0.1888786518338662,-0.23237526325375105
1612467007798,2021-02-04T19:30:07.798Z,0.839,0.927253982084369,0.22500561171290728,0.18850615416407432,-0.23246065742110225
1612467007813,2021-02-04T19:30:07.813Z,0.854,0.9272406526377304,0.22495918038207402,0.18827561671063128,-0.23274542188840674
1612467007843,2021-02-04T19:30:07.843Z,0.884,0.9271564438637271,0.22509339218000493,0.1880491396504733,-0.2331338981692346
1612467007858,2021-02-04T19:30:07.858Z,0.899,0.9270616595361061,0.22540702007882535,0.1878284308199501,-0.23338559358508026
1612467007873,2021-02-04T19:30:07.873Z,0.914,0.9270427804031508,0.22545426065149804,0.1877479081231018,-0.23347972642583142
1612467007903,2021-02-04T19:30:07.903Z,0.944,0.927055631283103,0.22548607354008648,0.1876729229169146,-0.2334582642563415
1612467007919,2021-02-04T19:30:07.919Z,0.96,0.9270538416282291,0.22555406630861632,0.1876017942399402,-0.2334568583099362
1612467007934,2021-02-04T19:30:07.934Z,0.975,0.9270173707947774,0.22566080049858503,0.18769157742588832,-0.2334263676761002
1612467007963,2021-02-04T19:30:07.963Z,1.004,0.927041383750186,0.22545567431412736,0.18794304829655506,-0.23332685728629993
1612467007978,2021-02-04T19:30:07.978Z,1.019,0.9270636726497663,0.22525472221407997,0.18818677474173942,-0.23323592087345055
1612467007993,2021-02-04T19:30:07.994Z,1.034,0.9271081487475389,0.22504401190517517,0.1882901536710479,-0.23317909696640413
1612467008008,2021-02-04T19:30:08.008Z,1.049,0.927136052683915,0.22495751715619017,0.1882816807198896,-0.23315845254655657
1612467008038,2021-02-04T19:30:08.038Z,1.079,0.9271291266676492,0.22502919715833464,0.18822164412329295,-0.23316529671947717
1612467008053,2021-02-04T19:30:08.053Z,1.094,0.9270530374640693,0.22532707872951172,0.18807023305861176,-0.23330229479614387
1612467008068,2021-02-04T19:30:08.068Z,1.109,0.9270206733950861,0.22564429336216543,0.18787093333575705,-0.23328488244796666
1612467008098,2021-02-04T19:30:08.099Z,1.139,0.9270050178773155,0.2259465685828389,0.18768309662040958,-0.23320570365857782
1612467008113,2021-02-04T19:30:08.114Z,1.154,0.9270549179012602,0.22596768702888276,0.18762350274167044,-0.23303477172484627
1612467008128,2021-02-04T19:30:08.129Z,1.169,0.9270927498616326,0.22581766945018586,0.18765025589953302,-0.23300814316011093
1612467008158,2021-02-04T19:30:08.159Z,1.199,0.9271365198863634,0.22564861309948722,0.1876474121606535,-0.23300005495426535
1612467008173,2021-02-04T19:30:08.173Z,1.214,0.9270964727818896,0.2256487900773206,0.18762979163924906,-0.23317335821536786
1612467008188,2021-02-04T19:30:08.188Z,1.229,0.9270043351074834,0.22586765948508106,0.18740633267641646,-0.23350723664041012
1612467008218,2021-02-04T19:30:08.218Z,1.259,0.9269483111537913,0.22602394916620072,0.1871107781152184,-0.2338152252646658
1612467008233,2021-02-04T19:30:08.233Z,1.274,0.926935290441547,0.22606175454091357,0.18695733937874454,-0.23395299468130223
1612467008248,2021-02-04T19:30:08.248Z,1.289,0.9269782151753313,0.22606162617295128,0.1869171601458637,-0.23381510859096236
1612467008278,2021-02-04T19:30:08.278Z,1.319,0.9270828746182549,0.2258522785590918,0.18709056516006903,-0.2334635138245496
1612467008293,2021-02-04T19:30:08.293Z,1.334,0.9272135028928818,0.2254417602309605,0.1873901718736644,-0.23310095727438895
1612467008308,2021-02-04T19:30:08.308Z,1.349,0.9273282931335936,0.22513119869714834,0.187593363670204,-0.23278081972967585
1612467008338,2021-02-04T19:30:08.339Z,1.379,0.9274300841357975,0.22494522862902583,0.18762384013110492,-0.2325303803191321
1612467008353,2021-02-04T19:30:08.355Z,1.394,0.9274917010655677,0.22497596577165543,0.18740486671984025,-0.23243144195510546
1612467008375,2021-02-04T19:30:08.375Z,1.416,0.9275388705104426,0.22497787662056493,0.1871773841310133,-0.2324246664908549
1612467008398,2021-02-04T19:30:08.398Z,1.439,0.927591564124713,0.2247958267805705,0.1871597106751854,-0.23240475280572293
1612467008413,2021-02-04T19:30:08.413Z,1.454,0.9276446758812184,0.2245919632134263,0.18718882165326217,-0.23236641413343637
1612467008428,2021-02-04T19:30:08.428Z,1.469,0.9277031372285085,0.2243531845835706,0.18724848405703035,-0.2323156106720713
1612467008458,2021-02-04T19:30:08.458Z,1.499,0.9277790401750321,0.22408105295671016,0.18726750811945625,-0.2322598000525227
1612467008473,2021-02-04T19:30:08.473Z,1.514,0.9278804120853194,0.22370032175835283,0.18731565731301322,-0.2321830128131281
1612467008488,2021-02-04T19:30:08.488Z,1.529,0.9280076812102475,0.2232640387982907,0.18727404756181923,-0.23212786068041943
1612467008518,2021-02-04T19:30:08.519Z,1.559,0.9281126925996618,0.2230134356722806,0.18731987739844505,-0.23191183858631007
1612467008533,2021-02-04T19:30:08.534Z,1.574,0.9282566612619838,0.22271436513674,0.18737131045738437,-0.23158124794977658
1612467008548,2021-02-04T19:30:08.549Z,1.589,0.9284166388754339,0.22223251442074615,0.18750932597838244,-0.231290957161338
1612467008578,2021-02-04T19:30:08.578Z,1.619,0.9285318943515687,0.22169186016191642,0.18770375533372985,-0.23118940404666494
1612467008593,2021-02-04T19:30:08.593Z,1.634,0.9286217167387024,0.22128015726521943,0.18784825405647912,-0.231105674205281
1612467008608,2021-02-04T19:30:08.608Z,1.649,0.9287092095469044,0.22094147311858456,0.1878969184171776,-0.23103856303284595
1612467008638,2021-02-04T19:30:08.638Z,1.679,0.9288214472231124,0.22059286294275762,0.18788429099694384,-0.23093072812784451
1612467008653,2021-02-04T19:30:08.653Z,1.694,0.9288789081532922,0.22038866813737087,0.187887843672918,-0.23089167837868163
1612467008668,2021-02-04T19:30:08.668Z,1.709,0.9288671209617259,0.22067925875341138,0.18765170138234086,-0.23085357983066254
1612467008683,2021-02-04T19:30:08.683Z,1.724,0.9288780722496595,0.22140744559910308,0.18685904651308843,-0.23075520939570604
1612467008713,2021-02-04T19:30:08.714Z,1.754,0.9290043313890562,0.22138677983946667,0.1865470624175236,-0.23051906532015226
1612467008728,2021-02-04T19:30:08.728Z,1.769,0.9291174548470598,0.22101960365743403,0.1863167954478658,-0.23060169477189593
1612467008743,2021-02-04T19:30:08.743Z,1.784,0.9291822255864227,0.22049041173087047,0.1863543532356263,-0.23081686467661977
1612467008773,2021-02-04T19:30:08.773Z,1.814,0.929215814711463,0.2201167764339835,0.18635488055768476,-0.23103773050035567
1612467008795,2021-02-04T19:30:08.795Z,1.836,0.9293055564741861,0.21967939802212486,0.18654032359927444,-0.23094339666316152
1612467008803,2021-02-04T19:30:08.803Z,1.844,0.9294438427856606,0.2190891157784878,0.1870497858446464,-0.23053520353884488
1612467008833,2021-02-04T19:30:08.833Z,1.874,0.9296008300059307,0.2183823899956449,0.18766286779825947,-0.2300740677299542
1612467008848,2021-02-04T19:30:08.848Z,1.889,0.9297555519643885,0.2177644728006603,0.18814959200572687,-0.2296366238327948
1612467008863,2021-02-04T19:30:08.863Z,1.904,0.9298826923445103,0.21745692900922434,0.1882951541048494,-0.22929369255309406
1612467008893,2021-02-04T19:30:08.893Z,1.934,0.9299943684337325,0.21751863810114305,0.18808928748874038,-0.2289509482228566
1612467008908,2021-02-04T19:30:08.908Z,1.949,0.9301114889465066,0.2175216568702218,0.18794586218360534,-0.22858980688168756
1612467008923,2021-02-04T19:30:08.923Z,1.964,0.9301942719567594,0.21736987480156272,0.18784255828628016,-0.22848222522562334
1612467008954,2021-02-04T19:30:08.954Z,1.995,0.9302557680255558,0.21699683149989096,0.18785740129599549,-0.22857422853967305
1612467008968,2021-02-04T19:30:08.969Z,2.009,0.9302472956020571,0.21675192173376986,0.18786619341034522,-0.2288337099801591
1612467008983,2021-02-04T19:30:08.984Z,2.024,0.930236529738445,0.21650783019203373,0.18795366709621458,-0.22903662857892035
1612467009013,2021-02-04T19:30:09.013Z,2.054,0.9302609869840994,0.21614793109096078,0.1880958546614075,-0.22916046220860448
1612467009028,2021-02-04T19:30:09.028Z,2.069,0.9303876761165907,0.2154999404660667,0.18840016728810247,-0.22900638583957994
1612467009043,2021-02-04T19:30:09.043Z,2.084,0.930533326143654,0.21474086806411627,0.18876669632271317,-0.22882574784867665
1612467009073,2021-02-04T19:30:09.073Z,2.114,0.9306748700770053,0.2141221391124183,0.18914505015371247,-0.22851727670226799
1612467009088,2021-02-04T19:30:09.088Z,2.129,0.9307728418720711,0.21355479789821477,0.18957457778848533,-0.22829311111892672
1612467009103,2021-02-04T19:30:09.103Z,2.144,0.9308699576263818,0.21326296111460127,0.18971156052438998,-0.22805603523847195
1612467009133,2021-02-04T19:30:09.133Z,2.174,0.9310251859922781,0.21299947965302277,0.1896984900618883,-0.22767917687795905
1612467009148,2021-02-04T19:30:09.148Z,2.189,0.9311450602758621,0.21300677240901508,0.18950237139300893,-0.2273452063892737
1612467009163,2021-02-04T19:30:09.164Z,2.204,0.9312385501373999,0.21306865333501615,0.18922374543201378,-0.22713627158311053
1612467009193,2021-02-04T19:30:09.193Z,2.234,0.9311858851655124,0.21331769244032545,0.18913892660190637,-0.2271890750109576
1612467009208,2021-02-04T19:30:09.208Z,2.249,0.9311643317305515,0.21341326595917928,0.18908611681058102,-0.22723161235824405
1612467009223,2021-02-04T19:30:09.223Z,2.264,0.9311869528461347,0.21333150764291792,0.1890502626049285,-0.22724551679832528
1612467009238,2021-02-04T19:30:09.238Z,2.279,0.931200417912698,0.21325281463200993,0.1890863827503247,-0.2272341492582927
1612467009268,2021-02-04T19:30:09.268Z,2.309,0.9312035956898873,0.21319069990988143,0.18916812282920453,-0.2272113776892235
1612467009283,2021-02-04T19:30:09.283Z,2.324,0.9311812332356243,0.21327694649979506,0.1890667047462054,-0.2273064805893497
1612467009298,2021-02-04T19:30:09.298Z,2.339,0.9311483860937537,0.21336427028253366,0.18876846963248753,-0.2276067576202611
1612467009328,2021-02-04T19:30:09.328Z,2.369,0.9312102475625791,0.21297876471174668,0.18861694970512988,-0.22784022230552506
1612467009343,2021-02-04T19:30:09.344Z,2.384,0.9313203272086056,0.21208562804480183,0.1886781000510116,-0.22817254231400877
1612467009359,2021-02-04T19:30:09.359Z,2.4,0.9314452907194956,0.21118010087029174,0.18878654753226162,-0.228412510304793
1612467009388,2021-02-04T19:30:09.388Z,2.429,0.9316308490951468,0.2100952344672864,0.18885674171008612,-0.22859808524797803
1612467009403,2021-02-04T19:30:09.403Z,2.444,0.9319626469702713,0.20826959146505739,0.18884164664298062,-0.22892844824597833
1612467009418,2021-02-04T19:30:09.418Z,2.459,0.9322020729728715,0.2065459655644356,0.18892321382681715,-0.22944733280533738
1612467009448,2021-02-04T19:30:09.448Z,2.489,0.9323865564129575,0.20493474132580755,0.18899214332230535,-0.23008483431237342
1612467009463,2021-02-04T19:30:09.463Z,2.504,0.9325470643121055,0.20352273383381805,0.1889653603620597,-0.23070882566325823
1612467009478,2021-02-04T19:30:09.478Z,2.519,0.9327253557914982,0.20203865233253854,0.18906604842117547,-0.23120947852905263
1612467009508,2021-02-04T19:30:09.508Z,2.549,0.9329380970527473,0.2004575563599473,0.1890965572984743,-0.23170189292205182
1612467009523,2021-02-04T19:30:09.523Z,2.564,0.9331008877218379,0.19913170542430134,0.18908267297825196,-0.23220043067773774
1612467009538,2021-02-04T19:30:09.538Z,2.579,0.9332351969773828,0.19821374688781512,0.18888320743475834,-0.23260806438392653
1612467009568,2021-02-04T19:30:09.568Z,2.609,0.9333286518048621,0.19756687362542863,0.18864487275652456,-0.23297654420277403
1612467009583,2021-02-04T19:30:09.583Z,2.624,0.9333621484027919,0.1971609717657449,0.18841902894950838,-0.23336863686244622
1612467009598,2021-02-04T19:30:09.598Z,2.639,0.9332856080317082,0.19715744840800722,0.1882698967474752,-0.2337976910853131
1612467009628,2021-02-04T19:30:09.628Z,2.669,0.9331984091288344,0.19735404093158765,0.18812771061347588,-0.23409416102653668
1612467009643,2021-02-04T19:30:09.643Z,2.684,0.9331474760532382,0.19759331503323332,0.18796350684978688,-0.23422721849174294
1612467009658,2021-02-04T19:30:09.658Z,2.699,0.9331082387062647,0.19786562574368358,0.1878198680129279,-0.23426887583962067
1612467009688,2021-02-04T19:30:09.688Z,2.729,0.9330578629604728,0.19820175609775142,0.1876619005793652,-0.23431197007055315
1612467009703,2021-02-04T19:30:09.703Z,2.744,0.9329963074048587,0.1985411201712867,0.1875753436456083,-0.23433908002350198
1612467009718,2021-02-04T19:30:09.718Z,2.759,0.9329469580830522,0.19896069017408377,0.18750245198507084,-0.23423801499461677
1612467009748,2021-02-04T19:30:09.748Z,2.789,0.9329082837058402,0.19932761832799578,0.18736043887764084,-0.23419372474148417
1612467009763,2021-02-04T19:30:09.763Z,2.804,0.9329065359575576,0.19957174250457657,0.18726309609640074,-0.23407060388213538
1612467009778,2021-02-04T19:30:09.779Z,2.819,0.9328959417423185,0.19964446474636707,0.18723499994595907,-0.23407328846343334
1612467009808,2021-02-04T19:30:09.808Z,2.849,0.9328675714261822,0.19980536383624242,0.1871713925208506,-0.23409993717532104
1612467009823,2021-02-04T19:30:09.823Z,2.864,0.9327990555466238,0.20005045179384343,0.1872352752356115,-0.23411255928687483
1612467009838,2021-02-04T19:30:09.838Z,2.879,0.9327105016777445,0.2002088606064329,0.18736555051526424,-0.2342257088255601
1612467009853,2021-02-04T19:30:09.853Z,2.894,0.9326358997945619,0.20019102581023546,0.18759726108077193,-0.2343525106211291
1612467009883,2021-02-04T19:30:09.883Z,2.924,0.9325865630262196,0.19994191386928528,0.18792255247686998,-0.2345008482112765
1612467009898,2021-02-04T19:30:09.898Z,2.939,0.9325199188312596,0.19953028562888253,0.1884392813200805,-0.23470173274897022
1612467009913,2021-02-04T19:30:09.913Z,2.954,0.932387186492605,0.19931687643932905,0.18898555869574243,-0.23497101062754797
1612467009943,2021-02-04T19:30:09.943Z,2.984,0.9322114445369307,0.19943340256817993,0.1893311548032853,-0.23529099947788454
1612467009965,2021-02-04T19:30:09.965Z,3.006,0.9320569921645608,0.2000865436243087,0.1891864354079721,-0.23546471301503838
1612467009973,2021-02-04T19:30:09.975Z,3.014,0.9320283811527534,0.20033915434307767,0.18916014898588393,-0.2353842772967571
1612467010003,2021-02-04T19:30:10.003Z,3.044,0.9320350548155317,0.200312252124694,0.18917619699748123,-0.23536784982939396
1612467010018,2021-02-04T19:30:10.018Z,3.059,0.9320214793263992,0.20038675486871016,0.18914682810336722,-0.23538179191656528
1612467010033,2021-02-04T19:30:10.033Z,3.074,0.9319488588981372,0.20062373831250227,0.18906742528165657,-0.2355312054088417
1612467010063,2021-02-04T19:30:10.063Z,3.104,0.9318879629579107,0.20077164041373766,0.18902295578766568,-0.2356817665519052
1612467010078,2021-02-04T19:30:10.078Z,3.119,0.9318270143886584,0.20072690942773036,0.18919735907373153,-0.23582086931956708
1612467010093,2021-02-04T19:30:10.093Z,3.134,0.9317634631332025,0.20065930063786752,0.18930932243869122,-0.23603956082688124
1612467010123,2021-02-04T19:30:10.123Z,3.164,0.9316436458331127,0.20087900845661513,0.18925442330446393,-0.23636942357244042
1612467010138,2021-02-04T19:30:10.138Z,3.179,0.9316150748749144,0.20107640602326943,0.1884425539242704,-0.23696209628772166
1612467010153,2021-02-04T19:30:10.153Z,3.194,0.9315195095330321,0.2011837999122012,0.1877325315751972,-0.23780870169233562
1612467010183,2021-02-04T19:30:10.183Z,3.224,0.9312774470036589,0.20132065339495994,0.18778614260499582,-0.2385973090051728
1612467010198,2021-02-04T19:30:10.199Z,3.239,0.931048017952924,0.201732611266737,0.1874779193370098,-0.2393858215903792
1612467010213,2021-02-04T19:30:10.213Z,3.254,0.9309277851347155,0.20196787506333938,0.1872383108569584,-0.23984213819511646
1612467010243,2021-02-04T19:30:10.243Z,3.284,0.9308285648650813,0.20199229369853816,0.1872586268203656,-0.2401905551826884
1612467010258,2021-02-04T19:30:10.258Z,3.299,0.9307505804758128,0.20218399172378307,0.18661521903893397,-0.24083137349113204
1612467010273,2021-02-04T19:30:10.273Z,3.314,0.9306169905887268,0.2023400951252393,0.18649670129729704,-0.24130785966792967
1612467010303,2021-02-04T19:30:10.303Z,3.344,0.9309522187324286,0.20094286990078908,0.18667256541663793,-0.24104622542984172
1612467010318,2021-02-04T19:30:10.318Z,3.359,0.9316431358359848,0.19866047800595665,0.18693831999523472,-0.240060714081869
1612467010333,2021-02-04T19:30:10.333Z,3.374,0.932538664427234,0.19583890662160106,0.1873242819496175,-0.23859667934316853
1612467010363,2021-02-04T19:30:10.363Z,3.404,0.9332632691334609,0.19319367001315144,0.18894234464334525,-0.23663614845126738
1612467010378,2021-02-04T19:30:10.378Z,3.419,0.9344031983541354,0.19010971428009046,0.19033506064647948,-0.2334984456706411
1612467010393,2021-02-04T19:30:10.393Z,3.434,0.9354241072254301,0.1883047737906454,0.19095731246616435,-0.23034399624227334
1612467010430,2021-02-04T19:30:10.430Z,3.471,0.9364398317590144,0.18622789643799387,0.1909369298922535,-0.2279094137738711
1612467010438,2021-02-04T19:30:10.438Z,3.479,0.937188035163269,0.1844707930800228,0.1905027679141086,-0.22662261287060878
1612467010453,2021-02-04T19:30:10.453Z,3.494,0.9377435110539182,0.18342636658272599,0.18948099956612366,-0.22602837503718834
1612467010468,2021-02-04T19:30:10.468Z,3.509,0.9382250182106195,0.1823787670847716,0.18835194251863177,-0.22582149204577392
1612467010498,2021-02-04T19:30:10.498Z,3.539,0.9384795125114959,0.1813505789782577,0.18753063344295484,-0.22627512815358106
1612467010513,2021-02-04T19:30:10.513Z,3.554,0.9383588445475409,0.1808847314168906,0.18722323847321184,-0.22740020179244863
1612467010528,2021-02-04T19:30:10.528Z,3.569,0.9379072457221351,0.18093994673934544,0.18719976959895696,-0.22923128136879375
1612467010558,2021-02-04T19:30:10.558Z,3.599,0.9373870429165856,0.18121491841775905,0.18707641712166787,-0.2312338627274649
1612467010573,2021-02-04T19:30:10.573Z,3.614,0.9370443724997601,0.18132383544810346,0.186804715473263,-0.23275203316378026
1612467010588,2021-02-04T19:30:10.588Z,3.629,0.9369911484330894,0.18107094132714213,0.18634713447214438,-0.23352868654399478
1612467010618,2021-02-04T19:30:10.618Z,3.659,0.9371503121555962,0.1807301074078322,0.18569262158367078,-0.2336753538403351
1612467010633,2021-02-04T19:30:10.633Z,3.674,0.9374261170540606,0.18066540432067718,0.18460997836701537,-0.23347685674156846
1612467010648,2021-02-04T19:30:10.648Z,3.689,0.9377954077978504,0.18078834164770344,0.18312680865747075,-0.2330663437488707
1612467010678,2021-02-04T19:30:10.678Z,3.719,0.9382486364484112,0.18066806123407295,0.18159190103317913,-0.23253586676419308
1612467010693,2021-02-04T19:30:10.693Z,3.734,0.9384833270507905,0.18049345825847843,0.1805867229653003,-0.23250718668941775
1612467010708,2021-02-04T19:30:10.708Z,3.749,0.9384038664609564,0.18056497984959982,0.18012608229490873,-0.23312886123371507
1612467010738,2021-02-04T19:30:10.738Z,3.779,0.9380286314578085,0.18079347016649866,0.1805843869937752,-0.23410529016796833
1612467010753,2021-02-04T19:30:10.753Z,3.794,0.937689130834918,0.18094998548959826,0.18141331105011188,-0.2347028062022384
1612467010768,2021-02-04T19:30:10.768Z,3.809,0.9376380197721074,0.1805719654813038,0.18213229870298836,-0.23464128990700922
1612467010798,2021-02-04T19:30:10.799Z,3.839,0.937572711495849,0.18013868576216543,0.18319848800343166,-0.23440515895231048
1612467010813,2021-02-04T19:30:10.813Z,3.854,0.937192077610452,0.1807767369215958,0.18428938953492627,-0.2345809070598641
1612467010828,2021-02-04T19:30:10.828Z,3.869,0.9365355240394384,0.18158159346296252,0.18504640274230344,-0.23598128307083785
1612467010858,2021-02-04T19:30:10.858Z,3.899,0.9360134036624367,0.18359662832292042,0.18430833559996643,-0.2370688162983182
1612467010873,2021-02-04T19:30:10.873Z,3.914,0.9363421427676623,0.18391275839197951,0.1831999502164486,-0.23638372875180566
1612467010888,2021-02-04T19:30:10.888Z,3.929,0.9366560759111433,0.18381519226837809,0.18236924323191916,-0.23585764705240025
1612467010918,2021-02-04T19:30:10.918Z,3.959,0.936551432932069,0.18401285514587756,0.18202392579734042,-0.23638522172774495
1612467010933,2021-02-04T19:30:10.933Z,3.974,0.9362553497390057,0.1848216559512758,0.18176657514899705,-0.23712399232284453
1612467010948,2021-02-04T19:30:10.948Z,3.989,0.9362012394932471,0.18564275812251685,0.1814332281564379,-0.23695144913822885
1612467010978,2021-02-04T19:30:10.978Z,4.019,0.9364342958521337,0.18603044195726154,0.1814718101916185,-0.23569358566342363
1612467010993,2021-02-04T19:30:10.993Z,4.034,0.9367945338147047,0.1861970343916307,0.18138782383325683,-0.2341903566838041
1612467011008,2021-02-04T19:30:11.008Z,4.049,0.9371117201146772,0.18619598097016704,0.1817447723512349,-0.2326403198443158
1612467011038,2021-02-04T19:30:11.038Z,4.079,0.9372020732332784,0.18644805335252854,0.18218743142010532,-0.23172642741138053
1612467011053,2021-02-04T19:30:11.053Z,4.094,0.9371871952326895,0.18650406429556102,0.18244503116133431,-0.23153877795665656
1612467011068,2021-02-04T19:30:11.068Z,4.109,0.9371602856500216,0.18585778151672122,0.18298995546331717,-0.2317372655607759
1612467011083,2021-02-04T19:30:11.083Z,4.124,0.9369673601795591,0.18523638857579972,0.18336122367087526,-0.23271937598632228
1612467011113,2021-02-04T19:30:11.113Z,4.154,0.9366466707805426,0.18489528022118,0.18306426855588054,-0.23450847115990853
1612467011128,2021-02-04T19:30:11.128Z,4.169,0.9365204209280816,0.18518985669029847,0.182061861358831,-0.2355582662575721
1612467011143,2021-02-04T19:30:11.143Z,4.184,0.9365614592746964,0.18511549028210447,0.181487609372858,-0.23589645165409376
1612467011173,2021-02-04T19:30:11.173Z,4.214,0.9368069375038748,0.1847001479667249,0.18137198468056057,-0.23533554843821505
1612467011188,2021-02-04T19:30:11.188Z,4.229,0.9370948808661559,0.1838740890523983,0.18174583523772334,-0.23454627475902987
1612467011203,2021-02-04T19:30:11.203Z,4.244,0.9373557864800661,0.18314917209190829,0.18203560369076185,-0.23384513957601355
1612467011233,2021-02-04T19:30:11.233Z,4.274,0.9375273174895675,0.18267607858200016,0.18237742012486163,-0.23326048937468657
1612467011248,2021-02-04T19:30:11.248Z,4.289,0.9376733892860255,0.18225337882707912,0.18276833458232314,-0.2326973502319583
1612467011263,2021-02-04T19:30:11.263Z,4.304,0.937874858527043,0.18155074618802458,0.18336509912554216,-0.2319640418774661
1612467011293,2021-02-04T19:30:11.293Z,4.334,0.9381518678382935,0.18058555801771414,0.18410471208698861,-0.2310094891867407
1612467011308,2021-02-04T19:30:11.308Z,4.349,0.9385355373707069,0.17956958883314122,0.18452226297724963,-0.22990724722011188
1612467011323,2021-02-04T19:30:11.323Z,4.364,0.9389468854898841,0.1786660144276735,0.18498094447672922,-0.22855907704108844
1612467011353,2021-02-04T19:30:11.353Z,4.394,0.9393491650287803,0.1777513033521184,0.1856594658687407,-0.22706427074661126
1612467011368,2021-02-04T19:30:11.368Z,4.409,0.939700361904844,0.17689983464761108,0.18638666865885042,-0.22567606892138392
1612467011390,2021-02-04T19:30:11.390Z,4.431,0.9400189615820789,0.17599502219006136,0.18732324704483452,-0.22427684933369704
1612467011413,2021-02-04T19:30:11.414Z,4.454,0.9403513228707302,0.1747513965663369,0.18861759553004132,-0.2227661141867152
1612467011428,2021-02-04T19:30:11.429Z,4.469,0.9405953117003455,0.17389803445365337,0.18953619393123283,-0.22162121832204595
1612467011443,2021-02-04T19:30:11.443Z,4.484,0.9407670024735907,0.1733629675914239,0.19014352222437148,-0.2207898763097167
1612467011473,2021-02-04T19:30:11.473Z,4.514,0.9408811076271066,0.172966672364982,0.19061435180092529,-0.22020772113821757
1612467011489,2021-02-04T19:30:11.489Z,4.53,0.9409148996520595,0.17268281734590699,0.19101915592626628,-0.21993516834615576
1612467011503,2021-02-04T19:30:11.503Z,4.544,0.9408512837408735,0.1725760125597085,0.19116439673640917,-0.22016483641250842
1612467011533,2021-02-04T19:30:11.533Z,4.574,0.9406763562543166,0.17248766331458393,0.19133242467634612,-0.22083455811047098
1612467011548,2021-02-04T19:30:11.548Z,4.589,0.9404140858298081,0.17253301634546747,0.1914408335013874,-0.22182000070308125
1612467011563,2021-02-04T19:30:11.563Z,4.604,0.9401648291309808,0.17263418459366434,0.1913724864465722,-0.22285444533607782
1612467011593,2021-02-04T19:30:11.593Z,4.634,0.9399311054785724,0.17293744340034956,0.19119784400160836,-0.2237533062842112
1612467011608,2021-02-04T19:30:11.608Z,4.649,0.9397682762160504,0.17334056602271516,0.1909160579135117,-0.22436509091122597
1612467011624,2021-02-04T19:30:11.624Z,4.665,0.9396939030113859,0.1736128049834663,0.19066205436524095,-0.22468187201958967
1612467011653,2021-02-04T19:30:11.653Z,4.694,0.9396685526613507,0.1736219990698611,0.1904934237042156,-0.22492369395809264
1612467011668,2021-02-04T19:30:11.668Z,4.709,0.9396349830069187,0.17344081706221717,0.19048565302609832,-0.22521011895027934
1612467011683,2021-02-04T19:30:11.683Z,4.724,0.9395894605280224,0.17309906024308983,0.19052705090789931,-0.22562757783559534
1612467011705,2021-02-04T19:30:11.705Z,4.746,0.9396017612550739,0.1724693014764361,0.1903441414767936,-0.22621224126924663
1612467011728,2021-02-04T19:30:11.728Z,4.769,0.9396637429875627,0.17146003733025875,0.19008732795353459,-0.2269368050026163
1612467011743,2021-02-04T19:30:11.743Z,4.784,0.9398143726864971,0.1701726884799159,0.18960803279161348,-0.22768178426983982
1612467011758,2021-02-04T19:30:11.758Z,4.799,0.9399402603049005,0.16891461255213194,0.1891842604878261,-0.2284501615407471
1612467011788,2021-02-04T19:30:11.788Z,4.829,0.9400327770731886,0.1678457753458218,0.18864873848890265,-0.2292985547123537
1612467011803,2021-02-04T19:30:11.803Z,4.844,0.9400892613917894,0.1671051634748996,0.18796742047164625,-0.2301657963232211
1612467011818,2021-02-04T19:30:11.818Z,4.859,0.9401195465462243,0.16650892660107935,0.18729247577959832,-0.2310228215571491
1612467011848,2021-02-04T19:30:11.848Z,4.889,0.9402132415759114,0.16610049201788346,0.18645250748250694,-0.23161422531921416
1612467011863,2021-02-04T19:30:11.863Z,4.904,0.9403457044832236,0.16569214992681053,0.18597486603719676,-0.23175292169685358
1612467011878,2021-02-04T19:30:11.878Z,4.919,0.9405094177187354,0.1653728336993313,0.18530997010523495,-0.23184925282651916
1612467011908,2021-02-04T19:30:11.908Z,4.949,0.9406344426142754,0.1653425299933409,0.1847272382035905,-0.2318286880625566
1612467011923,2021-02-04T19:30:11.923Z,4.964,0.9407229631893742,0.1655746424817298,0.18400220258305713,-0.2318804298336413
1612467011938,2021-02-04T19:30:11.938Z,4.979,0.940803000586786,0.1659415921402733,0.18318567072992925,-0.23193988903178595
1612467011968,2021-02-04T19:30:11.968Z,5.009,0.9408781839354009,0.16626949921194584,0.18236780768943195,-0.23204456327348166
1612467011983,2021-02-04T19:30:11.983Z,5.024,0.9409581397565779,0.16651188448526366,0.18174537857957734,-0.2320348872820053
1612467011998,2021-02-04T19:30:11.998Z,5.039,0.9410094385811171,0.1667557432577977,0.18120415034403475,-0.23207501909918377
1612467012028,2021-02-04T19:30:12.028Z,5.069,0.9410438299764925,0.1669386718639282,0.18078568999775743,-0.23213040341910568
1612467012043,2021-02-04T19:30:12.043Z,5.084,0.9410896447235538,0.1670297915111016,0.18042942242867707,-0.23215631127304576
1612467012058,2021-02-04T19:30:12.058Z,5.099,0.9411596669432417,0.16687476919945712,0.1802432890538308,-0.23212851930551678
1612467012088,2021-02-04T19:30:12.088Z,5.129,0.9412810999854953,0.1662945382078377,0.18024783030954022,-0.23204899706967436
1612467012103,2021-02-04T19:30:12.103Z,5.144,0.9414370079488517,0.165400069854112,0.18041812283057038,-0.23192343113808417
1612467012118,2021-02-04T19:30:12.118Z,5.159,0.9416863603978245,0.16434547641867456,0.18046380970991419,-0.23162507723992518
1612467012148,2021-02-04T19:30:12.148Z,5.189,0.9419402464460482,0.16355098176084107,0.18031513032950067,-0.23127062559797423
1612467012163,2021-02-04T19:30:12.163Z,5.204,0.9421498842370176,0.16309090328276848,0.17997316033617083,-0.23100782336794567
1612467012178,2021-02-04T19:30:12.178Z,5.219,0.9422747366854569,0.1628651951609006,0.1796141172283052,-0.23093725923256958
1612467012208,2021-02-04T19:30:12.208Z,5.249,0.9423254860156999,0.16293462545800438,0.1791551675115723,-0.23103768564031896
1612467012223,2021-02-04T19:30:12.223Z,5.264,0.9423407038986785,0.16318097184103098,0.1787126287960456,-0.23114446675957126
1612467012238,2021-02-04T19:30:12.238Z,5.279,0.9423370913312096,0.16337628840837554,0.1784566421854149,-0.23121899045546862
1612467012253,2021-02-04T19:30:12.253Z,5.294,0.9423411285871959,0.16341225505147522,0.1783382404999063,-0.23126846790559058
1612467012283,2021-02-04T19:30:12.283Z,5.324,0.9423209789149652,0.16353931328507734,0.17825471590883335,-0.23132514338750096
1612467012298,2021-02-04T19:30:12.298Z,5.339,0.9422824837156643,0.1637776173438938,0.17815624314342723,-0.23138920884262582
1612467012313,2021-02-04T19:30:12.313Z,5.354,0.9421894553907604,0.16413496704057023,0.17804249971079528,-0.23160226907736658
1612467012343,2021-02-04T19:30:12.343Z,5.384,0.9420835546136642,0.16456357845517705,0.17775875306435882,-0.23194661127404742
1612467012358,2021-02-04T19:30:12.358Z,5.399,0.941965422180553,0.16502064449048023,0.17737568927264616,-0.2323944817830508
1612467012373,2021-02-04T19:30:12.373Z,5.414,0.9418083169091461,0.16551034401523537,0.17715022220147325,-0.23285450177887534
1612467012403,2021-02-04T19:30:12.403Z,5.444,0.9416450590023295,0.16596030547539806,0.1769321744513767,-0.2333597341164916
1612467012418,2021-02-04T19:30:12.418Z,5.459,0.9414779087734763,0.16642691247437463,0.17667842405926726,-0.23389348979333038
1612467012433,2021-02-04T19:30:12.434Z,5.474,0.9414572530014118,0.16687838089373425,0.1760579856909286,-0.23412268671739994
1612467012463,2021-02-04T19:30:12.463Z,5.504,0.9414604730112089,0.16713014784844138,0.175579451557545,-0.23428945266148982
1612467012478,2021-02-04T19:30:12.478Z,5.519,0.9414387790549665,0.16736832334807836,0.17541560089589472,-0.23432933361719593
1612467012493,2021-02-04T19:30:12.493Z,5.534,0.9413801488662081,0.16756554993162792,0.17533920063387243,-0.23448105790835574
1612467012523,2021-02-04T19:30:12.523Z,5.564,0.9413097028222671,0.1677446883433461,0.17528228955617356,-0.23467825181127197
1612467012538,2021-02-04T19:30:12.538Z,5.579,0.941225050338786,0.16791889433215673,0.17523047929445473,-0.23493175321197296
1612467012553,2021-02-04T19:30:12.553Z,5.594,0.9411126914551753,0.16812350418592345,0.17516401959838523,-0.2352848392063934
1612467012583,2021-02-04T19:30:12.583Z,5.624,0.941003822835678,0.1682745679083045,0.17509802935407698,-0.23566110268822918
1612467012598,2021-02-04T19:30:12.598Z,5.639,0.9409154701173488,0.16830076955245066,0.17519032205965543,-0.23592642946167725
1612467012613,2021-02-04T19:30:12.613Z,5.654,0.9408883514063568,0.16798516971444966,0.1754408375680624,-0.2360733052618444
1612467012643,2021-02-04T19:30:12.643Z,5.684,0.9407791948927372,0.1674558052434971,0.17607884936475676,-0.23640917611972745
1612467012658,2021-02-04T19:30:12.658Z,5.699,0.9406231616990535,0.16677550941063393,0.17682155125798074,-0.23695597934388798
1612467012673,2021-02-04T19:30:12.673Z,5.714,0.9404281892941585,0.16605725400434593,0.1773311408356548,-0.23785179348361385
1612467012703,2021-02-04T19:30:12.703Z,5.744,0.9402890020959696,0.16539085140803786,0.17745293166060588,-0.23877377547156717
1612467012718,2021-02-04T19:30:12.718Z,5.759,0.9401884912823643,0.1647178161376399,0.17786020643082584,-0.23933112809541213
1612467012733,2021-02-04T19:30:12.733Z,5.774,0.9403328890422595,0.16461859773285173,0.17732993392499868,-0.23922556217942742
1612467012763,2021-02-04T19:30:12.763Z,5.804,0.9404101307221974,0.1651874784782293,0.17715989296238108,-0.23865509698018597
1612467012778,2021-02-04T19:30:12.778Z,5.819,0.9406002529803352,0.16649799637167692,0.17621864304720897,-0.2376900737097507
1612467012793,2021-02-04T19:30:12.793Z,5.834,0.9406775658389211,0.16798116334871466,0.1751645510019562,-0.23711901222731602
1612467012823,2021-02-04T19:30:12.823Z,5.864,0.9406392265080289,0.1702479762409583,0.1739530978534557,-0.23654553871806883
1612467012838,2021-02-04T19:30:12.838Z,5.879,0.9405162840092245,0.17250595788360162,0.1729317488932419,-0.23614703943277726
1612467012853,2021-02-04T19:30:12.853Z,5.894,0.9403212346358989,0.17443343671611694,0.17223768565111447,-0.2360151086048756
1612467012883,2021-02-04T19:30:12.883Z,5.924,0.9400715782533482,0.17577016230954237,0.17215390181689,-0.23607903738188377
1612467012898,2021-02-04T19:30:12.898Z,5.939,0.9398910165809844,0.17650805051844679,0.17233165988671628,-0.2361177334577609
1612467012913,2021-02-04T19:30:12.913Z,5.954,0.9397875325567421,0.17686167439697897,0.17253444107554877,-0.2361169380268075
1612467012928,2021-02-04T19:30:12.928Z,5.969,0.9395596216430384,0.17776775367442982,0.1727799357307227,-0.2361640043284014
1612467012958,2021-02-04T19:30:12.958Z,5.999,0.9393019837806293,0.17834191696344945,0.17308527506696775,-0.23653209396310027
1612467012973,2021-02-04T19:30:12.973Z,6.014,0.9390484395058478,0.178367612043029,0.17350502942043783,-0.2372109356701595
1612467012988,2021-02-04T19:30:12.988Z,6.029,0.9388746743969247,0.17781026769487132,0.17393195585167917,-0.23800321260847776
1612467013018,2021-02-04T19:30:13.018Z,6.059,0.9387934549222298,0.17668650185739715,0.1745416245084431,-0.2387131131097183
1612467013033,2021-02-04T19:30:13.033Z,6.074,0.9388205372934921,0.17529651841223612,0.17511706798272947,-0.23920941011933325
1612467013048,2021-02-04T19:30:13.048Z,6.089,0.9388751466955181,0.17415702465437416,0.17564780821150897,-0.23943816978814797
1612467013078,2021-02-04T19:30:13.078Z,6.119,0.9389755781068917,0.17369132226766118,0.17590074373958822,-0.2391968156970319
1612467013093,2021-02-04T19:30:13.093Z,6.134,0.9391612577642604,0.1740233172693965,0.17530940889729335,-0.23866006811632534
1612467013108,2021-02-04T19:30:13.108Z,6.149,0.9392577826497477,0.17517279576826883,0.1743763362996468,-0.23812224317211614
1612467013138,2021-02-04T19:30:13.138Z,6.179,0.9392975756712728,0.17639804047409577,0.17312303003150978,-0.23797523427381637
1612467013153,2021-02-04T19:30:13.153Z,6.194,0.9391467097285479,0.1785822369997973,0.17183736440680342,-0.23787341681641153
1612467013168,2021-02-04T19:30:13.168Z,6.209,0.9388995228203293,0.18061629965361056,0.1706632794595356,-0.23815852575818364
1612467013198,2021-02-04T19:30:13.198Z,6.239,0.9386098439117556,0.18216767570291983,0.17002586143641593,-0.23857431815631497
1612467013213,2021-02-04T19:30:13.213Z,6.254,0.9383781386631064,0.18298588971669746,0.17000790361143509,-0.23887223730144375
1612467013228,2021-02-04T19:30:13.228Z,6.269,0.9382869451260027,0.18313788826611602,0.1704292977183185,-0.23881368672415298
1612467013258,2021-02-04T19:30:13.259Z,6.299,0.938344869336342,0.18286201043212785,0.17105408785972326,-0.23835035212342762
1612467013273,2021-02-04T19:30:13.273Z,6.314,0.9384839242612374,0.18256298337741086,0.1714493879268203,-0.23774732045406088
1612467013288,2021-02-04T19:30:13.289Z,6.329,0.938654790637364,0.18238278676904504,0.17167000978821162,-0.23705086130026798
1612467013325,2021-02-04T19:30:13.325Z,6.366,0.938760242525521,0.1825069714607145,0.17158590893821882,-0.23659815780243934
1612467013333,2021-02-04T19:30:13.333Z,6.374,0.9388276501823867,0.18276331920585753,0.17125809740840459,-0.2363702106398549
1612467013348,2021-02-04T19:30:13.348Z,6.389,0.938828280675092,0.1829436656253085,0.17094121226323933,-0.23645755763392315
1612467013378,2021-02-04T19:30:13.378Z,6.419,0.9387544715396965,0.18324778560883934,0.17070197407285795,-0.23668782664368596
1612467013393,2021-02-04T19:30:13.393Z,6.434,0.9386244778283636,0.183857878427437,0.17049999000507798,-0.23687575555523127
1612467013408,2021-02-04T19:30:13.408Z,6.449,0.9385169349550839,0.184503925239386,0.17025721368878108,-0.2369741453422853
1612467013438,2021-02-04T19:30:13.438Z,6.479,0.9384541065994566,0.18497832968764297,0.17007380250012455,-0.23698482874592172
1612467013453,2021-02-04T19:30:13.453Z,6.494,0.9384357688049262,0.18532995292140597,0.170021828751936,-0.23681996141690392
1612467013468,2021-02-04T19:30:13.468Z,6.509,0.9384559377043604,0.1855124550576878,0.17010758629629638,-0.23653539077767416
1612467013483,2021-02-04T19:30:13.483Z,6.524,0.9384818443135606,0.18557494594636093,0.1702995368265409,-0.2362452858524134
1612467013513,2021-02-04T19:30:13.513Z,6.554,0.9385087150395458,0.18553262301522538,0.17051854363168634,-0.23601369424175267
1612467013528,2021-02-04T19:30:13.528Z,6.569,0.9385306054503728,0.1855437837210037,0.17065873759709144,-0.23581645879203872
1612467013543,2021-02-04T19:30:13.543Z,6.584,0.9385164073167817,0.18556268373576618,0.17079836617090077,-0.2357569971715192
1612467013573,2021-02-04T19:30:13.573Z,6.614,0.9384953586394091,0.18560128935096565,0.1709676052153237,-0.23568771960049847
1612467013588,2021-02-04T19:30:13.588Z,6.629,0.938530101412318,0.18559866645156922,0.17094705963201298,-0.23556631031951994
1612467013603,2021-02-04T19:30:13.603Z,6.644,0.9386257820012911,0.18555444449680034,0.17074618875416794,-0.2353655210855547
1612467013633,2021-02-04T19:30:13.633Z,6.674,0.9386856631959012,0.18556045819858843,0.1706684834989931,-0.23517825325432412
1612467013648,2021-02-04T19:30:13.648Z,6.689,0.9386989910939811,0.18558050463181175,0.17067078207246142,-0.2351075595690579
1612467013663,2021-02-04T19:30:13.663Z,6.704,0.938707191190804,0.1855198400042828,0.1707206083579633,-0.23508652035653574
1612467013693,2021-02-04T19:30:13.693Z,6.734,0.9387621093226522,0.1852024312922327,0.17086246130647506,-0.23501442691848456
1612467013708,2021-02-04T19:30:13.708Z,6.749,0.9388398990043287,0.18475859184062962,0.17104480526724408,-0.23492037240243818
1612467013723,2021-02-04T19:30:13.723Z,6.764,0.9389286525397168,0.18423544306580217,0.17125010547502437,-0.23482693272512853
1612467013753,2021-02-04T19:30:13.753Z,6.794,0.939018750074046,0.18369211679572228,0.17145682058427159,-0.2347414575902947
1612467013768,2021-02-04T19:30:13.768Z,6.809,0.9391053112971308,0.18325455133995053,0.17161838614732713,-0.23461908115688143
1612467013783,2021-02-04T19:30:13.783Z,6.824,0.9392438288562066,0.1828426642349362,0.17152530652310427,-0.23445395990078416
1612467013813,2021-02-04T19:30:13.813Z,6.854,0.9393634136623767,0.1825029339114078,0.17143804732234927,-0.2343033335584341
1612467013828,2021-02-04T19:30:13.828Z,6.869,0.9394701885670966,0.1821810858627371,0.1714027480187134,-0.2341514781486793
1612467013843,2021-02-04T19:30:13.843Z,6.884,0.9395676068470038,0.1818949636018202,0.17142632913053368,-0.2339656984707734
1612467013873,2021-02-04T19:30:13.874Z,6.914,0.9396433638171473,0.18169715508677556,0.1714878671805724,-0.2337699811302277
1612467013888,2021-02-04T19:30:13.888Z,6.929,0.9397160191358437,0.1815683444528795,0.17152994852394454,-0.23354703258978946
1612467013903,2021-02-04T19:30:13.903Z,6.944,0.939757156820536,0.1815964701745022,0.1715354187553342,-0.23335554061812197
1612467013933,2021-02-04T19:30:13.933Z,6.974,0.9397861948251909,0.18163763225506574,0.17155099174444097,-0.2331950595451381
1612467013948,2021-02-04T19:30:13.948Z,6.989,0.9398152404250577,0.18169007310261706,0.17155802263158818,-0.23303192071365747
1612467013963,2021-02-04T19:30:13.963Z,7.004,0.9398470229508634,0.18174155749134366,0.17155390059201098,-0.23286656892453717
1612467013993,2021-02-04T19:30:13.993Z,7.034,0.9398703080143458,0.18177783979826934,0.17155482328798116,-0.23274355775815384
1612467014008,2021-02-04T19:30:14.008Z,7.049,0.9399023950491193,0.18180773523969115,0.1715549903770986,-0.23259045652102095
1612467014023,2021-02-04T19:30:14.023Z,7.064,0.9399413513402183,0.18183033085176048,0.17154591657279578,-0.23242199837851588
1612467014053,2021-02-04T19:30:14.053Z,7.094,0.9399759063371951,0.1818483805755076,0.17153383707604528,-0.23227699999268744
1612467014068,2021-02-04T19:30:14.069Z,7.109,0.9399871122014756,0.18184980965143607,0.17153569049110132,-0.23222915947961495
1612467014083,2021-02-04T19:30:14.083Z,7.124,0.9399783480231934,0.18189769455944335,0.17152199833196305,-0.23223724518207275
1612467014098,2021-02-04T19:30:14.098Z,7.139,0.9399692846732798,0.18195440964523515,0.17150167672007305,-0.23224450814531683
1612467014128,2021-02-04T19:30:14.128Z,7.169,0.9399680490920201,0.1819778865807182,0.1714922030261679,-0.23223811010036297
1612467014143,2021-02-04T19:30:14.143Z,7.184,0.9399943913524377,0.18184668907134213,0.17153652240060607,-0.23220152321304297
1612467014158,2021-02-04T19:30:14.158Z,7.199,0.9400360971911947,0.18160648783042146,0.17162496503068683,-0.2321553164018891
1612467014188,2021-02-04T19:30:14.188Z,7.229,0.9400880990944095,0.18128642644860943,0.1717485252969977,-0.23210351480505276
1612467014203,2021-02-04T19:30:14.203Z,7.244,0.9401293300998577,0.1810287185872095,0.1718487478835105,-0.23206346886904786
1612467014218,2021-02-04T19:30:14.218Z,7.259,0.9401428721423593,0.1809375594815167,0.17188635017363046,-0.23205185229335282
1612467014248,2021-02-04T19:30:14.248Z,7.289,0.9401694980778391,0.18088548867225054,0.17176866568978505,-0.232071713827894
1612467014263,2021-02-04T19:30:14.263Z,7.304,0.9402011654863115,0.18082867924275614,0.17162652357192545,-0.23209285553010323
1612467014278,2021-02-04T19:30:14.278Z,7.319,0.9402547375544001,0.18079307938975012,0.17138346762806048,-0.2320831703830751
1612467014308,2021-02-04T19:30:14.308Z,7.349,0.9402631918641826,0.18089426658902466,0.17115512910655006,-0.23213857094657592
1612467014323,2021-02-04T19:30:14.323Z,7.364,0.9402388753841373,0.18112076213174338,0.17096037048901833,-0.23220395875920563
1612467014338,2021-02-04T19:30:14.338Z,7.379,0.9402016001379854,0.18142581084770806,0.1707339888333138,-0.23228329968658806
1612467014368,2021-02-04T19:30:14.368Z,7.409,0.9401551731353025,0.18177090081193742,0.1705103299433816,-0.2323656976137942
1612467014383,2021-02-04T19:30:14.383Z,7.424,0.9401025346221921,0.18214667381740526,0.17028867753245971,-0.23244694000660043
1612467014398,2021-02-04T19:30:14.398Z,7.439,0.9400628776572032,0.18248391383396112,0.17003828266936688,-0.2325261053506682
1612467014428,2021-02-04T19:30:14.428Z,7.469,0.9400358274104149,0.1827509378824965,0.16981280502990634,-0.2325905181553183
1612467014443,2021-02-04T19:30:14.443Z,7.484,0.940007353835392,0.1828848503636365,0.16970565609930657,-0.23267852614875775
1612467014458,2021-02-04T19:30:14.458Z,7.499,0.9399931687469445,0.1828777711944677,0.16971579830242714,-0.23273399261515784
1612467014488,2021-02-04T19:30:14.488Z,7.529,0.9399956030278125,0.18290933611541066,0.16964892220024239,-0.23274811330383532
1612467014503,2021-02-04T19:30:14.503Z,7.544,0.9399868232727097,0.18296249702015394,0.16962921553252508,-0.23275615135942146
1612467014518,2021-02-04T19:30:14.518Z,7.559,0.9399849194969668,0.1830745592070282,0.16946770114522816,-0.2327933743859232
1612467014548,2021-02-04T19:30:14.548Z,7.589,0.9399638317051765,0.18332114987941775,0.16923369312817851,-0.2328546933244159
1612467014563,2021-02-04T19:30:14.563Z,7.604,0.9399371217671114,0.18360019994167417,0.16898839408057983,-0.23292079420181078
1612467014578,2021-02-04T19:30:14.578Z,7.619,0.9399118760863815,0.18386957613318122,0.16874666136800046,-0.23298542538437092
1612467014608,2021-02-04T19:30:14.608Z,7.649,0.9398775230452,0.18413063500240168,0.16858356437888228,-0.2330359044210644
1612467014623,2021-02-04T19:30:14.623Z,7.664,0.9398469342523205,0.1843142029951577,0.1685154594324941,-0.2330634134372655
1612467014638,2021-02-04T19:30:14.638Z,7.679,0.9398364562827781,0.18437701110119,0.16849214961754955,-0.23307283998029182
1612467014668,2021-02-04T19:30:14.668Z,7.709,0.9398364562827781,0.18437701110119,0.16849214961754955,-0.23307283998029182
1612467014683,2021-02-04T19:30:14.683Z,7.724,0.9398364562827781,0.18437701110119,0.16849214961754955,-0.23307283998029182
1612467014698,2021-02-04T19:30:14.698Z,7.739,0.9398364562827781,0.18437701110119,0.16849214961754955,-0.23307283998029182
1612467014713,2021-02-04T19:30:14.714Z,7.754,0.9398364562827781,0.18437701110119,0.16849214961754955,-0.23307283998029182
1612467014743,2021-02-04T19:30:14.743Z,7.784,0.9398069112450628,0.18436013922996586,0.16850869196110982,-0.23319333046354104
1612467014758,2021-02-04T19:30:14.758Z,7.799,0.9397672406336911,0.18433750780041427,0.16853085366919662,-0.23335502568233235
1612467014773,2021-02-04T19:30:14.773Z,7.814,0.9397290203811971,0.18431573264796636,0.16855219951572853,-0.23351067425333913
1612467014803,2021-02-04T19:30:14.803Z,7.844,0.9396994210822095,0.1842988641962968,0.16856871644725097,-0.23363115055369194
1612467014818,2021-02-04T19:30:14.818Z,7.859,0.9396869391131568,0.18429174080966856,0.16857567061623333,-0.23368195053485719
1612467014833,2021-02-04T19:30:14.833Z,7.874,0.9396869391131568,0.18429174080966856,0.16857567061623333,-0.23368195053485719
1612467014863,2021-02-04T19:30:14.863Z,7.904,0.9396746024466054,0.18428470526593982,0.16858254675408074,-0.23373214124670186
1612467014878,2021-02-04T19:30:14.878Z,7.919,0.9396585525197707,0.18427556262551387,0.16859148798890594,-0.2337974163099034
1612467014893,2021-02-04T19:30:14.893Z,7.934,0.939648181428553,0.18438703647680302,0.16848998958152003,-0.2338243771041301
1612467014923,2021-02-04T19:30:14.923Z,7.964,0.9396272144097131,0.18451261542966385,0.16844327981406026,-0.2338432256308278
1612467014938,2021-02-04T19:30:14.938Z,7.979,0.9395800103297651,0.1846241551970678,0.16841080041764622,-0.23396821965637818
1612467014953,2021-02-04T19:30:14.953Z,7.994,0.9395903453584847,0.18460693686581786,0.16836264174826918,-0.23397496155291406
1612467014983,2021-02-04T19:30:14.983Z,8.024,0.9396182340368269,0.18456045332289478,0.16823259417458913,-0.23399317851606385
1612467014999,2021-02-04T19:30:14.999Z,8.04,0.9396441907459548,0.18451715857847953,0.16811145239217917,-0.23401015482687057
1612467015013,2021-02-04T19:30:15.013Z,8.054,0.9396545023956229,0.18449994608838555,0.1680632986937304,-0.2340169089044619
1612467015043,2021-02-04T19:30:15.043Z,8.084,0.9396235989907015,0.1844824301182702,0.16808052573668775,-0.23414239698418127
1612467015058,2021-02-04T19:30:15.058Z,8.099,0.9395912534689982,0.18446409861901297,0.16809854623659343,-0.23427366791505952
1612467015073,2021-02-04T19:30:15.073Z,8.114,0.9395627941912577,0.1844479776310713,0.16811438757356553,-0.23438910386382997
1612467015103,2021-02-04T19:30:15.103Z,8.144,0.9395627941912577,0.1844479776310713,0.16811438757356553,-0.23438910386382997
1612467015118,2021-02-04T19:30:15.118Z,8.159,0.939586673028457,0.18440807906671922,0.16800288129997004,-0.23440472716467667
1612467015133,2021-02-04T19:30:15.133Z,8.174,0.9396080324952358,0.18453926624219333,0.16773133834272874,-0.2344103295995752
1612467015163,2021-02-04T19:30:15.163Z,8.204,0.9395368216012284,0.1849907143900354,0.1672889005702716,-0.2346559613368383
1612467015178,2021-02-04T19:30:15.178Z,8.219,0.9393839170888759,0.18553692580550754,0.16717252099479693,-0.23491967499902094
1612467015193,2021-02-04T19:30:15.193Z,8.234,0.9393373930425442,0.1856675669453766,0.16719956123009702,-0.23498324055362727
1612467015223,2021-02-04T19:30:15.223Z,8.264,0.9393125758040333,0.18570926126435625,0.1673157901900546,-0.2349667669482576
1612467015238,2021-02-04T19:30:15.238Z,8.279,0.9392703585684268,0.185685561761967,0.16733942576941271,-0.23513736889538603
1612467015253,2021-02-04T19:30:15.253Z,8.294,0.9392118433297819,0.185675839171607,0.16745542790728982,-0.23529614480772784
1612467015268,2021-02-04T19:30:15.268Z,8.309,0.9391784899919725,0.18565946960824362,0.16768249670953408,-0.23528048278265898
1612467015298,2021-02-04T19:30:15.298Z,8.339,0.9392117876467682,0.18543685298146662,0.16781528524632533,-0.23522844542993984
1612467015313,2021-02-04T19:30:15.313Z,8.354,0.9392938925017159,0.185150311152256,0.1677625806567866,-0.23516390522478753
1612467015328,2021-02-04T19:30:15.328Z,8.369,0.9393591415199576,0.1849037678908723,0.16765409597348366,-0.2351746244090983
1612467015358,2021-02-04T19:30:15.358Z,8.399,0.9393887928265765,0.1847884417014508,0.16755668898272635,-0.23521624880633327
1612467015373,2021-02-04T19:30:15.373Z,8.414,0.9393929465916779,0.1846929908658839,0.16751851301507062,-0.23530180368207756
1612467015388,2021-02-04T19:30:15.388Z,8.429,0.9393611626343407,0.18465859961729766,0.16757759474188416,-0.23541358810009916
1612467015418,2021-02-04T19:30:15.418Z,8.459,0.9393278724220733,0.1846463955059393,0.16762392653523026,-0.2355229839540024
1612467015433,2021-02-04T19:30:15.433Z,8.474,0.9393021154255311,0.18466601948866176,0.1676752310738644,-0.23557379754051902
1612467015448,2021-02-04T19:30:15.448Z,8.489,0.9392836118218048,0.1847084676119463,0.16773323178165986,-0.2355730067548313
1612467015478,2021-02-04T19:30:15.478Z,8.519,0.939261661247018,0.18474169357632503,0.16781341749985126,-0.23557736579107885
1612467015493,2021-02-04T19:30:15.493Z,8.534,0.9392304076736773,0.18482218940433992,0.16787720160148456,-0.23559338867501986
1612467015508,2021-02-04T19:30:15.508Z,8.549,0.939193138203459,0.1849969328331646,0.16785140519839625,-0.23562319445840652
1612467015538,2021-02-04T19:30:15.538Z,8.579,0.9391792100871403,0.1850647849615208,0.16783803701667713,-0.23563495079811372
1612467015553,2021-02-04T19:30:15.553Z,8.594,0.9391609021722486,0.18491156091732663,0.1681048633043227,-0.2356380050067499
1612467015568,2021-02-04T19:30:15.568Z,8.609,0.9390886312239142,0.18462263793883793,0.1685736673249111,-0.23581760526120657
1612467015598,2021-02-04T19:30:15.598Z,8.639,0.9389840708148665,0.1843195624165377,0.16901758060729244,-0.23615306712421735
1612467015613,2021-02-04T19:30:15.613Z,8.654,0.9388245157269013,0.18421898819673496,0.1695213925402248,-0.23650452538829705
1612467015628,2021-02-04T19:30:15.628Z,8.669,0.9386410953588451,0.18431185658495491,0.1699864223761798,-0.23682620174613578
1612467015658,2021-02-04T19:30:15.658Z,8.699,0.9385511667482169,0.1843623123908832,0.17019511195003653,-0.23699339449394333
1612467015673,2021-02-04T19:30:15.673Z,8.714,0.93850742068987,0.18445020833548864,0.17038127151187987,-0.23696447892677397
1612467015695,2021-02-04T19:30:15.695Z,8.736,0.9384633567981011,0.18454025158040357,0.17055845898376557,-0.23694141799812934
1612467015719,2021-02-04T19:30:15.719Z,8.76,0.9384383533818177,0.18463213688568703,0.17058513968972988,-0.23694965931202058
1612467015733,2021-02-04T19:30:15.733Z,8.774,0.9383985767449922,0.18482061936751126,0.17056632676941003,-0.23697379178291747
1612467015748,2021-02-04T19:30:15.748Z,8.789,0.9383741893827743,0.1849433100080401,0.17054375540570033,-0.2369908864821844
1612467015778,2021-02-04T19:30:15.778Z,8.819,0.9383620207263276,0.184999133496144,0.1705367733494486,-0.23700052236152966
1612467015793,2021-02-04T19:30:15.793Z,8.834,0.93830678164003,0.18512836341170089,0.17051815324908498,-0.23713167650349007
1612467015808,2021-02-04T19:30:15.808Z,8.849,0.9382832799295748,0.18517995705696577,0.17051339272994,-0.23718780113805307
1612467015838,2021-02-04T19:30:15.838Z,8.879,0.9382968589814414,0.18516187287557462,0.1704468458920142,-0.23719603281723445
1612467015853,2021-02-04T19:30:15.853Z,8.894,0.9383213558839643,0.1851229469839078,0.1703321078125863,-0.23721193190940865
1612467015868,2021-02-04T19:30:15.868Z,8.909,0.9383217487435921,0.1851222002498614,0.17033078690716605,-0.23721190914666
1612467015883,2021-02-04T19:30:15.883Z,8.924,0.9383230244019082,0.18511730789761374,0.17032812455454432,-0.237212592793317
1612467015913,2021-02-04T19:30:15.913Z,8.954,0.9383532817177475,0.18513004579525927,0.17031305783494574,-0.23709375184574055
1612467015928,2021-02-04T19:30:15.928Z,8.969,0.9383796646472984,0.18514599142523264,0.17030301911835108,-0.23698406806105293
1612467015943,2021-02-04T19:30:15.943Z,8.984,0.938406973679184,0.18516314723386773,0.17029336671519238,-0.236869436419158
1612467015973,2021-02-04T19:30:15.973Z,9.014,0.9384462420272575,0.18519208200225226,0.170282667116854,-0.23669887382106336
1612467015988,2021-02-04T19:30:15.988Z,9.029,0.9384963023343035,0.18523136513804966,0.17026965628601734,-0.23647891242598312
1612467016003,2021-02-04T19:30:16.003Z,9.044,0.9385391183237022,0.18527614851653734,0.17027083387938324,-0.23627296776623619
1612467016033,2021-02-04T19:30:16.033Z,9.074,0.9385397441089195,0.1853190657350304,0.1703114790425794,-0.23620752043359675
1612467016048,2021-02-04T19:30:16.048Z,9.089,0.9385249908020279,0.18536283779025162,0.1703506139256215,-0.2362035739390122
1612467016063,2021-02-04T19:30:16.063Z,9.104,0.9385406702879959,0.18524006523031608,0.17044643735867396,-0.23616845775963227
1612467016093,2021-02-04T19:30:16.093Z,9.134,0.9385711644903288,0.18503714831858634,0.17056264966481663,-0.23612243745292444
1612467016115,2021-02-04T19:30:16.115Z,9.156,0.9386307814746813,0.18477647706448533,0.17068251463829254,-0.23600294233042063
1612467016123,2021-02-04T19:30:16.123Z,9.164,0.9386919057196669,0.18449480716004296,0.17079774706278725,-0.23589680342394356
1612467016153,2021-02-04T19:30:16.153Z,9.194,0.938733546396828,0.18423535885648615,0.1709034815322683,-0.23585729036094277
1612467016168,2021-02-04T19:30:16.168Z,9.209,0.9387716310884108,0.1839996175147911,0.17099723196542407,-0.23582178033035534
1612467016183,2021-02-04T19:30:16.183Z,9.224,0.9388150506374755,0.18373424629278012,0.17109945293994078,-0.2357816885159478
1612467016213,2021-02-04T19:30:16.213Z,9.254,0.9388693759462932,0.1834048618899011,0.17122413712578588,-0.23573130129640013
1612467016228,2021-02-04T19:30:16.228Z,9.269,0.9389305010794218,0.18302469244489286,0.17137463180243112,-0.23567395204557368
1612467016243,2021-02-04T19:30:16.243Z,9.284,0.9390077125484828,0.18262763815625022,0.17152690510207902,-0.23556354213255956
1612467016273,2021-02-04T19:30:16.273Z,9.314,0.9390582805294614,0.18231300072944703,0.17164941491424054,-0.23551644081395853
1612467016288,2021-02-04T19:30:16.288Z,9.329,0.9391200073915484,0.18211106758554788,0.17171634275937178,-0.23537771434249244
1612467016303,2021-02-04T19:30:16.303Z,9.344,0.9391623111939352,0.1818997048735316,0.17174077273090885,-0.23535453592735045
1612467016333,2021-02-04T19:30:16.333Z,9.374,0.9392162327420555,0.18166160331313078,0.17182528009988102,-0.23526156327398837
1612467016348,2021-02-04T19:30:16.348Z,9.389,0.9393105432789407,0.1813835975862393,0.1719145317763601,-0.23503422639226312
1612467016363,2021-02-04T19:30:16.363Z,9.404,0.9393999316338714,0.18115369404910284,0.17198488773979625,-0.23480269582730848
1612467016393,2021-02-04T19:30:16.393Z,9.434,0.9394634796188687,0.18103144004368285,0.17201752339295837,-0.23461875420322
1612467016408,2021-02-04T19:30:16.408Z,9.449,0.9395150963205889,0.1809201854997124,0.17204904313150016,-0.23447472576377895
1612467016423,2021-02-04T19:30:16.423Z,9.464,0.9395411205704937,0.18076006343565904,0.1721086974124903,-0.23445016207896638
1612467016453,2021-02-04T19:30:16.453Z,9.494,0.9395755994206606,0.18054768667524762,0.1721877962296098,-0.23441755190069125
1612467016468,2021-02-04T19:30:16.468Z,9.509,0.9396115929094473,0.1803256404687792,0.17227048217558422,-0.23438344402002304
1612467016483,2021-02-04T19:30:16.483Z,9.524,0.9396508836593992,0.18008284029110888,0.1723608812080249,-0.2343461416366616
1612467016498,2021-02-04T19:30:16.498Z,9.539,0.9396852078833897,0.17987043664477245,0.1724399431844425,-0.23431346973854408
1612467016528,2021-02-04T19:30:16.529Z,9.569,0.9397186926632956,0.17966285584060684,0.17251720948670438,-0.23428155992588154
1612467016543,2021-02-04T19:30:16.543Z,9.584,0.9397753741116023,0.17942706318609644,0.1724732063351163,-0.23426730097539172
1612467016558,2021-02-04T19:30:16.558Z,9.599,0.9398188559307185,0.17915665803638733,0.17257381697313526,-0.23422571936837194
1612467016588,2021-02-04T19:30:16.588Z,9.629,0.9398746344881592,0.17880896243565084,0.17270315428114194,-0.2341722590312082
1612467016603,2021-02-04T19:30:16.603Z,9.644,0.9399368248446863,0.17842030208982287,0.17284769382520043,-0.23411244273292167
1612467016618,2021-02-04T19:30:16.618Z,9.659,0.9399930919219336,0.17806772784516847,0.17297876410023308,-0.23405815219611145
1612467016648,2021-02-04T19:30:16.648Z,9.689,0.9400338459813151,0.1778117539919101,0.17307392606479596,-0.2340187271745902
1612467016663,2021-02-04T19:30:16.663Z,9.704,0.9400578085790752,0.17766106586642486,0.17312991486551135,-0.23399550163063668
1612467016678,2021-02-04T19:30:16.678Z,9.719,0.9400777435165696,0.17753552141889317,0.17317658927255583,-0.23397616055325235
1612467016708,2021-02-04T19:30:16.708Z,9.749,0.9401053350604109,0.17736164109649824,0.1732411940541934,-0.23394934481888696
1612467016723,2021-02-04T19:30:16.723Z,9.764,0.9401338357974853,0.17718177663486806,0.1733080072195326,-0.23392161817757107
1612467016738,2021-02-04T19:30:16.738Z,9.779,0.9401598287124242,0.17701755271785705,0.17336900010771167,-0.23389628536353102
1612467016768,2021-02-04T19:30:16.768Z,9.809,0.9401973533785922,0.17686545550633123,0.17342170618092762,-0.23382142582262355
1612467016783,2021-02-04T19:30:16.783Z,9.824,0.9402508990399292,0.17673234445203775,0.17346199608172547,-0.23367683067526063
1612467016798,2021-02-04T19:30:16.798Z,9.839,0.9402875925434538,0.17669599977005465,0.1734667948063938,-0.2335530733552725
1612467016828,2021-02-04T19:30:16.828Z,9.869,0.940314823638983,0.1767121344822221,0.17345244837286072,-0.23344186026714567
1612467016843,2021-02-04T19:30:16.843Z,9.884,0.9403271246857847,0.17671942465084658,0.1734459591376341,-0.23339160822545585
1612467016858,2021-02-04T19:30:16.858Z,9.899,0.9403172082791675,0.17678227317435757,0.17342264759658244,-0.23340128749852915
1612467016888,2021-02-04T19:30:16.888Z,9.929,0.9402987752129072,0.17689899953454313,0.173379356308601,-0.23341927106132299
1612467016903,2021-02-04T19:30:16.903Z,9.944,0.9402897349114375,0.1770106466719446,0.17327795733319654,-0.23344634263015024
1612467016918,2021-02-04T19:30:16.918Z,9.959,0.9403001198646762,0.17708342637007557,0.17309820916743565,-0.23348266460389777
1612467016948,2021-02-04T19:30:16.949Z,9.989,0.9403106501319625,0.17706625191484046,0.17305003874426547,-0.23348898854516534
1612467016963,2021-02-04T19:30:16.963Z,10.004,0.9403154498308136,0.17714447178648923,0.17290100451718912,-0.23352073475798138
1612467016978,2021-02-04T19:30:16.978Z,10.019,0.9403498366234877,0.1772543190936638,0.17271471925991905,-0.23343675133917732
1612467017008,2021-02-04T19:30:17.008Z,10.049,0.9404080681244038,0.1773645348795308,0.1724891383738947,-0.23328519952308482
1612467017023,2021-02-04T19:30:17.023Z,10.064,0.9404401488526919,0.17750846470045606,0.1723008004807772,-0.23318556031473514
1612467017038,2021-02-04T19:30:17.038Z,10.079,0.9404376203800704,0.17768071353093481,0.17206233123717485,-0.233240649077808
1612467017068,2021-02-04T19:30:17.068Z,10.109,0.9404106839497262,0.1779283042166207,0.17178268789611337,-0.2333666047466789
1612467017083,2021-02-04T19:30:17.083Z,10.124,0.9403645094396088,0.17821031541931603,0.17145856233732612,-0.23357575701636774
1612467017098,2021-02-04T19:30:17.098Z,10.139,0.9403298728084216,0.17846338492218786,0.17112210740532902,-0.23376863541410306
1612467017113,2021-02-04T19:30:17.113Z,10.154,0.9403074174408377,0.17868734464477956,0.1708505951705257,-0.2338864418888295
1612467017150,2021-02-04T19:30:17.150Z,10.191,0.9403053754288363,0.17884351107362656,0.17062879220834626,-0.23393720259081036
1612467017158,2021-02-04T19:30:17.159Z,10.199,0.9402876127566485,0.17901134180171047,0.17050092938626604,-0.23397345550547785
1612467017173,2021-02-04T19:30:17.173Z,10.214,0.9402501147130945,0.1792445781721449,0.1704142364147666,-0.23400874130056473
1612467017203,2021-02-04T19:30:17.203Z,10.244,0.9402249971756018,0.17949524754385177,0.17021189672925183,-0.23406477951016355
1612467017218,2021-02-04T19:30:17.218Z,10.259,0.9401688221354514,0.17981418984155076,0.17003302865088085,-0.23417560117115815
1612467017233,2021-02-04T19:30:17.233Z,10.274,0.9401508837988032,0.18010008854849907,0.1697232185220389,-0.23425264756598194
1612467017263,2021-02-04T19:30:17.263Z,10.304,0.940121855553702,0.1803791702111615,0.16961454616395855,-0.23423312616662836
1612467017278,2021-02-04T19:30:17.278Z,10.319,0.9401332087848651,0.1806356454317674,0.16937164221486117,-0.23416566817696197
1612467017293,2021-02-04T19:30:17.293Z,10.334,0.9400888342091107,0.1810194087579425,0.16909785092027865,-0.23424532922221386
1612467017323,2021-02-04T19:30:17.323Z,10.364,0.9400399531175313,0.18145245407372732,0.16877834308876902,-0.23433686085979114
1612467017338,2021-02-04T19:30:17.339Z,10.379,0.9399972751570309,0.1818237661542941,0.1685082666814081,-0.2344146002680992
1612467017353,2021-02-04T19:30:17.353Z,10.394,0.9399481200240948,0.18212322104725287,0.16839672844192172,-0.23445939065987842
1612467017383,2021-02-04T19:30:17.383Z,10.424,0.939936345690783,0.18235945414742674,0.16830042181415467,-0.2343921149477664
1612467017398,2021-02-04T19:30:17.398Z,10.439,0.9399366176148873,0.1825561591327112,0.16821707823891532,-0.23429771278900668
1612467017413,2021-02-04T19:30:17.413Z,10.454,0.9399071312518428,0.18273488752539876,0.16815051689350616,-0.23432445278173192
1612467017443,2021-02-04T19:30:17.443Z,10.484,0.9398784189796277,0.18290877928415292,0.16808575594604294,-0.23435040995309522
1612467017458,2021-02-04T19:30:17.458Z,10.499,0.9398551269776463,0.18304966356079239,0.16803327370352533,-0.2343714570774121
1612467017473,2021-02-04T19:30:17.473Z,10.514,0.9398303517631961,0.1831993877125046,0.1679774876789903,-0.23439380938814314
1612467017503,2021-02-04T19:30:17.503Z,10.544,0.93979994068222,0.18338291245558114,0.16790912240835906,-0.23442121389724793
1612467017518,2021-02-04T19:30:17.518Z,10.559,0.9397741471490675,0.18353839255191887,0.16785119559916137,-0.23444442186930456
1612467017533,2021-02-04T19:30:17.533Z,10.574,0.9397484827939946,0.1836929249230107,0.16779361606354393,-0.23446748351943109
1612467017563,2021-02-04T19:30:17.563Z,10.604,0.9397268113940359,0.18382332553708056,0.16774501589599472,-0.2344869177112848
1612467017578,2021-02-04T19:30:17.578Z,10.619,0.9396938580434828,0.18385756274450216,0.16774080793215104,-0.23459512171244212
1612467017593,2021-02-04T19:30:17.593Z,10.634,0.9396938580434828,0.18385756274450216,0.16774080793215104,-0.23459512171244212
1612467017623,2021-02-04T19:30:17.623Z,10.664,0.9396938580434828,0.18385756274450216,0.16774080793215104,-0.23459512171244212
1612467017638,2021-02-04T19:30:17.638Z,10.679,0.9396858205287706,0.18390586926188918,0.16772280307291126,-0.2346023258144843
1612467017653,2021-02-04T19:30:17.653Z,10.694,0.9396584967698519,0.18407004972655544,0.16766156181680217,-0.234626782211742
1612467017683,2021-02-04T19:30:17.683Z,10.724,0.9396120662763586,0.18440176883390208,0.16747233671474948,-0.23468738567315797
1612467017698,2021-02-04T19:30:17.698Z,10.739,0.939588837551467,0.18484167132220516,0.16718719469470822,-0.23463762447998496
1612467017713,2021-02-04T19:30:17.713Z,10.754,0.9395763603622351,0.18532804222285848,0.1668687919442571,-0.2345305653627303
1612467017728,2021-02-04T19:30:17.728Z,10.769,0.9395695551763631,0.1858346713499829,0.16648226264436744,-0.2344316150495644
1612467017758,2021-02-04T19:30:17.758Z,10.799,0.9395298083007481,0.18637571987467536,0.16602227041239132,-0.2344876032601103
1612467017773,2021-02-04T19:30:17.773Z,10.814,0.9394361808656613,0.18689045619287004,0.16577090371761588,-0.2346308311906313
1612467017788,2021-02-04T19:30:17.788Z,10.829,0.9393598291780966,0.1869801094326746,0.16575746029928567,-0.2348744651046016
1612467017818,2021-02-04T19:30:17.818Z,10.859,0.9392508107233856,0.1869992717725493,0.16594504724063747,-0.23516255698622968
1612467017833,2021-02-04T19:30:17.833Z,10.874,0.9391417584850896,0.18687468474868668,0.16641799572839644,-0.23536282707206754
1612467017848,2021-02-04T19:30:17.848Z,10.889,0.93913376046145,0.1861896223659752,0.16703596004113555,-0.23549987799972966
1612467017878,2021-02-04T19:30:17.878Z,10.919,0.9392153405843439,0.18520316626231176,0.16758475873894765,-0.2355624754833805
1612467017893,2021-02-04T19:30:17.893Z,10.934,0.9393051042798061,0.18439857254683623,0.16789995638660676,-0.235611315861457
1612467017908,2021-02-04T19:30:17.908Z,10.949,0.9393945071029199,0.18382800461266036,0.16803054158872563,-0.23560764384541796
1612467017945,2021-02-04T19:30:17.945Z,10.986,0.9394710109294515,0.18349076743337323,0.167862588500472,-0.23568519103207836
1612467017953,2021-02-04T19:30:17.953Z,10.994,0.9394471605989375,0.18327323850072866,0.16785182550587122,-0.23595702398190152
1612467017968,2021-02-04T19:30:17.968Z,11.009,0.9393952133229437,0.18321419358190025,0.1677818390410982,-0.23625927906446795
1612467017998,2021-02-04T19:30:17.998Z,11.039,0.939319894768835,0.18322384117188784,0.1677836273006186,-0.23654981235995637
1612467018013,2021-02-04T19:30:18.013Z,11.054,0.9392537653700345,0.1832677362015381,0.16785013992789763,-0.23673113785888145
1612467018028,2021-02-04T19:30:18.028Z,11.069,0.9392587277816068,0.1832017847479378,0.16793941531959078,-0.23669917856503359
1612467018058,2021-02-04T19:30:18.058Z,11.099,0.9392973741308758,0.18304456783824602,0.16804501122852752,-0.23659248368651822
1612467018073,2021-02-04T19:30:18.073Z,11.114,0.9393526032840553,0.18290300705204085,0.16812237914053185,-0.23642766831933282
1612467018088,2021-02-04T19:30:18.088Z,11.129,0.9393839615143247,0.1828626972979642,0.16814690715844038,-0.2363167882305817
1612467018118,2021-02-04T19:30:18.118Z,11.159,0.9393819186734602,0.1828524101747325,0.1681631376542187,-0.2363213195988631
1612467018133,2021-02-04T19:30:18.133Z,11.174,0.9393667450875393,0.18283938330710237,0.1681808246534342,-0.23637911996284938
1612467018148,2021-02-04T19:30:18.149Z,11.189,0.9393342949339252,0.18282662393616902,0.16820528954750216,-0.2365005042475158
1612467018178,2021-02-04T19:30:18.178Z,11.219,0.9393195952454123,0.18283014053130614,0.16821550683698178,-0.23654889761077924
1612467018193,2021-02-04T19:30:18.193Z,11.234,0.9393168493211917,0.18284421408284568,0.16821909364718574,-0.23654637281145313
1612467018208,2021-02-04T19:30:18.208Z,11.249,0.9393142985350633,0.18285701050914352,0.16822261496566018,-0.23654410601271852
1612467018238,2021-02-04T19:30:18.238Z,11.279,0.9393478491411718,0.18288601457670656,0.16821076393918385,-0.23639683348365587
1612467018260,2021-02-04T19:30:18.260Z,11.301,0.9393885845138128,0.18291302405295637,0.16819741373747163,-0.23622350206735068
1612467018268,2021-02-04T19:30:18.268Z,11.309,0.9394440936878738,0.18291069701632218,0.16812895450295254,-0.23605322791632546
1612467018283,2021-02-04T19:30:18.283Z,11.324,0.939510909844702,0.1828747446659359,0.168001339421462,-0.2359059727915843
1612467018313,2021-02-04T19:30:18.313Z,11.354,0.9395691251633324,0.182823194066128,0.16785559936581912,-0.23581780363833982
1612467018328,2021-02-04T19:30:18.328Z,11.369,0.9395868814441644,0.18278595885862917,0.16777301811193018,-0.23583468755841583
1612467018343,2021-02-04T19:30:18.343Z,11.384,0.9396047133998513,0.18275884283979718,0.16768235892713734,-0.23584913488345136
1612467018373,2021-02-04T19:30:18.373Z,11.414,0.9395884476442666,0.18279868423763812,0.16773217703041743,-0.23584763488969326
1612467018388,2021-02-04T19:30:18.388Z,11.429,0.9395627309865823,0.1828719287614112,0.16780418969272717,-0.2358420788020736
1612467018403,2021-02-04T19:30:18.403Z,11.444,0.9395935716344211,0.18274525111334586,0.16789449137152979,-0.23575311897382725
1612467018433,2021-02-04T19:30:18.433Z,11.474,0.9396897369193655,0.18252473127334073,0.16788745196931038,-0.23554558852430438
1612467018448,2021-02-04T19:30:18.448Z,11.489,0.9398027609180263,0.18231578889584435,0.16774041893845568,-0.23536115980444308
1612467018463,2021-02-04T19:30:18.463Z,11.504,0.9399065214298696,0.18212337065217551,0.1675455264173442,-0.23523457529331757
1612467018493,2021-02-04T19:30:18.493Z,11.534,0.939938962588945,0.1819899920482261,0.16751689140085835,-0.23522857074959497
1612467018508,2021-02-04T19:30:18.508Z,11.549,0.9399088693492492,0.1818718731180103,0.16764953179077427,-0.23534564703324454
1612467018523,2021-02-04T19:30:18.523Z,11.564,0.9398686361938959,0.18169683232771397,0.16792809688497803,-0.23544290623777633
1612467018553,2021-02-04T19:30:18.553Z,11.594,0.9399147809896415,0.18137535488692008,0.16812116246816378,-0.23536877415492338
1612467018568,2021-02-04T19:30:18.568Z,11.609,0.9399837580050768,0.18095882599983953,0.16828094935574148,-0.23529972389134493
1612467018583,2021-02-04T19:30:18.583Z,11.624,0.9400955708239449,0.1804794916728633,0.16845038662115686,-0.2350998469797221
1612467018613,2021-02-04T19:30:18.613Z,11.654,0.9402194125040149,0.18003158878577058,0.1685472993194697,-0.23487846065995405
1612467018628,2021-02-04T19:30:18.628Z,11.669,0.9403194579522486,0.1796512637354838,0.16849259058621843,-0.2348084056250501
1612467018643,2021-02-04T19:30:18.643Z,11.684,0.9403493141168597,0.1793997985103835,0.16863406075764822,-0.2347795418829565
1612467018673,2021-02-04T19:30:18.673Z,11.714,0.9403810753037557,0.17906167587632502,0.1688026857080279,-0.2347892730528175
1612467018688,2021-02-04T19:30:18.688Z,11.729,0.9404058577196,0.17870073403167702,0.16896565237010155,-0.23484777781011537
1612467018703,2021-02-04T19:30:18.703Z,11.744,0.9404254065555717,0.17835876180308924,0.16913231707196427,-0.23490948493989144
1612467018733,2021-02-04T19:30:18.733Z,11.774,0.9404734263807295,0.17803810577235338,0.16927413252155463,-0.2348583301136203
1612467018748,2021-02-04T19:30:18.748Z,11.789,0.940541497930819,0.17767514168284693,0.16943776947367567,-0.23474257597167303
1612467018763,2021-02-04T19:30:18.763Z,11.804,0.9406259807562183,0.17730306466627302,0.16961282938716246,-0.2345588960019018
1612467018793,2021-02-04T19:30:18.793Z,11.834,0.9406916615384168,0.17685871159383484,0.16980666602993646,-0.2344907039037142
1612467018815,2021-02-04T19:30:18.815Z,11.856,0.9407596413525832,0.176406223819496,0.16999469102940504,-0.23442258086993664
1612467018823,2021-02-04T19:30:18.823Z,11.864,0.940828568858831,0.17594639487712976,0.1701833414595007,-0.2343546467183102
1612467018853,2021-02-04T19:30:18.853Z,11.894,0.9408888457466548,0.1755553180744102,0.17033312797852526,-0.2342971100085777
1612467018868,2021-02-04T19:30:18.868Z,11.909,0.9409383495284535,0.1752357577072971,0.17045421288771564,-0.23424946726993573
1612467018883,2021-02-04T19:30:18.883Z,11.924,0.9409921987840777,0.17493170306925357,0.17051478871988784,-0.23421632717769564
1612467018898,2021-02-04T19:30:18.898Z,11.939,0.9410358903137275,0.17468660812278378,0.17055619433489558,-0.2341935666452104
1612467018928,2021-02-04T19:30:18.928Z,11.969,0.9410569046823517,0.174541146877251,0.17061768079986325,-0.23417279345586095
1612467018943,2021-02-04T19:30:18.943Z,11.984,0.9410832199303266,0.1743719535257883,0.17068052554301696,-0.2341472895199267
1612467018958,2021-02-04T19:30:18.958Z,11.999,0.9410980439794283,0.17412293530686188,0.17083209348297862,-0.23416248814538845
1612467018988,2021-02-04T19:30:18.989Z,12.029,0.9411125192097731,0.17382422841784892,0.171067374031593,-0.23415447325111888
1612467019003,2021-02-04T19:30:19.003Z,12.044,0.9411760570474836,0.173413207742977,0.1712199655823891,-0.2340923159926621
1612467019018,2021-02-04T19:30:19.018Z,12.059,0.9412354012560936,0.17291628157034428,0.17152538047068663,-0.23399769837447607
1612467019048,2021-02-04T19:30:19.048Z,12.089,0.9412922099355973,0.1723782531964461,0.1719053429946023,-0.23388729420259163
1612467019063,2021-02-04T19:30:19.063Z,12.104,0.9413244140187044,0.17182349678462877,0.1723878056837818,-0.2338107738676225
1612467019078,2021-02-04T19:30:19.078Z,12.119,0.9413269378462177,0.17111875382794445,0.1730781262046266,-0.23380746438668232
1612467019108,2021-02-04T19:30:19.108Z,12.149,0.9413102224860015,0.1702897872041139,0.17393739803929667,-0.23384232931753618
1612467019123,2021-02-04T19:30:19.123Z,12.164,0.9413283686141466,0.16927716204550122,0.17480431740491373,-0.2338580669308897
1612467019138,2021-02-04T19:30:19.138Z,12.179,0.9414072609229258,0.16818314527059264,0.17555876786041372,-0.233764663188897
1612467019168,2021-02-04T19:30:19.168Z,12.209,0.9414888896505046,0.1671631480461931,0.17640066434613866,-0.23353363401914393
1612467019183,2021-02-04T19:30:19.183Z,12.224,0.9415346468632849,0.16624472733462559,0.1773336782522268,-0.23329801959511123
1612467019198,2021-02-04T19:30:19.198Z,12.239,0.941594313791124,0.1654213921637725,0.17803653495750751,-0.23310706439562445
1612467019228,2021-02-04T19:30:19.228Z,12.269,0.9416329999434232,0.16478046644851987,0.17845964823516863,-0.23308119882636852
1612467019243,2021-02-04T19:30:19.243Z,12.284,0.9417021047441951,0.16425042015782268,0.17885529521758695,-0.2328727737863778
1612467019258,2021-02-04T19:30:19.258Z,12.299,0.9417743523563314,0.16387415534400607,0.1793194648184302,-0.2324884082945481
1612467019288,2021-02-04T19:30:19.288Z,12.329,0.9418489046597924,0.16364395570988305,0.17996144416879764,-0.23185162316328897
1612467019310,2021-02-04T19:30:19.310Z,12.351,0.9419348128333933,0.16366060563487697,0.18042414429511028,-0.23113014232488724
1612467019318,2021-02-04T19:30:19.318Z,12.359,0.9420980587432846,0.16380654339490017,0.18037484592488165,-0.23039873916912965
1612467019348,2021-02-04T19:30:19.348Z,12.389,0.9422369423213101,0.16417573845913974,0.18027019878698403,-0.22964870314392358
1612467019363,2021-02-04T19:30:19.363Z,12.404,0.9423128679299514,0.16444485022790498,0.18024642903262983,-0.2291627696379514
1612467019378,2021-02-04T19:30:19.378Z,12.419,0.9422264377734973,0.16443035405293013,0.18079245183317572,-0.22909842423474358
1612467019408,2021-02-04T19:30:19.408Z,12.449,0.9420774610775778,0.16402680698318467,0.18157459397477194,-0.22938162686541144
1612467019423,2021-02-04T19:30:19.423Z,12.464,0.9419222217318063,0.16317185943582166,0.18265695515264538,-0.2297692521431867
1612467019438,2021-02-04T19:30:19.438Z,12.479,0.9418926909983247,0.16141264137400138,0.18402886154751186,-0.2300380315646283
1612467019468,2021-02-04T19:30:19.468Z,12.509,0.9417121384155361,0.16086340263277515,0.1858134921246422,-0.2297271429298019
1612467019483,2021-02-04T19:30:19.483Z,12.524,0.9417624210708591,0.1588761259155559,0.18755187992039227,-0.22949120072705392
1612467019498,2021-02-04T19:30:19.498Z,12.539,0.9419816919477846,0.15591216147272774,0.18931035454204287,-0.22918001571528288
1612467019513,2021-02-04T19:30:19.513Z,12.554,0.9422927425941504,0.15283224248699806,0.190912149737667,-0.22864654817716415
1612467019543,2021-02-04T19:30:19.543Z,12.584,0.9425665954024443,0.14995158964896557,0.1925207108754919,-0.22807566699932766
1612467019558,2021-02-04T19:30:19.558Z,12.599,0.9427851575311105,0.14758714494203215,0.19382810867250327,-0.22760677862343856
1612467019573,2021-02-04T19:30:19.573Z,12.614,0.9430061921603736,0.1458430153660734,0.19467976329301748,-0.2270879260997794
1612467019603,2021-02-04T19:30:19.603Z,12.644,0.9432363544050257,0.14466221150151679,0.19502415552843105,-0.22659126870342905
1612467019618,2021-02-04T19:30:19.618Z,12.659,0.9434876636907766,0.14317803488222247,0.19509659435906354,-0.22642525844101444
1612467019633,2021-02-04T19:30:19.633Z,12.674,0.9435517009137177,0.14218945171723368,0.19521301628011659,-0.22668088979444612
1612467019663,2021-02-04T19:30:19.663Z,12.704,0.9435012288937242,0.1427457330035254,0.1949257336952087,-0.2267885471726982
1612467019678,2021-02-04T19:30:19.678Z,12.719,0.9434389898194463,0.1432495175678301,0.19454266184588428,-0.22705858479027935
1612467019693,2021-02-04T19:30:19.693Z,12.734,0.9433674554216929,0.14360835979869513,0.1941498993377757,-0.22746494154981406
1612467019723,2021-02-04T19:30:19.723Z,12.764,0.9432844907450776,0.1435440073174857,0.19411635143188102,-0.227877883064179
1612467019738,2021-02-04T19:30:19.738Z,12.779,0.9432310839501471,0.14296440815363493,0.1943422665550827,-0.22827041792957875
1612467019753,2021-02-04T19:30:19.753Z,12.794,0.9432669858772798,0.14181435310888824,0.19477140674039933,-0.22847359086482033
1612467019783,2021-02-04T19:30:19.783Z,12.824,0.9431991646439171,0.1414626949501442,0.19545169016193498,-0.22839062713978045
1612467019798,2021-02-04T19:30:19.799Z,12.839,0.9432813693835839,0.13985471509080283,0.1960461606945373,-0.22853187899641667
1612467019813,2021-02-04T19:30:19.813Z,12.854,0.9433563416354313,0.13815390061535182,0.19667518180857743,-0.22871638616754597
1612467019843,2021-02-04T19:30:19.843Z,12.884,0.9434420654998459,0.13641536011650301,0.19731596436554155,-0.22885438334488067
1612467019858,2021-02-04T19:30:19.858Z,12.899,0.9435208691457335,0.134862389986609,0.19788717793769459,-0.22895669909708766
1612467019873,2021-02-04T19:30:19.873Z,12.914,0.943638632826227,0.13340277606336676,0.19827462129860066,-0.22899127609001474
1612467019903,2021-02-04T19:30:19.903Z,12.944,0.9437449849506115,0.13231617411852648,0.19842220667816582,-0.2290555857083021
1612467019918,2021-02-04T19:30:19.918Z,12.959,0.943880505601752,0.1317592982449919,0.19801667872205206,-0.2291690935070788
1612467019933,2021-02-04T19:30:19.933Z,12.974,0.9439184420397337,0.13152857791342976,0.19766000116323498,-0.22945311483939937
1612467019963,2021-02-04T19:30:19.963Z,13.004,0.9438939877460019,0.13152089773102504,0.1974021474405433,-0.22977986322312402
1612467019978,2021-02-04T19:30:19.978Z,13.019,0.9438728188985699,0.13172367351898312,0.19697953481939126,-0.2301130992391961
1612467019993,2021-02-04T19:30:19.993Z,13.034,0.9438507193551267,0.13183589899123854,0.19641576875978542,-0.23062081669373255
1612467020023,2021-02-04T19:30:20.023Z,13.064,0.9438688764381232,0.1315163133350158,0.19613905216491043,-0.23096423020470347
1612467020038,2021-02-04T19:30:20.038Z,13.079,0.9439982398304968,0.13088166579044538,0.19602812804046,-0.23089020285364004
1612467020053,2021-02-04T19:30:20.053Z,13.094,0.9441521649269483,0.13033537951972374,0.19606498256995603,-0.23053828514814853
1612467020083,2021-02-04T19:30:20.083Z,13.124,0.9442889484127696,0.12977314896867245,0.1961934702568066,-0.2301856510316232
1612467020098,2021-02-04T19:30:20.098Z,13.139,0.944302515302217,0.12943761295799308,0.19686955763249236,-0.22974124841488552
1612467020113,2021-02-04T19:30:20.113Z,13.154,0.9442420954978759,0.1298089678121482,0.1972314429865143,-0.2294695074792778
1612467020128,2021-02-04T19:30:20.128Z,13.169,0.9441600756822109,0.13057713051999997,0.1970340264060668,-0.2295407521795161
1612467020158,2021-02-04T19:30:20.158Z,13.199,0.9441221347780012,0.13119872378619227,0.19665512837790833,-0.22966725927256754
1612467020173,2021-02-04T19:30:20.173Z,13.214,0.944142079230088,0.13146881617095987,0.19628484292498272,-0.22974756808203137
1612467020188,2021-02-04T19:30:20.188Z,13.229,0.9442184701924485,0.1314522965325581,0.19603533947405674,-0.2296560906247418
1612467020218,2021-02-04T19:30:20.218Z,13.259,0.9442203729089719,0.13140881910672714,0.19592207297999864,-0.22976977817771746
1612467020233,2021-02-04T19:30:20.233Z,13.274,0.9441139433244475,0.131739959126129,0.1956965736306413,-0.2302092445125404
1612467020248,2021-02-04T19:30:20.248Z,13.289,0.9439731540926679,0.13261425537134175,0.19507540699303513,-0.23081102489081085
1612467020278,2021-02-04T19:30:20.278Z,13.319,0.9438680877549914,0.13365948937715788,0.19421437994520618,-0.23136323917094537
1612467020293,2021-02-04T19:30:20.293Z,13.334,0.9437875521949791,0.1346433869632976,0.19338066724659547,-0.2318191799746578
1612467020308,2021-02-04T19:30:20.308Z,13.349,0.9437374410554915,0.13551031475531392,0.19260354931310586,-0.23216474697279538
1612467020338,2021-02-04T19:30:20.338Z,13.379,0.9436926080412466,0.136419787049409,0.19196916453674875,-0.2323397148504031
1612467020353,2021-02-04T19:30:20.353Z,13.394,0.9436628536772435,0.13721332045698523,0.19134402724400446,-0.23250889556517132
1612467020368,2021-02-04T19:30:20.368Z,13.409,0.9436376690601193,0.13790499064801626,0.19078856631029475,-0.23265830320540318
1612467020398,2021-02-04T19:30:20.398Z,13.439,0.943646553063897,0.13857213588870362,0.19028924256613985,-0.2326348000826039
1612467020413,2021-02-04T19:30:20.413Z,13.454,0.9436758043030224,0.1393600433271615,0.18967985270025825,-0.23254313186267975
1612467020428,2021-02-04T19:30:20.428Z,13.469,0.9437495320531741,0.1402735704899076,0.18889063636652134,-0.232336982989102
1612467020458,2021-02-04T19:30:20.458Z,13.499,0.9439223137570347,0.14110322739977438,0.18789562399403456,-0.23193917153604254
1612467020480,2021-02-04T19:30:20.480Z,13.521,0.9441046985779249,0.14157157048219607,0.18728816456267003,-0.2314021433976705
1612467020488,2021-02-04T19:30:20.488Z,13.529,0.9441619185969028,0.14196413430096191,0.18693712069281274,-0.23121195676407993
1612467020518,2021-02-04T19:30:20.518Z,13.559,0.9440861013294676,0.14287889855928057,0.18623298817885772,-0.23152608435549277
1612467020533,2021-02-04T19:30:20.533Z,13.574,0.9439829706180941,0.1444050086500902,0.18502512909259455,-0.23196776988209902
1612467020548,2021-02-04T19:30:20.548Z,13.589,0.9439736858964212,0.1456611153156024,0.18408260128877504,-0.23197007505904124
1612467020578,2021-02-04T19:30:20.578Z,13.619,0.9440837738303185,0.1462175201441082,0.1835001670640008,-0.2316332305190587
1612467020593,2021-02-04T19:30:20.593Z,13.634,0.9442125878421239,0.14628778626422337,0.1832374292094773,-0.23127152243000937
1612467020608,2021-02-04T19:30:20.608Z,13.649,0.9442143078694364,0.14654111602515857,0.18313974622017457,-0.23118147737903338
1612467020638,2021-02-04T19:30:20.638Z,13.679,0.944115018413927,0.14746894924774942,0.1826214017392446,-0.23140692435583834
1612467020653,2021-02-04T19:30:20.653Z,13.694,0.9440448700417042,0.1483668162625554,0.18202379554959822,-0.23158995883624306
1612467020668,2021-02-04T19:30:20.668Z,13.709,0.9440535424108651,0.14887105083028027,0.18138720451679566,-0.231730449712089
1612467020698,2021-02-04T19:30:20.698Z,13.739,0.9441020769709388,0.14901266799632096,0.18091606393365878,-0.23180998866858568
1612467020713,2021-02-04T19:30:20.713Z,13.754,0.944113066304088,0.14918285513754903,0.18063595239373478,-0.23187420397644537
1612467020728,2021-02-04T19:30:20.728Z,13.769,0.9441365483754409,0.14954415717412012,0.18020942998911713,-0.23187773592949354
1612467020750,2021-02-04T19:30:20.750Z,13.791,0.9441143246272486,0.1502479920500431,0.1797261436481277,-0.231888327019574
1612467020773,2021-02-04T19:30:20.773Z,13.814,0.9441355587449393,0.15088055704666067,0.1793289807631877,-0.2316985560531327
1612467020788,2021-02-04T19:30:20.788Z,13.829,0.9442829857912275,0.1512225221034353,0.17872636203850883,-0.2313401803975275
1612467020803,2021-02-04T19:30:20.803Z,13.844,0.944314403780301,0.15136716806475903,0.17833426805870814,-0.23141991288796815
1612467020833,2021-02-04T19:30:20.833Z,13.874,0.9442781610794698,0.15177115829841678,0.1779235541663186,-0.23161925414342557
1612467020848,2021-02-04T19:30:20.848Z,13.889,0.9442322035676796,0.15218134498997557,0.1774349127584784,-0.23191212930150412
1612467020863,2021-02-04T19:30:20.863Z,13.904,0.9443028477617005,0.1524312903227364,0.1768750823407701,-0.23188798737026964
1612467020893,2021-02-04T19:30:20.893Z,13.934,0.9444171513520869,0.15231005081256538,0.17647489267485522,-0.23180704240570774
1612467020908,2021-02-04T19:30:20.908Z,13.949,0.9445261069590677,0.15201531069289645,0.1763528045655033,-0.23164944832563575
1612467020923,2021-02-04T19:30:20.923Z,13.964,0.9445316615133982,0.1514955092731128,0.17685359364012432,-0.2315855295250407
1612467020953,2021-02-04T19:30:20.953Z,13.994,0.9444586501353878,0.15103911018991614,0.1775882674588984,-0.23161919747384166
1612467020968,2021-02-04T19:30:20.968Z,14.009,0.944269216816845,0.1510733125414731,0.17808823409819396,-0.23198508849845384
1612467020983,2021-02-04T19:30:20.983Z,14.024,0.944019293526609,0.15132497848916543,0.17856248489677423,-0.23247314537869707
1612467021013,2021-02-04T19:30:21.013Z,14.054,0.943752331731835,0.15163288058450458,0.179103841835993,-0.2329395194378948
1612467021028,2021-02-04T19:30:21.028Z,14.069,0.9435243369234371,0.15190565493660438,0.17963536306488032,-0.2332758752379213
1612467021043,2021-02-04T19:30:21.043Z,14.084,0.9433227828843309,0.15229847833270194,0.1798931368321963,-0.2336359563713977
1612467021080,2021-02-04T19:30:21.080Z,14.121,0.9431231778383484,0.15285072392344518,0.18005912061091406,-0.233953073724194
1612467021088,2021-02-04T19:30:21.088Z,14.129,0.9429758716432216,0.15346941080226228,0.17989254348041683,-0.23426975529687838
1612467021103,2021-02-04T19:30:21.103Z,14.144,0.9428081506602852,0.15402134270035586,0.1799150553498923,-0.23456510801855762
1612467021133,2021-02-04T19:30:21.134Z,14.174,0.9426481022447839,0.15449051436128625,0.1798650317722504,-0.2349378782833028
1612467021148,2021-02-04T19:30:21.148Z,14.189,0.9425196801122219,0.15481023953255507,0.17982974693230658,-0.2352694294958234
1612467021163,2021-02-04T19:30:21.163Z,14.204,0.942446004285151,0.1550388088684572,0.179803098170908,-0.23543437013262553
1612467021193,2021-02-04T19:30:21.193Z,14.234,0.9424166727997672,0.15524690367637467,0.17976498528506685,-0.23544375930012343
1612467021208,2021-02-04T19:30:21.208Z,14.249,0.9424118975305333,0.1554246236914007,0.17958840116972338,-0.23548037690769222
1612467021223,2021-02-04T19:30:21.223Z,14.264,0.9423946953037128,0.1555857619790926,0.17949633710148097,-0.23551300155184463
1612467021253,2021-02-04T19:30:21.253Z,14.294,0.942372127925904,0.15584990105541918,0.17920354277084963,-0.23565158838377506
1612467021268,2021-02-04T19:30:21.268Z,14.309,0.9422763602229979,0.15627721152233928,0.17898419089835324,-0.23591810768180338
1612467021283,2021-02-04T19:30:21.283Z,14.324,0.9421596378518717,0.15666597417572295,0.17885281971534922,-0.23622586272097856
1612467021313,2021-02-04T19:30:21.313Z,14.354,0.9420676768547034,0.15690328539748657,0.17878279808577155,-0.23648797509742311
1612467021328,2021-02-04T19:30:21.328Z,14.369,0.9420262794661338,0.1570453648149894,0.17873678820561065,-0.23659332773191888
1612467021343,2021-02-04T19:30:21.343Z,14.384,0.9420036489574892,0.15719818672562397,0.1786893632780561,-0.23661776537748389
1612467021358,2021-02-04T19:30:21.358Z,14.399,0.9419550774639901,0.15751587456396202,0.17860182657948784,-0.23666594356313617
1612467021388,2021-02-04T19:30:21.388Z,14.429,0.9418826530217281,0.1579979738631724,0.17847278672448355,-0.23673016831549018
1612467021403,2021-02-04T19:30:21.403Z,14.444,0.9418210407678655,0.15833688606150037,0.17846601283433675,-0.23675396499804685
1612467021418,2021-02-04T19:30:21.418Z,14.459,0.9417494364262925,0.15860347457891605,0.17861957577896517,-0.23674455430019511
1612467021448,2021-02-04T19:30:21.448Z,14.489,0.9416927930599799,0.15874940489690959,0.1789186610793513,-0.23664619722561195
1612467021463,2021-02-04T19:30:21.463Z,14.504,0.9416736375836912,0.15876946010574636,0.17910741447229953,-0.23656617023293253
1612467021478,2021-02-04T19:30:21.478Z,14.519,0.9416506786904171,0.1587319458382547,0.1793978909482392,-0.23646260891650916
1612467021508,2021-02-04T19:30:21.508Z,14.549,0.9416000780541904,0.15877159394745488,0.1796716589350809,-0.23642962787950847
1612467021523,2021-02-04T19:30:21.523Z,14.564,0.9415161968749131,0.1589397748028522,0.1799858033788994,-0.236411737419847
1612467021538,2021-02-04T19:30:21.538Z,14.579,0.9414175850812343,0.15915026153564021,0.18013747176439163,-0.23654728072689313
1612467021568,2021-02-04T19:30:21.568Z,14.609,0.9412938421875782,0.1594762038685415,0.18024869887785464,-0.2367353999981131
1612467021583,2021-02-04T19:30:21.583Z,14.624,0.9411793729855635,0.15986134331715254,0.1803097506997066,-0.2368842176717276
1612467021598,2021-02-04T19:30:21.598Z,14.639,0.9411337341618817,0.16014895508061214,0.18025521582270318,-0.2369127767297731
1612467021628,2021-02-04T19:30:21.628Z,14.669,0.9410948643893082,0.16037390860219605,0.18023492218983678,-0.2369304507296336
1612467021643,2021-02-04T19:30:21.643Z,14.684,0.9410399870235897,0.16063127075082884,0.18026630645148742,-0.23695019822307412
1612467021658,2021-02-04T19:30:21.658Z,14.699,0.9409909343926466,0.16095086031671546,0.18017431241192775,-0.2369980993616875
1612467021688,2021-02-04T19:30:21.688Z,14.729,0.9409561710473198,0.16115964532929153,0.18012425412833857,-0.2370322888553653
1612467021703,2021-02-04T19:30:21.703Z,14.744,0.9409116236479657,0.1611621658908224,0.18037960450296953,-0.23701322969167896
1612467021718,2021-02-04T19:30:21.718Z,14.759,0.9408396404469368,0.16129508157385425,0.18025691067800925,-0.2373017357218074
1612467021748,2021-02-04T19:30:21.748Z,14.789,0.9407331709456188,0.16183549681245696,0.1795368193462321,-0.23790103730985399
1612467021770,2021-02-04T19:30:21.770Z,14.811,0.9407069245631525,0.1621989392795202,0.17883333522661415,-0.23828685315656717
1612467021778,2021-02-04T19:30:21.778Z,14.819,0.9407784066968687,0.16220215108256242,0.17853100058667667,-0.23822916174685818
1612467021808,2021-02-04T19:30:21.808Z,14.849,0.9407459485813143,0.16248429624016883,0.17850829581041705,-0.2381820774744418
1612467021823,2021-02-04T19:30:21.823Z,14.864,0.940704708611556,0.16303122428263428,0.17806239387645612,-0.23830496216390232
1612467021838,2021-02-04T19:30:21.838Z,14.879,0.9407379455339708,0.16325764261742667,0.17762979105731713,-0.23834159789776102
1612467021868,2021-02-04T19:30:21.868Z,14.909,0.9407973811993022,0.16378075135747724,0.17714740749270816,-0.23810701172356805
1612467021883,2021-02-04T19:30:21.883Z,14.924,0.9408328752583849,0.1643971836109701,0.17674369528501527,-0.23784182355258518
1612467021898,2021-02-04T19:30:21.898Z,14.939,0.940842501797245,0.16488556545952376,0.17643025651050692,-0.23769834181716712
1612467021913,2021-02-04T19:30:21.913Z,14.954,0.9408185678164256,0.1651895412466143,0.17619196019964217,-0.23775876655886044
1612467021943,2021-02-04T19:30:21.943Z,14.984,0.9407546833015216,0.16530743686248042,0.17598829519566903,-0.23808023252326785
1612467021958,2021-02-04T19:30:21.958Z,14.999,0.9406864861890084,0.16538574886576488,0.1756373018844669,-0.23855403362808875
1612467021973,2021-02-04T19:30:21.973Z,15.014,0.9407280577811794,0.16546185969106347,0.17504930812579847,-0.23876941599690715
1612467022003,2021-02-04T19:30:22.003Z,15.044,0.9408518474271377,0.16577064119933396,0.17442187463263326,-0.23852652967530014
1612467022018,2021-02-04T19:30:22.018Z,15.059,0.9409692423290709,0.16611425651873607,0.17392627906205238,-0.23818603700366459
1612467022033,2021-02-04T19:30:22.033Z,15.074,0.9410009031209731,0.16647621807811092,0.17365720237418958,-0.23800450668735645
1612467022063,2021-02-04T19:30:22.063Z,15.104,0.9409340570622461,0.16682150925155684,0.17365035724284833,-0.23803200990800763
1612467022078,2021-02-04T19:30:22.078Z,15.119,0.9408060367967939,0.16721126802905303,0.17359197049567116,-0.2383069884628977
1612467022100,2021-02-04T19:30:22.100Z,15.141,0.9406941267393815,0.16755152009036536,0.1734453213216766,-0.23861636269346795
1612467022123,2021-02-04T19:30:22.123Z,15.164,0.9406396649475491,0.1677341516885391,0.17318681259031252,-0.23889035775747935
1612467022138,2021-02-04T19:30:22.138Z,15.179,0.9406347570008614,0.1678757763139264,0.17292187136540801,-0.23900210051882825
1612467022153,2021-02-04T19:30:22.153Z,15.194,0.9406519032994939,0.16810367860587397,0.17257138289166307,-0.2390277554282591
1612467022183,2021-02-04T19:30:22.183Z,15.224,0.9406915905589137,0.16831849138751864,0.17224999066017532,-0.23895220782897195
1612467022198,2021-02-04T19:30:22.198Z,15.239,0.9407494922491176,0.16845955716332453,0.17210840374000033,-0.23872676388589747
1612467022213,2021-02-04T19:30:22.213Z,15.254,0.9407363874721533,0.16864692629749534,0.1720662391586198,-0.23867650256792866
1612467022243,2021-02-04T19:30:22.243Z,15.284,0.9406643725946422,0.16889038857937433,0.17175978821840435,-0.23900868169965114
1612467022258,2021-02-04T19:30:22.258Z,15.299,0.9405086706330983,0.16919967158425575,0.17141499212350542,-0.2396493523359506
1612467022273,2021-02-04T19:30:22.273Z,15.314,0.9403629113265531,0.16947573890723047,0.17123591274480165,-0.2401537655539713
1612467022303,2021-02-04T19:30:22.303Z,15.344,0.9403078923383944,0.1696960713568457,0.1711579959848158,-0.24026912282405483
1612467022318,2021-02-04T19:30:22.318Z,15.359,0.940370067253587,0.16961943140111385,0.17111105748846325,-0.24011328807424864
1612467022333,2021-02-04T19:30:22.333Z,15.374,0.9404663100009756,0.16948549470499258,0.17094204924107462,-0.23995125054688626
1612467022363,2021-02-04T19:30:22.363Z,15.404,0.9404681810777611,0.16969507644706017,0.170627327050004,-0.24001978392141943
1612467022378,2021-02-04T19:30:22.378Z,15.419,0.9404174815773078,0.17015772290569758,0.17022431557014267,-0.24017700153848676
1612467022393,2021-02-04T19:30:22.393Z,15.434,0.9403370907742775,0.17052509296062382,0.17001760720522052,-0.24037753976848578
1612467022423,2021-02-04T19:30:22.423Z,15.464,0.9403239329626083,0.17061202169171436,0.1699847165741739,-0.24039058900713187
1612467022438,2021-02-04T19:30:22.438Z,15.479,0.9402980242060603,0.17065594165094888,0.17010517303371148,-0.24037555067139849
1612467022453,2021-02-04T19:30:22.453Z,15.494,0.9402815697250676,0.17064667798809388,0.1701131677219571,-0.24044082659688185
1612467022483,2021-02-04T19:30:22.483Z,15.524,0.940204396990344,0.17080235581285494,0.17006767828593897,-0.2406641475817131
1612467022498,2021-02-04T19:30:22.498Z,15.539,0.9401053821816363,0.17102616203753282,0.16999923649944917,-0.24094020395408372
1612467022513,2021-02-04T19:30:22.513Z,15.554,0.9400108555817546,0.1712403071469972,0.1699336221037998,-0.24120305279026413
1612467022528,2021-02-04T19:30:22.528Z,15.569,0.9399392910392028,0.171456896025465,0.1698611805341479,-0.24137904075039174
1612467022558,2021-02-04T19:30:22.558Z,15.599,0.9399318482113953,0.17150575446538868,0.16984263415425663,-0.24138636358898108
1612467022573,2021-02-04T19:30:22.573Z,15.614,0.9399318482113953,0.17150575446538868,0.16984263415425663,-0.24138636358898108
1612467022588,2021-02-04T19:30:22.588Z,15.629,0.9399237596418825,0.17155885316192282,0.16982246644018398,-0.24139431611909837
1612467022618,2021-02-04T19:30:22.618Z,15.659,0.9399045264487353,0.17168494179287683,0.16977458843691567,-0.24141323709322762
1612467022633,2021-02-04T19:30:22.633Z,15.674,0.9398509758581189,0.17191503890109022,0.16962844198182433,-0.24156066370375126
1612467022648,2021-02-04T19:30:22.648Z,15.689,0.939800695791352,0.17215959187008342,0.16941646637488197,-0.24173081731187226
1612467022678,2021-02-04T19:30:22.678Z,15.719,0.9397729508451673,0.17245988199081566,0.16917076505703674,-0.2417966960351142
1612467022693,2021-02-04T19:30:22.693Z,15.734,0.9397298746815074,0.1727896466961815,0.16899056989229594,-0.24185468346336472
1612467022708,2021-02-04T19:30:22.708Z,15.749,0.9396651853707811,0.17320935399497597,0.16883090255589567,-0.2419173111476322
1612467022738,2021-02-04T19:30:22.738Z,15.779,0.9395708520456477,0.17368132081121027,0.16880564483282245,-0.24196294563437648
1612467022753,2021-02-04T19:30:22.753Z,15.794,0.9394948632572135,0.17411247116009837,0.16870733471056706,-0.24201670296632477
1612467022768,2021-02-04T19:30:22.768Z,15.809,0.9394348655203512,0.17461356339045564,0.16851178284902796,-0.24202482510248635
1612467022798,2021-02-04T19:30:22.798Z,15.839,0.9393784163602029,0.17510940162867047,0.16831741094757144,-0.242020944361748
1612467022813,2021-02-04T19:30:22.813Z,15.854,0.9393096149519797,0.1755481973981833,0.1681502668479812,-0.24208627678570396
1612467022828,2021-02-04T19:30:22.828Z,15.869,0.9392204686282727,0.1760178073144291,0.16797546013288378,-0.24221248442442947
1612467022858,2021-02-04T19:30:22.858Z,15.899,0.939124112865943,0.17653910173746082,0.16778050705769396,-0.24234179920713034
1612467022873,2021-02-04T19:30:22.873Z,15.914,0.9390548599334972,0.1770570639717016,0.16733132207339768,-0.2425427689834711
1612467022888,2021-02-04T19:30:22.888Z,15.929,0.939059604006503,0.17730069875780521,0.16703639662429196,-0.24254971561705835
1612467022918,2021-02-04T19:30:22.918Z,15.959,0.9391446685089503,0.17718680410431079,0.16692339228909778,-0.24238133007559462
1612467022933,2021-02-04T19:30:22.933Z,15.974,0.9392637009198562,0.1768549838907935,0.16691557597656165,-0.24216772143234638
1612467022948,2021-02-04T19:30:22.948Z,15.989,0.9393014383720492,0.1766638448258407,0.1669336241266544,-0.2421484233677591
1612467022978,2021-02-04T19:30:22.978Z,16.019,0.9393241307137314,0.17666673321066226,0.16676169853245223,-0.2421767510272961
1612467022993,2021-02-04T19:30:22.993Z,16.034,0.9393343775280363,0.17673308704731322,0.16658294585460603,-0.24221161261827417
1612467023008,2021-02-04T19:30:23.008Z,16.049,0.9394089181310228,0.17654466442527636,0.1663240436569089,-0.24223785521772248
1612467023038,2021-02-04T19:30:23.038Z,16.079,0.939537640076236,0.17629403340600788,0.16604662799306338,-0.24211144953833097
1612467023054,2021-02-04T19:30:23.054Z,16.095,0.9396795994345598,0.17622503965989947,0.16570423796137793,-0.24184518048745718
1612467023068,2021-02-04T19:30:23.068Z,16.109,0.9399207506175212,0.1758741350186933,0.16552316022269925,-0.24128687204220725
1612467023098,2021-02-04T19:30:23.098Z,16.139,0.9401857586744004,0.175515849262216,0.16553389461173487,-0.24050666431156653
1612467023113,2021-02-04T19:30:23.113Z,16.154,0.9403665079806712,0.1753391620844861,0.1656759732411716,-0.23983010819815603
1612467023128,2021-02-04T19:30:23.128Z,16.169,0.9404812065383042,0.17519612477910984,0.1657729695529727,-0.2394175026522237
1612467023143,2021-02-04T19:30:23.143Z,16.184,0.9405601119127444,0.17497730870040307,0.16586206819311966,-0.23920575171460765
1612467023173,2021-02-04T19:30:23.173Z,16.214,0.9406039607277693,0.17467112589644337,0.16598640890862718,-0.2391708571271171
1612467023188,2021-02-04T19:30:23.188Z,16.229,0.9406364146106392,0.17441121182786304,0.16609746251936067,-0.23915580202413625
1612467023203,2021-02-04T19:30:23.203Z,16.244,0.9406555199647186,0.1742772847569883,0.16609524828259806,-0.23917982623034595
1612467023233,2021-02-04T19:30:23.233Z,16.274,0.9406276971671794,0.17411526914602984,0.1659527932545385,-0.2395059055288429
1612467023248,2021-02-04T19:30:23.248Z,16.289,0.9405077610054773,0.1741954638151192,0.16582356624904054,-0.24000757644530607
1612467023270,2021-02-04T19:30:23.270Z,16.311,0.9403910811541217,0.1745038643513572,0.16548356448534357,-0.2404749585662721
1612467023293,2021-02-04T19:30:23.293Z,16.334,0.940336464681501,0.1747307297373713,0.16519443152386767,-0.24072246482048154
1612467023308,2021-02-04T19:30:23.308Z,16.349,0.9403762105782466,0.17466932707883623,0.16515141294228594,-0.24064126736594882
1612467023323,2021-02-04T19:30:23.323Z,16.364,0.9404803020764521,0.17457672343483044,0.16521107548125066,-0.24026042033442183
1612467023353,2021-02-04T19:30:23.353Z,16.394,0.9405876671702256,0.1745848385326514,0.16527552784711103,-0.23978943766700772
1612467023368,2021-02-04T19:30:23.368Z,16.409,0.9406647695292708,0.17473677515584915,0.1652388055070506,-0.23940131146086216
1612467023383,2021-02-04T19:30:23.383Z,16.424,0.9406397718081984,0.17513932126355103,0.16524704358076694,-0.23919960791727785
1612467023413,2021-02-04T19:30:23.413Z,16.454,0.9405775741332444,0.17548010036314277,0.16531354398631462,-0.23914847603287628
1612467023428,2021-02-04T19:30:23.428Z,16.469,0.9405343245847317,0.1755934382921895,0.1654408774857535,-0.23914732857260432
1612467023443,2021-02-04T19:30:23.443Z,16.484,0.9404629981317417,0.17563266642813585,0.1654691984288215,-0.23937932241470264
1612467023473,2021-02-04T19:30:23.473Z,16.514,0.9403399862348504,0.17588044314537096,0.1653553209480091,-0.23975904120806418
1612467023488,2021-02-04T19:30:23.488Z,16.529,0.9402225171374818,0.1761883306323984,0.16512345875732387,-0.24015314652247396
1612467023503,2021-02-04T19:30:23.503Z,16.544,0.940137401485656,0.17643456993652454,0.16506366587893756,-0.24034661442533084
1612467023533,2021-02-04T19:30:23.533Z,16.574,0.940129537195996,0.17647848508398775,0.16507309012750676,-0.2403386621204727
1612467023548,2021-02-04T19:30:23.548Z,16.589,0.9401768797788986,0.17638761230881242,0.16516803516261475,-0.24015487734737265
1612467023563,2021-02-04T19:30:23.563Z,16.604,0.940230498644435,0.17635465902660172,0.1651780340259193,-0.23996220688637754
1612467023593,2021-02-04T19:30:23.593Z,16.634,0.9402850436138438,0.17636910123779356,0.165025779959657,-0.2398425917834273
1612467023608,2021-02-04T19:30:23.608Z,16.649,0.9402784225697971,0.17647469862992296,0.16486623013654836,-0.23990059390025414
1612467023630,2021-02-04T19:30:23.630Z,16.671,0.9402390476569692,0.17670970428461616,0.1647675597178359,-0.2399497133513363
1612467023653,2021-02-04T19:30:23.653Z,16.694,0.940200058062706,0.17691837956139386,0.16472851011241013,-0.23997553156186643
1612467023668,2021-02-04T19:30:23.668Z,16.709,0.9401644254132832,0.1770201856998645,0.1648607473949998,-0.23994924673867699
1612467023683,2021-02-04T19:30:23.683Z,16.724,0.9402188536852142,0.17701403849361252,0.16486304043426606,-0.23973884801970088
1612467023713,2021-02-04T19:30:23.713Z,16.754,0.9402558709546402,0.17704447683224966,0.1650293854387789,-0.23945657706612503
1612467023728,2021-02-04T19:30:23.728Z,16.769,0.9402295994300213,0.1771822261674021,0.16510131268782782,-0.23940826141714813
1612467023743,2021-02-04T19:30:23.743Z,16.784,0.9401822562466923,0.17745514261028622,0.1650169683798935,-0.23945019846880727
1612467023758,2021-02-04T19:30:23.758Z,16.799,0.940146024943926,0.17785119091221785,0.1647752258715382,-0.23946509267996474
1612467023788,2021-02-04T19:30:23.788Z,16.829,0.9401633522350183,0.1782053042962864,0.1644671612071983,-0.23934555253717646
1612467023803,2021-02-04T19:30:23.803Z,16.844,0.9401809240905247,0.17845607954292353,0.16432354601181307,-0.23918827286587524
1612467023818,2021-02-04T19:30:23.818Z,16.859,0.940164153172553,0.17857668289458628,0.1643632383792099,-0.23913690490010509
1612467023848,2021-02-04T19:30:23.848Z,16.889,0.9401208845571001,0.17865405441932924,0.16439505597561033,-0.2392273329489899
1612467023863,2021-02-04T19:30:23.863Z,16.904,0.9399996773100583,0.17891664409171862,0.1644360749353679,-0.23947905625292912
1612467023878,2021-02-04T19:30:23.878Z,16.919,0.9398823104830863,0.17909295197905548,0.1644743465136902,-0.2397814553531984
1612467023908,2021-02-04T19:30:23.908Z,16.949,0.9397874966674002,0.17913194280779654,0.16456343317331995,-0.24006266814258212
1612467023923,2021-02-04T19:30:23.923Z,16.964,0.9397525899626318,0.17900795042629636,0.1644271395933569,-0.24038498103635572
1612467023938,2021-02-04T19:30:23.938Z,16.979,0.9397791785839934,0.17879104635572118,0.16419446256839534,-0.24060140420391737
1612467023968,2021-02-04T19:30:23.968Z,17.009,0.9398465839453727,0.17860535578156403,0.16408964474470186,-0.24054752964832518
1612467023983,2021-02-04T19:30:23.983Z,17.024,0.9399219431105935,0.17863378027622334,0.16402732723721805,-0.24027432098092907
1612467023998,2021-02-04T19:30:23.998Z,17.039,0.9399864134709714,0.17868868779071867,0.16400141131726736,-0.23999881756282807
1612467024035,2021-02-04T19:30:24.035Z,17.076,0.9400753079962865,0.1785111269644123,0.16394750246074222,-0.23981953482247356
1612467024043,2021-02-04T19:30:24.043Z,17.084,0.9401218030574169,0.17822841504217038,0.1640189872376277,-0.2397986641188187
1612467024058,2021-02-04T19:30:24.058Z,17.099,0.9400972559825623,0.17812224255321682,0.16410108149393463,-0.23991759221530745
1612467024088,2021-02-04T19:30:24.088Z,17.129,0.9400711004050565,0.1780496831252941,0.16415236782363948,-0.24003882323512005
1612467024103,2021-02-04T19:30:24.103Z,17.144,0.9401353534903153,0.1776346116556038,0.16432442387493457,-0.23997696884862424
1612467024118,2021-02-04T19:30:24.118Z,17.159,0.9402547100775742,0.17711630338750467,0.16424379660747787,-0.23994764122042056
1612467024148,2021-02-04T19:30:24.148Z,17.189,0.9403447026537121,0.17671535396626442,0.16419827325477263,-0.23992176000486187
1612467024163,2021-02-04T19:30:24.163Z,17.204,0.9403828659631759,0.17660353314312555,0.1640871816661796,-0.2399305197283143
1612467024178,2021-02-04T19:30:24.178Z,17.219,0.9404082237035447,0.17644354991388123,0.16414771651884635,-0.23990742724263497
1612467024208,2021-02-04T19:30:24.208Z,17.249,0.9404425973185334,0.1762263773309372,0.16422987714089443,-0.23987607745640602
1612467024223,2021-02-04T19:30:24.223Z,17.264,0.9404685344823552,0.17606229604675488,0.16429193247100093,-0.23985238061003208
1612467024238,2021-02-04T19:30:24.238Z,17.279,0.9404685344823552,0.17606229604675488,0.16429193247100093,-0.23985238061003208
1612467024268,2021-02-04T19:30:24.268Z,17.309,0.9404913990965486,0.17608983111616913,0.16407740222710634,-0.2398893613341371
1612467024283,2021-02-04T19:30:24.283Z,17.324,0.9404987655947589,0.17626948747362003,0.1637404899901642,-0.23995872903127152
1612467024298,2021-02-04T19:30:24.298Z,17.339,0.9404909020283243,0.17646258360788683,0.16349617923670703,-0.24001420616992075
1612467024328,2021-02-04T19:30:24.328Z,17.369,0.9404701764030711,0.1765337107995438,0.1635405601367696,-0.24001287765007798
1612467024343,2021-02-04T19:30:24.343Z,17.384,0.9404665254403662,0.17650170540094948,0.16361847855868475,-0.23999761663571337
1612467024358,2021-02-04T19:30:24.358Z,17.399,0.9404665254403662,0.17650170540094948,0.16361847855868475,-0.23999761663571337
1612467024373,2021-02-04T19:30:24.373Z,17.414,0.9404496738541516,0.17660796073240917,0.1635782793642403,-0.24001288647444324
1612467024403,2021-02-04T19:30:24.403Z,17.444,0.9404572897656907,0.17670631927349612,0.16336568638311294,-0.24005544227940231
1612467024418,2021-02-04T19:30:24.418Z,17.459,0.9404769332808371,0.17675267543173992,0.16314390814919508,-0.24009517889412227
1612467024433,2021-02-04T19:30:24.433Z,17.474,0.9404769332808371,0.17675267543173992,0.16314390814919508,-0.24009517889412227
1612467024463,2021-02-04T19:30:24.463Z,17.504,0.9404648905031546,0.1767737547431189,0.163201746525683,-0.24008752424038113
1612467024478,2021-02-04T19:30:24.478Z,17.519,0.9404240367053508,0.17691144942207965,0.1632931432994928,-0.24008398447535714
1612467024493,2021-02-04T19:30:24.493Z,17.534,0.9403643411251796,0.17723183899077513,0.1632376575416066,-0.2401192377725775
1612467024523,2021-02-04T19:30:24.523Z,17.564,0.9403780770482845,0.1775478003355336,0.16304629663758533,-0.23996198856434076
1612467024538,2021-02-04T19:30:24.538Z,17.579,0.9405027787437883,0.1776314577597754,0.16286942013472377,-0.2395310843592721
1612467024553,2021-02-04T19:30:24.553Z,17.594,0.940597553997355,0.17768205449869312,0.16282054213061506,-0.23915434343454595
1612467024583,2021-02-04T19:30:24.583Z,17.624,0.9406101842053562,0.17768880013242455,0.16281401874310455,-0.23910409234763264
1612467024598,2021-02-04T19:30:24.598Z,17.639,0.9405239107132605,0.17752500637436114,0.1630065042167738,-0.23943375925596727
1612467024613,2021-02-04T19:30:24.613Z,17.654,0.9403485180763077,0.17757795476744492,0.1630974135858693,-0.2400207662138907
1612467024643,2021-02-04T19:30:24.643Z,17.684,0.9401442496980541,0.17797913093613707,0.1630664447368526,-0.24054428555212734
1612467024658,2021-02-04T19:30:24.659Z,17.699,0.940037857254631,0.17815887693082336,0.163020617392899,-0.24085788300096808
1612467024673,2021-02-04T19:30:24.673Z,17.714,0.9401240177970954,0.1778277960236816,0.1631367654449337,-0.2406875607142397
1612467024703,2021-02-04T19:30:24.703Z,17.744,0.9402624060513486,0.17731737596960062,0.16351059381124225,-0.24026951878521535
1612467024718,2021-02-04T19:30:24.718Z,17.759,0.9403713139041394,0.1768858379153311,0.16379504419746496,-0.23996744743307208
1612467024733,2021-02-04T19:30:24.733Z,17.774,0.9404033081636864,0.1765983528520437,0.16396790652949636,-0.2399357526361466
1612467024763,2021-02-04T19:30:24.763Z,17.804,0.9404640709548107,0.17638681658683633,0.1639305658763549,-0.2398787021578298
1612467024778,2021-02-04T19:30:24.778Z,17.819,0.9405659231460272,0.17610928063960796,0.16403155534711453,-0.23961409461771638
1612467024793,2021-02-04T19:30:24.793Z,17.834,0.9407185114762885,0.17563932217828804,0.16419664431047448,-0.23924667744352734
1612467024823,2021-02-04T19:30:24.823Z,17.864,0.9409099104088408,0.17487682249003836,0.1644838728736935,-0.23885496229864156
1612467024838,2021-02-04T19:30:24.838Z,17.879,0.9410369714950807,0.17414926446717066,0.16479337590449392,-0.2386725690625351
1612467024853,2021-02-04T19:30:24.853Z,17.894,0.94105940814361,0.17386636358656352,0.16493663072074807,-0.23869140287004686
1612467024883,2021-02-04T19:30:24.883Z,17.924,0.9410225054728681,0.173868132864452,0.1649715370244653,-0.2388114497665067
1612467024898,2021-02-04T19:30:24.898Z,17.939,0.941025553119919,0.17384422426062768,0.1650079933756981,-0.23879165854086432
1612467024913,2021-02-04T19:30:24.913Z,17.954,0.9410389776944533,0.17364514265914124,0.16523498235091832,-0.23872663759655355
1612467024943,2021-02-04T19:30:24.943Z,17.984,0.9410855637435304,0.1734087797604616,0.16550456746475586,-0.23852797522264216
1612467024958,2021-02-04T19:30:24.958Z,17.999,0.9411211162921786,0.1733181637954744,0.1656534696986474,-0.2383501343492977
1612467024973,2021-02-04T19:30:24.973Z,18.014,0.9411362351200286,0.17338482268664668,0.16568466857714548,-0.23822023592570726
1612467024988,2021-02-04T19:30:24.988Z,18.029,0.9411392970243571,0.17359501966787017,0.1656647424985656,-0.23806886784267892
1612467025018,2021-02-04T19:30:25.018Z,18.059,0.9411744973945901,0.17366541331204757,0.1656623871412248,-0.2378799343363523
1612467025033,2021-02-04T19:30:25.033Z,18.074,0.9412087740410919,0.17371032898295222,0.1656557522636075,-0.23771608488841825
1612467025048,2021-02-04T19:30:25.048Z,18.089,0.9412324194759133,0.17368261635168056,0.16581940423842392,-0.23752853824912845
1612467025078,2021-02-04T19:30:25.078Z,18.119,0.941242695213531,0.1736948872076731,0.1658320143084666,-0.2374700357844713
1612467025093,2021-02-04T19:30:25.093Z,18.134,0.9412393506309273,0.1736965281703817,0.16584695165834934,-0.23747166052196436
1612467025108,2021-02-04T19:30:25.108Z,18.149,0.9412562056947326,0.17381667632812173,0.16575898222808813,-0.2373783437512966
1612467025138,2021-02-04T19:30:25.138Z,18.179,0.9412920176008425,0.17382847358825573,0.16571495333458913,-0.23725841104632572
1612467025153,2021-02-04T19:30:25.153Z,18.194,0.9413203566493684,0.17385749817409152,0.16558019144479227,-0.23721879497050308
1612467025168,2021-02-04T19:30:25.168Z,18.209,0.9413004599278378,0.17400090096190143,0.16549524835931556,-0.23725187749431198
1612467025198,2021-02-04T19:30:25.198Z,18.239,0.9412723925732266,0.17413269086841346,0.16548693705665848,-0.23727233849314283
1612467025213,2021-02-04T19:30:25.213Z,18.254,0.9412625318646531,0.17437776028360974,0.16518653355849788,-0.23734079286364115
1612467025228,2021-02-04T19:30:25.228Z,18.269,0.9412971792997791,0.17473513774570343,0.16450532228047962,-0.23741367024808208
1612467025258,2021-02-04T19:30:25.258Z,18.299,0.9414076577889253,0.17483829130305478,0.16403106092159372,-0.23722774880594058
1612467025273,2021-02-04T19:30:25.273Z,18.314,0.9414830187805434,0.17494198650347742,0.16374269518196508,-0.2370513794109587
1612467025288,2021-02-04T19:30:25.288Z,18.329,0.9414886989227864,0.17511605491596013,0.16350702127928027,-0.23706296864699467
1612467025318,2021-02-04T19:30:25.318Z,18.359,0.9415119353445655,0.17539367392483002,0.16289830362286167,-0.23718447973608112
1612467025333,2021-02-04T19:30:25.333Z,18.374,0.9415866107629938,0.17572045012394422,0.16207120904626413,-0.23721277587511783
1612467025348,2021-02-04T19:30:25.348Z,18.389,0.9417145948896816,0.17603763939692774,0.1613359754295405,-0.2369706191060804
1612467025378,2021-02-04T19:30:25.378Z,18.419,0.9418771616596344,0.17619723370130144,0.16085202985841665,-0.23653450418580937
1612467025393,2021-02-04T19:30:25.393Z,18.434,0.942030110757174,0.17630427149983938,0.1604063654097159,-0.23614798795200934
1612467025408,2021-02-04T19:30:25.408Z,18.449,0.9421151049883597,0.17642660248693073,0.16015817944812627,-0.23588586317020402
1612467025438,2021-02-04T19:30:25.438Z,18.479,0.9421013925539542,0.17663868550258158,0.1600534875012993,-0.23585296705891037
1612467025453,2021-02-04T19:30:25.453Z,18.494,0.9420533511292921,0.17689424654933975,0.15999377379732785,-0.23589383525200733
1612467025468,2021-02-04T19:30:25.468Z,18.509,0.9420197766472479,0.1770777313475761,0.1599503107230319,-0.23591972271488995
1612467025498,2021-02-04T19:30:25.498Z,18.539,0.9420124463411575,0.17709880862471736,0.15997209225575754,-0.23591840246443097
1612467025513,2021-02-04T19:30:25.513Z,18.554,0.9420271668852809,0.1771401266078364,0.15989145817412437,-0.23588326349786454
1612467025528,2021-02-04T19:30:25.528Z,18.569,0.9420488100271059,0.17713943580497363,0.15984739765435357,-0.23582720214669967
1612467025543,2021-02-04T19:30:25.543Z,18.584,0.9420125546168054,0.17733401291200238,0.15980296550078663,-0.23585590309763357
1612467025573,2021-02-04T19:30:25.573Z,18.614,0.9419916440647363,0.17745257854222002,0.1597668054523464,-0.23587473954725263
1612467025588,2021-02-04T19:30:25.588Z,18.629,0.9419578569107706,0.17768189407800777,0.15964669322613534,-0.23591836228424393
1612467025603,2021-02-04T19:30:25.603Z,18.644,0.9419269820944298,0.17778477703767248,0.15970642723325448,-0.23592369647098574
1612467025633,2021-02-04T19:30:25.633Z,18.674,0.9418792172350094,0.1777757222231935,0.1599608793639396,-0.23594882877840934
1612467025648,2021-02-04T19:30:25.648Z,18.689,0.9418022248547735,0.17771139412255568,0.16033386416995427,-0.23605143858478614
1612467025663,2021-02-04T19:30:25.663Z,18.704,0.9417165016782973,0.17765699067232682,0.1608139639942888,-0.23610779977901047
1612467025693,2021-02-04T19:30:25.693Z,18.734,0.9416183209819664,0.1775658756397365,0.1614132198997414,-0.23615899271675758
1612467025708,2021-02-04T19:30:25.708Z,18.749,0.9415108279889789,0.17744358672286284,0.16199139331938692,-0.2362835643900716
1612467025723,2021-02-04T19:30:25.723Z,18.764,0.9414170238106563,0.17695721688336663,0.1627816782945678,-0.2364788698467225
1612467025753,2021-02-04T19:30:25.753Z,18.794,0.9413394875606805,0.17638468908067606,0.16340581539623691,-0.2367846069988498
1612467025768,2021-02-04T19:30:25.768Z,18.809,0.9412646144953303,0.17619726351120926,0.16350615848596983,-0.2371522421721535
1612467025783,2021-02-04T19:30:25.783Z,18.824,0.9412549966176958,0.1761920678167355,0.16339004503735377,-0.2372742711786836
1612467025813,2021-02-04T19:30:25.813Z,18.854,0.9413440939572838,0.17572208357572824,0.16364107333273478,-0.2370962784061694
1612467025828,2021-02-04T19:30:25.828Z,18.869,0.9415093520354089,0.17484639902094776,0.16404560579405167,-0.23680776169487036
1612467025843,2021-02-04T19:30:25.843Z,18.884,0.9415838184467805,0.17423120638262668,0.1642819630725256,-0.23680125880297193
1612467025873,2021-02-04T19:30:25.873Z,18.914,0.9415032842275441,0.17425743446104125,0.1642348472706556,-0.23713461844654576
1612467025888,2021-02-04T19:30:25.888Z,18.929,0.9414198572769842,0.17436528329507872,0.16415505924364315,-0.23744160720211946
1612467025903,2021-02-04T19:30:25.903Z,18.944,0.941395774274344,0.1743056438047217,0.16426058667684312,-0.23750789119692278
1612467025933,2021-02-04T19:30:25.933Z,18.974,0.9414020281729231,0.17411363495247528,0.16450891642633036,-0.23745205809126557
1612467025948,2021-02-04T19:30:25.948Z,18.989,0.9414456449393488,0.17383332796689285,0.1646140599732344,-0.23741163192189396
1612467025963,2021-02-04T19:30:25.963Z,19.004,0.9414922230694374,0.17374226861748765,0.1644072906910334,-0.23743685637038678
1612467025993,2021-02-04T19:30:25.993Z,19.034,0.9414594251965799,0.17395714478078533,0.16419407337729994,-0.23755708525744382
1612467026008,2021-02-04T19:30:26.008Z,19.049,0.9413862116259777,0.17415145993387002,0.1640803543447932,-0.23778331918256704
1612467026023,2021-02-04T19:30:26.023Z,19.064,0.94134739919281,0.17413041709311114,0.16409995446926068,-0.23793880898058292
1612467026053,2021-02-04T19:30:26.053Z,19.094,0.9413377219279722,0.17405483927426452,0.16428833402819396,-0.23790239490788312
1612467026068,2021-02-04T19:30:26.068Z,19.109,0.9413615186036751,0.17394660876389403,0.164394382160928,-0.23781412007206418
1612467026083,2021-02-04T19:30:26.083Z,19.124,0.9414127050135221,0.1739744478151447,0.1643685507684714,-0.23760890106393567
1612467026113,2021-02-04T19:30:26.113Z,19.154,0.9414405729714497,0.17416408145779877,0.16428147974437934,-0.23741970370242435
1612467026128,2021-02-04T19:30:26.128Z,19.169,0.9414203040061713,0.1745464203189227,0.16412709136499934,-0.23732605469868545
1612467026143,2021-02-04T19:30:26.143Z,19.184,0.941388533961681,0.17497503770287642,0.16395645143782236,-0.23725439161008402
1612467026158,2021-02-04T19:30:26.158Z,19.199,0.9413223869653469,0.17534441225568123,0.1638789487789578,-0.2372976844296527
1612467026188,2021-02-04T19:30:26.188Z,19.229,0.9412624882291886,0.17561342568270383,0.1639095564436891,-0.23731521291104682
1612467026203,2021-02-04T19:30:26.203Z,19.244,0.941288679283643,0.1756801236858274,0.16387406749661457,-0.23718643805306883
1612467026218,2021-02-04T19:30:26.218Z,19.259,0.9413201473715936,0.17569720477072323,0.1638579237513365,-0.2370600202732995
1612467026248,2021-02-04T19:30:26.248Z,19.289,0.941345163328555,0.17571079057241598,0.16384507634854134,-0.23695947440584317
1612467026263,2021-02-04T19:30:26.263Z,19.304,0.9413268615193696,0.17582684079616295,0.1638015885476947,-0.23697616214924697
1612467026279,2021-02-04T19:30:26.279Z,19.32,0.9413135647112602,0.17596656522184392,0.1636835447252214,-0.2370068311268538
1612467026308,2021-02-04T19:30:26.308Z,19.349,0.9412761230698773,0.17620344664167198,0.1635947686894141,-0.23704083443068166
1612467026323,2021-02-04T19:30:26.323Z,19.364,0.9412531706709713,0.17634848565972738,0.16354040612805962,-0.2370616288453994
1612467026338,2021-02-04T19:30:26.338Z,19.379,0.9412363236579953,0.1764548614250023,0.16350052763390524,-0.23707687017020387
1612467026368,2021-02-04T19:30:26.368Z,19.409,0.9412139555403152,0.176595932420653,0.16344762868490773,-0.23709710927363534
1612467026383,2021-02-04T19:30:26.383Z,19.424,0.9412139555403152,0.176595932420653,0.16344762868490773,-0.23709710927363534
1612467026405,2021-02-04T19:30:26.405Z,19.446,0.9412413347151893,0.17659749107718123,0.163239012348343,-0.23713097818790196
1612467026428,2021-02-04T19:30:26.428Z,19.469,0.9412185660318511,0.17669771366781553,0.16297563420627764,-0.23732777249317885
1612467026443,2021-02-04T19:30:26.443Z,19.484,0.941181228636449,0.1767146158855926,0.16289509608809327,-0.2375184773133294
1612467026458,2021-02-04T19:30:26.458Z,19.499,0.9411807551179356,0.17661475588572795,0.16293732647513645,-0.237565657956263
1612467026488,2021-02-04T19:30:26.488Z,19.529,0.9411911133873425,0.17640672984660888,0.16318625880696666,-0.2375083128694775
1612467026503,2021-02-04T19:30:26.503Z,19.544,0.9412183751772727,0.17617024850433,0.16335173390235452,-0.23746204918190963
1612467026518,2021-02-04T19:30:26.518Z,19.559,0.941231364273079,0.17608811856653725,0.1633825578458481,-0.23745027521585155
1612467026548,2021-02-04T19:30:26.548Z,19.589,0.941201565992199,0.17615596156144572,0.16320370110692733,-0.23764099251853724
1612467026563,2021-02-04T19:30:26.563Z,19.604,0.9411537147368885,0.1763050508757264,0.16296503238083493,-0.23788361123409973
1612467026593,2021-02-04T19:30:26.593Z,19.634,0.9411162923328674,0.1763467406675,0.16289498804493152,-0.23804868038161442
1612467026608,2021-02-04T19:30:26.608Z,19.649,0.9411292906505824,0.17626463175962154,0.16292587078043747,-0.23803696876874558
1612467026623,2021-02-04T19:30:26.623Z,19.664,0.941162919561451,0.1760520892865201,0.16300578171087604,-0.23800658778538689
1612467026638,2021-02-04T19:30:26.638Z,19.679,0.9411974452981342,0.17583349260584238,0.1630879493581792,-0.2379753613642406
1612467026668,2021-02-04T19:30:26.668Z,19.709,0.9412265453403516,0.17564894685145765,0.16315731640354242,-0.23794900277293715
1612467026683,2021-02-04T19:30:26.683Z,19.724,0.9412472791029798,0.17556812287530357,0.16312745087093405,-0.23794711299704932
1612467026698,2021-02-04T19:30:26.698Z,19.739,0.9412330157656298,0.17556298450116348,0.16299692442258681,-0.23809672642554283
1612467026734,2021-02-04T19:30:26.735Z,19.775,0.9412109069091757,0.1755764684529953,0.16293353185354142,-0.2382175405769105
1612467026743,2021-02-04T19:30:26.743Z,19.784,0.9412253640877359,0.17548469441182638,0.1629680580195549,-0.2382044250017872
1612467026758,2021-02-04T19:30:26.758Z,19.799,0.9412861391608814,0.17509815776990942,0.1631134033765029,-0.23814923264230786
1612467026773,2021-02-04T19:30:26.773Z,19.814,0.9413348016035219,0.17484425389909358,0.16314238299203138,-0.23812358354478222
1612467026803,2021-02-04T19:30:26.803Z,19.844,0.9413351990517501,0.17489274225133802,0.1630639086719343,-0.23814015499835392
1612467026818,2021-02-04T19:30:26.818Z,19.859,0.9413245846667142,0.1749604191469629,0.16303845597499886,-0.23814982659503534
1612467026833,2021-02-04T19:30:26.833Z,19.874,0.9413245846667142,0.1749604191469629,0.16303845597499886,-0.23814982659503534
1612467026863,2021-02-04T19:30:26.863Z,19.904,0.9413845221722316,0.17480405594886986,0.16308725984576314,-0.23799426277619415
1612467026878,2021-02-04T19:30:26.878Z,19.919,0.9413970822593828,0.17481080652823194,0.16308088339007412,-0.23794398691116986
1612467026893,2021-02-04T19:30:26.893Z,19.934,0.9413952406394179,0.17496259776426343,0.16285841563816922,-0.23799207285298002
1612467026923,2021-02-04T19:30:26.923Z,19.964,0.9413624418805178,0.17522686051428069,0.16269337175640172,-0.2380402637319808
1612467026938,2021-02-04T19:30:26.938Z,19.979,0.9413045226359779,0.17549979457524584,0.16259499031654054,-0.2381354381293648
1612467026953,2021-02-04T19:30:26.953Z,19.994,0.9412918060005743,0.17549298518101797,0.16260147214364465,-0.2381862913039959
1612467026983,2021-02-04T19:30:26.983Z,20.024,0.9412855805627495,0.17543730212694778,0.16262668065017105,-0.23823469853859
1612467026998,2021-02-04T19:30:26.998Z,20.039,0.941259177815993,0.17542317572860333,0.16264012280809242,-0.23834021911423386
1612467027013,2021-02-04T19:30:27.013Z,20.054,0.9412089318635359,0.17554303546283184,0.16260390279254733,-0.23847507223487446
1612467027043,2021-02-04T19:30:27.043Z,20.084,0.9411532091983438,0.17571357729720513,0.1625478763818163,-0.2386075511228415
1612467027058,2021-02-04T19:30:27.058Z,20.099,0.9411277822594476,0.17581055317352148,0.16258811329727743,-0.23860899452171921
1612467027073,2021-02-04T19:30:27.073Z,20.114,0.941058421792195,0.17596667088184104,0.16275836487110942,-0.23865140304894114
1612467027103,2021-02-04T19:30:27.103Z,20.144,0.9409259013347661,0.1764159710809327,0.1627133610868833,-0.23887280186061138
1612467027118,2021-02-04T19:30:27.118Z,20.159,0.940846895350348,0.17691348813948776,0.1625257695092464,-0.23894374122240158
1612467027133,2021-02-04T19:30:27.133Z,20.174,0.9407519100413777,0.17742355311665128,0.1623373276938332,-0.23906760255247317
1612467027163,2021-02-04T19:30:27.163Z,20.204,0.9406920308475164,0.17779801193725947,0.16219601225567756,-0.23912093939989754
1612467027178,2021-02-04T19:30:27.178Z,20.219,0.9406972517043144,0.17791082808248662,0.1621466292790467,-0.23904997071825201
1612467027200,2021-02-04T19:30:27.200Z,20.241,0.9407057608026653,0.1778577375176234,0.16216666096576815,-0.239042403914043
1612467027223,2021-02-04T19:30:27.223Z,20.264,0.9406980791846253,0.17776886702963562,0.16220660054320474,-0.23911163182407724
1612467027238,2021-02-04T19:30:27.238Z,20.279,0.9406319587482466,0.1777966476544769,0.16221407156050066,-0.23934591129165225
1612467027253,2021-02-04T19:30:27.253Z,20.294,0.9405569990051912,0.17785118932659089,0.1622127465371099,-0.2396007323410203
1612467027283,2021-02-04T19:30:27.283Z,20.324,0.9405499405721216,0.17778386715982172,0.16224339174910404,-0.23965764686574073
1612467027298,2021-02-04T19:30:27.298Z,20.339,0.9405590425311561,0.17772702820032918,0.16226487206230292,-0.23964954048476433
1612467027313,2021-02-04T19:30:27.313Z,20.354,0.9405474476341155,0.17779946650299777,0.16223748684559192,-0.23965985546650573
1612467027343,2021-02-04T19:30:27.343Z,20.384,0.9404945486451189,0.17812945359432578,0.16211270429184166,-0.23970684770816847
1612467027358,2021-02-04T19:30:27.358Z,20.399,0.9404402433000958,0.17846739877852652,0.16198489841143834,-0.23975493538511158
1612467027373,2021-02-04T19:30:27.373Z,20.414,0.9404060027007736,0.17875515649286972,0.1620465459741421,-0.23963318019300403
1612467027388,2021-02-04T19:30:27.388Z,20.429,0.9404106490484331,0.17886344253401387,0.16212099610140243,-0.23948374204583406
1612467027418,2021-02-04T19:30:27.418Z,20.459,0.9404274528092784,0.17894085954504696,0.16224125792161276,-0.23927839228803036
1612467027433,2021-02-04T19:30:27.433Z,20.474,0.9404581506278922,0.1789822939166387,0.16227255046258743,-0.23910546783432132
1612467027448,2021-02-04T19:30:27.448Z,20.489,0.9404861209563313,0.1789971589618965,0.16225794660887277,-0.2389942094159497
1612467027478,2021-02-04T19:30:27.478Z,20.519,0.9404861209563313,0.1789971589618965,0.16225794660887277,-0.2389942094159497
1612467027493,2021-02-04T19:30:27.493Z,20.534,0.9404861209563313,0.1789971589618965,0.16225794660887277,-0.2389942094159497
1612467027508,2021-02-04T19:30:27.508Z,20.549,0.9404861209563313,0.1789971589618965,0.16225794660887277,-0.2389942094159497
1612467027538,2021-02-04T19:30:27.538Z,20.579,0.9404839059001701,0.17896643071538984,0.162324380838124,-0.23898082518326302
1612467027553,2021-02-04T19:30:27.553Z,20.594,0.9404924703865082,0.17891335555483914,0.16234441257122756,-0.2389732538534257
1612467027568,2021-02-04T19:30:27.568Z,20.609,0.9405096978188878,0.178806571300727,0.16238470523050483,-0.2389580002333143
1612467027598,2021-02-04T19:30:27.598Z,20.639,0.9405054664193521,0.17877932731115329,0.16246076477477608,-0.23894333987429653
1612467027613,2021-02-04T19:30:27.613Z,20.654,0.9405054664193521,0.17877932731115329,0.16246076477477608,-0.23894333987429653
1612467027628,2021-02-04T19:30:27.628Z,20.669,0.9405054664193521,0.17877932731115329,0.16246076477477608,-0.23894333987429653
1612467027658,2021-02-04T19:30:27.658Z,20.699,0.9404968977966893,0.17883246098439137,0.1624407135174721,-0.23895093790358798
1612467027673,2021-02-04T19:30:27.673Z,20.714,0.9404883260173948,0.1788855940571261,0.16242066171505615,-0.23895853513082782
1612467027688,2021-02-04T19:30:27.688Z,20.729,0.9404489164627969,0.1788646068458512,0.1624412144729647,-0.23911532736815141
1612467027718,2021-02-04T19:30:27.718Z,20.759,0.940365735702574,0.1788972778091862,0.16253836294226853,-0.23935189090764863
1612467027733,2021-02-04T19:30:27.733Z,20.774,0.940267762244175,0.17887267092180223,0.16273543112889263,-0.2396211224765583
1612467027748,2021-02-04T19:30:27.748Z,20.789,0.9401736042101729,0.17881425648467333,0.16292477296954896,-0.23990534378605946
1612467027778,2021-02-04T19:30:27.778Z,20.819,0.940083608335569,0.17873966233029445,0.1631132585783031,-0.2401853603465375
1612467027793,2021-02-04T19:30:27.793Z,20.834,0.9399940689840078,0.1786831493323165,0.16328106232743808,-0.2404636710706974
1612467027808,2021-02-04T19:30:27.808Z,20.849,0.9398931420649733,0.17870622473286474,0.16339494560478973,-0.24076349077832904
1612467027838,2021-02-04T19:30:27.838Z,20.879,0.9397815869091396,0.17874675574076104,0.16361740500266297,-0.2410176570272111
1612467027853,2021-02-04T19:30:27.853Z,20.894,0.9396645740270734,0.1789582342810464,0.16377661068668642,-0.24120874879139514
1612467027868,2021-02-04T19:30:27.868Z,20.909,0.9395780714480582,0.1791333336238544,0.16383949390323269,-0.24137298249034653
1612467027898,2021-02-04T19:30:27.899Z,20.939,0.9395903974987279,0.17912181216203676,0.16376288954263019,-0.24138553673453386
1612467027913,2021-02-04T19:30:27.913Z,20.954,0.9396426196754349,0.1789373737179098,0.16366162151282657,-0.24138773212451153
1612467027928,2021-02-04T19:30:27.928Z,20.969,0.9396660322170008,0.17873470287326762,0.16372754075894216,-0.24140204283185374
1612467027958,2021-02-04T19:30:27.958Z,20.999,0.9396142017573468,0.17871971464734243,0.1637880194038511,-0.24157379856275826
1612467027973,2021-02-04T19:30:27.973Z,21.014,0.9395782482790516,0.17864850218467182,0.16371824282564537,-0.24181349216725972
1612467027988,2021-02-04T19:30:27.988Z,21.029,0.9396659121076036,0.17797295140600944,0.1639814573359924,-0.24179264637449918
1612467028003,2021-02-04T19:30:28.003Z,21.044,0.939891621428847,0.17697764413970415,0.16442683254870347,-0.24134305496660538
1612467028033,2021-02-04T19:30:28.033Z,21.074,0.9401466340650964,0.17628847290382324,0.1647216826210362,-0.2406521307859176
1612467028048,2021-02-04T19:30:28.048Z,21.089,0.9404459616765954,0.17589592696650058,0.16448228017408356,-0.23993248123485408
1612467028063,2021-02-04T19:30:28.063Z,21.104,0.9406706631922478,0.17582989251422038,0.16401718954488415,-0.23941786449989907
1612467028093,2021-02-04T19:30:28.093Z,21.134,0.9408772557171838,0.1754360865708686,0.1637552388029969,-0.2390740282158922
1612467028108,2021-02-04T19:30:28.108Z,21.149,0.9409624739966971,0.17533317634619286,0.1636393304441651,-0.23889342672864622
1612467028123,2021-02-04T19:30:28.123Z,21.164,0.9408996987899519,0.17563645903761765,0.16352921445271895,-0.23899327834519093
1612467028153,2021-02-04T19:30:28.153Z,21.194,0.9407864742104324,0.17601577700798493,0.16340117266346227,-0.23924738861518202
1612467028168,2021-02-04T19:30:28.168Z,21.209,0.940711989092481,0.1763740335685997,0.163270967406786,-0.23936529627843459
1612467028183,2021-02-04T19:30:28.183Z,21.224,0.9407094948142012,0.1767253313047498,0.16299448291926164,-0.2393044132052713
1612467028213,2021-02-04T19:30:28.213Z,21.254,0.940801615993557,0.1770854645110554,0.16264133664119293,-0.23891599615425807
1612467028228,2021-02-04T19:30:28.228Z,21.269,0.9408909114360666,0.17750094610800957,0.1622195654854223,-0.23854248988700108
1612467028243,2021-02-04T19:30:28.243Z,21.284,0.9410022464973913,0.17825607645493738,0.16099268721294283,-0.23837134466564966
1612467028273,2021-02-04T19:30:28.273Z,21.314,0.9410679466117187,0.17925958269865996,0.16000762268934668,-0.2380224412781481
1612467028288,2021-02-04T19:30:28.288Z,21.329,0.9410829279985957,0.18000030655001192,0.1597325518994172,-0.23758856061517722
1612467028303,2021-02-04T19:30:28.303Z,21.344,0.9412624193508937,0.17972043966404155,0.1598807560825481,-0.23698895611217494
1612467028333,2021-02-04T19:30:28.333Z,21.374,0.9413181995802621,0.17940274222987673,0.16024061602959944,-0.23676496403359318
1612467028348,2021-02-04T19:30:28.348Z,21.389,0.9411748141353717,0.17982556659878185,0.16010490634519084,-0.23710578609319735
1612467028363,2021-02-04T19:30:28.363Z,21.404,0.9409199865929124,0.18055357633685315,0.15981542187403971,-0.23775831390970986
1612467028393,2021-02-04T19:30:28.393Z,21.434,0.9408934901528472,0.18070460479460831,0.15949610653557528,-0.23796276598243468
1612467028408,2021-02-04T19:30:28.408Z,21.449,0.9409644839797657,0.1804884932446932,0.15951382555520205,-0.23783415051606527
1612467028423,2021-02-04T19:30:28.423Z,21.464,0.9411128350857075,0.18021778794462207,0.15958353009692794,-0.2374053021040012
1612467028453,2021-02-04T19:30:28.453Z,21.494,0.9411959035532356,0.18019093531151703,0.159622663215667,-0.2370698280129865
1612467028474,2021-02-04T19:30:28.475Z,21.515,0.9411667402576088,0.18036975396936775,0.15955556797101705,-0.23709479035892517
1612467028483,2021-02-04T19:30:28.483Z,21.524,0.9410711718240182,0.18063637844072733,0.15947155078699132,-0.2373275644234773
1612467028513,2021-02-04T19:30:28.513Z,21.554,0.940961592948455,0.18086117555264186,0.15949580256861096,-0.23757441936500012
1612467028528,2021-02-04T19:30:28.528Z,21.569,0.9408962651708023,0.1810109702011235,0.15960231735396774,-0.23764752712731232
1612467028543,2021-02-04T19:30:28.543Z,21.584,0.9409130503722012,0.18074297989695098,0.1598828277519698,-0.23759648197581568
1612467028558,2021-02-04T19:30:28.558Z,21.599,0.9409738545484796,0.1802024474411054,0.16029965765861495,-0.23748537375371837
1612467028588,2021-02-04T19:30:28.588Z,21.629,0.9410492002376168,0.1796153462700249,0.1606052444464529,-0.2374251157159582
1612467028603,2021-02-04T19:30:28.603Z,21.644,0.9407711305307094,0.1798932727723438,0.16065133895480155,-0.23828394336013348
1612467028618,2021-02-04T19:30:28.618Z,21.659,0.9405637855771095,0.1798986382513416,0.16064861372722464,-0.2390988668389948
1612467028648,2021-02-04T19:30:28.648Z,21.689,0.9405373295330177,0.17945494380335844,0.16077212736866345,-0.23945308091730044
1612467028663,2021-02-04T19:30:28.663Z,21.704,0.9406198381096946,0.1787713334004077,0.16112321615406863,-0.2394043435798555
1612467028678,2021-02-04T19:30:28.678Z,21.719,0.940718505740613,0.17808499470438452,0.1616433357838998,-0.23917746468875578
1612467028708,2021-02-04T19:30:28.708Z,21.749,0.9408443330677084,0.1772776606373739,0.16207220774101766,-0.23899199034961682
1612467028723,2021-02-04T19:30:28.723Z,21.764,0.9408554141513933,0.17704501819967755,0.16216747843411858,-0.23905618613833343
1612467028745,2021-02-04T19:30:28.745Z,21.786,0.9407276364497547,0.17738126965005926,0.16211033703682287,-0.23934836081076236
1612467028768,2021-02-04T19:30:28.768Z,21.809,0.9406597774208093,0.17765805327537562,0.16210612127323576,-0.23941262434296273
1612467028783,2021-02-04T19:30:28.783Z,21.824,0.9407723689008919,0.17707724636238933,0.16236493638436678,-0.2392250533832487
1612467028798,2021-02-04T19:30:28.798Z,21.839,0.9409988213870768,0.1759597804451351,0.16278490276261706,-0.23887329119513875
1612467028828,2021-02-04T19:30:28.828Z,21.869,0.9411488631893553,0.17512870316983198,0.16309262589952156,-0.23868294874296261
1612467028843,2021-02-04T19:30:28.843Z,21.884,0.9411666718341407,0.17475268144059883,0.16324579669101708,-0.23878359663235318
1612467028858,2021-02-04T19:30:28.858Z,21.899,0.9411346839805557,0.174689189233633,0.16316995827252603,-0.23900786282266492
1612467028888,2021-02-04T19:30:28.888Z,21.929,0.9410931865773682,0.17469656405837705,0.16316021370075606,-0.23917246779045429
1612467028903,2021-02-04T19:30:28.903Z,21.944,0.9410598946327515,0.17472896280630162,0.16329481679463476,-0.23918793255186466
1612467028918,2021-02-04T19:30:28.918Z,21.959,0.9410614746282167,0.17476426550512067,0.16352701486699478,-0.23899721312540806
1612467028948,2021-02-04T19:30:28.948Z,21.989,0.9410858164352043,0.17470884512060675,0.16386432288281846,-0.2387106810079184
1612467028963,2021-02-04T19:30:28.963Z,22.004,0.9411202926663108,0.17452511173631707,0.1641124112087068,-0.23853866896662185
1612467028978,2021-02-04T19:30:28.978Z,22.019,0.9411137077367622,0.17443577266999447,0.16421074370011104,-0.23856232304461386
1612467029014,2021-02-04T19:30:29.015Z,22.055,0.941081123530567,0.17461805280425474,0.1640132057103831,-0.23869336589419385
1612467029023,2021-02-04T19:30:29.023Z,22.064,0.9410515142562557,0.17482919819465048,0.16389544928295927,-0.2387364251197563
1612467029038,2021-02-04T19:30:29.038Z,22.079,0.9410330441632982,0.17473777095670848,0.16418259137679164,-0.23867885931233654
1612467029068,2021-02-04T19:30:29.068Z,22.109,0.9411601070968428,0.1741324795276386,0.1645093990119525,-0.23839502935200288
1612467029083,2021-02-04T19:30:29.083Z,22.124,0.9412515805908517,0.17355410309424063,0.16480577655785358,-0.23825089999313778
1612467029098,2021-02-04T19:30:29.098Z,22.139,0.9412958034511745,0.1731781226357617,0.16499829772649474,-0.23821651914365613
1612467029128,2021-02-04T19:30:29.128Z,22.169,0.9412511989552836,0.17314337346405093,0.1650591897282404,-0.23837578857129366
1612467029143,2021-02-04T19:30:29.143Z,22.184,0.9412350461341136,0.17332093683780242,0.16480750806127045,-0.2384846453531416
1612467029158,2021-02-04T19:30:29.158Z,22.199,0.9412417060414875,0.17340361120804051,0.16464016292478684,-0.23851384693602257
1612467029173,2021-02-04T19:30:29.173Z,22.214,0.9412459379353939,0.1734054890764511,0.16472308269902522,-0.23843851766106827
1612467029203,2021-02-04T19:30:29.203Z,22.244,0.9412289477547119,0.17342353674987218,0.16483102504167735,-0.23841786424979458
1612467029218,2021-02-04T19:30:29.218Z,22.259,0.9411741633460318,0.17360407070567235,0.16511000696401693,-0.2383096860907233
1612467029233,2021-02-04T19:30:29.233Z,22.274,0.9411954558790212,0.17376906578977486,0.16521576996764165,-0.23803187803575715
1612467029263,2021-02-04T19:30:29.263Z,22.304,0.9412423820343636,0.1737686305634182,0.16528448331357654,-0.2377988243666389
1612467029278,2021-02-04T19:30:29.278Z,22.319,0.9412867774910791,0.17363461907835356,0.16538751591720902,-0.23764930287444466
1612467029293,2021-02-04T19:30:29.293Z,22.334,0.9412670007316505,0.17369498980918688,0.16540596843653851,-0.2376706743677062
1612467029323,2021-02-04T19:30:29.323Z,22.364,0.9412168348927267,0.1739889038126764,0.16531247231359888,-0.23771940930884575
1612467029338,2021-02-04T19:30:29.338Z,22.379,0.941185946818632,0.17417439155561826,0.1652509889228423,-0.23774861828697993
1612467029353,2021-02-04T19:30:29.353Z,22.394,0.9411792517389218,0.17417926629824107,0.1652799614205205,-0.23775141143808384
1612467029383,2021-02-04T19:30:29.383Z,22.424,0.9411791211320134,0.17447913289035394,0.16512202409601207,-0.2376417709272447
1612467029398,2021-02-04T19:30:29.398Z,22.439,0.941187941767152,0.17503956573705745,0.16459458931027401,-0.23756058147023593
1612467029413,2021-02-04T19:30:29.413Z,22.454,0.9412676835716212,0.1752417586569717,0.16434909761189329,-0.23726535356153974
1612467029443,2021-02-04T19:30:29.443Z,22.484,0.9413598943444681,0.1752301328542819,0.16430289144992175,-0.23693988630207008
1612467029458,2021-02-04T19:30:29.458Z,22.499,0.9414312591322795,0.1750205912945235,0.164427656862453,-0.23672457120089882
1612467029473,2021-02-04T19:30:29.473Z,22.514,0.9414150924652827,0.17495351764428974,0.16454824860506176,-0.23675464984553
1612467029503,2021-02-04T19:30:29.503Z,22.544,0.9413541106223783,0.17514967409394713,0.16440447090032867,-0.23695189390911914
1612467029518,2021-02-04T19:30:29.518Z,22.559,0.9413004077185569,0.17524844699230527,0.16435989026153916,-0.23712307084903875
1612467029533,2021-02-04T19:30:29.533Z,22.574,0.941317361677567,0.17510476162349634,0.16446481149343278,-0.23708916643658118
1612467029563,2021-02-04T19:30:29.563Z,22.604,0.9413297968747737,0.1748755966687757,0.16471930275238988,-0.23703225625682955
1612467029578,2021-02-04T19:30:29.578Z,22.619,0.9413383085830738,0.17471471705763358,0.1648658515210078,-0.23701520508119628
1612467029593,2021-02-04T19:30:29.593Z,22.634,0.9412809827850342,0.17484100099980496,0.1649444511550188,-0.23709505235199627
1612467029623,2021-02-04T19:30:29.623Z,22.664,0.9411934913246883,0.17522430851271673,0.16477215217925556,-0.23727914248938992
1612467029638,2021-02-04T19:30:29.638Z,22.679,0.9411399397705172,0.17552707353602193,0.1647075397488932,-0.23731263467100538
1612467029653,2021-02-04T19:30:29.653Z,22.694,0.941139532403576,0.1754588277530538,0.16481717300442522,-0.23728860021824066
1612467029683,2021-02-04T19:30:29.683Z,22.724,0.9411506489354594,0.17526695277059556,0.16500742624407172,-0.23725408438882659
1612467029698,2021-02-04T19:30:29.698Z,22.739,0.9411147096459629,0.17533755306585053,0.16503870933560205,-0.23732271318547166
1612467029713,2021-02-04T19:30:29.713Z,22.754,0.9410686277081093,0.17549798375968817,0.16491263990726476,-0.23747445512870818
1612467029749,2021-02-04T19:30:29.749Z,22.79,0.94106354576093,0.1755571573492247,0.16485869785453028,-0.23748830936497511
1612467029758,2021-02-04T19:30:29.758Z,22.799,0.9410540013460904,0.17558165784731988,0.16488866508487954,-0.23748721250759125
1612467029773,2021-02-04T19:30:29.773Z,22.814,0.9410327684214947,0.17567901719460868,0.16489252038097352,-0.23749667028597266
1612467029788,2021-02-04T19:30:29.788Z,22.829,0.941014101990312,0.17603327779884026,0.16449569720180068,-0.237583481254183
1612467029818,2021-02-04T19:30:29.818Z,22.859,0.941018086191441,0.1764344638602885,0.16401844322486395,-0.23760006671931327
1612467029833,2021-02-04T19:30:29.833Z,22.874,0.9410612030150484,0.1766778093075346,0.16378475466224995,-0.23740959967614383
1612467029848,2021-02-04T19:30:29.848Z,22.889,0.9411343533334658,0.17685249750682464,0.16347550087573667,-0.23720262164365882
1612467029878,2021-02-04T19:30:29.878Z,22.919,0.9412109466370336,0.17706022520793271,0.16309947433418062,-0.23700251486397572
1612467029893,2021-02-04T19:30:29.893Z,22.934,0.9412636005664724,0.1774062673252966,0.16264150398302643,-0.23684930176060237
1612467029908,2021-02-04T19:30:29.908Z,22.949,0.941310631894247,0.17776330137642138,0.16220645607961964,-0.2366929837842668
1612467029938,2021-02-04T19:30:29.938Z,22.979,0.9413346666154513,0.178066797461748,0.1618826823365534,-0.23659090901642083
1612467029953,2021-02-04T19:30:29.953Z,22.994,0.9413241064728032,0.17831860304100794,0.161654723152584,-0.236599139612011
1612467029968,2021-02-04T19:30:29.968Z,23.009,0.9412899746448972,0.17848695146857296,0.16163213898175813,-0.23662342114982177
1612467029998,2021-02-04T19:30:29.998Z,23.039,0.9412770597648544,0.17854000422076594,0.16163338225557225,-0.236633922745459
1612467030013,2021-02-04T19:30:30.013Z,23.054,0.941259064879885,0.17852002826561664,0.1616637916343074,-0.23669979037571398
1612467030028,2021-02-04T19:30:30.028Z,23.069,0.9412274501136609,0.17852167952341083,0.16164611007784166,-0.2368362982935231
1612467030058,2021-02-04T19:30:30.058Z,23.099,0.9411924540709781,0.17862615633838527,0.16146703334486193,-0.23701868663553458
1612467030080,2021-02-04T19:30:30.080Z,23.121,0.9411359079337199,0.17863430936502508,0.16151056659292595,-0.23720734220146938
1612467030088,2021-02-04T19:30:30.088Z,23.129,0.9410789175064077,0.17862865403760717,0.1616220165124158,-0.23736174662346313
1612467030118,2021-02-04T19:30:30.118Z,23.159,0.9410310352937035,0.17862693497470644,0.16185595714752368,-0.2373934663200773
1612467030133,2021-02-04T19:30:30.133Z,23.174,0.94100078697317,0.17851563535276233,0.16225313614907566,-0.2373259502462043
1612467030148,2021-02-04T19:30:30.148Z,23.189,0.9409817190079801,0.17856183840310982,0.16231450749065865,-0.23732483017365327
1612467030178,2021-02-04T19:30:30.178Z,23.219,0.940968216958606,0.1785927124414412,0.162359174239394,-0.2373245800098519
1612467030193,2021-02-04T19:30:30.193Z,23.234,0.9409853275845665,0.17824832616621689,0.16276527079152436,-0.2372374635542825
1612467030208,2021-02-04T19:30:30.208Z,23.249,0.9409785546798415,0.17785675544214863,0.16313027208014874,-0.2373074977898614
1612467030238,2021-02-04T19:30:30.238Z,23.279,0.9409151053999049,0.17769692250249103,0.16327110235917217,-0.23758180759024886
1612467030253,2021-02-04T19:30:30.253Z,23.294,0.9408345687538381,0.17777492284458468,0.1632062383575669,-0.23788676887661167
1612467030268,2021-02-04T19:30:30.268Z,23.309,0.9408072121702602,0.17787442479681145,0.16315327203796656,-0.23795690440693623
1612467030298,2021-02-04T19:30:30.298Z,23.339,0.9408481878102524,0.17780249272515358,0.1632652496047808,-0.23777177996216142
1612467030313,2021-02-04T19:30:30.313Z,23.354,0.9409531626117688,0.17739213875424975,0.16348928419245767,-0.2375087973809417
1612467030328,2021-02-04T19:30:30.328Z,23.369,0.9410302877801144,0.1769658581018394,0.16369058256098182,-0.23738255143881395
1612467030358,2021-02-04T19:30:30.358Z,23.399,0.9409741563662132,0.17701784397373993,0.1636533771152947,-0.23759186039202004
1612467030373,2021-02-04T19:30:30.373Z,23.414,0.940876428457488,0.17727051900428284,0.16345739498940146,-0.23792517623890216
1612467030388,2021-02-04T19:30:30.388Z,23.429,0.9408142361649401,0.17734122544741615,0.16341250527958767,-0.23814914634413062
1612467030418,2021-02-04T19:30:30.418Z,23.459,0.9408182037893935,0.17720166708506915,0.1635007538663436,-0.23817678326383776
1612467030433,2021-02-04T19:30:30.433Z,23.474,0.9408364920723953,0.17706325020233002,0.16358348675848786,-0.23815067388658043
1612467030448,2021-02-04T19:30:30.448Z,23.489,0.9408476342286901,0.17696651676319636,0.16364997080379537,-0.23813287922270446
1612467030463,2021-02-04T19:30:30.463Z,23.504,0.9408590412879179,0.17684943974997486,0.16373513180404398,-0.23811624619083147
1612467030493,2021-02-04T19:30:30.493Z,23.534,0.940941168117653,0.1765109327896052,0.16364891152292643,-0.23810216820619542
1612467030508,2021-02-04T19:30:30.508Z,23.549,0.9410054096003023,0.1762902952630036,0.16351160086548422,-0.238106084091644
1612467030523,2021-02-04T19:30:30.523Z,23.564,0.9410516335134819,0.176074962010344,0.16320444387412167,-0.23829339125204899
1612467030553,2021-02-04T19:30:30.553Z,23.594,0.9411210121980452,0.17573009614834417,0.16266565189130033,-0.23864211573357905
1612467030568,2021-02-04T19:30:30.568Z,23.609,0.9411233227819059,0.1757218460189728,0.16186668578607086,-0.23918173044833974
1612467030583,2021-02-04T19:30:30.583Z,23.624,0.9412963401552038,0.17523958405622533,0.16105508921356917,-0.23940247790829058
1612467030613,2021-02-04T19:30:30.613Z,23.654,0.9415213525988648,0.1747438135352701,0.1607093789379296,-0.239112186542091
1612467030628,2021-02-04T19:30:30.628Z,23.669,0.9416333991596096,0.17455166959308388,0.1607586146841553,-0.23877798063099884
1612467030643,2021-02-04T19:30:30.643Z,23.684,0.9416499787378779,0.17456040032959383,0.1607502517984757,-0.23871183616748626
1612467030673,2021-02-04T19:30:30.673Z,23.714,0.9415954519434601,0.174803832320912,0.16066321887603924,-0.23880735999064973
1612467030688,2021-02-04T19:30:30.688Z,23.729,0.9414829740479403,0.1751894847749868,0.1605326103112214,-0.23905592447957807
1612467030703,2021-02-04T19:30:30.703Z,23.744,0.941412186122581,0.1755159460492596,0.16041501305829042,-0.23917414594358802
1612467030733,2021-02-04T19:30:30.733Z,23.774,0.9413830379216589,0.17560593273247946,0.1604962966249149,-0.23916829027325417
1612467030748,2021-02-04T19:30:30.748Z,23.789,0.9413783472552767,0.17552726870330504,0.16065764517342954,-0.23913616687529649
1612467030763,2021-02-04T19:30:30.763Z,23.804,0.9413822238298051,0.17555229686445842,0.16069942892315797,-0.23907445130468225
1612467030793,2021-02-04T19:30:30.793Z,23.834,0.9413973688385597,0.17556025846700898,0.16069174294505134,-0.2390141279090327
1612467030808,2021-02-04T19:30:30.808Z,23.849,0.9413836375810257,0.1756472504461156,0.160658943696544,-0.2390263460703575
1612467030823,2021-02-04T19:30:30.823Z,23.864,0.9413248157638209,0.1759319922911269,0.16055553041591744,-0.23911806073265796
1612467030853,2021-02-04T19:30:30.853Z,23.894,0.9412566902409895,0.1763620174106542,0.1603933042064105,-0.23917832229776187
1612467030868,2021-02-04T19:30:30.868Z,23.909,0.9412057642902635,0.1768115778070383,0.16021770682373704,-0.2391645074845133
1612467030883,2021-02-04T19:30:30.883Z,23.924,0.9411877812229259,0.17729270176926865,0.16008194935897924,-0.23896993088137292
1612467030913,2021-02-04T19:30:30.913Z,23.954,0.9412083814051191,0.17756911348210863,0.16011305491224603,-0.23866252817860198
1612467030928,2021-02-04T19:30:30.928Z,23.969,0.9412026610585613,0.1776955427530063,0.16034250915018114,-0.23843683578973618
1612467030943,2021-02-04T19:30:30.943Z,23.984,0.9411184276194589,0.17797127232255716,0.16051134242320808,-0.23845007942222873
1612467030973,2021-02-04T19:30:30.973Z,24.014,0.9410054563407971,0.17847121014722628,0.1605359220298498,-0.23850571486540664
1612467030988,2021-02-04T19:30:30.988Z,24.029,0.9408871268561116,0.17915221740583115,0.16033208165319154,-0.2385990802743787
1612467031003,2021-02-04T19:30:31.003Z,24.044,0.9408396537831979,0.17981375532432659,0.16010958233379521,-0.23843800223574527
1612467031018,2021-02-04T19:30:31.018Z,24.059,0.9408608197341696,0.18014441969268752,0.16011355980081188,-0.23810198216445622
1612467031048,2021-02-04T19:30:31.048Z,24.089,0.9409197538827507,0.18005881140405594,0.1603459818025768,-0.2377772220141156
1612467031063,2021-02-04T19:30:31.063Z,24.104,0.9408952988780522,0.1799937145503388,0.16069050280437702,-0.23769068467238721
1612467031078,2021-02-04T19:30:31.078Z,24.119,0.9408246399421775,0.18008747021693255,0.16090197636144485,-0.2377562910871519
1612467031108,2021-02-04T19:30:31.108Z,24.149,0.9407738343710657,0.18035489723648776,0.16083494614744182,-0.23779996573449763
1612467031124,2021-02-04T19:30:31.124Z,24.165,0.9407670136607811,0.18036275085009162,0.16086270631610242,-0.2378022157807257
1612467031138,2021-02-04T19:30:31.138Z,24.179,0.9407582797511352,0.1803720090908516,0.16089876703278827,-0.2378053493585523
1612467031168,2021-02-04T19:30:31.168Z,24.209,0.9407478194999055,0.18037974761897932,0.16094426960211392,-0.2378100688308399
1612467031183,2021-02-04T19:30:31.183Z,24.224,0.9407347125094698,0.18040002637921726,0.16099409843819631,-0.2378128075402482
1612467031198,2021-02-04T19:30:31.198Z,24.239,0.9407296590923366,0.18037129944158636,0.16106400226908554,-0.23780725391550492
1612467031228,2021-02-04T19:30:31.228Z,24.269,0.9407132914828178,0.18040424934956245,0.1611210048483761,-0.237808393125293
1612467031243,2021-02-04T19:30:31.243Z,24.284,0.9406980357768214,0.18055373455295406,0.16098187148547705,-0.23784951435234167
1612467031258,2021-02-04T19:30:31.258Z,24.299,0.9406343648102905,0.18086256537896575,0.16095308254068583,-0.2378861690034377
1612467031288,2021-02-04T19:30:31.288Z,24.329,0.9405833642602249,0.18116173407635203,0.1608546999523458,-0.23792672503652637
1612467031303,2021-02-04T19:30:31.303Z,24.344,0.9405830243267483,0.18124402237157958,0.16082792656095218,-0.2378834940491308
1612467031318,2021-02-04T19:30:31.318Z,24.359,0.9406432344530823,0.1812573259525135,0.16074882624333886,-0.23768866638436242
1612467031348,2021-02-04T19:30:31.348Z,24.389,0.940741998667946,0.18131547058544914,0.16054090965499138,-0.23739378339746747
1612467031363,2021-02-04T19:30:31.363Z,24.404,0.940813054441785,0.18150222109020933,0.1602763919206652,-0.23714809407653548
1612467031378,2021-02-04T19:30:31.378Z,24.419,0.9408474470859276,0.18167867627991982,0.160073404299674,-0.23701359693693047
1612467031408,2021-02-04T19:30:31.408Z,24.449,0.9408199920500379,0.1818948625292014,0.1600174226782938,-0.2369945695239569
1612467031429,2021-02-04T19:30:31.429Z,24.47,0.9407777561109281,0.18208588129166448,0.1600081097190289,-0.23702183499683827
1612467031438,2021-02-04T19:30:31.438Z,24.479,0.9407409034684496,0.1823475334968537,0.15985741684749885,-0.2370686310919772
1612467031468,2021-02-04T19:30:31.468Z,24.509,0.9407794305958797,0.18254486994233382,0.15937028124886568,-0.237091853255413
1612467031483,2021-02-04T19:30:31.483Z,24.524,0.9408674909216317,0.18255948470858738,0.15909818485436017,-0.23691383802094865
1612467031498,2021-02-04T19:30:31.498Z,24.539,0.9409755417712813,0.18254261844801467,0.1589046327995706,-0.23662742848879503
1612467031528,2021-02-04T19:30:31.528Z,24.569,0.9410635791567662,0.18255911792520402,0.1587106016677621,-0.2363946982596798
1612467031543,2021-02-04T19:30:31.543Z,24.584,0.94101716293671,0.18276614357355392,0.15868243506775806,-0.23643840767261878
1612467031558,2021-02-04T19:30:31.558Z,24.599,0.9409721281894681,0.18298702308000336,0.1586374538695547,-0.23647697897403538
1612467031573,2021-02-04T19:30:31.573Z,24.614,0.9409301367989785,0.18320243649621565,0.158588230482155,-0.2365102916954028
1612467031603,2021-02-04T19:30:31.603Z,24.644,0.9408942749117831,0.18341987334183135,0.1584917461661826,-0.2365491067383072
1612467031618,2021-02-04T19:30:31.618Z,24.659,0.9408588040805804,0.1836833982634227,0.15831583734060742,-0.23660349877718015
1612467031633,2021-02-04T19:30:31.633Z,24.674,0.9408218085325809,0.18387626873162133,0.15827128607953983,-0.23663060323962448
1612467031663,2021-02-04T19:30:31.663Z,24.704,0.9407913597611102,0.18401666407949474,0.1582618807192019,-0.23664881544414532
1612467031678,2021-02-04T19:30:31.678Z,24.719,0.9407578504460334,0.18418080496830316,0.1582367536948517,-0.23667113826045885
1612467031700,2021-02-04T19:30:31.700Z,24.741,0.9407407876933457,0.18424829088809833,0.15824417863437062,-0.23668146865196593
1612467031723,2021-02-04T19:30:31.723Z,24.764,0.9407328762163637,0.18425827630427527,0.15827582164179085,-0.23668398235343446
1612467031738,2021-02-04T19:30:31.738Z,24.779,0.940726606695932,0.1842624863976096,0.15830347436554296,-0.23668713012059994
1612467031753,2021-02-04T19:30:31.753Z,24.794,0.9407202690654133,0.18427362737658673,0.1583265747355077,-0.23668819437287772
1612467031783,2021-02-04T19:30:31.783Z,24.824,0.9407049978388464,0.18433848777199494,0.15832938463144028,-0.23669650383809943
1612467031798,2021-02-04T19:30:31.798Z,24.839,0.9406987376749786,0.18435017647669308,0.15835175555396264,-0.23669731490384932
1612467031813,2021-02-04T19:30:31.813Z,24.854,0.9407086197804259,0.18433894979368629,0.15828253521342783,-0.2367130822455256
1612467031843,2021-02-04T19:30:31.843Z,24.884,0.9407087183784196,0.18446507886211175,0.15815919228803,-0.2366968773389798
1612467031858,2021-02-04T19:30:31.858Z,24.899,0.9407088750223457,0.18456342552257798,0.15809863874859043,-0.23666004064777663
1612467031873,2021-02-04T19:30:31.873Z,24.914,0.9406971759145446,0.18471558742244396,0.15793020536352498,-0.2367002856428708
1612467031903,2021-02-04T19:30:31.903Z,24.944,0.9407163115131889,0.18479064341322035,0.1576486086943402,-0.23675336436192002
1612467031918,2021-02-04T19:30:31.918Z,24.959,0.9407402726406382,0.18479875853672817,0.15744303006112875,-0.23678861999782108
1612467031933,2021-02-04T19:30:31.933Z,24.974,0.9407402726406382,0.18479875853672817,0.15744303006112875,-0.23678861999782108
1612467031963,2021-02-04T19:30:31.963Z,25.004,0.9407547700734162,0.18480716925709667,0.15731246141088448,-0.23681123761371997
1612467031978,2021-02-04T19:30:31.978Z,25.019,0.940811330546086,0.18474683918928772,0.15696281252425315,-0.23686561846360663
1612467031993,2021-02-04T19:30:31.993Z,25.034,0.9409369392288922,0.18460300500972762,0.1564950029516088,-0.2367883463921285
1612467032023,2021-02-04T19:30:32.023Z,25.064,0.9410744315621925,0.18443124937216104,0.15611720087383604,-0.23662512146058837
1612467032038,2021-02-04T19:30:32.038Z,25.079,0.9411575984769321,0.18431996353617813,0.1559118298251008,-0.23651644169432307
1612467032053,2021-02-04T19:30:32.053Z,25.094,0.9412068338956482,0.18428926488064956,0.15577750850833258,-0.23643293028005993
1612467032083,2021-02-04T19:30:32.083Z,25.124,0.9412831126971342,0.18422478058049127,0.15553681305156655,-0.23633796088869438
1612467032098,2021-02-04T19:30:32.098Z,25.139,0.9413635449457953,0.18416089466841393,0.1552908173210048,-0.2362291327880401
1612467032113,2021-02-04T19:30:32.113Z,25.154,0.9413972967480002,0.18410010526769843,0.15512196298471875,-0.23625295239583266
1612467032143,2021-02-04T19:30:32.143Z,25.184,0.9414115646365183,0.18393315465109836,0.15518903967450573,-0.23628208259117361
1612467032158,2021-02-04T19:30:32.158Z,25.199,0.9413448856726324,0.18371651618037163,0.15557745471320952,-0.23646078635893292
1612467032173,2021-02-04T19:30:32.173Z,25.214,0.9412709700262666,0.18340761808702438,0.1561075760127292,-0.23664537038548902
1612467032203,2021-02-04T19:30:32.203Z,25.244,0.941256902579245,0.1830433686285521,0.15656288065202772,-0.2366825573420582
1612467032218,2021-02-04T19:30:32.218Z,25.259,0.9412173205262504,0.18284462005967522,0.15693590133683616,-0.23674653815465566
1612467032233,2021-02-04T19:30:32.233Z,25.274,0.9412126053203795,0.1826253842321813,0.15734680988325223,-0.23666174604197254
1612467032248,2021-02-04T19:30:32.248Z,25.289,0.9411685044256988,0.182391050227262,0.1578870418308877,-0.23665805098492054
1612467032278,2021-02-04T19:30:32.278Z,25.319,0.9410720898631935,0.18216692793161135,0.15838420432028433,-0.23688177614648032
1612467032293,2021-02-04T19:30:32.293Z,25.334,0.9409679162641468,0.181934776299843,0.15888450851965735,-0.23713884263591722
1612467032308,2021-02-04T19:30:32.308Z,25.349,0.9408678223595386,0.18174069827787054,0.1594061552411504,-0.23733465214571187
1612467032338,2021-02-04T19:30:32.338Z,25.379,0.9407279095258729,0.18157619162959004,0.1598935596402184,-0.23768705572234144
1612467032353,2021-02-04T19:30:32.353Z,25.394,0.9405412879242566,0.18149706749982522,0.16021153130260685,-0.23827120144158928
1612467032368,2021-02-04T19:30:32.368Z,25.409,0.940317540318684,0.18173794015977787,0.16040232642052954,-0.23884165916854452
1612467032404,2021-02-04T19:30:32.405Z,25.445,0.9401665883408429,0.1821601052706786,0.16045226002393218,-0.23908064427830122
1612467032413,2021-02-04T19:30:32.413Z,25.454,0.9402140705620002,0.1819904693271787,0.16088273048807764,-0.23873357037083753
1612467032428,2021-02-04T19:30:32.428Z,25.469,0.9404392093429431,0.18081419967456552,0.16182363271038513,-0.23810382320088952
1612467032458,2021-02-04T19:30:32.458Z,25.499,0.9406742190467376,0.17920098757450661,0.1630316326556791,-0.23757042414146426
1612467032473,2021-02-04T19:30:32.473Z,25.514,0.9408265750804765,0.1780579609527559,0.1638280067441466,-0.23727853331038387
1612467032488,2021-02-04T19:30:32.488Z,25.529,0.940846314613704,0.17759513439489988,0.16407548092739457,-0.23737610889791116
1612467032518,2021-02-04T19:30:32.518Z,25.559,0.9408545511911444,0.177376109169333,0.16399531560293382,-0.23756255146624705
1612467032533,2021-02-04T19:30:32.533Z,25.574,0.9408964535398783,0.17717735705927998,0.16398825897268282,-0.23754978168938942
1612467032548,2021-02-04T19:30:32.548Z,25.589,0.9409187024160323,0.17709794920144692,0.1640230592776229,-0.23749683757385323
1612467032578,2021-02-04T19:30:32.578Z,25.619,0.9408805031667067,0.1771998432824783,0.16388773904211576,-0.2376655281968612
1612467032593,2021-02-04T19:30:32.593Z,25.634,0.9407937558101123,0.17738167531222834,0.16374896098872274,-0.2379687543927651
1612467032608,2021-02-04T19:30:32.608Z,25.649,0.9406964024137355,0.17755510713653555,0.16359080322448047,-0.23833277474144843
1612467032638,2021-02-04T19:30:32.638Z,25.679,0.9405362264455833,0.17813049565594885,0.1632311778047644,-0.23878173266256747
1612467032653,2021-02-04T19:30:32.653Z,25.694,0.9404231322561958,0.17868493768332075,0.16284556710135598,-0.2390760268993761
1612467032668,2021-02-04T19:30:32.668Z,25.709,0.9404056104146638,0.1789351782279938,0.16276189620445866,-0.23901475903606617
1612467032698,2021-02-04T19:30:32.698Z,25.739,0.9404718105914308,0.17885040776309255,0.16286485681120444,-0.23874744719413762
1612467032713,2021-02-04T19:30:32.713Z,25.754,0.9405236029918224,0.17875532744149092,0.16298772788113078,-0.23853068080796871
1612467032728,2021-02-04T19:30:32.729Z,25.769,0.9405238951734319,0.17877365449598165,0.16304516822562548,-0.23847653172634062
1612467032758,2021-02-04T19:30:32.758Z,25.799,0.940490944930647,0.17892269401749067,0.16302650664475576,-0.2385074636152707
1612467032773,2021-02-04T19:30:32.773Z,25.814,0.9404669386560579,0.17917308006133584,0.16277813445656106,-0.23858378741875708
1612467032788,2021-02-04T19:30:32.788Z,25.829,0.9404187015133553,0.17949959494184067,0.16260640926941947,-0.2386455885285883
1612467032803,2021-02-04T19:30:32.803Z,25.844,0.9404539021456342,0.17927058072617355,0.16269348461264216,-0.2386196699556567
1612467032833,2021-02-04T19:30:32.833Z,25.874,0.9405410227254907,0.1782886198343322,0.16297415463678575,-0.2388203875896736
1612467032848,2021-02-04T19:30:32.848Z,25.889,0.940372506569513,0.17777393982632217,0.1628302503964214,-0.23996309041733288
1612467032863,2021-02-04T19:30:32.863Z,25.904,0.9399961189639948,0.178234373007631,0.16193615035784945,-0.24169503060361808
1612467032893,2021-02-04T19:30:32.893Z,25.934,0.9396655557540223,0.1794398499322778,0.16091916797403807,-0.2427653289996527
1612467032908,2021-02-04T19:30:32.908Z,25.949,0.939549824259989,0.18018898895948854,0.16077375649190656,-0.242754722331538
1612467032923,2021-02-04T19:30:32.923Z,25.964,0.9396872732303261,0.18009830338209332,0.16116009775505932,-0.24203275096446303
1612467032953,2021-02-04T19:30:32.953Z,25.994,0.93986200235339,0.17948541181741284,0.16188308846249935,-0.24132606396088352
1612467032968,2021-02-04T19:30:32.968Z,26.009,0.9398568560503012,0.17903935450817074,0.16251315332203373,-0.24125396301381258
1612467032983,2021-02-04T19:30:32.983Z,26.024,0.9396452528905224,0.17920145321106057,0.16256944260509884,-0.24191902409363744
1612467033013,2021-02-04T19:30:33.013Z,26.054,0.9393212124720619,0.17975535447279536,0.16219744049423165,-0.24301370873984712
1612467033028,2021-02-04T19:30:33.028Z,26.069,0.9391233812417107,0.17984507855447604,0.16187841858289057,-0.24392293890073835
1612467033043,2021-02-04T19:30:33.043Z,26.084,0.9390713034511161,0.1794702295024045,0.16217116686495453,-0.24420490657363011
1612467033073,2021-02-04T19:30:33.073Z,26.114,0.9391607869138456,0.17882919211652457,0.16270134879138412,-0.24397829303399526
1612467033088,2021-02-04T19:30:33.088Z,26.129,0.9393137965088664,0.17816136062134844,0.16331959066294008,-0.24346423264072997
1612467033103,2021-02-04T19:30:33.103Z,26.144,0.939436792037344,0.1778061403212235,0.16354916317210774,-0.24309496386465268
1612467033133,2021-02-04T19:30:33.133Z,26.174,0.9394084789517523,0.17796010906440235,0.16324301433074928,-0.24329740550929047
1612467033148,2021-02-04T19:30:33.148Z,26.189,0.9392727132295603,0.1783962286078953,0.16281991571463317,-0.2437852145794316
1612467033163,2021-02-04T19:30:33.163Z,26.204,0.9391266926435871,0.1787783131341848,0.16248185000455517,-0.24429289456779188
1612467033193,2021-02-04T19:30:33.193Z,26.234,0.9390802125873899,0.17881338468348446,0.1623161483674259,-0.2445559154140876
1612467033208,2021-02-04T19:30:33.208Z,26.249,0.9391298743576136,0.17850513315035688,0.16243452402681471,-0.2445118032574467
1612467033223,2021-02-04T19:30:33.223Z,26.264,0.9391620342845393,0.17814518173642555,0.16274791119578058,-0.24444239604461424
1612467033253,2021-02-04T19:30:33.253Z,26.294,0.9391659943657574,0.17792842686073268,0.16303268588797631,-0.24439528079321696
1612467033268,2021-02-04T19:30:33.268Z,26.309,0.9391538686490416,0.1778912230081623,0.16316116934456176,-0.24438321668296717
1612467033283,2021-02-04T19:30:33.283Z,26.324,0.9391584172429447,0.1779027024944426,0.1631975478232095,-0.2443330844388293
1612467033313,2021-02-04T19:30:33.313Z,26.354,0.9392128502764834,0.1779903445330635,0.16290689240487702,-0.2442539734282967
1612467033328,2021-02-04T19:30:33.328Z,26.369,0.9391702062700806,0.17831202340161215,0.1624515890224921,-0.24448645604430574
1612467033343,2021-02-04T19:30:33.343Z,26.384,0.9390609987924957,0.17876875578279305,0.16207991677720426,-0.24481885768912315
1612467033373,2021-02-04T19:30:33.373Z,26.414,0.938969722810354,0.17918368079824434,0.1617354603715717,-0.24509326600181316
1612467033388,2021-02-04T19:30:33.388Z,26.429,0.9389002759050421,0.1793986032552409,0.16166385232394953,-0.2452492852329748
1612467033403,2021-02-04T19:30:33.403Z,26.444,0.9388885202193336,0.1794409671535036,0.16169249331610938,-0.24524441586422593
1612467033418,2021-02-04T19:30:33.418Z,26.459,0.9388725753401749,0.17949766227616493,0.1617318469135843,-0.24523801949416515
1612467033448,2021-02-04T19:30:33.448Z,26.489,0.9388600933695277,0.17953230753034746,0.1617690905853471,-0.24523588025038265
1612467033463,2021-02-04T19:30:33.463Z,26.504,0.9389131397074251,0.17957377240121142,0.16175835052664664,-0.24500941285028563
1612467033478,2021-02-04T19:30:33.478Z,26.519,0.9390057852097937,0.17963150705897052,0.16171879224075786,-0.2446378737040779
1612467033508,2021-02-04T19:30:33.508Z,26.549,0.9391008853716372,0.17977681736355866,0.16166106939550273,-0.24420385270248987
1612467033523,2021-02-04T19:30:33.523Z,26.564,0.9391943768338926,0.1800561129675988,0.16160723469105392,-0.24367359397789928
1612467033538,2021-02-04T19:30:33.538Z,26.579,0.9392714450400204,0.18029405032372764,0.1617555080266272,-0.24310154991966795
1612467033568,2021-02-04T19:30:33.568Z,26.609,0.9393211808919105,0.18047265839008875,0.16202544115755219,-0.24259656864667603
1612467033583,2021-02-04T19:30:33.583Z,26.624,0.9393237329547375,0.1806632344434705,0.16242769805237597,-0.24217548045540657
1612467033598,2021-02-04T19:30:33.598Z,26.639,0.9393095875674733,0.18091223403323786,0.16282050709291498,-0.24178036469269437
1612467033628,2021-02-04T19:30:33.628Z,26.669,0.9392921458985449,0.18114097838567944,0.16323851005577003,-0.24139469637412858
1612467033643,2021-02-04T19:30:33.643Z,26.684,0.939187708786449,0.18124101683798594,0.1639541126140039,-0.24124093855925005
1612467033658,2021-02-04T19:30:33.658Z,26.699,0.9390993887962031,0.18135755293039046,0.16409597457574474,-0.24140067747571708
1612467033688,2021-02-04T19:30:33.688Z,26.729,0.9389940945388144,0.18160910408762937,0.16402515548622076,-0.24166913766851106
1612467033703,2021-02-04T19:30:33.703Z,26.744,0.938959655539848,0.18181198381905977,0.1638398592070221,-0.24177607065896958
1612467033718,2021-02-04T19:30:33.718Z,26.759,0.9388137417070195,0.18226862247789868,0.16380017346894413,-0.24202564081852732
1612467033748,2021-02-04T19:30:33.748Z,26.789,0.9385950400381764,0.18286843429356903,0.16386596044660592,-0.24237663575861473
1612467033763,2021-02-04T19:30:33.763Z,26.804,0.9384620843179433,0.18325060465498968,0.16380067621400987,-0.24264680229303567
1612467033778,2021-02-04T19:30:33.778Z,26.819,0.9383894367036437,0.18332480106497057,0.16381784756306236,-0.24286003215291008
1612467033814,2021-02-04T19:30:33.814Z,26.855,0.9382932140045855,0.18352626953204745,0.1639136717973959,-0.24301494016313233
1612467033823,2021-02-04T19:30:33.823Z,26.864,0.9382524264766349,0.1837444002418175,0.16387805389872104,-0.2430316091393251
1612467033838,2021-02-04T19:30:33.838Z,26.879,0.9383264446945979,0.18378187370519675,0.1638767374265895,-0.24271819259095442
1612467033868,2021-02-04T19:30:33.868Z,26.909,0.9384495164623645,0.1836938692542775,0.16400167514468209,-0.24222410697468783
1612467033883,2021-02-04T19:30:33.883Z,26.924,0.9385193532248391,0.18368842249342612,0.16411726862079018,-0.24187912105999895
1612467033898,2021-02-04T19:30:33.898Z,26.939,0.9384464714366578,0.18395243933614647,0.16420074814642002,-0.2419045981756518
1612467033928,2021-02-04T19:30:33.928Z,26.969,0.9383302115455587,0.18443391578811483,0.16417315077589947,-0.24200768866348685
1612467033943,2021-02-04T19:30:33.943Z,26.984,0.9382251367555025,0.18481353267572007,0.16404735385923622,-0.2422106863699899
1612467033958,2021-02-04T19:30:33.958Z,26.999,0.9381647488942692,0.18498630736438354,0.16383179579199592,-0.24245847625400185
1612467033988,2021-02-04T19:30:33.988Z,27.029,0.9381849039799449,0.18513454894483808,0.16343503718955532,-0.2425350971508693
1612467034003,2021-02-04T19:30:34.003Z,27.044,0.9382862063742428,0.18532117928540787,0.16283114434740734,-0.24240683543706315
1612467034018,2021-02-04T19:30:34.018Z,27.059,0.9384222997302087,0.18540312778205476,0.16226710730771302,-0.24219548605142166
1612467034033,2021-02-04T19:30:34.033Z,27.074,0.9384713856682094,0.18538981032030852,0.16207086821110192,-0.24214687730526338
1612467034063,2021-02-04T19:30:34.063Z,27.104,0.9384786608603655,0.18532085952140034,0.16212004572898112,-0.2421385407340552
1612467034078,2021-02-04T19:30:34.078Z,27.119,0.938445427701354,0.18513343699846904,0.16239746537727723,-0.24222479842202882
1612467034093,2021-02-04T19:30:34.093Z,27.134,0.9384871731235557,0.18484080066487601,0.16275425826010298,-0.2420470113641741
1612467034123,2021-02-04T19:30:34.123Z,27.164,0.9386560383566686,0.18441743899219598,0.16306646310070205,-0.24150440671745838
1612467034138,2021-02-04T19:30:34.138Z,27.179,0.9388652904890582,0.18404116994600722,0.1632578167927949,-0.24084787592140308
1612467034153,2021-02-04T19:30:34.153Z,27.194,0.9390409247308206,0.18370905340829372,0.1633893333331329,-0.24032696712909316
1612467034183,2021-02-04T19:30:34.183Z,27.224,0.9391567311815451,0.18334709870730156,0.16359375674890964,-0.2400115797722864
1612467034198,2021-02-04T19:30:34.198Z,27.239,0.9392485755851456,0.18303854516871565,0.1637950613706731,-0.2397502494563303
1612467034213,2021-02-04T19:30:34.213Z,27.254,0.9393730348204201,0.18262354631845812,0.1639703801203864,-0.23945909092268727
1612467034243,2021-02-04T19:30:34.243Z,27.284,0.9396866738991431,0.1815712342472137,0.16414124734889057,-0.238911056062836
1612467034259,2021-02-04T19:30:34.259Z,27.3,0.9400152974747911,0.18038001466893824,0.16417066178970185,-0.23850007259735753
1612467034273,2021-02-04T19:30:34.273Z,27.314,0.9402073656316259,0.17964651765988798,0.16400557215777076,-0.2384101730336097
1612467034303,2021-02-04T19:30:34.303Z,27.344,0.9402675612746123,0.17945211493608224,0.1635547026677253,-0.23862881405004752
1612467034318,2021-02-04T19:30:34.318Z,27.359,0.9402828593803368,0.17958834733818493,0.16322812249382737,-0.23868965181384993
1612467034333,2021-02-04T19:30:34.333Z,27.374,0.9403284646148845,0.1795877649526964,0.16336223739078237,-0.23841852425721138
1612467034363,2021-02-04T19:30:34.363Z,27.404,0.9404023632902964,0.1796005192946965,0.16350110774191123,-0.23802192410420708
1612467034378,2021-02-04T19:30:34.378Z,27.419,0.9404308242046047,0.17955713861226608,0.1636158969995598,-0.2378632739795133
1612467034393,2021-02-04T19:30:34.393Z,27.434,0.9404048735584312,0.17936799494371453,0.16374644682213732,-0.23801869113695215
1612467034423,2021-02-04T19:30:34.423Z,27.464,0.9403722139502072,0.17898064202267613,0.16392421175929314,-0.23831676779159022
1612467034438,2021-02-04T19:30:34.438Z,27.479,0.940401248259658,0.17858013889976096,0.1639833076498817,-0.23846194890259442
1612467034453,2021-02-04T19:30:34.453Z,27.494,0.9405274343439443,0.1782840357519351,0.1636998626244851,-0.2383805839810049
1612467034483,2021-02-04T19:30:34.483Z,27.524,0.9407258455443938,0.1782162761625755,0.1632048039239241,-0.23798746692144002
1612467034498,2021-02-04T19:30:34.498Z,27.539,0.9408775102597341,0.1782919638129506,0.16300762436005736,-0.23746578854154018
1612467034513,2021-02-04T19:30:34.513Z,27.554,0.9410483200724107,0.1781816542143537,0.1630416956363974,-0.23684755197033128
1612467034543,2021-02-04T19:30:34.543Z,27.584,0.941201905355348,0.17791416843052135,0.1633820712755724,-0.23620292295575557
1612467034558,2021-02-04T19:30:34.558Z,27.599,0.9413220278212013,0.1776530951258948,0.16369629132480315,-0.2357026557705198
1612467034573,2021-02-04T19:30:34.573Z,27.614,0.9414530622555208,0.17736820962980557,0.16372232595698197,-0.23537555048402017
1612467034603,2021-02-04T19:30:34.603Z,27.644,0.9415796747043226,0.1770707921440925,0.16352697154884935,-0.23522878295231553
1612467034618,2021-02-04T19:30:34.618Z,27.659,0.9416261273389125,0.17683741852408127,0.16352490229336006,-0.23521983345884695
1612467034633,2021-02-04T19:30:34.633Z,27.674,0.9416227183943169,0.17665611958832975,0.16342811886913824,-0.2354368738719264
1612467034663,2021-02-04T19:30:34.663Z,27.704,0.9415559451656904,0.1765789881506832,0.1634397264654574,-0.2357535129742945
1612467034678,2021-02-04T19:30:34.678Z,27.719,0.9414882934210215,0.1765156149314387,0.16350582393843827,-0.23602516089341155
1612467034693,2021-02-04T19:30:34.693Z,27.734,0.9414087793914229,0.17645287171432014,0.16359340361188926,-0.23632835725574353
1612467034708,2021-02-04T19:30:34.708Z,27.749,0.9413187196377305,0.17658873614633144,0.16342316512429012,-0.23670309551542434
1612467034738,2021-02-04T19:30:34.738Z,27.779,0.9412087903442286,0.17691104092492235,0.16310411868657,-0.2371192591188909
1612467034759,2021-02-04T19:30:34.760Z,27.8,0.9411232647037746,0.17733423609876894,0.16272856788875165,-0.23740046868835635
1612467034768,2021-02-04T19:30:34.768Z,27.809,0.9411018764966779,0.17771254817822796,0.16254784501856803,-0.23732616028211534
1612467034798,2021-02-04T19:30:34.798Z,27.839,0.941172720987574,0.17781381361601578,0.16256303771605207,-0.23695867936141116
1612467034813,2021-02-04T19:30:34.813Z,27.854,0.9412471657350521,0.17772080088588993,0.16277620006605825,-0.23658613361789455
1612467034828,2021-02-04T19:30:34.828Z,27.869,0.9412732723041272,0.17767550635646143,0.16300157660957132,-0.23636101055303066
1612467034858,2021-02-04T19:30:34.858Z,27.899,0.9412527306803796,0.1777023882332789,0.1630953570134222,-0.2363579123354706
1612467034873,2021-02-04T19:30:34.873Z,27.914,0.9412490946923775,0.17769640291033456,0.16311680729604264,-0.23636208941167666
1612467034888,2021-02-04T19:30:34.888Z,27.929,0.9412464482972671,0.17768207575382428,0.1631389929986887,-0.23636808686234684
1612467034918,2021-02-04T19:30:34.918Z,27.959,0.9412449618718881,0.17766994990948018,0.1631541375403567,-0.23637266773764906
1612467034933,2021-02-04T19:30:34.933Z,27.974,0.941242605301041,0.17765981561602498,0.16317211730290626,-0.23637725782374977
1612467034948,2021-02-04T19:30:34.948Z,27.989,0.941229556901871,0.177708998471358,0.16317434558592417,-0.23639070628774714
1612467034978,2021-02-04T19:30:34.978Z,28.019,0.9411906043149642,0.17787978622712478,0.16316903039984731,-0.23642101327800555
1612467034993,2021-02-04T19:30:34.993Z,28.034,0.9411367079022502,0.17805320369322242,0.16317857676986697,-0.2364984265843119
1612467035008,2021-02-04T19:30:35.008Z,28.049,0.9410761520077492,0.1781036403166579,0.16323910426666707,-0.23665959576247642
1612467035038,2021-02-04T19:30:35.038Z,28.079,0.9410124169133137,0.1781043260399275,0.16334882055527328,-0.236836743526059
1612467035059,2021-02-04T19:30:35.059Z,28.1,0.940912273380597,0.17817848438014075,0.16350876358461994,-0.23706835667541476
1612467035068,2021-02-04T19:30:35.068Z,28.109,0.9407954437275852,0.17838715800785904,0.16362644911282456,-0.2372937843054965
1612467035098,2021-02-04T19:30:35.098Z,28.139,0.940702003612611,0.17867535746814114,0.16360725594091094,-0.2374605711193679
1612467035113,2021-02-04T19:30:35.113Z,28.154,0.9406414758849323,0.17899353656467454,0.16357436117921736,-0.23748338063514632
1612467035128,2021-02-04T19:30:35.128Z,28.169,0.9406398050116127,0.17913845418798346,0.16373081054752178,-0.23727282426840793
1612467035158,2021-02-04T19:30:35.158Z,28.199,0.9406727593815175,0.1790999377732623,0.16396269428743593,-0.2370109848280878
1612467035173,2021-02-04T19:30:35.173Z,28.214,0.940711213899834,0.17905784698530522,0.16415723202897525,-0.2367553645615515
1612467035188,2021-02-04T19:30:35.188Z,28.229,0.9406969557248602,0.17919707097307636,0.16431589675988006,-0.23659656235171087
1612467035218,2021-02-04T19:30:35.218Z,28.259,0.9406312674171938,0.17954020220756042,0.16423779343712866,-0.23665181544897332
1612467035233,2021-02-04T19:30:35.233Z,28.274,0.9405720597537407,0.17989553642416792,0.16411608475564646,-0.2367017260387939
1612467035248,2021-02-04T19:30:35.248Z,28.289,0.9405694169489952,0.18024050746250989,0.1639720325670666,-0.23654958022729405
1612467035263,2021-02-04T19:30:35.263Z,28.304,0.9405455693131678,0.18061631618078453,0.16399405223094354,-0.23634239824357836
1612467035293,2021-02-04T19:30:35.293Z,28.334,0.9404750943570181,0.18098571189957174,0.16425893903851482,-0.236156240502563
1612467035308,2021-02-04T19:30:35.308Z,28.349,0.9403241492720088,0.18139583814789645,0.16469342659487038,-0.23614004199824937
1612467035323,2021-02-04T19:30:35.323Z,28.364,0.9401119869322352,0.18188074753989664,0.16509714366646683,-0.23632980949052323
1612467035353,2021-02-04T19:30:35.353Z,28.394,0.9398390010832559,0.1825386744923898,0.1653802567408569,-0.2367100653494009
1612467035368,2021-02-04T19:30:35.368Z,28.409,0.9396017189507532,0.18294643391840718,0.16568821202439046,-0.23712154785571068
1612467035383,2021-02-04T19:30:35.383Z,28.424,0.9394405177625226,0.1828766032766494,0.16609055738054318,-0.23753228898214884
1612467035413,2021-02-04T19:30:35.413Z,28.454,0.9393226279612527,0.18260444955405455,0.16640409801746658,-0.2379880076096697
1612467035428,2021-02-04T19:30:35.428Z,28.469,0.939137496328555,0.1829450191253313,0.166136449722376,-0.2386431709490337
1612467035443,2021-02-04T19:30:35.443Z,28.484,0.938966864642241,0.18331672319581024,0.1656173201515516,-0.2393890335134192
1612467035473,2021-02-04T19:30:35.473Z,28.514,0.9389504925404558,0.1833411010933321,0.1654123106170201,-0.23957625237960956
1612467035488,2021-02-04T19:30:35.488Z,28.529,0.9389402961721169,0.18335863433609345,0.1654604539773838,-0.23956955066998478
1612467035503,2021-02-04T19:30:35.503Z,28.544,0.9389414493763494,0.18345253856251018,0.16565649125021148,-0.2393575727748747
1612467035533,2021-02-04T19:30:35.533Z,28.574,0.9389451883913572,0.18369292166233842,0.1657935588197886,-0.2390634635023557
1612467035548,2021-02-04T19:30:35.548Z,28.589,0.938873346631889,0.1843185357694192,0.16583645459858057,-0.23883422426910864
1612467035563,2021-02-04T19:30:35.563Z,28.604,0.9386735786396037,0.18553132371292458,0.16592133167265674,-0.23862135776418275
1612467035593,2021-02-04T19:30:35.593Z,28.634,0.9384658062249049,0.1865516233603449,0.16612404008815893,-0.23850204542738604
1612467035608,2021-02-04T19:30:35.608Z,28.649,0.9384407540340598,0.18664403774486887,0.16657332989101498,-0.23821477727315024
1612467035623,2021-02-04T19:30:35.623Z,28.664,0.9384371374553973,0.18649927253238388,0.1669425682967701,-0.23808389126501112
1612467035653,2021-02-04T19:30:35.653Z,28.694,0.9383651743151341,0.18669997544553718,0.16711185914179866,-0.23809146422191557
1612467035668,2021-02-04T19:30:35.668Z,28.709,0.9381604403380908,0.18743758796318769,0.16707836841850518,-0.23834210205037687
1612467035683,2021-02-04T19:30:35.683Z,28.724,0.9380115064056632,0.18810476715688002,0.16697097043534068,-0.23847789301173186
1612467035713,2021-02-04T19:30:35.713Z,28.754,0.9379942349626438,0.18810292687643249,0.16697821858712708,-0.23854219457956183
1612467035728,2021-02-04T19:30:35.728Z,28.769,0.9379527722810742,0.18788575244920544,0.16710224656993586,-0.2387894055190134
1612467035743,2021-02-04T19:30:35.743Z,28.784,0.9378692980310266,0.18787538386162292,0.1671689842670662,-0.23907854493608324
1612467035773,2021-02-04T19:30:35.773Z,28.814,0.9377854438136642,0.1880477501242407,0.1671833521330913,-0.2392618478027008
1612467035788,2021-02-04T19:30:35.788Z,28.829,0.9377804821677216,0.18811014132249726,0.16722620099938523,-0.2392022986850642
1612467035803,2021-02-04T19:30:35.803Z,28.844,0.9378714717968537,0.18778379923913832,0.16737595619299192,-0.23899714730807986
1612467035818,2021-02-04T19:30:35.818Z,28.859,0.9380120620726317,0.18721026553889722,0.16751043731271625,-0.2388010495672233
1612467035848,2021-02-04T19:30:35.848Z,28.889,0.9381041189165235,0.18668551132994612,0.1677708584237639,-0.23866738569625093
1612467035863,2021-02-04T19:30:35.863Z,28.904,0.938207639405381,0.18613582809134238,0.1678441302171861,-0.2386382760869871
1612467035878,2021-02-04T19:30:35.878Z,28.919,0.9383436510197164,0.1854700509702094,0.1678793321537124,-0.23859711360307817
1612467035908,2021-02-04T19:30:35.908Z,28.949,0.9384925343386867,0.18467490585433055,0.16793121937764482,-0.2385918014026894
1612467035923,2021-02-04T19:30:35.923Z,28.964,0.9386276475249318,0.1839113908377699,0.16783915705388897,-0.23871480260212055
1612467035938,2021-02-04T19:30:35.938Z,28.979,0.9387409020656341,0.18334287030582466,0.16755564893636143,-0.238905871017302
1612467035968,2021-02-04T19:30:35.969Z,29.009,0.9387656266656739,0.18311112867154308,0.16729791555213416,-0.23916692956918084
1612467035983,2021-02-04T19:30:35.983Z,29.024,0.9387813006090925,0.18298306275342274,0.16707820340810617,-0.2393569349695081
1612467035998,2021-02-04T19:30:35.998Z,29.039,0.938928321436361,0.1824757606259912,0.16682272349837388,-0.239345739283674
1612467036028,2021-02-04T19:30:36.028Z,29.069,0.9391520873131365,0.18166998375391888,0.1664476745163378,-0.23934190094158866
1612467036043,2021-02-04T19:30:36.043Z,29.084,0.9392993300815405,0.18116447548965914,0.16613061923510722,-0.23936753890510196
1612467036064,2021-02-04T19:30:36.065Z,29.105,0.9393174117364266,0.18112655277086798,0.16586462023704587,-0.2395097067839691
1612467036088,2021-02-04T19:30:36.088Z,29.129,0.9392650515771491,0.18117506794362886,0.16575753661159343,-0.239752365364459
1612467036103,2021-02-04T19:30:36.103Z,29.144,0.9392329937188212,0.18125229368012716,0.1657949638530838,-0.23979370197448546
1612467036118,2021-02-04T19:30:36.118Z,29.159,0.9392989692703307,0.18107858547436798,0.16593258205512507,-0.23957122202555023
1612467036148,2021-02-04T19:30:36.148Z,29.189,0.9393958944745452,0.18089231285385565,0.16613350745658623,-0.23919235417321438
1612467036163,2021-02-04T19:30:36.163Z,29.204,0.9394921456194747,0.18073028584844464,0.1663126260116118,-0.23881202341083455
1612467036178,2021-02-04T19:30:36.178Z,29.219,0.9395658203098552,0.18056913130383387,0.16642235719321163,-0.23856751067968762
1612467036208,2021-02-04T19:30:36.208Z,29.249,0.9396031704933049,0.1803037779284368,0.16653554379912533,-0.23854211853505386
1612467036223,2021-02-04T19:30:36.223Z,29.264,0.9395609688304768,0.18012589740882426,0.1665893545553444,-0.23880501226279882
1612467036238,2021-02-04T19:30:36.238Z,29.279,0.9394820135055728,0.18016440236408635,0.16643167005039322,-0.23919622410176855
1612467036268,2021-02-04T19:30:36.268Z,29.309,0.9394231002661901,0.18023810757085684,0.16627220974576226,-0.23948280842640282
1612467036283,2021-02-04T19:30:36.283Z,29.324,0.9394291831550233,0.1802564146086527,0.16621916332088582,-0.239481992170651
1612467036298,2021-02-04T19:30:36.298Z,29.339,0.9394693740416198,0.18021789305801858,0.16626600646910136,-0.23932074994114558
1612467036328,2021-02-04T19:30:36.328Z,29.369,0.939507054412479,0.1801816556837919,0.16633572884702466,-0.23915160667067178
1612467036343,2021-02-04T19:30:36.343Z,29.384,0.9394923438737776,0.18028698843382343,0.16648733085961986,-0.2390244888442558
1612467036358,2021-02-04T19:30:36.358Z,29.399,0.9394692829227321,0.18034129479108138,0.16657543195874006,-0.23901278063208836
1612467036388,2021-02-04T19:30:36.388Z,29.429,0.9394597279398595,0.18036686293015058,0.166603811658402,-0.23901126391196068
1612467036403,2021-02-04T19:30:36.403Z,29.444,0.9394645159947058,0.18030418003121268,0.16665808850225308,-0.23900189829137403
1612467036418,2021-02-04T19:30:36.418Z,29.459,0.9394704591469699,0.18022866317421055,0.1667148204533032,-0.2389959288394707
1612467036433,2021-02-04T19:30:36.433Z,29.474,0.939450702299714,0.1802153699149032,0.1667591933394761,-0.23905265075245719
1612467036463,2021-02-04T19:30:36.463Z,29.504,0.9394189951290547,0.18027504124585078,0.1667696759538745,-0.23912493863410308
1612467036478,2021-02-04T19:30:36.478Z,29.519,0.9394021067303662,0.18036203646550505,0.16675931633234495,-0.23913290883718735
1612467036493,2021-02-04T19:30:36.493Z,29.534,0.9394409825195693,0.18042347627517785,0.16675397691933247,-0.2389374829385991
1612467036523,2021-02-04T19:30:36.523Z,29.564,0.939475001792737,0.18048272705187401,0.16676220610870637,-0.23875316302870847
1612467036544,2021-02-04T19:30:36.544Z,29.585,0.9394263764015158,0.18070557160268766,0.16675083669467972,-0.23878387335514822
1612467036553,2021-02-04T19:30:36.553Z,29.594,0.9393113024154277,0.1810337643395775,0.16668587881439287,-0.2390332008896438
1612467036583,2021-02-04T19:30:36.583Z,29.624,0.939161265443481,0.18139650754192455,0.16657563690454458,-0.23942427139293349
1612467036598,2021-02-04T19:30:36.598Z,29.639,0.9389802525259222,0.18170525748933816,0.16666047858977137,-0.23984071723399453
1612467036613,2021-02-04T19:30:36.613Z,29.654,0.9388496873851496,0.1818290843190497,0.16685134881356542,-0.2401251256982421
1612467036643,2021-02-04T19:30:36.643Z,29.684,0.9387991006382437,0.18175744695166055,0.1671933249283392,-0.24013927462588489
1612467036658,2021-02-04T19:30:36.658Z,29.699,0.9387447651061569,0.1819126559245103,0.16734807172722965,-0.24012637191582017
1612467036673,2021-02-04T19:30:36.673Z,29.714,0.9386949581478387,0.18227967259817224,0.16733719379037512,-0.2400503282224232
1612467036703,2021-02-04T19:30:36.703Z,29.744,0.9387483142857603,0.1825466492274751,0.16720693624954414,-0.23972935521438615
1612467036718,2021-02-04T19:30:36.718Z,29.759,0.938835607356008,0.1825948044228593,0.16716014617380062,-0.2393832184790888
1612467036733,2021-02-04T19:30:36.733Z,29.774,0.9388962585066176,0.18262828639775455,0.16712759007327252,-0.23914241239477918
1612467036763,2021-02-04T19:30:36.763Z,29.804,0.9389253931134783,0.18285272880867431,0.16690663952954807,-0.23901079351124552
1612467036778,2021-02-04T19:30:36.778Z,29.819,0.9389381738987349,0.18313338701467732,0.16678260471049333,-0.2388322233749559
1612467036793,2021-02-04T19:30:36.793Z,29.834,0.9389768490632449,0.18320734289797383,0.16673915815957313,-0.23865372313827718
1612467036823,2021-02-04T19:30:36.823Z,29.864,0.9390035299849229,0.18310473478235312,0.16683337426111988,-0.23856163146823783
1612467036838,2021-02-04T19:30:36.838Z,29.879,0.9390202758184883,0.18294121956138523,0.16697173020870928,-0.23852436583769213
1612467036853,2021-02-04T19:30:36.853Z,29.894,0.9390336100815532,0.18291853938636313,0.1669091979423706,-0.2385330306858981
1612467036889,2021-02-04T19:30:36.889Z,29.93,0.9390464164042567,0.18302920587510726,0.16663618484464487,-0.23858859892180956
1612467036898,2021-02-04T19:30:36.898Z,29.939,0.9390634608536254,0.18315234720317033,0.16631069882324842,-0.23865411301819986
1612467036913,2021-02-04T19:30:36.913Z,29.954,0.9390987717126907,0.18313750956306046,0.16607100471060735,-0.23869346650707682
1612467036943,2021-02-04T19:30:36.943Z,29.984,0.9391810436161621,0.18285393362638783,0.1659139202643454,-0.2386964124823202
1612467036958,2021-02-04T19:30:36.958Z,29.999,0.9392375897261561,0.18241170812167196,0.16608590163756784,-0.2386926728300866
1612467036973,2021-02-04T19:30:36.973Z,30.014,0.9392483846656744,0.18203020951911508,0.16624567336131071,-0.23883017149010477
1612467037003,2021-02-04T19:30:37.003Z,30.044,0.9392506766234628,0.1817128563265379,0.1662324873995368,-0.23907188132647708
1612467037018,2021-02-04T19:30:37.018Z,30.059,0.9392808213421828,0.18136507845380462,0.16614083261852977,-0.2392811541116872
1612467037033,2021-02-04T19:30:37.033Z,30.074,0.9393248673779278,0.18106477354678555,0.16588800311829563,-0.23951098456503825
1612467037048,2021-02-04T19:30:37.048Z,30.089,0.9393400016841422,0.18095174869665878,0.16549782629574306,-0.23980678758333962
1612467037078,2021-02-04T19:30:37.078Z,30.119,0.9393251989450205,0.18102286556382002,0.16507731378661808,-0.24010075643978165
1612467037093,2021-02-04T19:30:37.093Z,30.134,0.9392819403661028,0.18117386883180903,0.16492037843021137,-0.24026388520341424
1612467037108,2021-02-04T19:30:37.108Z,30.149,0.9392732565268272,0.18122692392095416,0.16490024932757838,-0.2402716366767834
1612467037138,2021-02-04T19:30:37.138Z,30.179,0.9392732565268272,0.18122692392095416,0.16490024932757838,-0.2402716366767834
1612467037153,2021-02-04T19:30:37.153Z,30.194,0.9393081816541595,0.1810801284645725,0.1648737881926079,-0.2402639401155106
1612467037168,2021-02-04T19:30:37.168Z,30.209,0.9393406178275154,0.18102398718586765,0.16471985253238017,-0.24028501814400208
1612467037198,2021-02-04T19:30:37.198Z,30.239,0.9393406178235495,0.18106893556918283,0.16464738543612992,-0.2403008172016112
1612467037213,2021-02-04T19:30:37.213Z,30.254,0.9393327259291305,0.18111717504774738,0.1646290872459518,-0.24030784950524978
1612467037228,2021-02-04T19:30:37.228Z,30.269,0.9393701031755567,0.18107439708169185,0.16463628159611696,-0.24018902298741687
1612467037258,2021-02-04T19:30:37.258Z,30.299,0.9393796746466166,0.18101586287075538,0.1646584699271225,-0.24018049989795465
1612467037273,2021-02-04T19:30:37.273Z,30.314,0.9393657252017167,0.18100833784272652,0.16466582946301675,-0.240235677106717
1612467037288,2021-02-04T19:30:37.288Z,30.329,0.9392886488889449,0.1811924540957284,0.1646099458206475,-0.24043646641903416
1612467037318,2021-02-04T19:30:37.318Z,30.359,0.939201274358303,0.18146911785240236,0.16444903803395655,-0.2406791212367971
1612467037333,2021-02-04T19:30:37.333Z,30.374,0.9391488070670791,0.1816768404797135,0.16420722087357767,-0.24089215933850322
1612467037348,2021-02-04T19:30:37.348Z,30.389,0.9391038862769945,0.18180944123395645,0.16409005799748075,-0.24104703010828787
1612467037378,2021-02-04T19:30:37.378Z,30.419,0.9390937710754711,0.18182705100580843,0.16413819646194047,-0.24104038066681596
1612467037393,2021-02-04T19:30:37.393Z,30.434,0.9390742769063924,0.18180934872500085,0.16431487489179478,-0.24100930492041372
1612467037408,2021-02-04T19:30:37.408Z,30.449,0.9390742769063924,0.18180934872500085,0.16431487489179478,-0.24100930492041372
1612467037438,2021-02-04T19:30:37.438Z,30.479,0.9390995131005214,0.18190159578371118,0.16426773890196522,-0.24087346035156904
1612467037453,2021-02-04T19:30:37.453Z,30.494,0.9391073485025935,0.18204749625486144,0.1642027501584478,-0.24077697966410117
1612467037468,2021-02-04T19:30:37.468Z,30.509,0.9391334278096894,0.18212448313203028,0.16416185396059207,-0.24064489007359943
1612467037498,2021-02-04T19:30:37.498Z,30.539,0.9392071996248977,0.18211548970460958,0.1640323680115816,-0.24045200524620466
1612467037513,2021-02-04T19:30:37.513Z,30.554,0.9392592144902444,0.18212042327102962,0.16396198490050323,-0.2402930438656877
1612467037528,2021-02-04T19:30:37.528Z,30.569,0.9392519161508239,0.18224856005391873,0.16390919884819943,-0.24026043140354986
1612467037558,2021-02-04T19:30:37.558Z,30.599,0.9392319060971719,0.1823698286083434,0.163863182784412,-0.2402780254417766
1612467037579,2021-02-04T19:30:37.580Z,30.62,0.9392137423898446,0.18247986933327762,0.1638214312898874,-0.240293949246137
1612467037588,2021-02-04T19:30:37.588Z,30.629,0.9392057773081387,0.18252810400448433,0.1638031310299042,-0.24030092256240523
1612467037618,2021-02-04T19:30:37.618Z,30.659,0.9392364173360066,0.18254452348472996,0.16378678126042417,-0.24017980676964865
1612467037633,2021-02-04T19:30:37.633Z,30.674,0.9392734592653307,0.18251917183017613,0.16383903855348977,-0.24001852028548593
1612467037648,2021-02-04T19:30:37.648Z,30.689,0.9393182771712362,0.18245868307764906,0.1640302259442843,-0.23975839530305854
1612467037663,2021-02-04T19:30:37.663Z,30.704,0.9393544454060195,0.18250604716225055,0.16406277272636868,-0.23955829196772913
1612467037693,2021-02-04T19:30:37.693Z,30.734,0.9393671096064247,0.1825128648491409,0.16405598620743578,-0.23950808116582697
1612467037708,2021-02-04T19:30:37.708Z,30.749,0.9393588728099864,0.18260631922561935,0.16396588757823635,-0.23953084970981126
1612467037723,2021-02-04T19:30:37.723Z,30.764,0.9393588728099864,0.18260631922561935,0.16396588757823635,-0.23953084970981126
1612467037753,2021-02-04T19:30:37.753Z,30.794,0.9393915289411969,0.18240866683170917,0.16404068754293852,-0.2395021637660894
1612467037768,2021-02-04T19:30:37.768Z,30.809,0.9395036525339017,0.18190055076169517,0.16422433641277143,-0.23932288615557512
1612467037783,2021-02-04T19:30:37.783Z,30.824,0.939634561222094,0.18134783097057727,0.16442118084638474,-0.23909314262084141
1612467037813,2021-02-04T19:30:37.813Z,30.854,0.9397355381282622,0.1808144422171121,0.16461855470272288,-0.23896440595219737
1612467037828,2021-02-04T19:30:37.828Z,30.869,0.9398015916992176,0.18040924079730847,0.16477158277386736,-0.2389054197475447
1612467037843,2021-02-04T19:30:37.843Z,30.884,0.9398261824717372,0.18016410816535988,0.16486865305367812,-0.23892670028660978
1612467037873,2021-02-04T19:30:37.873Z,30.914,0.9398095205740356,0.17996813415788573,0.16500963355890153,-0.23904258314971433
1612467037888,2021-02-04T19:30:37.888Z,30.929,0.9398205702561522,0.17973176752281617,0.16516483897152037,-0.23906978779017074
1612467037903,2021-02-04T19:30:37.903Z,30.944,0.9398717923215716,0.1794414700363191,0.1653424686696997,-0.23896368109746477
1612467037933,2021-02-04T19:30:37.933Z,30.974,0.9399529158050925,0.17922019264354136,0.16554957394613945,-0.2386670844179578
1612467037948,2021-02-04T19:30:37.948Z,30.989,0.9400690018567289,0.17905265402567447,0.1655866909910874,-0.2383096024105566
1612467037963,2021-02-04T19:30:37.963Z,31.004,0.9401674307687619,0.1789798775060592,0.16558873639691335,-0.23797431783294318
1612467037993,2021-02-04T19:30:37.993Z,31.034,0.9402545401552477,0.17892262621109978,0.1655874643134811,-0.23767390519238424
1612467038008,2021-02-04T19:30:38.008Z,31.049,0.940299278876735,0.17876006094453728,0.1656957143185526,-0.23754375809829617
1612467038023,2021-02-04T19:30:38.023Z,31.064,0.9403218902444778,0.17861940082827943,0.1657485594101914,-0.23752319345328138
1612467038053,2021-02-04T19:30:38.053Z,31.094,0.9402955724278312,0.17860493560919868,0.165762352906087,-0.23762860898403854
1612467038068,2021-02-04T19:30:38.068Z,31.109,0.9402830342028562,0.17859804891926923,0.16576892258817033,-0.23767881019657142
1612467038083,2021-02-04T19:30:38.083Z,31.124,0.9402830342028562,0.17859804891926923,0.16576892258817033,-0.23767881019657142
1612467038113,2021-02-04T19:30:38.113Z,31.154,0.9402830342028562,0.17859804891926923,0.16576892258817033,-0.23767881019657142
1612467038128,2021-02-04T19:30:38.128Z,31.169,0.9402830342028562,0.17859804891926923,0.16576892258817033,-0.23767881019657142
1612467038143,2021-02-04T19:30:38.143Z,31.184,0.9402830342028562,0.17859804891926923,0.16576892258817033,-0.23767881019657142
1612467038173,2021-02-04T19:30:38.173Z,31.214,0.9402830342028562,0.17859804891926923,0.16576892258817033,-0.23767881019657142
1612467038188,2021-02-04T19:30:38.188Z,31.229,0.9402890710286336,0.17865395294183956,0.16574351998803358,-0.23763062425609338
1612467038203,2021-02-04T19:30:38.203Z,31.244,0.9403512508982065,0.1786467610577636,0.16563379106091086,-0.23746643332593123
1612467038233,2021-02-04T19:30:38.233Z,31.274,0.9404868512403796,0.17856337513289006,0.1654124478517086,-0.23714621186266627
1612467038248,2021-02-04T19:30:38.248Z,31.289,0.9406426816725724,0.17845992822435439,0.16524222957310983,-0.23672432278855002
1612467038263,2021-02-04T19:30:38.263Z,31.304,0.940791266974993,0.17829695776844964,0.1650893776687293,-0.23636303478982165
1612467038278,2021-02-04T19:30:38.278Z,31.319,0.9409322976841639,0.17796210779357086,0.16518893227642126,-0.2359841435729222
1612467038308,2021-02-04T19:30:38.308Z,31.349,0.9410213920841722,0.1776589511001484,0.1652903025016496,-0.23578624351915645
1612467038323,2021-02-04T19:30:38.323Z,31.364,0.9410387659248237,0.17739723369267543,0.16556864544591182,-0.23571865889249607
1612467038338,2021-02-04T19:30:38.338Z,31.379,0.941063587262373,0.17718494998841458,0.16571435688219735,-0.2356768341386079
1612467038368,2021-02-04T19:30:38.368Z,31.409,0.9410950775583105,0.17698684507009968,0.16578831694483434,-0.2356479272818864
1612467038383,2021-02-04T19:30:38.383Z,31.424,0.9411218394214076,0.17681821183164137,0.1658512717534762,-0.23562334134478663
1612467038398,2021-02-04T19:30:38.398Z,31.439,0.9411534368787916,0.17661887155272973,0.16592567487205104,-0.23559425477063994
1612467038428,2021-02-04T19:30:38.428Z,31.469,0.941167660561101,0.17659463537116502,0.1658581679842789,-0.23560313577066036
1612467038443,2021-02-04T19:30:38.443Z,31.484,0.941167660561101,0.17659463537116502,0.1658581679842789,-0.23560313577066036
1612467038458,2021-02-04T19:30:38.458Z,31.499,0.941167660561101,0.17659463537116502,0.1658581679842789,-0.23560313577066036
1612467038488,2021-02-04T19:30:38.488Z,31.529,0.9412219516471388,0.17647436876718922,0.16577729565322552,-0.23553327397986926
1612467038503,2021-02-04T19:30:38.503Z,31.544,0.9413001212246523,0.17620226586275556,0.1658686681817898,-0.23536020947238526
1612467038518,2021-02-04T19:30:38.518Z,31.559,0.9413275691137715,0.1760654717535182,0.16583854066832013,-0.23537403363916434
1612467038548,2021-02-04T19:30:38.548Z,31.589,0.9412437984456604,0.17614115874271877,0.16595138248406704,-0.23557279710523552
1612467038563,2021-02-04T19:30:38.563Z,31.604,0.941095325282721,0.17639894131048237,0.16599920247016886,-0.23593911717817864
1612467038578,2021-02-04T19:30:38.578Z,31.619,0.9409537409415791,0.17663400095690757,0.166033277373427,-0.2363036984870136
1612467038608,2021-02-04T19:30:38.608Z,31.649,0.9408597407307456,0.17687096668420874,0.1660326855597966,-0.23650107133387197
1612467038623,2021-02-04T19:30:38.623Z,31.664,0.9408509718344776,0.17704071195261778,0.1660263152933383,-0.23641340431444757
1612467038638,2021-02-04T19:30:38.638Z,31.679,0.9409308852635004,0.1771608014154336,0.16595261176201073,-0.23605687926526125
1612467038668,2021-02-04T19:30:38.668Z,31.709,0.9411129944584046,0.1770199170877102,0.16573891961051515,-0.2355862711240506
1612467038683,2021-02-04T19:30:38.683Z,31.724,0.9412637925209472,0.17676430419017888,0.16552005762737618,-0.23532948004080445
1612467038698,2021-02-04T19:30:38.698Z,31.739,0.9412883558495834,0.1765438590312084,0.16546402029052656,-0.23543609529902826
1612467038728,2021-02-04T19:30:38.728Z,31.769,0.9412050339371311,0.17660524836153438,0.16533893722249762,-0.2358107422928388
1612467038743,2021-02-04T19:30:38.743Z,31.784,0.941083940422773,0.1768494169269301,0.1651679188735437,-0.23623052170694162
1612467038758,2021-02-04T19:30:38.758Z,31.799,0.9409704335804004,0.17712098594920037,0.16511012719430554,-0.23651943971220732
1612467038788,2021-02-04T19:30:38.788Z,31.829,0.9409286229794223,0.1772612147600974,0.16519929093593513,-0.23651846116970965
1612467038803,2021-02-04T19:30:38.803Z,31.844,0.9409306167832389,0.17708633997248277,0.1655570271323787,-0.23639135636091438
1612467038824,2021-02-04T19:30:38.824Z,31.865,0.9409881789000473,0.17669448825902176,0.1661493976123724,-0.2360395785928729
1612467038833,2021-02-04T19:30:38.833Z,31.874,0.940952599231262,0.1766518782799767,0.16645395336527222,-0.23599873158379478
1612467038863,2021-02-04T19:30:38.863Z,31.904,0.9409185864591498,0.1768000110417029,0.16647354571786274,-0.236009593719179
1612467038878,2021-02-04T19:30:38.878Z,31.919,0.9409069697669142,0.17700133660588938,0.16627374717918797,-0.236045847416902
1612467038893,2021-02-04T19:30:38.893Z,31.934,0.9409561253633059,0.17711198326261193,0.16602548453819935,-0.23594163263382553
1612467038923,2021-02-04T19:30:38.923Z,31.964,0.9409802802126513,0.1772568473422888,0.16584282758241778,-0.2358649589503735
1612467038938,2021-02-04T19:30:38.938Z,31.979,0.9409926108378949,0.1773946408935049,0.16568099012268667,-0.2358259045200773
1612467038953,2021-02-04T19:30:38.953Z,31.994,0.9409746693763276,0.17755934241941815,0.16552449635962,-0.23588343014419044
1612467038983,2021-02-04T19:30:38.983Z,32.024,0.9409151387104435,0.17797072142990789,0.1652722881713326,-0.2359877005732223
1612467038998,2021-02-04T19:30:38.998Z,32.039,0.9408323642071931,0.1785246419543572,0.16498386511267327,-0.23610112013257234
1612467039013,2021-02-04T19:30:39.013Z,32.054,0.9407256920122161,0.17907693601966135,0.16468644097653984,-0.23631546613040014
1612467039043,2021-02-04T19:30:39.043Z,32.084,0.9406563061071755,0.17963250698515337,0.16434023921895805,-0.23641100225769637
1612467039058,2021-02-04T19:30:39.058Z,32.099,0.9406125179827302,0.18013078665184526,0.1638893834588515,-0.23651904934667142
1612467039073,2021-02-04T19:30:39.073Z,32.114,0.9406106902216607,0.1804450664196367,0.1634029364129606,-0.23662330362237408
1612467039103,2021-02-04T19:30:39.103Z,32.144,0.9406131328048862,0.18066881502856982,0.16301028223624064,-0.2367136699821352
1612467039118,2021-02-04T19:30:39.118Z,32.159,0.9406111276879084,0.18098406683123297,0.1624908542808759,-0.23683791144574023
1612467039139,2021-02-04T19:30:39.139Z,32.18,0.9406251177815047,0.18125680709477973,0.16203898908484562,-0.2368833546214201
1612467039163,2021-02-04T19:30:39.163Z,32.204,0.9407433466498527,0.18124795577007366,0.16160732297638933,-0.23671545666392257
1612467039178,2021-02-04T19:30:39.178Z,32.219,0.9409003573748784,0.18106116702617508,0.16126005611874875,-0.23647106712560723
1612467039194,2021-02-04T19:30:39.194Z,32.235,0.9408980762352269,0.18123180510189577,0.16105552088041,-0.2364888203494986
1612467039223,2021-02-04T19:30:39.223Z,32.264,0.9408509516681026,0.1814930880141659,0.1607992229679981,-0.23665028130385957
1612467039238,2021-02-04T19:30:39.238Z,32.279,0.9407606437018504,0.18173968869602794,0.16077222569651206,-0.23683831670348598
1612467039253,2021-02-04T19:30:39.253Z,32.294,0.9406500220800174,0.18194646102691991,0.16097173397445058,-0.2369833794634155
1612467039283,2021-02-04T19:30:39.283Z,32.324,0.9405328814480293,0.1822437137850724,0.16128247341877539,-0.23700863163356287
1612467039298,2021-02-04T19:30:39.298Z,32.339,0.9404387614301033,0.1824307605418594,0.16171138528807075,-0.23694594631718244
1612467039313,2021-02-04T19:30:39.313Z,32.354,0.9403514455844845,0.18263213127385117,0.16216711547036336,-0.23682586445226658
1612467039343,2021-02-04T19:30:39.343Z,32.384,0.9402844626816738,0.18275380943175001,0.1624743007291437,-0.23678740671791562
1612467039358,2021-02-04T19:30:39.358Z,32.399,0.9401906659393047,0.18299558959998222,0.16242447642747732,-0.23700720521710203
1612467039373,2021-02-04T19:30:39.373Z,32.414,0.9400709060613929,0.18338793610434115,0.1622157439548719,-0.23732174127430705
1612467039403,2021-02-04T19:30:39.403Z,32.444,0.9399693152549371,0.1837749869170526,0.16206610517859718,-0.23752687872121273
1612467039424,2021-02-04T19:30:39.424Z,32.465,0.9399411866585778,0.18392476088375892,0.16205807201304084,-0.2375277441734603
1612467039433,2021-02-04T19:30:39.433Z,32.474,0.9399421432387843,0.1838553853746227,0.162180697922014,-0.2374939701423137
1612467039448,2021-02-04T19:30:39.448Z,32.489,0.9399684869382826,0.1837784979709685,0.16231075043672893,-0.2373603326993711
1612467039478,2021-02-04T19:30:39.478Z,32.519,0.9399437050118707,0.18384854238535853,0.1623527530534824,-0.23737550094163337
1612467039493,2021-02-04T19:30:39.493Z,32.534,0.939893241643075,0.1840691261257597,0.1623367204930845,-0.2374153329094852
1612467039508,2021-02-04T19:30:39.508Z,32.549,0.9398244483055855,0.18430945776800225,0.16232862385185856,-0.23750673258400248
1612467039538,2021-02-04T19:30:39.538Z,32.579,0.9397651599353104,0.18453750685284667,0.16217436799583224,-0.2376695754644429
1612467039553,2021-02-04T19:30:39.553Z,32.594,0.9397116495167164,0.18482608656020214,0.16210625489177008,-0.23770337737267733
1612467039568,2021-02-04T19:30:39.568Z,32.609,0.9396853919322271,0.18494326350692356,0.16211795459048312,-0.23770806101599423
1612467039598,2021-02-04T19:30:39.598Z,32.639,0.9397354282448892,0.18480644118529496,0.1621795902578603,-0.23757458765956763
1612467039613,2021-02-04T19:30:39.613Z,32.654,0.9398108175848953,0.1844288031069487,0.16232120101337175,-0.23747309623729088
1612467039628,2021-02-04T19:30:39.628Z,32.669,0.9398390314532333,0.1842401684928149,0.16236148371987624,-0.23748032313239706
1612467039658,2021-02-04T19:30:39.658Z,32.699,0.9398369049580233,0.18431570564166666,0.16217657803264926,-0.23755645701676434
1612467039673,2021-02-04T19:30:39.673Z,32.714,0.9397866202457418,0.18460231379675346,0.16193727244994008,-0.237696053689254
1612467039688,2021-02-04T19:30:39.688Z,32.729,0.9396767541127703,0.1849934512193369,0.16185198277493582,-0.23788433420019225
1612467039718,2021-02-04T19:30:39.718Z,32.759,0.9395455113555521,0.18532437333696425,0.16197242132824416,-0.23806310816244
1612467039733,2021-02-04T19:30:39.733Z,32.774,0.9393980258496842,0.18554436038575967,0.16233865775509126,-0.23822426315770306
1612467039748,2021-02-04T19:30:39.748Z,32.789,0.9392285477329765,0.18576797802848913,0.1629453607284361,-0.23830401356185893
1612467039778,2021-02-04T19:30:39.778Z,32.819,0.9390890306065136,0.1860482852310305,0.16365066041734835,-0.23815182027874013
1612467039793,2021-02-04T19:30:39.793Z,32.834,0.9390054031943765,0.1863144629143207,0.1642583197391668,-0.23785495176090068
1612467039808,2021-02-04T19:30:39.808Z,32.849,0.938979431582203,0.18666186284589475,0.16444488854220032,-0.23755600320094347
1612467039838,2021-02-04T19:30:39.838Z,32.879,0.9389154663186379,0.18695106906133108,0.1646246868455745,-0.2374568536923639
1612467039853,2021-02-04T19:30:39.853Z,32.894,0.9387929547250488,0.18716297918132357,0.16490357829866328,-0.23758075942062445
1612467039868,2021-02-04T19:30:39.868Z,32.909,0.9386674103795039,0.18739473216364932,0.1650146071276462,-0.2378169179920954
1612467039898,2021-02-04T19:30:39.898Z,32.939,0.9385272113490655,0.18769998958705963,0.16501376052064023,-0.23812989376640867
1612467039913,2021-02-04T19:30:39.913Z,32.954,0.9383535565250098,0.1880847856879356,0.16495410193333998,-0.23855158898014864
1612467039928,2021-02-04T19:30:39.928Z,32.969,0.9381676409155957,0.18847407864763005,0.16490761407005106,-0.23900727612044742
1612467039958,2021-02-04T19:30:39.958Z,32.999,0.9379880078107358,0.18875878565123091,0.1649160896686646,-0.23948131745736861
1612467039973,2021-02-04T19:30:39.973Z,33.014,0.9378389681340429,0.18900010474371978,0.16494525606066884,-0.2398543156985446
1612467039988,2021-02-04T19:30:39.988Z,33.029,0.9377721972516778,0.1891082092538468,0.16498560672707652,-0.24000237671211122
1612467040018,2021-02-04T19:30:40.018Z,33.059,0.9377613418355351,0.18914876139537937,0.16500853304229499,-0.23999707465850584
1612467040033,2021-02-04T19:30:40.033Z,33.074,0.9377797200943303,0.1890162133975966,0.16509058399647336,-0.2399732625280101
1612467040048,2021-02-04T19:30:40.048Z,33.089,0.9377882006688812,0.1889921418868521,0.16504925388616257,-0.2399875096392791
1612467040063,2021-02-04T19:30:40.063Z,33.104,0.9377713126527605,0.1890445966841708,0.1650630448386462,-0.24000270177361122
1612467040099,2021-02-04T19:30:40.099Z,33.14,0.9377308863881461,0.18925258479036558,0.16487290431699753,-0.2401274021971367
1612467040108,2021-02-04T19:30:40.108Z,33.149,0.9376485600819909,0.18951762821155,0.16463180823588788,-0.24040510412680396
1612467040123,2021-02-04T19:30:40.123Z,33.164,0.9375642545913876,0.18976069382313202,0.1644304855569671,-0.24067979352608612
1612467040153,2021-02-04T19:30:40.153Z,33.194,0.9374884086488025,0.1899854197517074,0.1642327319865369,-0.24093284059077938
1612467040168,2021-02-04T19:30:40.168Z,33.209,0.9374469997498274,0.19001368310285674,0.16429268642594647,-0.24103077828501457
1612467040183,2021-02-04T19:30:40.183Z,33.224,0.9374317777197949,0.19004796113176187,0.1643403356688555,-0.24103047247809398
1612467040213,2021-02-04T19:30:40.213Z,33.254,0.937415200949157,0.19003907314815338,0.16434965206641483,-0.24109559011332163
1612467040228,2021-02-04T19:30:40.228Z,33.269,0.9373667194917409,0.19001309541075367,0.16437688398518338,-0.24128592327990733
1612467040243,2021-02-04T19:30:40.243Z,33.284,0.9373217984922063,0.18998904894955437,0.16440209155323116,-0.24146212879767068
1612467040273,2021-02-04T19:30:40.273Z,33.314,0.9372898582159,0.18997196236015332,0.16442001067770318,-0.2415873243599384
1612467040288,2021-02-04T19:30:40.288Z,33.329,0.9372617430523268,0.18995691876482595,0.1644357631440232,-0.24169748410591788
1612467040303,2021-02-04T19:30:40.303Z,33.344,0.9372720308995557,0.18993909513855403,0.16438719888622647,-0.24170463188302754
1612467040333,2021-02-04T19:30:40.333Z,33.374,0.9373004926291976,0.1898897887988377,0.1642527795356557,-0.2417243865269027
1612467040348,2021-02-04T19:30:40.348Z,33.389,0.9373340200640355,0.1898316490847533,0.164094320405076,-0.24174766564985403
1612467040363,2021-02-04T19:30:40.363Z,33.404,0.9373675042523009,0.18977352220355634,0.16393587154037248,-0.24177097068210582
1612467040393,2021-02-04T19:30:40.393Z,33.434,0.9373660130727758,0.1897470922298487,0.1638895902075599,-0.24182886665566655
1612467040408,2021-02-04T19:30:40.408Z,33.449,0.9373340310043603,0.18973005517126182,0.16390746916651935,-0.24195404943346865
1612467040423,2021-02-04T19:30:40.423Z,33.464,0.9373045912897844,0.18971438919938668,0.16392391155714908,-0.24206921509683557
1612467040453,2021-02-04T19:30:40.453Z,33.494,0.9373045912897844,0.18971438919938668,0.16392391155714908,-0.24206921509683557
1612467040468,2021-02-04T19:30:40.468Z,33.509,0.9373218295300584,0.18968441463180688,0.16384229681780368,-0.2420812105589355
1612467040483,2021-02-04T19:30:40.483Z,33.524,0.9373218295300584,0.18968441463180688,0.16384229681780368,-0.2420812105589355
1612467040513,2021-02-04T19:30:40.513Z,33.554,0.9373329756663326,0.1896650235945317,0.1637894950831241,-0.24208897714228836
1612467040528,2021-02-04T19:30:40.528Z,33.569,0.9373583046358425,0.18962094274560803,0.16366948687944152,-0.24210660021384456
1612467040543,2021-02-04T19:30:40.543Z,33.584,0.9373508314545098,0.1897049250207514,0.16358261340840943,-0.24212845513257047
1612467040573,2021-02-04T19:30:40.573Z,33.614,0.9373417656199328,0.18979839310393354,0.1634914604387444,-0.24215186714803233
1612467040588,2021-02-04T19:30:40.588Z,33.629,0.9373425394957828,0.18990684335228183,0.16329796808683628,-0.24219440150069368
1612467040603,2021-02-04T19:30:40.603Z,33.644,0.9373398287187908,0.19005191239519492,0.16306761982229723,-0.24224629503430528
1612467040633,2021-02-04T19:30:40.633Z,33.674,0.9373189025662407,0.19021315046242754,0.16295052058764986,-0.24227950826140834
1612467040648,2021-02-04T19:30:40.648Z,33.689,0.9372921047309463,0.19036710112078464,0.16289159259024433,-0.24230189079599757
1612467040663,2021-02-04T19:30:40.663Z,33.704,0.9372856547860005,0.19048452421546042,0.16284203039365108,-0.242267869318367
1612467040678,2021-02-04T19:30:40.678Z,33.719,0.9372984792306859,0.19049128505443388,0.16283483444092683,-0.24221776946118104
1612467040708,2021-02-04T19:30:40.708Z,33.749,0.9373113010772881,0.19049804536540824,0.1628276380367962,-0.24216766893232905
1612467040723,2021-02-04T19:30:40.723Z,33.764,0.9373313943477432,0.19038268979400857,0.16287177237604883,-0.24215093301492502
1612467040738,2021-02-04T19:30:40.738Z,33.779,0.9373674625552785,0.19024377452835103,0.16304244137343332,-0.2420055964370972
1612467040768,2021-02-04T19:30:40.768Z,33.809,0.9373922943965871,0.1900564214413937,0.16317435226131294,-0.241967712389266
1612467040783,2021-02-04T19:30:40.783Z,33.824,0.9374165120261477,0.18991697548889047,0.163227657121464,-0.24194742683591602
1612467040798,2021-02-04T19:30:40.798Z,33.839,0.9374391719713319,0.1897864041448979,0.16327756322100084,-0.2419284129738898
1612467040834,2021-02-04T19:30:40.834Z,33.875,0.9374675230227677,0.18962290040576932,0.16334005362193965,-0.24190457995259643
1612467040843,2021-02-04T19:30:40.843Z,33.884,0.9374983389071194,0.1894449682117285,0.16340805136353828,-0.24187864170947448
1612467040858,2021-02-04T19:30:40.858Z,33.899,0.9375384853534823,0.1892128347415601,0.1634967450075172,-0.24184479738482786
1612467040888,2021-02-04T19:30:40.888Z,33.929,0.9376110365036697,0.18896254790098313,0.1635828432212061,-0.24170095804723105
1612467040903,2021-02-04T19:30:40.903Z,33.944,0.9376953072028997,0.18869226034308434,0.16367383682450704,-0.2415235327570008
1612467040918,2021-02-04T19:30:40.918Z,33.959,0.9377790091372193,0.1883933977789989,0.1637774530308275,-0.24136156192242766
1612467040948,2021-02-04T19:30:40.948Z,33.989,0.9378343510467098,0.18807100050052677,0.16390040745431203,-0.24131449439235525
1612467040963,2021-02-04T19:30:40.963Z,34.004,0.937884624763777,0.18777747313444687,0.16401232953816106,-0.24127164560805137
1612467040978,2021-02-04T19:30:40.978Z,34.019,0.9379301456759437,0.18751118938053968,0.16411385472858145,-0.2412327473116461
1612467041008,2021-02-04T19:30:41.008Z,34.049,0.9379712216440561,0.18727055895164066,0.16420556469556197,-0.241197548993576
1612467041023,2021-02-04T19:30:41.023Z,34.064,0.9380081274507867,0.1870539891554777,0.16428809251559184,-0.24116587784112273
1612467041038,2021-02-04T19:30:41.038Z,34.079,0.9380717688458661,0.18686096142695108,0.16435187756825959,-0.24102447578777414
1612467041068,2021-02-04T19:30:41.068Z,34.109,0.9381549056060594,0.18666782840199672,0.16434652734264388,-0.24085413402593278
1612467041083,2021-02-04T19:30:41.083Z,34.124,0.9382158898871157,0.18653774571227102,0.16438373542538895,-0.24069192116792712
1612467041098,2021-02-04T19:30:41.098Z,34.139,0.9382563450863135,0.18639039621168377,0.16443488249006286,-0.24061342548952455
1612467041128,2021-02-04T19:30:41.128Z,34.169,0.9382873339663038,0.18620745481437384,0.16450443929696884,-0.24058668321739798
1612467041143,2021-02-04T19:30:41.143Z,34.184,0.9383256154407741,0.18598117086382465,0.16459048339990145,-0.24055356215612467
1612467041158,2021-02-04T19:30:41.158Z,34.199,0.9383657026793314,0.18574384522229193,0.16468068835496164,-0.2405188202201601
1612467041188,2021-02-04T19:30:41.188Z,34.229,0.938432909312278,0.1854526174331781,0.164653746131852,-0.240499782310972
1612467041203,2021-02-04T19:30:41.203Z,34.244,0.9384818924613705,0.1851615372269095,0.16476438033575555,-0.24045715133151466
1612467041218,2021-02-04T19:30:41.218Z,34.259,0.938522592558942,0.1849192436284139,0.16485645071072236,-0.2404216447231842
1612467041248,2021-02-04T19:30:41.248Z,34.289,0.938554094508446,0.1847314212488215,0.16492781000923246,-0.24039411633894078
1612467041263,2021-02-04T19:30:41.263Z,34.304,0.9385766855286664,0.18459657551439415,0.16497902489592076,-0.24037435602570556
1612467041278,2021-02-04T19:30:41.278Z,34.319,0.9386026044166808,0.18444170311649738,0.16503782915891205,-0.24035166752120407
1612467041293,2021-02-04T19:30:41.293Z,34.334,0.9386356170507425,0.18424422888632574,0.16511281723163587,-0.2403226999508947
1612467041323,2021-02-04T19:30:41.323Z,34.364,0.9386693903998694,0.18404193292301077,0.1651896307156125,-0.24029300521725427
1612467041338,2021-02-04T19:30:41.338Z,34.379,0.9387017170102497,0.18384799879601718,0.16526325344028822,-0.24026455602739183
1612467041353,2021-02-04T19:30:41.353Z,34.394,0.9387249765435532,0.18370831695357043,0.1653162672313289,-0.24024405192239756
1612467041383,2021-02-04T19:30:41.383Z,34.424,0.9387546183931343,0.18353008902943418,0.16538390542001824,-0.24021789420114195
1612467041398,2021-02-04T19:30:41.398Z,34.439,0.9387892180980437,0.18332178121713077,0.16546295691729584,-0.24018729858680496
1612467041413,2021-02-04T19:30:41.413Z,34.454,0.9388307575978011,0.18307126251168743,0.16555801561654088,-0.24015050467535654
1612467041443,2021-02-04T19:30:41.443Z,34.484,0.9388850308374513,0.18279178459174247,0.1656038242928052,-0.24011962796639832
1612467041458,2021-02-04T19:30:41.458Z,34.499,0.9389266637515334,0.1825397773719036,0.16569941273075936,-0.24008259910729057
1612467041473,2021-02-04T19:30:41.473Z,34.514,0.938983480673307,0.18229706840421078,0.16566556018668524,-0.2400681654070431
1612467041503,2021-02-04T19:30:41.503Z,34.544,0.9390104672178134,0.18213324216044194,0.16572768160958398,-0.24004407950170709
1612467041518,2021-02-04T19:30:41.518Z,34.559,0.9390304177353496,0.18201203406686056,0.16577363549902002,-0.24002623980735285
1612467041533,2021-02-04T19:30:41.533Z,34.574,0.9390557727098326,0.1818578293822644,0.16583208759056933,-0.24000355071970123
1612467041563,2021-02-04T19:30:41.563Z,34.604,0.939084255424325,0.18168434473490205,0.165897859897708,-0.2399780410240712
1612467041578,2021-02-04T19:30:41.578Z,34.619,0.9391081039202503,0.1815389182659573,0.16595298195415964,-0.23995665876707944
1612467041593,2021-02-04T19:30:41.593Z,34.634,0.9391238940548665,0.18144255476148843,0.16598951742909798,-0.23994247444023586
1612467041623,2021-02-04T19:30:41.623Z,34.664,0.9391317852235669,0.18139437225360597,0.1660077844783127,-0.23993538128029146
1612467041638,2021-02-04T19:30:41.638Z,34.679,0.9391317852235669,0.18139437225360597,0.1660077844783127,-0.23993538128029146
1612467041653,2021-02-04T19:30:41.653Z,34.694,0.939143621122807,0.18132207806141043,0.16603517321113842,-0.23992474688656193
1612467041683,2021-02-04T19:30:41.683Z,34.724,0.9391649090669508,0.1811919503349322,0.16608447163580112,-0.23990560433751057
1612467041698,2021-02-04T19:30:41.698Z,34.739,0.9391649090669508,0.1811919503349322,0.16608447163580112,-0.23990560433751057
1612467041713,2021-02-04T19:30:41.713Z,34.754,0.9391812367978805,0.18116389834544983,0.1660075065642559,-0.239916139822651
1612467041743,2021-02-04T19:30:41.743Z,34.784,0.9392142700208832,0.18115911921780797,0.16576842444903844,-0.23995574168802636
1612467041758,2021-02-04T19:30:41.758Z,34.799,0.9392244760626598,0.18128094818052234,0.1654967121648023,-0.2400113323454407
1612467041773,2021-02-04T19:30:41.773Z,34.814,0.9392298461464708,0.181430849904556,0.16521537490601734,-0.2400708701722296
1612467041803,2021-02-04T19:30:41.803Z,34.844,0.9392301584031919,0.18160756004449877,0.16492802971519252,-0.24013360592566632
1612467041818,2021-02-04T19:30:41.818Z,34.859,0.939226766265493,0.18176461420589038,0.1646995453936516,-0.2401848585989001
1612467041833,2021-02-04T19:30:41.833Z,34.874,0.9392109595761761,0.1819092751655631,0.16458445768298877,-0.24021603882741546
1612467041863,2021-02-04T19:30:41.863Z,34.904,0.9392022939685594,0.18205875310249067,0.16440730133768527,-0.24025798777527044
1612467041878,2021-02-04T19:30:41.878Z,34.919,0.9391859529479387,0.18226382466827504,0.16419723232670347,-0.24031003495238226
1612467041893,2021-02-04T19:30:41.893Z,34.934,0.9391730929561372,0.18246844182710653,0.16396077171210208,-0.2403664588580583
1612467041908,2021-02-04T19:30:41.908Z,34.949,0.9391597059705504,0.1826669269144568,0.1637375697714379,-0.2404201504414331
1612467041938,2021-02-04T19:30:41.938Z,34.979,0.9391384914295965,0.1828384958387019,0.16361768028548757,-0.24045422236421427
1612467041953,2021-02-04T19:30:41.953Z,34.994,0.9391065244275435,0.18303135779926166,0.16354446629813754,-0.2404821519012084
1612467041968,2021-02-04T19:30:41.968Z,35.009,0.9390918100063567,0.18316327174873043,0.16343961287844502,-0.24051045965493842
1612467041998,2021-02-04T19:30:41.998Z,35.039,0.9390830057210857,0.18321630691237997,0.1634194690547236,-0.2405181290071761
1612467042013,2021-02-04T19:30:42.013Z,35.054,0.9390830057210857,0.18321630691237997,0.1634194690547236,-0.2405181290071761
1612467042028,2021-02-04T19:30:42.028Z,35.069,0.939098263508445,0.1832244529313772,0.16341129305800173,-0.24045789782107918
1612467042058,2021-02-04T19:30:42.058Z,35.099,0.9391329495488634,0.18333398459460953,0.16321053650220593,-0.24037527730400585
1612467042073,2021-02-04T19:30:42.073Z,35.114,0.9391154146532947,0.1835596115465898,0.1629715417995882,-0.24043374042114038
1612467042088,2021-02-04T19:30:42.088Z,35.129,0.9390575552462941,0.18390666728717242,0.1628397595884606,-0.24048380061732083
1612467042118,2021-02-04T19:30:42.118Z,35.159,0.9390121180890744,0.18422970241336262,0.16265132577467134,-0.24054148302173542
1612467042133,2021-02-04T19:30:42.133Z,35.174,0.9389693597903216,0.18448514389038426,0.16255426685825458,-0.24057822716296082
1612467042148,2021-02-04T19:30:42.148Z,35.189,0.9389370331354222,0.1846779428778376,0.16248100272757832,-0.24060596204978363
1612467042178,2021-02-04T19:30:42.178Z,35.219,0.9389259657191733,0.18483572653928804,0.16241620164630938,-0.24057174093354444
1612467042193,2021-02-04T19:30:42.193Z,35.234,0.9388903156286701,0.18504779615488318,0.1623356116784566,-0.24060223926202037
1612467042208,2021-02-04T19:30:42.208Z,35.249,0.9388327027998234,0.18538992959617542,0.1622055568113001,-0.24065138166534533
1612467042238,2021-02-04T19:30:42.238Z,35.279,0.9387721581453655,0.18574856833587253,0.1620691973485246,-0.2407028868191476
1612467042253,2021-02-04T19:30:42.253Z,35.294,0.938728952303395,0.18600395531833055,0.16197207746027448,-0.2407395456432316
1612467042268,2021-02-04T19:30:42.268Z,35.309,0.9387060916403347,0.1861388825624274,0.16192075308795678,-0.24075892431053791
1612467042298,2021-02-04T19:30:42.298Z,35.339,0.9387060916403347,0.1861388825624274,0.16192075308795678,-0.24075892431053791
1612467042313,2021-02-04T19:30:42.313Z,35.354,0.9386971081416896,0.1861918966950664,0.1619005931629594,-0.240766514916433
1612467042328,2021-02-04T19:30:42.328Z,35.369,0.9387125188223676,0.1862088519400526,0.1617517404987319,-0.24079336558751926
1612467042358,2021-02-04T19:30:42.358Z,35.399,0.9387125188223676,0.1862088519400526,0.1617517404987319,-0.24079336558751926
1612467042373,2021-02-04T19:30:42.373Z,35.414,0.9386997848329829,0.18620216054259456,0.16175871462739774,-0.24084349193173824
1612467042388,2021-02-04T19:30:42.388Z,35.429,0.9386326887751877,0.18622407261829474,0.16190201665133874,-0.24099171633968508
1612467042418,2021-02-04T19:30:42.418Z,35.459,0.9385516643987027,0.1862550988406216,0.16208352209457325,-0.24116123916523807
1612467042433,2021-02-04T19:30:42.433Z,35.474,0.9385034164020072,0.1862961095066991,0.16223349406233917,-0.24121648034235493
1612467042448,2021-02-04T19:30:42.448Z,35.489,0.9384913595652715,0.1863172451042294,0.1622912248406833,-0.2412082306593406
1612467042463,2021-02-04T19:30:42.463Z,35.504,0.9385330244783234,0.18628613873348943,0.16229152365752303,-0.24106990236912154
1612467042493,2021-02-04T19:30:42.493Z,35.534,0.9386008406986871,0.1862486742148886,0.1621181545541975,-0.24095144149154946
1612467042508,2021-02-04T19:30:42.508Z,35.549,0.9386346883498864,0.1862400389441754,0.16186945473911227,-0.2409934632782523
1612467042523,2021-02-04T19:30:42.523Z,35.564,0.9385441458905441,0.18639710052045597,0.16182997433806484,-0.24125104463586686
1612467042553,2021-02-04T19:30:42.553Z,35.594,0.9384735162109963,0.18636003242940288,0.16186856405437802,-0.24152839513078886
1612467042568,2021-02-04T19:30:42.568Z,35.609,0.9384172857883345,0.1863305408575026,0.16189924688397767,-0.24174896305011695
1612467042583,2021-02-04T19:30:42.583Z,35.624,0.9384006678473742,0.18632182100864503,0.16190831617906895,-0.2418141078425394
1612467042620,2021-02-04T19:30:42.620Z,35.661,0.9384006678473742,0.18632182100864503,0.16190831617906895,-0.2418141078425394
1612467042628,2021-02-04T19:30:42.628Z,35.669,0.9384006678473742,0.18632182100864503,0.16190831617906895,-0.2418141078425394
1612467042643,2021-02-04T19:30:42.643Z,35.684,0.9383976306977494,0.18629504534360164,0.16186311002714926,-0.24187677936010094
1612467042673,2021-02-04T19:30:42.673Z,35.714,0.9383844914230015,0.18632820727551241,0.1616782074561316,-0.24202583057198845
1612467042688,2021-02-04T19:30:42.688Z,35.729,0.9383701639868388,0.1864254350923129,0.1615194601331509,-0.24211248726212037
1612467042703,2021-02-04T19:30:42.703Z,35.744,0.9383811491191364,0.18648021334606843,0.16133960900236533,-0.24214764003644157
1612467042733,2021-02-04T19:30:42.733Z,35.774,0.938389784921266,0.1865699574224848,0.16111787001937386,-0.24219268053187024
1612467042748,2021-02-04T19:30:42.748Z,35.789,0.9383459495158621,0.1867743012822684,0.16097431565073447,-0.24230045214252777
1612467042763,2021-02-04T19:30:42.763Z,35.804,0.9382379642107876,0.18700650291447296,0.16090734557243616,-0.24258383400822212
1612467042793,2021-02-04T19:30:42.793Z,35.834,0.9381235661011055,0.18723185189930538,0.16084531937348784,-0.24289337495234806
1612467042808,2021-02-04T19:30:42.808Z,35.849,0.9380642289207112,0.18743168101933558,0.16077680676213474,-0.24301375635348088
1612467042823,2021-02-04T19:30:42.823Z,35.864,0.9380535247733373,0.18749426421735643,0.16075282049980724,-0.24302266611834084
1612467042853,2021-02-04T19:30:42.853Z,35.894,0.9380535247733373,0.18749426421735643,0.16075282049980724,-0.24302266611834084
1612467042868,2021-02-04T19:30:42.868Z,35.909,0.9380535247733373,0.18749426421735643,0.16075282049980724,-0.24302266611834084
1612467042883,2021-02-04T19:30:42.883Z,35.924,0.9380444658337589,0.18754722039353225,0.16073252595217494,-0.2430301943017592
1612467042913,2021-02-04T19:30:42.913Z,35.954,0.93800032985499,0.1876404582467256,0.1607058221241359,-0.24314620777691423
1612467042928,2021-02-04T19:30:42.928Z,35.969,0.9379874644718638,0.18763381063067777,0.1607128644572665,-0.24319630918209964
1612467042943,2021-02-04T19:30:42.943Z,35.984,0.9379874644718638,0.18763381063067777,0.1607128644572665,-0.24319630918209964
1612467042973,2021-02-04T19:30:42.973Z,36.014,0.9379874644718638,0.18763381063067777,0.1607128644572665,-0.24319630918209964
1612467042988,2021-02-04T19:30:42.988Z,36.029,0.9379874644718638,0.18763381063067777,0.1607128644572665,-0.24319630918209964
1612467043003,2021-02-04T19:30:43.003Z,36.044,0.9379775691852543,0.18769158201823405,0.1606907111092369,-0.2432045334857513
1612467043033,2021-02-04T19:30:43.033Z,36.074,0.937956117196919,0.18781673363334223,0.16064271066712418,-0.24322235976509304
1612467043048,2021-02-04T19:30:43.048Z,36.089,0.937956117196919,0.18781673363334223,0.16064271066712418,-0.24322235976509304
1612467043063,2021-02-04T19:30:43.063Z,36.104,0.937956117196919,0.18781673363334223,0.16064271066712418,-0.24322235976509304
1612467043078,2021-02-04T19:30:43.078Z,36.119,0.937956117196919,0.18781673363334223,0.16064271066712418,-0.24322235976509304
1612467043114,2021-02-04T19:30:43.114Z,36.155,0.937956117196919,0.18781673363334223,0.16064271066712418,-0.24322235976509304
1612467043123,2021-02-04T19:30:43.123Z,36.164,0.937956117196919,0.18781673363334223,0.16064271066712418,-0.24322235976509304
1612467043138,2021-02-04T19:30:43.138Z,36.179,0.9379559063705939,0.18791077484976668,0.1604805505861131,-0.24325758217053767
1612467043168,2021-02-04T19:30:43.168Z,36.209,0.9379668559572394,0.18789130367741827,0.16042772297345126,-0.24326524788725
1612467043183,2021-02-04T19:30:43.183Z,36.224,0.9379958905732134,0.1878396345929211,0.16028757283957998,-0.24328558308489717
1612467043198,2021-02-04T19:30:43.198Z,36.239,0.9380197553309834,0.18779714087467536,0.16017229788952125,-0.2433022964891417
1612467043228,2021-02-04T19:30:43.228Z,36.269,0.9380044688623254,0.187860258264827,0.16002328318361178,-0.24341053510092156
1612467043243,2021-02-04T19:30:43.243Z,36.284,0.937920825561174,0.18798585485612687,0.1599950574689154,-0.24365431442553095
1612467043258,2021-02-04T19:30:43.258Z,36.299,0.9378614859314965,0.1879554517387743,0.16002750831393606,-0.24388476367102493
1612467043288,2021-02-04T19:30:43.288Z,36.329,0.9378839081044725,0.18776081972682548,0.15993214537160858,-0.24401098002144644
1612467043303,2021-02-04T19:30:43.303Z,36.344,0.9378841503959544,0.18754509522680762,0.1600268303986817,-0.24411384894138605
1612467043318,2021-02-04T19:30:43.318Z,36.359,0.9378894629489197,0.18735153401335833,0.15994692815255454,-0.24429436785728345
1612467043348,2021-02-04T19:30:43.348Z,36.389,0.9378476514662903,0.18730734901784551,0.15992701470249285,-0.2445017169907387
1612467043363,2021-02-04T19:30:43.363Z,36.404,0.9378321322770962,0.1872994150667121,0.1599354286869512,-0.24456181107234123
1612467043378,2021-02-04T19:30:43.378Z,36.419,0.9378321322770962,0.1872994150667121,0.1599354286869512,-0.24456181107234123
1612467043408,2021-02-04T19:30:43.408Z,36.449,0.9378321322770962,0.1872994150667121,0.1599354286869512,-0.24456181107234123
1612467043423,2021-02-04T19:30:43.423Z,36.464,0.9378321322770962,0.1872994150667121,0.1599354286869512,-0.24456181107234123
1612467043438,2021-02-04T19:30:43.438Z,36.479,0.9377980861814533,0.18741377129895445,0.16000673060307394,-0.24455811997073731
1612467043468,2021-02-04T19:30:43.468Z,36.509,0.937774234230599,0.18759324670636884,0.15988277097452383,-0.2445930476299053
1612467043483,2021-02-04T19:30:43.483Z,36.524,0.9377979684289561,0.1876040413400134,0.15967442837993887,-0.24462986531688433
1612467043498,2021-02-04T19:30:43.498Z,36.539,0.9378215547337637,0.18751843298540824,0.15963608785261196,-0.24463010489830603
1612467043528,2021-02-04T19:30:43.528Z,36.569,0.9379006068870085,0.1872868254841529,0.15971269849338898,-0.24445439358090826
1612467043543,2021-02-04T19:30:43.543Z,36.584,0.9379384675803224,0.18709457421283213,0.15985443929625434,-0.24436368300235536
1612467043558,2021-02-04T19:30:43.558Z,36.599,0.9379453938597996,0.1869853492780701,0.1599897894884394,-0.244332119362127
1612467043588,2021-02-04T19:30:43.588Z,36.629,0.9379932615406293,0.18691820313323093,0.15995140406315358,-0.24422484513260026
1612467043603,2021-02-04T19:30:43.603Z,36.644,0.9379932615406293,0.18691820313323093,0.15995140406315358,-0.24422484513260026
1612467043618,2021-02-04T19:30:43.618Z,36.659,0.9379352951340121,0.18700639246788028,0.16016813981243694,-0.24423791332847206
1612467043648,2021-02-04T19:30:43.648Z,36.689,0.9378789593287499,0.18712845764323519,0.16035322980014477,-0.24423930822279044
1612467043663,2021-02-04T19:30:43.663Z,36.704,0.9378095238505815,0.18724594776132647,0.16050170222384733,-0.2443183488920873
1612467043678,2021-02-04T19:30:43.678Z,36.719,0.9377168746656188,0.18736033208737193,0.16066665186042461,-0.2444778024840187
1612467043693,2021-02-04T19:30:43.693Z,36.734,0.9376766569617161,0.18743499221623414,0.1607298177306599,-0.2445333032007487
1612467043723,2021-02-04T19:30:43.723Z,36.764,0.9376888077988612,0.18732373818351136,0.16083264209848028,-0.24450435185764685
1612467043738,2021-02-04T19:30:43.738Z,36.779,0.9377241925756868,0.18706869095258702,0.1609844295032301,-0.24446401980880725
1612467043753,2021-02-04T19:30:43.753Z,36.794,0.9377588267670116,0.1868198585180047,0.16112290329488876,-0.24443022177647505
1612467043783,2021-02-04T19:30:43.783Z,36.824,0.9377814004379931,0.18666203847552143,0.16120988498821326,-0.24440683576120878
1612467043798,2021-02-04T19:30:43.798Z,36.839,0.9378153512841542,0.18650349124492238,0.16121890804048913,-0.24439164948800154
1612467043813,2021-02-04T19:30:43.813Z,36.854,0.9378479270956481,0.18633362474862392,0.16125620448496797,-0.24437160728189541
1612467043843,2021-02-04T19:30:43.843Z,36.884,0.9378681904947759,0.18618884475207384,0.1613486645105265,-0.2443431599382573
1612467043858,2021-02-04T19:30:43.858Z,36.899,0.9379162777465518,0.18610352699699798,0.16138488174511234,-0.2441996173654797
1612467043873,2021-02-04T19:30:43.873Z,36.914,0.9379545112003254,0.1859815466355483,0.16143661358170222,-0.24411148892520407
1612467043909,2021-02-04T19:30:43.909Z,36.95,0.9380273502861991,0.18580590279094852,0.16153573160412643,-0.24389970073415976
1612467043918,2021-02-04T19:30:43.918Z,36.959,0.9380825263624339,0.18567085663677418,0.1616697743976913,-0.24370143777876943
1612467043933,2021-02-04T19:30:43.933Z,36.974,0.9380947813255738,0.1854894723565111,0.1618618799479905,-0.24366486967622045
1612467043963,2021-02-04T19:30:43.963Z,37.004,0.9381081107108111,0.1853260184175262,0.16202239491902926,-0.24363124401603664
1612467043978,2021-02-04T19:30:43.978Z,37.019,0.9381291427174292,0.18511307392024057,0.16220820955675522,-0.24358850178210964
1612467043993,2021-02-04T19:30:43.993Z,37.034,0.9381478505525918,0.18489455741673425,0.1624134159286048,-0.24354567429462562
1612467044023,2021-02-04T19:30:44.023Z,37.064,0.9381826656539659,0.18465656890858295,0.16252986097345135,-0.2435144384164502
1612467044039,2021-02-04T19:30:44.039Z,37.08,0.9382124693105525,0.18442395408158868,0.16267896268443754,-0.24347632881046846
1612467044053,2021-02-04T19:30:44.053Z,37.094,0.9382694441420564,0.18415688372705527,0.16278162485734102,-0.24339029350839078
1612467044083,2021-02-04T19:30:44.083Z,37.124,0.9383024973962463,0.18394416566676558,0.1628605674921822,-0.24337091620250986
1612467044098,2021-02-04T19:30:44.098Z,37.139,0.9383249032783458,0.18375929751321818,0.1629778205381264,-0.2433456933618789
1612467044113,2021-02-04T19:30:44.113Z,37.154,0.9383481575724236,0.18359305466774517,0.16306870666460302,-0.24332061639930475
1612467044143,2021-02-04T19:30:44.143Z,37.184,0.9383744199481793,0.18341451593957386,0.16315628079670333,-0.2432952760868097
1612467044158,2021-02-04T19:30:44.158Z,37.199,0.9383910154473942,0.18326828078767937,0.16325285353444735,-0.24327668445125755
1612467044173,2021-02-04T19:30:44.173Z,37.214,0.9383763208475586,0.18329351549543016,0.1633057937111128,-0.24327882232185666
1612467044203,2021-02-04T19:30:44.203Z,37.244,0.9383597213752178,0.18333311156136933,0.16335817291239385,-0.2432778470156587
1612467044218,2021-02-04T19:30:44.218Z,37.259,0.9383546818970758,0.18332090731798517,0.16341696229637762,-0.24326699804077942
1612467044233,2021-02-04T19:30:44.233Z,37.274,0.9383835455839796,0.18319893347996463,0.16350744410656248,-0.24318673456992243
1612467044269,2021-02-04T19:30:44.269Z,37.31,0.9384422917847648,0.18299308645468298,0.16362648594440563,-0.24303491188928547
1612467044278,2021-02-04T19:30:44.278Z,37.319,0.9384753088070982,0.1827553006617321,0.16377102988569198,-0.2429889804284164
1612467044293,2021-02-04T19:30:44.293Z,37.334,0.9385028077852268,0.18254480242942914,0.16390390001749577,-0.24295140757834943
1612467044308,2021-02-04T19:30:44.308Z,37.349,0.9385189412994853,0.1823993227419917,0.16401146358581353,-0.24292575758407195
1612467044338,2021-02-04T19:30:44.338Z,37.379,0.9385307844621461,0.1822795204932779,0.16410727380111773,-0.24290521960463138
1612467044353,2021-02-04T19:30:44.353Z,37.394,0.9385489472228882,0.1821305707867638,0.16420439041736848,-0.2428811376359968
1612467044368,2021-02-04T19:30:44.368Z,37.409,0.9385703066785954,0.181950451461271,0.164324355573649,-0.2428524630297002
1612467044398,2021-02-04T19:30:44.398Z,37.439,0.9385812897311678,0.1818177194097747,0.16444201595194297,-0.242829781667873
1612467044413,2021-02-04T19:30:44.413Z,37.454,0.9385927575600974,0.181693652567075,0.16454916941693526,-0.24280573081532494
1612467044428,2021-02-04T19:30:44.428Z,37.469,0.9385973454377042,0.1816067920136411,0.1646477429051978,-0.24278615485244023
1612467044458,2021-02-04T19:30:44.458Z,37.499,0.938599962124618,0.18152889590460225,0.16474458003492912,-0.24276860258368813
1612467044473,2021-02-04T19:30:44.473Z,37.514,0.9386056123639708,0.18145417315118806,0.16482006131436053,-0.242751384904813
1612467044488,2021-02-04T19:30:44.488Z,37.529,0.9385961757687628,0.18147781405834082,0.16484920934145014,-0.2427504068304703
1612467044518,2021-02-04T19:30:44.518Z,37.559,0.9385880819915123,0.18149729160976857,0.16487470546188773,-0.24274982385301216
1612467044533,2021-02-04T19:30:44.533Z,37.574,0.9385847325295865,0.18150947281417826,0.1648825531477547,-0.2427483363662076
1612467044548,2021-02-04T19:30:44.548Z,37.589,0.9385951538008652,0.18149683162281013,0.1648287752517709,-0.2427540158708251
1612467044578,2021-02-04T19:30:44.578Z,37.619,0.9385908215734519,0.18150164659628626,0.1648460730832126,-0.24275542039252854
1612467044593,2021-02-04T19:30:44.593Z,37.634,0.9385721164553779,0.18151741366940247,0.16492416981577643,-0.24276290688204533
1612467044608,2021-02-04T19:30:44.608Z,37.649,0.9385234675188652,0.18169026345718203,0.16497248499639972,-0.24278885533594446
1612467044638,2021-02-04T19:30:44.638Z,37.679,0.9384762482937451,0.1818878731966485,0.16499564490839633,-0.24280768137305617
1612467044653,2021-02-04T19:30:44.653Z,37.694,0.9384358535084961,0.18205623529582035,0.16502012283398337,-0.24282099394317305
1612467044668,2021-02-04T19:30:44.668Z,37.709,0.9384169085558736,0.1821363979641874,0.16503261706669267,-0.2428256032159436
1612467044698,2021-02-04T19:30:44.698Z,37.739,0.9384089699423301,0.18218457153303988,0.16501418724283526,-0.24283266879825718
1612467044713,2021-02-04T19:30:44.713Z,37.754,0.9383795816237154,0.18236279069249092,0.16494602020734048,-0.24285877332373093
1612467044728,2021-02-04T19:30:44.728Z,37.769,0.9383540036049045,0.18251773047700603,0.1648867536832018,-0.24288145347058762
1612467044758,2021-02-04T19:30:44.758Z,37.799,0.9383354970049826,0.18267343117116508,0.16477239333825455,-0.24291350517859087
1612467044773,2021-02-04T19:30:44.773Z,37.814,0.938313184970202,0.1828082967082502,0.1647208026949717,-0.2429332227696083
1612467044788,2021-02-04T19:30:44.788Z,37.829,0.938289915269841,0.18294883120108216,0.16466700792134434,-0.24295377454837874
1612467044818,2021-02-04T19:30:44.818Z,37.859,0.9382601850786942,0.18312817384534358,0.16459837044971615,-0.24297998577138433
1612467044833,2021-02-04T19:30:44.833Z,37.874,0.9382323225022154,0.18334289733038167,0.16445699634209834,-0.24302137223860557
1612467044848,2021-02-04T19:30:44.848Z,37.889,0.9381888218964692,0.18360451411380097,0.16435683134628015,-0.2430595582472748
1612467044878,2021-02-04T19:30:44.878Z,37.919,0.9381567513887731,0.18379710363582438,0.1642830663858968,-0.24308765624274886
1612467044893,2021-02-04T19:30:44.893Z,37.934,0.9381366824308979,0.18391748642185418,0.16423694959711052,-0.24310521930401285
1612467044908,2021-02-04T19:30:44.908Z,37.949,0.9381286489917263,0.183965645540299,0.16421850862362136,-0.2431122387444385
1612467044923,2021-02-04T19:30:44.923Z,37.964,0.9381109688963087,0.18407158708698884,0.16417793075089437,-0.24312767822290435
1612467044953,2021-02-04T19:30:44.953Z,37.994,0.9381109688963087,0.18407158708698884,0.16417793075089437,-0.24312767822290435
1612467044968,2021-02-04T19:30:44.968Z,38.009,0.9381109688963087,0.18407158708698884,0.16417793075089437,-0.24312767822290435
1612467044983,2021-02-04T19:30:44.983Z,38.024,0.9381231149059046,0.18405035711999934,0.16412030596861935,-0.243135790232558
1612467045013,2021-02-04T19:30:45.013Z,38.054,0.938115076405097,0.18409851064898633,0.16410185957826268,-0.24314280059512397
1612467045028,2021-02-04T19:30:45.028Z,38.069,0.9381189335372714,0.18422191134499802,0.1638672403320215,-0.24319268382345705
1612467045043,2021-02-04T19:30:45.043Z,38.084,0.938164092699857,0.18422111344197542,0.1635221258602826,-0.2432513738604302
1612467045073,2021-02-04T19:30:45.073Z,38.114,0.9382289246450554,0.18398743918752428,0.16341346092234266,-0.24325120342966897
1612467045088,2021-02-04T19:30:45.088Z,38.129,0.9382433559848189,0.18381451480520639,0.16349697446535172,-0.24327015525531906
1612467045103,2021-02-04T19:30:45.103Z,38.144,0.9381915535741931,0.18381766848455222,0.1636047561792174,-0.24339506426894517
1612467045133,2021-02-04T19:30:45.133Z,38.174,0.9381512866858779,0.18379440224720853,0.16371032922693218,-0.24349683590681875
1612467045154,2021-02-04T19:30:45.154Z,38.195,0.9381174118064272,0.18372278580284737,0.1638705219763352,-0.24357362679414732
1612467045163,2021-02-04T19:30:45.163Z,38.204,0.9381120545673969,0.1834714507460837,0.16405484487899308,-0.2436596144382454
1612467045193,2021-02-04T19:30:45.193Z,38.234,0.9381455121483906,0.18296955056101552,0.16432978530318246,-0.24372292314336028
1612467045208,2021-02-04T19:30:45.208Z,38.249,0.938191136514549,0.18223844723575355,0.16485802131550908,-0.24373832797197809
1612467045223,2021-02-04T19:30:45.223Z,38.264,0.9382773757839228,0.18130404915383544,0.16540559819384795,-0.24373222178980383
1612467045253,2021-02-04T19:30:45.253Z,38.294,0.9383095560775276,0.1804454884444783,0.1660151759409292,-0.24383101531784074
1612467045268,2021-02-04T19:30:45.268Z,38.309,0.9381873449542365,0.1798990844666391,0.1665986527791325,-0.24430659849452221
1612467045283,2021-02-04T19:30:45.283Z,38.324,0.9381109529741634,0.17921891321681183,0.16686702063704767,-0.24491594165959693
1612467045313,2021-02-04T19:30:45.313Z,38.354,0.9382054988926368,0.17788852724486387,0.16721702246613088,-0.24528469401867165
1612467045328,2021-02-04T19:30:45.328Z,38.369,0.9384745317712366,0.1760668013461709,0.167873032961652,-0.24512176460841315
1612467045343,2021-02-04T19:30:45.343Z,38.384,0.938810440399654,0.17470253221176205,0.16836525091632046,-0.24447315705265135
1612467045373,2021-02-04T19:30:45.373Z,38.414,0.9391193352573776,0.1741896179022811,0.16850220338103727,-0.24355668460654906
1612467045388,2021-02-04T19:30:45.388Z,38.429,0.9393067849041967,0.17467767769101314,0.16819387411261658,-0.24269588678097714
1612467045403,2021-02-04T19:30:45.403Z,38.444,0.9394580081700373,0.17589922379769632,0.16716634754720894,-0.24193702941112538
1612467045433,2021-02-04T19:30:45.433Z,38.474,0.9396030380253985,0.1770500795917963,0.16616517337002504,-0.2412229993364847
1612467045448,2021-02-04T19:30:45.448Z,38.489,0.9396626702994211,0.1788379388546895,0.1648612703230137,-0.2405656235197586
1612467045463,2021-02-04T19:30:45.463Z,38.504,0.9395655015743672,0.18059844534162223,0.16377512806746095,-0.2403717479613264
1612467045478,2021-02-04T19:30:45.478Z,38.519,0.9393618585834013,0.1820734358436513,0.16303557923101578,-0.24055760745325191
1612467045508,2021-02-04T19:30:45.508Z,38.549,0.9391960942222658,0.18297469493893967,0.16254491595423934,-0.24085287606144934
1612467045523,2021-02-04T19:30:45.523Z,38.564,0.939147584629095,0.18323916339054463,0.16237739146301258,-0.24095395001314623
1612467045538,2021-02-04T19:30:45.538Z,38.579,0.9391005465744652,0.18334626356460018,0.1627092218131678,-0.24083193350839946
1612467045568,2021-02-04T19:30:45.568Z,38.609,0.9390946558326699,0.18296511489506673,0.16347621569488083,-0.24062527095056924
1612467045583,2021-02-04T19:30:45.583Z,38.624,0.9391088655409199,0.18204485683457755,0.16440940406953827,-0.24063199416541498
1612467045598,2021-02-04T19:30:45.598Z,38.639,0.9390093504514796,0.18128089590046606,0.16519302169895297,-0.24106003843064458
1612467045634,2021-02-04T19:30:45.635Z,38.675,0.9387618678491553,0.18058021089938547,0.16605861806421574,-0.24195346302646975
1612467045643,2021-02-04T19:30:45.644Z,38.684,0.9386061950422444,0.17940111030842412,0.1669944851265166,-0.2427889910719887
1612467045658,2021-02-04T19:30:45.658Z,38.699,0.9386594754299212,0.1776520130397751,0.16781651935208494,-0.24330180287267061
1612467045688,2021-02-04T19:30:45.688Z,38.729,0.9388314899768726,0.17585101704059133,0.16854348060809748,-0.24344393271984197
1612467045703,2021-02-04T19:30:45.703Z,38.744,0.9390579231403611,0.1741624279076422,0.1690876217136409,-0.24340715247472058
1612467045718,2021-02-04T19:30:45.718Z,38.759,0.9392682527698222,0.17269595485899483,0.16950477225517738,-0.24335034147661672
1612467045748,2021-02-04T19:30:45.748Z,38.789,0.939332656881621,0.17174777145730655,0.1697116693326391,-0.24362843021185476
1612467045763,2021-02-04T19:30:45.763Z,38.804,0.9392608473144343,0.17130666421884116,0.169787950024718,-0.24416211729666043
1612467045778,2021-02-04T19:30:45.778Z,38.819,0.9391070112783738,0.17116484276114088,0.16971944616836324,-0.24489983169177199
1612467045808,2021-02-04T19:30:45.808Z,38.849,0.9389586166375365,0.171316466100901,0.16949557296819281,-0.24551707767283024
1612467045823,2021-02-04T19:30:45.823Z,38.864,0.9388940331146197,0.17151008378649643,0.16934794815855647,-0.24573066189590395
1612467045838,2021-02-04T19:30:45.838Z,38.879,0.9389731179563517,0.171772144769605,0.1690689527857322,-0.24543737132008378
1612467045868,2021-02-04T19:30:45.868Z,38.909,0.9391473105458384,0.17222706277163433,0.16865661988270397,-0.24473477994211482
1612467045889,2021-02-04T19:30:45.890Z,38.93,0.9392948228951555,0.1731505034741113,0.1682017945608664,-0.2438284133064151
1612467045898,2021-02-04T19:30:45.898Z,38.939,0.9394301435650352,0.17456766581249228,0.16735974847850055,-0.24287414436981222
1612467045928,2021-02-04T19:30:45.928Z,38.969,0.939517820920266,0.1762161039257331,0.1663261795091979,-0.24205319849228293
1612467045943,2021-02-04T19:30:45.943Z,38.984,0.9395303845007617,0.17780005148982678,0.16536490659854947,-0.24150413237814175
1612467045958,2021-02-04T19:30:45.958Z,38.999,0.9394888177988261,0.1791055291196074,0.16461353509252752,-0.24121433359999783
1612467045988,2021-02-04T19:30:45.988Z,39.029,0.9394231834573653,0.17995001234209135,0.1641393980755517,-0.24116453603360927
1612467046003,2021-02-04T19:30:46.003Z,39.044,0.9393572122494264,0.18021960404610074,0.16404338497420512,-0.24128549471250374
1612467046018,2021-02-04T19:30:46.018Z,39.059,0.9393355649130776,0.17992420157451547,0.16417615159667287,-0.24149983317615162
1612467046048,2021-02-04T19:30:46.048Z,39.089,0.9391819733442451,0.18013917310495142,0.16477925224104398,-0.24152618344427235
1612467046063,2021-02-04T19:30:46.063Z,39.104,0.9391606538599547,0.1794907371686297,0.16532153731191077,-0.24172118403820284
1612467046078,2021-02-04T19:30:46.078Z,39.119,0.9391625859340718,0.17850519438889423,0.16589573074521918,-0.24204986940364184
1612467046093,2021-02-04T19:30:46.093Z,39.134,0.939159357630393,0.17751460648616638,0.16639269581544477,-0.24244945089357864
1612467046123,2021-02-04T19:30:46.123Z,39.164,0.9391726186626861,0.17642994608164755,0.16690326927302104,-0.24283855786484396
1612467046138,2021-02-04T19:30:46.138Z,39.179,0.939243796041408,0.17526075485335418,0.16733264192122943,-0.24311426604298692
1612467046153,2021-02-04T19:30:46.153Z,39.194,0.9393921781739946,0.17398772744911548,0.16757011000657326,-0.24329172718157854
1612467046183,2021-02-04T19:30:46.183Z,39.224,0.9394742477296117,0.17280802260860503,0.1678944523110025,-0.24359182674747598
1612467046198,2021-02-04T19:30:46.198Z,39.239,0.9395116614182023,0.17185667090792064,0.168094325124801,-0.2439824185971065
1612467046213,2021-02-04T19:30:46.213Z,39.254,0.9394765865007613,0.17137084237179961,0.1680969262776321,-0.2444569515838515
1612467046243,2021-02-04T19:30:46.243Z,39.284,0.9394284766780819,0.17135220362601442,0.16769557020032932,-0.24493010279260088
1612467046258,2021-02-04T19:30:46.258Z,39.299,0.9393792719990846,0.17158783248635465,0.16708787725548652,-0.2453687843947559
1612467046273,2021-02-04T19:30:46.273Z,39.314,0.9393582210582027,0.17177196836805314,0.16661736357284268,-0.24564034190126235
1612467046303,2021-02-04T19:30:46.303Z,39.344,0.9394016809017364,0.1719113096084577,0.1662681375155826,-0.24561329360357617
1612467046318,2021-02-04T19:30:46.318Z,39.359,0.9394921216765536,0.1720581724651864,0.16604948097934752,-0.24531226724751723
1612467046333,2021-02-04T19:30:46.333Z,39.374,0.9396588816638073,0.1722883899357458,0.1656553818350378,-0.24477784064894278
1612467046363,2021-02-04T19:30:46.363Z,39.404,0.9398640524027959,0.17269303174369013,0.1651617038195847,-0.2440374794566992
1612467046378,2021-02-04T19:30:46.378Z,39.419,0.9400519454225894,0.1732939874655925,0.16457659761438795,-0.2432818886254214
1612467046393,2021-02-04T19:30:46.393Z,39.434,0.9401815659511036,0.17408007375704812,0.1638647448454148,-0.2426996010775848
1612467046423,2021-02-04T19:30:46.423Z,39.464,0.9402024041187246,0.17498495417662596,0.1631700960933679,-0.24243602216266405
1612467046438,2021-02-04T19:30:46.438Z,39.479,0.9401434535192718,0.17590509269415947,0.162670693238953,-0.2423343366720345
1612467046453,2021-02-04T19:30:46.453Z,39.494,0.9401034013027586,0.1766835159475885,0.1622161034421073,-0.2422281276719158
1612467046483,2021-02-04T19:30:46.483Z,39.524,0.9401369185692235,0.1770920771248894,0.16183710503143411,-0.24205313878940266
1612467046498,2021-02-04T19:30:46.498Z,39.539,0.9402260300233327,0.17740943445723328,0.16145169500647788,-0.24173178361908293
1612467046513,2021-02-04T19:30:46.513Z,39.554,0.9403594553640222,0.1776634875925877,0.16113202946877553,-0.24123898723712076
1612467046543,2021-02-04T19:30:46.543Z,39.584,0.9404879823304465,0.17770542781115403,0.16094935802496396,-0.24082865313291166
1612467046558,2021-02-04T19:30:46.558Z,39.599,0.9405660974855126,0.17769043152295483,0.1606671883199051,-0.24072303878822118
1612467046573,2021-02-04T19:30:46.573Z,39.614,0.9406625486354319,0.1777361077951655,0.16010610477621942,-0.240686270472383
1612467046603,2021-02-04T19:30:46.603Z,39.644,0.9408032632214709,0.17768859112341695,0.1597524296009604,-0.24040620984699415
1612467046618,2021-02-04T19:30:46.618Z,39.659,0.9409716589316985,0.17739000241285793,0.15956773962352083,-0.240090109339668
1612467046633,2021-02-04T19:30:46.633Z,39.674,0.941096153537917,0.17700708634080525,0.15958162070290263,-0.23987544166736013
1612467046663,2021-02-04T19:30:46.663Z,39.704,0.9410913471379737,0.1769984991217692,0.15940896438129606,-0.24001539476783013
1612467046678,2021-02-04T19:30:46.678Z,39.719,0.9410511329410003,0.17720370939018382,0.1589806633819639,-0.24030555390887154
1612467046693,2021-02-04T19:30:46.693Z,39.734,0.9410561728701344,0.17732552504606447,0.15848729762751015,-0.24052175402836737
1612467046708,2021-02-04T19:30:46.708Z,39.749,0.9410643714815683,0.17721262415556674,0.15822466302539898,-0.24074569690525693
1612467046738,2021-02-04T19:30:46.738Z,39.779,0.9409883825425592,0.17706628283388595,0.15823712529977818,-0.24114188267530476
1612467046753,2021-02-04T19:30:46.753Z,39.794,0.9408780780660705,0.17702902122255895,0.158249230706899,-0.24159128469453311
1612467046768,2021-02-04T19:30:46.768Z,39.809,0.9407770154353735,0.17725610185294655,0.15804852667192593,-0.24194946745393436
1612467046798,2021-02-04T19:30:46.798Z,39.839,0.9406601689380705,0.17757324946553893,0.15796671661314396,-0.24222449110301106
1612467046813,2021-02-04T19:30:46.813Z,39.854,0.9405697258172883,0.17780570363390316,0.15789468389536707,-0.24245203944043375
1612467046828,2021-02-04T19:30:46.828Z,39.869,0.9404698655480176,0.17810750159069236,0.15779661097662454,-0.24268164215182597
1612467046858,2021-02-04T19:30:46.858Z,39.899,0.9403724954740077,0.17859849957887755,0.15762360597684388,-0.24281051159910227
1612467046873,2021-02-04T19:30:46.873Z,39.914,0.9403040545020792,0.17912548799492803,0.15743772124745653,-0.2428079664383727
1612467046888,2021-02-04T19:30:46.888Z,39.929,0.9403069084963658,0.1794750031071971,0.1574540130375261,-0.242528090892699
1612467046918,2021-02-04T19:30:46.918Z,39.959,0.9403384048309511,0.1796048617385702,0.15767197293260296,-0.24216797267886625
1612467046933,2021-02-04T19:30:46.933Z,39.974,0.9403383512524944,0.17959426186686847,0.15809023708956418,-0.2419032104069733
1612467046948,2021-02-04T19:30:46.948Z,39.989,0.9402771499041485,0.17954061413327752,0.1586643045557184,-0.24180506137098798
1612467046978,2021-02-04T19:30:46.978Z,40.019,0.9401565740116117,0.17966272474257264,0.1592743999775084,-0.24178210684959317
1612467046993,2021-02-04T19:30:46.993Z,40.034,0.9400372867030703,0.17979720969435029,0.15984892669207945,-0.24176679596140876
1612467047008,2021-02-04T19:30:47.008Z,40.049,0.9399745990003878,0.17976449419516044,0.16028229076844866,-0.24174794130837393
1612467047038,2021-02-04T19:30:47.038Z,40.079,0.9399195031287669,0.1795444420436674,0.1607180552079083,-0.2418363655441176
1612467047059,2021-02-04T19:30:47.059Z,40.1,0.9399024682339828,0.17895854115079463,0.16136973726364096,-0.24190287028538957
1612467047068,2021-02-04T19:30:47.068Z,40.109,0.9398604529970291,0.1783521889084814,0.16208261617393077,-0.2420372928661747
1612467047098,2021-02-04T19:30:47.098Z,40.139,0.9397456352222902,0.1781807123592431,0.16234798352042254,-0.24243124194430787
1612467047113,2021-02-04T19:30:47.113Z,40.154,0.9396061688579534,0.17844749706572413,0.16223628007466237,-0.24285001062918146
1612467047128,2021-02-04T19:30:47.128Z,40.169,0.9395512601725103,0.17863310516457076,0.16217255105028205,-0.24296853074699679
1612467047158,2021-02-04T19:30:47.158Z,40.199,0.9396339730224493,0.17847611970957694,0.1622160201914198,-0.2427349052540994
1612467047173,2021-02-04T19:30:47.173Z,40.214,0.9397751568647889,0.17795671351218725,0.16257199044029508,-0.2423312001785637
1612467047188,2021-02-04T19:30:47.188Z,40.229,0.9399157671102787,0.1770622280317969,0.16313179680925208,-0.24206473310190707
1612467047218,2021-02-04T19:30:47.218Z,40.259,0.9398924226620651,0.17667509526041014,0.16351548490388665,-0.2421793358934774
1612467047233,2021-02-04T19:30:47.233Z,40.274,0.9398384785783049,0.17675806660819762,0.16343969174886183,-0.2423792219510283
1612467047248,2021-02-04T19:30:47.248Z,40.289,0.9398499128891723,0.17684180373565658,0.16344851798389337,-0.24226782630511146
1612467047278,2021-02-04T19:30:47.278Z,40.319,0.9400239201229803,0.17631827629438565,0.1636801557875253,-0.24181749656005674
1612467047293,2021-02-04T19:30:47.293Z,40.334,0.9402239293619453,0.1755036669562644,0.16415514408694856,-0.24130999608363007
1612467047308,2021-02-04T19:30:47.308Z,40.349,0.9402762967456155,0.17509824127503518,0.16455569677183796,-0.24112758933949432
1612467047323,2021-02-04T19:30:47.323Z,40.364,0.9401574589418767,0.17524184525961067,0.16482952361949615,-0.24129955700193437
1612467047353,2021-02-04T19:30:47.353Z,40.394,0.9399744737412961,0.17552006710248508,0.16502254486036128,-0.24167799744064966
1612467047368,2021-02-04T19:30:47.368Z,40.409,0.9398259398311533,0.17564492030793077,0.16519417236801856,-0.24204741313667377
1612467047383,2021-02-04T19:30:47.383Z,40.424,0.9397284540031561,0.17573086489637743,0.1653414717534831,-0.24226286050074122
1612467047413,2021-02-04T19:30:47.413Z,40.454,0.939724848217452,0.17568124145715974,0.16539572617213458,-0.2422758031804882
1612467047428,2021-02-04T19:30:47.428Z,40.469,0.9397478563512134,0.17558428892544936,0.1655822462209281,-0.24212939454406524
1612467047443,2021-02-04T19:30:47.443Z,40.484,0.939820836214808,0.17545925746770633,0.1657888819198038,-0.24179514349374615
1612467047473,2021-02-04T19:30:47.473Z,40.514,0.939891074142448,0.17540608737915334,0.16597244699183963,-0.2414345047776582
1612467047488,2021-02-04T19:30:47.488Z,40.529,0.939956416834832,0.17540286035327163,0.16612349983414185,-0.2410783147314794
1612467047503,2021-02-04T19:30:47.503Z,40.544,0.939997908208642,0.1750836238039284,0.16649464368866582,-0.24089248818102688
1612467047533,2021-02-04T19:30:47.533Z,40.574,0.9399414803453148,0.17481634250424186,0.16677948011332486,-0.24110965333811687
1612467047548,2021-02-04T19:30:47.548Z,40.589,0.9397882220348944,0.17479721993051459,0.16689877416367283,-0.24163780501345128
1612467047563,2021-02-04T19:30:47.563Z,40.604,0.9395877732107777,0.17496585027975453,0.16694233006894713,-0.24226437232875522
1612467047593,2021-02-04T19:30:47.593Z,40.634,0.9394791995670748,0.1749381753641771,0.1670433049232414,-0.2426355346221611
1612467047608,2021-02-04T19:30:47.608Z,40.649,0.939475133892051,0.17469397109617987,0.16734447518408402,-0.24261969393790658
1612467047623,2021-02-04T19:30:47.623Z,40.664,0.9395385375655959,0.17414941197995165,0.1677475665119759,-0.24248726289322642
1612467047653,2021-02-04T19:30:47.653Z,40.694,0.9396205241340257,0.1735729885063564,0.16803209509181674,-0.2423858562419133
1612467047668,2021-02-04T19:30:47.668Z,40.709,0.9396790208678825,0.17322859329213916,0.16812728217465828,-0.24233945034881837
1612467047683,2021-02-04T19:30:47.683Z,40.724,0.9397249177313262,0.17299380383097507,0.1678819795644343,-0.242499203645021
1612467047713,2021-02-04T19:30:47.713Z,40.754,0.9398161564086491,0.17277252978419186,0.16746683540262502,-0.2425904040671731
1612467047728,2021-02-04T19:30:47.728Z,40.769,0.939866086910368,0.17284918185656062,0.16683036439983076,-0.24278082403997606
1612467047743,2021-02-04T19:30:47.743Z,40.784,0.9400371141557589,0.1729246208440154,0.16517624064641231,-0.24319561887827024
1612467047773,2021-02-04T19:30:47.773Z,40.814,0.9404067420135805,0.17261056169295866,0.16387544071954688,-0.2428694989009913
1612467047788,2021-02-04T19:30:47.788Z,40.829,0.9410147736627733,0.17133929579148327,0.1632126416225386,-0.2418587916133524
1612467047803,2021-02-04T19:30:47.803Z,40.844,0.9415933817962722,0.16947758206290858,0.16323276782788504,-0.24090312584692067
1612467047839,2021-02-04T19:30:47.839Z,40.88,0.9418544144661356,0.16853451287887142,0.1632235889987524,-0.24055028562381872
1612467047847,2021-02-04T19:30:47.848Z,40.888,0.9417468179806335,0.16930320620942574,0.16228276532235464,-0.2410677482988749
1612467047863,2021-02-04T19:30:47.863Z,40.904,0.9415545249321474,0.17090759912337702,0.16052080433459456,-0.2418651287752248
1612467047893,2021-02-04T19:30:47.893Z,40.934,0.9414008922844874,0.17222763917498715,0.15911570438295064,-0.24245451723756137
1612467047908,2021-02-04T19:30:47.908Z,40.949,0.9413736112404142,0.17265983561728476,0.158643494452142,-0.24256245977646068
1612467047923,2021-02-04T19:30:47.923Z,40.964,0.9413892403822264,0.17263152852845703,0.1585663965842379,-0.24257236306882476
1612467047938,2021-02-04T19:30:47.938Z,40.979,0.9414811261401521,0.17246809086479423,0.158373895008901,-0.24245774092619435
1612467047968,2021-02-04T19:30:47.968Z,41.009,0.9415572169971003,0.17264941245870336,0.15786512437438374,-0.24236499335630157
1612467047983,2021-02-04T19:30:47.983Z,41.024,0.9415732946110825,0.17325190308690913,0.15709247479633015,-0.2423746342222307
1612467047998,2021-02-04T19:30:47.998Z,41.039,0.9415459021916521,0.17404721153900612,0.15630567477555288,-0.24241992132364765
1612467048028,2021-02-04T19:30:48.028Z,41.069,0.9415232203770875,0.17474681075299273,0.15576101226093778,-0.2423552860613205
1612467048043,2021-02-04T19:30:48.043Z,41.084,0.9415827481867587,0.17513629234916966,0.15536229581029248,-0.24209866678652417
1612467048058,2021-02-04T19:30:48.058Z,41.099,0.9416237593319468,0.17548295802337394,0.15521427890481382,-0.24178286731900045
1612467048088,2021-02-04T19:30:48.088Z,41.129,0.9417044887212908,0.17577330013669862,0.1550672191206989,-0.24135152876126487
1612467048103,2021-02-04T19:30:48.103Z,41.144,0.9418584389999887,0.1759766417987559,0.15482238738225465,-0.24075907208451383
1612467048118,2021-02-04T19:30:48.118Z,41.159,0.9420845222374621,0.17612621510565782,0.15430588588433916,-0.24009582023562584
1612467048148,2021-02-04T19:30:48.148Z,41.189,0.942206531625464,0.17625325522090582,0.15401186481312748,-0.23971230106761518
1612467048163,2021-02-04T19:30:48.163Z,41.204,0.942167908348324,0.17644589175598202,0.1540827264861125,-0.23967685153052692
1612467048178,2021-02-04T19:30:48.178Z,41.219,0.9420469267260343,0.17658208116215554,0.15439859160875197,-0.2398487677010451
1612467048214,2021-02-04T19:30:48.214Z,41.255,0.9418851281700551,0.1767588702110316,0.15483880849002873,-0.24007009501224194
1612467048223,2021-02-04T19:30:48.223Z,41.264,0.9417533133625974,0.17664636861042884,0.15543209113457687,-0.2402865420135933
1612467048238,2021-02-04T19:30:48.238Z,41.279,0.9416428579205411,0.17619441038680747,0.15616633279286649,-0.2405750077994567
1612467048268,2021-02-04T19:30:48.268Z,41.309,0.9416120756859491,0.17523590085412166,0.15724190150148662,-0.24069495712714817
1612467048283,2021-02-04T19:30:48.283Z,41.324,0.9414866193989708,0.17427071560647164,0.15876588771688235,-0.24088598147707926
1612467048298,2021-02-04T19:30:48.298Z,41.339,0.9412798288449157,0.17336064666995757,0.16072583422314207,-0.24105098259317534
1612467048328,2021-02-04T19:30:48.328Z,41.369,0.9409546772546695,0.17285988794594906,0.162729374468794,-0.24133566909362936
1612467048343,2021-02-04T19:30:48.343Z,41.384,0.9405944804445887,0.17258317296352682,0.16458650835948888,-0.24167820140229396
1612467048358,2021-02-04T19:30:48.358Z,41.399,0.9402843027756994,0.17227338466317205,0.16604099512797652,-0.24211092256902192
1612467048388,2021-02-04T19:30:48.388Z,41.429,0.9400006051482959,0.1720503691259021,0.16711759442425414,-0.24262984655299294
1612467048403,2021-02-04T19:30:48.403Z,41.444,0.9397306220195775,0.1722943541238288,0.16755602364317196,-0.24319949119321754
1612467048418,2021-02-04T19:30:48.418Z,41.459,0.9395612190262195,0.17303863288568327,0.16734565160231255,-0.24347028590942185
1612467048448,2021-02-04T19:30:48.448Z,41.489,0.9394704915565623,0.17391714602624264,0.1669679055293548,-0.243453774535738
1612467048463,2021-02-04T19:30:48.463Z,41.504,0.9393902147210508,0.17472777752586943,0.16647680486826996,-0.2435194072103092
1612467048478,2021-02-04T19:30:48.478Z,41.519,0.9392994012618391,0.17557128390750107,0.16584727041570924,-0.2436925151741043
1612467048508,2021-02-04T19:30:48.508Z,41.549,0.9391775501505716,0.17661046272899422,0.1651339381263282,-0.2438955846806394
1612467048523,2021-02-04T19:30:48.523Z,41.564,0.9391042096205653,0.17781502154635798,0.16445933654849818,-0.24375854489110674
1612467048538,2021-02-04T19:30:48.538Z,41.579,0.9391303569912859,0.1788635844441119,0.16393462965698732,-0.24324355682412235
1612467048559,2021-02-04T19:30:48.560Z,41.6,0.9392017384176734,0.17966988415043625,0.163572648481413,-0.242616602794131
1612467048583,2021-02-04T19:30:48.583Z,41.624,0.9391723771640501,0.18045352047365013,0.16326981774836283,-0.24235251088674428
1612467048598,2021-02-04T19:30:48.598Z,41.639,0.9389904396997275,0.18125350465861587,0.16314251925566103,-0.2425461597560305
1612467048613,2021-02-04T19:30:48.613Z,41.654,0.9386775668772981,0.18199312397349746,0.16311209101158172,-0.24322288961673014
1612467048643,2021-02-04T19:30:48.643Z,41.684,0.9384293140143354,0.18222546147487773,0.16283743360073008,-0.2441890128715447
1612467048658,2021-02-04T19:30:48.658Z,41.699,0.9383337653156739,0.18210192193906857,0.16252009223337374,-0.24485884610334757
1612467048673,2021-02-04T19:30:48.673Z,41.714,0.9384287832797799,0.18146246963437881,0.16247650494169996,-0.24499831870474933
1612467048703,2021-02-04T19:30:48.703Z,41.744,0.9385431732323392,0.18074248249724972,0.16297865493049776,-0.24475870778533826
1612467048718,2021-02-04T19:30:48.718Z,41.759,0.9387818316527011,0.17927393829937435,0.16354317761217524,-0.24454683940289276
1612467048733,2021-02-04T19:30:48.733Z,41.774,0.9389685075930774,0.17783628957245087,0.16416602872506306,-0.24446249379439414
1612467048763,2021-02-04T19:30:48.763Z,41.804,0.9390612516092003,0.17691703622258398,0.16466081948778302,-0.2444404683066838
1612467048778,2021-02-04T19:30:48.778Z,41.819,0.9390742568534525,0.176835186124824,0.1646922258402629,-0.24442857404795157
1612467048793,2021-02-04T19:30:48.793Z,41.834,0.9390091477815943,0.17746903820977944,0.16417875739435614,-0.24456470816498638
1612467048823,2021-02-04T19:30:48.823Z,41.864,0.9389436036812832,0.17829081948053813,0.16348505145701045,-0.24468332747668434
1612467048838,2021-02-04T19:30:48.838Z,41.879,0.9389007494504255,0.17889833400643804,0.16295589728867116,-0.24475731717355118
1612467048853,2021-02-04T19:30:48.853Z,41.894,0.9388389406123352,0.17932853199153892,0.16260732968537867,-0.24491136669468455
1612467048883,2021-02-04T19:30:48.884Z,41.924,0.9387263532707014,0.17966545126224429,0.16238328306154617,-0.2452444263994154
1612467048898,2021-02-04T19:30:48.898Z,41.939,0.9385827306591893,0.1800394319652569,0.16232295187503998,-0.24555960567760515
1612467048913,2021-02-04T19:30:48.913Z,41.954,0.9384776737983564,0.18027242463005028,0.16239914449828327,-0.2457397537360493
1612467048943,2021-02-04T19:30:48.943Z,41.984,0.9384609767100196,0.1803599967965897,0.16243650103344606,-0.24571456993841745
1612467048958,2021-02-04T19:30:48.958Z,41.999,0.9384392565635272,0.1804409052656656,0.16248716488377293,-0.24570462489630782
1612467048973,2021-02-04T19:30:48.973Z,42.014,0.9384358637322483,0.1804488576241302,0.16249818580386316,-0.24570445468836902
1612467049018,2021-02-04T19:30:49.018Z,42.059,0.9384832949261671,0.18045850231574,0.1624924134475369,-0.24551995776001573
1612467049018,2021-02-04T19:30:49.018Z,42.059,0.9385310023839947,0.18045205662865957,0.16250167755685882,-0.2453361318961964
1612467049033,2021-02-04T19:30:49.033Z,42.074,0.9385451940971359,0.18041100997973056,0.1625325429134702,-0.2452915787574949
1612467049063,2021-02-04T19:30:49.063Z,42.104,0.9385187109168198,0.18042163090971877,0.16256802973378698,-0.2453615700703406
1612467049078,2021-02-04T19:30:49.078Z,42.119,0.9384570789458249,0.18040270766468475,0.16264202445481152,-0.24556210197210926
1612467049093,2021-02-04T19:30:49.093Z,42.134,0.9383986637444646,0.18040196881906023,0.16268121811257702,-0.24575983968545062
1612467049108,2021-02-04T19:30:49.108Z,42.149,0.9384017482026901,0.18035734721616986,0.16264387845265815,-0.24580552287765653
1612467049138,2021-02-04T19:30:49.138Z,42.179,0.9384496575843548,0.1802027155669843,0.1625337478714014,-0.24580887348704006
1612467049153,2021-02-04T19:30:49.153Z,42.194,0.9384880207023326,0.18012865157274377,0.1623465868471096,-0.24584037426732203
1612467049168,2021-02-04T19:30:49.168Z,42.209,0.9385149966224805,0.18006747072051382,0.16222338121012553,-0.24586354282767595
1612467049198,2021-02-04T19:30:49.198Z,42.239,0.9385428793551469,0.18002686376216442,0.16218872649754149,-0.2458097006483161
1612467049213,2021-02-04T19:30:49.213Z,42.254,0.93859615297617,0.18001887265812647,0.16217871666351727,-0.2456186698250069
1612467049228,2021-02-04T19:30:49.228Z,42.269,0.9386612735012232,0.18000094488673846,0.16212601450133976,-0.2454176621412049
1612467049258,2021-02-04T19:30:49.258Z,42.299,0.9387200586078708,0.17997825089423222,0.1620380950163064,-0.24526747957235398
1612467049273,2021-02-04T19:30:49.273Z,42.314,0.9387279204791826,0.1799897355758646,0.16205276842166752,-0.24521926238987204
1612467049288,2021-02-04T19:30:49.288Z,42.329,0.9387606955835587,0.17995649204071812,0.16206728760960923,-0.24510857122250174
1612467049318,2021-02-04T19:30:49.318Z,42.359,0.9388114610552031,0.17973784435848758,0.1621637586872094,-0.24501074112208915
1612467049333,2021-02-04T19:30:49.333Z,42.374,0.9388830221017351,0.1794912552358498,0.16226662263116629,-0.24484914392916843
1612467049348,2021-02-04T19:30:49.348Z,42.389,0.9389399895616178,0.1793305816065956,0.16234088716973766,-0.24469915172638382
1612467049378,2021-02-04T19:30:49.378Z,42.419,0.9389405640852079,0.17928051683043147,0.16239767973608152,-0.24469594810029474
1612467049399,2021-02-04T19:30:49.399Z,42.44,0.9389300818634742,0.17928330292614075,0.16244611642391002,-0.24470197776587937
1612467049408,2021-02-04T19:30:49.408Z,42.449,0.9389657439992144,0.1790265020228112,0.162572590173147,-0.24466915640078526
1612467049438,2021-02-04T19:30:49.438Z,42.479,0.9389778527587495,0.17879552186633663,0.16284356910243286,-0.2446113762503566
1612467049453,2021-02-04T19:30:49.453Z,42.494,0.9390170625345411,0.1784928647181894,0.16324097172314408,-0.24441693612468723
1612467049468,2021-02-04T19:30:49.468Z,42.509,0.9389948309383847,0.17830970339242072,0.1637400731127505,-0.24430216045735767
1612467049498,2021-02-04T19:30:49.498Z,42.539,0.9389354602649489,0.1782601432470561,0.16430485025896185,-0.2441873030441338
1612467049513,2021-02-04T19:30:49.513Z,42.554,0.938847373853455,0.17856917716365664,0.16446053075272582,-0.244195395943693
1612467049528,2021-02-04T19:30:49.528Z,42.569,0.9388024678124183,0.17871695227571846,0.16456899226606136,-0.24418686324846578
1612467049558,2021-02-04T19:30:49.558Z,42.599,0.9388303056947843,0.17842604024954115,0.16482340072680524,-0.24412097788342105
1612467049573,2021-02-04T19:30:49.573Z,42.614,0.9389005276556202,0.17792171851061941,0.165240524743785,-0.24393693904905986
1612467049588,2021-02-04T19:30:49.588Z,42.629,0.9389320604815692,0.17738909699237773,0.16585650637635072,-0.24378538381267928
1612467049618,2021-02-04T19:30:49.618Z,42.659,0.9389429277833348,0.17685597869547515,0.16657650135683713,-0.24363991947347363
1612467049633,2021-02-04T19:30:49.633Z,42.674,0.9389278180399848,0.17636298963929056,0.16729164076762845,-0.24356550520432835
1612467049648,2021-02-04T19:30:49.648Z,42.689,0.9388977220368923,0.1759772264180922,0.1677785917768569,-0.24362558871658985
1612467049678,2021-02-04T19:30:49.678Z,42.719,0.938889779077799,0.17572396947297966,0.1680768688279908,-0.24363340382812693
1612467049693,2021-02-04T19:30:49.693Z,42.734,0.9389251250955215,0.17552162766180562,0.1682198066282713,-0.24354437859506664
1612467049708,2021-02-04T19:30:49.708Z,42.749,0.9390027999996247,0.1753278673171502,0.16828320310605857,-0.24334059276505768
1612467049738,2021-02-04T19:30:49.738Z,42.779,0.9390922317803917,0.17512643960965754,0.1683395095625136,-0.2431014600524247
1612467049753,2021-02-04T19:30:49.753Z,42.794,0.9391609983097622,0.17492002885069952,0.16840689836129902,-0.24293768613578312
1612467049768,2021-02-04T19:30:49.768Z,42.809,0.9391665415018483,0.17484430285993868,0.16845915054098068,-0.24293454196530004
1612467049783,2021-02-04T19:30:49.783Z,42.824,0.9391578576700528,0.17484932413337959,0.16849680184051602,-0.24293838724297012
1612467049813,2021-02-04T19:30:49.813Z,42.854,0.9391468030115043,0.17488214869992877,0.1685284510022307,-0.24293554219618757
1612467049828,2021-02-04T19:30:49.828Z,42.869,0.9391633234072951,0.17476056001278148,0.1686079662016043,-0.2429039982461013
1612467049843,2021-02-04T19:30:49.843Z,42.884,0.9392365377989229,0.17448117271229893,0.16872259883118168,-0.2427421081643758
1612467049873,2021-02-04T19:30:49.873Z,42.914,0.9393189174102841,0.17418012443518582,0.16885130268178258,-0.2425499808896723
1612467049888,2021-02-04T19:30:49.888Z,42.929,0.9393845645579114,0.17398622983309806,0.1689361072714798,-0.24237578954748432
1612467049903,2021-02-04T19:30:49.903Z,42.944,0.9394218309812896,0.1739340759217198,0.16895417122838577,-0.24225616345832832
1612467049933,2021-02-04T19:30:49.933Z,42.974,0.9394908742811179,0.1739063061279381,0.16878633154722975,-0.2421253148976071
1612467049948,2021-02-04T19:30:49.948Z,42.989,0.9395887143194921,0.17387731349759258,0.16854247507670944,-0.24193627646411434
1612467049969,2021-02-04T19:30:49.969Z,43.01,0.9397073250622614,0.17363969823031106,0.16854485345880774,-0.24164443050764742
1612467049992,2021-02-04T19:30:49.993Z,43.033,0.9398489782972133,0.17327096130203243,0.16867198086447735,-0.24126921650804778
1612467050008,2021-02-04T19:30:50.008Z,43.049,0.9399744133258915,0.173025056681576,0.1687662808509236,-0.24089079372348496
1612467050023,2021-02-04T19:30:50.023Z,43.064,0.9399967188368996,0.1731427269662536,0.1687414294638437,-0.2407365669296017
1612467050053,2021-02-04T19:30:50.053Z,43.094,0.9399674868950783,0.17340940266375587,0.16851289273188053,-0.24081882740160493
1612467050068,2021-02-04T19:30:50.068Z,43.109,0.9398930637043557,0.17375564290955725,0.16818007180061356,-0.24109224128259935
1612467050083,2021-02-04T19:30:50.083Z,43.124,0.9397999795615654,0.174086290108608,0.16793725712466218,-0.24138566585807844
1612467050113,2021-02-04T19:30:50.113Z,43.154,0.9397490974008604,0.17432705600499507,0.1678088894032458,-0.24149925075690903
1612467050128,2021-02-04T19:30:50.128Z,43.169,0.9398006603474881,0.17424395938570955,0.16778333606287205,-0.2413762904007558
1612467050143,2021-02-04T19:30:50.143Z,43.184,0.9399008721927932,0.17411706714190342,0.16778470397077672,-0.2410765241465197
1612467050173,2021-02-04T19:30:50.173Z,43.214,0.9400010179309364,0.17409197297162768,0.16759117921988753,-0.24083867605377915
1612467050188,2021-02-04T19:30:50.188Z,43.229,0.9400191040709186,0.17429916923165872,0.16726907089777493,-0.24084215060461536
1612467050203,2021-02-04T19:30:50.203Z,43.244,0.9399928727155785,0.17466419095714203,0.16688578487191102,-0.24094595752759096
1612467050233,2021-02-04T19:30:50.233Z,43.274,0.9399642859068279,0.17505638642859647,0.1664860921888485,-0.24104933913602622
1612467050248,2021-02-04T19:30:50.248Z,43.289,0.9399442371286294,0.17536649883548908,0.1661532498059338,-0.24113174771022688
1612467050263,2021-02-04T19:30:50.263Z,43.304,0.9399448873841142,0.17552153987031122,0.16591158765728117,-0.24118279955888194
1612467050292,2021-02-04T19:30:50.293Z,43.333,0.93994730973745,0.17566610935206103,0.16567016797308912,-0.24123405312312002
1612467050308,2021-02-04T19:30:50.308Z,43.349,0.9399589514057328,0.17576882511065148,0.16542096822693542,-0.24128487947304061
1612467050323,2021-02-04T19:30:50.323Z,43.364,0.9399738469357174,0.17582593573460867,0.1652172392654445,-0.2413248251826215
1612467050338,2021-02-04T19:30:50.338Z,43.379,0.9400057546664587,0.17598211430036642,0.16493816681599113,-0.24127759483154285
1612467050368,2021-02-04T19:30:50.368Z,43.409,0.9400207935028998,0.17623301639178127,0.16453630651232629,-0.24131024751326785
1612467050383,2021-02-04T19:30:50.383Z,43.424,0.9400117751119048,0.17652860817131785,0.16413190399923022,-0.24140470425749908
1612467050398,2021-02-04T19:30:50.398Z,43.439,0.9400011772958808,0.17677548466629817,0.1638082209918174,-0.24148515780239888
1612467050428,2021-02-04T19:30:50.428Z,43.469,0.9399784518200643,0.17700439628150438,0.16360514582343658,-0.24154359869611003
1612467050443,2021-02-04T19:30:50.443Z,43.484,0.9399512858819333,0.17716732968198082,0.16354497066446905,-0.24157061086277537
1612467050458,2021-02-04T19:30:50.458Z,43.499,0.9399444656493204,0.1771831912633372,0.16356735050357984,-0.24157036258239997
1612467050488,2021-02-04T19:30:50.488Z,43.529,0.9399383830071262,0.17719226924166573,0.16359058773821025,-0.2415716363201715
1612467050503,2021-02-04T19:30:50.503Z,43.544,0.93994508287152,0.17722821340933984,0.16346943625732746,-0.24160121060767942
1612467050518,2021-02-04T19:30:50.518Z,43.559,0.9399085543562101,0.17745848720526816,0.16325349117952123,-0.24172027714805946
1612467050548,2021-02-04T19:30:50.548Z,43.589,0.939857653623109,0.1777266928536305,0.16296062445597756,-0.24191868148262766
1612467050563,2021-02-04T19:30:50.563Z,43.604,0.9397982123130112,0.17797930684950253,0.16272062474406576,-0.24212534925021753
1612467050578,2021-02-04T19:30:50.578Z,43.619,0.9397422434093915,0.1781621556050439,0.16252658537367498,-0.24233834056711256
1612467050608,2021-02-04T19:30:50.608Z,43.649,0.9397002837556875,0.17832838613316312,0.16246755552751121,-0.24241835081019975
1612467050623,2021-02-04T19:30:50.623Z,43.664,0.9397061368768794,0.1784083706117004,0.1622936704348838,-0.24245328240381317
1612467050638,2021-02-04T19:30:50.638Z,43.679,0.9397021762487245,0.17853959651614587,0.16211198633073012,-0.2424935799504145
1612467050668,2021-02-04T19:30:50.668Z,43.709,0.9396818642335237,0.1787100100365988,0.16199210242486256,-0.2425268749959501
1612467050683,2021-02-04T19:30:50.683Z,43.724,0.9396513551834238,0.17889917520304352,0.16191989448996918,-0.2425538364610691
1612467050698,2021-02-04T19:30:50.698Z,43.739,0.9396194269728797,0.1790968925281896,0.16184442822932363,-0.2425819791184552
1612467050728,2021-02-04T19:30:50.728Z,43.769,0.9395913549632966,0.17927049227973818,0.16177815873843213,-0.24260668505055538
1612467050743,2021-02-04T19:30:50.743Z,43.784,0.9395716883741164,0.17939192683228625,0.16173180932965253,-0.24262399066079376
1612467050764,2021-02-04T19:30:50.764Z,43.805,0.9395716883741164,0.17939192683228625,0.16173180932965253,-0.24262399066079376
1612467050788,2021-02-04T19:30:50.788Z,43.829,0.9395716883741164,0.17939192683228625,0.16173180932965253,-0.24262399066079376
1612467050803,2021-02-04T19:30:50.803Z,43.844,0.939554403110538,0.17949865731566603,0.16169104622118186,-0.24263915840064518
1612467050818,2021-02-04T19:30:50.818Z,43.859,0.9395357011102846,0.17961401426880944,0.1616469897994474,-0.24265556434219124
1612467050848,2021-02-04T19:30:50.848Z,43.889,0.9395357011102846,0.17961401426880944,0.1616469897994474,-0.24265556434219124
1612467050863,2021-02-04T19:30:50.863Z,43.904,0.9395357011102846,0.17961401426880944,0.1616469897994474,-0.24265556434219124
1612467050878,2021-02-04T19:30:50.878Z,43.919,0.9395228901469538,0.17960732757340966,0.1616535985596251,-0.24270570830653504
1612467050908,2021-02-04T19:30:50.908Z,43.949,0.9394908355571638,0.1795905970892127,0.1616701265619292,-0.2428311296326973
1612467050923,2021-02-04T19:30:50.923Z,43.964,0.9394506564380929,0.17962256216004227,0.16166808352291318,-0.24296425673569086
1612467050938,2021-02-04T19:30:50.938Z,43.979,0.9394211444272353,0.17960717258565537,0.16168329314835503,-0.24307959534998566
1612467050953,2021-02-04T19:30:50.953Z,43.994,0.9394211444272353,0.17960717258565537,0.16168329314835503,-0.24307959534998566
1612467050983,2021-02-04T19:30:50.983Z,44.024,0.9394211444272353,0.17960717258565537,0.16168329314835503,-0.24307959534998566
1612467050998,2021-02-04T19:30:50.998Z,44.039,0.9394031481190548,0.17971808275229348,0.16164088468887744,-0.24309537312101626
1612467051013,2021-02-04T19:30:51.013Z,44.054,0.9393757386084306,0.1798868128288078,0.16157635302462803,-0.24311939130274993
1612467051043,2021-02-04T19:30:51.043Z,44.084,0.9393449911956657,0.18007590396377424,0.16150401029722922,-0.24314627487411092
1612467051057,2021-02-04T19:30:51.058Z,44.098,0.9393214386535798,0.18022051746818474,0.16144869047605834,-0.2431668569374426
1612467051073,2021-02-04T19:30:51.073Z,44.114,0.9393127995369933,0.18027354339289287,0.16142840311331283,-0.24317439184016273
1612467051102,2021-02-04T19:30:51.103Z,44.143,0.9393127995369933,0.18027354339289287,0.16142840311331283,-0.24317439184016273
1612467051118,2021-02-04T19:30:51.118Z,44.159,0.939304157269594,0.1803265687107888,0.16140811520979922,-0.24318192592680696
1612467051133,2021-02-04T19:30:51.133Z,44.174,0.939278209125406,0.1804856349266697,0.16134724236644818,-0.24320454113365053
1612467051163,2021-02-04T19:30:51.163Z,44.204,0.9392707455807405,0.18063996921454106,0.16115036655981563,-0.24324931115217302
1612467051178,2021-02-04T19:30:51.178Z,44.219,0.9392281754487152,0.18090021638308024,0.161050772471197,-0.2432862405526927
1612467051193,2021-02-04T19:30:51.193Z,44.234,0.9391981738742453,0.1810833598598064,0.16098066946968023,-0.24331220896260092
1612467051229,2021-02-04T19:30:51.229Z,44.27,0.9391727376524849,0.18123845841468667,0.1609212934317705,-0.24333418864198003
1612467051238,2021-02-04T19:30:51.238Z,44.279,0.939146626746074,0.18139749095883387,0.16086039310913647,-0.24335672925580698
1612467051253,2021-02-04T19:30:51.253Z,44.294,0.9391244463634134,0.18153243610202272,0.1608087164734114,-0.24337585252372745
1612467051283,2021-02-04T19:30:51.283Z,44.324,0.9391165169944646,0.18158063606559316,0.16079026408118163,-0.24338268445167602
1612467051298,2021-02-04T19:30:51.298Z,44.339,0.9391165169944646,0.18158063606559316,0.16079026408118163,-0.24338268445167602
1612467051312,2021-02-04T19:30:51.313Z,44.353,0.9391165169944646,0.18158063606559316,0.16079026408118163,-0.24338268445167602
1612467051343,2021-02-04T19:30:51.343Z,44.384,0.9391165169944646,0.18158063606559316,0.16079026408118163,-0.24338268445167602
1612467051358,2021-02-04T19:30:51.358Z,44.399,0.9391036548862601,0.1815739856706057,0.160796975841392,-0.24343283604974325
1612467051373,2021-02-04T19:30:51.373Z,44.414,0.9391036548862601,0.1815739856706057,0.160796975841392,-0.24343283604974325
1612467051403,2021-02-04T19:30:51.403Z,44.444,0.9391036548862601,0.1815739856706057,0.160796975841392,-0.24343283604974325
1612467051418,2021-02-04T19:30:51.418Z,44.459,0.9391036548862601,0.1815739856706057,0.160796975841392,-0.24343283604974325
1612467051433,2021-02-04T19:30:51.433Z,44.474,0.9391036548862601,0.1815739856706057,0.160796975841392,-0.24343283604974325
1612467051463,2021-02-04T19:30:51.463Z,44.504,0.9391036548862601,0.1815739856706057,0.160796975841392,-0.24343283604974325
1612467051478,2021-02-04T19:30:51.478Z,44.519,0.9391036548862601,0.1815739856706057,0.160796975841392,-0.24343283604974325
1612467051493,2021-02-04T19:30:51.493Z,44.534,0.9391036548862601,0.1815739856706057,0.160796975841392,-0.24343283604974325
1612467051523,2021-02-04T19:30:51.523Z,44.564,0.9391036548862601,0.1815739856706057,0.160796975841392,-0.24343283604974325
1612467051538,2021-02-04T19:30:51.538Z,44.579,0.9391036548862601,0.1815739856706057,0.160796975841392,-0.24343283604974325
1612467051553,2021-02-04T19:30:51.553Z,44.594,0.9391036548862601,0.1815739856706057,0.160796975841392,-0.24343283604974325
1612467051568,2021-02-04T19:30:51.568Z,44.609,0.9391178052720907,0.18158130712755075,0.1607895903340886,-0.24337765789607183
1612467051598,2021-02-04T19:30:51.598Z,44.639,0.9391514372380549,0.18159868529895834,0.1607720175502555,-0.24324648775307328
1612467051613,2021-02-04T19:30:51.613Z,44.654,0.939198359371164,0.18159783389244766,0.16070031816905928,-0.24311329914352225
1612467051628,2021-02-04T19:30:51.628Z,44.669,0.9392401175136293,0.18159431062701142,0.16063131207505937,-0.243000184324887
1612467051658,2021-02-04T19:30:51.658Z,44.699,0.9392401175136293,0.18159431062701142,0.16063131207505937,-0.243000184324887
1612467051673,2021-02-04T19:30:51.673Z,44.714,0.9392615059360545,0.18146427440418433,0.16068105837057312,-0.24298176487672926
1612467051688,2021-02-04T19:30:51.688Z,44.729,0.9392940839553852,0.18121878769644775,0.16083532655803817,-0.24293697240892104
1612467051718,2021-02-04T19:30:51.718Z,44.759,0.9393664852451,0.18086200149591294,0.16096757656618443,-0.24283529831465817
1612467051733,2021-02-04T19:30:51.733Z,44.774,0.9394247753041698,0.18050543012655912,0.16110385867323515,-0.24278473584665525
1612467051748,2021-02-04T19:30:51.748Z,44.789,0.9394888890209262,0.1802146663291161,0.16121002634865333,-0.24268215602054058
1612467051778,2021-02-04T19:30:51.778Z,44.819,0.9395608372094549,0.1800047880963703,0.16127905071287255,-0.2425134578653384
1612467051793,2021-02-04T19:30:51.793Z,44.834,0.9396083174312991,0.17985050263085564,0.161268041137362,-0.24245128464305915
1612467051808,2021-02-04T19:30:51.808Z,44.849,0.9396515853628606,0.17969531972551012,0.16132195502149996,-0.24236277977827028
1612467051838,2021-02-04T19:30:51.838Z,44.879,0.9397215131916656,0.17947947511099702,0.16139403893488757,-0.24220355045897113
1612467051853,2021-02-04T19:30:51.853Z,44.894,0.9398036026764734,0.17922956205290788,0.16147713086888532,-0.24201464560847782
1612467051868,2021-02-04T19:30:51.868Z,44.909,0.9398858733716192,0.17896931435389496,0.1615645427188685,-0.24182933670712578
1612467051898,2021-02-04T19:30:51.898Z,44.939,0.9399610401138806,0.17871938426031198,0.16164955523211477,-0.24166515274425956
1612467051913,2021-02-04T19:30:51.913Z,44.954,0.940043148622186,0.17843297568861952,0.16174808907849586,-0.24149142343952157
1612467051928,2021-02-04T19:30:51.928Z,44.969,0.9401228158148688,0.17816099225694784,0.1618410871846546,-0.2413197350430149
1612467051958,2021-02-04T19:30:51.958Z,44.999,0.9402067370639906,0.17786309892970317,0.16194386161603974,-0.24114351598890602
1612467051973,2021-02-04T19:30:51.973Z,45.014,0.9402859743438241,0.17754912859513142,0.16205475784276596,-0.24099138749739044
1612467051988,2021-02-04T19:30:51.988Z,45.029,0.9403510864984854,0.17722776378809876,0.1621727878776966,-0.2408944597448509
1612467052018,2021-02-04T19:30:52.018Z,45.059,0.9403967236961586,0.17694131618046505,0.1622814944759453,-0.24085366769162808
1612467052033,2021-02-04T19:30:52.033Z,45.074,0.9404412184981888,0.17666145425590662,0.16238768261953876,-0.24081379873937017
1612467052048,2021-02-04T19:30:52.048Z,45.089,0.9404779743653213,0.1764298409162651,0.16247553163929687,-0.24078079779436576
1612467052078,2021-02-04T19:30:52.078Z,45.119,0.9405094959636251,0.17623089891669472,0.1625509827417519,-0.24075243774249228
1612467052093,2021-02-04T19:30:52.093Z,45.134,0.9405385128684326,0.17604752997313966,0.16262053383080102,-0.24072626565910693
1612467052109,2021-02-04T19:30:52.109Z,45.15,0.940573586109555,0.1758255456165537,0.16270469525536255,-0.24069459645682215
1612467052123,2021-02-04T19:30:52.123Z,45.164,0.9406141925960708,0.1755680759839259,0.16280229098677004,-0.24065785969214343
1612467052153,2021-02-04T19:30:52.153Z,45.194,0.9406631499508008,0.17532146502950685,0.1628190380270337,-0.24063495814302668
1612467052168,2021-02-04T19:30:52.168Z,45.209,0.9407050088577418,0.17510117404625217,0.1628477243780157,-0.24061231020561288
1612467052183,2021-02-04T19:30:52.183Z,45.224,0.940738553892498,0.17488740744810027,0.16292872431128655,-0.24058179218434336
1612467052213,2021-02-04T19:30:52.213Z,45.254,0.940780814135608,0.1746732382265579,0.16294407768006763,-0.24056173251534227
1612467052228,2021-02-04T19:30:52.228Z,45.269,0.9408202230839194,0.17452687683422557,0.16299496051124138,-0.2404793545125109
1612467052243,2021-02-04T19:30:52.243Z,45.284,0.9408909471145962,0.1743752265062007,0.16303942386283038,-0.24028244273185134
1612467052273,2021-02-04T19:30:52.273Z,45.314,0.9409553837960424,0.17425270502483314,0.16307329480369667,-0.24009594127897638
1612467052288,2021-02-04T19:30:52.288Z,45.329,0.941016727684973,0.17412330500653078,0.16311088671506083,-0.239923803541238
1612467052303,2021-02-04T19:30:52.303Z,45.344,0.9410594406602613,0.17400590120750448,0.1632014067283716,-0.23977984971853025
1612467052333,2021-02-04T19:30:52.333Z,45.374,0.9410850077580207,0.1738417077977967,0.16326343474838348,-0.2397563756757925
1612467052348,2021-02-04T19:30:52.348Z,45.389,0.9411082962612412,0.17369200312719527,0.16331996973074267,-0.2397349583291427
1612467052363,2021-02-04T19:30:52.363Z,45.404,0.9411240404467156,0.1735906176796107,0.16335827164001618,-0.23972048939055404
1612467052393,2021-02-04T19:30:52.393Z,45.434,0.9411316319869635,0.17354175207182485,0.16337672745711504,-0.23971348832887965
1612467052408,2021-02-04T19:30:52.408Z,45.449,0.9411316319869635,0.17354175207182485,0.16337672745711504,-0.23971348832887965
1612467052423,2021-02-04T19:30:52.423Z,45.464,0.9411601764221065,0.17352695290866174,0.16318497070733645,-0.23974274601453607
1612467052453,2021-02-04T19:30:52.453Z,45.494,0.9411484120022251,0.17365010878034506,0.16308298781685662,-0.23976915020700884
1612467052468,2021-02-04T19:30:52.468Z,45.509,0.9411521418468304,0.17375319688723612,0.16289513297824093,-0.2398075230692115
1612467052483,2021-02-04T19:30:52.483Z,45.524,0.9411556995969204,0.17388280774834283,0.16266698386076497,-0.2398544780641505
1612467052513,2021-02-04T19:30:52.513Z,45.554,0.9411471497142209,0.1740918942917439,0.16240607164632498,-0.23991315682788053
1612467052528,2021-02-04T19:30:52.528Z,45.569,0.9411355136381466,0.17433308138142628,0.16211751548263736,-0.23997881756283448
1612467052543,2021-02-04T19:30:52.543Z,45.584,0.9411010843800102,0.17461768753075785,0.1619331345024493,-0.2400313982177983
1612467052573,2021-02-04T19:30:52.573Z,45.614,0.9410862814328418,0.17479969156009947,0.16186046770151194,-0.2400059743524059
1612467052588,2021-02-04T19:30:52.588Z,45.629,0.9411325954842206,0.1747240072216851,0.16205913757051446,-0.23974527095947543
1612467052603,2021-02-04T19:30:52.603Z,45.644,0.9412840766707907,0.17444710884000658,0.1622404364808264,-0.2392290408664694
1612467052633,2021-02-04T19:30:52.633Z,45.674,0.9413767148774874,0.1743276160368238,0.16239767003732117,-0.2388446351497916
1612467052648,2021-02-04T19:30:52.648Z,45.689,0.941420021087811,0.17425305055404514,0.16255423790410553,-0.23862174671863018
1612467052663,2021-02-04T19:30:52.663Z,45.704,0.9414327654152375,0.17425986157546233,0.16254781698670756,-0.23857086167253347
1612467052693,2021-02-04T19:30:52.693Z,45.734,0.9414237045862839,0.17431787896312811,0.16252598633842463,-0.23857910487206416
1612467052707,2021-02-04T19:30:52.708Z,45.748,0.9413846713264151,0.17448036241907028,0.1624686410519152,-0.2386533980409897
1612467052723,2021-02-04T19:30:52.723Z,45.764,0.9413350087984133,0.17471047501074596,0.16238580398360192,-0.23873730709005272
1612467052753,2021-02-04T19:30:52.753Z,45.794,0.9413029754067118,0.17491479263485474,0.16230884414652197,-0.23876633539885198
1612467052768,2021-02-04T19:30:52.768Z,45.809,0.9412896569001044,0.17505023064242806,0.1621975428780908,-0.2387952169730925
1612467052783,2021-02-04T19:30:52.783Z,45.824,0.9412945747897765,0.17512910224217412,0.1620363346114967,-0.23882744248694474
1612467052798,2021-02-04T19:30:52.798Z,45.839,0.94125880681702,0.17517608520182518,0.16197326129184866,-0.238976694238676
1612467052828,2021-02-04T19:30:52.828Z,45.869,0.9411665171100844,0.17541508290237043,0.16189860552057608,-0.23921533665658004
1612467052843,2021-02-04T19:30:52.843Z,45.884,0.9410566179799954,0.17571282648310732,0.16180406755510252,-0.23949298129171587
1612467052858,2021-02-04T19:30:52.858Z,45.899,0.9409666635280023,0.1759335909758104,0.16173632594465168,-0.23972999513048168
1612467052888,2021-02-04T19:30:52.888Z,45.929,0.9409527478941591,0.1759262412488863,0.16174338634035226,-0.23978523900696158
1612467052903,2021-02-04T19:30:52.903Z,45.944,0.9409842460740832,0.17583587262484504,0.1616460015275301,-0.23979358775582463
1612467052918,2021-02-04T19:30:52.918Z,45.959,0.9410192556994141,0.17577407951264123,0.161476246750788,-0.23981587751790498
1612467052947,2021-02-04T19:30:52.948Z,45.988,0.9409894258237907,0.17594400405844848,0.16133367303020196,-0.23990425980019062
1612467052962,2021-02-04T19:30:52.963Z,46.003,0.9408900251328032,0.17626843288994468,0.16122463494249945,-0.2401291678654924
1612467052978,2021-02-04T19:30:52.978Z,46.019,0.9407681193408935,0.17660961657058244,0.16111481519797113,-0.24042962648208221
1612467053008,2021-02-04T19:30:53.008Z,46.049,0.9406414761699384,0.17687805291676442,0.16103712382473181,-0.24077959310429842
1612467053023,2021-02-04T19:30:53.023Z,46.064,0.9405333767360199,0.17702028035469736,0.16100766697888116,-0.24111681559505937
1612467053038,2021-02-04T19:30:53.038Z,46.079,0.9404458711999618,0.1771166143059939,0.16099175167317883,-0.24139785453257018
1612467053068,2021-02-04T19:30:53.068Z,46.109,0.9403698570685078,0.17730268642776642,0.1607546719528908,-0.24171517277111446
1612467053082,2021-02-04T19:30:53.083Z,46.123,0.9403390367113362,0.17743564181082133,0.16045849863354084,-0.24193420441981375
1612467053098,2021-02-04T19:30:53.098Z,46.139,0.9403295088565804,0.1776353098263398,0.16009434608073903,-0.2420659245524306
1612467053127,2021-02-04T19:30:53.128Z,46.168,0.9403376535309611,0.1777996803790904,0.15976284122777507,-0.2421326198012332
1612467053143,2021-02-04T19:30:53.143Z,46.184,0.940332946368941,0.17795594514951316,0.15954417232810036,-0.24218028126829633
1612467053158,2021-02-04T19:30:53.158Z,46.199,0.9402726784393901,0.1781826986404049,0.1594646887709558,-0.24229987437227515
1612467053187,2021-02-04T19:30:53.188Z,46.228,0.9401443648659241,0.17848818777844425,0.15944525702762224,-0.24258555201373916
1612467053203,2021-02-04T19:30:53.203Z,46.244,0.9400109985578228,0.17880596684237493,0.15951710116733123,-0.24282101071995368
1612467053218,2021-02-04T19:30:53.218Z,46.259,0.939908566792706,0.1791151083099521,0.1594724945344824,-0.24301890365102277
1612467053248,2021-02-04T19:30:53.248Z,46.289,0.9398465921492776,0.17929050849613629,0.1595429132260858,-0.24308302208899776
1612467053263,2021-02-04T19:30:53.263Z,46.304,0.9397962840276143,0.1793415942574631,0.1595928116801796,-0.24320705490814626
1612467053277,2021-02-04T19:30:53.278Z,46.318,0.9397655920785353,0.17932585817157923,0.1596085558701475,-0.2433268941760295
1612467053308,2021-02-04T19:30:53.308Z,46.349,0.9397306738558264,0.1793079710940146,0.1596264783478927,-0.24346313792209257
1612467053323,2021-02-04T19:30:53.323Z,46.364,0.9396972289294285,0.17929085092977842,0.159643621964962,-0.24359356042625083
1612467053338,2021-02-04T19:30:53.338Z,46.379,0.9396972289294285,0.17929085092977842,0.159643621964962,-0.24359356042625083
1612467053353,2021-02-04T19:30:53.353Z,46.394,0.9396972289294285,0.17929085092977842,0.159643621964962,-0.24359356042625083
1612467053382,2021-02-04T19:30:53.383Z,46.423,0.9396972289294285,0.17929085092977842,0.159643621964962,-0.24359356042625083
1612467053398,2021-02-04T19:30:53.398Z,46.439,0.9396894093887999,0.1793390797113724,0.15962515635954302,-0.24360032394887798
1612467053413,2021-02-04T19:30:53.413Z,46.454,0.9396697548048892,0.17946027324956423,0.15957874667539554,-0.24361729380243335
1612467053449,2021-02-04T19:30:53.449Z,46.49,0.9396486247543588,0.17959046375262627,0.1595288938647038,-0.2436355051068359
1612467053458,2021-02-04T19:30:53.458Z,46.499,0.9396504672732844,0.17961619453562686,0.1596392140984621,-0.24353714980606853
1612467053473,2021-02-04T19:30:53.473Z,46.514,0.9395796346366116,0.1797480653538489,0.15986604640646912,-0.24356434546962016
1612467053503,2021-02-04T19:30:53.503Z,46.544,0.9394504514701263,0.18022787267984727,0.15986034711866756,-0.2437117817442801
1612467053518,2021-02-04T19:30:53.518Z,46.559,0.9391947460012814,0.18102503871781428,0.15991328492740678,-0.2440715176839126
1612467053533,2021-02-04T19:30:53.533Z,46.574,0.9389608268685546,0.18160065095840244,0.15988273250099036,-0.24456344989761108
1612467053562,2021-02-04T19:30:53.563Z,46.603,0.9388239176514951,0.18177618025631478,0.15984742313185366,-0.24498137328178338
1612467053577,2021-02-04T19:30:53.577Z,46.618,0.9387433179022161,0.18176428014201534,0.16007117164042184,-0.2451529105845088
1612467053593,2021-02-04T19:30:53.593Z,46.634,0.9386655532951944,0.1816112911282832,0.16072970801671418,-0.24513318615113389
1612467053623,2021-02-04T19:30:53.623Z,46.664,0.9384688981618994,0.18172822024597435,0.16155953062029654,-0.24525394841830903
1612467053638,2021-02-04T19:30:53.638Z,46.679,0.9382573514829313,0.18197780281772258,0.1621742182600982,-0.24547249255587786
1612467053653,2021-02-04T19:30:53.653Z,46.694,0.9380313725428066,0.1822441608285336,0.16280827318300112,-0.2457186931279981
1612467053682,2021-02-04T19:30:53.683Z,46.723,0.9379530052483065,0.18202367823159724,0.16355553231131897,-0.2456850185889878
1612467053698,2021-02-04T19:30:53.698Z,46.739,0.9378480426917275,0.18165388692258638,0.16446820321365924,-0.24575012577185443
1612467053713,2021-02-04T19:30:53.714Z,46.754,0.937585665487138,0.1817738135203547,0.16519853713031263,-0.24617238659385143
1612467053742,2021-02-04T19:30:53.743Z,46.783,0.9372739328716748,0.18226104646383934,0.1655433278027853,-0.24676687849293882
1612467053758,2021-02-04T19:30:53.758Z,46.799,0.9370501356245514,0.18267553482044835,0.1656563916500671,-0.24723400293962908
1612467053772,2021-02-04T19:30:53.773Z,46.813,0.9368909244380658,0.1828081794099069,0.16614762358661636,-0.24740964496749537
1612467053803,2021-02-04T19:30:53.803Z,46.844,0.9368133614454255,0.18288194277495104,0.16647603344863424,-0.24742807260169825
1612467053818,2021-02-04T19:30:53.818Z,46.859,0.936783976811316,0.18292089231913428,0.16660193842660476,-0.24742579100660722
1612467053839,2021-02-04T19:30:53.839Z,46.88,0.9366526963974797,0.183219558086474,0.16663687842196934,-0.24767815934334914
1612467053863,2021-02-04T19:30:53.863Z,46.904,0.9364300837668973,0.18379972253770435,0.16667734571720583,-0.2480625377521792
1612467053878,2021-02-04T19:30:53.878Z,46.919,0.9362523071605354,0.1842693268566895,0.16691535734880641,-0.24822509139383425
1612467053893,2021-02-04T19:30:53.893Z,46.934,0.9361764954962286,0.18449278609471423,0.16714096973759993,-0.2481932259240457
1612467053923,2021-02-04T19:30:53.923Z,46.964,0.9362099011068133,0.18456941919536696,0.16717729299818884,-0.24798569167041357
1612467053938,2021-02-04T19:30:53.938Z,46.979,0.9362598573239246,0.18459931608799748,0.16715402935396112,-0.24779044076469683
1612467053953,2021-02-04T19:30:53.953Z,46.994,0.9363120659357977,0.18460004536922342,0.167092044408999,-0.247634381958443
1612467053983,2021-02-04T19:30:53.983Z,47.024,0.9363471300796158,0.18460271135262313,0.16691108959306358,-0.24762184702441656
1612467053997,2021-02-04T19:30:53.998Z,47.038,0.9363566668710569,0.1846990377828625,0.16665586120132606,-0.2476858529982159
1612467054013,2021-02-04T19:30:54.013Z,47.054,0.9363669192653221,0.18474460022622843,0.1664989080142014,-0.2477186687008054
1612467054028,2021-02-04T19:30:54.028Z,47.069,0.9364131879748553,0.18469860645698782,0.16635422153006035,-0.2476752695340066
1612467054058,2021-02-04T19:30:54.058Z,47.099,0.9365382295286246,0.18442769006254736,0.16625368301901933,-0.24747178556795885
1612467054073,2021-02-04T19:30:54.073Z,47.114,0.9367417607288395,0.1839010123272973,0.16615310176838957,-0.24716075364906132
1612467054087,2021-02-04T19:30:54.088Z,47.128,0.9370056346984792,0.183309681291205,0.16588982155947776,-0.24677635298217224
1612467054118,2021-02-04T19:30:54.118Z,47.159,0.9372322465417549,0.1829682776183067,0.1655723404157987,-0.24638207223115932
1612467054133,2021-02-04T19:30:54.133Z,47.174,0.9374241934125288,0.18283220096230582,0.1652991421872146,-0.24593588897987195
1612467054148,2021-02-04T19:30:54.148Z,47.189,0.9376202183191293,0.18280103606971596,0.165038083287525,-0.24538650834103878
1612467054177,2021-02-04T19:30:54.178Z,47.218,0.9378099520903524,0.18287516533712533,0.16464921985291242,-0.24486690683928092
1612467054192,2021-02-04T19:30:54.192Z,47.233,0.9380192150770318,0.18284364763361743,0.16423445322779262,-0.2443669311491847
1612467054207,2021-02-04T19:30:54.208Z,47.248,0.9381415173526768,0.18294549843990549,0.163915218457859,-0.24403532362693806
1612467054238,2021-02-04T19:30:54.238Z,47.279,0.9382098995728394,0.1831066757844779,0.16369653896764752,-0.24379822139772517
1612467054253,2021-02-04T19:30:54.253Z,47.294,0.9383659027167393,0.1829320312539884,0.16359137069640975,-0.24339919472660243
1612467054268,2021-02-04T19:30:54.268Z,47.309,0.9386460049965548,0.18236571740481786,0.16361682210267575,-0.24272609654599345
1612467054298,2021-02-04T19:30:54.298Z,47.339,0.9389654127183867,0.181839230242718,0.16362990615403136,-0.24187538501333328
1612467054313,2021-02-04T19:30:54.313Z,47.354,0.9392621316638774,0.18142613571441135,0.16371892515049033,-0.2409716141987132
1612467054328,2021-02-04T19:30:54.328Z,47.369,0.9395118809160605,0.18110740766043631,0.16373449198073917,-0.24022603656534028
1612467054358,2021-02-04T19:30:54.358Z,47.399,0.9396787259868494,0.18074510528468207,0.16384630325022842,-0.23976965561679212
1612467054373,2021-02-04T19:30:54.373Z,47.414,0.9398223823150886,0.18043344306974557,0.16385446749868662,-0.23943553579681995
1612467054388,2021-02-04T19:30:54.388Z,47.429,0.9398916322522535,0.18020873014528638,0.16404505955861845,-0.23920232364261715
1612467054418,2021-02-04T19:30:54.418Z,47.459,0.9399115305728837,0.18002823880709268,0.1643843739733559,-0.23902703931050048
1612467054433,2021-02-04T19:30:54.433Z,47.474,0.9399243404829104,0.17985070191418973,0.164782933120376,-0.2388358100055026
1612467054448,2021-02-04T19:30:54.448Z,47.489,0.9400119330730117,0.17963856466163075,0.16500974208206787,-0.23849389255211192
1612467054478,2021-02-04T19:30:54.478Z,47.519,0.9401125798526736,0.1795275076704827,0.1649890370182522,-0.23819493877109307
1612467054493,2021-02-04T19:30:54.493Z,47.534,0.9401590209125293,0.1795063694336171,0.16509373360444163,-0.2379549071864287
1612467054514,2021-02-04T19:30:54.514Z,47.555,0.9401708940022666,0.17943619720853274,0.16535217438836536,-0.2377814114420194
1612467054538,2021-02-04T19:30:54.538Z,47.579,0.9401941492082916,0.17927133546465193,0.16551897341091848,-0.23769774823546938
1612467054552,2021-02-04T19:30:54.553Z,47.593,0.9402083735556176,0.17905173460430507,0.1658366513435821,-0.23758555448982435
1612467054568,2021-02-04T19:30:54.568Z,47.609,0.9402156089085627,0.17875222473203708,0.1665346625853771,-0.23729403084701176
1612467054582,2021-02-04T19:30:54.582Z,47.623,0.9400824830144622,0.17846641209225084,0.1679214044276613,-0.2370592053039157
1612467054612,2021-02-04T19:30:54.612Z,47.653,0.9397919506544703,0.1783445585254044,0.16981044490676497,-0.23695721286766244
1612467054628,2021-02-04T19:30:54.628Z,47.669,0.9395377980101166,0.17807719206720074,0.1712634567609613,-0.2371203663839293
1612467054643,2021-02-04T19:30:54.643Z,47.684,0.9391252718100085,0.1781107006198286,0.17265913467768604,-0.23771648109637689
1612467054673,2021-02-04T19:30:54.673Z,47.714,0.9386919330054444,0.17861509404220127,0.17321852736186447,-0.23864082816941712
1612467054688,2021-02-04T19:30:54.688Z,47.729,0.9382493753970365,0.17937853504235463,0.1731306232200885,-0.23986921027208483
1612467054703,2021-02-04T19:30:54.703Z,47.744,0.937979836688167,0.17993129411292905,0.17282415168660822,-0.24072882660597703
1612467054733,2021-02-04T19:30:54.733Z,47.774,0.937959439881483,0.18009163370677797,0.17264078898987914,-0.24081995470265855
1612467054748,2021-02-04T19:30:54.748Z,47.789,0.9381383056497574,0.17973733414172424,0.17303466785980245,-0.24010417303094989
1612467054762,2021-02-04T19:30:54.763Z,47.803,0.938359544616837,0.1793977511224787,0.17344773019931803,-0.23919384776240388
1612467054793,2021-02-04T19:30:54.793Z,47.834,0.938463014508982,0.1794270864585131,0.17364270778926622,-0.23862376469106206
1612467054807,2021-02-04T19:30:54.808Z,47.848,0.9383747068142292,0.17989864393187613,0.17353125133659134,-0.23869707231622683
1612467054823,2021-02-04T19:30:54.823Z,47.864,0.9381806003812597,0.180570308853692,0.17304790323553376,-0.23930304597837143
1612467054853,2021-02-04T19:30:54.853Z,47.894,0.9379883848640839,0.18103461934500967,0.17254310955529242,-0.2400690146680014
1612467054868,2021-02-04T19:30:54.868Z,47.909,0.9378195180879575,0.18133439179109664,0.17222629347586166,-0.2407290877367972
1612467054883,2021-02-04T19:30:54.883Z,47.924,0.9377195338043421,0.18164636072590828,0.1719964710848297,-0.24104748389304137
1612467054913,2021-02-04T19:30:54.913Z,47.954,0.9377158907694707,0.18200840801133544,0.17168547590785016,-0.24101025906357662
1612467054927,2021-02-04T19:30:54.927Z,47.968,0.937819240792257,0.18205791188661843,0.17151407998009194,-0.24069256051631802
1612467054943,2021-02-04T19:30:54.943Z,47.984,0.9379510088997174,0.1820744365452171,0.17121771857506485,-0.2403774059821216
1612467054973,2021-02-04T19:30:54.973Z,48.014,0.9380293593391317,0.18214857593821454,0.170874289124738,-0.24025984811785348
1612467054987,2021-02-04T19:30:54.988Z,48.028,0.9380435136221696,0.1823189695673335,0.17046248443162618,-0.2403678457878211
1612467055003,2021-02-04T19:30:55.003Z,48.044,0.938030156157761,0.1825667857142653,0.17011345494191163,-0.2404791203833178
1612467055033,2021-02-04T19:30:55.033Z,48.074,0.9379895963073045,0.18294925125607742,0.16974420635631768,-0.24060754994921657
1612467055048,2021-02-04T19:30:55.048Z,48.089,0.9379147462012877,0.183388105875972,0.16932565467165211,-0.2408600302072006
1612467055063,2021-02-04T19:30:55.063Z,48.104,0.9378530405972918,0.183816102893785,0.1689802865550407,-0.2410165498780781
1612467055093,2021-02-04T19:30:55.093Z,48.134,0.9378236250487944,0.1841733468982357,0.1686818035271902,-0.24106736766193565
1612467055114,2021-02-04T19:30:55.114Z,48.155,0.9378219244418772,0.18438433130026916,0.16850417474647542,-0.24103692559459775
1612467055122,2021-02-04T19:30:55.123Z,48.163,0.9378583217426999,0.1844484439661947,0.16850336311842817,-0.24084674893839725
1612467055152,2021-02-04T19:30:55.153Z,48.193,0.9379016539254561,0.1845215770982407,0.16841466138385666,-0.24068397740612685
1612467055168,2021-02-04T19:30:55.168Z,48.209,0.9378954547759056,0.18474426563788757,0.16833903042975135,-0.24059019734516607
1612467055182,2021-02-04T19:30:55.183Z,48.223,0.9378794763797721,0.18504983287614363,0.1679460039937509,-0.24069230748124643
1612467055197,2021-02-04T19:30:55.198Z,48.238,0.9378918104055884,0.18542536142283447,0.1673376115278702,-0.24077896727805478
1612467055228,2021-02-04T19:30:55.228Z,48.269,0.9378856259663214,0.18576058290205913,0.1668273746618878,-0.24089870383435172
1612467055243,2021-02-04T19:30:55.243Z,48.284,0.9378824402674837,0.18603715784026628,0.16639434566942046,-0.24099714909075373
1612467055258,2021-02-04T19:30:55.258Z,48.299,0.9378610159534796,0.1862668389399264,0.16608041134276336,-0.24111963095992986
1612467055288,2021-02-04T19:30:55.288Z,48.329,0.9378282106840097,0.18643662772415118,0.16581065146395443,-0.24130159334155646
1612467055303,2021-02-04T19:30:55.303Z,48.344,0.9378083272847674,0.18652244658264355,0.16558746020647966,-0.2414657557885575
1612467055318,2021-02-04T19:30:55.318Z,48.359,0.9378042908076122,0.1865316682153097,0.1653858409127148,-0.2416124428112916
1612467055347,2021-02-04T19:30:55.348Z,48.388,0.9378036079885701,0.18660956846816162,0.1650321954444973,-0.2417966837376311
1612467055363,2021-02-04T19:30:55.363Z,48.404,0.937873495498486,0.18652605484329463,0.16462444230047965,-0.24186800181773468
1612467055378,2021-02-04T19:30:55.378Z,48.419,0.9379043071965495,0.18653688212780778,0.16434815116098564,-0.24192806236185688
1612467055407,2021-02-04T19:30:55.408Z,48.448,0.9378794807885938,0.1866730553940226,0.164051450282591,-0.24212057237202428
1612467055429,2021-02-04T19:30:55.429Z,48.47,0.9378368660775507,0.1868475696219841,0.16376883602075415,-0.24234225116682265
1612467055438,2021-02-04T19:30:55.438Z,48.479,0.9377935780238164,0.18698559301792378,0.1635798796549233,-0.24253085575469463
1612467055468,2021-02-04T19:30:55.468Z,48.509,0.9378159015308609,0.18695266252567208,0.16346605788873572,-0.24254666505383546
1612467055483,2021-02-04T19:30:55.483Z,48.524,0.9378207103709107,0.18695440004022118,0.16342841490820104,-0.24255209895112068
1612467055498,2021-02-04T19:30:55.498Z,48.539,0.9378254287535313,0.18695766662512406,0.16339155314313208,-0.24255617171042942
1612467055527,2021-02-04T19:30:55.528Z,48.568,0.9378313933552721,0.18696075524623237,0.16334891711900695,-0.24255944613870423
1612467055543,2021-02-04T19:30:55.543Z,48.584,0.9378235086006831,0.18699510483877768,0.16336271165736727,-0.24255416286304113
1612467055558,2021-02-04T19:30:55.558Z,48.599,0.937816609338766,0.1870252976189247,0.1633746620601992,-0.2425495106068219
1612467055588,2021-02-04T19:30:55.588Z,48.629,0.937807545047877,0.18705147870871033,0.1633995590755291,-0.24254759709814003
1612467055603,2021-02-04T19:30:55.603Z,48.644,0.9378004232321183,0.18707625126270527,0.1634162520728882,-0.2425447813448126
1612467055617,2021-02-04T19:30:55.618Z,48.658,0.9377976684447294,0.18710182182000004,0.1634118295205028,-0.24253868826236435
1612467055648,2021-02-04T19:30:55.648Z,48.689,0.9378331095100889,0.18704409459121354,0.16324021097965438,-0.24256174245851084
1612467055663,2021-02-04T19:30:55.663Z,48.704,0.9378626398497629,0.1870244764768072,0.1630377190709171,-0.2425988790838961
1612467055678,2021-02-04T19:30:55.678Z,48.719,0.937847242435917,0.18714709009205444,0.16293641851479954,-0.24263190236857346
1612467055708,2021-02-04T19:30:55.708Z,48.749,0.9378301170150843,0.1872812874236979,0.16283482752500156,-0.2426627493977977
1612467055722,2021-02-04T19:30:55.723Z,48.763,0.9378276511543445,0.18728583369016036,0.16284338125872408,-0.2426630305784801
1612467055738,2021-02-04T19:30:55.738Z,48.779,0.9378633132899217,0.1873164108300468,0.16280455728287138,-0.2425276148122672
1612467055759,2021-02-04T19:30:55.759Z,48.8,0.9378905575673966,0.1873542176539452,0.16278761517699686,-0.242404396614793
1612467055782,2021-02-04T19:30:55.783Z,48.823,0.9378758775778678,0.18737834041924517,0.1628405860283021,-0.24240697048812979
1612467055798,2021-02-04T19:30:55.798Z,48.839,0.9378683268200502,0.18739122758518095,0.16286746944589,-0.24240816151311984
1612467055812,2021-02-04T19:30:55.813Z,48.853,0.9378590031424507,0.18748370840349876,0.1627723156857208,-0.2424366361634072
1612467055843,2021-02-04T19:30:55.843Z,48.884,0.9378633051664602,0.1875615369296296,0.16259341828298554,-0.24247983631199566
1612467055858,2021-02-04T19:30:55.858Z,48.899,0.9378649184028488,0.1876565484692653,0.16241482598799753,-0.2425197702149425
1612467055873,2021-02-04T19:30:55.873Z,48.914,0.9378985199083457,0.18760442847643688,0.16224468364110725,-0.24254403187866902
1612467055903,2021-02-04T19:30:55.903Z,48.944,0.9378893988466941,0.18769751632613574,0.16215876330731205,-0.24256474059234157
1612467055917,2021-02-04T19:30:55.918Z,48.958,0.9378601917273662,0.1878460297834482,0.16213156386853522,-0.2425808852017135
1612467055932,2021-02-04T19:30:55.933Z,48.973,0.9378476205456323,0.18790733188324746,0.16212453793317835,-0.24258670503835994
1612467055962,2021-02-04T19:30:55.963Z,49.003,0.9378378466773278,0.18795866499236383,0.16211111036190776,-0.2425936963137142
1612467055977,2021-02-04T19:30:55.978Z,49.018,0.9378469038385248,0.1881049718122356,0.16204751628632322,-0.24248774609337403
1612467055992,2021-02-04T19:30:55.993Z,49.033,0.9378799923907267,0.188237827647954,0.16187583389725185,-0.2423713153729601
1612467056029,2021-02-04T19:30:56.029Z,49.07,0.9379207715433809,0.18830577872707044,0.16170889344664247,-0.2422721481840676
1612467056037,2021-02-04T19:30:56.037Z,49.078,0.9379546346831031,0.18824060930041622,0.16154623567855478,-0.24230020640681166
1612467056052,2021-02-04T19:30:56.053Z,49.093,0.9379549607041414,0.18827683442755197,0.16133397795141244,-0.2424121962006153
1612467056083,2021-02-04T19:30:56.083Z,49.124,0.9379010685645448,0.18824567194395606,0.1612104875576536,-0.24272686559439022
1612467056098,2021-02-04T19:30:56.098Z,49.139,0.937801264325682,0.18821287701262995,0.16115994504677109,-0.24317107901290996
1612467056113,2021-02-04T19:30:56.113Z,49.154,0.9376866997898358,0.18798676500174832,0.1613279136678002,-0.24367587794654286
1612467056142,2021-02-04T19:30:56.142Z,49.183,0.9376171733940073,0.18748167375225333,0.16173786653414235,-0.2440604857257098
1612467056157,2021-02-04T19:30:56.157Z,49.198,0.937584521490973,0.1867299342712508,0.1622135384936259,-0.24444624079125155
1612467056172,2021-02-04T19:30:56.173Z,49.213,0.9376035254639001,0.18575799751415878,0.1627338854187239,-0.2447678041199888
1612467056202,2021-02-04T19:30:56.202Z,49.243,0.9376521462494836,0.1847251028203238,0.16321736679903637,-0.24504118061449764
1612467056217,2021-02-04T19:30:56.217Z,49.258,0.9377328159071355,0.18364663901271247,0.1636783745760215,-0.24523553504001067
1612467056232,2021-02-04T19:30:56.232Z,49.273,0.9378251460528197,0.1825206009007049,0.16404847340362363,-0.24547570969811552
1612467056262,2021-02-04T19:30:56.263Z,49.303,0.9378859983673773,0.18158136412204434,0.16433422639431158,-0.2457484980735154
1612467056277,2021-02-04T19:30:56.278Z,49.318,0.9379071633968379,0.18094643750907202,0.16456285250047267,-0.24598294082838423
1612467056293,2021-02-04T19:30:56.293Z,49.334,0.9378885272194941,0.18062112934069555,0.16469872987346693,-0.2462020441097242
1612467056323,2021-02-04T19:30:56.323Z,49.364,0.9378600912820545,0.18052517169050047,0.16462430082823037,-0.2464304184619829
1612467056338,2021-02-04T19:30:56.338Z,49.379,0.9378872355920321,0.18053010043290854,0.16431150230096522,-0.246532242035033
1612467056352,2021-02-04T19:30:56.353Z,49.393,0.9379423103712855,0.1805204388935752,0.16403836670885166,-0.24651167884004685
1612467056367,2021-02-04T19:30:56.368Z,49.408,0.9380166049535584,0.18048922553112098,0.16384270638873505,-0.2463819308751976
1612467056397,2021-02-04T19:30:56.397Z,49.438,0.9380574205882565,0.1805157046613273,0.16376540267379314,-0.2462585002330314
1612467056412,2021-02-04T19:30:56.412Z,49.453,0.9381027580041653,0.1804414685506893,0.16380773830603274,-0.24611200036428782
1612467056427,2021-02-04T19:30:56.428Z,49.468,0.9381654396989003,0.1802661230262037,0.16388828537185063,-0.24594788586516692
1612467056457,2021-02-04T19:30:56.457Z,49.498,0.9382255961542227,0.17999196339374104,0.16400405465992862,-0.24584201001826858
1612467056473,2021-02-04T19:30:56.473Z,49.514,0.9383029906123537,0.17970638180443854,0.16411134359722102,-0.24568390474222304
1612467056487,2021-02-04T19:30:56.488Z,49.528,0.9383707933175462,0.17954959263768708,0.16416100225127345,-0.24550634079814881
1612467056517,2021-02-04T19:30:56.518Z,49.558,0.9384695166341567,0.1794838458774313,0.16389525273039188,-0.24535456292871327
1612467056533,2021-02-04T19:30:56.533Z,49.574,0.9385423083033608,0.17943472844842126,0.1637043298260267,-0.24523948733320272
1612467056547,2021-02-04T19:30:56.548Z,49.588,0.9385989520569415,0.17940083989486025,0.16370694647285378,-0.24504567231266153
1612467056578,2021-02-04T19:30:56.578Z,49.619,0.9386779959318784,0.17930104571794564,0.16373430389377347,-0.2447975340688411
1612467056592,2021-02-04T19:30:56.593Z,49.633,0.9387523021609,0.17918877825393273,0.1637815245112422,-0.24456309853337804
1612467056607,2021-02-04T19:30:56.608Z,49.648,0.9388094997416969,0.17909080828660126,0.16383803619278925,-0.24437737922828837
1612467056637,2021-02-04T19:30:56.638Z,49.678,0.93885914456713,0.17900024716987228,0.16390506223116766,-0.24420800304412313
1612467056653,2021-02-04T19:30:56.653Z,49.694,0.9389086882134442,0.17890344274457579,0.16397536377260719,-0.24404121259961165
1612467056668,2021-02-04T19:30:56.668Z,49.709,0.9389652678033789,0.1787558027966264,0.16406463024468895,-0.24387165872264926
1612467056698,2021-02-04T19:30:56.698Z,49.739,0.938999823477604,0.17859540484846717,0.16417054933782044,-0.2437848305497269
1612467056713,2021-02-04T19:30:56.713Z,49.754,0.9390112728921796,0.1783968431169864,0.16440009556671425,-0.2437314184198606
1612467056728,2021-02-04T19:30:56.728Z,49.769,0.9390569557325246,0.17809518236229485,0.16453516849857525,-0.2436848748626998
1612467056757,2021-02-04T19:30:56.757Z,49.798,0.9391093034610076,0.17775693063352752,0.16467514420237217,-0.2436355611290281
1612467056772,2021-02-04T19:30:56.772Z,49.813,0.939157781607722,0.1774432424288719,0.16480266087151846,-0.2435911327032623
1612467056787,2021-02-04T19:30:56.787Z,49.828,0.939196433333014,0.17718372069983293,0.16491599397547996,-0.24355431358238838
1612467056817,2021-02-04T19:30:56.818Z,49.858,0.9392230390956192,0.1769980650934996,0.1650045294254067,-0.24352673991626966
1612467056839,2021-02-04T19:30:56.839Z,49.88,0.939241021986749,0.17686690090358947,0.1650750403755254,-0.2435048932302307
1612467056847,2021-02-04T19:30:56.847Z,49.888,0.9392568444935571,0.1767523721272988,0.16513825721712191,-0.24348415764207454
1612467056878,2021-02-04T19:30:56.878Z,49.919,0.9392885725048761,0.17654097032570665,0.16523602636905294,-0.24344880149217413
1612467056893,2021-02-04T19:30:56.893Z,49.934,0.9393329177170321,0.17624876095320813,0.16536593951236478,-0.24340121200367731
1612467056908,2021-02-04T19:30:56.908Z,49.949,0.9393812383864072,0.1759271947997609,0.165507149166928,-0.2433513810771232
1612467056938,2021-02-04T19:30:56.938Z,49.979,0.9394262892014857,0.17562805441674378,0.165633668008879,-0.2433074632658029
1612467056952,2021-02-04T19:30:56.952Z,49.993,0.9394582773999383,0.17540906313028992,0.16573038549531927,-0.24327606729817725
1612467056967,2021-02-04T19:30:56.967Z,50.008,0.9394758746745534,0.17528097116277233,0.16579274890018483,-0.2432579422441088
1612467056984,2021-02-04T19:30:56.984Z,50.025,0.9394938999473345,0.1751510465907144,0.1658585180810257,-0.2432370753398655
1612467057012,2021-02-04T19:30:57.013Z,50.053,0.9395157689728195,0.17501941354919667,0.16590946394157136,-0.24321261173493353
1612467057027,2021-02-04T19:30:57.028Z,50.068,0.9395507062209025,0.17485500355641415,0.1659143143358445,-0.24319259542501723
1612467057042,2021-02-04T19:30:57.043Z,50.083,0.9395767319570119,0.17465898349098644,0.16602647055280476,-0.24315635983180772
1612467057072,2021-02-04T19:30:57.072Z,50.113,0.9396017918072029,0.1744440591717302,0.16617403113311002,-0.24311300752809545
1612467057087,2021-02-04T19:30:57.088Z,50.128,0.939621143350745,0.17427289440677593,0.16630021653505886,-0.24307468651366412
1612467057103,2021-02-04T19:30:57.103Z,50.144,0.9396341873054973,0.17416486394555306,0.16638009200662807,-0.24304703083442616
1612467057133,2021-02-04T19:30:57.133Z,50.174,0.939646547701532,0.17407979660811726,0.1664272318479704,-0.2430279126044799
1612467057147,2021-02-04T19:30:57.148Z,50.188,0.9396665242281745,0.17395049080924713,0.16648289288936777,-0.24300513650404804
1612467057169,2021-02-04T19:30:57.169Z,50.21,0.9396742489853647,0.17390012359376464,0.16650396675228935,-0.24299687624250804
1612467057193,2021-02-04T19:30:57.193Z,50.234,0.9396812957124673,0.17385119257425216,0.16652492255880152,-0.2429902786027336
1612467057207,2021-02-04T19:30:57.208Z,50.248,0.9396994625089592,0.1738461341507489,0.16638979090102973,-0.24301621198003395
1612467057222,2021-02-04T19:30:57.223Z,50.263,0.9396673373230975,0.1740400277516308,0.16632324964758924,-0.24304719816323164
1612467057252,2021-02-04T19:30:57.253Z,50.293,0.9396058720197138,0.17443430595388326,0.16617708423318772,-0.24310214899958474
1612467057267,2021-02-04T19:30:57.268Z,50.308,0.9395267691776966,0.17495814621312333,0.1659734428028206,-0.24317054376787833
1612467057283,2021-02-04T19:30:57.283Z,50.324,0.9394656717184255,0.1752958729105285,0.1659047610394387,-0.24321023594337038
1612467057313,2021-02-04T19:30:57.313Z,50.354,0.9394444592846265,0.17543092058410434,0.16585315179446997,-0.243229998277905
1612467057328,2021-02-04T19:30:57.328Z,50.369,0.9395040578330393,0.17543021131027758,0.1657624938404942,-0.2430620536214258
1612467057343,2021-02-04T19:30:57.343Z,50.384,0.9396096855932201,0.17532180188882138,0.16565312444647817,-0.24280639794491873
1612467057373,2021-02-04T19:30:57.373Z,50.414,0.939733244902217,0.17527593984929063,0.16550173975852805,-0.24246432206078863
1612467057387,2021-02-04T19:30:57.388Z,50.428,0.939790823584101,0.17519926408262845,0.1656245024945861,-0.2422126131014721
1612467057402,2021-02-04T19:30:57.402Z,50.443,0.9397742400833708,0.17531695750410328,0.16569109282219185,-0.24214624475018262
1612467057432,2021-02-04T19:30:57.432Z,50.473,0.9396983170349045,0.1755812146071137,0.16563344215229117,-0.24228882120238743
1612467057447,2021-02-04T19:30:57.447Z,50.488,0.9395638533688513,0.17596953555391487,0.16552668503824092,-0.2426013283967463
1612467057462,2021-02-04T19:30:57.462Z,50.503,0.939430153423962,0.17637371216871225,0.16547249335467054,-0.24286241874083364
1612467057493,2021-02-04T19:30:57.493Z,50.534,0.9393440447220255,0.1767867171969186,0.16537292058492958,-0.24296300007452312
1612467057508,2021-02-04T19:30:57.508Z,50.549,0.9392934915344893,0.17717374359207952,0.16526396477589364,-0.24295066019475745
1612467057522,2021-02-04T19:30:57.523Z,50.563,0.9392881811295528,0.1776065110147743,0.1649780696224346,-0.24284949367694908
1612467057552,2021-02-04T19:30:57.553Z,50.593,0.9392783260828859,0.1780787766450416,0.1646430300557447,-0.24276912512426335
1612467057567,2021-02-04T19:30:57.568Z,50.608,0.9392638910186819,0.17842929506702196,0.16450559411655408,-0.24266074918431035
1612467057583,2021-02-04T19:30:57.583Z,50.624,0.9392153416411158,0.1787326628275812,0.16439822057788847,-0.24269817126494472
1612467057597,2021-02-04T19:30:57.597Z,50.638,0.9391721192346419,0.179000967695875,0.16430456261672066,-0.2427311160926426
1612467057627,2021-02-04T19:30:57.628Z,50.668,0.9390990351057626,0.17931451799076584,0.16436821777464905,-0.2427393558670503
1612467057642,2021-02-04T19:30:57.642Z,50.683,0.9390000334703095,0.17964027495952678,0.16430022142266162,-0.24292745006624442
1612467057657,2021-02-04T19:30:57.657Z,50.698,0.938944385864459,0.17995106594232127,0.16414758983522254,-0.24301568441383317
1612467057687,2021-02-04T19:30:57.688Z,50.728,0.9389535881305269,0.18013157100373164,0.1639989593355314,-0.24294673861033636
1612467057703,2021-02-04T19:30:57.703Z,50.744,0.9390118519039414,0.18027719684201662,0.16389578439914032,-0.24268301576110668
1612467057718,2021-02-04T19:30:57.718Z,50.759,0.9390937811721044,0.18032005586826155,0.16385393206562782,-0.24236220118281548
1612467057748,2021-02-04T19:30:57.748Z,50.789,0.9391123649128532,0.18038232577338442,0.1638269834886408,-0.24226205253275962
1612467057762,2021-02-04T19:30:57.763Z,50.803,0.9390890713900126,0.18051425854442305,0.16378360847135812,-0.2422834044133062
1612467057777,2021-02-04T19:30:57.778Z,50.818,0.9390671600014759,0.180644909620986,0.16373690320830211,-0.24230252198964725
1612467057807,2021-02-04T19:30:57.807Z,50.848,0.9390482961425354,0.18075543113625023,0.16370058624643108,-0.24231774530381386
1612467057822,2021-02-04T19:30:57.823Z,50.863,0.9390552658106598,0.18077616022593365,0.16360616545569803,-0.2423390399257237
1612467057837,2021-02-04T19:30:57.837Z,50.878,0.9390289132153232,0.18090424558334767,0.16358931687713785,-0.24235694642250358
1612467057867,2021-02-04T19:30:57.867Z,50.908,0.9390007466868143,0.18104871922284949,0.16356495846765326,-0.24237463429749811
1612467057882,2021-02-04T19:30:57.882Z,50.923,0.9389860485651776,0.1811154671081902,0.16356675334394521,-0.24238049710044102
1612467057898,2021-02-04T19:30:57.898Z,50.939,0.9389820082838941,0.18112787055682983,0.16357779777256196,-0.24237942714383276
1612467057928,2021-02-04T19:30:57.928Z,50.969,0.9389800377005777,0.18113615700066507,0.16358170010521073,-0.2423782350326469
1612467057943,2021-02-04T19:30:57.943Z,50.984,0.9389582819812011,0.18126634264194458,0.16353650777005915,-0.2423956855030592
1612467057957,2021-02-04T19:30:57.958Z,50.998,0.938919701772383,0.18147204254779617,0.1634898901802775,-0.24242266231941073
1612467057987,2021-02-04T19:30:57.987Z,51.028,0.9388640993834757,0.18176503476423922,0.16342756673792463,-0.24246052350048905
1612467058003,2021-02-04T19:30:58.003Z,51.044,0.938809854095414,0.1820584343825175,0.16335237293558186,-0.2425011063476802
1612467058017,2021-02-04T19:30:58.018Z,51.058,0.9387643531452229,0.18231819495296975,0.16326793407978618,-0.2425389592503455
1612467058047,2021-02-04T19:30:58.047Z,51.088,0.9387052912762366,0.1825797307751371,0.16318139955387526,-0.24262903552483706
1612467058062,2021-02-04T19:30:58.062Z,51.103,0.9386626353234192,0.1828292509273157,0.16309443332998394,-0.24266464074896013
1612467058077,2021-02-04T19:30:58.077Z,51.118,0.9386151096542932,0.18302718100501114,0.16303025594549167,-0.2427423790531138
1612467058108,2021-02-04T19:30:58.108Z,51.149,0.938591764321681,0.1831662852241073,0.1629824698382272,-0.24275981222217557
1612467058123,2021-02-04T19:30:58.123Z,51.164,0.9385792474401031,0.18323853919523952,0.16296031163702,-0.24276855409943376
1612467058138,2021-02-04T19:30:58.138Z,51.179,0.938552618638612,0.18329555762830582,0.162946781815402,-0.24283753189393203
1612467058167,2021-02-04T19:30:58.168Z,51.208,0.9384846434470054,0.18346429190697644,0.16289868612270905,-0.24300503218804775
1612467058182,2021-02-04T19:30:58.182Z,51.223,0.9384366718121454,0.1836534648027899,0.16284059921231125,-0.24308631617647608
1612467058197,2021-02-04T19:30:58.197Z,51.238,0.9384222261784401,0.1837287834870111,0.16282716301324535,-0.24309416800437952
1612467058212,2021-02-04T19:30:58.212Z,51.253,0.9384176086636289,0.18373780630309114,0.16284305611737943,-0.24309452762108044
1612467058243,2021-02-04T19:30:58.243Z,51.284,0.9383997840389536,0.18376069839979228,0.1629257603021482,-0.24309061616860683
1612467058257,2021-02-04T19:30:58.258Z,51.298,0.9383608960681337,0.18374440855792043,0.16296875696155613,-0.24322418734228432
1612467058272,2021-02-04T19:30:58.272Z,51.313,0.9382884459035205,0.18380434849716906,0.16298448814143526,-0.243447756988562
1612467058303,2021-02-04T19:30:58.303Z,51.344,0.9381852758127949,0.18394872054029182,0.16297734600516475,-0.24374093039285008
1612467058317,2021-02-04T19:30:58.318Z,51.358,0.9381045919573545,0.184036182605266,0.16297903731395352,-0.24398420325263656
1612467058333,2021-02-04T19:30:58.333Z,51.374,0.9380654795283407,0.18406296774217926,0.16297582634899446,-0.24411648868740526
1612467058363,2021-02-04T19:30:58.363Z,51.404,0.9380649220154862,0.18407267824337264,0.16297193451497283,-0.2441139073646543
1612467058384,2021-02-04T19:30:58.384Z,51.425,0.9381058053849013,0.18403419972162277,0.162842825855733,-0.24407196746715312
1612467058392,2021-02-04T19:30:58.393Z,51.433,0.9381433824851402,0.18403131480631302,0.16265226404581543,-0.24405677632626813
1612467058422,2021-02-04T19:30:58.423Z,51.463,0.9381254658245434,0.18417372635306126,0.1625398972905923,-0.24409307790569404
1612467058438,2021-02-04T19:30:58.438Z,51.479,0.9380620990376851,0.18431058790137297,0.16251161651845164,-0.24425208296557552
1612467058452,2021-02-04T19:30:58.452Z,51.493,0.9380083349178184,0.18436236665087133,0.16252583458106146,-0.24440997213968413
1612467058482,2021-02-04T19:30:58.482Z,51.523,0.9379649801405662,0.18436624630076595,0.1625627786493124,-0.2445488218182361
1612467058497,2021-02-04T19:30:58.497Z,51.538,0.9379590829010849,0.184385931511554,0.16257755128318768,-0.24454677851637044
1612467058513,2021-02-04T19:30:58.513Z,51.554,0.9379546626863465,0.18440174174219537,0.16258790492789246,-0.2445449274847983
1612467058543,2021-02-04T19:30:58.543Z,51.584,0.9379606701931724,0.1844704217052754,0.1624270192483164,-0.24457699831496782
1612467058558,2021-02-04T19:30:58.558Z,51.599,0.9379688474866277,0.1845343155436833,0.16225573001206486,-0.24461113141000723
1612467058573,2021-02-04T19:30:58.573Z,51.614,0.9379701652235849,0.18462675737043419,0.16208915991693978,-0.2446467531988524
1612467058602,2021-02-04T19:30:58.602Z,51.643,0.9379733204929481,0.1846954617442948,0.16194754239299794,-0.2446765823845088
1612467058617,2021-02-04T19:30:58.617Z,51.658,0.9379516870578686,0.184821091017552,0.16190196474503665,-0.24469481169832052
1612467058633,2021-02-04T19:30:58.633Z,51.674,0.9379493145753852,0.18482748035299612,0.16190892809870652,-0.24469447234430003
1612467058662,2021-02-04T19:30:58.662Z,51.703,0.9379457166283879,0.1848416666818872,0.16191645459109277,-0.24469256762184746
1612467058677,2021-02-04T19:30:58.677Z,51.718,0.937943174899565,0.18485288912581807,0.1619209748752081,-0.24469084154627538
1612467058692,2021-02-04T19:30:58.693Z,51.733,0.937943174899565,0.18485288912581807,0.1619209748752081,-0.24469084154627538
1612467058723,2021-02-04T19:30:58.723Z,51.764,0.937943174899565,0.18485288912581807,0.1619209748752081,-0.24469084154627538
1612467058738,2021-02-04T19:30:58.738Z,51.779,0.9379617494518957,0.1847422908756583,0.16196355616786665,-0.24467498646288177
1612467058753,2021-02-04T19:30:58.753Z,51.794,0.9379940427789215,0.1845499069876683,0.16203759982921703,-0.2446473457523798
1612467058782,2021-02-04T19:30:58.782Z,51.823,0.9380395708891796,0.18436316470549285,0.1621051360048874,-0.24456882840349103
1612467058797,2021-02-04T19:30:58.797Z,51.838,0.9380685610642104,0.18418999985330722,0.1621717507232586,-0.2445439468977172
1612467058812,2021-02-04T19:30:58.813Z,51.853,0.9381055546768207,0.18396870101173665,0.16225688129840835,-0.24451214653645165
1612467058827,2021-02-04T19:30:58.828Z,51.868,0.9381418973325134,0.18375095906753414,0.16234064814496205,-0.24448083661298842
1612467058857,2021-02-04T19:30:58.857Z,51.898,0.9382042203753946,0.18346968823874457,0.16244415147815222,-0.24438414845877188
1612467058872,2021-02-04T19:30:58.872Z,51.913,0.9382522300696376,0.18318097106618939,0.16255514111109784,-0.24434260927425414
1612467058887,2021-02-04T19:30:58.887Z,51.928,0.9382881928982605,0.18286092560186074,0.16281065030880307,-0.24427411058434398
1612467058918,2021-02-04T19:30:58.918Z,51.959,0.9383470132151439,0.18245391542092995,0.163032917594921,-0.24420425737132107
1612467058933,2021-02-04T19:30:58.933Z,51.974,0.9384485852818556,0.18206788752812256,0.16316993988570475,-0.24401046664277765
1612467058948,2021-02-04T19:30:58.948Z,51.989,0.9385485897192744,0.18172593013491115,0.1632882566887836,-0.24380151000373354
1612467058978,2021-02-04T19:30:58.978Z,52.019,0.9386459477880057,0.18140581568214167,0.163397826663442,-0.2435915946405318
1612467058992,2021-02-04T19:30:58.992Z,52.033,0.9387586549895462,0.1810676919931729,0.16351056020740357,-0.24333305426748927
1612467059007,2021-02-04T19:30:59.007Z,52.048,0.9388488661480502,0.18086082236285134,0.16351988859098876,-0.24313250605779582
1612467059037,2021-02-04T19:30:59.038Z,52.078,0.9388819516576601,0.180800676809431,0.1634780960749031,-0.2430775765480633
1612467059052,2021-02-04T19:30:59.053Z,52.093,0.9388937492113686,0.18072844767134674,0.16350573330192555,-0.24306713284918807
1612467059067,2021-02-04T19:30:59.067Z,52.108,0.9389420099150714,0.18043256344511094,0.16361891304039486,-0.2430243678332518
1612467059097,2021-02-04T19:30:59.097Z,52.138,0.939010046906893,0.1799654942309836,0.16385789541806295,-0.24294679006579917
1612467059113,2021-02-04T19:30:59.113Z,52.154,0.9390974988371885,0.1794259037886954,0.16406417646416785,-0.24286864500894545
1612467059128,2021-02-04T19:30:59.128Z,52.169,0.9392075069125722,0.1789530178860332,0.16423523361770667,-0.24267646030690557
1612467059158,2021-02-04T19:30:59.158Z,52.199,0.9393100585836001,0.17858384879418834,0.1643638780631619,-0.24246430331404753
1612467059172,2021-02-04T19:30:59.173Z,52.213,0.9394024082028577,0.17829678748938962,0.1643969697876187,-0.24229528959161248
1612467059188,2021-02-04T19:30:59.188Z,52.229,0.9394504551069982,0.17806972638031618,0.1643958387141964,-0.2422767491104938
1612467059217,2021-02-04T19:30:59.217Z,52.258,0.9394898041721428,0.17782392114392517,0.1644895746579408,-0.24224107982428902
1612467059232,2021-02-04T19:30:59.232Z,52.273,0.939543700945325,0.17748649327877952,0.1646182219046949,-0.2421921132789013
1612467059247,2021-02-04T19:30:59.247Z,52.288,0.9396273572283309,0.177162865892999,0.16473256451092774,-0.24202671481953142
1612467059277,2021-02-04T19:30:59.277Z,52.318,0.9397111501401249,0.17688865454494243,0.16482578014328908,-0.24183841794834815
1612467059292,2021-02-04T19:30:59.292Z,52.333,0.9397831128800861,0.17669708414602586,0.16488710885223068,-0.24165695217406935
1612467059307,2021-02-04T19:30:59.307Z,52.348,0.9398418467127005,0.17655492931434352,0.1649310981063654,-0.24150236640641068
1612467059337,2021-02-04T19:30:59.338Z,52.378,0.9398820768364587,0.1763882120758113,0.16499066090719833,-0.2414269291021397
1612467059353,2021-02-04T19:30:59.353Z,52.394,0.9399209731943928,0.1761422502747902,0.1650841453029763,-0.24139116965420354
1612467059368,2021-02-04T19:30:59.368Z,52.409,0.9399583058396525,0.17585905516508088,0.16524663883700122,-0.24134109544909513
1612467059383,2021-02-04T19:30:59.383Z,52.424,0.939991217922865,0.17559868733240014,0.16540590651051207,-0.24129338434043873
1612467059412,2021-02-04T19:30:59.412Z,52.453,0.9400359602750364,0.17531408275744298,0.16551401404764102,-0.24125189518539247
1612467059427,2021-02-04T19:30:59.427Z,52.468,0.9400732336616038,0.17507650869691474,0.16560425120790287,-0.24121725360633883
1612467059442,2021-02-04T19:30:59.443Z,52.483,0.9401011925688684,0.17489802911450428,0.16567203389814247,-0.24119121942248736
1612467059472,2021-02-04T19:30:59.472Z,52.513,0.9401245953526777,0.17474849691248395,0.165728799528305,-0.24116938662835818
1612467059487,2021-02-04T19:30:59.487Z,52.528,0.9401511374454542,0.17457867810474767,0.1657932620359953,-0.24114460013585529
1612467059502,2021-02-04T19:30:59.502Z,52.543,0.9401827681074505,0.17437604607918428,0.16587017157972683,-0.24111500013004972
1612467059533,2021-02-04T19:30:59.533Z,52.574,0.9402150981367313,0.17416858834502952,0.16594890420893876,-0.2410847014256379
1612467059548,2021-02-04T19:30:59.548Z,52.589,0.9402445418672946,0.17397939324753497,0.1660206995183046,-0.24105704624721863
1612467059563,2021-02-04T19:30:59.563Z,52.604,0.9402670320448531,0.17383465760348726,0.16607561765146486,-0.24103590912377817
1612467059593,2021-02-04T19:30:59.593Z,52.634,0.9402977137543784,0.1737258054649393,0.16611323704492964,-0.2409687666530703
1612467059607,2021-02-04T19:30:59.608Z,52.648,0.9403428545612088,0.17361360120176197,0.16614837158709425,-0.24084923079052906
1612467059622,2021-02-04T19:30:59.622Z,52.663,0.9403887459386852,0.1735130389421632,0.1661784007849588,-0.24072177080911475
1612467059652,2021-02-04T19:30:59.652Z,52.693,0.9404186234561233,0.17340899881642205,0.16621417307790132,-0.24065531461907497
1612467059667,2021-02-04T19:30:59.668Z,52.708,0.9404381623654496,0.17328278652446027,0.16626197754772118,-0.24063684980263444
1612467059689,2021-02-04T19:30:59.689Z,52.73,0.9404471166393268,0.1732248907925352,0.16628391325694408,-0.24062838196407305
1612467059712,2021-02-04T19:30:59.712Z,52.753,0.9404471166393268,0.1732248907925352,0.16628391325694408,-0.24062838196407305
1612467059727,2021-02-04T19:30:59.728Z,52.768,0.9404471166393268,0.1732248907925352,0.16628391325694408,-0.24062838196407305
1612467059742,2021-02-04T19:30:59.743Z,52.783,0.9404471166393268,0.1732248907925352,0.16628391325694408,-0.24062838196407305
1612467059773,2021-02-04T19:30:59.773Z,52.814,0.9404471166393268,0.1732248907925352,0.16628391325694408,-0.24062838196407305
1612467059788,2021-02-04T19:30:59.788Z,52.829,0.9404471166393268,0.1732248907925352,0.16628391325694408,-0.24062838196407305
1612467059802,2021-02-04T19:30:59.802Z,52.843,0.9404613539620311,0.1732002897646205,0.1662164995346414,-0.24063702252938005
1612467059832,2021-02-04T19:30:59.832Z,52.873,0.9404570250394904,0.17332450565098492,0.16605982663022495,-0.2406726693545675
1612467059847,2021-02-04T19:30:59.848Z,52.888,0.940440212175624,0.17348166261542997,0.16594482262617652,-0.24070445758818065
1612467059862,2021-02-04T19:30:59.863Z,52.903,0.9404434965487343,0.17361373544547262,0.165719366368944,-0.240751723304603
1612467059892,2021-02-04T19:30:59.892Z,52.933,0.9404455388991336,0.17377343758559924,0.16546031228225902,-0.24080669802532378
1612467059907,2021-02-04T19:30:59.907Z,52.948,0.9404481634350063,0.17392600997780983,0.165207169210602,-0.24086009670832195
1612467059922,2021-02-04T19:30:59.923Z,52.963,0.9404373404449096,0.1741148721422689,0.16499759747867923,-0.24090955319798
1612467059953,2021-02-04T19:30:59.953Z,52.994,0.940415346980049,0.17430795191748666,0.1648640785802592,-0.24094719059704164
1612467059968,2021-02-04T19:30:59.968Z,53.009,0.940415721604508,0.17442332299005278,0.16468329156561226,-0.24098586770866043
1612467059983,2021-02-04T19:30:59.983Z,53.024,0.9404193275034056,0.1745089264291999,0.16452403556164966,-0.24101859840493597
1612467059998,2021-02-04T19:30:59.998Z,53.039,0.9404294466115436,0.174575545907017,0.16434526359677476,-0.24105283456221685
1612467060027,2021-02-04T19:31:00.028Z,53.068,0.9404370148476113,0.17463955005926238,0.16418941487229938,-0.24108314894140598
1612467060042,2021-02-04T19:31:00.043Z,53.083,0.9404157426292653,0.17477550191332017,0.16413781865145413,-0.24110274041233304
1612467060057,2021-02-04T19:31:00.058Z,53.098,0.9403978123203091,0.17495055979787263,0.16400011582466598,-0.2411394165603869
1612467060088,2021-02-04T19:31:00.089Z,53.129,0.9403815368117051,0.17517511948777714,0.163772324573123,-0.24119466917826887
1612467060103,2021-02-04T19:31:00.103Z,53.144,0.9403523602231647,0.17547239387033678,0.16352707894674293,-0.241258724325738
1612467060118,2021-02-04T19:31:00.118Z,53.159,0.9403194380953379,0.1757781090361871,0.1632958204348129,-0.24132112578937567
1612467060147,2021-02-04T19:31:00.148Z,53.188,0.9402752375142837,0.17605803084412602,0.16318946382338692,-0.24136123630314316
1612467060162,2021-02-04T19:31:00.163Z,53.203,0.9402483324188126,0.17622808070735996,0.16312485685306488,-0.24138562101026204
1612467060177,2021-02-04T19:31:00.178Z,53.218,0.9402208131490325,0.17640182198890414,0.16305882085567333,-0.24141052309608377
1612467060207,2021-02-04T19:31:00.210Z,53.248,0.9401695141592699,0.1767251405961103,0.16293592245269897,-0.24145681705285427
1612467060222,2021-02-04T19:31:00.223Z,53.263,0.9401154636852007,0.1770649779819039,0.1628067043117464,-0.24150545654990002
1612467060237,2021-02-04T19:31:00.237Z,53.278,0.9400887893562601,0.17732712356869343,0.1625918875308713,-0.24156166393424916
1612467060267,2021-02-04T19:31:00.267Z,53.308,0.9400686881955926,0.17758785866994747,0.162328199409027,-0.24162568076233884
1612467060282,2021-02-04T19:31:00.283Z,53.323,0.9400318802194544,0.17787223504691346,0.16215341871255404,-0.24167705925537133
1612467060297,2021-02-04T19:31:00.298Z,53.338,0.9399862244869935,0.1781568849767685,0.162045090763423,-0.24171762589752477
1612467060327,2021-02-04T19:31:00.328Z,53.368,0.9399412667858879,0.17843668119418143,0.16193858868962444,-0.24175743895598936
1612467060342,2021-02-04T19:31:00.343Z,53.383,0.9398762807810033,0.17865009042746463,0.16186620438816157,-0.2419009175106562
1612467060357,2021-02-04T19:31:00.358Z,53.398,0.9398396829481602,0.17878262355403365,0.161820137019154,-0.24197600526940807
1612467060387,2021-02-04T19:31:00.388Z,53.428,0.9397941565163823,0.17886833449041653,0.1619287408974409,-0.24201682826955564
1612467060402,2021-02-04T19:31:00.403Z,53.443,0.9397227873973102,0.17900885693015114,0.16203275054268373,-0.24212042404217568
1612467060417,2021-02-04T19:31:00.417Z,53.458,0.9396430090848242,0.17916032491400183,0.16212311114549158,-0.2422574875772317
1612467060447,2021-02-04T19:31:00.447Z,53.488,0.9395637010260471,0.1793404266824879,0.1621218032793983,-0.24243263801109005
1612467060463,2021-02-04T19:31:00.463Z,53.504,0.9394926180670851,0.1795031884151772,0.1620726683565346,-0.24262043631572386
1612467060484,2021-02-04T19:31:00.484Z,53.525,0.9394109136533357,0.17967406959641893,0.16202309545422677,-0.24284332513597418
1612467060507,2021-02-04T19:31:00.507Z,53.548,0.939346885014838,0.17976676619017892,0.16200193941371047,-0.243036439680643
1612467060522,2021-02-04T19:31:00.522Z,53.563,0.9393135138614757,0.17974930263680075,0.1620191452846985,-0.24316683046831644
1612467060537,2021-02-04T19:31:00.537Z,53.578,0.9392636934238953,0.17974620711661862,0.16208778667871,-0.24331577148325162
1612467060567,2021-02-04T19:31:00.568Z,53.608,0.9391892538698057,0.17976012024680918,0.16222494269142318,-0.2435013604748336
1612467060582,2021-02-04T19:31:00.582Z,53.623,0.9391136254369351,0.17972133786376826,0.16243356433343278,-0.24368253202289622
1612467060597,2021-02-04T19:31:00.597Z,53.638,0.9390568894776472,0.17958985496823418,0.1626808739673818,-0.24383308955567043
1612467060612,2021-02-04T19:31:00.612Z,53.653,0.9390265654721249,0.17946512277302656,0.16281723101853204,-0.24395066781860958
1612467060643,2021-02-04T19:31:00.643Z,53.684,0.9390500769725846,0.1793198459062732,0.16287294468501798,-0.24392980484468182
1612467060657,2021-02-04T19:31:00.658Z,53.698,0.9390976134225565,0.1792246512222662,0.162900247856807,-0.24379849488154487
1612467060672,2021-02-04T19:31:00.673Z,53.713,0.9390890400126218,0.17927766427057557,0.16287993120387487,-0.24380611565930896
1612467060703,2021-02-04T19:31:00.703Z,53.744,0.9390693849524676,0.1794438660716248,0.16276071294211683,-0.24383916727391552
1612467060717,2021-02-04T19:31:00.718Z,53.758,0.9390373648782269,0.17964143873266528,0.16268496405558572,-0.24386755282908593
1612467060732,2021-02-04T19:31:00.732Z,53.773,0.9389797974509864,0.17977951652693766,0.16264215007380103,-0.24401597577948958
1612467060762,2021-02-04T19:31:00.762Z,53.803,0.9388923369616444,0.17994605679718562,0.1627311597970847,-0.24417036238852113
1612467060777,2021-02-04T19:31:00.777Z,53.818,0.9387992698091174,0.18010698888731433,0.16289256354658688,-0.24430189581956646
1612467060792,2021-02-04T19:31:00.792Z,53.833,0.9387206602286141,0.1802561919387259,0.16301596379738822,-0.2444115849850674
1612467060822,2021-02-04T19:31:00.823Z,53.863,0.9387075907351166,0.18029641042412242,0.16305194942539866,-0.2444081121260641
1612467060837,2021-02-04T19:31:00.837Z,53.878,0.9386769866830712,0.18045880780984871,0.1630183504466452,-0.24442821190094285
1612467060852,2021-02-04T19:31:00.853Z,53.893,0.9386403357781999,0.18065791985157398,0.16296986171436545,-0.24445420883652416
1612467060883,2021-02-04T19:31:00.883Z,53.924,0.9385934447066395,0.1808469540845044,0.16290746470334838,-0.24453605602448256
1612467060904,2021-02-04T19:31:00.904Z,53.945,0.9385743734823327,0.18097781899052784,0.16284888306675477,-0.24455145830599492
1612467060913,2021-02-04T19:31:00.913Z,53.954,0.9385747718823658,0.18107730299014557,0.16268342094569574,-0.24458641106403628
1612467060942,2021-02-04T19:31:00.942Z,53.983,0.9385699090348496,0.1812550557216234,0.16242594723629558,-0.24464452230544145
1612467060957,2021-02-04T19:31:00.957Z,53.998,0.938552074324259,0.18148290335929887,0.16218547662477706,-0.24470355686402293
1612467060972,2021-02-04T19:31:00.972Z,54.013,0.938511009669981,0.18173734016652546,0.16208867312034902,-0.24473636011740102
1612467061002,2021-02-04T19:31:01.002Z,54.043,0.9384781187410852,0.18189241962980177,0.16211065276327274,-0.24473272070991134
1612467061017,2021-02-04T19:31:01.018Z,54.058,0.9384668637543944,0.18192009969767006,0.16217528694870254,-0.2447124828530143
1612467061032,2021-02-04T19:31:01.032Z,54.073,0.9384771024860405,0.18180450336111434,0.16229348353985693,-0.2446807631742281
1612467061062,2021-02-04T19:31:01.063Z,54.103,0.9384815953852359,0.18171503429795305,0.16239283277290273,-0.24466407439031254
1612467061077,2021-02-04T19:31:01.078Z,54.118,0.9384664335487788,0.18173581749291692,0.16245144912573456,-0.24466788187125393
1612467061092,2021-02-04T19:31:01.093Z,54.133,0.9384663107389741,0.1818110886675486,0.16230275863205176,-0.24471110760634882
1612467061122,2021-02-04T19:31:01.123Z,54.163,0.9384489613860297,0.18194813567688545,0.1621888038908291,-0.24475133235520946
1612467061137,2021-02-04T19:31:01.138Z,54.178,0.9384146883823649,0.1821111527431147,0.16217396124450123,-0.2447713360854777
1612467061152,2021-02-04T19:31:01.152Z,54.193,0.9383879829095803,0.18223458691024885,0.16216799252978753,-0.24478580649906806
1612467061182,2021-02-04T19:31:01.182Z,54.223,0.93835555539297,0.18239314450927485,0.1621459845010307,-0.24480660164579135
1612467061197,2021-02-04T19:31:01.198Z,54.238,0.9383106370094004,0.18261625767423822,0.16211384305775955,-0.2448337247952441
1612467061212,2021-02-04T19:31:01.212Z,54.253,0.9382642153746954,0.18285803159687455,0.16206639710377477,-0.24486258464213212
1612467061227,2021-02-04T19:31:01.227Z,54.268,0.9382247787802346,0.1830729285081813,0.16201734251545177,-0.24488558155687531
1612467061257,2021-02-04T19:31:01.257Z,54.298,0.938196623940986,0.18322371240915042,0.16198949595024828,-0.24489910011784363
1612467061273,2021-02-04T19:31:01.273Z,54.314,0.9381873736508455,0.18325657754475175,0.16201159272542592,-0.24489532974575864
1612467061288,2021-02-04T19:31:01.288Z,54.329,0.93817974557763,0.18328062789565527,0.16203184370500306,-0.24489315640014397
1612467061318,2021-02-04T19:31:01.318Z,54.359,0.9381736396559252,0.18329846593951366,0.16204900594726582,-0.24489184124931207
1612467061332,2021-02-04T19:31:01.333Z,54.373,0.9381652340981745,0.1833210934150018,0.16207394342858544,-0.2448906023108139
1612467061347,2021-02-04T19:31:01.347Z,54.388,0.9381585778700398,0.18334159600211727,0.1620919285171324,-0.2448888495907032
1612467061377,2021-02-04T19:31:01.378Z,54.418,0.9381506273591896,0.183365030522076,0.16211413067520886,-0.2448870649965378
1612467061392,2021-02-04T19:31:01.393Z,54.433,0.9381376135529599,0.18340220351274417,0.16215125226463678,-0.24488450578351714
1612467061407,2021-02-04T19:31:01.408Z,54.448,0.93812395470454,0.18344401282496173,0.16218835652663935,-0.24488094408380734
1612467061437,2021-02-04T19:31:01.437Z,54.478,0.9381231745004673,0.1834626831460511,0.16216620535416787,-0.24488461609306378
1612467061452,2021-02-04T19:31:01.453Z,54.493,0.938112635773287,0.1834930309840762,0.16219606819110666,-0.2448824731297013
1612467061467,2021-02-04T19:31:01.468Z,54.508,0.9381068337919641,0.1834779036921756,0.16226318568147768,-0.24487157005671167
1612467061498,2021-02-04T19:31:01.498Z,54.539,0.9380964914890891,0.18351033455474366,0.16229074673019397,-0.24486862455860553
1612467061513,2021-02-04T19:31:01.513Z,54.554,0.9380892061414655,0.1835332505103041,0.16231011906071474,-0.24486651981945928
1612467061528,2021-02-04T19:31:01.528Z,54.569,0.9380885383647469,0.18350820357157624,0.16235938095048247,-0.244855191547988
1612467061557,2021-02-04T19:31:01.557Z,54.598,0.9381090660659197,0.18338339837481457,0.1624185333593485,-0.2448308178862098
1612467061572,2021-02-04T19:31:01.572Z,54.613,0.9381773328807197,0.18322369852992076,0.16240526524398408,-0.24469756473423981
1612467061587,2021-02-04T19:31:01.587Z,54.628,0.9382532566951356,0.18318183834586058,0.16221253025106333,-0.24456560557599008
1612467061617,2021-02-04T19:31:01.617Z,54.658,0.9383196211403771,0.18313935927503935,0.16203263774296742,-0.24446203789824614
1612467061632,2021-02-04T19:31:01.632Z,54.673,0.9383311054636194,0.183127347006349,0.1619567047180644,-0.24447727316604306
1612467061647,2021-02-04T19:31:01.648Z,54.688,0.9383211732431441,0.1831353253421827,0.1620259068435995,-0.24446356367960353
1612467061678,2021-02-04T19:31:01.678Z,54.719,0.9383272732041941,0.1830541350813683,0.1621389570006135,-0.24442600232697684
1612467061693,2021-02-04T19:31:01.693Z,54.734,0.9383597736192336,0.18281899101553128,0.16230458445351967,-0.24436729249777703
1612467061708,2021-02-04T19:31:01.708Z,54.749,0.9384096494418872,0.18249203136387038,0.1624786830592352,-0.24430445324303648
1612467061737,2021-02-04T19:31:01.738Z,54.778,0.9384594340212442,0.18217004253257682,0.16263199962348632,-0.2442515076691888
1612467061752,2021-02-04T19:31:01.752Z,54.793,0.9384980641534502,0.1819221442481115,0.16274266139706484,-0.24421413385346047
1612467061767,2021-02-04T19:31:01.767Z,54.808,0.9385570124496745,0.18167715638013893,0.16269319378790517,-0.2442029277593931
1612467061797,2021-02-04T19:31:01.798Z,54.838,0.9385862685084098,0.18149907384638844,0.16276158810005512,-0.2441773294135037
1612467061812,2021-02-04T19:31:01.812Z,54.853,0.9386170887291951,0.18131132728345525,0.16283365723641155,-0.24415028858319385
1612467061827,2021-02-04T19:31:01.827Z,54.868,0.9386400908853406,0.18117100247497028,0.1628875241786491,-0.24413009259803284
1612467061842,2021-02-04T19:31:01.842Z,54.883,0.9386582235889973,0.1810603097345846,0.1629300232252159,-0.24411413531255138
1612467061873,2021-02-04T19:31:01.873Z,54.914,0.9386763418912711,0.18094961753772634,0.16297250920441278,-0.24409818174289938
1612467061888,2021-02-04T19:31:01.888Z,54.929,0.9387056275444908,0.18077051317161538,0.1630412421103889,-0.24407236581611588
1612467061902,2021-02-04T19:31:01.903Z,54.943,0.9387433591643424,0.18053940593093093,0.16312991774882007,-0.2440390511090715
1612467061933,2021-02-04T19:31:01.933Z,54.974,0.938821427125401,0.180240647220449,0.1632360050741577,-0.2438885887187196
1612467061947,2021-02-04T19:31:01.948Z,54.988,0.9389053202737045,0.1799062329609457,0.16335570278147873,-0.24373235581740788
1612467061962,2021-02-04T19:31:01.962Z,55.003,0.9389728767126765,0.17957587611455764,0.16347826153931794,-0.24363353529367085
1612467061992,2021-02-04T19:31:01.992Z,55.033,0.9390258756296305,0.1792483457984709,0.16360373374864176,-0.2435862346891159
1612467062007,2021-02-04T19:31:02.007Z,55.048,0.9390704572379023,0.17897222426278828,0.16370948596979357,-0.24354634772242656
1612467062022,2021-02-04T19:31:02.023Z,55.063,0.9391046145569986,0.17876028354983647,0.16379064505520716,-0.2435157254374596
1612467062052,2021-02-04T19:31:02.052Z,55.093,0.9391356285093303,0.17856760953602885,0.16386441899937046,-0.24348784831069523
1612467062067,2021-02-04T19:31:02.067Z,55.108,0.9391714665391895,0.17834462586564537,0.16394978061602622,-0.2434555817791573
1612467062082,2021-02-04T19:31:02.083Z,55.123,0.9392147447321162,0.17807483224471019,0.16405305372807938,-0.24341654208639163
1612467062112,2021-02-04T19:31:02.112Z,55.153,0.9392587185108434,0.17780019897988653,0.16415813561594084,-0.24337677673759098
1612467062127,2021-02-04T19:31:02.127Z,55.168,0.9392982186831402,0.17755303329884894,0.16425269788189661,-0.24334097062265508
1612467062142,2021-02-04T19:31:02.143Z,55.183,0.9393351142195061,0.17732174381505567,0.1643411724400006,-0.24330746270030698
1612467062172,2021-02-04T19:31:02.173Z,55.213,0.9393704232527895,0.17710008198478958,0.16442595755729997,-0.243275303638123
1612467062187,2021-02-04T19:31:02.187Z,55.228,0.9394051043344805,0.1768819808142983,0.1645093671725904,-0.24324366985804122
1612467062202,2021-02-04T19:31:02.202Z,55.243,0.9394326579184189,0.17670850820331394,0.16457568494380476,-0.24321847851298609
1612467062232,2021-02-04T19:31:02.232Z,55.273,0.9394563537355249,0.17655913798075057,0.164632789657769,-0.24319678203246745
1612467062247,2021-02-04T19:31:02.247Z,55.288,0.9394847674488825,0.1763797373788507,0.16470137574737168,-0.24317075646674666
1612467062262,2021-02-04T19:31:02.262Z,55.303,0.9395167859479076,0.17617731641145642,0.16477875288025773,-0.24314136773366685
1612467062293,2021-02-04T19:31:02.293Z,55.334,0.9395441951796019,0.1760038058127281,0.16484504975131176,-0.24311617637713337
1612467062308,2021-02-04T19:31:02.308Z,55.349,0.9395686776299228,0.17584864782320211,0.16490432177914863,-0.24309363984701185
1612467062323,2021-02-04T19:31:02.323Z,55.364,0.9395975436037705,0.1756654765057987,0.1649742970577883,-0.24306702311922135
1612467062352,2021-02-04T19:31:02.353Z,55.393,0.9396334138312628,0.1754375340482527,0.16506136525171286,-0.2430338761574525
1612467062367,2021-02-04T19:31:02.367Z,55.408,0.9396643457488889,0.17524062046148825,0.1651365786404542,-0.24300525233729017
1612467062382,2021-02-04T19:31:02.382Z,55.423,0.9396877921219136,0.1750911956855535,0.16519364949941923,-0.24298350704422272
1612467062419,2021-02-04T19:31:02.419Z,55.46,0.9396961009482683,0.17503818270110197,0.16521389774394693,-0.24297580219349074
1612467062427,2021-02-04T19:31:02.427Z,55.468,0.9397223146352904,0.17491844002456453,0.16520411270088753,-0.2429673061598568
1612467062442,2021-02-04T19:31:02.442Z,55.483,0.9397223146352904,0.17491844002456453,0.16520411270088753,-0.2429673061598568
1612467062457,2021-02-04T19:31:02.457Z,55.498,0.9397223146352904,0.17491844002456453,0.16520411270088753,-0.2429673061598568
1612467062488,2021-02-04T19:31:02.488Z,55.529,0.9397436806451088,0.17493782179620704,0.16501464850909778,-0.24299946290105529
1612467062503,2021-02-04T19:31:02.503Z,55.544,0.9397379505053935,0.1750773598787716,0.1648406887022414,-0.24303919392964676
1612467062518,2021-02-04T19:31:02.518Z,55.559,0.9397301654840737,0.17526238556089205,0.16461092873988772,-0.24309165848743572
1612467062547,2021-02-04T19:31:02.548Z,55.588,0.9397280612602548,0.17544886103285964,0.16433551484541978,-0.24315161237961358
1612467062562,2021-02-04T19:31:02.562Z,55.603,0.9397256727460181,0.1755891722088279,0.16413376723882078,-0.24319582446467833
1612467062577,2021-02-04T19:31:02.578Z,55.618,0.9397278114941275,0.17568656015661294,0.16396489672976863,-0.24323113601097773
1612467062607,2021-02-04T19:31:02.607Z,55.648,0.9397312851639298,0.17571531640974028,0.16389355631116484,-0.24324502351097066
1612467062622,2021-02-04T19:31:02.622Z,55.663,0.9397312851639298,0.17571531640974028,0.16389355631116484,-0.24324502351097066
1612467062637,2021-02-04T19:31:02.637Z,55.678,0.9397312851639298,0.17571531640974028,0.16389355631116484,-0.24324502351097066
1612467062667,2021-02-04T19:31:02.667Z,55.708,0.9397312851639298,0.17571531640974028,0.16389355631116484,-0.24324502351097066
1612467062682,2021-02-04T19:31:02.682Z,55.723,0.9397184479530206,0.1757085184967021,0.16389996453244338,-0.2432952049069686
1612467062697,2021-02-04T19:31:02.698Z,55.738,0.939714390725441,0.17568333139237013,0.1638589406142258,-0.2433566898919677
1612467062728,2021-02-04T19:31:02.728Z,55.769,0.9397407145763013,0.1756369838789926,0.16373309445233625,-0.24337319705048757
1612467062743,2021-02-04T19:31:02.743Z,55.784,0.9397668498528544,0.17559092956658823,0.16360803962951084,-0.2433896109947434
1612467062757,2021-02-04T19:31:02.758Z,55.798,0.9397840922558296,0.17560580437233672,0.16345420087245616,-0.24341566430855976
1612467062787,2021-02-04T19:31:02.787Z,55.828,0.939784634490994,0.1757134289238183,0.16328049412992457,-0.24345248387960744
1612467062802,2021-02-04T19:31:02.803Z,55.843,0.9397742158443316,0.17588486683675167,0.16308871501643565,-0.24349744944511706
1612467062817,2021-02-04T19:31:02.818Z,55.858,0.9397561498113819,0.1760905525357771,0.1629002638815385,-0.2435446575613135
1612467062847,2021-02-04T19:31:02.848Z,55.888,0.9397254550915125,0.1763299705965328,0.16275377501503407,-0.24358780601834618
1612467062862,2021-02-04T19:31:02.862Z,55.903,0.9397074647827197,0.17653867849186644,0.16255867021960171,-0.24363631577499645
1612467062877,2021-02-04T19:31:02.877Z,55.918,0.9396791066714608,0.17677208785056014,0.16240268265321167,-0.2436804754368297
1612467062907,2021-02-04T19:31:02.908Z,55.948,0.9396521244019811,0.17694172144496267,0.16233773736917104,-0.24370468059681402
1612467062923,2021-02-04T19:31:02.923Z,55.964,0.9396321661357201,0.1770670999836452,0.16228973232430846,-0.2437225415274113
1612467062937,2021-02-04T19:31:02.938Z,55.978,0.9396107131111263,0.17720168786517473,0.16223820178630763,-0.24374173935885315
1612467062967,2021-02-04T19:31:02.968Z,56.008,0.9395944746855999,0.17730353206727095,0.16219919078116699,-0.2437562371852184
1612467062982,2021-02-04T19:31:02.982Z,56.023,0.9395729140465771,0.17743855973517034,0.16214748574186522,-0.2437754901066218
1612467062997,2021-02-04T19:31:02.997Z,56.038,0.9395722030028894,0.1775502947018399,0.16197297839028363,-0.24381288412831628
1612467063012,2021-02-04T19:31:03.012Z,56.053,0.9395703797684083,0.17770959965965055,0.16172983593070014,-0.2438652493088852
1612467063042,2021-02-04T19:31:03.042Z,56.083,0.9395666102856776,0.1778575806944398,0.16151944383585187,-0.2439113262822361
1612467063057,2021-02-04T19:31:03.057Z,56.098,0.9395510547884918,0.17799893684685672,0.1614103839397574,-0.24394032443128674
1612467063072,2021-02-04T19:31:03.072Z,56.113,0.9395264330677355,0.1780654366471526,0.16138887189889115,-0.24400084808434616
1612467063103,2021-02-04T19:31:03.103Z,56.144,0.9394968020804189,0.17805005966136803,0.16140387779775073,-0.24411620873489376
1612467063118,2021-02-04T19:31:03.118Z,56.159,0.9394632734999535,0.17803269436030053,0.16142085716236412,-0.24424664656148476
1612467063132,2021-02-04T19:31:03.133Z,56.173,0.9394230432757829,0.17801185443308565,0.16144121551398372,-0.24440306744623358
1612467063162,2021-02-04T19:31:03.163Z,56.203,0.9393817393157837,0.17799045992476048,0.16146209703014938,-0.24456356073309848
1612467063177,2021-02-04T19:31:03.177Z,56.218,0.9393518880751202,0.17800719920332672,0.1614051621631098,-0.24470357788269936
1612467063192,2021-02-04T19:31:03.192Z,56.233,0.9393009006389432,0.17814542921641874,0.16129140168388692,-0.2448736569151843
1612467063222,2021-02-04T19:31:03.222Z,56.263,0.9392587978504251,0.17831156735295597,0.16123190229105114,-0.24495340228769144
1612467063237,2021-02-04T19:31:03.237Z,56.278,0.9392401889809503,0.1784272273773968,0.1611874238888505,-0.24496980694265133
1612467063252,2021-02-04T19:31:03.252Z,56.293,0.9392245733654849,0.1785242017578668,0.1611501245779365,-0.24498356581953573
1612467063282,2021-02-04T19:31:03.282Z,56.323,0.9392059437820666,0.17863987145096416,0.16110562784585628,-0.24499993503838582
1612467063304,2021-02-04T19:31:03.304Z,56.345,0.9391888465965993,0.1787458947564277,0.1610648609559479,-0.24501495077140675
1612467063312,2021-02-04T19:31:03.313Z,56.353,0.9391708487232622,0.17885737754187966,0.16102198751309874,-0.24503076326167753
1612467063343,2021-02-04T19:31:03.343Z,56.384,0.9391529458294109,0.17896821166667756,0.16097935837179841,-0.24504646443271708
1612467063358,2021-02-04T19:31:03.358Z,56.399,0.9391529458294109,0.17896821166667756,0.16097935837179841,-0.24504646443271708
1612467063372,2021-02-04T19:31:03.373Z,56.413,0.9391529458294109,0.17896821166667756,0.16097935837179841,-0.24504646443271708
1612467063402,2021-02-04T19:31:03.402Z,56.443,0.9391529458294109,0.17896821166667756,0.16097935837179841,-0.24504646443271708
1612467063417,2021-02-04T19:31:03.417Z,56.458,0.9391529458294109,0.17896821166667756,0.16097935837179841,-0.24504646443271708
1612467063432,2021-02-04T19:31:03.432Z,56.473,0.9391529458294109,0.17896821166667756,0.16097935837179841,-0.24504646443271708
1612467063462,2021-02-04T19:31:03.464Z,56.503,0.9391529458294109,0.17896821166667756,0.16097935837179841,-0.24504646443271708
1612467063477,2021-02-04T19:31:03.477Z,56.518,0.9391529458294109,0.17896821166667756,0.16097935837179841,-0.24504646443271708
1612467063492,2021-02-04T19:31:03.492Z,56.533,0.9391529458294109,0.17896821166667756,0.16097935837179841,-0.24504646443271708
1612467063522,2021-02-04T19:31:03.523Z,56.563,0.9391529458294109,0.17896821166667756,0.16097935837179841,-0.24504646443271708
1612467063538,2021-02-04T19:31:03.538Z,56.579,0.9391529458294109,0.17896821166667756,0.16097935837179841,-0.24504646443271708
1612467063553,2021-02-04T19:31:03.553Z,56.594,0.9391529458294109,0.17896821166667756,0.16097935837179841,-0.24504646443271708
1612467063583,2021-02-04T19:31:03.583Z,56.624,0.9391400101503332,0.17896154905618614,0.16098593269729644,-0.24509658252987468
1612467063597,2021-02-04T19:31:03.597Z,56.638,0.9391400101503332,0.17896154905618614,0.16098593269729644,-0.24509658252987468
1612467063612,2021-02-04T19:31:03.612Z,56.653,0.9391400101503332,0.17896154905618614,0.16098593269729644,-0.24509658252987468
1612467063627,2021-02-04T19:31:03.628Z,56.668,0.9391477846304367,0.178913413947632,0.16100445633974345,-0.24508976717131534
1612467063657,2021-02-04T19:31:03.657Z,56.698,0.9391477846304367,0.178913413947632,0.16100445633974345,-0.24508976717131534
1612467063672,2021-02-04T19:31:03.672Z,56.713,0.9391477846304367,0.178913413947632,0.16100445633974345,-0.24508976717131534
1612467063687,2021-02-04T19:31:03.687Z,56.728,0.9391477846304367,0.178913413947632,0.16100445633974345,-0.24508976717131534
1612467063718,2021-02-04T19:31:03.718Z,56.759,0.9391477846304367,0.178913413947632,0.16100445633974345,-0.24508976717131534
1612467063732,2021-02-04T19:31:03.733Z,56.773,0.9391563406677573,0.17886044763207945,0.16102482389629685,-0.24508225995686822
1612467063748,2021-02-04T19:31:03.748Z,56.789,0.9391934280155243,0.1788268286255614,0.16090704784892737,-0.2450420210672357
1612467063778,2021-02-04T19:31:03.778Z,56.819,0.9392152721780114,0.17878764957408913,0.16080131111445178,-0.24505629396371376
1612467063799,2021-02-04T19:31:03.799Z,56.84,0.9392261893149606,0.17876807095196226,0.1607484388549453,-0.24506342346158003
1612467063807,2021-02-04T19:31:03.807Z,56.848,0.9391990136555352,0.17875409933324213,0.16076221132014773,-0.24516870952772016
1612467063837,2021-02-04T19:31:03.837Z,56.878,0.9391990136555352,0.17875409933324213,0.16076221132014773,-0.24516870952772016
1612467063852,2021-02-04T19:31:03.852Z,56.893,0.9392068779888056,0.17870537389066599,0.16078095958240782,-0.2451618092543737
1612467063867,2021-02-04T19:31:03.867Z,56.908,0.9392270605449019,0.17858019007629358,0.16082913316151104,-0.24514410941120976
1612467063897,2021-02-04T19:31:03.897Z,56.938,0.9392270605449019,0.17858019007629358,0.16082913316151104,-0.24514410941120976
1612467063913,2021-02-04T19:31:03.913Z,56.954,0.9392401131251463,0.178556760038282,0.16076590364610735,-0.24515264136073298
1612467063927,2021-02-04T19:31:03.928Z,56.968,0.9392649051390409,0.1785122303585832,0.1606457367067372,-0.2451688578602554
1612467063958,2021-02-04T19:31:03.958Z,56.999,0.9392847246126484,0.17847660820019795,0.16054962108624848,-0.24518182151977783
1612467063973,2021-02-04T19:31:03.973Z,57.014,0.9392847246126484,0.17847660820019795,0.16054962108624848,-0.24518182151977783
1612467063987,2021-02-04T19:31:03.987Z,57.028,0.9392924798779465,0.1784284549558229,0.16056814128361516,-0.24517503076687913
1612467064017,2021-02-04T19:31:04.018Z,57.058,0.9393157725942197,0.17838827817870648,0.16057880147580164,-0.24510803756865218
1612467064032,2021-02-04T19:31:04.032Z,57.073,0.9393513193663573,0.17825446936979075,0.16062628689326797,-0.2450380356460199
1612467064047,2021-02-04T19:31:04.047Z,57.088,0.9393936728490628,0.17807809417792117,0.1606901452533236,-0.24496203175915462
1612467064077,2021-02-04T19:31:04.077Z,57.118,0.9394483530380809,0.17782460255421007,0.16078360648119724,-0.24487514081134126
1612467064092,2021-02-04T19:31:04.092Z,57.133,0.9395266869914926,0.17758164507824975,0.16086581967649735,-0.244696856992281
1612467064107,2021-02-04T19:31:04.107Z,57.148,0.9396070656611688,0.17736753918427128,0.1609350125582675,-0.2444979344211197
1612467064138,2021-02-04T19:31:04.138Z,57.179,0.9396885848701555,0.17714734316057013,0.16100644575998804,-0.24429716883257563
1612467064152,2021-02-04T19:31:04.153Z,57.193,0.9397597676733979,0.17694497049231975,0.1610731050397666,-0.2441260152314
1612467064168,2021-02-04T19:31:04.168Z,57.209,0.9397935218291684,0.17673290724766588,0.16115439308644974,-0.2440960413703065
1612467064197,2021-02-04T19:31:04.197Z,57.238,0.9398318122680199,0.17649192809276465,0.16124674930222155,-0.24406197943672822
1612467064212,2021-02-04T19:31:04.212Z,57.253,0.9398810002250877,0.17627086828215122,0.1613275188747021,-0.24397892955064418
1612467064227,2021-02-04T19:31:04.227Z,57.268,0.9399414057761705,0.17608312488959305,0.16139090533996173,-0.2438398296221922
1612467064242,2021-02-04T19:31:04.243Z,57.283,0.9400015095940208,0.175905699730282,0.1614499612758271,-0.24369705941474898
1612467064272,2021-02-04T19:31:04.272Z,57.313,0.9400655133464978,0.1757132787527292,0.16151429179616236,-0.24354631557906034
1612467064287,2021-02-04T19:31:04.287Z,57.328,0.9401080937186809,0.17555806692569426,0.1615686592811976,-0.24345781071885478
1612467064302,2021-02-04T19:31:04.302Z,57.343,0.940133172227324,0.1753989616849029,0.1616295046843116,-0.24343526025034076
1612467064332,2021-02-04T19:31:04.332Z,57.373,0.9401606638938483,0.17522435765451608,0.16169625977263088,-0.24341049715815977
1612467064347,2021-02-04T19:31:04.347Z,57.388,0.940190229519557,0.1750363051350799,0.16176814613491733,-0.24338383491245655
1612467064363,2021-02-04T19:31:04.363Z,57.404,0.9402182368267892,0.17485789443307834,0.16183634170618166,-0.2433585469958146
1612467064392,2021-02-04T19:31:04.392Z,57.433,0.9402478922079792,0.17466873644741612,0.1619086307333905,-0.2433317262511279
1612467064407,2021-02-04T19:31:04.407Z,57.448,0.940274311691405,0.1744999595472756,0.16197314118757414,-0.24330779770710975
1612467064422,2021-02-04T19:31:04.422Z,57.463,0.9403014682164438,0.17432634192253726,0.16203947384181497,-0.24328313607600235
1612467064452,2021-02-04T19:31:04.452Z,57.493,0.940363588191882,0.1741435038101913,0.1621001979231727,-0.243133477573259
1612467064467,2021-02-04T19:31:04.467Z,57.508,0.9404268067484286,0.17397834876733553,0.1621531022242486,-0.24297186410816682
1612467064482,2021-02-04T19:31:04.482Z,57.523,0.9404777641461144,0.17383811845537747,0.16219874465753567,-0.2428444995262183
1612467064512,2021-02-04T19:31:04.512Z,57.553,0.9405079799782573,0.17364394262591076,0.16227281143143696,-0.24281691756688675
1612467064527,2021-02-04T19:31:04.528Z,57.568,0.9405387068610643,0.173446153330652,0.16234824797368125,-0.24278883658602005
1612467064549,2021-02-04T19:31:04.549Z,57.59,0.9405708984201405,0.17323868723203584,0.16242737540692517,-0.24275932527849195
1612467064572,2021-02-04T19:31:04.573Z,57.613,0.9406077515637582,0.1730007614323556,0.16251807948263566,-0.24272549945004182
1612467064588,2021-02-04T19:31:04.588Z,57.629,0.9406435577266621,0.17276915628819212,0.16260638286755305,-0.24269256311952508
1612467064602,2021-02-04T19:31:04.602Z,57.643,0.9406770637428192,0.17255202807301562,0.16268915421995248,-0.24266169548421454
1612467064632,2021-02-04T19:31:04.632Z,57.673,0.9407069917306662,0.17235786007493492,0.16276314672328965,-0.24263404923497878
1612467064647,2021-02-04T19:31:04.647Z,57.688,0.9407277914225329,0.17222274626884593,0.16281462918823875,-0.24261480712272399
1612467064662,2021-02-04T19:31:04.663Z,57.703,0.9407441076902062,0.172116604659296,0.1628550635212943,-0.24259972492191434
1612467064692,2021-02-04T19:31:04.693Z,57.733,0.9407650049040934,0.17198064302827304,0.1629068671257836,-0.24258033023030762
1612467064707,2021-02-04T19:31:04.708Z,57.748,0.9407842620556316,0.17185519475561212,0.16295466626694244,-0.24256244772384045
1612467064722,2021-02-04T19:31:04.722Z,57.763,0.9408012863228223,0.17174421730568998,0.16299694236064427,-0.24254661460523347
1612467064752,2021-02-04T19:31:04.752Z,57.793,0.9408012863228223,0.17174421730568998,0.16299694236064427,-0.24254661460523347
1612467064768,2021-02-04T19:31:04.768Z,57.809,0.9408012863228223,0.17174421730568998,0.16299694236064427,-0.24254661460523347
1612467064783,2021-02-04T19:31:04.783Z,57.824,0.9408012863228223,0.17174421730568998,0.16299694236064427,-0.24254661460523347
1612467064812,2021-02-04T19:31:04.812Z,57.853,0.9408169087783491,0.17164227148589434,0.16303577596715305,-0.24253208148758892
1612467064827,2021-02-04T19:31:04.827Z,57.868,0.9408368603253846,0.17151197000945606,0.1630853985135005,-0.24251350310496325
1612467064842,2021-02-04T19:31:04.842Z,57.883,0.9408442476267527,0.17146372220703132,0.16310376573930963,-0.2425066087268878
1612467064857,2021-02-04T19:31:04.857Z,57.898,0.9408442476267527,0.17146372220703132,0.16310376573930963,-0.2425066087268878
1612467064887,2021-02-04T19:31:04.887Z,57.928,0.9408562406977462,0.17144252110564115,0.1630459891470503,-0.24251392067282757
1612467064902,2021-02-04T19:31:04.902Z,57.943,0.9408635278301998,0.17152824396275274,0.16285964523758809,-0.24255024113583637
1612467064917,2021-02-04T19:31:04.917Z,57.958,0.9408626718340901,0.17168187685275074,0.16262992241313826,-0.2425989988549642
1612467064947,2021-02-04T19:31:04.948Z,57.988,0.9408498215709445,0.1718839065455853,0.1624157246538884,-0.24264927015283333
1612467064962,2021-02-04T19:31:04.963Z,58.003,0.9408368983749228,0.17208592987164328,0.16220149501835338,-0.24269948168522743
1612467064978,2021-02-04T19:31:04.978Z,58.019,0.9408160562750613,0.17232050610681426,0.16199618343266847,-0.2427509587692316
1612467065007,2021-02-04T19:31:05.008Z,58.048,0.9407982339093853,0.1725484016772102,0.161777560786775,-0.2428039393780565
1612467065022,2021-02-04T19:31:05.023Z,58.063,0.9407917362421518,0.17273589584602617,0.16153475862759337,-0.24285745008105714
1612467065037,2021-02-04T19:31:05.038Z,58.078,0.9407814402271637,0.17291855670067052,0.1613278559134437,-0.24290487310680228
1612467065067,2021-02-04T19:31:05.068Z,58.108,0.940762671358495,0.17309526276568402,0.16119458241000348,-0.24294018356001093
1612467065082,2021-02-04T19:31:05.083Z,58.123,0.9407398725365872,0.1732930365870889,0.1610587559293038,-0.24297755622438943
1612467065097,2021-02-04T19:31:05.097Z,58.138,0.9407036419707495,0.17352624382733658,0.16096976961645057,-0.2430103577129394
1612467065127,2021-02-04T19:31:05.127Z,58.168,0.9406811148059538,0.17367107353071348,0.16091448833281155,-0.24303070980990585
1612467065142,2021-02-04T19:31:05.143Z,58.183,0.9406563075718369,0.173830374575517,0.16085368556376264,-0.24305308831777414
1612467065157,2021-02-04T19:31:05.158Z,58.198,0.9406388931119706,0.1739420507789082,0.1608110632237217,-0.24306879207494086
1612467065188,2021-02-04T19:31:05.188Z,58.229,0.9406200658537852,0.17406273988602494,0.16076498411249526,-0.24308573421716909
1612467065202,2021-02-04T19:31:05.202Z,58.243,0.9405944228632953,0.1742268709246366,0.16070232189336353,-0.2431088086934664
1612467065217,2021-02-04T19:31:05.217Z,58.258,0.9405655771077351,0.17441131633327697,0.1606318936771659,-0.24313470058503475
1612467065247,2021-02-04T19:31:05.247Z,58.288,0.9405338239066077,0.17461402868780418,0.16055448092729707,-0.2431631668801739
1612467065262,2021-02-04T19:31:05.262Z,58.303,0.9405042990428145,0.17480225451862488,0.16048259112708502,-0.24318958292313217
1612467065277,2021-02-04T19:31:05.277Z,58.318,0.940485225945098,0.17492373246714618,0.1604361969888921,-0.24320660824595589
1612467065307,2021-02-04T19:31:05.307Z,58.348,0.940485225945098,0.17492373246714618,0.1604361969888921,-0.24320660824595589
1612467065322,2021-02-04T19:31:05.322Z,58.363,0.940438252549521,0.17501951649006073,0.16040843211585767,-0.24333761915355667
1612467065344,2021-02-04T19:31:05.344Z,58.385,0.9403830496477417,0.17514839186584769,0.16036881798035083,-0.24348429719718243
1612467065368,2021-02-04T19:31:05.368Z,58.409,0.9403139780859657,0.1753384338292217,0.16030698487734762,-0.2436549339496233
1612467065382,2021-02-04T19:31:05.383Z,58.423,0.940271456932257,0.17551293113927843,0.160244368818418,-0.24373456985699973
1612467065398,2021-02-04T19:31:05.398Z,58.439,0.9402499932279674,0.17564890928343618,0.1601923511405255,-0.24375360825722592
1612467065427,2021-02-04T19:31:05.427Z,58.468,0.9402294126493242,0.17577918757905697,0.16014247881037125,-0.2437718508844352
1612467065442,2021-02-04T19:31:05.442Z,58.483,0.9402095788699731,0.17590462315518265,0.16009445386723825,-0.24378941157222425
1612467065457,2021-02-04T19:31:05.457Z,58.498,0.9401865330097163,0.17605017004846318,0.16003875044330543,-0.24380980113527534
1612467065472,2021-02-04T19:31:05.472Z,58.513,0.940159010192557,0.17622384407198852,0.15997225548242622,-0.24383410304981648
1612467065502,2021-02-04T19:31:05.502Z,58.543,0.9401314553487008,0.17639750660481282,0.1599057653400166,-0.24385838623791953
1612467065517,2021-02-04T19:31:05.517Z,58.558,0.9401075391173221,0.17654797984406445,0.1598481614766173,-0.24387945993932694
1612467065532,2021-02-04T19:31:05.533Z,58.573,0.9400841730917145,0.17659861337215743,0.15983308426600648,-0.2439427441665655
1612467065563,2021-02-04T19:31:05.563Z,58.604,0.9400519748726489,0.1765821075122639,0.1598492032437104,-0.2440681791363034
1612467065577,2021-02-04T19:31:05.578Z,58.618,0.9400195487909092,0.17656551710601143,0.15986543818270063,-0.24419440561707298
1612467065592,2021-02-04T19:31:05.593Z,58.633,0.9399924659923331,0.17655165228320563,0.15987899060628788,-0.24429978779449862
1612467065622,2021-02-04T19:31:05.622Z,58.663,0.9399782729048597,0.17654439132358257,0.1598860890741548,-0.24435499356377824
1612467065637,2021-02-04T19:31:05.637Z,58.678,0.93994971651703,0.17652977732107092,0.15990035889414142,-0.2444660372404579
1612467065652,2021-02-04T19:31:05.652Z,58.693,0.9399039197460003,0.1766158915329239,0.1598763342845551,-0.24459559734359057
1612467065682,2021-02-04T19:31:05.683Z,58.723,0.9398624490178119,0.17664684781864065,0.15987471023596636,-0.24473362071637128
1612467065697,2021-02-04T19:31:05.697Z,58.738,0.9398242860447713,0.17668471496745136,0.15986917611201698,-0.24485642606754504
1612467065712,2021-02-04T19:31:05.712Z,58.753,0.9397724788521803,0.17677299170707472,0.15984583342363254,-0.24500674874799486
1612467065742,2021-02-04T19:31:05.742Z,58.783,0.9397270458645866,0.17680196104290768,0.1598461401924893,-0.24515986071859774
1612467065757,2021-02-04T19:31:05.758Z,58.798,0.9396843142826135,0.17678017885824224,0.15986745318091358,-0.24532540689360102
1612467065772,2021-02-04T19:31:05.773Z,58.813,0.9396288996104559,0.17680226150360326,0.1599901330181546,-0.24544174192848414
1612467065803,2021-02-04T19:31:05.803Z,58.844,0.939583245287691,0.1767789892646426,0.1600128676694184,-0.24561839570649316
1612467065817,2021-02-04T19:31:05.818Z,58.858,0.9395164175580475,0.17680225405247568,0.16002150275173238,-0.24585154617763505
1612467065832,2021-02-04T19:31:05.832Z,58.873,0.9394056268735372,0.17692881159399693,0.16018470598702553,-0.24607747518641845
1612467065862,2021-02-04T19:31:05.862Z,58.903,0.9393504470595541,0.1768770070476359,0.16029905534704772,-0.246250837240669
1612467065877,2021-02-04T19:31:05.877Z,58.918,0.9393288995446616,0.17676796713433085,0.16040164420531053,-0.24634450838539934
1612467065892,2021-02-04T19:31:05.892Z,58.933,0.9393175454969861,0.17667518503613736,0.16051727579270653,-0.24637904108517858
1612467065922,2021-02-04T19:31:05.922Z,58.963,0.9393342010740781,0.17656915178361707,0.16053494007216831,-0.24638004453884388
1612467065937,2021-02-04T19:31:05.937Z,58.978,0.9393043442816921,0.17662353344276938,0.1606444968847243,-0.2463834853807883
1612467065952,2021-02-04T19:31:05.953Z,58.993,0.9392436365340461,0.1766735498186333,0.16077840526378706,-0.24649168834996688
1612467065983,2021-02-04T19:31:05.983Z,59.024,0.939206486137762,0.17660789497488033,0.16093504492051705,-0.24657805893008986
1612467065997,2021-02-04T19:31:05.998Z,59.038,0.9391750454855922,0.17649206609121781,0.16109433902494777,-0.24667670842238892
1612467066012,2021-02-04T19:31:06.013Z,59.053,0.9391328670619168,0.17639897142646555,0.16125048831605787,-0.24680182515853097
1612467066027,2021-02-04T19:31:06.027Z,59.068,0.9391092793453155,0.17633381306185816,0.16138046823905997,-0.2468531796220768
1612467066057,2021-02-04T19:31:06.057Z,59.098,0.9391142040289089,0.17623550942587785,0.16149589939194053,-0.24682915445331552
1612467066072,2021-02-04T19:31:06.072Z,59.113,0.939115731234641,0.1761613061791143,0.16160227422497855,-0.246806690586396
1612467066087,2021-02-04T19:31:06.087Z,59.128,0.9391244229827094,0.17605521247217928,0.16170244369244277,-0.24678371101566057
1612467066117,2021-02-04T19:31:06.117Z,59.158,0.9391394976973547,0.17590586027320795,0.16181849839153392,-0.24675677450601458
1612467066132,2021-02-04T19:31:06.132Z,59.173,0.9391507860391031,0.17578507907352178,0.1619123287307493,-0.24673833277834314
1612467066148,2021-02-04T19:31:06.148Z,59.189,0.939177167624799,0.1757684410547868,0.16196097579717686,-0.24661781213094952
1612467066184,2021-02-04T19:31:06.184Z,59.225,0.9391982161241214,0.17580897077871815,0.16199126038792738,-0.24648883987094988
1612467066193,2021-02-04T19:31:06.193Z,59.234,0.9392182533060955,0.17587143254818016,0.16202442988478105,-0.2463460898626352
1612467066208,2021-02-04T19:31:06.208Z,59.249,0.9392323459670656,0.1759580326922136,0.16207165075655294,-0.2461994131620429
1612467066237,2021-02-04T19:31:06.237Z,59.278,0.9392752109636766,0.17590947735728885,0.1621800034354964,-0.24599914701211628
1612467066252,2021-02-04T19:31:06.252Z,59.293,0.9393463186448956,0.1757440658814107,0.1623191769728808,-0.2457539455280408
1612467066267,2021-02-04T19:31:06.267Z,59.308,0.9394311061586912,0.17549102124328356,0.16250268130431147,-0.24548926007741495
1612467066297,2021-02-04T19:31:06.297Z,59.338,0.9395097922125952,0.17525771283367342,0.16267910476990008,-0.2452378300756631
1612467066312,2021-02-04T19:31:06.312Z,59.353,0.9395762575192947,0.17504193492949266,0.16282650130385318,-0.2450394004957604
1612467066327,2021-02-04T19:31:06.327Z,59.368,0.9396532003004803,0.17481893445758306,0.16295120034501837,-0.24482056618327355
1612467066357,2021-02-04T19:31:06.358Z,59.398,0.9397271395515644,0.17460440788550252,0.1630932541904227,-0.24459516425057573
1612467066372,2021-02-04T19:31:06.373Z,59.413,0.9398010162922219,0.1743771468872722,0.1632528466147565,-0.2443668727379803
1612467066387,2021-02-04T19:31:06.388Z,59.428,0.939873131348487,0.17415619902775561,0.16339329161301536,-0.24415312319374183
1612467066417,2021-02-04T19:31:06.418Z,59.458,0.9399406864257823,0.17394075623518235,0.1635434567057666,-0.24394601265544633
1612467066432,2021-02-04T19:31:06.432Z,59.473,0.9400093478383034,0.17370998305208604,0.16370465371268744,-0.24373767480112857
1612467066447,2021-02-04T19:31:06.447Z,59.488,0.9400821139575953,0.1734640085487584,0.163859671274074,-0.24352795503836386
1612467066477,2021-02-04T19:31:06.477Z,59.518,0.9401473031646895,0.17318963919692232,0.16404128714122773,-0.24334924150292833
1612467066492,2021-02-04T19:31:06.493Z,59.533,0.9401819698929734,0.17291389930506768,0.16420862373102482,-0.24329853022089487
1612467066507,2021-02-04T19:31:06.507Z,59.548,0.9402470052906275,0.1726559763753278,0.16434759836092577,-0.24313648384577097
1612467066537,2021-02-04T19:31:06.537Z,59.578,0.9403079637636441,0.1724084898172505,0.16449701256081917,-0.2429752637207544
1612467066552,2021-02-04T19:31:06.553Z,59.593,0.9403775272757545,0.17218349661054125,0.1646180085324209,-0.24278356813533492
1612467066567,2021-02-04T19:31:06.567Z,59.608,0.9404757684279169,0.17190882939028618,0.1646690538902894,-0.24256295279464607
1612467066598,2021-02-04T19:31:06.598Z,59.639,0.940572516752144,0.1716620912065107,0.16470008797558136,-0.24234138770334093
1612467066613,2021-02-04T19:31:06.613Z,59.654,0.9406396462866046,0.1714532382054595,0.1648203331793059,-0.24214685773995898
1612467066628,2021-02-04T19:31:06.628Z,59.669,0.9406930016001478,0.171248780128839,0.1649803854365656,-0.24197521456978016
1612467066642,2021-02-04T19:31:06.642Z,59.683,0.940713439268269,0.17100391277929805,0.16518860128704796,-0.2419268753137276
1612467066672,2021-02-04T19:31:06.672Z,59.713,0.9407352950343411,0.17076110148051774,0.16539318689369056,-0.24187361291997259
1612467066687,2021-02-04T19:31:06.687Z,59.728,0.9407669154828635,0.1704785346474138,0.16558782268562947,-0.2418167755462013
1612467066702,2021-02-04T19:31:06.702Z,59.743,0.9408141579200223,0.170126696927209,0.16577464608590514,-0.24175275378983757
1612467066732,2021-02-04T19:31:06.732Z,59.773,0.9408638437544636,0.16976586880317687,0.16595205928339352,-0.2416913141275043
1612467066747,2021-02-04T19:31:06.747Z,59.788,0.9409225121212841,0.16933251506699679,0.1661595475214515,-0.24162435781999328
1612467066762,2021-02-04T19:31:06.762Z,59.803,0.9409683755503115,0.16896361691843356,0.1663584336215971,-0.2415671416708354
1612467066792,2021-02-04T19:31:06.793Z,59.833,0.9410181376285675,0.16857154953935588,0.16655895365756831,-0.24150903150080974
1612467066807,2021-02-04T19:31:06.808Z,59.848,0.9410760372274889,0.1681717818365838,0.16672304652954326,-0.24144889667592628
1612467066823,2021-02-04T19:31:06.823Z,59.864,0.9411643755498033,0.16777508677327632,0.16688273668812992,-0.24127016112575686
1612467066852,2021-02-04T19:31:06.852Z,59.893,0.9412734866708488,0.16734319883032847,0.16704675590530327,-0.24103082466201436
1612467066867,2021-02-04T19:31:06.867Z,59.908,0.9413882804840452,0.16686508253455223,0.1672170708780721,-0.24079576575385953
1612467066882,2021-02-04T19:31:06.882Z,59.923,0.9414762710738317,0.16639459454941277,0.16747008859955012,-0.24060141174587635
1612467066912,2021-02-04T19:31:06.912Z,59.953,0.9415253307610894,0.16590912503690822,0.16781274447309968,-0.24050591792534992
1612467066927,2021-02-04T19:31:06.927Z,59.968,0.9415790893904246,0.1653615633428138,0.16820739776230656,-0.24039684509067974
1612467066942,2021-02-04T19:31:06.942Z,59.983,0.941683652156137,0.16472555245839204,0.16862512003670355,-0.24013113192954452
1612467066972,2021-02-04T19:31:06.973Z,60.013,0.9417957523817214,0.16408637172202448,0.16898906533955976,-0.239873131481021
1612467066987,2021-02-04T19:31:06.988Z,60.028,0.9418849816306466,0.1634401723329507,0.16937230864769895,-0.2396935804517104
1612467067002,2021-02-04T19:31:07.003Z,60.043,0.9419529265481442,0.16291123946355823,0.16962642386959187,-0.2396069459532575
1612467067032,2021-02-04T19:31:07.033Z,60.073,0.942046065032421,0.16236284195401937,0.16982955031127003,-0.239469085166786
1612467067047,2021-02-04T19:31:07.047Z,60.088,0.9421317518804788,0.16183007454851434,0.17008086990358806,-0.23931420092230463
1612467067062,2021-02-04T19:31:07.062Z,60.103,0.9422028896460491,0.16131039598212832,0.17039364143529206,-0.23916245075083417
1612467067092,2021-02-04T19:31:07.092Z,60.133,0.9422532888015849,0.16080125925753616,0.17073309763700414,-0.2390646442597921
1612467067107,2021-02-04T19:31:07.107Z,60.148,0.9423168110175648,0.1602851943466491,0.17098805428601316,-0.23897859619310588
1612467067122,2021-02-04T19:31:07.122Z,60.163,0.942391477153369,0.15975002545857425,0.17118904621323897,-0.23889860529370555
1612467067152,2021-02-04T19:31:07.152Z,60.193,0.9424672168209658,0.15920474138712773,0.1713937712805472,-0.23881702347996853
1612467067167,2021-02-04T19:31:07.167Z,60.208,0.9425328954397284,0.15872995870554077,0.17157194386873403,-0.238745909494683
1612467067182,2021-02-04T19:31:07.182Z,60.223,0.9426221951344186,0.15818771055020167,0.17177232444892632,-0.2386091239334082
1612467067212,2021-02-04T19:31:07.212Z,60.253,0.9427389018450203,0.1576124087989508,0.17198019811429305,-0.2383789063596147
1612467067227,2021-02-04T19:31:07.227Z,60.268,0.9428619930485458,0.15696893829801983,0.17221399463566378,-0.23814775775921934
1612467067242,2021-02-04T19:31:07.242Z,60.283,0.9429359390943282,0.1563456582709056,0.17260898475759828,-0.23797896605600613
1612467067257,2021-02-04T19:31:07.258Z,60.298,0.9429873119630716,0.15580980438741732,0.17295195307886904,-0.23787781792260534
1612467067287,2021-02-04T19:31:07.287Z,60.328,0.9430409797511735,0.15534975450316368,0.17317941589541427,-0.23780045036937345
1612467067302,2021-02-04T19:31:07.302Z,60.343,0.9430768649400161,0.1549062029989225,0.17350414107742862,-0.23771076567196364
1612467067317,2021-02-04T19:31:07.317Z,60.358,0.9430780467886142,0.15454646242313666,0.1739810493809808,-0.23759163090092073
1612467067347,2021-02-04T19:31:07.347Z,60.388,0.9430917082630481,0.15415549855136573,0.17441159248586824,-0.23747570081675504
1612467067362,2021-02-04T19:31:07.362Z,60.403,0.9431130007873437,0.15374978928926472,0.17480437830744544,-0.23736532890029635
1612467067378,2021-02-04T19:31:07.378Z,60.419,0.9431349582597016,0.15331304999166265,0.17522741658235613,-0.23724862842300745
1612467067407,2021-02-04T19:31:07.408Z,60.448,0.9431700269986206,0.15279205558868575,0.17566078373360308,-0.23712481308058334
1612467067423,2021-02-04T19:31:07.423Z,60.464,0.9432179532864459,0.15222898673304966,0.17605320961787063,-0.23700526487739265
1612467067438,2021-02-04T19:31:07.438Z,60.479,0.943260436349045,0.15171641797802943,0.1764051587420191,-0.23690313991952144
1612467067467,2021-02-04T19:31:07.467Z,60.508,0.9432942662279131,0.1511712667068056,0.176669334057145,-0.2369200747670147
1612467067482,2021-02-04T19:31:07.482Z,60.523,0.94336253723285,0.15062521008072732,0.17689268007751097,-0.23682936720080128
1612467067497,2021-02-04T19:31:07.497Z,60.538,0.9434275865729088,0.1501584595884785,0.17703360133362792,-0.2367613353275366
1612467067527,2021-02-04T19:31:07.527Z,60.568,0.943478763633144,0.14978518918848885,0.1771547830172487,-0.23670319500833575
1612467067542,2021-02-04T19:31:07.542Z,60.583,0.9435276762463359,0.1494670162258781,0.17722514717313048,-0.2366566762784964
1612467067557,2021-02-04T19:31:07.557Z,60.598,0.9435663241269968,0.14909286448222164,0.17743790669869358,-0.23657916011419655
1612467067587,2021-02-04T19:31:07.587Z,60.628,0.9436238669296784,0.14865204957146097,0.17760123122223317,-0.23650447900035979
1612467067602,2021-02-04T19:31:07.603Z,60.643,0.9436742079183588,0.14819972760091943,0.1778207916265936,-0.23642249494065265
1612467067618,2021-02-04T19:31:07.618Z,60.659,0.9437371048680148,0.14784299441328266,0.1778412051795284,-0.2363794230438527
1612467067647,2021-02-04T19:31:07.648Z,60.688,0.9437953019335222,0.1475471907923291,0.17781289489612578,-0.23635318687541126
1612467067662,2021-02-04T19:31:07.663Z,60.703,0.9438458999374114,0.14725735909238316,0.17781464166699248,-0.23633057477464495
1612467067677,2021-02-04T19:31:07.677Z,60.718,0.9438689493376138,0.14717744782144035,0.17774400450007824,-0.23634143562514076
1612467067707,2021-02-04T19:31:07.707Z,60.748,0.9438572811462883,0.14724690590641018,0.17764871231264265,-0.23641640497601957
1612467067722,2021-02-04T19:31:07.723Z,60.763,0.943829919585703,0.14739150083979283,0.17744263662811968,-0.23659023454382047
1612467067737,2021-02-04T19:31:07.738Z,60.778,0.943823044958089,0.1475062937824706,0.17712786015297083,-0.23678191286124567
1612467067767,2021-02-04T19:31:07.767Z,60.808,0.9438457375651454,0.1475904299884526,0.17678588734783188,-0.23689457294452707
1612467067782,2021-02-04T19:31:07.782Z,60.823,0.9438866681503086,0.14769650652352323,0.176389491760782,-0.23696085509051756
1612467067797,2021-02-04T19:31:07.798Z,60.838,0.9438591495462385,0.14792299659137778,0.1759634479530488,-0.2372457752663967
1612467067827,2021-02-04T19:31:07.828Z,60.868,0.9438111866292718,0.148180113041713,0.1754946663415266,-0.23762306322843993
1612467067842,2021-02-04T19:31:07.843Z,60.883,0.943800139709161,0.14826348739766607,0.17516103699279048,-0.23786097979546872
1612467067857,2021-02-04T19:31:07.858Z,60.898,0.9438227721045487,0.14823321181873186,0.17476215719459387,-0.23808334293578837
1612467067872,2021-02-04T19:31:07.873Z,60.913,0.9438471063456854,0.14832850577902462,0.1744696431149318,-0.2381420539249348
1612467067902,2021-02-04T19:31:07.902Z,60.943,0.9438593992324401,0.148597489132933,0.17404900757827124,-0.2382334226446486
1612467067917,2021-02-04T19:31:07.917Z,60.958,0.9438255677710814,0.14896358383939612,0.17356864796034582,-0.23848914599313872
1612467067932,2021-02-04T19:31:07.932Z,60.973,0.9437450877269081,0.1494052900281375,0.17307997774666958,-0.23888614444155343
1612467067962,2021-02-04T19:31:07.962Z,61.003,0.943678180542958,0.1497478467768823,0.17271611745218504,-0.2391991152263374
1612467067977,2021-02-04T19:31:07.977Z,61.018,0.9436473234555055,0.14988626476220637,0.172415701904483,-0.23945075131992946
1612467067992,2021-02-04T19:31:07.993Z,61.033,0.9436228859708667,0.15000172631839861,0.17204271562560658,-0.2397428521847511
1612467068023,2021-02-04T19:31:08.023Z,61.064,0.9435887501372295,0.1501409876228167,0.17173802443280287,-0.24000834446748728
1612467068037,2021-02-04T19:31:08.037Z,61.078,0.943567725557063,0.15026214706763394,0.17139570729698203,-0.2402597468696391
1612467068052,2021-02-04T19:31:08.053Z,61.093,0.9435482442034465,0.15036217609231603,0.1710616235861417,-0.24051163755097058
1612467068082,2021-02-04T19:31:08.082Z,61.123,0.9435343472834149,0.15049454695788222,0.17066456077917996,-0.24076531005618684
1612467068097,2021-02-04T19:31:08.097Z,61.138,0.9434918793577693,0.15066156427369923,0.17034813746488847,-0.24105119518224774
1612467068112,2021-02-04T19:31:08.112Z,61.153,0.9434662518483696,0.15075081418071323,0.17011065724733823,-0.24126331660225445
1612467068142,2021-02-04T19:31:08.142Z,61.183,0.9434869688900822,0.15069783365961487,0.16984088276491957,-0.2414054204166448
1612467068157,2021-02-04T19:31:08.157Z,61.198,0.943520132215472,0.1507547763833445,0.16953280914071706,-0.24145679556923427
1612467068172,2021-02-04T19:31:08.172Z,61.213,0.943509095958287,0.15098468007911386,0.16931037761157755,-0.24151233562368765
1612467068202,2021-02-04T19:31:08.203Z,61.243,0.9434822237469108,0.15130365806217325,0.16908645972713138,-0.24157455509124767
1612467068217,2021-02-04T19:31:08.218Z,61.258,0.9434539762457761,0.15162122683140564,0.16888088707221974,-0.2416295599918889
1612467068232,2021-02-04T19:31:08.233Z,61.273,0.9434183098125043,0.15188556001691542,0.1687052483794556,-0.24172548177238548
1612467068262,2021-02-04T19:31:08.262Z,61.303,0.9434224145913466,0.15208021859921636,0.16842261086285965,-0.24178415768529118
1612467068277,2021-02-04T19:31:08.278Z,61.318,0.9434128939019306,0.15225112024313112,0.16826141320397942,-0.24182598047128043
1612467068292,2021-02-04T19:31:08.292Z,61.333,0.943399983053891,0.15245987377712378,0.16807255703934249,-0.24187615515391142
1612467068322,2021-02-04T19:31:08.322Z,61.363,0.9433951443756609,0.1526590666768858,0.16783198117355097,-0.24193643178556
1612467068337,2021-02-04T19:31:08.337Z,61.378,0.9433906938586979,0.15293538407257798,0.16750221243271912,-0.24200780125756696
1612467068352,2021-02-04T19:31:08.352Z,61.393,0.943378478041272,0.15325279962359858,0.1671719539772555,-0.2420829700319479
1612467068382,2021-02-04T19:31:08.382Z,61.423,0.943361453641312,0.15351077325494517,0.16695278635441735,-0.24213710456457485
1612467068397,2021-02-04T19:31:08.397Z,61.438,0.9433292759727032,0.1537529263272958,0.16686111348018806,-0.24217201231100316
1612467068412,2021-02-04T19:31:08.412Z,61.453,0.9432994446916932,0.1539770267589865,0.16677625304296895,-0.24220428215816783
1612467068442,2021-02-04T19:31:08.443Z,61.483,0.9432690796856443,0.15420463561164954,0.16669006320771396,-0.24223706671912115
1612467068457,2021-02-04T19:31:08.458Z,61.498,0.9432315367606695,0.15448547637887408,0.1665836636408178,-0.2422775034048787
1612467068473,2021-02-04T19:31:08.473Z,61.514,0.9432040934773976,0.15475351545368432,0.16642171418445162,-0.24232457685945885
1612467068487,2021-02-04T19:31:08.488Z,61.528,0.9431728853236105,0.15498593546914782,0.16633365222050137,-0.24235796734598591
1612467068517,2021-02-04T19:31:08.517Z,61.558,0.9431409680869017,0.15522318121225093,0.16624374120130328,-0.24239203130846637
1612467068532,2021-02-04T19:31:08.532Z,61.573,0.943110757788309,0.155447337119106,0.16615876325112153,-0.2424241929375002
1612467068547,2021-02-04T19:31:08.547Z,61.588,0.943074479611229,0.15561473019248787,0.166098021189943,-0.24249954434991028
1612467068577,2021-02-04T19:31:08.577Z,61.618,0.943019672345701,0.1557157214090257,0.16624965575618592,-0.2425439416601104
1612467068592,2021-02-04T19:31:08.592Z,61.633,0.9429557432294152,0.1558278478041851,0.1665554904638276,-0.2425106528706126
1612467068607,2021-02-04T19:31:08.607Z,61.648,0.942902708152964,0.1559576617128394,0.16675913876668455,-0.24249346454835424
1612467068637,2021-02-04T19:31:08.638Z,61.678,0.9428460210440068,0.15618241629886062,0.16686081532303076,-0.2424992819582512
1612467068652,2021-02-04T19:31:08.653Z,61.693,0.9427993196763249,0.15637187738866146,0.1669383853768249,-0.24250536956443405
1612467068667,2021-02-04T19:31:08.668Z,61.708,0.9427251748735082,0.15638856500119466,0.16719752149625666,-0.24260430788032034
1612467068697,2021-02-04T19:31:08.697Z,61.738,0.9426412451265975,0.15642400526059308,0.16738688248264058,-0.2427769452340043
1612467068712,2021-02-04T19:31:08.712Z,61.753,0.942621738039828,0.15645804303786226,0.16747964547977806,-0.24276677716175285
1612467068727,2021-02-04T19:31:08.727Z,61.768,0.9425933060005839,0.15650761840041907,0.1676147474506121,-0.24275197486855954
1612467068757,2021-02-04T19:31:08.757Z,61.798,0.9425709238603294,0.1566721553857284,0.16755228361623212,-0.24277586674721435
1612467068772,2021-02-04T19:31:08.772Z,61.813,0.9425629188360652,0.15673092697476826,0.1675299698017925,-0.24278441009067595
1612467068787,2021-02-04T19:31:08.787Z,61.828,0.9425501691097382,0.1567239362931505,0.16753537215835285,-0.24283468776051434
1612467068817,2021-02-04T19:31:08.818Z,61.858,0.9425369871082381,0.1568207417282454,0.1674986119691316,-0.2428487139870056
1612467068832,2021-02-04T19:31:08.833Z,61.873,0.9425164314740657,0.15697139197820514,0.16744139173471834,-0.24287062159873946
1612467068848,2021-02-04T19:31:08.848Z,61.889,0.9424531245728034,0.15723659476400953,0.16753305231652899,-0.24288153003364793
1612467068878,2021-02-04T19:31:08.878Z,61.919,0.9423875185272051,0.15754613685541316,0.1675803885268399,-0.24290284697233452
1612467068892,2021-02-04T19:31:08.892Z,61.933,0.9423367399547579,0.15791585475560369,0.16743990671000616,-0.2429566401422083
1612467068907,2021-02-04T19:31:08.907Z,61.948,0.9422887727201671,0.15826411879673502,0.16730754388602095,-0.2430072494100569
1612467068937,2021-02-04T19:31:08.937Z,61.978,0.9422395980258071,0.15845273701327617,0.16740076910486068,-0.243010807472153
1612467068952,2021-02-04T19:31:08.953Z,61.993,0.9422068453412727,0.15850983311490446,0.1675562134316744,-0.24299343352932712
1612467068967,2021-02-04T19:31:08.967Z,62.008,0.9421854837726772,0.15854704362282318,0.16765752561380745,-0.2429821047558119
1612467068997,2021-02-04T19:31:08.997Z,62.038,0.9421605330277515,0.15872740615109476,0.16758895541258745,-0.24300840019457398
1612467069012,2021-02-04T19:31:09.012Z,62.053,0.9421341782266375,0.1589787645024356,0.16743297872008933,-0.24305378065649513
1612467069027,2021-02-04T19:31:09.028Z,62.068,0.9421256524224443,0.1591842186461862,0.16721205833214595,-0.24310443667262413
1612467069057,2021-02-04T19:31:09.058Z,62.098,0.9421122064818237,0.15928094701985906,0.1671752704452237,-0.24311848812044853
1612467069072,2021-02-04T19:31:09.073Z,62.113,0.9421122064818237,0.15928094701985906,0.1671752704452237,-0.24311848812044853
1612467069087,2021-02-04T19:31:09.088Z,62.128,0.9420886469213091,0.15945022316755794,0.1671108807351542,-0.2431430879414716
1612467069109,2021-02-04T19:31:09.109Z,62.15,0.9420576321121557,0.15967268258175574,0.16702624786034304,-0.24317541969138154
1612467069132,2021-02-04T19:31:09.132Z,62.173,0.9420291054258312,0.15987700096532953,0.16694849528785344,-0.24320507604501546
1612467069147,2021-02-04T19:31:09.147Z,62.188,0.9420260457978039,0.16003666739978448,0.16688363251401958,-0.24315642562977902
1612467069162,2021-02-04T19:31:09.162Z,62.203,0.9420294254145702,0.16020033399103867,0.16675713742833867,-0.2431223390784161
1612467069192,2021-02-04T19:31:09.192Z,62.233,0.942039668590673,0.16039521400906573,0.16650876821453137,-0.24312438839458383
1612467069207,2021-02-04T19:31:09.207Z,62.248,0.942015810536251,0.1606192819714971,0.16636860270650264,-0.24316485558603337
1612467069222,2021-02-04T19:31:09.223Z,62.263,0.9419790569181293,0.16088037205869243,0.1662692427289028,-0.24320259278273643
1612467069252,2021-02-04T19:31:09.252Z,62.293,0.941949534765447,0.16108967087299328,0.1661895703724202,-0.24323284850656862
1612467069267,2021-02-04T19:31:09.267Z,62.308,0.9419297246874591,0.16122990718401634,0.16613618577230055,-0.243253116232193
1612467069283,2021-02-04T19:31:09.283Z,62.324,0.9419175833468588,0.16137481260355951,0.1660205977627199,-0.24328295698155317
1612467069312,2021-02-04T19:31:09.312Z,62.353,0.9418995383402513,0.16155638950602386,0.1658958766867145,-0.2433173869302104
1612467069327,2021-02-04T19:31:09.327Z,62.368,0.9418714290814664,0.16175459811779258,0.16582039365932255,-0.24334596383432147
1612467069342,2021-02-04T19:31:09.342Z,62.383,0.9418728362103012,0.16190447914495,0.16559851170281692,-0.2433919328239485
1612467069372,2021-02-04T19:31:09.372Z,62.413,0.9418520746339616,0.16205044556203477,0.16554291349002545,-0.24341295445000974
1612467069387,2021-02-04T19:31:09.387Z,62.428,0.9418334885387096,0.16218098202466813,0.16549318597897755,-0.24343174470690165
1612467069402,2021-02-04T19:31:09.402Z,62.443,0.9418052402492082,0.1623791815291232,0.16541766928041865,-0.24346023399088615
1612467069432,2021-02-04T19:31:09.432Z,62.473,0.9417663630967711,0.16265141275945397,0.1653139189979235,-0.24349937053795911
1612467069447,2021-02-04T19:31:09.447Z,62.488,0.941723463699044,0.16295106664223874,0.16519969862810677,-0.24354245496835797
1612467069462,2021-02-04T19:31:09.462Z,62.503,0.9416832318800411,0.16323139501977108,0.16509283596687538,-0.24358275388104633
1612467069492,2021-02-04T19:31:09.492Z,62.533,0.9416489649955145,0.163469720066641,0.16500197370188882,-0.2436169657858246
1612467069507,2021-02-04T19:31:09.507Z,62.548,0.9416204238894889,0.1636678798266852,0.1649263938854298,-0.2436454124894721
1612467069522,2021-02-04T19:31:09.522Z,62.563,0.9416062443037791,0.16381874361163867,0.1648132531731454,-0.24367538141576922
1612467069552,2021-02-04T19:31:09.552Z,62.593,0.9415967534442131,0.1639369263150299,0.16471257245885249,-0.24370064950197737
1612467069567,2021-02-04T19:31:09.567Z,62.608,0.9415985783175612,0.16403804966670996,0.16455314084393577,-0.24373325462539014
1612467069582,2021-02-04T19:31:09.582Z,62.623,0.9416028684503114,0.16415220625269053,0.16435641264143613,-0.24377255984248503
1612467069612,2021-02-04T19:31:09.612Z,62.653,0.9416030387416371,0.16432173628465852,0.16410934544033168,-0.24382413161140642
1612467069627,2021-02-04T19:31:09.628Z,62.668,0.9415910087969829,0.16452252202252637,0.16390635399034345,-0.2438717265728428
1612467069642,2021-02-04T19:31:09.643Z,62.683,0.9415777877736113,0.16473599708148953,0.1636929993632874,-0.24392196046352635
1612467069657,2021-02-04T19:31:09.657Z,62.698,0.9415546230668137,0.1649465833715913,0.1635569884707817,-0.24396029992176474
1612467069687,2021-02-04T19:31:09.687Z,62.728,0.9415337764297574,0.16515543572574573,0.16340580406580754,-0.2440007645270105
1612467069702,2021-02-04T19:31:09.702Z,62.743,0.9415196043657487,0.16537372735634265,0.16319054989668824,-0.2440516529746329
1612467069717,2021-02-04T19:31:09.717Z,62.758,0.9415066767021184,0.16558362774639063,0.16297768999779932,-0.2441014389770344
1612467069747,2021-02-04T19:31:09.747Z,62.788,0.9414911782044654,0.16578965084085884,0.16278905941073504,-0.24414724076548913
1612467069762,2021-02-04T19:31:09.762Z,62.803,0.941496205676781,0.16590543166916766,0.16257991629681956,-0.2441885608619096
1612467069777,2021-02-04T19:31:09.777Z,62.818,0.9415017784932946,0.16602806270504875,0.16235610658661515,-0.24423263119904173
1612467069807,2021-02-04T19:31:09.807Z,62.848,0.9415051331532095,0.1661394899856825,0.16216509145942304,-0.2442708276184689
1612467069822,2021-02-04T19:31:09.822Z,62.863,0.9415072999857426,0.166267376919171,0.16205730176162064,-0.24424699464214134
1612467069837,2021-02-04T19:31:09.837Z,62.878,0.941478643953859,0.1664617688098841,0.161982976839184,-0.24427434928334918
1612467069867,2021-02-04T19:31:09.869Z,62.908,0.9414522471247896,0.16664051985053138,0.16191463268188522,-0.24429951954745918
1612467069882,2021-02-04T19:31:09.883Z,62.923,0.9414251096167168,0.1668240901381585,0.16184443508119672,-0.24432532567455317
1612467069897,2021-02-04T19:31:09.897Z,62.938,0.9413984833736646,0.16700392955063037,0.1617756589366971,-0.244350607103829
1612467069927,2021-02-04T19:31:09.927Z,62.968,0.941371980282213,0.16718266972554455,0.161707291203,-0.24437573867872536
1612467069942,2021-02-04T19:31:09.942Z,62.983,0.9413560638600842,0.16733877484232523,0.16159260146999144,-0.24440606911097665
1612467069957,2021-02-04T19:31:09.957Z,62.998,0.9413430828070872,0.16749029691580966,0.16146232568274466,-0.2444383731647359
1612467069987,2021-02-04T19:31:09.987Z,63.028,0.9413172038033046,0.16766417438662362,0.1613957893189123,-0.2444627694380169
1612467070002,2021-02-04T19:31:10.002Z,63.043,0.941301193062466,0.16782026180066545,0.1612810851977753,-0.24449301672187324
1612467070017,2021-02-04T19:31:10.017Z,63.058,0.9412714818646319,0.1680193869110374,0.16120486307373774,-0.2445209094776482
1612467070047,2021-02-04T19:31:10.047Z,63.088,0.9412440548581336,0.16820291715377916,0.16113460470220517,-0.24454661523448246
1612467070062,2021-02-04T19:31:10.062Z,63.103,0.9412158624505861,0.1683912506160539,0.16106249173072695,-0.24457301720519078
1612467070077,2021-02-04T19:31:10.078Z,63.118,0.9411881931856199,0.16857584597676545,0.16099179354858012,-0.24459887892469453
1612467070107,2021-02-04T19:31:10.108Z,63.148,0.9411642707882257,0.16873521032814442,0.16093077001556608,-0.24462119991812045
1612467070122,2021-02-04T19:31:10.123Z,63.163,0.9411432313771854,0.16887526882063586,0.16087712319828282,-0.24464078328257588
1612467070137,2021-02-04T19:31:10.137Z,63.178,0.9411264163622649,0.1689870943085112,0.16083428604003464,-0.24465641789309187
1612467070167,2021-02-04T19:31:10.167Z,63.208,0.9411264163622649,0.1689870943085112,0.16083428604003464,-0.24465641789309187
1612467070182,2021-02-04T19:31:10.182Z,63.223,0.9411264163622649,0.1689870943085112,0.16083428604003464,-0.24465641789309187
1612467070197,2021-02-04T19:31:10.197Z,63.238,0.9411264163622649,0.1689870943085112,0.16083428604003464,-0.24465641789309187
1612467070227,2021-02-04T19:31:10.227Z,63.268,0.941117699201183,0.16904504766915704,0.1608120795945135,-0.2446645114545463
1612467070242,2021-02-04T19:31:10.242Z,63.283,0.9410987902200914,0.16917061353683888,0.16076397664233308,-0.24468206794939726
1612467070257,2021-02-04T19:31:10.257Z,63.298,0.9410768264894798,0.169316331759025,0.1607081341399976,-0.2447024357569777
1612467070272,2021-02-04T19:31:10.272Z,63.313,0.9410673523027621,0.16937911379681125,0.1606840833288598,-0.24471121675158247
1612467070302,2021-02-04T19:31:10.303Z,63.343,0.9410600596906584,0.1694274097689397,0.16066558108662196,-0.24471797630762673
1612467070317,2021-02-04T19:31:10.318Z,63.358,0.9410402674248185,0.1695584720887766,0.1606153496188234,-0.24473628479399773
1612467070332,2021-02-04T19:31:10.332Z,63.373,0.9410227432134891,0.1696743666080305,0.16057093944420647,-0.24475248615106712
1612467070362,2021-02-04T19:31:10.362Z,63.403,0.9410118801197285,0.1696939715903403,0.1606239550178238,-0.24474587341539103
1612467070377,2021-02-04T19:31:10.377Z,63.418,0.9410118801197285,0.1696939715903403,0.1606239550178238,-0.24474587341539103
1612467070392,2021-02-04T19:31:10.392Z,63.433,0.9410544840144871,0.16972804214671547,0.16048183698094518,-0.24465164995252264
1612467070422,2021-02-04T19:31:10.422Z,63.463,0.941079762348825,0.16979903206987984,0.16030196971803998,-0.2446230735440297
1612467070437,2021-02-04T19:31:10.437Z,63.478,0.9410745270956774,0.16988615748520453,0.16020741059851473,-0.24464466790812797
1612467070452,2021-02-04T19:31:10.452Z,63.493,0.941065747042999,0.1699441085104955,0.1601852029792738,-0.24465273444509877
1612467070482,2021-02-04T19:31:10.482Z,63.523,0.9410549118418715,0.16996370858356552,0.16023821556128914,-0.24464608097523705
1612467070497,2021-02-04T19:31:10.497Z,63.538,0.9410071528546391,0.16998981347962333,0.1603571397238738,-0.24473371105989286
1612467070512,2021-02-04T19:31:10.513Z,63.553,0.9409692129929075,0.16999550572883365,0.16042295638510112,-0.24483248006784228
1612467070542,2021-02-04T19:31:10.542Z,63.583,0.9409692129929075,0.16999550572883365,0.16042295638510112,-0.24483248006784228
1612467070557,2021-02-04T19:31:10.557Z,63.598,0.9409692129929075,0.16999550572883365,0.16042295638510112,-0.24483248006784228
1612467070572,2021-02-04T19:31:10.572Z,63.613,0.9409710093957834,0.17003081636426873,0.16035445482086155,-0.24484593070395302
1612467070602,2021-02-04T19:31:10.602Z,63.643,0.9409548935768529,0.17013702758211813,0.16031372814085434,-0.24486075363127324
1612467070617,2021-02-04T19:31:10.617Z,63.658,0.9409548935768529,0.17013702758211813,0.16031372814085434,-0.24486075363127324
1612467070632,2021-02-04T19:31:10.632Z,63.673,0.9409548935768529,0.17013702758211813,0.16031372814085434,-0.24486075363127324
1612467070662,2021-02-04T19:31:10.663Z,63.703,0.9409387608636208,0.17024324250234404,0.16027300323621976,-0.24487558294032608
1612467070677,2021-02-04T19:31:10.677Z,63.718,0.9409217894951544,0.17035493248044722,0.16023017474740256,-0.24489114751912888
1612467070692,2021-02-04T19:31:10.692Z,63.733,0.9409217894951544,0.17035493248044722,0.16023017474740256,-0.24489114751912888
1612467070722,2021-02-04T19:31:10.723Z,63.763,0.9409217894951544,0.17035493248044722,0.16023017474740256,-0.24489114751912888
1612467070737,2021-02-04T19:31:10.737Z,63.778,0.9409380257149748,0.1702481159297829,0.16027114230780967,-0.24487623757587146
1612467070752,2021-02-04T19:31:10.752Z,63.793,0.940923965396906,0.17010585504238812,0.16047803472683997,-0.24489362954611757
1612467070789,2021-02-04T19:31:10.789Z,63.83,0.9408716856064724,0.16985998634033092,0.16071837257220858,-0.24510744783102564
1612467070797,2021-02-04T19:31:10.797Z,63.838,0.9407608368349965,0.16966528219958882,0.1610521087286232,-0.24544848373480546
1612467070812,2021-02-04T19:31:10.812Z,63.853,0.9406718473744644,0.16950374298957305,0.16139277168711746,-0.24567728815824005
1612467070842,2021-02-04T19:31:10.842Z,63.883,0.9406650534092951,0.16938599517544914,0.16162509467025477,-0.24563177869677622
1612467070857,2021-02-04T19:31:10.857Z,63.898,0.9407263027808993,0.16941767167311514,0.1615963775256127,-0.24539414530839992
1612467070872,2021-02-04T19:31:10.872Z,63.913,0.9407904321110541,0.16953493686718973,0.16147232944498918,-0.2451488422435299
1612467070887,2021-02-04T19:31:10.888Z,63.928,0.9408055209329994,0.1696395410707102,0.16137127642983876,-0.2450851056892499
1612467070918,2021-02-04T19:31:10.918Z,63.959,0.9406786454611997,0.1700114520825793,0.16151855913134522,-0.24521734683783974
1612467070932,2021-02-04T19:31:10.933Z,63.973,0.9405662673922772,0.17038495332626127,0.16143615570403724,-0.24544333756545253
1612467070947,2021-02-04T19:31:10.947Z,63.988,0.9405202218996993,0.1706380760380616,0.1615952678307546,-0.24533921133499162
1612467070977,2021-02-04T19:31:10.977Z,64.018,0.9405749987828382,0.17070158426748122,0.161897690590646,-0.24488523551788774
1612467070992,2021-02-04T19:31:10.992Z,64.033,0.9406015984317027,0.17094141175815294,0.1621270628212942,-0.24446366248339538
1612467071007,2021-02-04T19:31:11.007Z,64.048,0.9405480005290434,0.17143103925934064,0.16210797106568686,-0.24433964720496587
1612467071037,2021-02-04T19:31:11.037Z,64.078,0.940412553054016,0.1721728578755329,0.1618041901486921,-0.24454067375331426
1612467071052,2021-02-04T19:31:11.052Z,64.093,0.9402496585043084,0.1726911618519459,0.1617047875964451,-0.24486711491979646
1612467071067,2021-02-04T19:31:11.067Z,64.108,0.9402201334706012,0.17244980661731257,0.1617619669602107,-0.24511269012301282
1612467071097,2021-02-04T19:31:11.098Z,64.138,0.9402562411285245,0.1717479878673542,0.16224762494682818,-0.2451459522029415
1612467071112,2021-02-04T19:31:11.113Z,64.153,0.9402753043010007,0.17122591330947065,0.16301652603717703,-0.24492784850189775
1612467071128,2021-02-04T19:31:11.128Z,64.169,0.9402620209164972,0.1706775915850921,0.16367086272695583,-0.2449251731589689
1612467071157,2021-02-04T19:31:11.157Z,64.198,0.9402139636112784,0.17011561285911522,0.1641431977833352,-0.24518440307939338
1612467071172,2021-02-04T19:31:11.172Z,64.213,0.9401390914120041,0.1695485055303385,0.16458163669400563,-0.24557010798255258
1612467071187,2021-02-04T19:31:11.187Z,64.228,0.9400962252023032,0.16900215352300027,0.1649735831463043,-0.24584766895140142
1612467071217,2021-02-04T19:31:11.217Z,64.258,0.9401204135954428,0.16844588896010104,0.16522060160502344,-0.24597102113633032
1612467071232,2021-02-04T19:31:11.232Z,64.273,0.9401644101992473,0.16800675047450733,0.16540759901743482,-0.24597751884468175
1612467071247,2021-02-04T19:31:11.247Z,64.288,0.9401603041829307,0.16787924087401998,0.16547405824714306,-0.24603556444027178
1612467071284,2021-02-04T19:31:11.284Z,64.325,0.940155247729574,0.16804449790229842,0.16527585944446588,-0.24607528761783667
1612467071292,2021-02-04T19:31:11.293Z,64.333,0.9401049323183643,0.16844194688588446,0.1650250897500074,-0.24616406421933043
1612467071307,2021-02-04T19:31:11.307Z,64.348,0.9400236885580561,0.16896596505330805,0.16484304569395322,-0.24623715781671202
1612467071337,2021-02-04T19:31:11.337Z,64.378,0.9399443076252483,0.16947677233474567,0.1646887112216819,-0.24629240873001165
1612467071352,2021-02-04T19:31:11.352Z,64.393,0.9398790069973497,0.16988891477843027,0.16460451209621893,-0.24631395299221054
1612467071367,2021-02-04T19:31:11.367Z,64.408,0.9398281813890066,0.17019412747885415,0.1645802348389394,-0.2463134075504284
1612467071397,2021-02-04T19:31:11.397Z,64.438,0.9398236039089658,0.17046222332418925,0.16456125995286477,-0.2461581111352279
1612467071412,2021-02-04T19:31:11.412Z,64.453,0.9398418782007953,0.1707337292482212,0.16446551293995437,-0.24596408829419397
1612467071427,2021-02-04T19:31:11.427Z,64.468,0.9398979496689516,0.17109863494423824,0.16393792529084641,-0.24584844514385717
1612467071457,2021-02-04T19:31:11.457Z,64.498,0.9400218511073106,0.17138587590169496,0.16305263940193299,-0.24576337759368752
1612467071472,2021-02-04T19:31:11.472Z,64.513,0.9402490949500671,0.17164034779752477,0.16156513248630797,-0.2456988775273632
1612467071487,2021-02-04T19:31:11.488Z,64.528,0.9404871649602371,0.171912767858353,0.160465648199163,-0.2453174851908412
1612467071502,2021-02-04T19:31:11.502Z,64.543,0.9405784625147946,0.17246906520019592,0.15929429633147923,-0.24534038509494227
1612467071532,2021-02-04T19:31:11.533Z,64.573,0.9407225611676291,0.17328229623736707,0.15669298624668618,-0.24588944015963227
1612467071547,2021-02-04T19:31:11.548Z,64.588,0.9408260156770863,0.1741072357297774,0.1550305669746447,-0.2459646356597524
1612467071562,2021-02-04T19:31:11.562Z,64.603,0.9410161492155885,0.17385302986798415,0.15425187823024467,-0.24590666722077456
1612467071592,2021-02-04T19:31:11.592Z,64.633,0.9411063026230759,0.17302382261192897,0.15407671292780692,-0.2462560669409824
1612467071607,2021-02-04T19:31:11.607Z,64.648,0.9410608869385994,0.172557749673672,0.15370143222558194,-0.24699008043583426
1612467071622,2021-02-04T19:31:11.622Z,64.663,0.9409673613355837,0.17279664830775854,0.15215148026964476,-0.24813639452226705
1612467071652,2021-02-04T19:31:11.652Z,64.693,0.9407822888149135,0.1733171507585915,0.15052892772819323,-0.24946120384159243
1612467071667,2021-02-04T19:31:11.667Z,64.708,0.9406700453153264,0.17361120125547605,0.14959449734753913,-0.2502408899609122
1612467071682,2021-02-04T19:31:11.682Z,64.723,0.9407420709174924,0.17330871496836242,0.1495706117924553,-0.25019407948613215
1612467071712,2021-02-04T19:31:11.713Z,64.753,0.9408938689789587,0.17283485824720243,0.15019857349538476,-0.24957409243033862
1612467071734,2021-02-04T19:31:11.734Z,64.775,0.9409182845649349,0.17299658822021238,0.15096017846699705,-0.24890959554175274
1612467071742,2021-02-04T19:31:11.743Z,64.783,0.9408168085925146,0.17369694385647255,0.15126656061954444,-0.24861925107089086
1612467071772,2021-02-04T19:31:11.772Z,64.813,0.9406075643956202,0.1747592545218634,0.15107565239557938,-0.24878255568659163
1612467071787,2021-02-04T19:31:11.787Z,64.828,0.9402952809240943,0.1761366651893372,0.15087996294557615,-0.249110209805619
1612467071802,2021-02-04T19:31:11.802Z,64.843,0.9400255524715051,0.17741281565225203,0.15076103786226283,-0.24929453063730625
1612467071832,2021-02-04T19:31:11.832Z,64.873,0.9399268137776872,0.17791738225167103,0.15138432911007815,-0.2489292564853109
1612467071847,2021-02-04T19:31:11.847Z,64.888,0.9398873434791333,0.1775880292527417,0.1526672436261682,-0.24852964844753125
1612467071862,2021-02-04T19:31:11.862Z,64.903,0.9397942979362134,0.17705920686683788,0.1542566425135212,-0.24827727054791354
1612467071892,2021-02-04T19:31:11.892Z,64.933,0.9396590015440414,0.17625328363833914,0.15633980014105278,-0.24805968579318607
1612467071907,2021-02-04T19:31:11.907Z,64.948,0.9395327329373804,0.1756536575033245,0.1579731101705587,-0.24792848325265632
1612467071922,2021-02-04T19:31:11.923Z,64.963,0.9393536229723282,0.1757727640548578,0.15884814954502002,-0.24796365018163236
1612467071952,2021-02-04T19:31:11.953Z,64.993,0.9391558687453068,0.1767269651547867,0.15870320775327357,-0.24812723719343682
1612467071967,2021-02-04T19:31:11.968Z,65.008,0.9389455376701801,0.1779791009516052,0.1577735437523445,-0.24862064637825607
1612467071982,2021-02-04T19:31:11.982Z,65.023,0.9385513070525181,0.17917302003244978,0.15731086084972767,-0.24954311447358968
1612467072012,2021-02-04T19:31:12.012Z,65.053,0.93803995052571,0.1800020872317876,0.15768779246840936,-0.25062892873003134
1612467072027,2021-02-04T19:31:12.027Z,65.068,0.9376082350352544,0.1803715863033958,0.15843870054615702,-0.2515036115401068
1612467072042,2021-02-04T19:31:12.042Z,65.083,0.937386667789382,0.18058420504427877,0.1593122142015744,-0.2516251146953269
1612467072072,2021-02-04T19:31:12.072Z,65.113,0.9374396435743578,0.18016932529140658,0.1601880899914365,-0.2511686777926654
1612467072087,2021-02-04T19:31:12.087Z,65.128,0.9376335874458873,0.17935385501662596,0.16094691013311457,-0.25054249640057835
1612467072102,2021-02-04T19:31:12.102Z,65.143,0.9377530288677088,0.17886977185371786,0.16150975125831502,-0.25007891117588127
1612467072117,2021-02-04T19:31:12.117Z,65.158,0.9377546098554586,0.17883081766805073,0.16173339483968904,-0.2499562748575091
1612467072162,2021-02-04T19:31:12.163Z,65.203,0.9376408749370315,0.1792516007260382,0.16158156442762997,-0.250179638103485
1612467072163,2021-02-04T19:31:12.163Z,65.204,0.9375292611521355,0.179684092723691,0.16131035138711203,-0.2504625358031844
1612467072177,2021-02-04T19:31:12.177Z,65.218,0.9375012647002339,0.18002246421458692,0.16109610479512462,-0.2504622448262576
1612467072207,2021-02-04T19:31:12.207Z,65.248,0.9375108767254104,0.18017646779458713,0.16115354149286507,-0.25027850994227596
1612467072222,2021-02-04T19:31:12.222Z,65.263,0.9375657745520398,0.1800303817677212,0.16161814893495868,-0.2498780781982281
1612467072237,2021-02-04T19:31:12.237Z,65.278,0.9376188215484601,0.17980177718959306,0.16232481699964682,-0.2493850841240757
1612467072267,2021-02-04T19:31:12.267Z,65.308,0.9376268455233069,0.17962914824783455,0.16308009201497733,-0.2489862470944068
1612467072282,2021-02-04T19:31:12.282Z,65.323,0.9376193582184713,0.17939560352242528,0.16377112694675922,-0.2487291187404392
1612467072297,2021-02-04T19:31:12.297Z,65.338,0.937577352015506,0.179214920216022,0.16436602094528827,-0.24862528535563333
1612467072327,2021-02-04T19:31:12.327Z,65.368,0.9374905152266245,0.17930619042231463,0.16485074598827,-0.24856599824486397
1612467072342,2021-02-04T19:31:12.342Z,65.383,0.9373995793288856,0.17953562760932393,0.16514234237115363,-0.24854978143044662
1612467072357,2021-02-04T19:31:12.357Z,65.398,0.93735430951726,0.179635262568937,0.16532205860575241,-0.24852904822085892
1612467072387,2021-02-04T19:31:12.387Z,65.428,0.937385540176559,0.17967700511440607,0.16535178966099812,-0.24836124608505974
1612467072402,2021-02-04T19:31:12.402Z,65.443,0.9374775667577772,0.17959922263660988,0.165429974283603,-0.24801785150018774
1612467072417,2021-02-04T19:31:12.417Z,65.458,0.9375959269402582,0.17942027726401705,0.1655567355842558,-0.24761504234239495
1612467072447,2021-02-04T19:31:12.447Z,65.488,0.9376762269243387,0.1792392777187029,0.16581814942391152,-0.24726689245720543
1612467072462,2021-02-04T19:31:12.462Z,65.503,0.9377369664425609,0.17909714532537643,0.16593378721069982,-0.2470618800327535
1612467072477,2021-02-04T19:31:12.477Z,65.518,0.9377589382959304,0.17913780668505747,0.16597614640106814,-0.24692051086940436
1612467072507,2021-02-04T19:31:12.507Z,65.548,0.9377901916910942,0.17918370579048323,0.16598912311343583,-0.2467597352794878
1612467072522,2021-02-04T19:31:12.522Z,65.563,0.9378243205657247,0.17932400810758406,0.16576430222631872,-0.24667922486316024
1612467072537,2021-02-04T19:31:12.537Z,65.578,0.9378772287416541,0.17936067899191585,0.16561194648170344,-0.2465537138677397
1612467072567,2021-02-04T19:31:12.568Z,65.608,0.9379105506394494,0.17946450109160433,0.16544831980253466,-0.24646124507042552
1612467072582,2021-02-04T19:31:12.582Z,65.623,0.9379648684564502,0.17955073212176337,0.16519535680602285,-0.24636138947843178
1612467072597,2021-02-04T19:31:12.597Z,65.638,0.9380131303813508,0.17971747942972655,0.16492607682022564,-0.24623643922923708
1612467072627,2021-02-04T19:31:12.627Z,65.668,0.9380440330101986,0.1799243114270028,0.16468871682027056,-0.24612651389798093
1612467072642,2021-02-04T19:31:12.642Z,65.683,0.9380568786493969,0.18011380170074964,0.1645295015524081,-0.24604543071223595
1612467072657,2021-02-04T19:31:12.657Z,65.698,0.9380032239304321,0.18035884316032455,0.16452202362739118,-0.2460754829956317
1612467072672,2021-02-04T19:31:12.672Z,65.713,0.9379600599009272,0.18056008170658286,0.16451258294701798,-0.2460987463943311
1612467072702,2021-02-04T19:31:12.702Z,65.743,0.9379413174547757,0.18073058881292164,0.16437002354558963,-0.24614027431153343
1612467072717,2021-02-04T19:31:12.717Z,65.758,0.9379348581135319,0.18085739025658498,0.1641974246294203,-0.24618694536914798
1612467072747,2021-02-04T19:31:12.748Z,65.788,0.9379219012951667,0.18101997055190278,0.16401112605434076,-0.24624099549554035
1612467072762,2021-02-04T19:31:12.763Z,65.803,0.9379178749266013,0.1811880268860766,0.1637438904439999,-0.24631057051730879
1612467072778,2021-02-04T19:31:12.778Z,65.819,0.9378850298177197,0.1813845851323878,0.16365146092750663,-0.24635239486649896
1612467072792,2021-02-04T19:31:12.792Z,65.833,0.9378769676133385,0.18152252683197237,0.16348624673906004,-0.2463911788196154
1612467072822,2021-02-04T19:31:12.822Z,65.863,0.9378470438089818,0.1816842417890415,0.16345050980326598,-0.2464095971129121
1612467072837,2021-02-04T19:31:12.837Z,65.878,0.9378142111720181,0.181854073879295,0.1634186600861931,-0.24643040127578072
1612467072852,2021-02-04T19:31:12.852Z,65.893,0.9378037719877151,0.18204976680680324,0.16337742355055312,-0.24635296857392502
1612467072882,2021-02-04T19:31:12.882Z,65.923,0.9377931972065228,0.18224149969359216,0.16335032842670064,-0.24626941601727095
1612467072897,2021-02-04T19:31:12.897Z,65.938,0.9377774760594971,0.18237519868043325,0.16334709368796146,-0.24623244970037547
1612467072912,2021-02-04T19:31:12.912Z,65.953,0.9377666879941298,0.18240034636469876,0.16338167822275257,-0.24623196331036193
1612467072942,2021-02-04T19:31:12.942Z,65.983,0.937753582566294,0.18242818375590397,0.16342543960575948,-0.24623221122604402
1612467072957,2021-02-04T19:31:12.957Z,65.998,0.9377419364969926,0.1824547234040074,0.1634631633504256,-0.24623185957529842
1612467072972,2021-02-04T19:31:12.973Z,66.013,0.9377312789691038,0.1824826860701162,0.1634952307023589,-0.24623043529423091
1612467073002,2021-02-04T19:31:13.002Z,66.043,0.9377224873452814,0.18250340334789922,0.16352323538566882,-0.2462299656467829
1612467073017,2021-02-04T19:31:13.017Z,66.058,0.9377132272555795,0.18252283562342567,0.16355424604260071,-0.24623023069344324
1612467073032,2021-02-04T19:31:13.032Z,66.073,0.937703669379039,0.18253572808518012,0.16359100600829177,-0.24623265250306267
1612467073062,2021-02-04T19:31:13.062Z,66.103,0.9376626222248302,0.18247397802922832,0.1638899745997406,-0.24623592436998443
1612467073077,2021-02-04T19:31:13.077Z,66.118,0.9376481656355183,0.18243474776917942,0.16394948644834353,-0.24628042183670965
1612467073092,2021-02-04T19:31:13.092Z,66.133,0.9376376500285554,0.18245821647206886,0.163983768763527,-0.24628024702129547
1612467073122,2021-02-04T19:31:13.122Z,66.163,0.9376262387817255,0.18249541496631771,0.16401327765309548,-0.24627648003371133
1612467073137,2021-02-04T19:31:13.137Z,66.178,0.9376135372148223,0.1825345088798353,0.16404763219713195,-0.24627298323206476
1612467073152,2021-02-04T19:31:13.152Z,66.193,0.9376192531019389,0.1824490942984514,0.16413288137520132,-0.2462577134907872
1612467073182,2021-02-04T19:31:13.182Z,66.223,0.9375922389517038,0.18242241690335334,0.16421405877651135,-0.24632620276538666
1612467073197,2021-02-04T19:31:13.197Z,66.238,0.937528772090881,0.18254915000863864,0.1642118760651864,-0.24647529103753998
1612467073212,2021-02-04T19:31:13.212Z,66.253,0.9375120549765018,0.18262970060974712,0.16421304444196333,-0.2464784275834954
1612467073242,2021-02-04T19:31:13.242Z,66.283,0.9375329833336226,0.1826047155289009,0.1642527977788582,-0.24639083069380655
1612467073257,2021-02-04T19:31:13.257Z,66.298,0.9376077783061204,0.1824675744367699,0.16429941991126445,-0.2461766417754636
1612467073272,2021-02-04T19:31:13.272Z,66.313,0.9376765248945946,0.18236792759377915,0.1643227060016524,-0.24597301059067672
1612467073302,2021-02-04T19:31:13.302Z,66.343,0.9377141919536549,0.18239229589442543,0.16412083187840432,-0.24594612652084033
1612467073317,2021-02-04T19:31:13.317Z,66.358,0.9377167838745473,0.18257178668728766,0.16380448010553514,-0.24601395944771562
1612467073332,2021-02-04T19:31:13.332Z,66.373,0.9376875717400986,0.18281743136900996,0.1636217318565042,-0.2460644904411706
1612467073347,2021-02-04T19:31:13.347Z,66.388,0.9376795046480014,0.18286611771183456,0.16360291125045223,-0.24607156882999892
1612467073377,2021-02-04T19:31:13.378Z,66.418,0.9376978231193803,0.18275555098659185,0.163645628002742,-0.24605550092682482
1612467073392,2021-02-04T19:31:13.392Z,66.433,0.9376978231193803,0.18275555098659185,0.163645628002742,-0.24605550092682482
1612467073407,2021-02-04T19:31:13.407Z,66.448,0.9376959292745495,0.18272912349314227,0.1635996228506547,-0.24611293150196414
1612467073437,2021-02-04T19:31:13.437Z,66.478,0.9377211587799361,0.1826845113669282,0.16347964453763508,-0.24612964775680451
1612467073452,2021-02-04T19:31:13.452Z,66.493,0.9377615049598955,0.18261310100152198,0.16328764337294915,-0.24615637444451485
1612467073467,2021-02-04T19:31:13.467Z,66.508,0.9378369144522157,0.18247970419924092,0.16326479787646545,-0.24598309946104427
1612467073497,2021-02-04T19:31:13.497Z,66.538,0.9379231664685735,0.18246701038827462,0.1631130256485379,-0.24576424635269714
1612467073512,2021-02-04T19:31:13.512Z,66.553,0.9380138160466261,0.18246125307912026,0.1629674543152016,-0.24551900306181224
1612467073527,2021-02-04T19:31:13.527Z,66.568,0.9380699371836563,0.1824905571185412,0.16293819799464593,-0.24530212626284573
1612467073557,2021-02-04T19:31:13.557Z,66.598,0.9380893772634463,0.18250071636035717,0.16292805277586797,-0.24522695286631915
1612467073572,2021-02-04T19:31:13.572Z,66.613,0.9380893772634463,0.18250071636035717,0.16292805277586797,-0.24522695286631915
1612467073587,2021-02-04T19:31:13.587Z,66.628,0.9380670037153043,0.18251710194929285,0.16280025421396604,-0.24538516920240042
1612467073617,2021-02-04T19:31:13.617Z,66.658,0.9380323281176431,0.18263851181458557,0.16256240216236464,-0.24558499712227846
1612467073632,2021-02-04T19:31:13.632Z,66.673,0.9379789935736899,0.18286686769389693,0.16247886653798896,-0.24567404063685871
1612467073647,2021-02-04T19:31:13.647Z,66.688,0.9379660704910462,0.1829447890428278,0.1624487936731539,-0.245685254347504
1612467073677,2021-02-04T19:31:13.677Z,66.718,0.9379864926618313,0.18276598062296795,0.16258922261570208,-0.24564747220377128
1612467073692,2021-02-04T19:31:13.692Z,66.733,0.938027893094177,0.1825158670423164,0.16268573028485714,-0.24561144765009127
1612467073707,2021-02-04T19:31:13.707Z,66.748,0.9380383508304788,0.18245260930924037,0.16271013888131394,-0.24560233800334408
1612467073744,2021-02-04T19:31:13.744Z,66.785,0.9380514030001061,0.18242943916260473,0.16264773082477826,-0.24561103540741175
1612467073752,2021-02-04T19:31:13.752Z,66.793,0.9380865387683985,0.18236704678724752,0.1624796721773732,-0.24563440751807802
1612467073767,2021-02-04T19:31:13.768Z,66.808,0.9380842725944167,0.18238078318701628,0.16247437217318728,-0.24563636909469078
1612467073797,2021-02-04T19:31:13.797Z,66.838,0.9380498942636193,0.18258868868709635,0.16239414034067914,-0.24566625697997482
1612467073812,2021-02-04T19:31:13.812Z,66.853,0.9380586445587213,0.1825357902086458,0.1624145596601112,-0.24565865641571055
1612467073827,2021-02-04T19:31:13.827Z,66.868,0.9380954286878972,0.18231326202160125,0.1625004072209131,-0.2456266655291127
1612467073857,2021-02-04T19:31:13.857Z,66.898,0.9381192478038665,0.1821689661469366,0.16255607732909547,-0.24560591685918529
1612467073872,2021-02-04T19:31:13.872Z,66.913,0.9381353046854394,0.18214044346034994,0.16247925002278124,-0.24561657572496945
1612467073887,2021-02-04T19:31:13.887Z,66.928,0.9381560314764767,0.1821789356090507,0.16225466213781103,-0.24565732360181328
1612467073902,2021-02-04T19:31:13.902Z,66.943,0.9381250634025007,0.18227264058652967,0.16222306810495787,-0.24572693398217832
1612467073932,2021-02-04T19:31:13.932Z,66.973,0.9381107851176694,0.18226524065461464,0.16223048537434193,-0.24578203048683353
1612467073947,2021-02-04T19:31:13.947Z,66.988,0.9381108618063699,0.18221698339077452,0.1623102877545949,-0.24576483152374884
1612467073962,2021-02-04T19:31:13.963Z,67.003,0.9381135398064332,0.1820932622483646,0.1624954020300465,-0.2457239805039091
1612467073992,2021-02-04T19:31:13.993Z,67.033,0.9381479330644298,0.18197016284397896,0.16253877654274973,-0.24565516815540409
1612467074007,2021-02-04T19:31:14.008Z,67.048,0.9381907316907898,0.18196911372636704,0.16247326307526128,-0.2455358047308336
1612467074022,2021-02-04T19:31:14.022Z,67.063,0.9382500100118135,0.1819906121400892,0.1622933703514493,-0.2454123015369739
1612467074052,2021-02-04T19:31:14.052Z,67.093,0.9382838897064457,0.1820035519553396,0.16213520448020727,-0.2453777187544624
1612467074067,2021-02-04T19:31:14.067Z,67.108,0.9382949021372958,0.18198394798141662,0.1620823860642176,-0.2453850432035114
1612467074082,2021-02-04T19:31:14.082Z,67.123,0.9382426310976872,0.1820874959915331,0.16205280730428226,-0.24552758834644933
1612467074112,2021-02-04T19:31:14.112Z,67.153,0.9382346916352085,0.1821356431280648,0.16203423413236753,-0.2455344739209729
1612467074127,2021-02-04T19:31:14.127Z,67.168,0.9382459346665225,0.18206749731259053,0.16206051920252007,-0.24552470470378965
1612467074142,2021-02-04T19:31:14.142Z,67.183,0.9382459346665225,0.18206749731259053,0.16206051920252007,-0.24552470470378965
1612467074172,2021-02-04T19:31:14.172Z,67.213,0.9382459346665225,0.18206749731259053,0.16206051920252007,-0.24552470470378965
1612467074187,2021-02-04T19:31:14.187Z,67.228,0.9382660629474754,0.18203164760228585,0.16196392644372942,-0.24553810482931415
1612467074202,2021-02-04T19:31:14.202Z,67.243,0.9382479024859314,0.18202224473917045,0.16197334717317738,-0.24560824641363527
1612467074239,2021-02-04T19:31:14.239Z,67.28,0.9382167349457562,0.18215154471433634,0.16185239301457016,-0.24571116356682443
1612467074247,2021-02-04T19:31:14.247Z,67.288,0.9382223072375243,0.18235882522103675,0.16159062445140865,-0.24570842711495194
1612467074262,2021-02-04T19:31:14.262Z,67.303,0.9382704061626116,0.18245991401989273,0.16147961265409305,-0.24552262501119002
1612467074292,2021-02-04T19:31:14.292Z,67.333,0.9383254240630309,0.18243798447317913,0.16157319295846934,-0.24526696413398694
1612467074307,2021-02-04T19:31:14.307Z,67.348,0.9383242576050405,0.1822735879439106,0.1617506276855364,-0.24527670327884415
1612467074322,2021-02-04T19:31:14.322Z,67.363,0.9382726439144667,0.18233049847141705,0.16174118380766536,-0.24543802572017193
1612467074352,2021-02-04T19:31:14.352Z,67.393,0.9382360156282555,0.18255190979421201,0.16165580649996553,-0.24546971184516334
1612467074367,2021-02-04T19:31:14.367Z,67.408,0.938275321088211,0.1826401463854636,0.16160574553390483,-0.24528673379443502
1612467074382,2021-02-04T19:31:14.382Z,67.423,0.9383613346024978,0.18262194044251573,0.1615880168654891,-0.24498274510158374
1612467074412,2021-02-04T19:31:14.413Z,67.453,0.9383990329479244,0.1826194440114881,0.16164736368759075,-0.2448009874248614
1612467074427,2021-02-04T19:31:14.427Z,67.468,0.9383493476089428,0.182719022086384,0.16176101317107003,-0.24484206221059313
1612467074442,2021-02-04T19:31:14.442Z,67.483,0.9382558867313571,0.18285880289566148,0.1617281615953333,-0.24511742280897542
1612467074472,2021-02-04T19:31:14.472Z,67.513,0.9381375582489041,0.1830798039836183,0.16166734963993037,-0.245445259144487
1612467074487,2021-02-04T19:31:14.487Z,67.528,0.9380564439473975,0.1832952728583688,0.1615977513806444,-0.24564021996663904
1612467074502,2021-02-04T19:31:14.502Z,67.543,0.938045225516434,0.1833626586989851,0.16157175269293086,-0.24564987077626635
1612467074517,2021-02-04T19:31:14.517Z,67.558,0.938045225516434,0.1833626586989851,0.16157175269293086,-0.24564987077626635
1612467074554,2021-02-04T19:31:14.554Z,67.595,0.938045225516434,0.1833626586989851,0.16157175269293086,-0.24564987077626635
1612467074562,2021-02-04T19:31:14.562Z,67.603,0.9380291974317594,0.18345891469942202,0.1615345996421405,-0.2456636409835467
1612467074577,2021-02-04T19:31:14.578Z,67.618,0.9380291974317594,0.18345891469942202,0.1615345996421405,-0.2456636409835467
1612467074607,2021-02-04T19:31:14.607Z,67.648,0.938052446302686,0.18344765410412464,0.16147912910400136,-0.24561974076415943
1612467074622,2021-02-04T19:31:14.622Z,67.663,0.9380903183825263,0.18341496342139954,0.16148201327965594,-0.2454975868257081
1612467074637,2021-02-04T19:31:14.637Z,67.678,0.9381103181954318,0.18329473406983626,0.1615284060140865,-0.24548043793362068
1612467074667,2021-02-04T19:31:14.667Z,67.708,0.9380961402700901,0.18309821393472084,0.16161821771747903,-0.2456221231202523
1612467074682,2021-02-04T19:31:14.682Z,67.723,0.9380718479721104,0.1829511711534827,0.1615363678917649,-0.24587817890999503
1612467074697,2021-02-04T19:31:14.697Z,67.738,0.938074723460145,0.1828951784226799,0.1614278770756848,-0.24598009557227626
1612467074727,2021-02-04T19:31:14.727Z,67.768,0.9380800027108174,0.1828346288654932,0.16150273578285015,-0.24595583615020208
1612467074742,2021-02-04T19:31:14.742Z,67.783,0.9381751394181499,0.18249389504522964,0.16167711642689545,-0.2457313493896124
1612467074757,2021-02-04T19:31:14.757Z,67.798,0.9382809404708434,0.18205688846397242,0.16185808310073047,-0.24553233401514218
1612467074787,2021-02-04T19:31:14.787Z,67.828,0.9383183952699186,0.18181125814375726,0.16193341898193367,-0.2455215333266937
1612467074802,2021-02-04T19:31:14.802Z,67.843,0.9383169906806081,0.18183392835214296,0.16186194207147972,-0.2455572422246275
1612467074817,2021-02-04T19:31:14.817Z,67.858,0.9382445599880866,0.18198862091575665,0.16188606957906249,-0.2457034553810457
1612467074847,2021-02-04T19:31:14.847Z,67.888,0.9381863327519985,0.18203369770775676,0.16200211500121278,-0.2458158918201409
1612467074862,2021-02-04T19:31:14.862Z,67.903,0.9381000418378327,0.18209710752881458,0.16215690928547175,-0.24599612131999016
1612467074877,2021-02-04T19:31:14.877Z,67.918,0.9379821205000551,0.1821044185790867,0.16230219975719407,-0.24634430845905217
1612467074907,2021-02-04T19:31:14.907Z,67.948,0.9378616128179199,0.18215945052143184,0.16238069787875847,-0.2467104350138184
1612467074922,2021-02-04T19:31:14.922Z,67.963,0.9377767487860827,0.18234584254169187,0.16238526384684077,-0.24689226239264103
1612467074937,2021-02-04T19:31:14.937Z,67.978,0.9377815243662423,0.1824106779903139,0.16225254379980225,-0.2469134851378799
1612467074967,2021-02-04T19:31:14.968Z,68.008,0.9377984439739719,0.1823387071114874,0.16223699090568464,-0.24691260225184355
1612467074989,2021-02-04T19:31:14.989Z,68.03,0.9377904662082831,0.18230518169432558,0.16233515328749631,-0.24690313935504135
1612467074997,2021-02-04T19:31:14.997Z,68.038,0.9377325365138224,0.18242319943525787,0.1624601527694529,-0.2469537710448719
1612467075027,2021-02-04T19:31:15.027Z,68.068,0.9376771277058321,0.18272728075028324,0.16237521039911712,-0.24699521472042785
1612467075042,2021-02-04T19:31:15.042Z,68.083,0.9376446853926907,0.1829761381815296,0.16232657910739884,-0.2469661080519046
1612467075057,2021-02-04T19:31:15.057Z,68.098,0.9376427866242456,0.18303810225967415,0.16235421584218435,-0.2469092270672888
1612467075087,2021-02-04T19:31:15.087Z,68.128,0.9376484891640161,0.1829493628265519,0.1624505397468212,-0.24688998267601528
1612467075102,2021-02-04T19:31:15.102Z,68.143,0.9376347616367899,0.18297030680374413,0.16250195369454606,-0.24689276142471167
1612467075117,2021-02-04T19:31:15.117Z,68.158,0.9376219628096893,0.182990770145536,0.16254926209249504,-0.24689505926938823
1612467075132,2021-02-04T19:31:15.132Z,68.173,0.9376072087671221,0.18302257210083211,0.16259829618645108,-0.2468952292912627
1612467075162,2021-02-04T19:31:15.162Z,68.203,0.9375978701336487,0.18299152782374437,0.16271974515568974,-0.24687369078547935
1612467075177,2021-02-04T19:31:15.177Z,68.218,0.9376042136361304,0.18276929950199505,0.16304274579732528,-0.2468011036729629
1612467075192,2021-02-04T19:31:15.192Z,68.233,0.9376076813158031,0.18249695708515248,0.1634643069173951,-0.2467105935226108
1612467075222,2021-02-04T19:31:15.222Z,68.263,0.9376067535209583,0.18228618547014,0.1638002899704902,-0.2466470906867096
1612467075244,2021-02-04T19:31:15.244Z,68.285,0.9376178680239701,0.18216573810713843,0.163900488904049,-0.24662726361673898
1612467075252,2021-02-04T19:31:15.252Z,68.293,0.9376710366161,0.1820928119817152,0.1639520217759102,-0.2464446580298945
1612467075282,2021-02-04T19:31:15.282Z,68.323,0.9377288954624208,0.18200346298722453,0.16402548873829495,-0.24624154222967717
1612467075297,2021-02-04T19:31:15.297Z,68.338,0.937728493260049,0.1821370423511005,0.1641294405911932,-0.24607498341573372
1612467075312,2021-02-04T19:31:15.312Z,68.353,0.9377235581124849,0.18228045700640644,0.16425515801735033,-0.2459036531227062
1612467075342,2021-02-04T19:31:15.342Z,68.383,0.9377356299157509,0.18237626420333908,0.16430071811475283,-0.2457560999623828
1612467075357,2021-02-04T19:31:15.357Z,68.398,0.9377630717723264,0.18244602436557894,0.16430838342438125,-0.24559443102357165
1612467075372,2021-02-04T19:31:15.372Z,68.413,0.937829106413913,0.18231035160982997,0.1643784972588119,-0.24539603195185608
1612467075402,2021-02-04T19:31:15.402Z,68.443,0.93787396743189,0.1822693438419944,0.1644163959598616,-0.24522959904657718
1612467075417,2021-02-04T19:31:15.417Z,68.458,0.9378992541019442,0.18227507216509362,0.1644405415648488,-0.24511241403096176
1612467075432,2021-02-04T19:31:15.433Z,68.473,0.9378830249166168,0.18232131971949087,0.1644574810768278,-0.24512875161201494
1612467075462,2021-02-04T19:31:15.462Z,68.503,0.9378464573535453,0.18245881832078822,0.16447384789964153,-0.24515536992583267
1612467075477,2021-02-04T19:31:15.477Z,68.518,0.9377839158536141,0.18247011582267395,0.16457326891258284,-0.24531943085974325
1612467075492,2021-02-04T19:31:15.492Z,68.533,0.9376958976252989,0.18257908308216939,0.1646115709781182,-0.24554900264035934
1612467075529,2021-02-04T19:31:15.529Z,68.57,0.9376017460604604,0.18271334707892123,0.16465627466578947,-0.2457785787996537
1612467075537,2021-02-04T19:31:15.537Z,68.578,0.9375184351742212,0.1828360157325065,0.164714034274978,-0.24596638382592784
1612467075552,2021-02-04T19:31:15.552Z,68.593,0.9374973960296592,0.18285022953142088,0.1647441915866743,-0.24601580708639073
1612467075582,2021-02-04T19:31:15.583Z,68.623,0.9375038940433217,0.18284040229786053,0.16470817373819888,-0.24602246532581504
1612467075597,2021-02-04T19:31:15.597Z,68.638,0.9375230381771853,0.18298169145460144,0.16457037129978835,-0.245936671461746
1612467075612,2021-02-04T19:31:15.612Z,68.653,0.9375367055964756,0.18315187037384817,0.16449170022845913,-0.2458104932540904
1612467075642,2021-02-04T19:31:15.642Z,68.683,0.9375365701970162,0.18319602063978993,0.16454574412806575,-0.24574192897082517
1612467075657,2021-02-04T19:31:15.657Z,68.698,0.9375198442284308,0.1832244948391795,0.16460578458306763,-0.24574430176632614
1612467075672,2021-02-04T19:31:15.672Z,68.713,0.937506257403094,0.18325847909038676,0.16464741423790155,-0.2457429066245747
1612467075702,2021-02-04T19:31:15.702Z,68.743,0.937485012846739,0.18327493809945192,0.16467778921812712,-0.24579132102379392
1612467075717,2021-02-04T19:31:15.717Z,68.758,0.9374857415676822,0.18324174667048884,0.16461035711534933,-0.2458584490409045
1612467075732,2021-02-04T19:31:15.732Z,68.773,0.9374650087858336,0.1831766256007334,0.16454442062616814,-0.24603010949171253
1612467075747,2021-02-04T19:31:15.747Z,68.788,0.93745101735535,0.18312460904265693,0.16438233255106371,-0.24623041316511884
1612467075777,2021-02-04T19:31:15.777Z,68.818,0.9374085810414134,0.1832720873525888,0.16432135393040134,-0.24632293200152724
1612467075792,2021-02-04T19:31:15.792Z,68.833,0.9373839855646326,0.18340461952946915,0.16430020848947927,-0.2463319927101005
1612467075807,2021-02-04T19:31:15.808Z,68.848,0.9374346715278727,0.18330225759182905,0.16434413610440105,-0.2461859539195247
1612467075837,2021-02-04T19:31:15.837Z,68.878,0.9374690695009774,0.18325069385403542,0.1643816810790785,-0.2460682625951641
1612467075852,2021-02-04T19:31:15.852Z,68.893,0.9374677567224062,0.18335774459571594,0.1642027855716024,-0.2461129574263781
1612467075867,2021-02-04T19:31:15.867Z,68.908,0.9374508628463456,0.18381178360595302,0.16370492905382597,-0.2461702747281278
1612467075897,2021-02-04T19:31:15.897Z,68.938,0.9374559884653995,0.18411903557886464,0.16350497606167366,-0.24605400470413266
1612467075912,2021-02-04T19:31:15.912Z,68.953,0.9374770771876259,0.1840459730257169,0.16357244440616828,-0.24598346487468295
1612467075927,2021-02-04T19:31:15.927Z,68.968,0.9374250236522284,0.183838766642145,0.16374251509254703,-0.24622351971588943
1612467075957,2021-02-04T19:31:15.957Z,68.998,0.937284552621517,0.18396905478032585,0.16386204954384118,-0.2465811895088673
1612467075972,2021-02-04T19:31:15.972Z,69.013,0.9371266721189304,0.18431641405506607,0.1638225099033118,-0.24694785919736037
1612467075987,2021-02-04T19:31:15.987Z,69.028,0.9370963809247123,0.1844063814203327,0.16383207554614534,-0.24698929201790887
1612467076017,2021-02-04T19:31:16.017Z,69.058,0.9371791960717939,0.18422595739642217,0.16404460898504902,-0.246668436032136
1612467076032,2021-02-04T19:31:16.032Z,69.073,0.9372962150311431,0.183949919261152,0.16422235619800765,-0.2463112872299672
1612467076047,2021-02-04T19:31:16.047Z,69.088,0.9373292815662452,0.18386723476895675,0.16429677122172343,-0.24619754032695132
1612467076077,2021-02-04T19:31:16.077Z,69.118,0.9373131842123041,0.18388009838487177,0.16421216077627157,-0.24630564421658957
1612467076092,2021-02-04T19:31:16.092Z,69.133,0.9372386508861342,0.18399378332624555,0.16409766560745156,-0.24658052462556426
1612467076107,2021-02-04T19:31:16.107Z,69.148,0.9371508898887084,0.18409500295832507,0.1641275773181354,-0.2468185119278038
1612467076137,2021-02-04T19:31:16.137Z,69.178,0.9371095280338797,0.1841002203639049,0.16416528344499756,-0.24694655503064725
1612467076152,2021-02-04T19:31:16.152Z,69.193,0.9371394869817864,0.18391531455206356,0.1642481383463494,-0.2469155484421507
1612467076167,2021-02-04T19:31:16.167Z,69.208,0.9371643347126999,0.18374472967938973,0.16434224482970977,-0.24688562254996213
1612467076197,2021-02-04T19:31:16.197Z,69.238,0.9371836665984491,0.18378400137595216,0.16436817550098318,-0.24676571638258238
1612467076212,2021-02-04T19:31:16.212Z,69.253,0.9371818309009448,0.1840128461494845,0.1643427989412272,-0.2466190031552364
1612467076227,2021-02-04T19:31:16.227Z,69.268,0.9371859662377354,0.18421748405893182,0.1642516679095569,-0.24651120226668802
1612467076257,2021-02-04T19:31:16.257Z,69.298,0.9371795437073644,0.18423432830275135,0.16427076592010492,-0.24651030525175263
1612467076272,2021-02-04T19:31:16.272Z,69.313,0.9371110902392923,0.1842955449167682,0.16448753520079684,-0.24658022515587694
1612467076287,2021-02-04T19:31:16.289Z,69.328,0.9370034072658755,0.18443078627041237,0.1646363506586794,-0.24678892173193134
1612467076302,2021-02-04T19:31:16.302Z,69.343,0.9369915431760724,0.1844959490498944,0.16462190519904774,-0.24679489688674053
1612467076332,2021-02-04T19:31:16.332Z,69.373,0.9370531175665197,0.18449420412770517,0.16463916832954564,-0.24655078128837138
1612467076347,2021-02-04T19:31:16.347Z,69.388,0.9371545307890187,0.18432859687646855,0.16471739332195148,-0.24623674407445365
1612467076362,2021-02-04T19:31:16.362Z,69.403,0.9371931746611499,0.18423361153628218,0.16471198083967722,-0.24616436199564654
1612467076392,2021-02-04T19:31:16.392Z,69.433,0.9371526060330959,0.18437776489742755,0.16460656094928636,-0.24628136939130194
1612467076407,2021-02-04T19:31:16.407Z,69.448,0.9370576592522954,0.18460271907817818,0.1645676871485226,-0.24650001154591908
1612467076422,2021-02-04T19:31:16.422Z,69.463,0.9370489184989941,0.18454195445575303,0.16462853702689603,-0.24653810290074907
1612467076452,2021-02-04T19:31:16.452Z,69.493,0.9370601169874708,0.184348732397974,0.16486519570472757,-0.24648194509929078
1612467076467,2021-02-04T19:31:16.468Z,69.508,0.937054175725188,0.18430197845904375,0.1649706858773219,-0.24646891344191169
1612467076489,2021-02-04T19:31:16.489Z,69.53,0.9370217568665022,0.18441945878165952,0.16500587260709332,-0.2464807343113554
1612467076512,2021-02-04T19:31:16.512Z,69.553,0.9369924893237338,0.18461313506778268,0.16490067849910686,-0.24651740616413192
1612467076527,2021-02-04T19:31:16.527Z,69.568,0.9369835119545247,0.1847255004689218,0.16490950961423037,-0.24646144006855503
1612467076542,2021-02-04T19:31:16.542Z,69.583,0.9370130547522698,0.1847618351912852,0.16503795210251854,-0.24623580943147785
1612467076572,2021-02-04T19:31:16.572Z,69.613,0.9371087762904544,0.18465259492268635,0.16507004119198812,-0.24593178340466823
1612467076587,2021-02-04T19:31:16.587Z,69.628,0.9371964511960352,0.18447209872176687,0.1651977684780151,-0.24564721441251533
1612467076602,2021-02-04T19:31:16.602Z,69.643,0.9372348364611686,0.18438163126344498,0.16517722958089792,-0.24558248757640888
1612467076632,2021-02-04T19:31:16.632Z,69.673,0.9372465561651058,0.1843916189750773,0.16505200697386627,-0.24561445153389938
1612467076647,2021-02-04T19:31:16.648Z,69.688,0.9372373564884082,0.18448659957165583,0.16495540581949925,-0.24564312787463086
1612467076662,2021-02-04T19:31:16.663Z,69.703,0.937254641740354,0.1845672699444694,0.1649487488035842,-0.2455210167572991
1612467076692,2021-02-04T19:31:16.692Z,69.733,0.9372522105501809,0.1846177008256229,0.1650029434488822,-0.2454559573810847
1612467076707,2021-02-04T19:31:16.707Z,69.748,0.9372180342389137,0.18473186008419687,0.1650558090826108,-0.24546502002375806
1612467076722,2021-02-04T19:31:16.722Z,69.763,0.9371327694743178,0.18500649956447568,0.16504567993553013,-0.24559049458583174
1612467076752,2021-02-04T19:31:16.752Z,69.793,0.9370158736438196,0.18524008572928746,0.16503407811860205,-0.24586808706714824
1612467076767,2021-02-04T19:31:16.767Z,69.808,0.9369411652277702,0.1853718842422473,0.16502036556577868,-0.24606258631218994
1612467076782,2021-02-04T19:31:16.782Z,69.823,0.9369226951940093,0.1853710129374645,0.16503635223202917,-0.24612284175768298
1612467076812,2021-02-04T19:31:16.812Z,69.853,0.9369292547802686,0.1853592926777518,0.1650011928031641,-0.24613027145889024
1612467076827,2021-02-04T19:31:16.827Z,69.868,0.936934415956188,0.1853431084282181,0.16497565222000213,-0.24613993282193683
1612467076842,2021-02-04T19:31:16.842Z,69.883,0.9369160086968268,0.1852912014413633,0.16491703184510612,-0.24628831869056242
1612467076872,2021-02-04T19:31:16.873Z,69.913,0.9368776267984648,0.18527116503287766,0.1649270588790001,-0.24644263645189246
1612467076887,2021-02-04T19:31:16.887Z,69.928,0.9368518519757828,0.1852889091151831,0.16496563913363216,-0.2465014513419416
1612467076902,2021-02-04T19:31:16.902Z,69.943,0.9368350791990521,0.18535155343004095,0.16500267221665413,-0.24649331468528693
1612467076917,2021-02-04T19:31:16.917Z,69.958,0.9368624062409192,0.1854294378064941,0.1650003130003859,-0.2463324015979569
1612467076947,2021-02-04T19:31:16.947Z,69.988,0.9369501867767043,0.1852195014088834,0.16506582643260645,-0.24611248798276011
1612467076962,2021-02-04T19:31:16.962Z,70.003,0.9370085331841439,0.1850079925961847,0.16507756035744306,-0.24604156250939366
1612467076977,2021-02-04T19:31:16.977Z,70.018,0.9370505487908141,0.18493438165740347,0.16487963468216035,-0.24606960307787995
1612467077007,2021-02-04T19:31:17.007Z,70.048,0.9370773175185556,0.18495864908175805,0.16463432640246417,-0.24611366823499728
1612467077022,2021-02-04T19:31:17.023Z,70.063,0.9371166725128789,0.18485227615969346,0.1645108589803188,-0.24612629964009922
1612467077037,2021-02-04T19:31:17.037Z,70.078,0.9371492841675868,0.18447583207431634,0.16460690318517146,-0.24622033626095122
1612467077067,2021-02-04T19:31:17.067Z,70.108,0.9371515482119998,0.1841998501423539,0.16472670856602686,-0.24633818700394297
1612467077082,2021-02-04T19:31:17.082Z,70.123,0.9371475781516794,0.18408797116827974,0.16477670608812506,-0.24640347555652786
1612467077097,2021-02-04T19:31:17.097Z,70.138,0.9371913748284717,0.18392734979246536,0.1648338393985927,-0.24631861954500725
1612467077127,2021-02-04T19:31:17.127Z,70.168,0.9372838590306295,0.18361015660225638,0.16494482588190976,-0.24612899546362377
1612467077142,2021-02-04T19:31:17.142Z,70.183,0.937344575428423,0.18324482094903152,0.16508606297075945,-0.2460753427775348
1612467077157,2021-02-04T19:31:17.157Z,70.198,0.9373877801035262,0.1830781093848027,0.16514597227222663,-0.24599464103701607
1612467077187,2021-02-04T19:31:17.187Z,70.228,0.9374539517628343,0.18297726263591516,0.16517049683389384,-0.24580096960377784
1612467077202,2021-02-04T19:31:17.202Z,70.243,0.937543952480312,0.18273212312639442,0.16525068779718535,-0.24558607152660777
1612467077217,2021-02-04T19:31:17.217Z,70.258,0.937560847810341,0.1826299538835818,0.16529011277196215,-0.24557103904464664
1612467077247,2021-02-04T19:31:17.247Z,70.288,0.937499041048439,0.18262268830579956,0.16536934881538615,-0.2457589880789622
1612467077262,2021-02-04T19:31:17.263Z,70.303,0.9374557747485317,0.18243994202247266,0.16565659602930038,-0.2458662850767713
1612467077277,2021-02-04T19:31:17.277Z,70.318,0.9374969829026761,0.18204763331366414,0.16598495355899598,-0.24577848043571873
1612467077307,2021-02-04T19:31:17.307Z,70.348,0.9375578653708359,0.1816326783496353,0.16620005385210873,-0.2457078780511032
1612467077329,2021-02-04T19:31:17.329Z,70.37,0.937613818015887,0.1812912427421838,0.16633182469978805,-0.2456573582506845
1612467077337,2021-02-04T19:31:17.337Z,70.378,0.9376589443174654,0.18101528118147842,0.16643830296901058,-0.2456164966467904
1612467077367,2021-02-04T19:31:17.367Z,70.408,0.937665610227852,0.18088812398260104,0.1664913579826555,-0.24564876900806248
1612467077382,2021-02-04T19:31:17.382Z,70.423,0.9376500499055961,0.180879779756722,0.16649937471879087,-0.24570886716894183
1612467077397,2021-02-04T19:31:17.397Z,70.438,0.9376705357881858,0.18070915581835525,0.1666201283453217,-0.24567437829025326
1612467077427,2021-02-04T19:31:17.427Z,70.468,0.9377067770579358,0.18044145176286128,0.1667783130033027,-0.24562548128624984
1612467077442,2021-02-04T19:31:17.443Z,70.483,0.9377509148214239,0.18016987137754423,0.16688305918514507,-0.24558518635371526
1612467077457,2021-02-04T19:31:17.457Z,70.498,0.9378212040333552,0.17984612609144565,0.16687532998097745,-0.24555932977402375
1612467077487,2021-02-04T19:31:17.487Z,70.528,0.9377856414894248,0.17992641587319783,0.16685067587176056,-0.2456530631773797
1612467077502,2021-02-04T19:31:17.502Z,70.543,0.9376970588518804,0.18017697280149345,0.1667673954174547,-0.2458640277029182
1612467077517,2021-02-04T19:31:17.517Z,70.558,0.9376502725011413,0.1803707381709212,0.16676546047636617,-0.24590169678617158
1612467077532,2021-02-04T19:31:17.532Z,70.573,0.9376776045847841,0.18021666959152544,0.16704184428638919,-0.24572277899877762
1612467077562,2021-02-04T19:31:17.562Z,70.603,0.9377855258984061,0.1798534466637874,0.16730868943888796,-0.24539528841615482
1612467077577,2021-02-04T19:31:17.577Z,70.618,0.9378252469435501,0.17976485999961606,0.16742713149937913,-0.24522756154738692
1612467077592,2021-02-04T19:31:17.592Z,70.633,0.93778868189833,0.17988281691437513,0.16745717455553039,-0.24526038198661654
1612467077622,2021-02-04T19:31:17.622Z,70.663,0.9376723643855092,0.18007925195661614,0.1674655302538554,-0.24555507785266703
1612467077637,2021-02-04T19:31:17.637Z,70.678,0.9375456865515832,0.18035765531554496,0.16743725524105385,-0.24585354859131509
1612467077652,2021-02-04T19:31:17.652Z,70.693,0.9374968142813408,0.18051101562789898,0.1674273792909882,-0.24593407472953635
1612467077682,2021-02-04T19:31:17.683Z,70.723,0.9375146241405377,0.18057296742881054,0.16746502152301898,-0.24579503559444618
1612467077697,2021-02-04T19:31:17.697Z,70.738,0.9375997107160492,0.180476677749866,0.16755656154271212,-0.24547861401257545
1612467077712,2021-02-04T19:31:17.712Z,70.753,0.9376590501816985,0.18025558550421747,0.16766139405972635,-0.24534279375770526
1612467077749,2021-02-04T19:31:17.749Z,70.79,0.9376539127196121,0.18016506388455011,0.16771883870434903,-0.24538965108729144
1612467077757,2021-02-04T19:31:17.757Z,70.798,0.937614314404657,0.1803407308428411,0.16760345894373901,-0.24549073052286322
1612467077772,2021-02-04T19:31:17.772Z,70.813,0.9375892430239771,0.18063292727285055,0.16731252332671154,-0.24557010503849092
1612467077802,2021-02-04T19:31:17.802Z,70.843,0.9375912213145163,0.1808477014220494,0.16707279035379355,-0.245567696018251
1612467077817,2021-02-04T19:31:17.817Z,70.858,0.9376163321289386,0.18089900867346215,0.16703799768717703,-0.24545767397800597
1612467077832,2021-02-04T19:31:17.832Z,70.873,0.9376048864992942,0.18092774192621033,0.16707314657526912,-0.24545629490311857
1612467077862,2021-02-04T19:31:17.863Z,70.903,0.9375964273953965,0.18093664434930584,0.1671069509532887,-0.24545903326236973
1612467077877,2021-02-04T19:31:17.878Z,70.918,0.9375698093595412,0.18111739325768342,0.167000049911936,-0.2455001543104738
1612467077892,2021-02-04T19:31:17.892Z,70.933,0.9375129763464286,0.1816040087826516,0.16662320815802303,-0.24561374081931844
1612467077922,2021-02-04T19:31:17.922Z,70.963,0.9374378275734176,0.18221792793089253,0.1661998363549808,-0.24573270146763276
1612467077937,2021-02-04T19:31:17.937Z,70.978,0.937367480152075,0.18277014254341117,0.16583931554967796,-0.24583450442528382
1612467077952,2021-02-04T19:31:17.952Z,70.993,0.9372925641628861,0.18322392900139328,0.1656637813483317,-0.24590069653343136
1612467077982,2021-02-04T19:31:17.982Z,71.023,0.9373248249258062,0.18354105143589303,0.16539231606172586,-0.245723903605961
1612467077997,2021-02-04T19:31:17.997Z,71.038,0.9374118460728462,0.1837752746536841,0.16529990868253955,-0.24527865675147054
1612467078012,2021-02-04T19:31:18.012Z,71.053,0.9374297777256225,0.18411047847924977,0.16523130745717107,-0.24500481338827854
1612467078042,2021-02-04T19:31:18.042Z,71.083,0.9372778226346523,0.18464179768894604,0.16516972006188607,-0.24522775804977234
1612467078064,2021-02-04T19:31:18.064Z,71.105,0.9370260484988311,0.18524217194409934,0.1649414218132839,-0.2458899134537878
1612467078072,2021-02-04T19:31:18.072Z,71.113,0.9367651632345444,0.18589480940172645,0.16466594880086335,-0.24657508814388499
1612467078102,2021-02-04T19:31:18.102Z,71.143,0.9365633007734077,0.18655873519019395,0.16447107759131105,-0.24697021400283806
1612467078117,2021-02-04T19:31:18.117Z,71.158,0.9364111953258086,0.1872670020361641,0.16438742108010515,-0.24706662868042245
1612467078132,2021-02-04T19:31:18.132Z,71.173,0.9364813353312931,0.18777816856950888,0.16416473509586238,-0.24656035313023214
1612467078147,2021-02-04T19:31:18.147Z,71.188,0.9366778470304017,0.18789547437976012,0.16406670691368822,-0.24578856212727698
1612467078177,2021-02-04T19:31:18.177Z,71.218,0.936777407717421,0.18794783441103283,0.164012664594722,-0.24540486096035455
1612467078192,2021-02-04T19:31:18.192Z,71.233,0.9366328389882334,0.18836952556690123,0.16387227667745066,-0.2457269291369828
1612467078207,2021-02-04T19:31:18.207Z,71.248,0.936321804603954,0.18926563220739642,0.16367733804624632,-0.24635285202007426
1612467078237,2021-02-04T19:31:18.237Z,71.278,0.9360886337488806,0.1901477434459005,0.16341391783841736,-0.24673426370345264
1612467078252,2021-02-04T19:31:18.252Z,71.293,0.9360552142801688,0.1903397832579701,0.1633393715594568,-0.24676233996859845
1612467078267,2021-02-04T19:31:18.267Z,71.308,0.9361228068908777,0.1899514546229844,0.1634900573775426,-0.24670536363047502
1612467078297,2021-02-04T19:31:18.298Z,71.338,0.9361936177456408,0.1895307939034509,0.16366318643442473,-0.24664539253914175
1612467078312,2021-02-04T19:31:18.312Z,71.353,0.9362204313143546,0.1893345158897184,0.16377314521232197,-0.24662137374857307
1612467078327,2021-02-04T19:31:18.327Z,71.368,0.9362403863200989,0.18925617449142557,0.16372006152750337,-0.24664099597085196
1612467078357,2021-02-04T19:31:18.357Z,71.398,0.9362365888746096,0.18928726543032964,0.1635391624506926,-0.2467515413189336
1612467078372,2021-02-04T19:31:18.372Z,71.413,0.9361859059426892,0.18949741110233026,0.16329528878978652,-0.24694398020369135
1612467078387,2021-02-04T19:31:18.387Z,71.428,0.9361936510774534,0.18955144781348848,0.16314764972663917,-0.24697072843305057
1612467078417,2021-02-04T19:31:18.417Z,71.458,0.9361776249207178,0.18954687907848813,0.1631612957262633,-0.24702596383039496
1612467078432,2021-02-04T19:31:18.432Z,71.473,0.9361300844370921,0.18950860050309176,0.16320468326778487,-0.2472067691359286
1612467078447,2021-02-04T19:31:18.447Z,71.488,0.9360809611902351,0.1895486348375718,0.16322488470999783,-0.2473487136408564
1612467078477,2021-02-04T19:31:18.477Z,71.518,0.9360315718380396,0.18977184549874504,0.16320870059646378,-0.24737514674684466
1612467078492,2021-02-04T19:31:18.492Z,71.533,0.9359911604748696,0.18996401462671844,0.1631868968107737,-0.2473949420846685
1612467078507,2021-02-04T19:31:18.508Z,71.548,0.9359610420938931,0.1901240733712694,0.16314866335364456,-0.24741115183667198
1612467078537,2021-02-04T19:31:18.537Z,71.578,0.935928799187853,0.1902952013482496,0.16310212467946225,-0.24743224551310605
1612467078552,2021-02-04T19:31:18.552Z,71.593,0.9359228470286617,0.1903072893852798,0.16312174701385648,-0.24743252750545824
1612467078567,2021-02-04T19:31:18.567Z,71.608,0.9359163389514529,0.1903140657712403,0.16314762982288486,-0.24743486766521916
1612467078597,2021-02-04T19:31:18.597Z,71.638,0.9359145495108441,0.19030798172438446,0.16316020054511504,-0.24743802671372664
1612467078612,2021-02-04T19:31:18.612Z,71.653,0.9358651174024704,0.1903337438591255,0.163178645031301,-0.24759296796067887
1612467078627,2021-02-04T19:31:18.627Z,71.668,0.9357981428408949,0.19042903712338338,0.16317744915005877,-0.2477735614723111
1612467078657,2021-02-04T19:31:18.657Z,71.698,0.9357227393890397,0.19058873411581426,0.163198904770218,-0.2479213724151348
1612467078672,2021-02-04T19:31:18.672Z,71.713,0.9356712025586164,0.19075043163695432,0.16331202406120246,-0.24791703517479707
1612467078687,2021-02-04T19:31:18.687Z,71.728,0.9356348390903962,0.1908348243966025,0.16346249697860177,-0.24789015664065234
1612467078717,2021-02-04T19:31:18.717Z,71.758,0.9356336838612195,0.19084296642481274,0.16346228792498926,-0.24788838661137225
1612467078732,2021-02-04T19:31:18.732Z,71.773,0.9356079962858347,0.19094006617336803,0.16347574255512504,-0.2479016942494871
1612467078747,2021-02-04T19:31:18.747Z,71.788,0.9355895226987855,0.19121862663659658,0.16341294431296485,-0.24779808609922827
1612467078762,2021-02-04T19:31:18.762Z,71.803,0.9355599605531938,0.1914449469636165,0.16336360297670743,-0.24776748316571545
1612467078792,2021-02-04T19:31:18.792Z,71.833,0.935523701652057,0.19161237038785287,0.16334517340166424,-0.24778712131174485
1612467078807,2021-02-04T19:31:18.807Z,71.848,0.9354791530381804,0.19180619203108076,0.16336257985564007,-0.24779387892442906
1612467078822,2021-02-04T19:31:18.822Z,71.863,0.9354696373708236,0.1919015637061281,0.1632722939600111,-0.24781546648560543
1612467078852,2021-02-04T19:31:18.852Z,71.893,0.9354645192707803,0.19190480254713255,0.16329391783887695,-0.24781803070330505
1612467078867,2021-02-04T19:31:18.867Z,71.908,0.9354291076433147,0.19179419691427585,0.16337446408897494,-0.24798418313932843
1612467078882,2021-02-04T19:31:18.882Z,71.923,0.935331450221045,0.19180311419727036,0.16343261285402289,-0.24830711763325067
1612467078912,2021-02-04T19:31:18.912Z,71.953,0.9352307187817158,0.19199330947812512,0.16326805824273016,-0.24864756769435864
1612467078927,2021-02-04T19:31:18.927Z,71.968,0.935178559484033,0.19204798497723544,0.16322148032742742,-0.24883203513067947
1612467078942,2021-02-04T19:31:18.942Z,71.983,0.9351583958126539,0.19197657857496944,0.16326995263585445,-0.24893109606081476
1612467078972,2021-02-04T19:31:18.972Z,72.013,0.9351417466093909,0.19193220014237827,0.16333756421805437,-0.24898350228912114
1612467078987,2021-02-04T19:31:18.987Z,72.028,0.9351010750393346,0.19209925242412412,0.1633643741329129,-0.24898983501849034
1612467079002,2021-02-04T19:31:19.002Z,72.043,0.9351381072763837,0.1923609879380086,0.1633104233606384,-0.24868388822122084
1612467079032,2021-02-04T19:31:19.032Z,72.073,0.935242480125869,0.19249934926025034,0.16353331375424143,-0.24803701174411585
1612467079047,2021-02-04T19:31:19.047Z,72.088,0.9353699413978648,0.1920610976041963,0.16415178945437336,-0.24748696437459805
1612467079062,2021-02-04T19:31:19.062Z,72.103,0.9354286850579099,0.19157439113775146,0.16465636137093467,-0.24730691557478446
1612467079092,2021-02-04T19:31:19.092Z,72.133,0.935426886037388,0.19142618078443782,0.16478078491757311,-0.24734561065567262
1612467079107,2021-02-04T19:31:19.107Z,72.148,0.9353744797281204,0.19156605570582336,0.16463476078798928,-0.2475326736310643
1612467079122,2021-02-04T19:31:19.122Z,72.163,0.9353365204929328,0.1917614324103022,0.16458464919233898,-0.24755815422311844
1612467079159,2021-02-04T19:31:19.159Z,72.2,0.9352584552909962,0.1919063098923876,0.16481002648257914,-0.24759088270975949
1612467079167,2021-02-04T19:31:19.167Z,72.208,0.9351097826256636,0.19214045883605402,0.16510189697456554,-0.24777631471037515
1612467079182,2021-02-04T19:31:19.182Z,72.223,0.9350200218045128,0.19231175473043616,0.1653214732717025,-0.2478357486168262
1612467079212,2021-02-04T19:31:19.212Z,72.253,0.9350457321572667,0.19214902043809937,0.16560392025327356,-0.2476763499325423
1612467079227,2021-02-04T19:31:19.227Z,72.268,0.935168605119399,0.19182086478889449,0.16583386255163715,-0.24731268843689114
1612467079242,2021-02-04T19:31:19.242Z,72.283,0.9352904421023698,0.19160260255797437,0.1658668183154786,-0.2469988465294213
1612467079272,2021-02-04T19:31:19.272Z,72.313,0.9352888460805153,0.19172318990898543,0.16577868867626017,-0.24697048250606912
1612467079287,2021-02-04T19:31:19.287Z,72.328,0.9352114825905425,0.19201641415159398,0.16564146162896815,-0.2471276708840633
1612467079302,2021-02-04T19:31:19.302Z,72.343,0.9350935487144594,0.1922046233624747,0.1656356812153934,-0.24743132182284577
1612467079317,2021-02-04T19:31:19.318Z,72.358,0.935041844981,0.19211168070200885,0.16570047968246732,-0.24765540839112915
1612467079347,2021-02-04T19:31:19.347Z,72.388,0.9350378393080047,0.1919128370421475,0.16579848537798159,-0.24775908517553766
1612467079362,2021-02-04T19:31:19.362Z,72.403,0.935049867380252,0.19183331926088568,0.16582171170845367,-0.24775972848629554
1612467079377,2021-02-04T19:31:19.377Z,72.418,0.935050145241798,0.19189641948643824,0.16570208842510484,-0.24778984636811915
1612467079407,2021-02-04T19:31:19.407Z,72.448,0.9350185802093444,0.19209773266788524,0.16560805404669163,-0.2478158352527692
1612467079422,2021-02-04T19:31:19.422Z,72.463,0.9350278222885452,0.1921861608708364,0.1656689467333188,-0.24767166007507319
1612467079437,2021-02-04T19:31:19.437Z,72.478,0.9350656626865713,0.1921044727389667,0.1658750923676198,-0.24745410028981207
1612467079467,2021-02-04T19:31:19.467Z,72.508,0.9351244937525757,0.19196168114008125,0.16591947187101114,-0.24731280397890382
1612467079482,2021-02-04T19:31:19.482Z,72.523,0.9351376568172471,0.1919006959587312,0.16588008834908774,-0.2473367784665317
1612467079497,2021-02-04T19:31:19.497Z,72.538,0.9351447559341569,0.1920273694431904,0.1655479208275498,-0.24743415435879035
1612467079527,2021-02-04T19:31:19.530Z,72.568,0.935122486269588,0.19226942546408898,0.16526357907782205,-0.2475204095323889
1612467079542,2021-02-04T19:31:19.542Z,72.583,0.9350905919432682,0.19241554456101043,0.16526856551650113,-0.24752402776820662
1612467079557,2021-02-04T19:31:19.557Z,72.598,0.9351155888352747,0.192251818583597,0.1653750842637289,-0.24748566680380113
1612467079587,2021-02-04T19:31:19.587Z,72.628,0.9351455023070081,0.1920546174609561,0.1654886411099307,-0.2474498395442752
1612467079602,2021-02-04T19:31:19.602Z,72.643,0.9351834203943733,0.19189659261383415,0.165456713026645,-0.24745048813267628
1612467079617,2021-02-04T19:31:19.617Z,72.658,0.9351989073472315,0.1918967271578575,0.16532052457013582,-0.2474828760914619
1612467079647,2021-02-04T19:31:19.647Z,72.688,0.935186759135686,0.19204220328218904,0.16515083241242295,-0.24752923110068958
1612467079662,2021-02-04T19:31:19.662Z,72.703,0.9351765685868917,0.19230860566671237,0.16489088164361815,-0.24753420552190739
1612467079677,2021-02-04T19:31:19.677Z,72.718,0.935217992899052,0.1925084996564247,0.16463494511072396,-0.24739263967687053
1612467079707,2021-02-04T19:31:19.707Z,72.748,0.9352427488885291,0.19261402273224737,0.16442330044933587,-0.247357670525247
1612467079722,2021-02-04T19:31:19.722Z,72.763,0.9351654958208085,0.19284189065549634,0.1644062774723554,-0.2474834874538455
1612467079737,2021-02-04T19:31:19.737Z,72.778,0.9350128588195974,0.19327699803814002,0.164383510358186,-0.247735781415782
1612467079767,2021-02-04T19:31:19.767Z,72.808,0.9349410969323577,0.19367456046924372,0.1642436530184979,-0.2477888866295346
1612467079782,2021-02-04T19:31:19.782Z,72.823,0.9349641958172596,0.19401915531383276,0.16406545697746414,-0.2475500873315698
1612467079797,2021-02-04T19:31:19.797Z,72.838,0.935017662271109,0.19433966019033916,0.16383035415144107,-0.24725226546340714
1612467079827,2021-02-04T19:31:19.827Z,72.868,0.9349706271657887,0.1946685402778963,0.16382388436145162,-0.24717568787405197
1612467079842,2021-02-04T19:31:19.842Z,72.883,0.9348628178498581,0.19506130257452647,0.1639570969035974,-0.24718549798622177
1612467079857,2021-02-04T19:31:19.857Z,72.898,0.9347545042995525,0.19532194839180891,0.1642263389867981,-0.2472105635912808
1612467079887,2021-02-04T19:31:19.888Z,72.928,0.9346781855475756,0.19546242064321012,0.16442043254650054,-0.24725908059970278
1612467079909,2021-02-04T19:31:19.909Z,72.95,0.9345853383153742,0.19600838011656746,0.16432577368226317,-0.2472407742136046
1612467079917,2021-02-04T19:31:19.917Z,72.958,0.9345492708621086,0.19646227805129798,0.16429337433775917,-0.24703829821043646
1612467079932,2021-02-04T19:31:19.932Z,72.973,0.9345036815495523,0.19689454097434214,0.1641929851214938,-0.2469333362301027
1612467079962,2021-02-04T19:31:19.962Z,73.003,0.9344659388271267,0.19723700082428802,0.16410303644360735,-0.24686265028911225
1612467079977,2021-02-04T19:31:19.977Z,73.018,0.9344351184244476,0.19747063678957397,0.1640559306717059,-0.24682384137771068
1612467079992,2021-02-04T19:31:19.992Z,73.033,0.9344331504359177,0.19746818543452924,0.16406680421399245,-0.24682602549692273
1612467080022,2021-02-04T19:31:20.022Z,73.063,0.9344672287696497,0.19731833863627193,0.1640683316346383,-0.2468158304242636
1612467080037,2021-02-04T19:31:20.037Z,73.078,0.9344997956809405,0.19725290015664668,0.1640450351960995,-0.24676031220514896
1612467080052,2021-02-04T19:31:20.052Z,73.093,0.9345350199081073,0.1972848363036473,0.1640384987509914,-0.2466056788833497
1612467080082,2021-02-04T19:31:20.082Z,73.123,0.9346206107360019,0.19721797653098125,0.16389852601472094,-0.24642779244778784
1612467080097,2021-02-04T19:31:20.097Z,73.138,0.9347368410881775,0.19699538197600433,0.16371131887731083,-0.246289385609845
1612467080112,2021-02-04T19:31:20.112Z,73.153,0.9348451122674564,0.196755624950779,0.16354855056041998,-0.24617821132151543
1612467080142,2021-02-04T19:31:20.142Z,73.183,0.9348838585095809,0.1966697322346663,0.16337508216964677,-0.24621488591684212
1612467080157,2021-02-04T19:31:20.157Z,73.198,0.9348788119609692,0.19659288175669626,0.1633776519720494,-0.24629370399006192
1612467080172,2021-02-04T19:31:20.172Z,73.213,0.9348283048434219,0.19657113963316203,0.16341330707693025,-0.24647904291658318
1612467080202,2021-02-04T19:31:20.202Z,73.243,0.9348200119651352,0.19651438260144113,0.16344168932506456,-0.2465369279658685
1612467080217,2021-02-04T19:31:20.217Z,73.258,0.9348740064842984,0.19630457942430482,0.1633965424895684,-0.24652925586935404
1612467080232,2021-02-04T19:31:20.232Z,73.273,0.9349590575941683,0.19602371160915996,0.16349404414924734,-0.24636550618403893
1612467080262,2021-02-04T19:31:20.262Z,73.303,0.9350461545709571,0.19573872505734938,0.16359263935252324,-0.24619603710186796
1612467080284,2021-02-04T19:31:20.284Z,73.325,0.9351241467954304,0.19552070120248513,0.16366417442851794,-0.24602545293127365
1612467080292,2021-02-04T19:31:20.292Z,73.333,0.9351890987524741,0.19539732859234185,0.16369760092185354,-0.2458542840910874
1612467080322,2021-02-04T19:31:20.322Z,73.363,0.9352458119961585,0.19514586627704184,0.16384366552815338,-0.2457409515830192
1612467080337,2021-02-04T19:31:20.337Z,73.378,0.9352535470161839,0.1948818717882158,0.16411760324205202,-0.24573821670235269
1612467080352,2021-02-04T19:31:20.352Z,73.393,0.9352673285210179,0.19465455800721057,0.16427769212545534,-0.245758961419741
1612467080382,2021-02-04T19:31:20.382Z,73.423,0.935339926035445,0.1943984719623325,0.16416736350954014,-0.2457590967208436
1612467080397,2021-02-04T19:31:20.397Z,73.438,0.935380176767892,0.19417297180973794,0.164254722391129,-0.2457257986057933
1612467080412,2021-02-04T19:31:20.412Z,73.453,0.9354305577417865,0.19389023182397228,0.16436425585154843,-0.24568402684037757
1612467080442,2021-02-04T19:31:20.442Z,73.483,0.9354417722586114,0.1938706396505509,0.1643115752838213,-0.24569202677926638
1612467080457,2021-02-04T19:31:20.457Z,73.498,0.9354723435846888,0.19381721468462382,0.16416786163013983,-0.2457138475704042
1612467080472,2021-02-04T19:31:20.472Z,73.513,0.9355351559569377,0.1936312905786454,0.16422999552968506,-0.24557973011996817
1612467080502,2021-02-04T19:31:20.502Z,73.543,0.9355888253150024,0.19332902484849396,0.16434699728228816,-0.24553513512554517
1612467080517,2021-02-04T19:31:20.518Z,73.558,0.9356514813106999,0.193055704463468,0.16444810150422842,-0.24544372553981117
1612467080532,2021-02-04T19:31:20.532Z,73.573,0.935730515952087,0.19289807021938207,0.16449227324527163,-0.24523667764892407
1612467080547,2021-02-04T19:31:20.548Z,73.588,0.9357772273366866,0.1927394942980938,0.16454743857541784,-0.2451460964283284
1612467080577,2021-02-04T19:31:20.577Z,73.618,0.9357594946342989,0.19260912061208316,0.16474337673779083,-0.24518465425028482
1612467080592,2021-02-04T19:31:20.592Z,73.633,0.9356780303549072,0.19257246919304788,0.16503835597019975,-0.24532592337278192
1612467080607,2021-02-04T19:31:20.607Z,73.648,0.9356594867158171,0.1924682941188192,0.16536373223903444,-0.24525928471244957
1612467080637,2021-02-04T19:31:20.637Z,73.678,0.935749668376312,0.19228894359982304,0.16541396115847273,-0.24502192097187864
1612467080652,2021-02-04T19:31:20.652Z,73.693,0.935856920306642,0.19247351511757538,0.16477117089914145,-0.2449004531089674
1612467080667,2021-02-04T19:31:20.667Z,73.708,0.9360718459475009,0.19245653431099377,0.1638696551219635,-0.24469719605187193
1612467080697,2021-02-04T19:31:20.697Z,73.738,0.9362818448049643,0.1919739277947642,0.1639322260707219,-0.24423051281762698
1612467080712,2021-02-04T19:31:20.712Z,73.753,0.9363902196935575,0.191489448392438,0.16426347096520807,-0.2439726618354461
1612467080727,2021-02-04T19:31:20.727Z,73.768,0.936416885089151,0.1913701580232208,0.1643367181088997,-0.24391458139950362
1612467080757,2021-02-04T19:31:20.757Z,73.798,0.9363471021277471,0.19142626188051576,0.16460310050424273,-0.24395882829652374
1612467080772,2021-02-04T19:31:20.772Z,73.813,0.9362428704973893,0.1915020826507625,0.16489143249712543,-0.24410459903958237
1612467080787,2021-02-04T19:31:20.787Z,73.828,0.9361330803854663,0.1916841050207742,0.16504616293152913,-0.24427816888126141
1612467080817,2021-02-04T19:31:20.817Z,73.858,0.9361347593401711,0.19165004323794596,0.16519796590903588,-0.24419583399708195
1612467080832,2021-02-04T19:31:20.832Z,73.873,0.9362668493245355,0.19115674803252802,0.16554691972082158,-0.24383950030395826
1612467080847,2021-02-04T19:31:20.847Z,73.888,0.9364541294396467,0.19046072540856737,0.1659402609412581,-0.24339721718011234
1612467080877,2021-02-04T19:31:20.877Z,73.918,0.9365738049991695,0.18999877164237985,0.1661679712561569,-0.24314230379014068
1612467080892,2021-02-04T19:31:20.892Z,73.933,0.9365582360826511,0.1899864354399835,0.1662534373819612,-0.24315348924752123
1612467080907,2021-02-04T19:31:20.907Z,73.948,0.9364613228927003,0.19032789264458555,0.16607662976779136,-0.243380436873009
1612467080937,2021-02-04T19:31:20.937Z,73.978,0.9363724577863681,0.19057356788711974,0.16595621232061283,-0.24361213252645175
1612467080952,2021-02-04T19:31:20.952Z,73.993,0.9363104912230373,0.19058168626252198,0.16603848075682157,-0.24378783356635095
1612467080967,2021-02-04T19:31:20.967Z,74.008,0.9362756911352662,0.19051554667417114,0.16627667656965117,-0.2438108354720377
1612467080997,2021-02-04T19:31:20.997Z,74.038,0.9362775977498641,0.19047320025828562,0.16632845607217395,-0.24380128103797524
1612467081012,2021-02-04T19:31:21.012Z,74.053,0.9363035370566007,0.1904345391252488,0.16630472549607694,-0.24374804836373012
1612467081027,2021-02-04T19:31:21.027Z,74.068,0.9363753946706334,0.19045973204533234,0.16605127174508533,-0.24362509287114859
1612467081057,2021-02-04T19:31:21.057Z,74.098,0.9364153205322312,0.19063791528441415,0.16571990654642915,-0.24355788901773293
1612467081079,2021-02-04T19:31:21.079Z,74.12,0.9363991070581412,0.19084795822729184,0.16546608273519695,-0.2436282918822415
1612467081087,2021-02-04T19:31:21.087Z,74.128,0.9363740295525892,0.1910020561170274,0.16537349835888634,-0.243666775287601
1612467081117,2021-02-04T19:31:21.117Z,74.158,0.9363660956379527,0.1910027505393875,0.16540994151834862,-0.24367198335676893
1612467081132,2021-02-04T19:31:21.132Z,74.173,0.9363541278429862,0.19096734880919106,0.16554414803254794,-0.24365457929693646
1612467081147,2021-02-04T19:31:21.147Z,74.188,0.9363552594755702,0.19082169237763713,0.16577902019300889,-0.24360465150406674
1612467081162,2021-02-04T19:31:21.162Z,74.203,0.9363552536223784,0.1908328414083674,0.16575751394500024,-0.24361057494401414
1612467081192,2021-02-04T19:31:21.192Z,74.233,0.9363542463389939,0.19083882472427213,0.16574555824177303,-0.24361789397315697
1612467081207,2021-02-04T19:31:21.207Z,74.248,0.9363386964681003,0.19081584913601818,0.16573497786426786,-0.2437028402117003
1612467081222,2021-02-04T19:31:21.222Z,74.263,0.9362938596489738,0.19093128703706636,0.16559727549359243,-0.2438782367557557
1612467081252,2021-02-04T19:31:21.252Z,74.293,0.9362709516612052,0.1910936435794651,0.16547663460122047,-0.24392090492616575
1612467081267,2021-02-04T19:31:21.267Z,74.308,0.9362386571133559,0.19124856534079654,0.16544908975408393,-0.24394212813946703
1612467081282,2021-02-04T19:31:21.282Z,74.323,0.9361909744668108,0.191491558611678,0.16538812396279468,-0.24397584052405888
1612467081312,2021-02-04T19:31:21.312Z,74.353,0.9361448243650388,0.1917887520445561,0.16522322810617912,-0.24403120148439178
1612467081327,2021-02-04T19:31:21.327Z,74.368,0.9361372540156216,0.19193017888475464,0.16503197931795155,-0.24407845845087747
1612467081342,2021-02-04T19:31:21.342Z,74.383,0.936136460408917,0.19202648521154966,0.1648661139802992,-0.2441178423044856
1612467081372,2021-02-04T19:31:21.372Z,74.413,0.9361184685551119,0.19216215762867866,0.16476283394251373,-0.24414980351569873
1612467081387,2021-02-04T19:31:21.387Z,74.428,0.9361069957513707,0.19233455835622934,0.16454521728708754,-0.2442047944558066
1612467081402,2021-02-04T19:31:21.403Z,74.443,0.9360998643264955,0.192478033387268,0.1643454977703238,-0.24425357322649519
1612467081432,2021-02-04T19:31:21.432Z,74.473,0.9360809407582992,0.1926060686838446,0.16425965910637863,-0.24428290780459483
1612467081447,2021-02-04T19:31:21.447Z,74.488,0.9360457493432864,0.19270083346883043,0.16424825434922624,-0.24435068008912036
1612467081462,2021-02-04T19:31:21.462Z,74.503,0.9360060395858792,0.19281366529102154,0.16422392307111314,-0.24443012790352273
1612467081492,2021-02-04T19:31:21.492Z,74.533,0.9359918472566001,0.19287875869837343,0.16421721833099973,-0.24443762295477572
1612467081507,2021-02-04T19:31:21.507Z,74.548,0.9360003245644521,0.19287033182363442,0.1641655610788255,-0.24444650963586256
1612467081522,2021-02-04T19:31:21.522Z,74.563,0.9360117229884427,0.1929056026584915,0.16400593202538669,-0.24448218166495359
1612467081552,2021-02-04T19:31:21.552Z,74.593,0.9359771717334112,0.19319549292156538,0.1637518971672214,-0.24455582528914194
1612467081567,2021-02-04T19:31:21.567Z,74.608,0.9359275540903234,0.19356052950061314,0.1634816806034077,-0.2446378446214578
1612467081582,2021-02-04T19:31:21.583Z,74.623,0.935866586369696,0.19381711371543894,0.1633924508348376,-0.24472753412302126
1612467081612,2021-02-04T19:31:21.612Z,74.653,0.9358426862139467,0.19398069575224514,0.16328643065118445,-0.24476008232662333
1612467081627,2021-02-04T19:31:21.627Z,74.668,0.9358392694429479,0.19422323075236425,0.16304655132598272,-0.2447407209789718
1612467081642,2021-02-04T19:31:21.642Z,74.683,0.9358675328540655,0.19445306357608555,0.1627805868581667,-0.24462716030242923
1612467081672,2021-02-04T19:31:21.672Z,74.713,0.935875829095288,0.19460417745501432,0.16254202030177237,-0.24463388618194878
1612467081687,2021-02-04T19:31:21.687Z,74.728,0.9358832517405957,0.19457951501636245,0.16251180506567525,-0.2446451811537317
1612467081702,2021-02-04T19:31:21.702Z,74.743,0.9358690694194696,0.19463124580491578,0.16251191506426577,-0.24465821163923246
1612467081732,2021-02-04T19:31:21.732Z,74.773,0.9358239173248027,0.19490093716475504,0.16238058206448916,-0.24470342666901587
1612467081747,2021-02-04T19:31:21.747Z,74.788,0.9357330162494772,0.19578367314711365,0.1618505823322668,-0.244697496162887
1612467081762,2021-02-04T19:31:21.762Z,74.803,0.9357321321499449,0.1969011739505725,0.1608181369859175,-0.2444848285178104
1612467081777,2021-02-04T19:31:21.777Z,74.818,0.9358639207782464,0.19750877965053215,0.1595744828316375,-0.24430511287228773
1612467081807,2021-02-04T19:31:21.807Z,74.848,0.9359758063436912,0.1976326581614411,0.1586924980029832,-0.24435079996777875
1612467081822,2021-02-04T19:31:21.822Z,74.863,0.9360203145243209,0.1977332863419133,0.15800191425852395,-0.244546341949456
1612467081837,2021-02-04T19:31:21.837Z,74.878,0.936078219866786,0.197914426342675,0.1573224569357484,-0.24461621099219596
1612467081867,2021-02-04T19:31:21.867Z,74.908,0.9362687230270821,0.19779710216936505,0.15684012620731197,-0.24429154603856693
1612467081882,2021-02-04T19:31:21.882Z,74.923,0.9364832378217479,0.19756077601759148,0.15675423028016205,-0.24371498999342742
1612467081904,2021-02-04T19:31:21.904Z,74.945,0.9365964367765514,0.19736172725718112,0.1568196403407534,-0.243398980348986
1612467081927,2021-02-04T19:31:21.927Z,74.968,0.9365853682294556,0.19736186656996788,0.15687269698459153,-0.24340726896149517
1612467081942,2021-02-04T19:31:21.942Z,74.983,0.9365696742904247,0.1974007188023708,0.1568943369348334,-0.24342220205563397
1612467081957,2021-02-04T19:31:21.957Z,74.998,0.9365683355517497,0.19737747569554456,0.1569182397597287,-0.2434307929588783
1612467081987,2021-02-04T19:31:21.987Z,75.028,0.9365343913134162,0.19742233743256074,0.15709965257393854,-0.24340799849434094
1612467082002,2021-02-04T19:31:22.002Z,75.043,0.9365281373321445,0.19746427736100094,0.15718429108237109,-0.24334339068159203
1612467082017,2021-02-04T19:31:22.017Z,75.058,0.9366067024041148,0.19742600791015336,0.15695131630122358,-0.24322240999476874
1612467082047,2021-02-04T19:31:22.047Z,75.088,0.9367113108568744,0.19736505846114086,0.1566821638245912,-0.24304249289099736
1612467082062,2021-02-04T19:31:22.062Z,75.103,0.9367195760957571,0.19723948300709057,0.15666169803659305,-0.24312575854971036
1612467082077,2021-02-04T19:31:22.077Z,75.118,0.9366375366586944,0.19714023098984335,0.15674238719092878,-0.24347007681621366
1612467082107,2021-02-04T19:31:22.107Z,75.148,0.9365222541852829,0.19729156584151233,0.15669922128472777,-0.24381849706755343
1612467082122,2021-02-04T19:31:22.122Z,75.163,0.9365439383069546,0.19762811232659067,0.15587324474950798,-0.2439920334969724
1612467082137,2021-02-04T19:31:22.137Z,75.178,0.9365721947122291,0.19771647516940405,0.1551896806060845,-0.2442475845773847
1612467082167,2021-02-04T19:31:22.167Z,75.208,0.9366985723402937,0.19738973403988172,0.15475161556903583,-0.2443051676696456
1612467082182,2021-02-04T19:31:22.182Z,75.223,0.9367218712435501,0.19713488766597786,0.15473755400380673,-0.24443048373683496
1612467082197,2021-02-04T19:31:22.197Z,75.238,0.9366664072220958,0.1969638514245501,0.15509944508098825,-0.24455151798594124
1612467082227,2021-02-04T19:31:22.227Z,75.268,0.9365825950497397,0.19710313710229138,0.15536363791483399,-0.24459259189149332
1612467082242,2021-02-04T19:31:22.242Z,75.283,0.9365330738389537,0.19746827609869222,0.15519642338699327,-0.24459385051193896
1612467082257,2021-02-04T19:31:22.257Z,75.298,0.9366086490289641,0.1977136181067756,0.1545992915969995,-0.24448440199115573
1612467082287,2021-02-04T19:31:22.287Z,75.328,0.9366577519570715,0.19797880151461794,0.15386635806363738,-0.24454405268947546
1612467082302,2021-02-04T19:31:22.302Z,75.343,0.9368487749487258,0.197642063891333,0.1534095636574689,-0.24437162936042967
1612467082317,2021-02-04T19:31:22.317Z,75.358,0.9369455403124809,0.19719880756931363,0.15359704830612622,-0.24424092927566357
1612467082347,2021-02-04T19:31:22.347Z,75.388,0.9368528830757242,0.19718892018053896,0.1542918198283611,-0.2441664177662214
1612467082362,2021-02-04T19:31:22.362Z,75.403,0.9366819589477722,0.1977350401596288,0.15468470621146185,-0.2441319383839557
1612467082377,2021-02-04T19:31:22.377Z,75.418,0.9365372187414119,0.19848472246293175,0.15445523409836573,-0.24422414606367795
1612467082392,2021-02-04T19:31:22.392Z,75.433,0.936556589962543,0.1994364259556997,0.1535281189045795,-0.24395897709527134
1612467082422,2021-02-04T19:31:22.422Z,75.463,0.9365675081044363,0.1999868337155408,0.15271229824614924,-0.24397852993216054
1612467082437,2021-02-04T19:31:22.437Z,75.478,0.9366135497975846,0.199959638364237,0.15281240747006564,-0.24376129611571576
1612467082452,2021-02-04T19:31:22.452Z,75.493,0.9364309404208123,0.20023756511236385,0.15383456740488924,-0.24359174290565683
1612467082482,2021-02-04T19:31:22.482Z,75.523,0.9362199967693795,0.2008296156913484,0.15499662994188482,-0.24317818121095194
1612467082497,2021-02-04T19:31:22.497Z,75.538,0.9361564274709001,0.2014514786262998,0.1555393430119424,-0.24256124554349626
1612467082512,2021-02-04T19:31:22.512Z,75.553,0.9361032481062764,0.2020080827569719,0.15571720494918456,-0.24218917289702532
1612467082542,2021-02-04T19:31:22.542Z,75.583,0.9359587613691001,0.2026625347556494,0.1556358536118628,-0.24225312194756574
1612467082557,2021-02-04T19:31:22.557Z,75.598,0.9358398489890635,0.20304752984912888,0.15569886541443634,-0.24234962548960357
1612467082572,2021-02-04T19:31:22.572Z,75.613,0.935730303810367,0.20303442007023673,0.15625762926515438,-0.24242395940610806
1612467082602,2021-02-04T19:31:22.602Z,75.643,0.9356784744710619,0.20279166514774727,0.15721334519778205,-0.24220920100159984
1612467082617,2021-02-04T19:31:22.617Z,75.658,0.9357013724586913,0.2023255570547691,0.1580578224624089,-0.24196081356252852
1612467082632,2021-02-04T19:31:22.632Z,75.673,0.9357986966816161,0.20186826277993933,0.1584438038497696,-0.24171380761721892
1612467082669,2021-02-04T19:31:22.669Z,75.71,0.9358029870253501,0.2017451377809598,0.15852424069956333,-0.24174725224250362
1612467082677,2021-02-04T19:31:22.677Z,75.718,0.935682443643016,0.20179001904195423,0.15888454140285638,-0.241939776342142
1612467082692,2021-02-04T19:31:22.692Z,75.733,0.9354732686649669,0.20180553530683737,0.15952524137451685,-0.24231381903887658
1612467082722,2021-02-04T19:31:22.722Z,75.763,0.9353027860711234,0.20164141107811193,0.16019010925877306,-0.24266966971932144
1612467082738,2021-02-04T19:31:22.738Z,75.779,0.9351535390480046,0.20143131345519685,0.1608275349256621,-0.24299750693256414
1612467082752,2021-02-04T19:31:22.752Z,75.793,0.9350592368861093,0.20107925672700458,0.16133342212894958,-0.24331642552907268
1612467082782,2021-02-04T19:31:22.782Z,75.823,0.9350200806218045,0.20070060134011872,0.16154191601542386,-0.24364097936466797
1612467082797,2021-02-04T19:31:22.797Z,75.838,0.9349557409758914,0.20068619959164946,0.16156912898679124,-0.24388158657047454
1612467082812,2021-02-04T19:31:22.812Z,75.853,0.9349734376383326,0.20070337558771312,0.16137970874315205,-0.2439250203329529
1612467082842,2021-02-04T19:31:22.842Z,75.883,0.9349998775219359,0.20062383589711022,0.1611674347004197,-0.24402943161836047
1612467082857,2021-02-04T19:31:22.857Z,75.898,0.9349404437155361,0.20063755682094192,0.16128267308018687,-0.24416968866349775
1612467082872,2021-02-04T19:31:22.872Z,75.913,0.9348465951750003,0.20076683812471555,0.16166316387366,-0.24417113188391296
1612467082902,2021-02-04T19:31:22.902Z,75.943,0.9348379534420308,0.20081684546911577,0.16182200523854587,-0.24405784970109964
1612467082917,2021-02-04T19:31:22.917Z,75.958,0.9349267900729884,0.20058701992274344,0.16183303148988115,-0.24389918934085517
1612467082932,2021-02-04T19:31:22.932Z,75.973,0.9349739756076467,0.20030871915515133,0.16194969047553093,-0.24386959573045194
1612467082962,2021-02-04T19:31:22.962Z,76.003,0.9348543916743178,0.20010975686786858,0.16258485844032036,-0.24406866939340024
1612467082977,2021-02-04T19:31:22.977Z,76.018,0.9346460837683458,0.19996565892887955,0.16342009983374944,-0.24442648039024067
1612467082992,2021-02-04T19:31:22.992Z,76.033,0.934317965991026,0.20036011643889598,0.163836326176621,-0.24507839642027143
1612467083007,2021-02-04T19:31:23.007Z,76.048,0.9341114133908406,0.2006364917984976,0.16385763201342163,-0.24562479916065436
1612467083037,2021-02-04T19:31:23.037Z,76.078,0.934039483049296,0.20051381206560162,0.1638656137193782,-0.2459929184271286
1612467083059,2021-02-04T19:31:23.059Z,76.1,0.9340532432478053,0.20023635121013994,0.1638833619872375,-0.24615480108270493
1612467083067,2021-02-04T19:31:23.067Z,76.108,0.9341156609652901,0.19989344950767812,0.16403479025586296,-0.2460957707255761
1612467083097,2021-02-04T19:31:23.097Z,76.138,0.9342100020998062,0.19948316822197745,0.16419468382139377,-0.24596390665623036
1612467083112,2021-02-04T19:31:23.112Z,76.153,0.9343359162640141,0.19884755182627975,0.16444804566423613,-0.24583101307400843
1612467083127,2021-02-04T19:31:23.127Z,76.168,0.9344473820035613,0.19813158025866948,0.1648205053278341,-0.24573597252817955
1612467083157,2021-02-04T19:31:23.157Z,76.198,0.9344341343774187,0.19791010459235786,0.16505327690084673,-0.24580857347712415
1612467083172,2021-02-04T19:31:23.172Z,76.213,0.9343444240444588,0.1977705656790448,0.16523032544534813,-0.2461427231531405
1612467083187,2021-02-04T19:31:23.187Z,76.228,0.9342332128082403,0.19761123327808516,0.16524026165499436,-0.24668554983317525
1612467083217,2021-02-04T19:31:23.218Z,76.258,0.9341833315158578,0.1971300311819741,0.16547364587545202,-0.24710266377522672
1612467083232,2021-02-04T19:31:23.232Z,76.273,0.9342938486344954,0.1961825382521004,0.1659419379055105,-0.24712484564055776
1612467083247,2021-02-04T19:31:23.247Z,76.288,0.9345244584264939,0.1949978237444107,0.16642766962714672,-0.24686376024052123
1612467083277,2021-02-04T19:31:23.277Z,76.318,0.9347713384885147,0.1939536681581033,0.16681188971534014,-0.24649201365968088
1612467083292,2021-02-04T19:31:23.292Z,76.333,0.934958074302606,0.1932408893266121,0.16693381312405678,-0.24626095919671337
1612467083307,2021-02-04T19:31:23.307Z,76.348,0.9350687766563567,0.19264755962125715,0.1671862848657743,-0.24613420495156468
1612467083337,2021-02-04T19:31:23.337Z,76.378,0.9351041446798075,0.19212511963531279,0.16761830950686102,-0.24611436229083564
1612467083352,2021-02-04T19:31:23.352Z,76.393,0.9351195187605342,0.19162604570563765,0.1678671852496867,-0.24627535880927073
1612467083367,2021-02-04T19:31:23.367Z,76.408,0.9351415662621748,0.1912192960000135,0.1680425435445951,-0.24638818040857538
1612467083397,2021-02-04T19:31:23.397Z,76.438,0.9352247824369642,0.19083220092589265,0.16819117286071944,-0.24627100271296384
1612467083412,2021-02-04T19:31:23.412Z,76.453,0.9353153839612107,0.19053687659044283,0.16833320278080185,-0.24605845652244648
1612467083427,2021-02-04T19:31:23.427Z,76.468,0.9354177774125528,0.19013780581517267,0.16853827077291858,-0.24583744178872705
1612467083457,2021-02-04T19:31:23.457Z,76.498,0.9355283834628021,0.18944394007198073,0.16885836107163565,-0.2457325603205269
1612467083472,2021-02-04T19:31:23.472Z,76.513,0.9357064788941963,0.1883754417219681,0.16910631761237913,-0.24570537571461346
1612467083487,2021-02-04T19:31:23.487Z,76.528,0.9358049346040341,0.18745146420293174,0.16924467305641824,-0.24594168735889857
1612467083517,2021-02-04T19:31:23.517Z,76.558,0.9357624625855396,0.1872315765123113,0.16908990083584494,-0.24637685728956998
1612467083532,2021-02-04T19:31:23.532Z,76.573,0.9356833383871846,0.18726752654017842,0.16903998585068225,-0.2466841035651421
1612467083547,2021-02-04T19:31:23.547Z,76.588,0.9357085295717952,0.18702853337869918,0.16934887738096926,-0.2465579711114753
1612467083562,2021-02-04T19:31:23.562Z,76.603,0.9358429974382098,0.18649620794312477,0.16974981893439406,-0.24617483124893558
1612467083592,2021-02-04T19:31:23.592Z,76.633,0.9359572086748955,0.18600585267971192,0.17017081103112147,-0.24582070980981566
1612467083607,2021-02-04T19:31:23.607Z,76.648,0.9359687253312212,0.18593485551335495,0.17032975557004845,-0.2457204693844707
1612467083622,2021-02-04T19:31:23.622Z,76.663,0.9359289497836584,0.18623171718495093,0.17010941759993925,-0.245799785425073
1612467083652,2021-02-04T19:31:23.652Z,76.693,0.935870731140679,0.18658367042472332,0.16984567462476904,-0.24593689299555307
1612467083667,2021-02-04T19:31:23.667Z,76.708,0.9357569243023022,0.18693965259200146,0.16986686612678156,-0.2460849298541933
1612467083682,2021-02-04T19:31:23.682Z,76.723,0.9356378461645183,0.18734357622924191,0.17009855842811636,-0.24607048927276165
1612467083712,2021-02-04T19:31:23.712Z,76.753,0.9355983832881645,0.1875469025185075,0.17023909080656557,-0.2459684461585268
1612467083727,2021-02-04T19:31:23.727Z,76.768,0.9356542028493778,0.18761288078605828,0.17023314414813662,-0.24570978060893517
1612467083742,2021-02-04T19:31:23.742Z,76.783,0.9356773760006037,0.1879863026290157,0.17012967895476883,-0.2454076005409045
1612467083772,2021-02-04T19:31:23.772Z,76.813,0.935702035138656,0.1881057425462476,0.1703118437959445,-0.24509550571425875
1612467083787,2021-02-04T19:31:23.787Z,76.828,0.9356855911439406,0.18799177924163318,0.17059482155913588,-0.2450489182191719
1612467083802,2021-02-04T19:31:23.802Z,76.843,0.9356625704157283,0.18774620361501082,0.17072905010420833,-0.24523154120483345
1612467083832,2021-02-04T19:31:23.832Z,76.873,0.9356673621505581,0.18756929463049515,0.17081773788840476,-0.24528686785216064
1612467083847,2021-02-04T19:31:23.847Z,76.888,0.9357750552957446,0.18737554225680203,0.17089498727578292,-0.24497011118547773
1612467083862,2021-02-04T19:31:23.862Z,76.903,0.9359672205101282,0.18700445714714312,0.17104258319507912,-0.24441589529243365
1612467083892,2021-02-04T19:31:23.892Z,76.933,0.9361433397587614,0.1865138519797094,0.17124925349605866,-0.2439711532580148
1612467083907,2021-02-04T19:31:23.907Z,76.948,0.9362151486118817,0.1860641635986356,0.17157505282495503,-0.24381001575424752
1612467083922,2021-02-04T19:31:23.922Z,76.963,0.9362098867904731,0.18581933733558215,0.17168291447328476,-0.24394097365119582
1612467083952,2021-02-04T19:31:23.952Z,76.993,0.9361482654625584,0.18579014114818354,0.1717679826214736,-0.24413973185397464
1612467083967,2021-02-04T19:31:23.967Z,77.008,0.9361616611322914,0.18565301045740093,0.17188075931576635,-0.24411331080293136
1612467083982,2021-02-04T19:31:23.982Z,77.023,0.9362063210878555,0.18543118224251015,0.172018211335554,-0.24401380283952148
1612467084012,2021-02-04T19:31:24.012Z,77.053,0.9362943260618626,0.18511543176748824,0.1721770154173883,-0.24380378846084358
1612467084027,2021-02-04T19:31:24.027Z,77.068,0.936367046291646,0.18479291445811938,0.17245987204536148,-0.24356913991560997
1612467084042,2021-02-04T19:31:24.042Z,77.083,0.936422890854606,0.18449733009620062,0.17262460681726605,-0.243461803558711
1612467084072,2021-02-04T19:31:24.072Z,77.113,0.9364558333018861,0.18429955647643056,0.1727004939914375,-0.24343106854420749
1612467084087,2021-02-04T19:31:24.087Z,77.128,0.936483185631588,0.18437823360222735,0.17265858984923982,-0.24329595424977174
1612467084102,2021-02-04T19:31:24.102Z,77.143,0.9365692330467961,0.18441680804078087,0.17245413568936765,-0.24308040584510093
1612467084132,2021-02-04T19:31:24.132Z,77.173,0.9366389338183829,0.1844208137402283,0.1723533388971533,-0.2428802126274556
1612467084147,2021-02-04T19:31:24.147Z,77.188,0.9366923767345582,0.18424474568883578,0.17241371624573953,-0.24276485640173315
1612467084162,2021-02-04T19:31:24.162Z,77.203,0.9367019729784205,0.18418706194076845,0.17243579384257599,-0.24275592069781196
1612467084177,2021-02-04T19:31:24.177Z,77.218,0.9367494857221792,0.18421811944794345,0.1722773368358077,-0.24266150225995373
1612467084207,2021-02-04T19:31:24.207Z,77.248,0.9368016246689552,0.1843713719644584,0.17200058417398842,-0.24254012505430056
1612467084222,2021-02-04T19:31:24.222Z,77.263,0.9367989866223336,0.18471092000299275,0.1717236079546055,-0.24248822067488085
1612467084237,2021-02-04T19:31:24.237Z,77.278,0.9367413251252886,0.18511907533600064,0.1714908291157364,-0.24256445180293817
1612467084267,2021-02-04T19:31:24.267Z,77.308,0.9367003001514386,0.18535942938281255,0.17127755906132955,-0.24268998206987374
1612467084282,2021-02-04T19:31:24.282Z,77.323,0.9366247822732436,0.18551696850394542,0.17123179331083435,-0.24289327818665732
1612467084297,2021-02-04T19:31:24.297Z,77.338,0.936575486443946,0.18568507326239406,0.17117362365607172,-0.24299588952135642
1612467084327,2021-02-04T19:31:24.327Z,77.368,0.9365747042105359,0.18581049496476643,0.1709777890429998,-0.24304089994867784
1612467084342,2021-02-04T19:31:24.342Z,77.383,0.9365841777400473,0.1859703544355562,0.17076919392624434,-0.2430287795383371
1612467084364,2021-02-04T19:31:24.364Z,77.405,0.936569994526635,0.18621447133251456,0.17047855592014466,-0.24310055119253215
1612467084387,2021-02-04T19:31:24.387Z,77.428,0.9364994264975004,0.1866077708810633,0.17014932912524164,-0.24330139706726672
1612467084402,2021-02-04T19:31:24.402Z,77.443,0.9364571863640022,0.18701518173594828,0.16979589635579484,-0.24339805563771233
1612467084417,2021-02-04T19:31:24.417Z,77.458,0.936413892728603,0.18739648764100306,0.16949074644816967,-0.24348401342413034
1612467084447,2021-02-04T19:31:24.447Z,77.488,0.936387284277397,0.18764453214932458,0.1692798202027149,-0.24354204127870577
1612467084462,2021-02-04T19:31:24.462Z,77.503,0.9363618329607938,0.1878413679058845,0.16914399588185633,-0.24358252592225743
1612467084477,2021-02-04T19:31:24.477Z,77.518,0.9363570776422329,0.1879858719296266,0.1689406861399844,-0.24363041614442676
1612467084507,2021-02-04T19:31:24.507Z,77.548,0.9363541176378295,0.18812445712070433,0.16873327436761396,-0.24367855288659576
1612467084522,2021-02-04T19:31:24.522Z,77.563,0.936357050426469,0.18821477924145227,0.16856169582156538,-0.24371628114160251
1612467084537,2021-02-04T19:31:24.537Z,77.578,0.9363282277960044,0.18838300374022332,0.16849702368935998,-0.2437417624085625
1612467084567,2021-02-04T19:31:24.567Z,77.608,0.9362767984879196,0.18868272941968886,0.1683817825171038,-0.24378711932403377
1612467084582,2021-02-04T19:31:24.582Z,77.623,0.9362792524501603,0.18884003476384348,0.1682019334657205,-0.24378004897889488
1612467084597,2021-02-04T19:31:24.597Z,77.638,0.9362792524501603,0.18884003476384348,0.1682019334657205,-0.24378004897889488
1612467084627,2021-02-04T19:31:24.627Z,77.668,0.9362897456838678,0.18882212130403972,0.16815342137721362,-0.24378709053725095
1612467084642,2021-02-04T19:31:24.642Z,77.683,0.9362645396437714,0.18883520829314274,0.16809783832700878,-0.24391205928430226
1612467084657,2021-02-04T19:31:24.657Z,77.698,0.9362552233884757,0.18876719722638924,0.16798923691958811,-0.24407523063240774
1612467084687,2021-02-04T19:31:24.687Z,77.728,0.9362370621500814,0.18874472090177563,0.1678570141555265,-0.24425318132439305
1612467084702,2021-02-04T19:31:24.702Z,77.743,0.9362243904970258,0.18873782429691574,0.1678639763682968,-0.24430229175339893
1612467084717,2021-02-04T19:31:24.717Z,77.758,0.9362243904970258,0.18873782429691574,0.1678639763682968,-0.24430229175339893
1612467084747,2021-02-04T19:31:24.747Z,77.788,0.9362243904970258,0.18873782429691574,0.1678639763682968,-0.24430229175339893
1612467084762,2021-02-04T19:31:24.762Z,77.803,0.9361891672537459,0.18886053391158825,0.16782110761068353,-0.2443718839958697
1612467084777,2021-02-04T19:31:24.777Z,77.818,0.9360895768944306,0.1892582232331565,0.16767755527265865,-0.24454420137475993
1612467084792,2021-02-04T19:31:24.792Z,77.833,0.9360329000678529,0.18958646201748244,0.16755100974782589,-0.24459362735513546
1612467084822,2021-02-04T19:31:24.822Z,77.863,0.9360565500922122,0.1896623759621888,0.16751020362218733,-0.2444721862631742
1612467084844,2021-02-04T19:31:24.844Z,77.885,0.9361134085976786,0.18969321580390425,0.1674787476526185,-0.24425199939062966
1612467084852,2021-02-04T19:31:24.852Z,77.893,0.9361556941083968,0.18978533660150715,0.16742494426359344,-0.24405517908417942
1612467084882,2021-02-04T19:31:24.882Z,77.923,0.9361724747489047,0.18979444931368208,0.16741564474317303,-0.2439900949371818
1612467084897,2021-02-04T19:31:24.897Z,77.938,0.9361724747489047,0.18979444931368208,0.16741564474317303,-0.2439900949371818
1612467084912,2021-02-04T19:31:24.912Z,77.953,0.936137278328153,0.189997639894097,0.16733745203335967,-0.24402063459063086
1612467084942,2021-02-04T19:31:24.942Z,77.983,0.9361006106605987,0.1902090335150614,0.1672560669852142,-0.2440524090165028
1612467084957,2021-02-04T19:31:24.957Z,77.998,0.9360613849284862,0.19043482117978142,0.16716912652514943,-0.24408634878830868
1612467084972,2021-02-04T19:31:24.972Z,78.013,0.9360196731806669,0.190576018071103,0.1671202182230019,-0.2441695833145818
1612467085002,2021-02-04T19:31:25.002Z,78.043,0.935944977303008,0.19067228679003137,0.167101589985895,-0.2443934064898594
1612467085017,2021-02-04T19:31:25.017Z,78.058,0.9358410512891545,0.19084149279264795,0.1671178015269378,-0.24464809781293406
1612467085032,2021-02-04T19:31:25.032Z,78.073,0.9357676814950534,0.19108664390168334,0.16709069501602133,-0.24475587925691616
1612467085062,2021-02-04T19:31:25.062Z,78.103,0.9357148105913852,0.19138914305552004,0.1669739392130317,-0.24480133329719553
1612467085077,2021-02-04T19:31:25.077Z,78.118,0.9356635146072313,0.19168203099067477,0.16686087861417104,-0.24484532590237543
1612467085092,2021-02-04T19:31:25.092Z,78.133,0.9355918220480808,0.19199248094375745,0.16674652125648218,-0.24495392919215409
1612467085122,2021-02-04T19:31:25.122Z,78.163,0.9354752369703471,0.1922923363453498,0.16665127673397698,-0.2452286491441314
1612467085137,2021-02-04T19:31:25.137Z,78.178,0.9353428566600821,0.19259252873178648,0.16649790106681256,-0.24560192855920182
1612467085159,2021-02-04T19:31:25.159Z,78.2,0.9352239989683678,0.19287281244817817,0.16635409232607065,-0.24593183189313525
1612467085182,2021-02-04T19:31:25.182Z,78.223,0.9351679963337196,0.19294790555152225,0.16633883916686518,-0.24609614982985134
1612467085197,2021-02-04T19:31:25.197Z,78.238,0.9351679963337196,0.19294790555152225,0.16633883916686518,-0.24609614982985134
1612467085212,2021-02-04T19:31:25.212Z,78.253,0.9351679963337196,0.19294790555152225,0.16633883916686518,-0.24609614982985134
1612467085242,2021-02-04T19:31:25.242Z,78.283,0.9351679963337196,0.19294790555152225,0.16633883916686518,-0.24609614982985134
1612467085257,2021-02-04T19:31:25.257Z,78.298,0.9351679963337196,0.19294790555152225,0.16633883916686518,-0.24609614982985134
1612467085272,2021-02-04T19:31:25.272Z,78.313,0.9351679963337196,0.19294790555152225,0.16633883916686518,-0.24609614982985134
1612467085302,2021-02-04T19:31:25.302Z,78.343,0.9351469154042354,0.19293664027877472,0.16635067992430874,-0.24617707191491778
1612467085317,2021-02-04T19:31:25.317Z,78.358,0.9350854992081532,0.19295635419316703,0.16636177052280385,-0.24638732892670853
1612467085332,2021-02-04T19:31:25.332Z,78.373,0.9350256731094573,0.19305530847650165,0.16621552185567445,-0.24663543701077267
1612467085362,2021-02-04T19:31:25.362Z,78.403,0.9349510591266691,0.19319812609286643,0.16605524555056894,-0.2469142696104559
1612467085377,2021-02-04T19:31:25.377Z,78.418,0.9348828292216494,0.19330884189191852,0.16602793491655787,-0.24710425350501936
1612467085392,2021-02-04T19:31:25.392Z,78.433,0.9348243512818495,0.19345209894473195,0.16598288405707473,-0.24724360429431222
1612467085407,2021-02-04T19:31:25.407Z,78.448,0.9347894456533213,0.19364871547035614,0.1659063615019699,-0.24727302017206615
1612467085437,2021-02-04T19:31:25.437Z,78.478,0.9347418093219826,0.19382812363772448,0.1658416444583584,-0.24735593252617344
1612467085452,2021-02-04T19:31:25.452Z,78.493,0.9347120591696714,0.19390681881119154,0.16581612119111647,-0.24742377819128306
1612467085467,2021-02-04T19:31:25.467Z,78.508,0.9347120591696714,0.19390681881119154,0.16581612119111647,-0.24742377819128306
1612467085497,2021-02-04T19:31:25.497Z,78.538,0.9347018197100568,0.1939643663333395,0.16579370663122878,-0.24743237392284065
1612467085512,2021-02-04T19:31:25.512Z,78.553,0.9346871648287084,0.1942024810254472,0.16548601867779003,-0.24750692493384002
1612467085527,2021-02-04T19:31:25.527Z,78.568,0.9346320280532995,0.19458251504470592,0.16523924201566975,-0.24758152167304456
1612467085557,2021-02-04T19:31:25.557Z,78.598,0.9345321201501061,0.19472401118988544,0.1652085791332536,-0.24786770918100748
1612467085572,2021-02-04T19:31:25.572Z,78.613,0.9344317438248565,0.1946712367580609,0.16526518976421276,-0.24824955742905908
1612467085587,2021-02-04T19:31:25.587Z,78.628,0.9343907365579341,0.19462634392760245,0.16524623514976228,-0.24845164409382617
1612467085624,2021-02-04T19:31:25.624Z,78.665,0.9344385714069918,0.19472062601127105,0.16493073602571057,-0.248407500665049
1612467085632,2021-02-04T19:31:25.632Z,78.673,0.9345569752689168,0.1948035631467812,0.16447397844461864,-0.24819980293330218
1612467085647,2021-02-04T19:31:25.647Z,78.688,0.9345856339767357,0.19489668947782224,0.1642440405005934,-0.24817104656854716
1612467085677,2021-02-04T19:31:25.677Z,78.718,0.9345023195419178,0.19496858515750543,0.16423916649430512,-0.24843140252736154
1612467085692,2021-02-04T19:31:25.692Z,78.733,0.9344013199371257,0.1949651632689383,0.16438505405948153,-0.24871733436400265
1612467085707,2021-02-04T19:31:25.707Z,78.748,0.9343486288570585,0.19493772373635074,0.16441472301734442,-0.24891709959855093
1612467085737,2021-02-04T19:31:25.737Z,78.778,0.9343486288570585,0.19493772373635074,0.16441472301734442,-0.24891709959855093
1612467085752,2021-02-04T19:31:25.752Z,78.793,0.9343157254328823,0.19512117906287027,0.16434290863574844,-0.24894428909112207
1612467085767,2021-02-04T19:31:25.767Z,78.808,0.9342042034915026,0.19547701741110587,0.16421924635303034,-0.2491651680514522
1612467085797,2021-02-04T19:31:25.797Z,78.838,0.9340268564748758,0.19592443264496762,0.16407582004996554,-0.2495727816716807
1612467085812,2021-02-04T19:31:25.812Z,78.853,0.9338202882382274,0.19651244601194312,0.16387819262342893,-0.2500129313046736
1612467085827,2021-02-04T19:31:25.827Z,78.868,0.933746168269345,0.19679353371134176,0.16377540483840086,-0.250135993215165
1612467085857,2021-02-04T19:31:25.857Z,78.898,0.9337486404837345,0.1969737720470957,0.1636928137664749,-0.250038941450188
1612467085872,2021-02-04T19:31:25.872Z,78.913,0.9338743333559174,0.19694911249615682,0.1637198232699432,-0.24957082372440068
1612467085887,2021-02-04T19:31:25.887Z,78.928,0.934000883171027,0.1968785010934952,0.1638986903742905,-0.2490349881773893
1612467085917,2021-02-04T19:31:25.917Z,78.958,0.9340759949235827,0.1967330511126549,0.164129591141896,-0.2487159416262233
1612467085932,2021-02-04T19:31:25.932Z,78.973,0.9340477743630431,0.1966058193321485,0.16436831320277193,-0.24876487820240245
1612467085947,2021-02-04T19:31:25.947Z,78.988,0.9338906908651318,0.1968781936400659,0.16442925714001744,-0.2490987229611053
1612467085977,2021-02-04T19:31:25.977Z,79.018,0.9337542480120183,0.19717869693336168,0.1644358052739391,-0.24936806479395626
1612467085992,2021-02-04T19:31:25.992Z,79.033,0.9337343000637115,0.19717178521308268,0.16450268849822447,-0.24940410878185815
1612467086014,2021-02-04T19:31:26.014Z,79.055,0.9337860693969761,0.19686872981766507,0.16466337284298876,-0.24934364532527376
1612467086022,2021-02-04T19:31:26.022Z,79.063,0.9338829581101543,0.19648523068555246,0.16483023074431036,-0.24917297146089182
1612467086052,2021-02-04T19:31:26.052Z,79.093,0.9339510883662735,0.19626295753736395,0.16495008528520233,-0.24901342414123895
1612467086067,2021-02-04T19:31:26.067Z,79.108,0.9339676246665983,0.19630122686260623,0.16499805649850613,-0.2488894247624512
1612467086082,2021-02-04T19:31:26.082Z,79.123,0.9339997630294604,0.19636880481595212,0.16502316161344383,-0.2486987963122651
1612467086112,2021-02-04T19:31:26.112Z,79.153,0.9340519976256154,0.19636970392815484,0.16504816805723713,-0.24848522558034716
1612467086127,2021-02-04T19:31:26.127Z,79.168,0.9341196461583006,0.1961880839548278,0.16514367022883675,-0.24831087482946437
1612467086142,2021-02-04T19:31:26.142Z,79.183,0.9341702966047322,0.19594255071785585,0.16528256605162975,-0.24822177003437038
1612467086172,2021-02-04T19:31:26.172Z,79.213,0.9341552374353378,0.19597271141461994,0.16533072059082946,-0.24822256461056688
1612467086187,2021-02-04T19:31:26.187Z,79.228,0.9341652158961773,0.19588105220977614,0.1654137241922549,-0.24820206011169213
1612467086202,2021-02-04T19:31:26.202Z,79.243,0.9342060069247479,0.19571596586512657,0.16551722735226967,-0.24810974342176806
1612467086232,2021-02-04T19:31:26.232Z,79.273,0.9343194171829212,0.1954340764255861,0.1655170665262338,-0.24790491954617397
1612467086247,2021-02-04T19:31:26.247Z,79.288,0.9344337575504029,0.19517555425310879,0.16557171014406633,-0.24764099937650805
1612467086262,2021-02-04T19:31:26.262Z,79.303,0.9345493506020702,0.19488041534029077,0.1657340366838113,-0.24732845386354887
1612467086292,2021-02-04T19:31:26.292Z,79.333,0.9346682591434048,0.19443718764400816,0.16599252351544097,-0.24705446271602055
1612467086307,2021-02-04T19:31:26.307Z,79.348,0.9347336762696384,0.1939832504459695,0.16637331521073356,-0.24690762033532593
1612467086322,2021-02-04T19:31:26.322Z,79.363,0.9347787591775061,0.19355742355534064,0.1667428429196349,-0.246821837591933
1612467086352,2021-02-04T19:31:26.352Z,79.393,0.9348334773432733,0.19317554707411108,0.16698418771680623,-0.2467506002089152
1612467086367,2021-02-04T19:31:26.367Z,79.408,0.9349356314036541,0.19281938620274328,0.16711682292510147,-0.24655226004169675
1612467086382,2021-02-04T19:31:26.382Z,79.423,0.93504808971865,0.19244066205448213,0.1672672571057843,-0.246319561143332
1612467086412,2021-02-04T19:31:26.412Z,79.453,0.9350871206313395,0.192096781184633,0.16752474211337146,-0.24626482547806622
1612467086427,2021-02-04T19:31:26.427Z,79.468,0.9350239598276484,0.1919118153505067,0.16787910650125426,-0.24640749841966625
1612467086442,2021-02-04T19:31:26.442Z,79.483,0.9349022645668121,0.19192436465226353,0.16817383266766223,-0.24665837907223148
1612467086472,2021-02-04T19:31:26.472Z,79.513,0.9348443090878676,0.19193621770003802,0.16839394459956944,-0.24671863635167116
1612467086494,2021-02-04T19:31:26.494Z,79.535,0.9348740370959315,0.19186124550462783,0.16852365903075772,-0.24657569544513563
1612467086502,2021-02-04T19:31:26.502Z,79.543,0.9349642776829629,0.19187601962325534,0.16859795146403841,-0.24617092296297152
1612467086532,2021-02-04T19:31:26.532Z,79.573,0.9351553954581573,0.19159641461942833,0.16871794801274803,-0.2455798327812063
1612467086547,2021-02-04T19:31:26.547Z,79.588,0.9352944840242222,0.19139010630615866,0.168808749865895,-0.2451482435806855
1612467086562,2021-02-04T19:31:26.562Z,79.603,0.9353733642078779,0.19134718536024925,0.1687281425293389,-0.244936191902598
1612467086577,2021-02-04T19:31:26.577Z,79.618,0.9354448753667047,0.19120657723338538,0.16870213100463052,-0.24479076977566042
1612467086607,2021-02-04T19:31:26.607Z,79.648,0.935575920967247,0.19071333794284476,0.1688902934717703,-0.2445448580690364
1612467086622,2021-02-04T19:31:26.622Z,79.663,0.9356922392862554,0.19035108836307188,0.16905179311377908,-0.24427031695128823
1612467086637,2021-02-04T19:31:26.637Z,79.678,0.9358058160967867,0.19008142422389807,0.1691650280683361,-0.24396663706966248
1612467086667,2021-02-04T19:31:26.667Z,79.708,0.9358309181863829,0.19002588145314084,0.16923732436375347,-0.24386345561929973
1612467086682,2021-02-04T19:31:26.682Z,79.723,0.9357920114315078,0.19014128698582689,0.16931356976984976,-0.24386987804182864
1612467086697,2021-02-04T19:31:26.697Z,79.738,0.935679563372711,0.19032503718541124,0.16935979298688614,-0.24412577788194328
1612467086727,2021-02-04T19:31:26.727Z,79.768,0.9355280329189853,0.1905390283037111,0.16932259877021952,-0.24456499312352695
1612467086742,2021-02-04T19:31:26.742Z,79.783,0.9354215121914535,0.1905427234120658,0.16942707920966224,-0.24489697816561598
1612467086757,2021-02-04T19:31:26.757Z,79.798,0.9354136335056549,0.19027739384167772,0.16958978202208586,-0.2450207205080198
1612467086787,2021-02-04T19:31:26.787Z,79.828,0.9354739018919314,0.18990145853417678,0.16977472022918152,-0.24495419836528823
1612467086802,2021-02-04T19:31:26.802Z,79.843,0.9355650673935805,0.18968206811330138,0.16989186392146202,-0.2446946511111302
1612467086817,2021-02-04T19:31:26.817Z,79.858,0.9356745700564745,0.18942041400736662,0.17000206127138937,-0.24440193303324786
1612467086847,2021-02-04T19:31:26.847Z,79.888,0.9357656940683917,0.18908407840585564,0.17014790003798105,-0.24421193502934
1612467086862,2021-02-04T19:31:26.862Z,79.903,0.9358214569308391,0.18870989240136543,0.17032616224897737,-0.2441634200924488
1612467086877,2021-02-04T19:31:26.877Z,79.918,0.9358723022956276,0.1883855998983468,0.17047624325831878,-0.24411421513576775
1612467086907,2021-02-04T19:31:26.907Z,79.948,0.9359626958972598,0.1880024186187575,0.17053868212379214,-0.24401942623838668
1612467086922,2021-02-04T19:31:26.922Z,79.963,0.9360856682136384,0.18756332532683034,0.17073647274698178,-0.24374715922711154
1612467086937,2021-02-04T19:31:26.937Z,79.978,0.9361981101322867,0.1870926542803141,0.17104436444478496,-0.24346100856350936
1612467086967,2021-02-04T19:31:26.967Z,80.008,0.9362523816466497,0.18663423992142905,0.1714941409720864,-0.24328768559500277
1612467086982,2021-02-04T19:31:26.982Z,80.023,0.9362417881750574,0.18654543985015926,0.17166768189396,-0.24327416619739056
1612467086997,2021-02-04T19:31:26.997Z,80.038,0.936237828534288,0.18659962017733422,0.17158334352573956,-0.2433073496538978
1612467087027,2021-02-04T19:31:27.027Z,80.068,0.9362430227484462,0.1866457065628021,0.17146346261313636,-0.24333652328665842
1612467087042,2021-02-04T19:31:27.042Z,80.083,0.9362491362220321,0.1865887715042497,0.17150648962819898,-0.24332634318430557
1612467087057,2021-02-04T19:31:27.057Z,80.098,0.9362572980256116,0.18651549698107464,0.17155607627969055,-0.24331616052206814
1612467087087,2021-02-04T19:31:27.087Z,80.128,0.9362455276800258,0.1865243910268833,0.17160376832713362,-0.24332100227298098
1612467087102,2021-02-04T19:31:27.103Z,80.143,0.9361912097851935,0.18672514061431508,0.1716602776227302,-0.24333616597207058
1612467087117,2021-02-04T19:31:27.117Z,80.158,0.9361540869573696,0.187074242892472,0.17136370766098866,-0.24341986939422453
1612467087154,2021-02-04T19:31:27.154Z,80.195,0.9361301707360381,0.1873234706611511,0.17113237847747684,-0.243482914829395
1612467087162,2021-02-04T19:31:27.162Z,80.203,0.9361187192790463,0.1873797981049021,0.17112346047189,-0.24348986827720337
1612467087177,2021-02-04T19:31:27.177Z,80.218,0.936146199721659,0.18736450263460633,0.17104014263817502,-0.24345452451226857
1612467087192,2021-02-04T19:31:27.192Z,80.233,0.9361594377571627,0.1875273157981146,0.17086694547997647,-0.24339987647919978
1612467087222,2021-02-04T19:31:27.222Z,80.263,0.9361144522778198,0.18789428801597047,0.1705891221151004,-0.243484743225461
1612467087237,2021-02-04T19:31:27.237Z,80.278,0.9360653590689431,0.1883067334086546,0.17026736726605843,-0.24358005121187196
1612467087252,2021-02-04T19:31:27.252Z,80.293,0.936023590632393,0.18863240102027456,0.17003469937663424,-0.24365109495519713
1612467087282,2021-02-04T19:31:27.282Z,80.323,0.9359911014846931,0.18884696712705165,0.16991478111823016,-0.24369334850571794
1612467087297,2021-02-04T19:31:27.297Z,80.338,0.93595219332355,0.1891427849931702,0.1697045133582849,-0.2437598753767555
1612467087312,2021-02-04T19:31:27.312Z,80.353,0.935914975977692,0.18961389209838073,0.16929979048127022,-0.24381819170639765
1612467087342,2021-02-04T19:31:27.342Z,80.383,0.9359005199682796,0.19011281560638466,0.16883435698829782,-0.24380790382115294
1612467087357,2021-02-04T19:31:27.357Z,80.398,0.9358675027318947,0.1904498651792605,0.16851035731783767,-0.24389572702321685
1612467087372,2021-02-04T19:31:27.372Z,80.413,0.935835236315647,0.19079904851503993,0.16816389027253678,-0.24398573639497562
1612467087402,2021-02-04T19:31:27.402Z,80.443,0.9357736970363694,0.19158321583136828,0.1673222794821687,-0.2441858188664681
1612467087417,2021-02-04T19:31:27.417Z,80.458,0.9356940735118783,0.1928408973100629,0.16613638999940225,-0.24431064045056297
1612467087432,2021-02-04T19:31:27.432Z,80.473,0.9357529554467722,0.19379570301919968,0.1651392354994571,-0.2440054605179574
1612467087462,2021-02-04T19:31:27.462Z,80.503,0.9358143632154844,0.1942205274865827,0.16453442357523612,-0.2438407016090539
1612467087477,2021-02-04T19:31:27.477Z,80.518,0.9357391371337308,0.19448339580738894,0.1643903133282743,-0.24401700939745866
1612467087492,2021-02-04T19:31:27.492Z,80.533,0.9355446033474242,0.194921697457676,0.16426040018401816,-0.24450020028440736
1612467087522,2021-02-04T19:31:27.522Z,80.563,0.935298605981646,0.19599194673121495,0.16371152599409675,-0.24495348685410134
1612467087537,2021-02-04T19:31:27.537Z,80.578,0.9352134669092962,0.19699283941563003,0.16311337391121025,-0.2448747022086283
1612467087559,2021-02-04T19:31:27.559Z,80.6,0.9352152734824197,0.19735837121067668,0.16287197849889615,-0.2447341091432225
1612467087582,2021-02-04T19:31:27.582Z,80.623,0.9352248757237153,0.19727967133699198,0.16274820293505146,-0.24484318562324975
1612467087597,2021-02-04T19:31:27.597Z,80.638,0.9350914598628889,0.19756119704071365,0.16268601728006676,-0.2451668715321909
1612467087612,2021-02-04T19:31:27.612Z,80.653,0.9349116213929713,0.19825265203493184,0.162440755062594,-0.24545701709296475
1612467087642,2021-02-04T19:31:27.642Z,80.683,0.9348690793277461,0.19864349601986855,0.16204778085276997,-0.24556278774804063
1612467087657,2021-02-04T19:31:27.657Z,80.698,0.9349100772208113,0.19861340308537248,0.1617667461321788,-0.2456163338860656
1612467087672,2021-02-04T19:31:27.672Z,80.713,0.9349628694573895,0.19845732706732921,0.16162809075340206,-0.2456328201782196
1612467087702,2021-02-04T19:31:27.702Z,80.743,0.9350000439130949,0.198242088418395,0.16172805072119542,-0.24559932791428019
1612467087717,2021-02-04T19:31:27.717Z,80.758,0.934973517325531,0.19862328596903106,0.1617624223342749,-0.24536958020776997
1612467087732,2021-02-04T19:31:27.732Z,80.773,0.9349216549644584,0.19927645620707599,0.16148930069784775,-0.24521745215254903
1612467087762,2021-02-04T19:31:27.762Z,80.803,0.9348083240996886,0.19955203570020513,0.16141203523351397,-0.24547614369549337
1612467087777,2021-02-04T19:31:27.777Z,80.818,0.9346622036801685,0.19958730125056307,0.16169948405076276,-0.24581446468620477
1612467087792,2021-02-04T19:31:27.792Z,80.833,0.9344778851612863,0.19985597799210958,0.16192062001396987,-0.24615113857059234
1612467087807,2021-02-04T19:31:27.807Z,80.848,0.9344197509246515,0.20017645647269144,0.16179360950895422,-0.24619492943197058
1612467087844,2021-02-04T19:31:27.844Z,80.885,0.9344655765654729,0.2003139555424953,0.1614842917001259,-0.24611222839019278
1612467087852,2021-02-04T19:31:27.852Z,80.893,0.9344758547295628,0.20029224538820367,0.1614384018396383,-0.24612097792806656
1612467087867,2021-02-04T19:31:27.867Z,80.908,0.9344170017185677,0.20011403634244979,0.1616913445150265,-0.24632326010131106
1612467087897,2021-02-04T19:31:27.897Z,80.938,0.9342969915912762,0.19999909123895457,0.16211330403042964,-0.24659434637359534
1612467087912,2021-02-04T19:31:27.912Z,80.953,0.9342204819655407,0.199891374871908,0.16246581283506312,-0.24673951646976502
1612467087927,2021-02-04T19:31:27.927Z,80.968,0.9341743275047304,0.1999009792918193,0.16268546329599706,-0.24676175623751567
1612467087957,2021-02-04T19:31:27.957Z,80.998,0.9340571208684776,0.20031501051653036,0.1627524781702386,-0.246825489700919
1612467087972,2021-02-04T19:31:27.972Z,81.013,0.934045360971227,0.20047493874856448,0.16273723183528918,-0.24675018937475313
1612467087987,2021-02-04T19:31:27.987Z,81.028,0.9340705078309983,0.20029524549514985,0.16299162435817563,-0.24663298932109987
1612467088017,2021-02-04T19:31:28.017Z,81.058,0.9340462494799193,0.20017127999535184,0.16339228235191972,-0.2465603872590838
1612467088032,2021-02-04T19:31:28.032Z,81.073,0.9339747122477323,0.20028145542269016,0.16373315996180213,-0.2465157760153654
1612467088047,2021-02-04T19:31:28.047Z,81.088,0.9339223632579938,0.20036923178912536,0.16397972656996904,-0.2464788827321278
1612467088077,2021-02-04T19:31:28.077Z,81.118,0.9339103419839219,0.20039085635195328,0.16403446203581262,-0.2464704304589627
1612467088092,2021-02-04T19:31:28.092Z,81.133,0.9339433429579924,0.20020689133224065,0.1641125073559579,-0.2464429299794799
1612467088107,2021-02-04T19:31:28.107Z,81.148,0.9339969942503152,0.1999055056833133,0.16424061918782062,-0.24639890936787107
1612467088137,2021-02-04T19:31:28.137Z,81.178,0.9340001899627399,0.19976555506867721,0.1642099226219871,-0.2465207282768526
1612467088159,2021-02-04T19:31:28.159Z,81.2,0.9339397018841322,0.19970084079158304,0.16422304455678066,-0.24679343400547535
1612467088167,2021-02-04T19:31:28.167Z,81.208,0.9338112274225406,0.19953224280538648,0.16451065059304307,-0.24722403091551232
1612467088197,2021-02-04T19:31:28.197Z,81.238,0.9336822880124955,0.19930917741218784,0.16489027874489967,-0.24763770477546004
1612467088212,2021-02-04T19:31:28.212Z,81.253,0.9336038916669338,0.19910374636989853,0.1652393168136096,-0.24786576977226807
1612467088227,2021-02-04T19:31:28.227Z,81.268,0.933543988154431,0.19910987898778115,0.165383778809603,-0.24799008846493656
1612467088257,2021-02-04T19:31:28.257Z,81.298,0.9335201530906352,0.1991912495061486,0.16543504247520058,-0.24798027464910347
1612467088272,2021-02-04T19:31:28.272Z,81.313,0.9335035144607301,0.1992413478575008,0.16547556129844412,-0.2479756286540203
1612467088287,2021-02-04T19:31:28.287Z,81.328,0.9334515526412863,0.19937069971351412,0.16547127028561395,-0.24807011443819882
1612467088317,2021-02-04T19:31:28.317Z,81.358,0.9333420713486195,0.1995873608090808,0.1655793586080701,-0.2482356526747806
1612467088332,2021-02-04T19:31:28.332Z,81.373,0.933265221971097,0.1997838359175201,0.16570477595746091,-0.24828284594431488
1612467088347,2021-02-04T19:31:28.347Z,81.388,0.9332530391056129,0.1998484650026222,0.16568690021465884,-0.24828855618713225
1612467088377,2021-02-04T19:31:28.377Z,81.418,0.9332300683226091,0.19995308490432506,0.165672265637775,-0.24830043055594628
1612467088392,2021-02-04T19:31:28.392Z,81.433,0.9331744147911308,0.2002585985690878,0.16553206071025342,-0.2483568846547095
1612467088407,2021-02-04T19:31:28.407Z,81.448,0.9331191482848161,0.20055834926901298,0.16528362519032366,-0.24848808198111302
1612467088422,2021-02-04T19:31:28.422Z,81.463,0.9330650599701777,0.20070460588216135,0.1651916452065279,-0.24863422007940764
1612467088452,2021-02-04T19:31:28.452Z,81.493,0.9330619930906872,0.2007012110163295,0.16520809285737623,-0.24863754141448946
1612467088467,2021-02-04T19:31:28.467Z,81.508,0.9330547420504207,0.20069686197644065,0.16524435375760355,-0.2486441663929889
1612467088482,2021-02-04T19:31:28.482Z,81.523,0.932982582274601,0.20081831251343496,0.16521385877113406,-0.24883706999043664
1612467088512,2021-02-04T19:31:28.512Z,81.553,0.9328751766297152,0.2009721741543813,0.16523037059318632,-0.24910442524647564
1612467088527,2021-02-04T19:31:28.527Z,81.568,0.9328091286187636,0.20095877467058096,0.16528333083210314,-0.24932733704398935
1612467088542,2021-02-04T19:31:28.542Z,81.583,0.9327773636903384,0.20097633196961345,0.16535781140332426,-0.24938263368335126
1612467088572,2021-02-04T19:31:28.572Z,81.613,0.932780322486973,0.20085420607316085,0.1655589464515274,-0.24933650581829964
1612467088587,2021-02-04T19:31:28.587Z,81.628,0.9328276167494755,0.20068185313581624,0.16564164129892112,-0.24924341098466
1612467088602,2021-02-04T19:31:28.602Z,81.643,0.9328769288313283,0.2007254395565185,0.16561666308926826,-0.2490402667767741
1612467088639,2021-02-04T19:31:28.639Z,81.68,0.9329510701644149,0.20072649795071895,0.16549170712761496,-0.24884466755689286
1612467088647,2021-02-04T19:31:28.647Z,81.688,0.9329999318815206,0.20075359050711977,0.1653523491674888,-0.24873223279738063
1612467088662,2021-02-04T19:31:28.662Z,81.703,0.9330089402376248,0.20076804839128842,0.16523236200473151,-0.24876650644360265
1612467088692,2021-02-04T19:31:28.692Z,81.733,0.9329829517588715,0.20093883059952466,0.1650925486463442,-0.2488189069706182
1612467088707,2021-02-04T19:31:28.707Z,81.748,0.9329650258703318,0.2010890011500055,0.16493340379985266,-0.24887034059979662
1612467088722,2021-02-04T19:31:28.722Z,81.763,0.9329635401763487,0.20121038918806633,0.16471032626085727,-0.24892553185128147
1612467088752,2021-02-04T19:31:28.752Z,81.793,0.9329610398615125,0.20137318293885478,0.164418921255711,-0.248995898815037
1612467088767,2021-02-04T19:31:28.767Z,81.808,0.9329484701808901,0.2015504586127365,0.16406570259537262,-0.24913251464234684
1612467088782,2021-02-04T19:31:28.782Z,81.823,0.9329944315206037,0.20151485456539656,0.16375239180146012,-0.24919532162609703
1612467088812,2021-02-04T19:31:28.812Z,81.853,0.9330841906685776,0.20134808985799454,0.16333703775854455,-0.24926662819392084
1612467088827,2021-02-04T19:31:28.827Z,81.868,0.9332105408374076,0.2011190026618449,0.16274410347823898,-0.24936637708665155
1612467088842,2021-02-04T19:31:28.842Z,81.883,0.9333108223418446,0.20109013088301905,0.16208800090945386,-0.24944167278587762
1612467088872,2021-02-04T19:31:28.872Z,81.913,0.933432900851317,0.20108785989021452,0.1613833829401097,-0.24944357262490166
1612467088887,2021-02-04T19:31:28.887Z,81.928,0.9335654916019019,0.20095113160455463,0.1609263585231886,-0.24935280774319346
1612467088902,2021-02-04T19:31:28.902Z,81.943,0.9336774041358735,0.20072430443918832,0.16077814601780827,-0.24921205102598282
1612467088932,2021-02-04T19:31:28.932Z,81.973,0.9337526833055272,0.20039258123974363,0.1608953407096409,-0.24912131410565672
1612467088947,2021-02-04T19:31:28.947Z,81.988,0.9337843454342631,0.2000818776918601,0.16120782534403305,-0.24905034729759362
1612467088962,2021-02-04T19:31:28.962Z,82.003,0.9338102988799504,0.19976751670518783,0.16158172866433437,-0.24896306942401294
1612467088992,2021-02-04T19:31:28.992Z,82.033,0.9338671173381541,0.19931294643008862,0.16197942450655337,-0.24885582688860006
1612467089014,2021-02-04T19:31:29.014Z,82.055,0.933824336233127,0.1989462652177518,0.16255518077368086,-0.24893434037573742
1612467089022,2021-02-04T19:31:29.022Z,82.063,0.9337347197461228,0.19853357577426203,0.16333925083198067,-0.24908669488465673
1612467089037,2021-02-04T19:31:29.037Z,82.078,0.9336409866203169,0.1982368604093691,0.1641047878657052,-0.24917117384888077
1612467089067,2021-02-04T19:31:29.067Z,82.108,0.9336407470142238,0.19791892544902456,0.16469036049480376,-0.24903843001415926
1612467089082,2021-02-04T19:31:29.082Z,82.123,0.9336453929475397,0.1976394500604404,0.165173033700668,-0.2489232752190102
1612467089097,2021-02-04T19:31:29.097Z,82.138,0.9336298192639555,0.19753164383438496,0.1654937344063846,-0.24885424275561108
1612467089127,2021-02-04T19:31:29.127Z,82.168,0.9336452188834655,0.19741094743134474,0.16559810451729529,-0.2488228101894673
1612467089142,2021-02-04T19:31:29.142Z,82.183,0.9336739924290457,0.1972334859304248,0.16570553930526322,-0.2487840471832771
1612467089157,2021-02-04T19:31:29.157Z,82.198,0.9337452781035863,0.19705021669199246,0.16580048073075807,-0.2485984076987316
1612467089187,2021-02-04T19:31:29.188Z,82.228,0.9338646422252093,0.1969189695339776,0.16576879733477504,-0.24827495900601898
1612467089202,2021-02-04T19:31:29.202Z,82.243,0.9340260545501836,0.19681118457109836,0.16558949989900437,-0.24787255711824183
1612467089217,2021-02-04T19:31:29.217Z,82.258,0.9341753638844056,0.196521433217622,0.16561526889329353,-0.24752231920966675
1612467089247,2021-02-04T19:31:29.247Z,82.288,0.9341847155228413,0.19617838874216245,0.1659870143386507,-0.2475101374590085
1612467089262,2021-02-04T19:31:29.262Z,82.303,0.9340878870033463,0.19592559430065035,0.16641105252347424,-0.24779092487335008
1612467089277,2021-02-04T19:31:29.277Z,82.318,0.9339968323083401,0.1956554824653087,0.1668128681704615,-0.2480772388430626
1612467089307,2021-02-04T19:31:29.307Z,82.348,0.9339796532528634,0.19544920364095922,0.1670875375122079,-0.24811967055008474
1612467089322,2021-02-04T19:31:29.322Z,82.363,0.9340037712646888,0.19528567591058718,0.16719233520242957,-0.24808704741893003
1612467089337,2021-02-04T19:31:29.337Z,82.378,0.9340259090440243,0.1951333129598612,0.1672989546221163,-0.24805171071802826
1612467089367,2021-02-04T19:31:29.367Z,82.408,0.9340095314416319,0.19492941870703848,0.1675047027691058,-0.24813482514341473
1612467089382,2021-02-04T19:31:29.382Z,82.423,0.9340345171595043,0.19472696688267638,0.16768192271269827,-0.2480800312775248
1612467089397,2021-02-04T19:31:29.397Z,82.438,0.9341367029274661,0.1944781135881272,0.1677791376256606,-0.24782462459690385
1612467089427,2021-02-04T19:31:29.427Z,82.468,0.9342669925541577,0.19429575499790586,0.16785490410881607,-0.24742489240216595
1612467089442,2021-02-04T19:31:29.442Z,82.483,0.9343745548361055,0.1941551281281518,0.1679571963068788,-0.24705942140526252
1612467089457,2021-02-04T19:31:29.457Z,82.498,0.9344121439511548,0.1939620951499812,0.16815604750283938,-0.24693358331717258
1612467089487,2021-02-04T19:31:29.487Z,82.528,0.9344094884273844,0.1937729610349277,0.16845753527346835,-0.24688662644667173
1612467089502,2021-02-04T19:31:29.502Z,82.543,0.9344377453495435,0.19358972223152945,0.1685475530383182,-0.2468619895349956
1612467089517,2021-02-04T19:31:29.517Z,82.558,0.934429880048221,0.19362077294608143,0.16856226699389168,-0.24685736307169234
1612467089547,2021-02-04T19:31:29.547Z,82.588,0.9345038993181067,0.19357617016741777,0.16844485471746137,-0.2466922362413987
1612467089562,2021-02-04T19:31:29.562Z,82.603,0.934591403585625,0.19339295065089418,0.1684600082582729,-0.2464940173716487
1612467089577,2021-02-04T19:31:29.577Z,82.618,0.9346422839221568,0.1931822192982023,0.16854562274559656,-0.24640780082029654
1612467089607,2021-02-04T19:31:29.607Z,82.648,0.9346676079717285,0.19301589078336073,0.16862702559897538,-0.2463863931940136
1612467089622,2021-02-04T19:31:29.622Z,82.663,0.934666083371812,0.193005749975086,0.168628330280087,-0.2463992274701791
1612467089637,2021-02-04T19:31:29.637Z,82.678,0.9346930358096213,0.1928458660958105,0.1686681707581528,-0.24639490439505732
1612467089652,2021-02-04T19:31:29.652Z,82.693,0.934728249599545,0.19277655577700195,0.16849350234149968,-0.24643505962428003
1612467089682,2021-02-04T19:31:29.682Z,82.723,0.9347591703883437,0.19282594551559332,0.16840032608608016,-0.24634280644056675
1612467089697,2021-02-04T19:31:29.697Z,82.738,0.9348064346264129,0.1927869491798334,0.16841075966678473,-0.24618679500623697
1612467089712,2021-02-04T19:31:29.712Z,82.753,0.9348691952000873,0.1925062290208777,0.16852921961868586,-0.24608706140067402
1612467089749,2021-02-04T19:31:29.749Z,82.79,0.9349188942896052,0.19218616044521528,0.16868161562526213,-0.24604400700622528
1612467089757,2021-02-04T19:31:29.757Z,82.798,0.9349323285381812,0.19215861770528544,0.16862030123184962,-0.24605649901648283
1612467089772,2021-02-04T19:31:29.772Z,82.813,0.9349759953219138,0.19242523363018982,0.16817301052128583,-0.24598832526437295
1612467089802,2021-02-04T19:31:29.802Z,82.843,0.9350556171885345,0.19257288723463517,0.16781298413629303,-0.2458159437903852
1612467089817,2021-02-04T19:31:29.817Z,82.858,0.9351261610642307,0.19253386038893003,0.1676355390454121,-0.24569920949397567
1612467089832,2021-02-04T19:31:29.832Z,82.873,0.9351244346376669,0.19256947096663618,0.1675793973795951,-0.24571616993821466
1612467089862,2021-02-04T19:31:29.862Z,82.903,0.935159600135539,0.19253896200208756,0.16747415125549767,-0.24567799870307452
1612467089877,2021-02-04T19:31:29.877Z,82.918,0.9352111119854282,0.19251216755896533,0.1674748397900136,-0.2455023816545108
1612467089892,2021-02-04T19:31:29.892Z,82.933,0.935221555478065,0.19238621676062972,0.16770058163022983,-0.2454072140149993
1612467089922,2021-02-04T19:31:29.922Z,82.963,0.9351955796644579,0.19230175696847765,0.16799958676847365,-0.24536788886999272
1612467089937,2021-02-04T19:31:29.937Z,82.978,0.9351835213203518,0.1921232562168512,0.16835232102060155,-0.24531190733121278
1612467089952,2021-02-04T19:31:29.952Z,82.993,0.9351665023648655,0.19195134445112644,0.1687471625369636,-0.2452400647402308
1612467089982,2021-02-04T19:31:29.982Z,83.023,0.9351262179082186,0.191981167285976,0.16899209273723004,-0.24520167328237533
1612467089997,2021-02-04T19:31:29.997Z,83.038,0.9350760689149067,0.19223585221537548,0.16892461532751374,-0.2452398760440975
1612467090012,2021-02-04T19:31:30.012Z,83.053,0.9350480098556571,0.1923258518574602,0.16877506374074577,-0.24537922453130528
1612467090042,2021-02-04T19:31:30.042Z,83.083,0.9349464400005112,0.1925081041917654,0.1687321323076928,-0.245652705415109
1612467090064,2021-02-04T19:31:30.064Z,83.105,0.9348611702056253,0.19280744532595956,0.16868724165937532,-0.24577326129991775
1612467090072,2021-02-04T19:31:30.072Z,83.113,0.9348892014843804,0.19299471118202602,0.16865308588023833,-0.24554298814410722
1612467090102,2021-02-04T19:31:30.102Z,83.143,0.9350100202934966,0.1930164705258547,0.16854880643949902,-0.24513711245814498
1612467090117,2021-02-04T19:31:30.117Z,83.158,0.93503604858631,0.19298788126788094,0.168600718903336,-0.24502461736142483
1612467090132,2021-02-04T19:31:30.132Z,83.173,0.9350340227142306,0.1931551154076077,0.16830630752618023,-0.24510296735376444
1612467090162,2021-02-04T19:31:30.162Z,83.203,0.9349991305299603,0.1934753909175429,0.1680151809245331,-0.24518319272825043
1612467090177,2021-02-04T19:31:30.177Z,83.218,0.9349623192923068,0.1938144039868895,0.1678772319827703,-0.24515030755142975
1612467090192,2021-02-04T19:31:30.192Z,83.233,0.9350251085472044,0.19371498471371262,0.16790522328324556,-0.2449701758946552
1612467090207,2021-02-04T19:31:30.207Z,83.248,0.9350415434510372,0.19354312526305423,0.16794723835215944,-0.24501448082510388
1612467090237,2021-02-04T19:31:30.237Z,83.278,0.9349800163683354,0.19367629065015918,0.1677548699800601,-0.24527569596239085
1612467090252,2021-02-04T19:31:30.252Z,83.293,0.9348352352566929,0.19399559263022112,0.16765086444723049,-0.2456460474192683
1612467090267,2021-02-04T19:31:30.267Z,83.308,0.9346832597238318,0.19445642890884454,0.16755456236882726,-0.24592553726167238
1612467090297,2021-02-04T19:31:30.297Z,83.338,0.9345470408109048,0.19489222608330295,0.16744464829091044,-0.24617298487569533
1612467090312,2021-02-04T19:31:30.312Z,83.353,0.9344798043307583,0.19508796743572676,0.16749247793715819,-0.24624063453097114
1612467090327,2021-02-04T19:31:30.327Z,83.368,0.9344746620863152,0.19514543235378443,0.1675524774717371,-0.24617378707572524
1612467090357,2021-02-04T19:31:30.357Z,83.398,0.9345041754788418,0.19516154951108067,0.16753749464744025,-0.24605914632929818
1612467090372,2021-02-04T19:31:30.372Z,83.413,0.9345102314160246,0.19527564750471108,0.1672872990181839,-0.2461158435728685
1612467090394,2021-02-04T19:31:30.394Z,83.435,0.9345184674807026,0.19539350610238154,0.16701503172828772,-0.2461759348257604
1612467090417,2021-02-04T19:31:30.417Z,83.458,0.9345282802299795,0.19537018034544543,0.16697212353782304,-0.24618630352530801
1612467090432,2021-02-04T19:31:30.432Z,83.473,0.9344754410465936,0.19549948593996955,0.16695455974250029,-0.24629611458398912
1612467090447,2021-02-04T19:31:30.447Z,83.488,0.9343573002843507,0.19570018451451568,0.1669351373014871,-0.246597917915901
1612467090477,2021-02-04T19:31:30.477Z,83.518,0.9342507392091313,0.19582309721163577,0.1669493057283959,-0.2468943097814133
1612467090492,2021-02-04T19:31:30.492Z,83.533,0.9341562066760682,0.19595386292226455,0.16694008736027274,-0.24715434927705768
1612467090507,2021-02-04T19:31:30.507Z,83.548,0.9341112526554066,0.19601611901618682,0.16682341709610363,-0.2473535854940424
1612467090537,2021-02-04T19:31:30.537Z,83.578,0.934072267325301,0.19603151711283814,0.16697786320168378,-0.24738439100478865
1612467090552,2021-02-04T19:31:30.552Z,83.593,0.9340237331073312,0.19622958236946134,0.16698739865434287,-0.2474041747546056
1612467090567,2021-02-04T19:31:30.567Z,83.608,0.9340246197603973,0.19641852515300434,0.16693214330866646,-0.2472881561833046
1612467090597,2021-02-04T19:31:30.597Z,83.638,0.9340258516309188,0.19648570545261976,0.16691780704976555,-0.2472398061146721
1612467090612,2021-02-04T19:31:30.612Z,83.653,0.9340073299849182,0.19656601613390054,0.16690918320894865,-0.247251761158971
1612467090627,2021-02-04T19:31:30.627Z,83.668,0.9339859339635839,0.1967560269036271,0.1667266118205805,-0.24730462580813276
1612467090664,2021-02-04T19:31:30.664Z,83.705,0.9339757520710752,0.19692388414931059,0.16650083704771906,-0.24736157676006895
1612467090672,2021-02-04T19:31:30.672Z,83.713,0.9339609956601023,0.19712383820055113,0.1662452750095047,-0.24742990832898015
1612467090687,2021-02-04T19:31:30.687Z,83.728,0.9339207653622206,0.19735921689967614,0.16612312764766343,-0.2474761604489388
1612467090732,2021-02-04T19:31:30.732Z,83.773,0.9338903754304035,0.19751369123966303,0.16607610717121665,-0.24749916177271714
1612467090733,2021-02-04T19:31:30.733Z,83.774,0.9338902742318957,0.1975104341654828,0.1660788562496364,-0.24750029817688995
1612467090747,2021-02-04T19:31:30.747Z,83.788,0.9339029935301324,0.19737955026032616,0.16619470880241688,-0.2474789497726399
1612467090777,2021-02-04T19:31:30.777Z,83.818,0.9338841293685424,0.1973236051108644,0.16639454418812688,-0.24746046844705707
1612467090792,2021-02-04T19:31:30.792Z,83.833,0.9338356930603618,0.1972907421964062,0.16650019732507582,-0.24759835560999924
1612467090807,2021-02-04T19:31:30.807Z,83.848,0.9337575579599482,0.19732736749817778,0.16658708078601395,-0.24780532178326467
1612467090822,2021-02-04T19:31:30.822Z,83.863,0.9336507810751156,0.1974274675986088,0.16666965417084975,-0.24807224837533987
1612467090852,2021-02-04T19:31:30.852Z,83.893,0.9334928265958841,0.19762739237343177,0.16686221587335878,-0.2483778520551639
1612467090867,2021-02-04T19:31:30.867Z,83.908,0.9333816253903371,0.19774555769560395,0.16705841325149948,-0.24856975350440058
1612467090882,2021-02-04T19:31:30.882Z,83.923,0.9333476015347837,0.19782363131180278,0.16719813810305217,-0.24854144165259673
1612467090912,2021-02-04T19:31:30.912Z,83.953,0.9333461444217045,0.19790043993430448,0.16727241267200596,-0.24843576740444095
1612467090927,2021-02-04T19:31:30.927Z,83.968,0.9333803149565885,0.19798174558078543,0.16729588422891714,-0.24822671731380863
1612467090942,2021-02-04T19:31:30.942Z,83.983,0.9334028947409104,0.19804798775679724,0.16734094421850895,-0.24805853950797646
1612467090972,2021-02-04T19:31:30.972Z,84.013,0.9333749193136743,0.19821061954330293,0.1673546870402287,-0.2480246339017937
1612467090987,2021-02-04T19:31:30.987Z,84.028,0.933363817122572,0.1982266037724627,0.16739394490555634,-0.24802714700647752
1612467091002,2021-02-04T19:31:31.002Z,84.043,0.9333134244566819,0.19820292282008523,0.1674447282509945,-0.2482013619935791
1612467091032,2021-02-04T19:31:31.032Z,84.073,0.9332417808824255,0.19815839427308923,0.16750465985791413,-0.24846572826125235
1612467091047,2021-02-04T19:31:31.047Z,84.088,0.93316448680053,0.1981676330704314,0.1675387235472121,-0.24872556340219076
1612467091062,2021-02-04T19:31:31.062Z,84.103,0.9331030909124344,0.19832311932520635,0.16741672820690207,-0.24891404377269938
1612467091092,2021-02-04T19:31:31.092Z,84.133,0.9330943583622406,0.19847564849048835,0.16720897679046295,-0.24896484376217737
1612467091107,2021-02-04T19:31:31.107Z,84.148,0.9330517768250532,0.19863465474296765,0.16699387360603385,-0.2491419311894433
1612467091122,2021-02-04T19:31:31.122Z,84.163,0.9330109725823781,0.19872008656057139,0.1668421633611748,-0.2493281868606253
1612467091152,2021-02-04T19:31:31.152Z,84.193,0.9329712469620691,0.19881944260759138,0.16666881209311532,-0.24951350396064417
1612467091167,2021-02-04T19:31:31.167Z,84.208,0.9329424743956845,0.19898935878403948,0.16647540761986937,-0.24961472956733347
1612467091182,2021-02-04T19:31:31.182Z,84.223,0.932924680884703,0.19908619915097253,0.16643737379089987,-0.24962937669549753
1612467091212,2021-02-04T19:31:31.212Z,84.253,0.932924680884703,0.19908619915097253,0.16643737379089987,-0.24962937669549753
1612467091227,2021-02-04T19:31:31.227Z,84.268,0.9329392300417816,0.19909387110336496,0.16642897452577873,-0.24957447781458367
1612467091242,2021-02-04T19:31:31.242Z,84.283,0.9329831307775972,0.19911703777055648,0.16640360420354336,-0.2494087477655549
1612467091272,2021-02-04T19:31:31.272Z,84.313,0.9330381560586867,0.19909921409137968,0.16628823261703285,-0.2492940552438111
1612467091287,2021-02-04T19:31:31.287Z,84.328,0.9330381560586867,0.19909921409137968,0.16628823261703285,-0.2492940552438111
1612467091302,2021-02-04T19:31:31.302Z,84.343,0.933023627911395,0.19909156115213691,0.1662966357969512,-0.24934893013542214
1612467091332,2021-02-04T19:31:31.332Z,84.373,0.9329930588433852,0.19907544725259382,0.1663143038941207,-0.2494643677390763
1612467091347,2021-02-04T19:31:31.347Z,84.388,0.9329576764920953,0.19905679063446635,0.1663347406408947,-0.2495979207299283
1612467091362,2021-02-04T19:31:31.362Z,84.403,0.9329084656096612,0.1990308619745801,0.1663631414231661,-0.24978353819116875
1612467091392,2021-02-04T19:31:31.392Z,84.433,0.9328511714937504,0.19907412160623345,0.16636275699765038,-0.24996323536389292
1612467091407,2021-02-04T19:31:31.407Z,84.448,0.9327969302760172,0.1991242603324795,0.1663582056983587,-0.25012869329907916
1612467091422,2021-02-04T19:31:31.422Z,84.463,0.9327649583392377,0.1991074379452272,0.16637663171151168,-0.2502490301072509
1612467091437,2021-02-04T19:31:31.437Z,84.478,0.9327649583392377,0.1991074379452272,0.16637663171151168,-0.2502490301072509
1612467091467,2021-02-04T19:31:31.467Z,84.508,0.9327331482896186,0.1990906933095236,0.16639494457395437,-0.2503687127807712
1612467091482,2021-02-04T19:31:31.482Z,84.523,0.9326703727491213,0.1990576787515997,0.16643107126353968,-0.25060469836798854
1612467091497,2021-02-04T19:31:31.497Z,84.538,0.9325586068401439,0.19919825031089805,0.1664044632097426,-0.2509263965893667
1612467091527,2021-02-04T19:31:31.527Z,84.568,0.9325021468692781,0.1993783501682759,0.16634122834877405,-0.2510350878259546
1612467091542,2021-02-04T19:31:31.542Z,84.583,0.9325298947141845,0.1993586554590461,0.16649849705920952,-0.25084332248425034
1612467091557,2021-02-04T19:31:31.557Z,84.598,0.9326258661790152,0.19926494532000655,0.1665993490172913,-0.2504937767839177
1612467091587,2021-02-04T19:31:31.587Z,84.628,0.9327075223550176,0.19917690855558476,0.1666120064731866,-0.2502512260501094
1612467091602,2021-02-04T19:31:31.602Z,84.643,0.9327075223550176,0.19917690855558476,0.1666120064731866,-0.2502512260501094
1612467091617,2021-02-04T19:31:31.617Z,84.658,0.9327075223550176,0.19917690855558476,0.1666120064731866,-0.2502512260501094
1612467091647,2021-02-04T19:31:31.647Z,84.688,0.9327209825892646,0.19915347871910682,0.16654994206909962,-0.25026101843590065
1612467091662,2021-02-04T19:31:31.662Z,84.703,0.932745823030508,0.19911021254541256,0.1664353628762234,-0.2502790899446469
1612467091677,2021-02-04T19:31:31.677Z,84.718,0.9327448606014358,0.19915416088697754,0.1663625638282481,-0.25029610979698425
1612467091707,2021-02-04T19:31:31.707Z,84.748,0.932683085248166,0.1992528165120987,0.166338404582722,-0.2504637953174731
1612467091722,2021-02-04T19:31:31.722Z,84.763,0.9326120820271802,0.19936536249402648,0.16615350998900227,-0.25076117684539684
1612467091737,2021-02-04T19:31:31.737Z,84.778,0.9325811137111337,0.19950797991426322,0.16593502688019332,-0.25090755101052803
1612467091767,2021-02-04T19:31:31.767Z,84.808,0.9326005129396737,0.19957096308739283,0.1658419739347496,-0.2508468728895256
1612467091782,2021-02-04T19:31:31.782Z,84.823,0.9327184629923972,0.19933395074421253,0.16591033565759525,-0.2505514027016977
1612467091797,2021-02-04T19:31:31.797Z,84.838,0.932848876330035,0.19897516497761436,0.1660298956679998,-0.25027171513456203
1612467091827,2021-02-04T19:31:31.827Z,84.868,0.9329220826916388,0.19871755741455585,0.16607007361652282,-0.250176838757089
1612467091842,2021-02-04T19:31:31.842Z,84.883,0.9329334829142418,0.19865539906520946,0.1660945215134825,-0.25016746151918307
1612467091857,2021-02-04T19:31:31.857Z,84.898,0.9329578250116474,0.19864580011861332,0.16592174747265165,-0.2501989539554352
1612467091887,2021-02-04T19:31:31.887Z,84.928,0.9329518023440019,0.19858406505678033,0.16582063136281114,-0.25033741594704
1612467091902,2021-02-04T19:31:31.902Z,84.943,0.9329243828310494,0.19854160271341328,0.1657861640714646,-0.25049605927791413
1612467091917,2021-02-04T19:31:31.917Z,84.958,0.9329084675352084,0.19853327083746852,0.1657952791119149,-0.2505558959511585
1612467091947,2021-02-04T19:31:31.947Z,84.988,0.9329371517512508,0.19844846378248956,0.16588134482403014,-0.25045929318754534
1612467091962,2021-02-04T19:31:31.962Z,85.003,0.9329815464939455,0.19844370834235012,0.16602330591223877,-0.2502034980072684
1612467091977,2021-02-04T19:31:31.977Z,85.018,0.9330244604617387,0.198422113886328,0.16619381508415249,-0.24994726789612398
1612467092007,2021-02-04T19:31:32.007Z,85.048,0.9330438996784814,0.19832107282075198,0.16651138090855958,-0.24974345512129548
1612467092022,2021-02-04T19:31:32.022Z,85.063,0.9331063925362922,0.19804822264951355,0.16684675225653095,-0.2495025510385075
1612467092037,2021-02-04T19:31:32.037Z,85.078,0.9332457735113868,0.1976417239267544,0.16707186128301862,-0.24915270087603203
1612467092067,2021-02-04T19:31:32.067Z,85.108,0.9334050673987614,0.19724682793499354,0.16721086835779342,-0.24877538971314964
1612467092082,2021-02-04T19:31:32.082Z,85.123,0.9335167739868432,0.19695542164174917,0.1673308521027474,-0.24850629872437185
1612467092097,2021-02-04T19:31:32.097Z,85.138,0.933567707468858,0.1967106864968054,0.16745409026554592,-0.24842578175912988
1612467092112,2021-02-04T19:31:32.112Z,85.153,0.9335987695667601,0.1964954374975864,0.1675715824088036,-0.2484001716486388
1612467092142,2021-02-04T19:31:32.142Z,85.183,0.9335619490739784,0.19641129936833948,0.16766885848940938,-0.24853941863312848
1612467092157,2021-02-04T19:31:32.157Z,85.198,0.9334986253853995,0.19637875856091747,0.16782143375353004,-0.24869995167380252
1612467092172,2021-02-04T19:31:32.172Z,85.213,0.9334823517320419,0.19625469595813805,0.16800370454263458,-0.24873590126708034
1612467092202,2021-02-04T19:31:32.202Z,85.243,0.9335029831133341,0.1960886890470601,0.16814168959899095,-0.24869615751979013
1612467092217,2021-02-04T19:31:32.217Z,85.258,0.9335530190804953,0.1959540583729587,0.1683087819650451,-0.2485013510754068
1612467092232,2021-02-04T19:31:32.232Z,85.273,0.9336097616520944,0.1957753673726925,0.16853502215713242,-0.24827558233644648
1612467092262,2021-02-04T19:31:32.262Z,85.303,0.9336785765177976,0.19563625844341181,0.16862545430186282,-0.24806496386118676
1612467092277,2021-02-04T19:31:32.277Z,85.318,0.9337801827234693,0.19531714694907137,0.16874944626570246,-0.24784956494942284
1612467092292,2021-02-04T19:31:32.292Z,85.333,0.933830232189626,0.19497786580210397,0.1689282256110655,-0.24780634351812436
1612467092322,2021-02-04T19:31:32.322Z,85.363,0.9338193399603141,0.19480226910408743,0.1690460680782622,-0.2479051091350509
1612467092337,2021-02-04T19:31:32.337Z,85.378,0.9338113561351751,0.19468126858595117,0.16916136450093305,-0.24795158312648935
1612467092352,2021-02-04T19:31:32.352Z,85.393,0.9338854183371295,0.19436689410329538,0.1692929362074936,-0.24782945273749962
1612467092382,2021-02-04T19:31:32.382Z,85.423,0.9340568239819347,0.19385833414916265,0.16945872298567669,-0.24746825464644207
1612467092397,2021-02-04T19:31:32.397Z,85.438,0.9342395032700693,0.19342504527574444,0.16955243718421836,-0.24705317936562193
1612467092412,2021-02-04T19:31:32.414Z,85.453,0.9343539634195218,0.19320906377754898,0.16950263921111286,-0.24682338628440573
1612467092442,2021-02-04T19:31:32.442Z,85.483,0.9344039724962133,0.19297981030671213,0.16952055583493203,-0.24680111455724266
1612467092457,2021-02-04T19:31:32.457Z,85.498,0.9343924424136824,0.19274545463713708,0.16970429216030808,-0.24690161299449925
1612467092472,2021-02-04T19:31:32.472Z,85.513,0.9344046168669974,0.19238159891992906,0.1700856223847478,-0.24687691960295569
1612467092502,2021-02-04T19:31:32.502Z,85.543,0.9344899599668351,0.1918422275896357,0.17048765562816684,-0.24669623773588636
1612467092517,2021-02-04T19:31:32.517Z,85.558,0.9346342511367871,0.19124053113767672,0.1707964174127123,-0.2464030431044619
1612467092532,2021-02-04T19:31:32.532Z,85.573,0.9347461992045337,0.19078017478413614,0.17102149934604438,-0.2461790298612849
1612467092569,2021-02-04T19:31:32.569Z,85.61,0.9347491296418295,0.19069116615253773,0.17110162389198227,-0.24618118954695575
1612467092577,2021-02-04T19:31:32.577Z,85.618,0.9347567872229391,0.1907795019638646,0.17087801431857053,-0.24623897862363556
1612467092592,2021-02-04T19:31:32.592Z,85.633,0.9347669981747309,0.19076544064776452,0.17082533592685895,-0.2462476606657264
1612467092622,2021-02-04T19:31:32.622Z,85.663,0.9347611148894801,0.19066938503068884,0.1710303009270502,-0.2462021118256256
1612467092637,2021-02-04T19:31:32.637Z,85.678,0.9347516449706234,0.19057682330083223,0.1711326616898275,-0.2462386012554331
1612467092652,2021-02-04T19:31:32.652Z,85.693,0.9347566121137751,0.19042988087478216,0.17122100024328119,-0.2462720155748187
1612467092667,2021-02-04T19:31:32.667Z,85.708,0.9347810051758842,0.1902561301554307,0.17131864472253364,-0.24624581066706053
1612467092697,2021-02-04T19:31:32.697Z,85.738,0.9348315540480777,0.190189667772934,0.17137960634233487,-0.24606276914320693
1612467092712,2021-02-04T19:31:32.712Z,85.753,0.9348659977837,0.1902425821132633,0.17141580783360877,-0.2458657092062988
1612467092727,2021-02-04T19:31:32.727Z,85.768,0.9348843918354652,0.19029991430236878,0.17146372863228262,-0.24571794049775472
1612467092757,2021-02-04T19:31:32.757Z,85.798,0.9348717404404003,0.19032690024165536,0.17150309221787274,-0.24571770251662303
1612467092772,2021-02-04T19:31:32.772Z,85.813,0.9348733712992083,0.19027341203650813,0.1715677647918289,-0.24570777438244312
1612467092787,2021-02-04T19:31:32.787Z,85.828,0.9348946166029768,0.19012353308862454,0.17164888021398828,-0.24568630392017296
1612467092817,2021-02-04T19:31:32.817Z,85.858,0.9349251528883534,0.18992316745463464,0.17174555646011702,-0.24565751117540166
1612467092832,2021-02-04T19:31:32.832Z,85.873,0.9349573578165171,0.18991900438389564,0.17170357970925723,-0.24556748879608173
1612467092847,2021-02-04T19:31:32.847Z,85.888,0.9349991333630444,0.18996469972708707,0.17153228608706553,-0.24549278665105168
1612467092877,2021-02-04T19:31:32.877Z,85.918,0.9350326637336375,0.1900150827809352,0.171401739367634,-0.24541725654216412
1612467092892,2021-02-04T19:31:32.892Z,85.933,0.9350236670561141,0.1900264783704555,0.17143493985498362,-0.24541952033197736
1612467092907,2021-02-04T19:31:32.907Z,85.948,0.9350179340423314,0.1900318518236799,0.17145726716742501,-0.24542160427955714
1612467092937,2021-02-04T19:31:32.937Z,85.978,0.9350196760710636,0.19003146206978194,0.17143658713516458,-0.245429715753882
1612467092952,2021-02-04T19:31:32.952Z,85.993,0.9350617440556068,0.19005868637788795,0.17128054394047573,-0.2453573023234753
1612467092967,2021-02-04T19:31:32.967Z,86.008,0.9351011064835095,0.1901559909188885,0.1710994309138833,-0.2452582404567019
1612467092997,2021-02-04T19:31:32.997Z,86.038,0.9350865898596918,0.19029535073572704,0.17106880206954153,-0.24522686213266096
1612467093012,2021-02-04T19:31:33.012Z,86.053,0.9350013246493359,0.19053920755858855,0.17098782367619075,-0.2454190242043433
1612467093034,2021-02-04T19:31:33.034Z,86.075,0.9349060733398614,0.19075993984196787,0.17092005277962788,-0.24565751554051782
1612467093057,2021-02-04T19:31:33.057Z,86.098,0.93487354652331,0.19090768139673106,0.17081252898982374,-0.24574130530855673
1612467093072,2021-02-04T19:31:33.072Z,86.113,0.9349056752965038,0.1909293701307578,0.1706716017429688,-0.24570013894654086
1612467093087,2021-02-04T19:31:33.087Z,86.128,0.9348911724457832,0.19110612787714598,0.17048269763186966,-0.2457490455300149
1612467093117,2021-02-04T19:31:33.117Z,86.158,0.9348717927560164,0.19131468767907253,0.17027601470671325,-0.24580378394770516
1612467093132,2021-02-04T19:31:33.132Z,86.173,0.9348865889202145,0.19153609033279578,0.17001615035647097,-0.24575496042830722
1612467093147,2021-02-04T19:31:33.147Z,86.188,0.9348565123401495,0.19183711929630673,0.1698340636253396,-0.24576047653723804
1612467093177,2021-02-04T19:31:33.177Z,86.218,0.9347955582311686,0.1921845617491213,0.16969946740929226,-0.24581385090669491
1612467093192,2021-02-04T19:31:33.192Z,86.233,0.9347584597139558,0.19243734251364433,0.16954678804270704,-0.24586251821674796
1612467093207,2021-02-04T19:31:33.207Z,86.248,0.9347399662546031,0.19263445576847643,0.16934915607827716,-0.24591467071466344
1612467093222,2021-02-04T19:31:33.222Z,86.263,0.9347401160089389,0.192724824498865,0.1691936851835429,-0.24595030888268754
1612467093252,2021-02-04T19:31:33.252Z,86.293,0.934740784747471,0.1928410577209814,0.16898980513549777,-0.24599682426202535
1612467093267,2021-02-04T19:31:33.267Z,86.308,0.934726127880631,0.19302780772002553,0.16877969004212942,-0.2460502947231845
1612467093282,2021-02-04T19:31:33.282Z,86.323,0.9347499311727238,0.19322314741921132,0.16847021866521886,-0.2460186311987268
1612467093312,2021-02-04T19:31:33.312Z,86.353,0.9347339640425205,0.19340759750305658,0.16827269859165347,-0.24606953611151125
1612467093334,2021-02-04T19:31:33.334Z,86.375,0.9347107691716054,0.19362876615348015,0.16806572455756585,-0.2461251534107128
1612467093342,2021-02-04T19:31:33.342Z,86.383,0.9346940758679093,0.1938041563285226,0.16788814328134227,-0.2461716979523999
1612467093372,2021-02-04T19:31:33.372Z,86.413,0.934684050352828,0.19395800995509008,0.16769698272579625,-0.24621888305927572
1612467093387,2021-02-04T19:31:33.387Z,86.428,0.9346964511162854,0.19397376996887392,0.16757519653549047,-0.2462423081860131
1612467093402,2021-02-04T19:31:33.402Z,86.443,0.9347078587243133,0.19395415604147564,0.16752255524830104,-0.24625027446954895
1612467093432,2021-02-04T19:31:33.432Z,86.473,0.9347192632012287,0.19393454146512665,0.16746991340183706,-0.24625823992801604
1612467093447,2021-02-04T19:31:33.447Z,86.488,0.9347107315726578,0.19398252115342796,0.1674512990281782,-0.2462654913373826
1612467093462,2021-02-04T19:31:33.462Z,86.503,0.9347013486056807,0.19403529260048866,0.1674308180967555,-0.24627345632774936
1612467093492,2021-02-04T19:31:33.492Z,86.533,0.9347013486056807,0.19403529260048866,0.1674308180967555,-0.24627345632774936
1612467093507,2021-02-04T19:31:33.507Z,86.548,0.9347013486056807,0.19403529260048866,0.1674308180967555,-0.24627345632774936
1612467093522,2021-02-04T19:31:33.522Z,86.563,0.9347013486056807,0.19403529260048866,0.1674308180967555,-0.24627345632774936
1612467093552,2021-02-04T19:31:33.552Z,86.593,0.9347013486056807,0.19403529260048866,0.1674308180967555,-0.24627345632774936
1612467093567,2021-02-04T19:31:33.567Z,86.608,0.9347013486056807,0.19403529260048866,0.1674308180967555,-0.24627345632774936
1612467093582,2021-02-04T19:31:33.582Z,86.623,0.9346857155810345,0.19402687045379682,0.16743966400234248,-0.24633340323524516
1612467093612,2021-02-04T19:31:33.612Z,86.653,0.934658350306981,0.19401214605096886,0.16745514397156372,-0.246438288712597
1612467093634,2021-02-04T19:31:33.634Z,86.675,0.9346113449384565,0.1940825608256038,0.16743899156671907,-0.2465720535641162
1612467093642,2021-02-04T19:31:33.642Z,86.683,0.9345781473245879,0.1943092648194272,0.1672961305857529,-0.2466163028668407
1612467093672,2021-02-04T19:31:33.672Z,86.713,0.9345636116551369,0.19439077820769687,0.16726445310852378,-0.24662863549113498
1612467093687,2021-02-04T19:31:33.687Z,86.728,0.9345636116551369,0.19439077820769687,0.16726445310852378,-0.24662863549113498
1612467093702,2021-02-04T19:31:33.702Z,86.743,0.9345397571775167,0.19443188299445918,0.16737461331623474,-0.24661188930596614
1612467093732,2021-02-04T19:31:33.732Z,86.773,0.9345482873193736,0.19434372965082125,0.16746370378938924,-0.2465885669023888
1612467093747,2021-02-04T19:31:33.747Z,86.788,0.934567823413664,0.19423409995521926,0.1675062984289579,-0.2465719729431176
1612467093762,2021-02-04T19:31:33.762Z,86.803,0.934567823413664,0.19423409995521926,0.1675062984289579,-0.2465719729431176
1612467093792,2021-02-04T19:31:33.792Z,86.833,0.9345508660838201,0.19422497331516944,0.16751588869589962,-0.2466369102083594
1612467093807,2021-02-04T19:31:33.807Z,86.848,0.934494209492683,0.1943101431660697,0.16749628914736894,-0.24679775892274175
1612467093822,2021-02-04T19:31:33.822Z,86.863,0.934471348525312,0.19437405613500777,0.16733804996766727,-0.24694129286113425
1612467093852,2021-02-04T19:31:33.852Z,86.893,0.9344641097629305,0.19446289987493814,0.16723774617965934,-0.24696668680198905
1612467093867,2021-02-04T19:31:33.867Z,86.908,0.9344641097629305,0.19446289987493814,0.16723774617965934,-0.24696668680198905
1612467093882,2021-02-04T19:31:33.882Z,86.923,0.9344554542391204,0.19451142579733122,0.16721886791326412,-0.24697400569868697
1612467093897,2021-02-04T19:31:33.897Z,86.938,0.934446891690733,0.1945593866525164,0.1672002080482084,-0.246981258607936
1612467093927,2021-02-04T19:31:33.927Z,86.968,0.934446891690733,0.1945593866525164,0.1672002080482084,-0.246981258607936
1612467093942,2021-02-04T19:31:33.942Z,86.983,0.934446891690733,0.1945593866525164,0.1672002080482084,-0.246981258607936
1612467093957,2021-02-04T19:31:33.957Z,86.998,0.9344239540641774,0.1945996336242393,0.16718968191541847,-0.24704345149264983
1612467093987,2021-02-04T19:31:33.987Z,87.028,0.9343582259403556,0.19474302305350102,0.16714696414401675,-0.24720791445059737
1612467094002,2021-02-04T19:31:34.002Z,87.043,0.9343043318110913,0.19491083348915564,0.16702122286019688,-0.24736429342546049
1612467094017,2021-02-04T19:31:34.017Z,87.058,0.9342979218602405,0.19505427941136616,0.1668173888098707,-0.24741297476406776
1612467094054,2021-02-04T19:31:34.054Z,87.095,0.9342884786410632,0.19510701475496792,0.16679683395609032,-0.24742091191772078
1612467094062,2021-02-04T19:31:34.062Z,87.103,0.9342884786410632,0.19510701475496792,0.16679683395609032,-0.24742091191772078
1612467094077,2021-02-04T19:31:34.077Z,87.118,0.9342635610460008,0.1952460152646305,0.166742672106175,-0.2474418584714835
1612467094107,2021-02-04T19:31:34.107Z,87.148,0.9342308735124789,0.19542814667267905,0.16667169800079534,-0.247469310318924
1612467094122,2021-02-04T19:31:34.122Z,87.163,0.934255072760513,0.19549419274911076,0.16663407563457386,-0.24735109553028756
1612467094137,2021-02-04T19:31:34.137Z,87.178,0.9343051262087317,0.1954631409782043,0.16663149284757003,-0.24718826276830097
1612467094167,2021-02-04T19:31:34.167Z,87.208,0.9343528323025426,0.19537651555206934,0.16654449942584587,-0.2471350473930054
1612467094182,2021-02-04T19:31:34.182Z,87.223,0.9343528323025426,0.19537651555206934,0.16654449942584587,-0.2471350473930054
1612467094197,2021-02-04T19:31:34.197Z,87.238,0.9343289739585708,0.1954215881178541,0.16653213781987658,-0.24719793363246714
1612467094227,2021-02-04T19:31:34.227Z,87.268,0.934281110868113,0.19544861445961817,0.16653578963501808,-0.24735495901942475
1612467094242,2021-02-04T19:31:34.242Z,87.283,0.9342336864321374,0.19542336480362038,0.1665627494198469,-0.24753581181306109
1612467094257,2021-02-04T19:31:34.257Z,87.298,0.9341943701106422,0.19540245439763118,0.16658508068759542,-0.24768562849158102
1612467094287,2021-02-04T19:31:34.287Z,87.328,0.9341642229071112,0.19538640832625684,0.1666021855632484,-0.2478004597398227
1612467094302,2021-02-04T19:31:34.302Z,87.343,0.9341529054504536,0.19544945372133327,0.1665775805974724,-0.24780994717888347
1612467094317,2021-02-04T19:31:34.317Z,87.358,0.9341313742397034,0.19556927260607337,0.16653083083720316,-0.2478280001413189
1612467094347,2021-02-04T19:31:34.347Z,87.388,0.9341313742397034,0.19556927260607337,0.16653083083720316,-0.2478280001413189
1612467094362,2021-02-04T19:31:34.362Z,87.403,0.9341313742397034,0.19556927260607337,0.16653083083720316,-0.2478280001413189
1612467094377,2021-02-04T19:31:34.377Z,87.418,0.9341313742397034,0.19556927260607337,0.16653083083720316,-0.2478280001413189
1612467094407,2021-02-04T19:31:34.407Z,87.448,0.9341313742397034,0.19556927260607337,0.16653083083720316,-0.2478280001413189
1612467094422,2021-02-04T19:31:34.422Z,87.463,0.9341313742397034,0.19556927260607337,0.16653083083720316,-0.2478280001413189
1612467094437,2021-02-04T19:31:34.437Z,87.478,0.9341313742397034,0.19556927260607337,0.16653083083720316,-0.2478280001413189
1612467094452,2021-02-04T19:31:34.452Z,87.493,0.9341143192890425,0.19556021248284242,0.16654050951568747,-0.247892921405774
1612467094482,2021-02-04T19:31:34.482Z,87.523,0.9340813058422534,0.19554267858324847,0.16655925158297433,-0.24801852882524444
1612467094497,2021-02-04T19:31:34.497Z,87.538,0.9340511185509647,0.19552663577789753,0.16657637426950184,-0.2481333394977309
1612467094512,2021-02-04T19:31:34.512Z,87.553,0.9340511185509647,0.19552663577789753,0.16657637426950184,-0.2481333394977309
1612467094542,2021-02-04T19:31:34.542Z,87.583,0.9340624343440533,0.19546364978484712,0.16660097597290072,-0.24812385045562385
1612467094557,2021-02-04T19:31:34.557Z,87.598,0.9340882493404222,0.19545161123363175,0.16654018660853837,-0.24807695651695622
1612467094572,2021-02-04T19:31:34.572Z,87.613,0.9341324665450735,0.19547399784410446,0.16638364324314525,-0.24799785155197918
1612467094602,2021-02-04T19:31:34.602Z,87.643,0.9341425887166538,0.19545640896627978,0.1663367175392878,-0.24800506554909385
1612467094617,2021-02-04T19:31:34.617Z,87.658,0.9341425887166538,0.19545640896627978,0.1663367175392878,-0.24800506554909385
1612467094632,2021-02-04T19:31:34.632Z,87.673,0.9341425887166538,0.19545640896627978,0.1663367175392878,-0.24800506554909385
1612467094662,2021-02-04T19:31:34.662Z,87.703,0.9341425887166538,0.19545640896627978,0.1663367175392878,-0.24800506554909385
1612467094677,2021-02-04T19:31:34.677Z,87.718,0.9341425887166538,0.19545640896627978,0.1663367175392878,-0.24800506554909385
1612467094692,2021-02-04T19:31:34.692Z,87.733,0.9341425887166538,0.19545640896627978,0.1663367175392878,-0.24800506554909385
1612467094722,2021-02-04T19:31:34.722Z,87.763,0.9341425887166538,0.19545640896627978,0.1663367175392878,-0.24800506554909385
1612467094737,2021-02-04T19:31:34.737Z,87.778,0.9341463424101725,0.1954828406222317,0.16626063045289263,-0.24802111350723133
1612467094752,2021-02-04T19:31:34.752Z,87.793,0.9341373450503017,0.1955841461165749,0.166149833412272,-0.2480493806226862
1612467094782,2021-02-04T19:31:34.782Z,87.823,0.9341183810812358,0.19568958787559304,0.16610865671625358,-0.24806521216642455
1612467094797,2021-02-04T19:31:34.797Z,87.838,0.9341183810812358,0.19568958787559304,0.16610865671625358,-0.24806521216642455
1612467094812,2021-02-04T19:31:34.812Z,87.853,0.9341183810812358,0.19568958787559304,0.16610865671625358,-0.24806521216642455
1612467094842,2021-02-04T19:31:34.842Z,87.883,0.9341183810812358,0.19568958787559304,0.16610865671625358,-0.24806521216642455
1612467094857,2021-02-04T19:31:34.857Z,87.898,0.934128804110019,0.19567145534411226,0.16606026988874178,-0.24807266205686887
1612467094872,2021-02-04T19:31:34.872Z,87.913,0.934128804110019,0.19567145534411226,0.16606026988874178,-0.24807266205686887
1612467094902,2021-02-04T19:31:34.902Z,87.943,0.934128804110019,0.19567145534411226,0.16606026988874178,-0.24807266205686887
1612467094917,2021-02-04T19:31:34.917Z,87.958,0.934128804110019,0.19567145534411226,0.16606026988874178,-0.24807266205686887
1612467094938,2021-02-04T19:31:34.939Z,87.979,0.9341502226817854,0.19555236246163463,0.1661067710471543,-0.24805478348851187
1612467094962,2021-02-04T19:31:34.962Z,88.003,0.9341822659700639,0.19537401879892677,0.1661764109594143,-0.24802799673835457
1612467094977,2021-02-04T19:31:34.977Z,88.018,0.9342200798527938,0.19516329374749725,0.16625867937841093,-0.24799633607135108
1612467094992,2021-02-04T19:31:34.992Z,88.033,0.9342604235937298,0.19493815646300525,0.1663465437449814,-0.247962504111748
1612467095022,2021-02-04T19:31:35.022Z,88.063,0.9342861388181682,0.19479448203288652,0.16640261865278544,-0.24794089837554797
1612467095037,2021-02-04T19:31:35.037Z,88.078,0.9343110954769562,0.194654953968076,0.16645704589561836,-0.24791990165382094
1612467095052,2021-02-04T19:31:35.052Z,88.093,0.9343470356532039,0.1944537538337089,0.16653554388585046,-0.24788962706957735
1612467095082,2021-02-04T19:31:35.082Z,88.123,0.9343757489733984,0.19420874773773733,0.16674633749112566,-0.24783175939704793
1612467095097,2021-02-04T19:31:35.097Z,88.138,0.9344090643623031,0.19390441157308771,0.1670250464280312,-0.24775676272460032
1612467095112,2021-02-04T19:31:35.112Z,88.153,0.9344540072159423,0.19355450829637932,0.16729313371081694,-0.24767997119151391
1612467095127,2021-02-04T19:31:35.127Z,88.168,0.9345268354661983,0.19319199168001217,0.1674842284931661,-0.24755904618957528
1612467095157,2021-02-04T19:31:35.157Z,88.198,0.9346023074790015,0.19284717990724737,0.1676138941969247,-0.24745519701329735
1612467095172,2021-02-04T19:31:35.172Z,88.213,0.9346731195282341,0.19249415254916075,0.1678011572608036,-0.2473356676415171
1612467095187,2021-02-04T19:31:35.187Z,88.228,0.9347287923600727,0.1921777821765853,0.16792429340188578,-0.24728771998675256
1612467095217,2021-02-04T19:31:35.217Z,88.258,0.9347486948769609,0.19194818976274053,0.1681682546727002,-0.24722501490133036
1612467095232,2021-02-04T19:31:35.232Z,88.273,0.9347888727613116,0.19161119488551667,0.16844198344700195,-0.2471481571216358
1612467095247,2021-02-04T19:31:35.247Z,88.288,0.9349027495442411,0.19114801224195704,0.16861176433152292,-0.24696023817525284
1612467095277,2021-02-04T19:31:35.277Z,88.318,0.9350181861950269,0.19072487133908134,0.16876317158204795,-0.24674684770999858
1612467095292,2021-02-04T19:31:35.292Z,88.333,0.9351339633146616,0.19033909862379525,0.16884528771236926,-0.24654972522357696
1612467095307,2021-02-04T19:31:35.307Z,88.348,0.9351780581994356,0.1900848930746789,0.168943930630138,-0.2465110163671398
1612467095337,2021-02-04T19:31:35.337Z,88.378,0.9352297608707,0.18983342892079608,0.16898052003637762,-0.24648356434890722
1612467095352,2021-02-04T19:31:35.352Z,88.393,0.9352728796048921,0.1895840006900559,0.16907726825022337,-0.2464455816584424
1612467095367,2021-02-04T19:31:35.367Z,88.408,0.9353366192836259,0.18921459796102422,0.16922052243324676,-0.24638924354148412
1612467095397,2021-02-04T19:31:35.397Z,88.438,0.9354071746614754,0.188804538738119,0.16937950745856994,-0.2463267062192284
1612467095412,2021-02-04T19:31:35.412Z,88.453,0.9354707001671838,0.18853321773333348,0.16935867322558348,-0.24630760187843279
1612467095427,2021-02-04T19:31:35.427Z,88.468,0.9354608598096725,0.18836787477998837,0.16938181202592384,-0.24645552391827896
1612467095457,2021-02-04T19:31:35.457Z,88.498,0.9354208218075567,0.18816642065346253,0.16948248550512698,-0.24669205778529585
1612467095479,2021-02-04T19:31:35.479Z,88.52,0.9354023529157693,0.1878992705813591,0.1696054886892295,-0.2468811059622095
1612467095487,2021-02-04T19:31:35.487Z,88.528,0.9354322545222241,0.1875904011612323,0.16973224001190365,-0.24691558333199312
1612467095517,2021-02-04T19:31:35.517Z,88.558,0.935489781247208,0.18725251482085908,0.16986340073404985,-0.2468639098093895
1612467095532,2021-02-04T19:31:35.532Z,88.573,0.9355676116080063,0.18689472178319474,0.1698762042303546,-0.2468312830983138
1612467095547,2021-02-04T19:31:35.547Z,88.588,0.9356309103179534,0.1866263261878559,0.16984879268739628,-0.24681329310605557
1612467095577,2021-02-04T19:31:35.577Z,88.618,0.9356913625185821,0.18642353768287004,0.16973442355488014,-0.24681605329964976
1612467095592,2021-02-04T19:31:35.592Z,88.633,0.9357043597628962,0.18637237578757915,0.16962288786333363,-0.24688208638316456
1612467095607,2021-02-04T19:31:35.607Z,88.648,0.9357140920202568,0.18631480533861355,0.16964523149479072,-0.24687330098133226
1612467095637,2021-02-04T19:31:35.637Z,88.678,0.9357508182500935,0.18609735042042308,0.16972960897389558,-0.24684011454451066
1612467095653,2021-02-04T19:31:35.653Z,88.694,0.9358090735238147,0.18575175627006876,0.16986367423628282,-0.2467873479901969
1612467095667,2021-02-04T19:31:35.667Z,88.708,0.9358618396571348,0.1854069009106148,0.16992523844722868,-0.24680419669636383
1612467095682,2021-02-04T19:31:35.682Z,88.723,0.9359057525920632,0.18513603656445488,0.16981902610733418,-0.24691409154247404
1612467095712,2021-02-04T19:31:35.712Z,88.753,0.9359098955864903,0.18506232503888476,0.16979734877577082,-0.24696854768007706
1612467095727,2021-02-04T19:31:35.727Z,88.768,0.9358843391014782,0.18498546943627966,0.16983831110011327,-0.2470947753488326
1612467095742,2021-02-04T19:31:35.742Z,88.783,0.9358804351287607,0.1847777511459904,0.16993013920967945,-0.24720182364378088
1612467095772,2021-02-04T19:31:35.772Z,88.813,0.9358912507154604,0.184610803743171,0.169999887713525,-0.24723765116369426
1612467095794,2021-02-04T19:31:35.794Z,88.835,0.9359024715237566,0.18454362350921305,0.17002598517886833,-0.2472273835596877
1612467095802,2021-02-04T19:31:35.802Z,88.843,0.9359024715237566,0.18454362350921305,0.17002598517886833,-0.2472273835596877
1612467095832,2021-02-04T19:31:35.832Z,88.873,0.9359168276805356,0.1845514958145844,0.17001842146137022,-0.2471723556969628
1612467095847,2021-02-04T19:31:35.847Z,88.888,0.9359828440506825,0.1845593690827279,0.16993277790529382,-0.2469753143939105
1612467095862,2021-02-04T19:31:35.862Z,88.903,0.9360879144386296,0.18454147040592825,0.1697416931409941,-0.246721745600146
1612467095892,2021-02-04T19:31:35.892Z,88.933,0.9361539460577689,0.18469379677194173,0.1696561963116177,-0.24641583911653522
1612467095907,2021-02-04T19:31:35.907Z,88.948,0.9362316546595454,0.18476939815728227,0.16967445979424683,-0.24605108415037683
1612467095922,2021-02-04T19:31:35.922Z,88.963,0.9363160663600671,0.18484640387053095,0.16968483346537022,-0.24566458463517446
1612467095952,2021-02-04T19:31:35.952Z,88.993,0.9364439146138686,0.18493209337151842,0.16951538238174568,-0.24522938396499736
1612467095967,2021-02-04T19:31:35.967Z,89.008,0.936616836726649,0.18474958298470032,0.1694860882192804,-0.24472629333047036
1612467095982,2021-02-04T19:31:35.982Z,89.023,0.9368469714404407,0.18439765788188037,0.16923225139162668,-0.24428610472041243
1612467096012,2021-02-04T19:31:36.012Z,89.053,0.9371714486625173,0.18397145567768816,0.169000646974392,-0.24352199208668657
1612467096027,2021-02-04T19:31:36.027Z,89.068,0.937471593778484,0.18394958045827514,0.1688789146037213,-0.24246540971842245
1612467096042,2021-02-04T19:31:36.042Z,89.083,0.9376688922942027,0.18412332707555176,0.1689411803420666,-0.24152541571234634
1612467096072,2021-02-04T19:31:36.072Z,89.113,0.9378203907878071,0.18425183282331603,0.16889889554385784,-0.2408678887023306
1612467096087,2021-02-04T19:31:36.087Z,89.128,0.9380234525377995,0.18416239695436723,0.1691038133454053,-0.24000023822723796
1612467096102,2021-02-04T19:31:36.102Z,89.143,0.9382702741104569,0.18433650155668033,0.16938662472832575,-0.23869880242195876
1612467096132,2021-02-04T19:31:36.132Z,89.173,0.9386362635951299,0.1844768659335935,0.1696962049079284,-0.23692498525765338
1612467096147,2021-02-04T19:31:36.147Z,89.188,0.9390130757322738,0.18434399685549202,0.17001814811449795,-0.2352988817204071
1612467096162,2021-02-04T19:31:36.162Z,89.203,0.9391945731231318,0.18411969132049824,0.17037591749869613,-0.23448995675845086
1612467096192,2021-02-04T19:31:36.192Z,89.233,0.9390352972714829,0.18444390153276558,0.17059240325292532,-0.23471555043929307
1612467096207,2021-02-04T19:31:36.207Z,89.248,0.9385636424815742,0.1856528600540566,0.1705797523836676,-0.23565621706671633
1612467096222,2021-02-04T19:31:36.222Z,89.263,0.9378260732584426,0.18732610306756833,0.17079448113804976,-0.23710848284899746
1612467096237,2021-02-04T19:31:36.237Z,89.278,0.9372608721196036,0.18911356016769842,0.17048314115002444,-0.23814621042107603
1612467096267,2021-02-04T19:31:36.267Z,89.308,0.93705287207551,0.19028566987984438,0.16998430783855503,-0.23838752874692154
1612467096282,2021-02-04T19:31:36.282Z,89.323,0.9369237963571798,0.19148714167777314,0.16967079923275824,-0.23815602927375826
1612467096304,2021-02-04T19:31:36.304Z,89.345,0.9365027079430132,0.19294270098056457,0.17038082153480485,-0.23813056882066383
1612467096327,2021-02-04T19:31:36.327Z,89.368,0.9358061427678487,0.19464706097738702,0.17155075706472625,-0.2386414099885967
1612467096342,2021-02-04T19:31:36.342Z,89.383,0.9348607496062762,0.19640322831888943,0.1733092898339278,-0.23963522447413466
1612467096357,2021-02-04T19:31:36.357Z,89.398,0.9338209202011855,0.19829559673693722,0.1752884306844939,-0.24068924233858158
1612467096387,2021-02-04T19:31:36.387Z,89.428,0.9330049301338657,0.20005138369143394,0.1766193784965213,-0.24142667493163608
1612467096402,2021-02-04T19:31:36.402Z,89.443,0.9324196068359498,0.20149423852788723,0.17754292045444253,-0.24181038030751895
1612467096417,2021-02-04T19:31:36.417Z,89.458,0.931961314747988,0.20251803955118797,0.17844256598201197,-0.24205950118782837
1612467096447,2021-02-04T19:31:36.447Z,89.488,0.9315705160089293,0.2033578986851222,0.17933645225459754,-0.24219904136466666
1612467096462,2021-02-04T19:31:36.462Z,89.503,0.9312117786767372,0.20420247057244645,0.17984609649969313,-0.24248990873774365
1612467096477,2021-02-04T19:31:36.477Z,89.518,0.9308129452787889,0.2055554914736426,0.18027520708817876,-0.24255937527906468
1612467096507,2021-02-04T19:31:36.507Z,89.548,0.9308334722492253,0.20604175227125773,0.18045680085024207,-0.2419321935756717
1612467096522,2021-02-04T19:31:36.522Z,89.563,0.931258505795829,0.2063755642070053,0.18020570023077873,-0.24019289640931307
1612467096537,2021-02-04T19:31:36.537Z,89.578,0.9320351619467118,0.2066927562903696,0.17939270359639484,-0.23750119849893936
1612467096567,2021-02-04T19:31:36.567Z,89.608,0.9329639784607335,0.20631764214135104,0.17870071727717807,-0.23468553232054057
1612467096582,2021-02-04T19:31:36.582Z,89.623,0.9336518207570017,0.20615377757623002,0.17795895899199743,-0.23264889104113623
1612467096603,2021-02-04T19:31:36.604Z,89.644,0.9341992038119503,0.2059520222848826,0.17743605266913956,-0.23102393669721666
1612467096627,2021-02-04T19:31:36.627Z,89.668,0.9344850762732098,0.20582868833672346,0.17726783805023216,-0.23010499097853943
1612467096642,2021-02-04T19:31:36.642Z,89.683,0.934487473011208,0.20609101349229564,0.17727362995669285,-0.22985586149764067
1612467096657,2021-02-04T19:31:36.657Z,89.698,0.9342210659619068,0.20675761446846608,0.17780496285410266,-0.2299297369997163
1612467096687,2021-02-04T19:31:36.687Z,89.728,0.9338092244487932,0.20731373489924043,0.17882967801558386,-0.23030695585959565
1612467096702,2021-02-04T19:31:36.702Z,89.743,0.9332446440284329,0.2077065686850836,0.18047144953550615,-0.2309598917991289
1612467096717,2021-02-04T19:31:36.717Z,89.758,0.9327876012920966,0.20785725901542879,0.1822901549648534,-0.23124218938857008
1612467096747,2021-02-04T19:31:36.747Z,89.788,0.9325809064566526,0.20765831345143937,0.18370313113627046,-0.23113640426752824
1612467096762,2021-02-04T19:31:36.762Z,89.803,0.9323374369966704,0.2074862483509695,0.1849618251117007,-0.231269287997927
1612467096777,2021-02-04T19:31:36.777Z,89.818,0.931799329542436,0.20800202468526963,0.18593411285288694,-0.23219318006501638
1612467096807,2021-02-04T19:31:36.807Z,89.848,0.9308464766188876,0.20923980841030226,0.18666379137131764,-0.23430784991866557
1612467096822,2021-02-04T19:31:36.822Z,89.863,0.9296883936987365,0.21089636407220222,0.18701464073055746,-0.23712388828502423
1612467096837,2021-02-04T19:31:36.837Z,89.878,0.9286858945506835,0.2125743013396505,0.1865732335075461,-0.23988560651088459
1612467096867,2021-02-04T19:31:36.867Z,89.908,0.927870366487592,0.2138465495351413,0.18619011612757957,-0.24219718599210546
1612467096882,2021-02-04T19:31:36.882Z,89.923,0.9271772966024978,0.21485659997576687,0.18590378517581904,-0.24416937721393264
1612467096897,2021-02-04T19:31:36.897Z,89.938,0.9265794340978013,0.2156691765813506,0.1858199935888041,-0.24578097681142327
1612467096912,2021-02-04T19:31:36.912Z,89.953,0.9260103322594851,0.21671790822988163,0.18599119917083487,-0.2468713969501885
1612467096942,2021-02-04T19:31:36.942Z,89.983,0.9255681188530321,0.21781224313786168,0.18606047947924603,-0.2475135997840635
1612467096957,2021-02-04T19:31:36.957Z,89.998,0.9252492098485594,0.2187921310450604,0.1862032928730824,-0.24773420593571444
1612467096972,2021-02-04T19:31:36.972Z,90.013,0.9251049516334814,0.2195698101584851,0.18625234847318375,-0.2475479541793959
1612467097002,2021-02-04T19:31:37.002Z,90.043,0.9251333842118906,0.21993703877205864,0.18610521746213585,-0.2472261483464153
1612467097017,2021-02-04T19:31:37.017Z,90.058,0.9251576911992333,0.220217857924134,0.18590186358597932,-0.24703813183690898
1612467097032,2021-02-04T19:31:37.032Z,90.073,0.9251211743978045,0.2205005961461631,0.18563842300218925,-0.2471207714565366
1612467097062,2021-02-04T19:31:37.062Z,90.103,0.9251785675051236,0.22061705277935192,0.1851742776087278,-0.24715019960381596
1612467097077,2021-02-04T19:31:37.077Z,90.118,0.9253500196496295,0.22043210131323843,0.18476208235119038,-0.2469817863129033
1612467097092,2021-02-04T19:31:37.092Z,90.133,0.9255116026752311,0.22007272742786946,0.18462103019804135,-0.24680223492626233
1612467097122,2021-02-04T19:31:37.122Z,90.163,0.9255205473453174,0.21993651427874183,0.18468184123853795,-0.24684461437366678
1612467097137,2021-02-04T19:31:37.137Z,90.178,0.9253863079641482,0.2200779661806193,0.18470791946547327,-0.24720205161167444
1612467097152,2021-02-04T19:31:37.152Z,90.193,0.9251953803545149,0.22043059218448838,0.18465015194559536,-0.24764527773880302
1612467097182,2021-02-04T19:31:37.182Z,90.223,0.9250582418487362,0.2208026506322509,0.1844560285908853,-0.24797058732433547
1612467097197,2021-02-04T19:31:37.197Z,90.238,0.9249633403449372,0.22110353117254525,0.1841808974396979,-0.24826083972160126
1612467097212,2021-02-04T19:31:37.212Z,90.253,0.9249133328389367,0.2213069421187882,0.1837512052873616,-0.24858410782317408
1612467097242,2021-02-04T19:31:37.242Z,90.283,0.9248816451098677,0.22159231274415883,0.1830407775536261,-0.24897161128153478
1612467097257,2021-02-04T19:31:37.257Z,90.298,0.9248403891740253,0.22213587662665313,0.18227166032466233,-0.24920463220060013
1612467097278,2021-02-04T19:31:37.279Z,90.319,0.9248260896565094,0.22275568975933382,0.18140764000223256,-0.2493348646285035
1612467097302,2021-02-04T19:31:37.302Z,90.343,0.9249809381102547,0.22312774352780623,0.18042311472791606,-0.24914207567719207
1612467097317,2021-02-04T19:31:37.317Z,90.358,0.925168196463438,0.22316976892520027,0.17968696829707564,-0.24894106916028946
1612467097332,2021-02-04T19:31:37.332Z,90.373,0.9253598016894261,0.22302502329570806,0.1791638265950671,-0.24873560187690819
1612467097362,2021-02-04T19:31:37.362Z,90.403,0.9255217367385822,0.22287332071892788,0.17876065718283196,-0.24855909796199083
1612467097377,2021-02-04T19:31:37.377Z,90.418,0.9256713180483884,0.22261617848579138,0.1784841713468693,-0.24843117476992066
1612467097392,2021-02-04T19:31:37.392Z,90.433,0.9258111844006647,0.22234895567420337,0.1782519254137268,-0.24831601606728657
1612467097422,2021-02-04T19:31:37.422Z,90.463,0.9258903886991632,0.22219281929429463,0.17803782046393074,-0.24831406253577032
1612467097437,2021-02-04T19:31:37.437Z,90.478,0.9258836619767786,0.22223225984780148,0.1778399509614878,-0.24844560573579322
1612467097452,2021-02-04T19:31:37.452Z,90.493,0.9257341895646201,0.22261301165928113,0.17774503510853307,-0.24872949122568352
1612467097467,2021-02-04T19:31:37.467Z,90.508,0.925546134759006,0.22289685001148463,0.1782835995904042,-0.24878967985973588
1612467097497,2021-02-04T19:31:37.497Z,90.538,0.9253288291477928,0.22317044000701247,0.17866338480401545,-0.24908012282280442
1612467097512,2021-02-04T19:31:37.512Z,90.553,0.925213110283006,0.22307831261424654,0.17920607305538352,-0.24920262916288657
1612467097527,2021-02-04T19:31:37.527Z,90.568,0.9252484240733639,0.2224739097427299,0.17980866082163496,-0.24917776531438393
1612467097563,2021-02-04T19:31:37.564Z,90.604,0.9251968204242584,0.2220012847398777,0.1804649366116084,-0.24931642485896213
1612467097572,2021-02-04T19:31:37.572Z,90.613,0.9250309818600253,0.2219904073089152,0.18077218478509063,-0.24971855932213816
1612467097587,2021-02-04T19:31:37.587Z,90.628,0.9246716630631582,0.22253256364921298,0.18088121131377205,-0.2504866484213973
1612467097617,2021-02-04T19:31:37.617Z,90.658,0.9242343935846287,0.22316438618469434,0.18090678009075928,-0.2515177516026575
1612467097632,2021-02-04T19:31:37.632Z,90.673,0.9239037377716419,0.22361609247622496,0.18081792034225397,-0.25239375230055866
1612467097647,2021-02-04T19:31:37.647Z,90.688,0.9238327698246519,0.2234735721088228,0.18079012888135768,-0.25279933794631787
1612467097677,2021-02-04T19:31:37.677Z,90.718,0.9240321962218818,0.22277289272280948,0.18091015271682712,-0.25260295971593816
1612467097692,2021-02-04T19:31:37.692Z,90.733,0.9242926507574571,0.2220392193913765,0.18116932720244833,-0.2521098087913952
1612467097707,2021-02-04T19:31:37.707Z,90.748,0.9245138638869019,0.2214230856690889,0.18143664610071913,-0.2516479208446058
1612467097737,2021-02-04T19:31:37.737Z,90.778,0.9246194469711589,0.22116884019797683,0.18157657361118992,-0.2513825179360133
1612467097752,2021-02-04T19:31:37.752Z,90.793,0.9245934382732356,0.22120212757310098,0.18167640093050766,-0.2513767650443199
1612467097767,2021-02-04T19:31:37.767Z,90.808,0.9245985723964855,0.2212008107349925,0.18163685563876564,-0.2513876168911771
1612467097797,2021-02-04T19:31:37.797Z,90.838,0.9246870980538552,0.22093758002391944,0.1817474940108078,-0.25121346470025335
1612467097812,2021-02-04T19:31:37.812Z,90.853,0.9248627901849058,0.22045418236868164,0.18191533948770253,-0.2508696515456196
1612467097827,2021-02-04T19:31:37.827Z,90.868,0.9251393860080719,0.21979251156138147,0.1820501389225503,-0.2503320100115604
1612467097857,2021-02-04T19:31:37.857Z,90.898,0.9254392963569034,0.21913745687800165,0.18211426537216255,-0.24975043163013597
1612467097872,2021-02-04T19:31:37.872Z,90.913,0.9256882987347863,0.21856387523127382,0.18219336272104647,-0.24927210957061002
1612467097887,2021-02-04T19:31:37.887Z,90.928,0.9258730750965617,0.218105931666421,0.18216895965726898,-0.24900466164421015
1612467097917,2021-02-04T19:31:37.917Z,90.958,0.9260848550527031,0.21759244633091906,0.18199745239332735,-0.24879167161317647
1612467097932,2021-02-04T19:31:37.932Z,90.973,0.926374117690288,0.21706165720687634,0.18172096974403765,-0.24838019284844684
1612467097947,2021-02-04T19:31:37.947Z,90.988,0.9267041335308633,0.21659110117999808,0.1813882136174134,-0.24780246114018162
1612467097977,2021-02-04T19:31:37.977Z,91.018,0.9270239509944063,0.21614531340018484,0.1811412198001242,-0.24717535529898613
1612467097992,2021-02-04T19:31:37.992Z,91.033,0.9272726139108263,0.21581197637778526,0.18079430940888636,-0.24678757672999158
1612467098007,2021-02-04T19:31:38.007Z,91.048,0.9274675944346874,0.21530691286470022,0.18101090276994514,-0.2463368580310631
1612467098037,2021-02-04T19:31:38.037Z,91.078,0.9276596267086457,0.2148287907345807,0.18118558614987015,-0.24590240140718844
1612467098052,2021-02-04T19:31:38.052Z,91.093,0.9278109963263509,0.21431823733430716,0.181374898575663,-0.24563711936205299
1612467098067,2021-02-04T19:31:38.067Z,91.108,0.92777186666402,0.21404971737032902,0.18166134581807303,-0.24580731753958932
1612467098082,2021-02-04T19:31:38.082Z,91.123,0.9275100444727721,0.21414308687661215,0.1820063400793478,-0.24645800436584095
1612467098112,2021-02-04T19:31:38.112Z,91.153,0.9271754361275852,0.21449012266543704,0.18208522105724545,-0.247355352060799
1612467098127,2021-02-04T19:31:38.127Z,91.168,0.9269799835695892,0.21460536874177963,0.18216827365175112,-0.24792612981142115
1612467098142,2021-02-04T19:31:38.142Z,91.183,0.9269032287256104,0.21447273061287847,0.1822891836817746,-0.24823880823538977
1612467098172,2021-02-04T19:31:38.172Z,91.213,0.9269709884081253,0.21403523771574995,0.1824968216560421,-0.2482108252092733
1612467098187,2021-02-04T19:31:38.187Z,91.228,0.9270362550432301,0.21364832993514368,0.18271223041190268,-0.248141922716125
1612467098202,2021-02-04T19:31:38.202Z,91.243,0.9270394533972115,0.21353269445764356,0.18285691519480024,-0.24812293083892867
1612467098232,2021-02-04T19:31:38.232Z,91.273,0.9270179479522153,0.21356615079340743,0.18292300708929157,-0.24812576828528438
1612467098247,2021-02-04T19:31:38.247Z,91.288,0.9270680948736642,0.21357458629196732,0.18283247832313915,-0.24799783956266397
1612467098262,2021-02-04T19:31:38.262Z,91.303,0.9271167154428313,0.21361153134337132,0.1828060263446992,-0.2478036851132309
1612467098292,2021-02-04T19:31:38.292Z,91.333,0.9271610252996564,0.21358932727251817,0.1829648853537106,-0.24753965978821732
1612467098307,2021-02-04T19:31:38.307Z,91.348,0.9272079038441854,0.21352880958265325,0.183145769670599,-0.24728238428737911
1612467098322,2021-02-04T19:31:38.322Z,91.363,0.9272888317286261,0.21347693333111226,0.18318296567536774,-0.24699599707946843
1612467098352,2021-02-04T19:31:38.352Z,91.393,0.9273285412020972,0.21355874553414209,0.1832194620646672,-0.24674899715826207
1612467098367,2021-02-04T19:31:38.367Z,91.408,0.9273665207037193,0.2136094465360517,0.1832622394079666,-0.24653050974598897
1612467098382,2021-02-04T19:31:38.382Z,91.423,0.9273691448055145,0.21362250194561386,0.1833138447156515,-0.2464709521642483
1612467098412,2021-02-04T19:31:38.412Z,91.453,0.9273586744799623,0.21363156562674726,0.183350935299089,-0.2464749024943137
1612467098427,2021-02-04T19:31:38.427Z,91.468,0.9273854978363784,0.2135899841088443,0.18322831944273604,-0.24650119684364072
1612467098442,2021-02-04T19:31:38.442Z,91.483,0.9274559767249239,0.2135273337137876,0.18299622155744272,-0.24646271906720024
1612467098472,2021-02-04T19:31:38.472Z,91.513,0.9275541317558484,0.213567525523171,0.18261790976286357,-0.24633908284802541
1612467098487,2021-02-04T19:31:38.487Z,91.528,0.927608117275963,0.21374417194037437,0.18212828194381483,-0.24634508040848196
1612467098502,2021-02-04T19:31:38.502Z,91.543,0.9275943448156205,0.2140127886009179,0.18169276412840704,-0.246485288089812
1612467098532,2021-02-04T19:31:38.532Z,91.573,0.9275961967572174,0.2142179683605369,0.18130334476550922,-0.24658681021066092
1612467098554,2021-02-04T19:31:38.554Z,91.595,0.9276618845075711,0.2142609679176797,0.18086515635680955,-0.24662412873615538
1612467098562,2021-02-04T19:31:38.562Z,91.603,0.9277935575065384,0.2141741411386253,0.18042311741650585,-0.2465279915518792
1612467098592,2021-02-04T19:31:38.592Z,91.633,0.9279936123315049,0.21404964634150866,0.1798674175016365,-0.24628909130185128
1612467098607,2021-02-04T19:31:38.607Z,91.648,0.9282190507388572,0.21392314680165217,0.17929567906449867,-0.24596613705291592
1612467098622,2021-02-04T19:31:38.622Z,91.663,0.9283895420495265,0.21387032157007108,0.1789267062184894,-0.24563708507956844
1612467098652,2021-02-04T19:31:38.652Z,91.693,0.928481568531722,0.2139839924259504,0.1788427233549174,-0.24525111250577564
1612467098667,2021-02-04T19:31:38.667Z,91.708,0.9285242307876965,0.21407151469884544,0.1787910071881295,-0.24505084203755137
1612467098682,2021-02-04T19:31:38.682Z,91.723,0.9284337793405588,0.21422408082012326,0.1789351837614892,-0.24515497259574778
1612467098697,2021-02-04T19:31:38.697Z,91.738,0.9281819212645754,0.21475425686614505,0.17901051628343737,-0.2455894241521989
1612467098727,2021-02-04T19:31:38.727Z,91.768,0.927866799322988,0.21532273135947227,0.17908978824603536,-0.24622382463929207
1612467098742,2021-02-04T19:31:38.742Z,91.783,0.9275983770495084,0.21562240744703112,0.17919201528448134,-0.2468976507789219
1612467098757,2021-02-04T19:31:38.757Z,91.798,0.9274350450775634,0.21559934354186888,0.17927340963724755,-0.24747162427908545
1612467098787,2021-02-04T19:31:38.787Z,91.828,0.9272618866616618,0.2157617704974992,0.17928809824802538,-0.24796779985120343
1612467098802,2021-02-04T19:31:38.802Z,91.843,0.9271551440455763,0.21610582598231148,0.17919416864644458,-0.24813516632964197
1612467098817,2021-02-04T19:31:38.817Z,91.858,0.9271430661213323,0.21641828944288327,0.17888285534585993,-0.2481325915736654
1612467098847,2021-02-04T19:31:38.848Z,91.888,0.9272776700183416,0.21637768551557454,0.17864011172902186,-0.24783972719828729
1612467098862,2021-02-04T19:31:38.862Z,91.903,0.9274357234627214,0.21621725403956019,0.1785172633243277,-0.24747659403661526
1612467098877,2021-02-04T19:31:38.877Z,91.918,0.9274865929261923,0.2162046672204793,0.17857818077335663,-0.2472528971840853
1612467098907,2021-02-04T19:31:38.907Z,91.948,0.9274002659476999,0.2164414720000314,0.17875188405464099,-0.24724400875554342
1612467098922,2021-02-04T19:31:38.922Z,91.963,0.9272057389573748,0.21690351802637492,0.17887430127027634,-0.24748003122951348
1612467098944,2021-02-04T19:31:38.944Z,91.985,0.9270248947608606,0.21737374560893102,0.1789183679520652,-0.24771297265772801
1612467098967,2021-02-04T19:31:38.967Z,92.008,0.9269672165159837,0.21765015709119276,0.17883330963560334,-0.24774752468504121
1612467098982,2021-02-04T19:31:38.982Z,92.023,0.9270202536813041,0.21761886103741562,0.1788321300095646,-0.2475773613674537
1612467098997,2021-02-04T19:31:38.997Z,92.038,0.9271162296200456,0.21739641112391536,0.17889870729385063,-0.24736521528731878
1612467099027,2021-02-04T19:31:39.027Z,92.068,0.9271609696484655,0.21724240159420197,0.17895643766532118,-0.24729106075278784
1612467099042,2021-02-04T19:31:39.042Z,92.083,0.9271401465115365,0.21731932510662266,0.1789508419261175,-0.24730559200249033
1612467099057,2021-02-04T19:31:39.057Z,92.098,0.9270799656410208,0.2175664545802784,0.17891446042706824,-0.24734023327898413
1612467099087,2021-02-04T19:31:39.087Z,92.128,0.9270437946405096,0.21775855390347654,0.17883469942775637,-0.24736443823026671
1612467099102,2021-02-04T19:31:39.102Z,92.143,0.9270831781637039,0.21777916237708855,0.17880466082177765,-0.24722036823172297
1612467099117,2021-02-04T19:31:39.117Z,92.158,0.9271662184682941,0.21760999410968968,0.1788819400242405,-0.24700191361191637
1612467099147,2021-02-04T19:31:39.147Z,92.188,0.927235191966678,0.2174270102228123,0.17897454735334417,-0.24683700169089837
1612467099162,2021-02-04T19:31:39.162Z,92.203,0.9272772061286666,0.2172586849741826,0.17894618067656334,-0.24684795161956333
1612467099177,2021-02-04T19:31:39.177Z,92.218,0.9273869576167685,0.2171064590217573,0.17866574439482935,-0.24677270528401116
1612467099207,2021-02-04T19:31:39.207Z,92.248,0.9275124565943775,0.21695043285072532,0.1782248492578611,-0.24675707822706636
1612467099222,2021-02-04T19:31:39.222Z,92.263,0.9275542077709807,0.216922333689086,0.1778624644027046,-0.24688628262790446
1612467099237,2021-02-04T19:31:39.237Z,92.278,0.9277097750069937,0.2168150310921817,0.17739236589641727,-0.24673419740814373
1612467099267,2021-02-04T19:31:39.267Z,92.308,0.9278348512925407,0.2168026572213739,0.17712568501066428,-0.24646620104631584
1612467099282,2021-02-04T19:31:39.282Z,92.323,0.9280033370354833,0.2166387162809093,0.17697726589320467,-0.2460823447875381
1612467099297,2021-02-04T19:31:39.297Z,92.338,0.9280748383827526,0.21655392345535016,0.17702213219967058,-0.2458549517671027
1612467099312,2021-02-04T19:31:39.312Z,92.353,0.9280091126748442,0.21660161814770731,0.17721788309871173,-0.24592000268025085
1612467099342,2021-02-04T19:31:39.342Z,92.383,0.927844584218959,0.21691771730744056,0.17734431274495777,-0.24617092880901917
1612467099357,2021-02-04T19:31:39.357Z,92.398,0.9276782987692244,0.2173438654619799,0.1773026937587673,-0.2464515630394079
1612467099372,2021-02-04T19:31:39.372Z,92.413,0.9275480520067254,0.21768917325891265,0.17714701750505782,-0.24674879787638793
1612467099402,2021-02-04T19:31:39.402Z,92.443,0.9273934128857068,0.2179653592675341,0.17715897908680278,-0.24707742920893724
1612467099417,2021-02-04T19:31:39.417Z,92.458,0.9272541109341951,0.21807026314189315,0.17734116011223053,-0.2473768118052079
1612467099432,2021-02-04T19:31:39.432Z,92.473,0.9271389857445634,0.21802147036453637,0.17756084862867635,-0.24769352960239394
1612467099462,2021-02-04T19:31:39.462Z,92.503,0.9270491501436466,0.21799975046124592,0.1776765180912492,-0.2479657979152506
1612467099477,2021-02-04T19:31:39.477Z,92.518,0.9269349001592219,0.2181893612631931,0.1776822451652855,-0.24822190324666452
1612467099492,2021-02-04T19:31:39.492Z,92.533,0.9267799473866384,0.21855469944011593,0.17762164256919216,-0.2485222818293813
1612467099522,2021-02-04T19:31:39.522Z,92.563,0.9266608199880421,0.21882492879709536,0.17748822660868172,-0.2488238426102709
1612467099537,2021-02-04T19:31:39.537Z,92.578,0.9266414016549036,0.2188695483305026,0.17737006555994428,-0.24894114444161017
1612467099552,2021-02-04T19:31:39.552Z,92.593,0.9266498638185338,0.21889155709785418,0.17737086778731864,-0.2488897172981301
1612467099582,2021-02-04T19:31:39.582Z,92.623,0.9266607493161706,0.218912790925636,0.17737776132811442,-0.24882559239790525
1612467099597,2021-02-04T19:31:39.597Z,92.638,0.9266408316077066,0.21894344113682615,0.17745497236903612,-0.2488177476830137
1612467099612,2021-02-04T19:31:39.612Z,92.653,0.9265683248746405,0.21909701629527256,0.1774287471123971,-0.24897123626563142
1612467099642,2021-02-04T19:31:39.642Z,92.683,0.9264611139953373,0.21937132531768522,0.17736556152836375,-0.2491736010628115
1612467099657,2021-02-04T19:31:39.657Z,92.698,0.9263577150454521,0.21964023474207395,0.1773139969298108,-0.24935777018370733
1612467099672,2021-02-04T19:31:39.672Z,92.713,0.9263010375312192,0.2197244791260593,0.17730883769976694,-0.24949772987930477
1612467099708,2021-02-04T19:31:39.708Z,92.749,0.9263005047215948,0.21973760792083732,0.1773015495799817,-0.2494933248291114
1612467099717,2021-02-04T19:31:39.717Z,92.758,0.92632273677734,0.21970909551413087,0.1771960720797309,-0.24951082685369855
1612467099732,2021-02-04T19:31:39.732Z,92.773,0.9263884469368149,0.21972973579930144,0.17698751755935915,-0.24939668645701948
1612467099762,2021-02-04T19:31:39.762Z,92.803,0.9264239315540528,0.21984535690141768,0.1767793921473077,-0.24931057860597944
1612467099777,2021-02-04T19:31:39.777Z,92.818,0.926392646612527,0.22005319207893478,0.17668865371656572,-0.24930779491611718
1612467099792,2021-02-04T19:31:39.792Z,92.833,0.9263022287815593,0.22028369455602095,0.176637169964458,-0.24947662225950656
1612467099822,2021-02-04T19:31:39.822Z,92.863,0.9262708101546325,0.22042303228330173,0.17659568212215523,-0.24949957545119342
1612467099837,2021-02-04T19:31:39.837Z,92.878,0.9262708101546325,0.22042303228330173,0.17659568212215523,-0.24949957545119342
1612467099852,2021-02-04T19:31:39.852Z,92.893,0.9262840049487255,0.2204015120441772,0.17653875256821955,-0.24950988859451387
1612467099867,2021-02-04T19:31:39.867Z,92.908,0.9263201068663742,0.22030802073949418,0.17645030588803132,-0.2495209914314541
1612467099897,2021-02-04T19:31:39.897Z,92.938,0.9263806708062577,0.2201745391404002,0.17625603989523098,-0.2495512642150124
1612467099912,2021-02-04T19:31:39.912Z,92.953,0.9263974755482813,0.22010917774632174,0.17612029223216263,-0.2496423638601173
1612467099927,2021-02-04T19:31:39.927Z,92.968,0.9264018023828764,0.2200174425259995,0.1759605754739147,-0.2498197378210245
1612467099957,2021-02-04T19:31:39.957Z,92.998,0.9263787239080957,0.22007159854662423,0.17570926651975596,-0.25003440775747476
1612467099972,2021-02-04T19:31:39.972Z,93.013,0.9263993163207769,0.2202196259431841,0.17526299246782634,-0.2501409733351649
1612467099987,2021-02-04T19:31:39.987Z,93.028,0.9264208185065321,0.22033449358307267,0.1748735031651538,-0.25023276337427275
1612467100023,2021-02-04T19:31:40.023Z,93.064,0.9264255548000466,0.22037047985973213,0.17476643031162697,-0.2502583422304806
1612467100032,2021-02-04T19:31:40.032Z,93.073,0.926445174513804,0.22033812831854188,0.17468100557129557,-0.25027383826874516
1612467100047,2021-02-04T19:31:40.047Z,93.088,0.9264778597790102,0.22028419091717905,0.17453863434115877,-0.25029965180477604
1612467100077,2021-02-04T19:31:40.077Z,93.118,0.9265096095657813,0.220231744169907,0.174400222514204,-0.2503247583223445
1612467100092,2021-02-04T19:31:40.092Z,93.133,0.9264399644794098,0.22032759410639988,0.17422633206509583,-0.25061909086463996
1612467100107,2021-02-04T19:31:40.107Z,93.148,0.9262633203858345,0.22058446186148836,0.17417263768691646,-0.2510829519785617
1612467100137,2021-02-04T19:31:40.137Z,93.178,0.9261037367596415,0.2207833544135353,0.17413985033213147,-0.2515191676593234
1612467100152,2021-02-04T19:31:40.152Z,93.193,0.9260250958375459,0.2208139680377653,0.17404190480121462,-0.2518494168578629
1612467100167,2021-02-04T19:31:40.167Z,93.208,0.9259888866225308,0.22072893349648517,0.173956889396637,-0.25211568852516164
1612467100197,2021-02-04T19:31:40.197Z,93.238,0.9259216776085915,0.2207976116498766,0.17379887973693733,-0.25241119433651854
1612467100212,2021-02-04T19:31:40.212Z,93.253,0.9257972297134208,0.2210124212067281,0.17368193943049345,-0.2527599316405944
1612467100227,2021-02-04T19:31:40.227Z,93.268,0.9257000581800541,0.22120811370565874,0.17350118477062898,-0.253068590701053
1612467100257,2021-02-04T19:31:40.257Z,93.298,0.9256399379140909,0.22129954043042502,0.17342809666579895,-0.2532585912275413
1612467100272,2021-02-04T19:31:40.272Z,93.313,0.9256616069206319,0.22126328804187786,0.17333332659730247,-0.25327594581547463
1612467100287,2021-02-04T19:31:40.287Z,93.328,0.9256616069206319,0.22126328804187786,0.17333332659730247,-0.25327594581547463
1612467100317,2021-02-04T19:31:40.317Z,93.358,0.9256716191314903,0.22121529840606627,0.17335254423482307,-0.25326812016697636
1612467100332,2021-02-04T19:31:40.332Z,93.373,0.9256716191314903,0.22121529840606627,0.17335254423482307,-0.25326812016697636
1612467100347,2021-02-04T19:31:40.347Z,93.388,0.9256716191314903,0.22121529840606627,0.17335254423482307,-0.25326812016697636
1612467100377,2021-02-04T19:31:40.377Z,93.418,0.9256825818622788,0.22119694950604238,0.17330458709599905,-0.2532768983888824
1612467100392,2021-02-04T19:31:40.392Z,93.433,0.925696663136156,0.22117338740334136,0.1732429646506107,-0.2532881674342194
1612467100407,2021-02-04T19:31:40.407Z,93.448,0.9257121915876494,0.22109889491630932,0.17327279464396037,-0.25327604633887085
1612467100437,2021-02-04T19:31:40.437Z,93.478,0.9257798067901225,0.22095521109674082,0.1733156181100059,-0.2531249504651502
1612467100452,2021-02-04T19:31:40.452Z,93.493,0.9258133916147913,0.22079391676777252,0.17338016459860842,-0.25309865418216315
1612467100467,2021-02-04T19:31:40.467Z,93.508,0.9258430108597949,0.22065158072503208,0.17343711811381865,-0.25307541410810314
1612467100482,2021-02-04T19:31:40.482Z,93.523,0.9258668210923546,0.22053704732756563,0.1734829407171882,-0.25305673205132045
1612467100512,2021-02-04T19:31:40.512Z,93.553,0.9258973763569016,0.22038995123272895,0.17354177636061394,-0.25303274434081485
1612467100527,2021-02-04T19:31:40.527Z,93.568,0.9259495716981108,0.22013841969245876,0.1736423754722062,-0.2529916842265012
1612467100542,2021-02-04T19:31:40.542Z,93.583,0.9260307212973568,0.21974660339261712,0.1737990472693871,-0.2529277064284542
1612467100572,2021-02-04T19:31:40.572Z,93.613,0.9261278036353898,0.21927664702178698,0.1739869218367081,-0.2528509332277791
1612467100587,2021-02-04T19:31:40.587Z,93.628,0.9262834623750944,0.2187385993512142,0.17418467301941548,-0.2526105147641228
1612467100602,2021-02-04T19:31:40.602Z,93.643,0.9264796868743185,0.21819395439659758,0.17428044153936215,-0.2522956911460944
1612467100632,2021-02-04T19:31:40.632Z,93.673,0.9266800238434598,0.21771182920186194,0.1742157944412726,-0.2520209312780588
1612467100647,2021-02-04T19:31:40.647Z,93.688,0.9268377251239343,0.21736437341540596,0.17411343675069074,-0.2518115795583711
1612467100662,2021-02-04T19:31:40.662Z,93.703,0.9269753497633499,0.21708457824720986,0.17401147981010529,-0.2516167556277669
1612467100692,2021-02-04T19:31:40.692Z,93.733,0.927079404436245,0.21681432742045367,0.1741003280994078,-0.25140485486766556
1612467100707,2021-02-04T19:31:40.707Z,93.748,0.9271880906231825,0.21646209064697502,0.17422624429831662,-0.25122026931953717
1612467100722,2021-02-04T19:31:40.722Z,93.763,0.927270508574911,0.21605560099728446,0.17438771278290882,-0.2511539504671862
1612467100752,2021-02-04T19:31:40.752Z,93.793,0.9273663279716433,0.21566987829196999,0.17453418473084192,-0.2510299099754001
1612467100767,2021-02-04T19:31:40.767Z,93.808,0.9275202360311334,0.21526941176752593,0.17459812308689868,-0.25076041857627007
1612467100782,2021-02-04T19:31:40.782Z,93.823,0.9277189403610023,0.21480406722249526,0.17454461500020252,-0.2504614896038186
1612467100812,2021-02-04T19:31:40.812Z,93.853,0.9278479493130959,0.21444940943461852,0.17445049325056447,-0.25035306899109677
1612467100827,2021-02-04T19:31:40.827Z,93.868,0.9279334564641774,0.21417106802959357,0.17433662433558314,-0.2503537405528055
1612467100842,2021-02-04T19:31:40.842Z,93.883,0.9279462007290027,0.21397752964995667,0.17417210910092865,-0.25058639581758146
1612467100872,2021-02-04T19:31:40.872Z,93.913,0.9279031463124959,0.21388389942249655,0.17408146869427868,-0.25088856268957604
1612467100887,2021-02-04T19:31:40.887Z,93.928,0.9278584557802654,0.21377452517758555,0.17414956012041533,-0.2510997194981009
1612467100908,2021-02-04T19:31:40.908Z,93.949,0.9278276308872564,0.21360831377681996,0.17423919334301877,-0.25129281555734706
1612467100932,2021-02-04T19:31:40.932Z,93.973,0.9278675066386962,0.2134085299432312,0.17431850982728145,-0.25126031641139435
1612467100947,2021-02-04T19:31:40.947Z,93.988,0.9279243043890147,0.2132498798828413,0.17437219336747212,-0.25114798871249977
1612467100962,2021-02-04T19:31:40.962Z,94.003,0.9280670572680415,0.21293615056539963,0.1744670673250344,-0.2508206040484498
1612467100992,2021-02-04T19:31:40.992Z,94.033,0.9282519007443428,0.212454142601953,0.17462525069065216,-0.25043495737817995
1612467101007,2021-02-04T19:31:41.007Z,94.048,0.9283796288107476,0.21205229885822682,0.1748186351669743,-0.2501670085293342
1612467101022,2021-02-04T19:31:41.022Z,94.063,0.9284544044750489,0.2117194959332585,0.17499958131883847,-0.25004483676109057
1612467101052,2021-02-04T19:31:41.052Z,94.093,0.9285098184783073,0.21143858281398645,0.1751105980170583,-0.24999904229636938
1612467101067,2021-02-04T19:31:41.067Z,94.108,0.9285613945436204,0.21117670759858964,0.17521407791530277,-0.24995631944665286
1612467101082,2021-02-04T19:31:41.082Z,94.123,0.928598176960517,0.21098971425530297,0.17528794889615576,-0.24992579137785834
1612467101097,2021-02-04T19:31:41.097Z,94.138,0.9286484713312064,0.2107972936450328,0.17527104716717898,-0.24991314033292475
1612467101127,2021-02-04T19:31:41.127Z,94.168,0.9286147626143483,0.2108153513255941,0.17521760584826548,-0.25006059445855494
1612467101142,2021-02-04T19:31:41.142Z,94.183,0.9285949804917032,0.21091603887978444,0.1751778117138649,-0.2500770301967297
1612467101157,2021-02-04T19:31:41.157Z,94.198,0.9285562348503397,0.21101227183682242,0.17528747911949935,-0.25006287113195186
1612467101187,2021-02-04T19:31:41.187Z,94.228,0.9285266542354035,0.21086711725829152,0.17557916434861262,-0.2500905201726531
1612467101202,2021-02-04T19:31:41.202Z,94.243,0.9284341828357229,0.21051413648229492,0.17608053891455377,-0.25037853402166405
1612467101217,2021-02-04T19:31:41.217Z,94.258,0.9283080789230552,0.21013654511716545,0.17659807336853658,-0.25079845193886086
1612467101247,2021-02-04T19:31:41.247Z,94.288,0.9283212102634241,0.2095165702644009,0.17696516770763054,-0.25100969458948047
1612467101262,2021-02-04T19:31:41.262Z,94.303,0.9284614254063377,0.20875828279512773,0.1771943692440155,-0.2509611850567268
1612467101277,2021-02-04T19:31:41.277Z,94.318,0.928697526868446,0.20799317105384169,0.17729470977388206,-0.25065181082448734
1612467101307,2021-02-04T19:31:41.307Z,94.348,0.928914332439667,0.20737679951633572,0.17743669892911337,-0.25025835427347604
1612467101322,2021-02-04T19:31:41.322Z,94.363,0.9291030926995524,0.20687848046494398,0.17760123138845327,-0.24985303693561056
1612467101337,2021-02-04T19:31:41.337Z,94.378,0.9292873964677411,0.20642433008083194,0.17760095251795863,-0.24954324751754095
1612467101373,2021-02-04T19:31:41.374Z,94.414,0.9294175684859735,0.2060494552928522,0.1777284824918777,-0.249277339271491
1612467101382,2021-02-04T19:31:41.382Z,94.423,0.9295666285845852,0.20573082126716133,0.17782352578274582,-0.24891666453016034
1612467101397,2021-02-04T19:31:41.397Z,94.438,0.9297619953387612,0.2054372908661064,0.1777348713639965,-0.24849238830697334
1612467101427,2021-02-04T19:31:41.427Z,94.468,0.9299354988490705,0.2051858583735149,0.17771753121206352,-0.2480629166234719
1612467101442,2021-02-04T19:31:41.442Z,94.483,0.9300584682733684,0.20496955874547526,0.17777418154458013,-0.24773991595388092
1612467101457,2021-02-04T19:31:41.457Z,94.498,0.9300955872421411,0.20485598224779134,0.17787578058502185,-0.24762154956961713
1612467101487,2021-02-04T19:31:41.487Z,94.528,0.9300445844450665,0.20497737228801352,0.17790035171818053,-0.24769499924877814
1612467101502,2021-02-04T19:31:41.502Z,94.543,0.9299070639688092,0.20539370590264744,0.177757346481675,-0.2479689571867408
1612467101517,2021-02-04T19:31:41.517Z,94.558,0.9297603643184085,0.20589686502311472,0.1775776058971202,-0.24823041675024574
1612467101547,2021-02-04T19:31:41.547Z,94.588,0.929610369705454,0.2063176325926775,0.17752507077338175,-0.2484802693662981
1612467101562,2021-02-04T19:31:41.562Z,94.603,0.929463257551739,0.20666307127865013,0.17763207752882398,-0.24866699190640282
1612467101578,2021-02-04T19:31:41.578Z,94.619,0.9293510659970601,0.20702189455989162,0.17757379952605584,-0.24882941350419455
1612467101607,2021-02-04T19:31:41.607Z,94.648,0.9292503345745512,0.20747016973269228,0.17740255385904377,-0.24895436981194285
1612467101622,2021-02-04T19:31:41.622Z,94.663,0.9291643793209762,0.2079164224252202,0.17722694221775695,-0.24902796718261627
1612467101644,2021-02-04T19:31:41.644Z,94.685,0.9290953418923609,0.20827398300831174,0.17708619499123804,-0.24908687885815184
1612467101667,2021-02-04T19:31:41.667Z,94.708,0.9290067550546187,0.2087315997291059,0.17690599241532193,-0.24916227279619574
1612467101682,2021-02-04T19:31:41.682Z,94.723,0.9288959697954551,0.20930211375390909,0.17668124607856156,-0.24925617296274424
1612467101697,2021-02-04T19:31:41.697Z,94.738,0.9288135591673955,0.2098004626346399,0.1764796178452412,-0.2492871490275498
1612467101712,2021-02-04T19:31:41.712Z,94.753,0.9287465533899826,0.2101435590193778,0.17634437831180022,-0.24934350684692366
1612467101742,2021-02-04T19:31:41.742Z,94.783,0.928695879792137,0.21040253427445282,0.17624227322305433,-0.2493860412235748
1612467101757,2021-02-04T19:31:41.757Z,94.798,0.9286482603420473,0.2106455419205605,0.17614644404180582,-0.24942592985515694
1612467101772,2021-02-04T19:31:41.772Z,94.813,0.928600575663145,0.210888522919352,0.17605059177222115,-0.24946581111571237
1612467101802,2021-02-04T19:31:41.802Z,94.843,0.9285954887778732,0.21097145994601726,0.17593495122229041,-0.24949620086894905
1612467101817,2021-02-04T19:31:41.817Z,94.858,0.9286044764501189,0.2110308162067584,0.1757585513167643,-0.2495368761665141
1612467101832,2021-02-04T19:31:41.832Z,94.873,0.9286040541870514,0.21113778074111916,0.1755633593505609,-0.249585366046635
1612467101862,2021-02-04T19:31:41.862Z,94.903,0.9286100319777049,0.21123144016316242,0.17534497565376467,-0.24963739044851277
1612467101877,2021-02-04T19:31:41.877Z,94.918,0.9286513602021487,0.21116319844578865,0.17516424440498543,-0.24966826450086535
1612467101892,2021-02-04T19:31:41.892Z,94.933,0.9287145158980429,0.21122657259137662,0.174908968038871,-0.2495586822595859
1612467101922,2021-02-04T19:31:41.922Z,94.963,0.9287563081043597,0.21134246153435787,0.17478773285647856,-0.24938992071022115
1612467101937,2021-02-04T19:31:41.937Z,94.978,0.9288095156687379,0.2113458981167869,0.17470953190691385,-0.24924360455843206
1612467101952,2021-02-04T19:31:41.952Z,94.993,0.9287709970406324,0.21154127335048428,0.17463249953544038,-0.24927537951311915
1612467101982,2021-02-04T19:31:41.982Z,95.023,0.9285336838980994,0.21213021374904717,0.17479289594557557,-0.2495464161400983
1612467101997,2021-02-04T19:31:41.997Z,95.038,0.928215005749258,0.2130559589582062,0.17505730118013788,-0.24975788827949089
1612467102012,2021-02-04T19:31:42.012Z,95.053,0.9279752007281368,0.2138700860758935,0.1753149842671873,-0.24977243524228268
1612467102042,2021-02-04T19:31:42.042Z,95.083,0.9278505747307634,0.2143437380152328,0.1754660373382168,-0.24972333228249388
1612467102057,2021-02-04T19:31:42.057Z,95.098,0.9277993785368974,0.21467767934507803,0.1756155819167135,-0.24952149118986341
1612467102072,2021-02-04T19:31:42.074Z,95.113,0.9278214748083015,0.21492396323883003,0.17565240826646392,-0.24920118856147946
1612467102102,2021-02-04T19:31:42.102Z,95.143,0.927836082191785,0.2151332846076053,0.17561595218013018,-0.24899179058115228
1612467102117,2021-02-04T19:31:42.117Z,95.158,0.9278404799080591,0.21520018075153668,0.17558283371789954,-0.2489409459130444
1612467102132,2021-02-04T19:31:42.132Z,95.173,0.9278038321683159,0.21521078788563863,0.1756591059350364,-0.24901454634927186
1612467102162,2021-02-04T19:31:42.162Z,95.203,0.9276919409429122,0.21535722802194826,0.17568424562086243,-0.24928692883683945
1612467102177,2021-02-04T19:31:42.177Z,95.218,0.9275570732297693,0.21569426762192737,0.17551410006668167,-0.24961702564978966
1612467102192,2021-02-04T19:31:42.192Z,95.233,0.927439447276157,0.21609868993376366,0.17516027032574577,-0.24995261059732757
1612467102222,2021-02-04T19:31:42.222Z,95.263,0.9273789361197948,0.2161721397496476,0.17506029498220657,-0.25018354853610814
1612467102237,2021-02-04T19:31:42.237Z,95.278,0.9273544829169125,0.2160472427152505,0.17512858389198951,-0.2503342386351299
1612467102252,2021-02-04T19:31:42.252Z,95.293,0.9273516305323013,0.21587686354749444,0.17537112429095328,-0.25032199643440356
1612467102288,2021-02-04T19:31:42.288Z,95.329,0.9273546888393926,0.21576083991002185,0.17557013816096181,-0.25027118818404975
1612467102297,2021-02-04T19:31:42.297Z,95.338,0.9273673206905696,0.21569830398675927,0.17559491483466252,-0.2502609039715099
1612467102312,2021-02-04T19:31:42.312Z,95.353,0.9273500634496057,0.2156885920809022,0.17560599366560542,-0.25032544028701137
1612467102327,2021-02-04T19:31:42.327Z,95.368,0.9272955983804189,0.21565795430456133,0.17564091981174165,-0.2505290148009971
1612467102357,2021-02-04T19:31:42.357Z,95.398,0.9271824510093775,0.21577558025073526,0.1756277945600744,-0.2508554948285294
1612467102372,2021-02-04T19:31:42.372Z,95.413,0.927068322731676,0.21590744140406828,0.1756082121005595,-0.2511773428808233
1612467102387,2021-02-04T19:31:42.387Z,95.428,0.9269665487305984,0.21608104392196123,0.1756161559019035,-0.2513980226221301
1612467102417,2021-02-04T19:31:42.417Z,95.458,0.9269239646198477,0.2162171471964914,0.17556767274486612,-0.25147186991507786
1612467102432,2021-02-04T19:31:42.432Z,95.473,0.9268613319502683,0.21633560862292517,0.17553504771266393,-0.25162357362066784
1612467102447,2021-02-04T19:31:42.447Z,95.488,0.9267565061375488,0.21654175441603069,0.17553382905950787,-0.25183312288469656
1612467102477,2021-02-04T19:31:42.477Z,95.518,0.9266674892550846,0.21676681827392782,0.1755130822101618,-0.2519814850860375
1612467102492,2021-02-04T19:31:42.492Z,95.533,0.9266395121734268,0.21690442722292097,0.1754582644595823,-0.25200412965449903
1612467102507,2021-02-04T19:31:42.507Z,95.548,0.9266395121734268,0.21690442722292097,0.1754582644595823,-0.25200412965449903
1612467102537,2021-02-04T19:31:42.537Z,95.578,0.9266288728173878,0.21695672221240442,0.1754374360830975,-0.25201273533021323
1612467102552,2021-02-04T19:31:42.552Z,95.593,0.9265963442948496,0.21713222004102078,0.1752365360753859,-0.25212094356435044
1612467102567,2021-02-04T19:31:42.567Z,95.608,0.9265607231087393,0.21734726452135,0.1749815335929469,-0.2522436439214215
1612467102597,2021-02-04T19:31:42.597Z,95.638,0.9264943003037475,0.21755312219672834,0.17483596867947573,-0.2524110429102381
1612467102612,2021-02-04T19:31:42.612Z,95.653,0.9264535509238537,0.2175992905215354,0.17482942606354668,-0.2525253225468639
1612467102627,2021-02-04T19:31:42.627Z,95.668,0.9264535509238537,0.2175992905215354,0.17482942606354668,-0.2525253225468639
1612467102657,2021-02-04T19:31:42.657Z,95.698,0.9264535509238537,0.2175992905215354,0.17482942606354668,-0.2525253225468639
1612467102672,2021-02-04T19:31:42.672Z,95.713,0.9264677430473784,0.21767594880909577,0.174787537140056,-0.2524361686907606
1612467102687,2021-02-04T19:31:42.687Z,95.728,0.9264366627660181,0.21782799716464865,0.17472685827131734,-0.25246108320459254
1612467102717,2021-02-04T19:31:42.717Z,95.758,0.9264131617731997,0.21794284081198734,0.1746810250290728,-0.25247992262153524
1612467102732,2021-02-04T19:31:42.732Z,95.773,0.9264131617731997,0.21794284081198734,0.1746810250290728,-0.25247992262153524
1612467102747,2021-02-04T19:31:42.747Z,95.788,0.9264305817584975,0.2179525112612717,0.17466979438496003,-0.2524154174115223
1612467102777,2021-02-04T19:31:42.777Z,95.818,0.9264990122301097,0.21792629053226686,0.1746562712510379,-0.2521961521200533
1612467102792,2021-02-04T19:31:42.792Z,95.833,0.9265946928163735,0.21781548834206477,0.17467266199903253,-0.25192885788057245
1612467102807,2021-02-04T19:31:42.807Z,95.848,0.9266914811520467,0.21762226491952164,0.17459376022636072,-0.25179449450205166
1612467102837,2021-02-04T19:31:42.837Z,95.878,0.9267340046044572,0.2175202788349974,0.17446944228298822,-0.25181228467807937
1612467102852,2021-02-04T19:31:42.852Z,95.893,0.9267340046044572,0.2175202788349974,0.17446944228298822,-0.25181228467807937
1612467102867,2021-02-04T19:31:42.867Z,95.908,0.9267340046044572,0.2175202788349974,0.17446944228298822,-0.25181228467807937
1612467102897,2021-02-04T19:31:42.897Z,95.938,0.9267340046044572,0.2175202788349974,0.17446944228298822,-0.25181228467807937
1612467102912,2021-02-04T19:31:42.912Z,95.953,0.9266872672291198,0.21764157661056302,0.17458016261676065,-0.2518027396725453
1612467102927,2021-02-04T19:31:42.927Z,95.968,0.9266260267942145,0.2178367470417365,0.17463964651728345,-0.2518180930158925
1612467102942,2021-02-04T19:31:42.942Z,95.983,0.9266019685734344,0.21789790431087658,0.17469743076143762,-0.2518136271493602
1612467102972,2021-02-04T19:31:42.972Z,96.013,0.9266164862183638,0.2177908273811237,0.1747931992055387,-0.25178637867937037
1612467102987,2021-02-04T19:31:42.987Z,96.028,0.926666678519626,0.21763245630787337,0.17491244396661232,-0.25165575262336504
1612467103002,2021-02-04T19:31:43.002Z,96.043,0.9266629140236792,0.21761902886831536,0.1750289829351173,-0.25160019312443543
1612467103032,2021-02-04T19:31:43.032Z,96.073,0.9266189344823332,0.2177175417396689,0.17511093609853315,-0.2516199164143339
1612467103047,2021-02-04T19:31:43.047Z,96.088,0.926572802204454,0.2178679297694919,0.1751385450542829,-0.25164041294913364
1612467103062,2021-02-04T19:31:43.062Z,96.103,0.9265562195617149,0.21790218650164545,0.17518404292541714,-0.25164014030676995
1612467103099,2021-02-04T19:31:43.099Z,96.14,0.9265416997494246,0.21793035084918014,0.17522517759031833,-0.2516405729262309
1612467103107,2021-02-04T19:31:43.107Z,96.148,0.926575715376823,0.21778830491560724,0.17522587570167783,-0.2516378159190212
1612467103122,2021-02-04T19:31:43.122Z,96.163,0.9265954406946181,0.21763907014806713,0.17535112201205114,-0.25160705164630426
1612467103152,2021-02-04T19:31:43.152Z,96.193,0.9266294984589094,0.21743845820976324,0.17546987510387102,-0.25157228068327203
1612467103167,2021-02-04T19:31:43.167Z,96.208,0.9266484097747574,0.21730540636655887,0.1755679829136603,-0.25154913715098814
1612467103182,2021-02-04T19:31:43.182Z,96.223,0.9266626437813413,0.2171892152045467,0.17567152332600022,-0.2515247608314745
1612467103212,2021-02-04T19:31:43.212Z,96.253,0.9266875634466569,0.217047957446834,0.17575490776020777,-0.25149663281971896
1612467103227,2021-02-04T19:31:43.227Z,96.268,0.9267573151648117,0.2168843766499977,0.17582095096978612,-0.2513345164392104
1612467103242,2021-02-04T19:31:43.242Z,96.283,0.9267879284912183,0.21687469383909813,0.17586825150815796,-0.2511968568406407
1612467103272,2021-02-04T19:31:43.272Z,96.313,0.9267639526581688,0.21692315127249173,0.17593498567277333,-0.25119674223950395
1612467103287,2021-02-04T19:31:43.287Z,96.328,0.9267386371763308,0.21688718922867403,0.17603193608824774,-0.2512532646356372
1612467103302,2021-02-04T19:31:43.302Z,96.343,0.9266983779253668,0.21665507364110653,0.17623557805514548,-0.2514591745067769
1612467103332,2021-02-04T19:31:43.332Z,96.373,0.9266760657664808,0.216385842454246,0.17646601790765395,-0.25161156739056917
1612467103347,2021-02-04T19:31:43.347Z,96.388,0.9266893606583103,0.21620446623136605,0.17656907742492808,-0.2516462169825172
1612467103362,2021-02-04T19:31:43.362Z,96.403,0.9267490597283387,0.21596750648797466,0.17657308764486876,-0.2516270278677634
1612467103392,2021-02-04T19:31:43.392Z,96.433,0.9268233374403342,0.21560990978566977,0.17669328113952723,-0.25157573885079554
1612467103407,2021-02-04T19:31:43.407Z,96.448,0.9268788931626981,0.215276479057305,0.17689019420467542,-0.2515182183628332
1612467103422,2021-02-04T19:31:43.422Z,96.463,0.9269247620294986,0.21508758236917613,0.17686805955362897,-0.25152635439825055
1612467103452,2021-02-04T19:31:43.452Z,96.493,0.9269680132946114,0.2150024902630158,0.17680558854308634,-0.2514836284319029
1612467103467,2021-02-04T19:31:43.467Z,96.508,0.9270728311350268,0.21473317955495566,0.17680319729833655,-0.2513289812070834
1612467103482,2021-02-04T19:31:43.482Z,96.523,0.927132438008532,0.21441497882467084,0.17694871453191005,-0.25127835496412426
1612467103512,2021-02-04T19:31:43.512Z,96.553,0.9271855037987915,0.21411168962311003,0.17709441538031906,-0.25123852004265057
1612467103527,2021-02-04T19:31:43.527Z,96.568,0.9272075241420392,0.21389066025062725,0.177218882708547,-0.25125775658370203
1612467103542,2021-02-04T19:31:43.542Z,96.583,0.9271865976185006,0.21392812276384984,0.17728102532184142,-0.2512592476869262
1612467103557,2021-02-04T19:31:43.557Z,96.598,0.9272082737218832,0.2138866569808047,0.17719628253387013,-0.2512743372559911
1612467103593,2021-02-04T19:31:43.593Z,96.634,0.927257130270291,0.2137476166253294,0.17710674721130898,-0.2512754879452535
1612467103602,2021-02-04T19:31:43.602Z,96.643,0.9273072974798001,0.21352162436525207,0.17718080581518447,-0.251230280857654
1612467103617,2021-02-04T19:31:43.617Z,96.658,0.9273634663921384,0.21320907336336006,0.1773695559368203,-0.2511551967677948
1612467103647,2021-02-04T19:31:43.647Z,96.688,0.9274264802913976,0.21284819168772673,0.17757549922728383,-0.2510830799232707
1612467103662,2021-02-04T19:31:43.662Z,96.703,0.9274755590683584,0.21254447365127777,0.17775244292295295,-0.2510338684043644
1612467103677,2021-02-04T19:31:43.677Z,96.718,0.9274757571703384,0.2124430087306516,0.17779125830860185,-0.25109152986873107
1612467103707,2021-02-04T19:31:43.707Z,96.748,0.927455153061302,0.21238726521349577,0.17773718133179853,-0.25125302586714576
1612467103722,2021-02-04T19:31:43.722Z,96.763,0.9274122244684385,0.21235616145783362,0.1777327469579344,-0.2514408424583876
1612467103737,2021-02-04T19:31:43.737Z,96.778,0.9273883295817607,0.21237071657433623,0.17775436489535823,-0.2515013929541996
1612467103767,2021-02-04T19:31:43.767Z,96.808,0.9274173004515925,0.2122043424972448,0.1778576606364689,-0.251461966112801
1612467103782,2021-02-04T19:31:43.782Z,96.823,0.9274764750011621,0.21195466633870402,0.17799464054652414,-0.25135734656735437
1612467103797,2021-02-04T19:31:43.797Z,96.838,0.9275506990038739,0.21172362891210625,0.17811743978143896,-0.25119112918934666
1612467103827,2021-02-04T19:31:43.827Z,96.868,0.9275961290200442,0.21151562216998296,0.17824789975302505,-0.2511060517763566
1612467103842,2021-02-04T19:31:43.842Z,96.883,0.9276298577343902,0.21129171722920054,0.1783886516560065,-0.25107000264938517
1612467103857,2021-02-04T19:31:43.857Z,96.898,0.9276479620364156,0.2111423244242637,0.1785046670777518,-0.2510463327711932
1612467103887,2021-02-04T19:31:43.887Z,96.928,0.9276479389308212,0.21109109309116142,0.178570752949357,-0.2510425023896902
1612467103902,2021-02-04T19:31:43.902Z,96.943,0.927661154256827,0.2110086892452168,0.1786156606238176,-0.25103099753979397
1612467103917,2021-02-04T19:31:43.917Z,96.958,0.9277314666382163,0.21076139076353648,0.17855525630570404,-0.2510218763740095
1612467103947,2021-02-04T19:31:43.947Z,96.988,0.9278209939660713,0.21049230409719946,0.17839413634225218,-0.2510313231259508
1612467103968,2021-02-04T19:31:43.968Z,97.009,0.9278369502798302,0.2105186704372595,0.17822988915977286,-0.2510669028423452
1612467103977,2021-02-04T19:31:43.977Z,97.018,0.9278068017254264,0.21071085612249535,0.1781116324744151,-0.25110101585110944
1612467104007,2021-02-04T19:31:44.007Z,97.048,0.9277719513252681,0.2108419424764038,0.17819431994588447,-0.25106108014964207
1612467104022,2021-02-04T19:31:44.022Z,97.063,0.9278110333152547,0.2107851253812825,0.178354057858119,-0.2508508469629296
1612467104037,2021-02-04T19:31:44.037Z,97.078,0.9278806337303086,0.21058919292640438,0.17858727538926214,-0.2505919121597635
1612467104067,2021-02-04T19:31:44.067Z,97.108,0.9279626678752505,0.21045530057039277,0.17866786868229992,-0.2503430570081741
1612467104082,2021-02-04T19:31:44.082Z,97.123,0.9280211069978189,0.2105170871430802,0.1786557780706283,-0.2500829741292158
1612467104097,2021-02-04T19:31:44.097Z,97.138,0.9280924499781827,0.2105683502420335,0.17862619627144988,-0.24979602914265098
1612467104127,2021-02-04T19:31:44.127Z,97.168,0.9281589074399971,0.21061068356526189,0.17859287109772393,-0.24953710926640954
1612467104142,2021-02-04T19:31:44.142Z,97.183,0.9282317777485535,0.2107234764981933,0.1784019348133907,-0.24930730612060745
1612467104157,2021-02-04T19:31:44.157Z,97.198,0.9282780846123571,0.21087277912308935,0.1782917334618101,-0.2490873871405402
1612467104172,2021-02-04T19:31:44.172Z,97.213,0.928284694116495,0.21108065106216117,0.17821351340164368,-0.24894262201813053
1612467104202,2021-02-04T19:31:44.202Z,97.243,0.9282869806300929,0.21128156736980813,0.1781447375185553,-0.2488128480944423
1612467104217,2021-02-04T19:31:44.217Z,97.258,0.9282972154470431,0.21145717361076669,0.1779690426756265,-0.24875120777783868
1612467104232,2021-02-04T19:31:44.232Z,97.273,0.9282685601698966,0.21163636763599894,0.17782230786630024,-0.24881068087815267
1612467104262,2021-02-04T19:31:44.262Z,97.303,0.9282098529761277,0.21191933667753188,0.17770825175095817,-0.24887032936814346
1612467104277,2021-02-04T19:31:44.277Z,97.318,0.9281504180207416,0.21218362278948524,0.1776503577435718,-0.24890813996619923
1612467104292,2021-02-04T19:31:44.292Z,97.333,0.9281095688984298,0.21235641098649105,0.17763399802696897,-0.24892477895352672
1612467104322,2021-02-04T19:31:44.322Z,97.363,0.9280756553842575,0.21251950997466143,0.17757639374006723,-0.24895312841875092
1612467104337,2021-02-04T19:31:44.337Z,97.378,0.9280604372269138,0.21268793655515553,0.17747667675453793,-0.24893713203591128
1612467104352,2021-02-04T19:31:44.352Z,97.393,0.9280552805560396,0.21288940404311568,0.17734514583021918,-0.248877875932506
1612467104382,2021-02-04T19:31:44.382Z,97.423,0.9280010593108778,0.21321459756899375,0.1772497806853326,-0.24886961354970982
1612467104397,2021-02-04T19:31:44.397Z,97.438,0.9278839147638355,0.2137596074827926,0.17708101826866357,-0.248959000440384
1612467104418,2021-02-04T19:31:44.418Z,97.459,0.9277505776379249,0.21439254401501343,0.1768752894872808,-0.2490578943379587
1612467104442,2021-02-04T19:31:44.442Z,97.483,0.9276401022106272,0.2149147795479954,0.17671297172033015,-0.24913450970964143
1612467104457,2021-02-04T19:31:44.457Z,97.498,0.9275658016961189,0.2152578923359837,0.17660414907376396,-0.2491920902453324
1612467104472,2021-02-04T19:31:44.472Z,97.513,0.927519263209871,0.21542949413044132,0.17644976700805243,-0.24932635070550435
1612467104502,2021-02-04T19:31:44.502Z,97.543,0.9274407030627162,0.21558605252834265,0.17629992850365778,-0.24958912529873264
1612467104517,2021-02-04T19:31:44.517Z,97.558,0.9273534360537079,0.2158299473510078,0.17609597765726767,-0.24984644307809076
1612467104532,2021-02-04T19:31:44.532Z,97.573,0.927308949863146,0.21607122260831846,0.1758561021165797,-0.24997193765024744
1612467104562,2021-02-04T19:31:44.562Z,97.603,0.9273056461256727,0.21619460244881913,0.17565209705502782,-0.2500209457937811
1612467104577,2021-02-04T19:31:44.577Z,97.618,0.9272789864406319,0.21635855275597324,0.1755392606965171,-0.250057245264151
1612467104592,2021-02-04T19:31:44.592Z,97.633,0.927229547530653,0.21657362690803816,0.17549235473434044,-0.25008731224073477
1612467104622,2021-02-04T19:31:44.622Z,97.663,0.9271566656532868,0.21692103811455818,0.1753812573537737,-0.25013435415190594
1612467104637,2021-02-04T19:31:44.637Z,97.678,0.9271178373230841,0.2173215378008155,0.1750402880479816,-0.25016946753218294
1612467104652,2021-02-04T19:31:44.652Z,97.693,0.9271521834308825,0.21757698466516887,0.1746482145119612,-0.25009415361248305
1612467104682,2021-02-04T19:31:44.682Z,97.723,0.9271726487004797,0.2178238530471442,0.17435363873334153,-0.250008914252825
1612467104697,2021-02-04T19:31:44.697Z,97.738,0.927132770622872,0.21811995741748838,0.17420484579084514,-0.25000236302150836
1612467104712,2021-02-04T19:31:44.712Z,97.753,0.9270604446100356,0.21842992257099458,0.17413267784836867,-0.2500502178971835
1612467104727,2021-02-04T19:31:44.727Z,97.768,0.9270584003969098,0.21856603344276906,0.17411538264090476,-0.24995088478824862
1612467104757,2021-02-04T19:31:44.757Z,97.798,0.9270643024237026,0.21858534913520133,0.17413542390424186,-0.249898136161088
1612467104772,2021-02-04T19:31:44.772Z,97.813,0.9270446628236936,0.21856721076547775,0.17417390026347912,-0.24996003675650047
1612467104787,2021-02-04T19:31:44.787Z,97.828,0.9269379182106962,0.2186878415973736,0.17418163901564904,-0.25024484080700843
1612467104817,2021-02-04T19:31:44.817Z,97.858,0.9268153659163453,0.21887621776471342,0.1741174934667188,-0.25057848524410853
1612467104832,2021-02-04T19:31:44.832Z,97.873,0.9267512107382817,0.21906180886903392,0.17389648260363152,-0.25080695889117743
1612467104847,2021-02-04T19:31:44.847Z,97.888,0.9267589723013062,0.21913634678005242,0.17366862032986954,-0.2508710407592691
1612467104877,2021-02-04T19:31:44.877Z,97.918,0.9267857646095717,0.2190897239428918,0.1735524284038021,-0.25089319236444463
1612467104892,2021-02-04T19:31:44.892Z,97.933,0.9267585497822765,0.2192621535525889,0.17342390062091728,-0.25093196113360855
1612467104907,2021-02-04T19:31:44.907Z,97.948,0.9266953578944637,0.2195571390512663,0.17334225923846883,-0.2509638171342204
1612467104937,2021-02-04T19:31:44.937Z,97.978,0.9267015052894113,0.21974124739857304,0.17329998065016497,-0.25080913259431087
1612467104952,2021-02-04T19:31:44.952Z,97.993,0.9267617747107033,0.21976278049967793,0.17330106058139028,-0.2505667089688561
1612467104967,2021-02-04T19:31:44.967Z,98.008,0.926813633486512,0.2197393439750418,0.1733147842648095,-0.2503858922706909
1612467104997,2021-02-04T19:31:44.997Z,98.038,0.9268061729863178,0.2197449648350281,0.1733424649641721,-0.25038941268402837
1612467105012,2021-02-04T19:31:45.012Z,98.053,0.926813784828535,0.21968553564072205,0.17326699478266117,-0.2504656108152174
1612467105027,2021-02-04T19:31:45.027Z,98.068,0.92677853148116,0.2197304148188778,0.1731350013168996,-0.250647899867814
1612467105057,2021-02-04T19:31:45.057Z,98.098,0.9267524096799146,0.21971947006209205,0.17303041947981382,-0.2508262338009019
1612467105072,2021-02-04T19:31:45.072Z,98.113,0.9267390959018247,0.2197121228155711,0.17303914972683634,-0.25087583358457954
1612467105087,2021-02-04T19:31:45.087Z,98.128,0.9267499041425434,0.2196941052765594,0.17299169687541796,-0.2508844118128547
1612467105117,2021-02-04T19:31:45.117Z,98.158,0.9267759810783107,0.21965062103234145,0.17287710709428916,-0.2509051442660181
1612467105132,2021-02-04T19:31:45.132Z,98.173,0.9268051176616091,0.21963623520852685,0.17268067996555117,-0.25094537418791024
1612467105147,2021-02-04T19:31:45.147Z,98.188,0.926853661812669,0.2195551171783636,0.17246702816454013,-0.2509839921216756
1612467105177,2021-02-04T19:31:45.177Z,98.218,0.9269925885277404,0.21934441568830684,0.17229407859295526,-0.2507738395502996
1612467105192,2021-02-04T19:31:45.192Z,98.233,0.9271839022020845,0.2189894748049076,0.17221745482213766,-0.25042917097768613
1612467105207,2021-02-04T19:31:45.207Z,98.248,0.9273673015640628,0.21858278739527529,0.17220904504570625,-0.25011097106833724
1612467105237,2021-02-04T19:31:45.237Z,98.278,0.9275005514098068,0.21826311896809453,0.1721838694540372,-0.2499132912284956
1612467105258,2021-02-04T19:31:45.258Z,98.299,0.9275530578130778,0.21812320268628813,0.17205513277735074,-0.2499292393387651
1612467105267,2021-02-04T19:31:45.267Z,98.308,0.9275132154808099,0.21823246038607355,0.17183193679351944,-0.25013519112687327
1612467105297,2021-02-04T19:31:45.297Z,98.338,0.9273911726899945,0.2185009923791932,0.17175165957889424,-0.25040825980362547
1612467105312,2021-02-04T19:31:45.313Z,98.353,0.9272595381514523,0.21873505353867564,0.17181612960094364,-0.2506470483958266
1612467105327,2021-02-04T19:31:45.327Z,98.368,0.9271988446310482,0.21879116412989308,0.17188058230600417,-0.2507783771374328
1612467105342,2021-02-04T19:31:45.342Z,98.383,0.9272154718430923,0.21871037215499145,0.17191266130670607,-0.25076538590695197
1612467105372,2021-02-04T19:31:45.372Z,98.413,0.9272399225313477,0.21859155707870817,0.1719598052469202,-0.25074625145235424
1612467105387,2021-02-04T19:31:45.387Z,98.428,0.9272399225313477,0.21859155707870817,0.1719598052469202,-0.25074625145235424
1612467105402,2021-02-04T19:31:45.402Z,98.443,0.9272281902536164,0.2186486284849211,0.1719371448893717,-0.2507554160291613
1612467105432,2021-02-04T19:31:45.432Z,98.473,0.9272007747144768,0.2187818096049031,0.171884299399435,-0.25077685454372195
1612467105447,2021-02-04T19:31:45.447Z,98.488,0.9271782563172684,0.2188911977380987,0.1718408673105772,-0.25079441956949294
1612467105462,2021-02-04T19:31:45.462Z,98.503,0.9271536030747238,0.2190108390543715,0.17179336976046375,-0.2508136495261018
1612467105492,2021-02-04T19:31:45.492Z,98.533,0.927099511144283,0.21908440110834776,0.17172752048068235,-0.2509943830777587
1612467105507,2021-02-04T19:31:45.507Z,98.548,0.9270312482234576,0.21916358064300007,0.1717163969660418,-0.25118492938470205
1612467105522,2021-02-04T19:31:45.522Z,98.563,0.9270123499072418,0.2191532803147442,0.17172871451495494,-0.2512552317023107
1612467105552,2021-02-04T19:31:45.552Z,98.593,0.9270295270299518,0.21912441445447892,0.17165275325357723,-0.2512689382018248
1612467105567,2021-02-04T19:31:45.567Z,98.608,0.9270130984921249,0.21925310564106051,0.1713795300204074,-0.2514037541103244
1612467105582,2021-02-04T19:31:45.582Z,98.623,0.9269245057549572,0.21950162793272132,0.17104991815706003,-0.25173780300995036
1612467105612,2021-02-04T19:31:45.612Z,98.653,0.9268881338823557,0.21967550301458563,0.17053919935966397,-0.2520663446895236
1612467105627,2021-02-04T19:31:45.627Z,98.668,0.9269939157302722,0.21968909377798096,0.1698205336574963,-0.25215068634122195
1612467105642,2021-02-04T19:31:45.642Z,98.683,0.9271926582178492,0.21945326961775513,0.1691073818180766,-0.2521046021310023
1612467105672,2021-02-04T19:31:45.672Z,98.713,0.9272976667807247,0.21927765271218685,0.16851571476150784,-0.2522673226608544
1612467105687,2021-02-04T19:31:45.687Z,98.728,0.9272096034419465,0.2193227787420022,0.16823217957864756,-0.25274058590604936
1612467105702,2021-02-04T19:31:45.702Z,98.743,0.927004513828378,0.21964560377490036,0.16802138521700757,-0.2533520360958842
1612467105732,2021-02-04T19:31:45.732Z,98.773,0.9268449705866885,0.21991926506171283,0.16781172963060045,-0.253836838837989
1612467105747,2021-02-04T19:31:45.747Z,98.788,0.9268254397236296,0.21990768556337492,0.1675906197841591,-0.2540641617222351
1612467105762,2021-02-04T19:31:45.762Z,98.803,0.9268792273092872,0.2197599279630858,0.16746240255181996,-0.25408033331167235
1612467105792,2021-02-04T19:31:45.792Z,98.833,0.9269166365804364,0.21957949974648272,0.16753475762797668,-0.2540521543070055
1612467105807,2021-02-04T19:31:45.807Z,98.848,0.9269166365804364,0.21957949974648272,0.16753475762797668,-0.2540521543070055
1612467105822,2021-02-04T19:31:45.822Z,98.863,0.9269166365804364,0.21957949974648272,0.16753475762797668,-0.2540521543070055
1612467105852,2021-02-04T19:31:45.852Z,98.893,0.9269495035891477,0.21952267732041297,0.16738654680328655,-0.25407903472577537
1612467105867,2021-02-04T19:31:45.867Z,98.908,0.9269873275655002,0.21951760338591134,0.16708989385311723,-0.25414067700553494
1612467105882,2021-02-04T19:31:45.882Z,98.923,0.9270654572372203,0.21938211323486212,0.16673653015510595,-0.25420475192644487
1612467105912,2021-02-04T19:31:45.912Z,98.953,0.9271237914231013,0.21931420764007745,0.16640221081155268,-0.25426965595895656
1612467105927,2021-02-04T19:31:45.927Z,98.968,0.9271463763175471,0.21944523533353585,0.16610583558969827,-0.25426804155005134
1612467105942,2021-02-04T19:31:45.942Z,98.983,0.9272175024681262,0.21957263153785572,0.1658063826589984,-0.2540940890021828
1612467105957,2021-02-04T19:31:45.957Z,98.998,0.9272922170143568,0.21946719123332462,0.16576514917296745,-0.2539393855951019
1612467105987,2021-02-04T19:31:45.987Z,99.028,0.927308950866219,0.21938644675633798,0.16579750059990855,-0.25392692928841487
1612467106002,2021-02-04T19:31:46.002Z,99.043,0.927260107359592,0.21936126057054373,0.16582897742643918,-0.25410643617602763
1612467106017,2021-02-04T19:31:46.017Z,99.058,0.9272033575255886,0.2193319780652464,0.1658655120669501,-0.25431486212573257
1612467106047,2021-02-04T19:31:46.047Z,99.088,0.927222046775833,0.2192417485603119,0.16590170541002955,-0.2543009158518624
1612467106062,2021-02-04T19:31:46.062Z,99.103,0.9272742535317344,0.2189278578389801,0.16613177162693046,-0.2542307736197522
1612467106077,2021-02-04T19:31:46.077Z,99.118,0.9273005795876376,0.21864767649397396,0.16650174403882187,-0.2541338188676371
1612467106107,2021-02-04T19:31:46.107Z,99.148,0.9273730873478417,0.2184057569328149,0.16676201236285496,-0.2539065053011201
1612467106122,2021-02-04T19:31:46.122Z,99.163,0.9274530675211679,0.21822340964568251,0.16695496013814745,-0.2536442238913755
1612467106137,2021-02-04T19:31:46.137Z,99.178,0.9275570565593632,0.21801459012698982,0.16711901504815524,-0.25333531164846657
1612467106167,2021-02-04T19:31:46.167Z,99.208,0.9276741648647312,0.2177642081978292,0.167318585097265,-0.2529898902160822
1612467106182,2021-02-04T19:31:46.182Z,99.223,0.9277937800805374,0.21744084585441958,0.16762602782490246,-0.252625602411211
1612467106197,2021-02-04T19:31:46.197Z,99.238,0.9279513961888373,0.21700813456218382,0.16796969920692936,-0.2521901187464775
1612467106227,2021-02-04T19:31:46.227Z,99.268,0.928171233518969,0.21645300984942278,0.16821181522562179,-0.25169632697658184
1612467106242,2021-02-04T19:31:46.242Z,99.283,0.9284094103432335,0.21584147692709935,0.16841074823508695,-0.2512095609306222
1612467106257,2021-02-04T19:31:46.257Z,99.298,0.9286005339033095,0.21528418421447904,0.16860166023404177,-0.2508530418948895
1612467106287,2021-02-04T19:31:46.287Z,99.328,0.9287400036517074,0.21479142419494077,0.16878157467395455,-0.25063804531618106
1612467106302,2021-02-04T19:31:46.302Z,99.343,0.9287937961597453,0.21456213685930223,0.16881221606947372,-0.25061446356356315
1612467106317,2021-02-04T19:31:46.317Z,99.358,0.9288292278572458,0.21438600431975696,0.16888197685295353,-0.25058688019160175
1612467106347,2021-02-04T19:31:46.347Z,99.388,0.9289469511057263,0.21408787402742904,0.16897792680990747,-0.25034057696829004
1612467106362,2021-02-04T19:31:46.362Z,99.403,0.9291069573853019,0.21361986031463454,0.16913781856317323,-0.2500384277447647
1612467106377,2021-02-04T19:31:46.377Z,99.418,0.929232345908309,0.21311750953289937,0.16932681915435316,-0.2498731733566133
1612467106407,2021-02-04T19:31:46.407Z,99.448,0.9293092599429038,0.21273161743448638,0.16947923544131385,-0.24981262394504308
1612467106422,2021-02-04T19:31:46.422Z,99.463,0.9292977903998947,0.21247041170543426,0.16960628944151168,-0.24999129482739754
1612467106437,2021-02-04T19:31:46.437Z,99.478,0.9292327555056847,0.212435355936305,0.16964717987737118,-0.2502349695849534
1612467106467,2021-02-04T19:31:46.467Z,99.508,0.9292180301255745,0.21236778393171807,0.16955346087913978,-0.2504104645205234
1612467106488,2021-02-04T19:31:46.488Z,99.529,0.9292858570752012,0.21210724493536565,0.16953070422550603,-0.25039499358162404
1612467106497,2021-02-04T19:31:46.497Z,99.538,0.9293849465920914,0.21160698519380855,0.16972854447003452,-0.2503164518310498
1612467106527,2021-02-04T19:31:46.527Z,99.568,0.9294805273647694,0.21112304185797168,0.16991986036855186,-0.2502403874251302
1612467106542,2021-02-04T19:31:46.542Z,99.583,0.9295293608857,0.21087526036058582,0.17001777112889568,-0.2502014175012604
1612467106557,2021-02-04T19:31:46.557Z,99.598,0.9295490550256329,0.21077521680281044,0.17005730482974507,-0.2501856817580178
1612467106572,2021-02-04T19:31:46.572Z,99.613,0.9295739501342936,0.21051263116945818,0.17017090894668463,-0.2502370178412799
1612467106602,2021-02-04T19:31:46.602Z,99.643,0.9295682656954253,0.21012999794015172,0.17035180103758912,-0.2504565576320988
1612467106617,2021-02-04T19:31:46.617Z,99.658,0.9294330832585557,0.20994007597420294,0.1707193770038011,-0.25086690208131185
1612467106632,2021-02-04T19:31:46.632Z,99.673,0.9292840047084537,0.20998984163902357,0.17084940071183943,-0.25128865330102307
1612467106662,2021-02-04T19:31:46.662Z,99.703,0.9292333452356187,0.20996242007502255,0.1708806010836282,-0.2514776181527078
1612467106677,2021-02-04T19:31:46.677Z,99.718,0.9293030093861653,0.2096893296149739,0.17098301824701612,-0.2513784184503116
1612467106692,2021-02-04T19:31:46.692Z,99.733,0.9294345230800154,0.20922723847966393,0.17127205164542608,-0.2510802945481081
1612467106722,2021-02-04T19:31:46.722Z,99.763,0.9295559080032612,0.20862855479983994,0.17163259668715067,-0.2508828247863702
1612467106737,2021-02-04T19:31:46.737Z,99.778,0.9296714176053907,0.20803275894207238,0.1718683282577106,-0.25078816606138454
1612467106752,2021-02-04T19:31:46.752Z,99.793,0.9298214991752256,0.2074626135197231,0.1720795941778235,-0.2505590887010436
1612467106782,2021-02-04T19:31:46.782Z,99.823,0.9300023824855319,0.20686601192172085,0.1722919079237402,-0.2502349299095429
1612467106797,2021-02-04T19:31:46.797Z,99.838,0.9301975064284896,0.2062457729692055,0.17250976177670316,-0.24987129138478523
1612467106812,2021-02-04T19:31:46.812Z,99.853,0.9303315858887967,0.20582143381265075,0.17265841942865395,-0.24961920575416513
1612467106842,2021-02-04T19:31:46.842Z,99.883,0.9304352340998284,0.20553844697334134,0.1727003424992551,-0.24943699337112046
1612467106863,2021-02-04T19:31:46.863Z,99.904,0.9305197374225223,0.20538214204458088,0.1726332212398991,-0.24929694125808266
1612467106872,2021-02-04T19:31:46.872Z,99.913,0.930553952604073,0.20527911938900983,0.1726686623185748,-0.24922952772278645
1612467106902,2021-02-04T19:31:46.902Z,99.943,0.930553952604073,0.20527911938900983,0.1726686623185748,-0.24922952772278645
1612467106917,2021-02-04T19:31:46.917Z,99.958,0.9305038735832346,0.20527769372696533,0.1727442137799375,-0.2493652868991298
1612467106932,2021-02-04T19:31:46.932Z,99.973,0.930377911867449,0.20556124329694414,0.1726048605673741,-0.2496979745049946
1612467106962,2021-02-04T19:31:46.962Z,100.003,0.9302719879062812,0.20596780968772102,0.1723467982054157,-0.24993573381507528
1612467106977,2021-02-04T19:31:46.977Z,100.018,0.9302384957415546,0.20621247095402942,0.1721828213516938,-0.24997166618417824
1612467106992,2021-02-04T19:31:46.992Z,100.033,0.9302753682686773,0.20626398515323402,0.1721419659111202,-0.24982003761415525
1612467107022,2021-02-04T19:31:47.022Z,100.063,0.9303010984230894,0.20628131872268357,0.17215482300610546,-0.24970102269426295
1612467107037,2021-02-04T19:31:47.037Z,100.078,0.9302822782986693,0.20630971606256437,0.17219201763546532,-0.2497220310750516
1612467107052,2021-02-04T19:31:47.052Z,100.093,0.9302407652811582,0.20652389219428108,0.1720785734026551,-0.24977783155788102
1612467107082,2021-02-04T19:31:47.082Z,100.123,0.9302122240115503,0.20676881242616954,0.17182915658259293,-0.24985319180565096
1612467107097,2021-02-04T19:31:47.097Z,100.138,0.9301650992914003,0.20693421218154795,0.1718820918981996,-0.24985529086597397
1612467107112,2021-02-04T19:31:47.112Z,100.153,0.93016288699157,0.207097484181559,0.17173151633700134,-0.2498317874205981
1612467107127,2021-02-04T19:31:47.127Z,100.168,0.9301563565098594,0.207161146037289,0.17177576892731722,-0.24977289129577093
1612467107157,2021-02-04T19:31:47.157Z,100.198,0.9301209942621254,0.20726042793300395,0.17183520465329133,-0.24978133134328726
1612467107172,2021-02-04T19:31:47.172Z,100.213,0.9300538127562508,0.20750197380080027,0.1718644057265844,-0.24981085302800773
1612467107187,2021-02-04T19:31:47.187Z,100.228,0.9299553590487997,0.20799704950660694,0.171670795354214,-0.24989877069608762
1612467107217,2021-02-04T19:31:47.217Z,100.258,0.9298003439396161,0.20872999758750505,0.17126025420142799,-0.2501460250488788
1612467107232,2021-02-04T19:31:47.232Z,100.273,0.9295536392248438,0.2095466236046406,0.17089661719086166,-0.25062839139344084
1612467107247,2021-02-04T19:31:47.247Z,100.288,0.9293031394638337,0.21025604435370535,0.17068065775910007,-0.2511099039510707
1612467107277,2021-02-04T19:31:47.277Z,100.318,0.9290661311970562,0.21092593394619275,0.17063125800952045,-0.2514584419770975
1612467107292,2021-02-04T19:31:47.292Z,100.333,0.9288626760493847,0.2114246508506602,0.1706959693621946,-0.2517471590674925
1612467107307,2021-02-04T19:31:47.307Z,100.348,0.9286789521780414,0.21182015343840385,0.17076913979107802,-0.25204270922572114
1612467107337,2021-02-04T19:31:47.337Z,100.378,0.9285329626798807,0.21214895034369888,0.1706755554868434,-0.2523672222065442
1612467107352,2021-02-04T19:31:47.352Z,100.393,0.9283740039764597,0.2125618975460365,0.17049252613136626,-0.2527280098954018
1612467107367,2021-02-04T19:31:47.367Z,100.408,0.9282199129251778,0.21302612950714353,0.170193579745301,-0.2531043397689203
1612467107397,2021-02-04T19:31:47.397Z,100.438,0.9281119575874235,0.21341339672136433,0.16997228409461423,-0.25332259852360145
1612467107412,2021-02-04T19:31:47.412Z,100.453,0.928070149112482,0.2136764660635739,0.1699218186606661,-0.25328786334913406
1612467107427,2021-02-04T19:31:47.427Z,100.468,0.928099887724085,0.21372800347476992,0.16994102071026548,-0.25312247710778785
1612467107457,2021-02-04T19:31:47.457Z,100.498,0.9281233230849489,0.21375318084608605,0.16998947089572702,-0.2529827160272466
1612467107472,2021-02-04T19:31:47.472Z,100.513,0.9281041352832291,0.21387376514509687,0.1700131659055291,-0.2529352685404084
1612467107487,2021-02-04T19:31:47.487Z,100.528,0.9280428973814633,0.2141244485848367,0.16997048435798098,-0.2529765514532365
1612467107517,2021-02-04T19:31:47.517Z,100.558,0.9279921145191132,0.21432984312957773,0.16993310122191382,-0.2530140210413212
1612467107532,2021-02-04T19:31:47.532Z,100.573,0.9279579226077003,0.2144914521634693,0.16987534057440223,-0.25304126043619524
1612467107547,2021-02-04T19:31:47.547Z,100.588,0.9279445748311768,0.21461229851076613,0.16972400366100554,-0.2530892924455548
1612467107577,2021-02-04T19:31:47.577Z,100.618,0.9279093108747808,0.2147903186883617,0.16962138696682746,-0.2531363562846939
1612467107592,2021-02-04T19:31:47.592Z,100.633,0.9278596799964923,0.21502963364866726,0.16950949648502234,-0.2531900501424194
1612467107607,2021-02-04T19:31:47.607Z,100.648,0.9277943099960644,0.2153831574185087,0.16929396713995498,-0.25327330402033427
1612467107637,2021-02-04T19:31:47.637Z,100.678,0.9277202660560719,0.2157874534107631,0.16904373082469543,-0.25336751956045317
1612467107652,2021-02-04T19:31:47.652Z,100.693,0.9276739470689551,0.21611833389378646,0.16873654417680672,-0.25345984365131224
1612467107667,2021-02-04T19:31:47.667Z,100.708,0.9276511807334454,0.21630480394084628,0.16854054830592527,-0.25351450106984935
1612467107697,2021-02-04T19:31:47.697Z,100.738,0.9276149459223352,0.21627467040077475,0.16853415377450537,-0.2536769955199936
1612467107712,2021-02-04T19:31:47.712Z,100.753,0.9275481806026258,0.21632178455457612,0.16856661137302276,-0.25385932269290096
1612467107727,2021-02-04T19:31:47.727Z,100.768,0.927486885446217,0.21651183017278025,0.16853325290938864,-0.25394339405522887
1612467107757,2021-02-04T19:31:47.757Z,100.798,0.9274810264198547,0.21661197100036553,0.1683678119070027,-0.2539891327678364
1612467107772,2021-02-04T19:31:47.772Z,100.813,0.9274769066744858,0.21662322779438092,0.16837739440232838,-0.25398822378164293
1612467107787,2021-02-04T19:31:47.787Z,100.828,0.9274754076277324,0.21662964952514774,0.16837912612906983,-0.2539870726560587
1612467107802,2021-02-04T19:31:47.802Z,100.843,0.9274709870498649,0.21663999226467748,0.16839073980605504,-0.2539866939032035
1612467107832,2021-02-04T19:31:47.832Z,100.873,0.9274520546548743,0.21670619095271126,0.16839820791238044,-0.25399440287360264
1612467107847,2021-02-04T19:31:47.847Z,100.888,0.9274323303299538,0.216779222341479,0.16840393969298303,-0.25400030416449754
1612467107862,2021-02-04T19:31:47.862Z,100.903,0.9274175388701066,0.216817627260777,0.1684399246131916,-0.25399767105511745
1612467107892,2021-02-04T19:31:47.892Z,100.933,0.9274053306780597,0.21684907968742229,0.16846977805991617,-0.2539955967119886
1612467107907,2021-02-04T19:31:47.907Z,100.948,0.9273950112875142,0.2168727620912258,0.16849716183796676,-0.2539948908039373
1612467107922,2021-02-04T19:31:47.922Z,100.963,0.9273865676110814,0.21689228767353944,0.16851948632278957,-0.25399423712316593
1612467107952,2021-02-04T19:31:47.952Z,100.993,0.9273730706096144,0.2169222205031469,0.16855607961913396,-0.2539936735107932
1612467107967,2021-02-04T19:31:47.967Z,101.008,0.9273653773531344,0.2169378256421791,0.16857805128481296,-0.2539938529125003
1612467107982,2021-02-04T19:31:47.982Z,101.023,0.9273653773531344,0.2169378256421791,0.16857805128481296,-0.2539938529125003
1612467108012,2021-02-04T19:31:48.012Z,101.053,0.9273556756878023,0.21698536700332977,0.16855900181764888,-0.25400130744208393
1612467108027,2021-02-04T19:31:48.027Z,101.068,0.9273352755480414,0.21708521695771663,0.1685190086653154,-0.2540170053778255
1612467108042,2021-02-04T19:31:48.042Z,101.083,0.9273255573142313,0.21713276711249435,0.16849996550036062,-0.2540244748529146
1612467108072,2021-02-04T19:31:48.072Z,101.113,0.9273255573142313,0.21713276711249435,0.16849996550036062,-0.2540244748529146
1612467108087,2021-02-04T19:31:48.087Z,101.128,0.9273255573142313,0.21713276711249435,0.16849996550036062,-0.2540244748529146
1612467108102,2021-02-04T19:31:48.102Z,101.143,0.9272954353111529,0.21728012343911438,0.16844092160559365,-0.2540475930569723
1612467108138,2021-02-04T19:31:48.139Z,101.179,0.9272748943974732,0.21738053790471887,0.16840069656540255,-0.25406333335744674
1612467108147,2021-02-04T19:31:48.147Z,101.188,0.9272800090232082,0.21743590221740797,0.1683721826912459,-0.25401618332028847
1612467108162,2021-02-04T19:31:48.162Z,101.203,0.9272800090232082,0.21743590221740797,0.1683721826912459,-0.25401618332028847
1612467108192,2021-02-04T19:31:48.192Z,101.233,0.9272269351241325,0.2175155928467954,0.1684750511948963,-0.2540734830195629
1612467108207,2021-02-04T19:31:48.207Z,101.248,0.927196739844512,0.21756813924641127,0.1684614563272496,-0.2541476896189785
1612467108222,2021-02-04T19:31:48.222Z,101.263,0.927210106827152,0.21750288586060382,0.16848761995863742,-0.2541374320334656
1612467108252,2021-02-04T19:31:48.252Z,101.293,0.9272356869621622,0.21737792928476415,0.1685377046184066,-0.2541178049756332
1612467108267,2021-02-04T19:31:48.267Z,101.308,0.9272356869621622,0.21737792928476415,0.1685377046184066,-0.2541178049756332
1612467108282,2021-02-04T19:31:48.282Z,101.323,0.9272356869621622,0.21737792928476415,0.1685377046184066,-0.2541178049756332
1612467108312,2021-02-04T19:31:48.312Z,101.353,0.9272356869621622,0.21737792928476415,0.1685377046184066,-0.2541178049756332
1612467108327,2021-02-04T19:31:48.327Z,101.368,0.9272356869621622,0.21737792928476415,0.1685377046184066,-0.2541178049756332
1612467108342,2021-02-04T19:31:48.342Z,101.383,0.9272356869621622,0.21737792928476415,0.1685377046184066,-0.2541178049756332
1612467108357,2021-02-04T19:31:48.357Z,101.398,0.927193833589123,0.21735588682236284,0.16856434516052035,-0.25427165583008776
1612467108387,2021-02-04T19:31:48.387Z,101.428,0.9271240721008109,0.21738233876443608,0.16857841786186467,-0.25449398962589403
1612467108402,2021-02-04T19:31:48.402Z,101.443,0.9271115307898473,0.21731839278638818,0.16848807143831063,-0.2546540700955821
1612467108417,2021-02-04T19:31:48.417Z,101.458,0.9271115307898473,0.21731839278638818,0.16848807143831063,-0.2546540700955821
1612467108447,2021-02-04T19:31:48.447Z,101.488,0.9271115307898473,0.21731839278638818,0.16848807143831063,-0.2546540700955821
1612467108462,2021-02-04T19:31:48.462Z,101.503,0.9271115307898473,0.21731839278638818,0.16848807143831063,-0.2546540700955821
1612467108477,2021-02-04T19:31:48.477Z,101.518,0.9270774848763731,0.2174847086068223,0.16842130973768155,-0.25468019354427174
1612467108507,2021-02-04T19:31:48.508Z,101.548,0.9270424302468695,0.21765577584440862,0.1683526432535314,-0.25470705383458825
1612467108522,2021-02-04T19:31:48.522Z,101.563,0.9270539170836893,0.21770691806753914,0.16815560810822128,-0.2547516910779519
1612467108537,2021-02-04T19:31:48.537Z,101.578,0.9271067775310081,0.21764908807917083,0.16797527320493635,-0.25472770777067477
1612467108567,2021-02-04T19:31:48.567Z,101.608,0.9271702546176375,0.21762773015925246,0.16784114449778217,-0.2546032997265973
1612467108582,2021-02-04T19:31:48.582Z,101.623,0.9272446060784338,0.2174707360636524,0.1678878935787804,-0.25443579670334
1612467108597,2021-02-04T19:31:48.597Z,101.638,0.9273351160564879,0.21725515308398421,0.1679564749932874,-0.25424477083075714
1612467108633,2021-02-04T19:31:48.633Z,101.674,0.9274233798858518,0.2170647407764547,0.1680138203164422,-0.25404749346417116
1612467108642,2021-02-04T19:31:48.642Z,101.683,0.9274946792493676,0.21694355005206717,0.1680444756530646,-0.2538703808194361
1612467108657,2021-02-04T19:31:48.657Z,101.698,0.9274946792493676,0.21694355005206717,0.1680444756530646,-0.2538703808194361
1612467108687,2021-02-04T19:31:48.687Z,101.728,0.927463664334903,0.21692725066448654,0.16806418497143705,-0.25398454478079574
1612467108702,2021-02-04T19:31:48.702Z,101.743,0.9274357125091607,0.21684339271007672,0.1681150798662019,-0.25412450122369074
1612467108717,2021-02-04T19:31:48.717Z,101.758,0.9274764711800144,0.21657021109991825,0.16823027093208331,-0.25413247532285704
1612467108747,2021-02-04T19:31:48.747Z,101.788,0.9275422400183216,0.21624705950792888,0.16835974221447597,-0.2540818754603399
1612467108762,2021-02-04T19:31:48.762Z,101.803,0.9275985753283503,0.21596977356944236,0.16847081347764453,-0.254038432051844
1612467108777,2021-02-04T19:31:48.777Z,101.818,0.9276352610677824,0.2157551001097988,0.16861158763917972,-0.2539934875427182
1612467108822,2021-02-04T19:31:48.822Z,101.863,0.9276727435250164,0.21553274015596038,0.16876092451993935,-0.2539461935072222
1612467108822,2021-02-04T19:31:48.822Z,101.863,0.9277100708911542,0.21526585411979626,0.16900010449905073,-0.25387713779801946
1612467108837,2021-02-04T19:31:48.837Z,101.878,0.9277904814101985,0.21499260533303174,0.1691573784146053,-0.25371003839943984
1612467108867,2021-02-04T19:31:48.867Z,101.908,0.9278758400145315,0.2147256352714027,0.16925227954476585,-0.25356062971904914
1612467108882,2021-02-04T19:31:48.882Z,101.923,0.927948242809995,0.2145281227906924,0.16931897070634294,-0.25341828930976773
1612467108897,2021-02-04T19:31:48.897Z,101.938,0.9280300622370795,0.2142768453660558,0.1694075974588612,-0.25327199420273555
1612467108927,2021-02-04T19:31:48.927Z,101.968,0.9281164671800607,0.21392801286873192,0.16954073180423945,-0.25316115207219697
1612467108942,2021-02-04T19:31:48.942Z,101.983,0.9281940808816604,0.21354051470188617,0.16969539837239936,-0.2531001157019415
1612467108957,2021-02-04T19:31:48.957Z,101.998,0.9282145388429783,0.21326716525087105,0.1698171800363051,-0.2531738759645078
1612467108972,2021-02-04T19:31:48.972Z,102.013,0.9282544290505391,0.21306737727376876,0.1698968894568248,-0.2531423604271525
1612467109002,2021-02-04T19:31:49.002Z,102.043,0.9283040379680187,0.21281853395590766,0.169996171082028,-0.2531031143913072
1612467109017,2021-02-04T19:31:49.017Z,102.058,0.928387100579603,0.21261030854052318,0.17006386155885303,-0.25292791694748235
1612467109032,2021-02-04T19:31:49.032Z,102.073,0.9284778944295763,0.2123851796246011,0.1701366156411182,-0.2527347760986461
1612467109062,2021-02-04T19:31:49.062Z,102.103,0.9285495243457084,0.21212158745372103,0.17023451261586223,-0.252627044648652
1612467109077,2021-02-04T19:31:49.077Z,102.118,0.9286080052076574,0.21182653730975842,0.17035202357358692,-0.25258044029575427
1612467109092,2021-02-04T19:31:49.092Z,102.133,0.9286663889890573,0.21153145459712952,0.17046951914792352,-0.2525338090623179
1612467109122,2021-02-04T19:31:49.122Z,102.163,0.9287259700830858,0.21122982070444135,0.1705896012927398,-0.2524860852981508
1612467109137,2021-02-04T19:31:49.137Z,102.178,0.9288047797248673,0.21098792942550537,0.17067450529852018,-0.25234101537024084
1612467109152,2021-02-04T19:31:49.152Z,102.193,0.9288432211570127,0.21079276244332906,0.1707521405451645,-0.25231010346678473
1612467109182,2021-02-04T19:31:49.182Z,102.223,0.9288184730575723,0.2106153321453509,0.17084438142648314,-0.25248687749525883
1612467109197,2021-02-04T19:31:49.197Z,102.238,0.9287322919207569,0.21051096399963612,0.17092453764694535,-0.25283644201289535
1612467109212,2021-02-04T19:31:49.212Z,102.253,0.9286739506514688,0.21033215997307694,0.17102950590989527,-0.25312839424029526
1612467109242,2021-02-04T19:31:49.242Z,102.283,0.9287335394580067,0.20999435005267894,0.1710298795144415,-0.25318997994595227
1612467109257,2021-02-04T19:31:49.257Z,102.298,0.928804321915991,0.20963258306820579,0.17117412700117982,-0.25313263312285905
1612467109272,2021-02-04T19:31:49.272Z,102.313,0.9288670216654069,0.2093875425427967,0.1712664942496607,-0.2530428837919688
1612467109302,2021-02-04T19:31:49.302Z,102.343,0.9289376289377764,0.20922450246623406,0.1713176127779208,-0.25288389561870717
1612467109317,2021-02-04T19:31:49.317Z,102.358,0.9289524755192093,0.20914833829391122,0.1713479493621126,-0.2528718075725862
1612467109332,2021-02-04T19:31:49.332Z,102.373,0.9289524755192093,0.20914833829391122,0.1713479493621126,-0.2528718075725862
1612467109362,2021-02-04T19:31:49.362Z,102.403,0.9289524755192093,0.20914833829391122,0.1713479493621126,-0.2528718075725862
1612467109377,2021-02-04T19:31:49.377Z,102.418,0.928964531107723,0.20908646781376275,0.1713725926623913,-0.2528619848952049
1612467109398,2021-02-04T19:31:49.398Z,102.439,0.928964531107723,0.20908646781376275,0.1713725926623913,-0.2528619848952049
1612467109422,2021-02-04T19:31:49.422Z,102.463,0.928964531107723,0.20908646781376275,0.1713725926623913,-0.2528619848952049
1612467109437,2021-02-04T19:31:49.437Z,102.478,0.9289394691439191,0.20921507907170497,0.17132136582480595,-0.2528823895955523
1612467109452,2021-02-04T19:31:49.452Z,102.493,0.9289207167207192,0.2093622944900085,0.17118605479022864,-0.2529210674070099
1612467109482,2021-02-04T19:31:49.482Z,102.523,0.929012428305564,0.20932342972020124,0.17097819771222939,-0.2527569301345645
1612467109497,2021-02-04T19:31:49.497Z,102.538,0.9291023874257734,0.20933440385787389,0.17073192389602304,-0.2525835925074295
1612467109512,2021-02-04T19:31:49.512Z,102.553,0.9291011665830323,0.20947461383802296,0.17058319958937176,-0.2525723271249488
1612467109542,2021-02-04T19:31:49.542Z,102.583,0.9290328755619781,0.209739659810205,0.1704836429157847,-0.25267077141193944
1612467109557,2021-02-04T19:31:49.557Z,102.598,0.9289965026155572,0.20992543492117183,0.17040969441508505,-0.2527001107055103
1612467109572,2021-02-04T19:31:49.572Z,102.613,0.9289965026155572,0.20992543492117183,0.17040969441508505,-0.2527001107055103
1612467109587,2021-02-04T19:31:49.587Z,102.628,0.9290355875041795,0.20994643573288585,0.17038574548238988,-0.25255508114118635
1612467109617,2021-02-04T19:31:49.617Z,102.658,0.9290554198218153,0.21007020276191626,0.17026838369335143,-0.2524583417630155
1612467109632,2021-02-04T19:31:49.632Z,102.673,0.9290295901496792,0.210237877709659,0.1701469171274064,-0.25249570688329925
1612467109647,2021-02-04T19:31:49.647Z,102.688,0.9289778395525212,0.21050137847083347,0.170042059362282,-0.25253720781311223
1612467109677,2021-02-04T19:31:49.677Z,102.718,0.9289197493040441,0.21079666543875877,0.16992454117561862,-0.2525836801914706
1612467109692,2021-02-04T19:31:49.692Z,102.733,0.9288645494378082,0.21107678082447448,0.16981302736532689,-0.2526277441840011
1612467109707,2021-02-04T19:31:49.707Z,102.748,0.9288253688356121,0.2113578571725006,0.16969513707373615,-0.25261601467912487
1612467109737,2021-02-04T19:31:49.737Z,102.778,0.928808507282156,0.21153315412052265,0.16961883133451452,-0.25258252822558763
1612467109752,2021-02-04T19:31:49.752Z,102.793,0.9287642087310044,0.21175696185333787,0.16952972656798496,-0.2526177062216732
1612467109767,2021-02-04T19:31:49.767Z,102.808,0.9287302635997334,0.21202380013505157,0.16927486228600583,-0.2526895855557076
1612467109797,2021-02-04T19:31:49.797Z,102.838,0.9287064060843718,0.21231581453451917,0.16889010565952245,-0.25278951403630034
1612467109812,2021-02-04T19:31:49.812Z,102.853,0.9286684539555501,0.212635541088894,0.1685472640511037,-0.252889005444146
1612467109827,2021-02-04T19:31:49.827Z,102.868,0.9285764603774567,0.21302815027250402,0.1684822563744829,-0.25293970370685553
1612467109857,2021-02-04T19:31:49.857Z,102.898,0.92852890115632,0.21328627438619374,0.1683304772414993,-0.25299781680390643
1612467109878,2021-02-04T19:31:49.878Z,102.919,0.9284839625900742,0.21354369594013048,0.16815313045510746,-0.2530635213842772
1612467109887,2021-02-04T19:31:49.887Z,102.928,0.9283716205769542,0.21377850762736972,0.16813566970848595,-0.25328892663441327
1612467109917,2021-02-04T19:31:49.917Z,102.958,0.9282855527676509,0.21390325077458103,0.16814166603349698,-0.253494993982926
1612467109932,2021-02-04T19:31:49.932Z,102.973,0.9282822170560849,0.21396972563983488,0.16816314437738739,-0.25343685383180414
1612467109947,2021-02-04T19:31:49.947Z,102.988,0.9283190956475018,0.21408016845424477,0.1681006434511273,-0.25324989990545616
1612467109977,2021-02-04T19:31:49.977Z,103.018,0.9283251004072963,0.21427817928879483,0.1678417099851254,-0.2532321666450206
1612467109992,2021-02-04T19:31:49.992Z,103.033,0.9282544030705943,0.21458471303090693,0.16776785399774666,-0.25328069661640046
1612467110007,2021-02-04T19:31:50.007Z,103.048,0.9282296843708834,0.21469327201161487,0.16775144280622142,-0.25329016057104964
1612467110037,2021-02-04T19:31:50.037Z,103.078,0.9282167207876632,0.2147278307529856,0.16778277240898992,-0.253287621555155
1612467110052,2021-02-04T19:31:50.052Z,103.093,0.9282020500227862,0.21476385082015098,0.16782051882052998,-0.2532858388801182
1612467110067,2021-02-04T19:31:50.067Z,103.108,0.9281661634355745,0.21490006801782263,0.1678198007906633,-0.253302286373029
1612467110097,2021-02-04T19:31:50.097Z,103.138,0.9281567711523208,0.21499568982327552,0.16768884372251047,-0.253342284691126
1612467110112,2021-02-04T19:31:50.112Z,103.153,0.9281371291229062,0.2151263438797152,0.16757138429005067,-0.25338105075074635
1612467110127,2021-02-04T19:31:50.127Z,103.168,0.9280982906797252,0.21527550111829863,0.16757635328708137,-0.25339334496912286
1612467110157,2021-02-04T19:31:50.157Z,103.198,0.9280664235244449,0.21538914276804805,0.16760323800231305,-0.25339570895208763
1612467110172,2021-02-04T19:31:50.172Z,103.213,0.928046125815175,0.21544615982129564,0.16764990146962047,-0.25339070842264094
1612467110187,2021-02-04T19:31:50.187Z,103.228,0.9280233363313386,0.21549620031827724,0.16771275859898682,-0.2533900263940039
1612467110202,2021-02-04T19:31:50.202Z,103.243,0.9279996241289243,0.21554097665067895,0.16778358231806534,-0.25339189905275955
1612467110232,2021-02-04T19:31:50.232Z,103.273,0.9279586848987043,0.2156920787378857,0.16779342450270707,-0.2534067342918329
1612467110247,2021-02-04T19:31:50.247Z,103.288,0.9279148503249236,0.2158517890723134,0.16780713510498782,-0.2534221795909197
1612467110262,2021-02-04T19:31:50.262Z,103.303,0.9278910878329978,0.21591148547988503,0.16786684732047444,-0.2534187860610382
1612467110292,2021-02-04T19:31:50.292Z,103.333,0.9278723244936542,0.2159669452903082,0.1679077109767407,-0.25341315785741525
1612467110307,2021-02-04T19:31:50.307Z,103.348,0.927859661735358,0.21600397468458024,0.1679355848868176,-0.2534094914827234
1612467110322,2021-02-04T19:31:50.322Z,103.363,0.9278389264409356,0.21605627387484924,0.1679874754020428,-0.2534064348202235
1612467110352,2021-02-04T19:31:50.352Z,103.393,0.9277858562108667,0.21625503602340546,0.16800133168320827,-0.2534220135707495
1612467110367,2021-02-04T19:31:50.367Z,103.408,0.927732514175569,0.21643864990753742,0.1680332004129553,-0.25343941391713265
1612467110382,2021-02-04T19:31:50.382Z,103.423,0.9277131662165958,0.2164727592351553,0.16809248191623763,-0.2534417946210467
1612467110412,2021-02-04T19:31:50.412Z,103.453,0.9276473070113608,0.21645378566242376,0.1681594744626116,-0.2536545359646341
1612467110427,2021-02-04T19:31:50.427Z,103.468,0.9275322656560615,0.21659306899772005,0.16826552308542872,-0.2538859042362717
1612467110442,2021-02-04T19:31:50.442Z,103.483,0.9274544088648613,0.21671775778998242,0.16828138857520056,-0.25405335501586146
1612467110472,2021-02-04T19:31:50.472Z,103.513,0.9273957801634987,0.21688574302214697,0.16828046657764772,-0.25412462686067294
1612467110487,2021-02-04T19:31:50.487Z,103.528,0.9273824897534424,0.21701606284384203,0.1681321272146833,-0.25416005580092477
1612467110502,2021-02-04T19:31:50.502Z,103.543,0.9273746434824739,0.21713554414257732,0.1679518395583362,-0.2542058333017406
1612467110532,2021-02-04T19:31:50.532Z,103.573,0.927357575092684,0.2172137562570014,0.16791615568819476,-0.2542248545477776
1612467110547,2021-02-04T19:31:50.547Z,103.588,0.9273363336769632,0.2172471410074147,0.16798411444241804,-0.2542289150778664
1612467110562,2021-02-04T19:31:50.562Z,103.603,0.9272766073119202,0.2173429528479735,0.16806440774044243,-0.25431179530307424
1612467110592,2021-02-04T19:31:50.592Z,103.633,0.9271842599461765,0.2175413520578439,0.1681145105784948,-0.25444571048822856
1612467110607,2021-02-04T19:31:50.607Z,103.648,0.9271527083485605,0.217733366524393,0.16797439213485318,-0.25448897832874856
1612467110622,2021-02-04T19:31:50.622Z,103.663,0.9271533863855086,0.21772170224151643,0.16787807073755875,-0.25456003585082915
1612467110652,2021-02-04T19:31:50.652Z,103.693,0.9271092491113438,0.21772549985523035,0.16791647972150045,-0.25469217255920734
1612467110667,2021-02-04T19:31:50.667Z,103.708,0.9270561298161534,0.2178056957469788,0.1679264956009686,-0.25481032778450685
1612467110682,2021-02-04T19:31:50.682Z,103.723,0.9270164905514875,0.2179576269688162,0.1678147325782404,-0.2548982436609165
1612467110712,2021-02-04T19:31:50.712Z,103.753,0.9269944414067186,0.21814245771400478,0.16760031482948842,-0.2549613857284983
1612467110727,2021-02-04T19:31:50.727Z,103.768,0.9269620469468127,0.21836879900158235,0.1674036396287773,-0.2550146124868541
1612467110742,2021-02-04T19:31:50.742Z,103.783,0.9269183083494192,0.21858359174903533,0.16733899148990822,-0.25503200777918555
1612467110757,2021-02-04T19:31:50.757Z,103.798,0.9268929792609588,0.21873915501601546,0.16723934312279448,-0.25505605103874657
1612467110787,2021-02-04T19:31:50.787Z,103.828,0.9268951740084722,0.21874933187645842,0.16720679813064115,-0.2550606846660346
1612467110802,2021-02-04T19:31:50.802Z,103.843,0.9268856075863812,0.21876857900376337,0.16723413855364674,-0.25506101660606373
1612467110817,2021-02-04T19:31:50.817Z,103.858,0.9268627356458647,0.2188391772160641,0.16725445990897128,-0.25507024410349827
1612467110847,2021-02-04T19:31:50.847Z,103.888,0.9268526432390709,0.2189206980742475,0.16716690839556644,-0.25509435590169377
1612467110862,2021-02-04T19:31:50.862Z,103.903,0.9268532348434997,0.21899275079186026,0.16701193783573703,-0.2551318654756916
1612467110877,2021-02-04T19:31:50.877Z,103.918,0.9268637347738192,0.2189745007499139,0.16696450253150408,-0.25514043206998843
1612467110907,2021-02-04T19:31:50.907Z,103.948,0.9268637347738192,0.2189745007499139,0.16696450253150408,-0.25514043206998843
1612467110922,2021-02-04T19:31:50.922Z,103.963,0.9268637347738192,0.2189745007499139,0.16696450253150408,-0.25514043206998843
1612467110937,2021-02-04T19:31:50.937Z,103.978,0.9268637347738192,0.2189745007499139,0.16696450253150408,-0.25514043206998843
1612467110973,2021-02-04T19:31:50.973Z,104.014,0.9268637347738192,0.2189745007499139,0.16696450253150408,-0.25514043206998843
1612467110982,2021-02-04T19:31:50.982Z,104.023,0.9268773763050575,0.21895076981569403,0.16690281654406702,-0.25515160105440343
1612467110997,2021-02-04T19:31:50.997Z,104.038,0.9269026827113815,0.2189067215039727,0.16678832651345923,-0.2551723303998023
1612467111027,2021-02-04T19:31:51.027Z,104.068,0.9269026827113815,0.2189067215039727,0.16678832651345923,-0.2551723303998023
1612467111042,2021-02-04T19:31:51.042Z,104.083,0.9269026827113815,0.2189067215039727,0.16678832651345923,-0.2551723303998023
1612467111057,2021-02-04T19:31:51.057Z,104.098,0.9269026827113815,0.2189067215039727,0.16678832651345923,-0.2551723303998023
1612467111087,2021-02-04T19:31:51.087Z,104.128,0.9269026827113815,0.2189067215039727,0.16678832651345923,-0.2551723303998023
1612467111102,2021-02-04T19:31:51.102Z,104.143,0.9269152688808956,0.21888481020551967,0.1667313848577366,-0.2551826198630546
1612467111117,2021-02-04T19:31:51.117Z,104.158,0.9269267989461891,0.21886473368720327,0.16667918575028814,-0.25519205861668504
1612467111147,2021-02-04T19:31:51.147Z,104.188,0.9269375778552619,0.218812523710487,0.16670019642339934,-0.2551839547065371
1612467111162,2021-02-04T19:31:51.162Z,104.203,0.926974648498941,0.21870562607552863,0.1667373640998387,-0.25511664307961884
1612467111177,2021-02-04T19:31:51.177Z,104.218,0.92703680114216,0.2185644196842853,0.16678129675430106,-0.2549830638084353
1612467111207,2021-02-04T19:31:51.207Z,104.248,0.9270547818997141,0.21844121099060532,0.16689114021509124,-0.25495139932061167
1612467111222,2021-02-04T19:31:51.222Z,104.263,0.9270053517527064,0.21841412105595376,0.16705915992929496,-0.2550442836624941
1612467111237,2021-02-04T19:31:51.237Z,104.278,0.9269701033137339,0.21839582475359343,0.1670816502057621,-0.25517330083149975
1612467111267,2021-02-04T19:31:51.267Z,104.308,0.9269443497503932,0.21852082478883478,0.16703137026871562,-0.25519275645202566
1612467111282,2021-02-04T19:31:51.282Z,104.323,0.9269995197426466,0.21849164043117236,0.1670240123395397,-0.2550221024942716
1612467111297,2021-02-04T19:31:51.297Z,104.338,0.9270457335975282,0.21839490339206127,0.16720605180111123,-0.2548176018882469
1612467111327,2021-02-04T19:31:51.327Z,104.368,0.9270420655802065,0.2182433265595521,0.1675479834317609,-0.25473620140246134
1612467111342,2021-02-04T19:31:51.342Z,104.383,0.9270313193209795,0.21812113612060624,0.1678754759865004,-0.2546643428864082
1612467111363,2021-02-04T19:31:51.363Z,104.404,0.9270647672281236,0.21790634794611094,0.16803890956850562,-0.25461866734409205
1612467111372,2021-02-04T19:31:51.372Z,104.413,0.9271253272964013,0.2175821987944635,0.16820835221695654,-0.2545634783266511
1612467111402,2021-02-04T19:31:51.402Z,104.443,0.9271785876623052,0.21729634035963746,0.1683559856721747,-0.25451606852061914
1612467111417,2021-02-04T19:31:51.417Z,104.458,0.9272185118891964,0.2170823745488499,0.16846682402580307,-0.2544798677162424
1612467111432,2021-02-04T19:31:51.432Z,104.473,0.9272466204399956,0.2169142345622632,0.16856567998752162,-0.2544553620131014
1612467111462,2021-02-04T19:31:51.462Z,104.503,0.9272276842725375,0.21672748885123924,0.16868065404527807,-0.2546072545032461
1612467111477,2021-02-04T19:31:51.477Z,104.518,0.9272034106143809,0.216583172379915,0.16877445521328027,-0.25475625223804105
1612467111492,2021-02-04T19:31:51.492Z,104.533,0.9271944517328001,0.21644071958006983,0.16886807290712227,-0.2548478713589903
1612467111522,2021-02-04T19:31:51.522Z,104.563,0.9272150163725333,0.21627868925416885,0.16904920180044516,-0.25479052054268736
1612467111537,2021-02-04T19:31:51.537Z,104.578,0.9272203289674794,0.21613117356200184,0.1693235114597268,-0.25471420421935437
1612467111552,2021-02-04T19:31:51.552Z,104.593,0.9272599296803702,0.21590086791174926,0.16959890628110535,-0.25458210666180237
1612467111582,2021-02-04T19:31:51.582Z,104.623,0.9273311958285742,0.21564671660314483,0.1697935375027969,-0.25440813957834735
1612467111597,2021-02-04T19:31:51.597Z,104.638,0.9273882026547327,0.21540758022144305,0.16993032662764737,-0.2543115806489912
1612467111612,2021-02-04T19:31:51.612Z,104.653,0.9274152090637414,0.21523631186136627,0.17004299178169247,-0.25428279729369163
1612467111642,2021-02-04T19:31:51.642Z,104.683,0.9274467595682393,0.21504461338588735,0.1701655952277633,-0.25424789600086706
1612467111657,2021-02-04T19:31:51.657Z,104.698,0.9274891130436845,0.21479965933771447,0.17031362685331866,-0.25420133760841995
1612467111672,2021-02-04T19:31:51.672Z,104.713,0.9275689299792556,0.21451925633947458,0.17046030448544092,-0.25404852566277253
1612467111702,2021-02-04T19:31:51.702Z,104.743,0.9276335698923404,0.21424369723814982,0.17060692692007118,-0.25394659810560516
1612467111723,2021-02-04T19:31:51.723Z,104.764,0.927672794482163,0.21401317579778248,0.17074400258292735,-0.2539055583175828
1612467111732,2021-02-04T19:31:51.733Z,104.773,0.9277106125894355,0.21379233005531167,0.17087805890174798,-0.2538632464230012
1612467111762,2021-02-04T19:31:51.762Z,104.803,0.9277498637272129,0.21356618539254127,0.17101639016025139,-0.2538169992486185
1612467111777,2021-02-04T19:31:51.777Z,104.818,0.9277897971156424,0.21333807284793033,0.17115288002569448,-0.25377086259174153
1612467111792,2021-02-04T19:31:51.792Z,104.833,0.9278237832862561,0.21313337573434027,0.1712807096214879,-0.2537323586538035
1612467111822,2021-02-04T19:31:51.822Z,104.863,0.9278449748997004,0.21298188218090514,0.17139881352801642,-0.2537023199287728
1612467111837,2021-02-04T19:31:51.837Z,104.878,0.9278726931749025,0.21280877440327184,0.17151439068967667,-0.25366809926295314
1612467111852,2021-02-04T19:31:51.852Z,104.893,0.9279281153982489,0.2125788061695621,0.17164047536929575,-0.2535728909721616
1612467111882,2021-02-04T19:31:51.882Z,104.923,0.9279838347727731,0.2123330678864811,0.17177851743124253,-0.25348138320487723
1612467111897,2021-02-04T19:31:51.897Z,104.938,0.9280085211586993,0.21216015347746667,0.1719057737730624,-0.25344951938551125
1612467111912,2021-02-04T19:31:51.912Z,104.953,0.9280121501365195,0.21208661087039643,0.17200196595326017,-0.253432520400829
1612467111942,2021-02-04T19:31:51.942Z,104.983,0.9280284969440182,0.21196382544608094,0.17210663102437068,-0.2534043273496547
1612467111957,2021-02-04T19:31:51.957Z,104.998,0.9280877147069588,0.21184218566680663,0.17216204365922227,-0.2532514815455279
1612467111972,2021-02-04T19:31:51.972Z,105.013,0.9281711919005444,0.21163482222331678,0.17224962238563885,-0.25305929766841717
1612467111987,2021-02-04T19:31:51.987Z,105.028,0.9281805941332022,0.21146697109704624,0.1723336215513522,-0.25310793684231303
1612467112017,2021-02-04T19:31:52.017Z,105.058,0.9281037752302296,0.21145624303617358,0.17244266706692457,-0.2533242314885561
1612467112038,2021-02-04T19:31:52.038Z,105.079,0.9280267691030674,0.21146754785996705,0.17253513515669297,-0.2535338619724721
1612467112047,2021-02-04T19:31:52.047Z,105.088,0.9279815849068894,0.2115436507787293,0.17259930312488794,-0.2535920788386495
1612467112077,2021-02-04T19:31:52.077Z,105.118,0.927964495769856,0.21158558495205393,0.17267679434787486,-0.25356687387124505
1612467112092,2021-02-04T19:31:52.092Z,105.133,0.9280139404321607,0.21146005271921062,0.1726555077713974,-0.2535051244132227
1612467112107,2021-02-04T19:31:52.107Z,105.148,0.9280396026544353,0.2113461758300088,0.17266942475104535,-0.2534966659014905
1612467112137,2021-02-04T19:31:52.137Z,105.178,0.9280370182583764,0.21134689774174148,0.1726800825093701,-0.25349826559880256
1612467112152,2021-02-04T19:31:52.152Z,105.193,0.9280043193312293,0.21149668551686543,0.17263469108396048,-0.2535239609037138
1612467112167,2021-02-04T19:31:52.167Z,105.208,0.9279793674559575,0.21168097856799373,0.1724538733122436,-0.25358453909523343
1612467112197,2021-02-04T19:31:52.197Z,105.238,0.9279357264942599,0.21192009468362766,0.17231859470084515,-0.25363647782836385
1612467112212,2021-02-04T19:31:52.212Z,105.253,0.9279072828647955,0.21216494414092552,0.17206193670211936,-0.2537100723709374
1612467112227,2021-02-04T19:31:52.227Z,105.268,0.927879866442789,0.21242835979117622,0.17176672962868234,-0.2537899446377061
1612467112257,2021-02-04T19:31:52.257Z,105.298,0.9278513936245089,0.21265126131286421,0.17156797525660944,-0.2538418056141509
1612467112272,2021-02-04T19:31:52.272Z,105.313,0.9278040177991588,0.21286449377171474,0.17153153825059422,-0.2538608737722981
1612467112287,2021-02-04T19:31:52.287Z,105.328,0.9277431530180696,0.21313096330665243,0.17148441445501125,-0.253891571555834
1612467112317,2021-02-04T19:31:52.317Z,105.358,0.9276536860977352,0.21353583667880158,0.17138332464271624,-0.25394653208417356
1612467112332,2021-02-04T19:31:52.332Z,105.373,0.9275799316668122,0.2138784641941133,0.17128332325699544,-0.2539950710092598
1612467112347,2021-02-04T19:31:52.347Z,105.388,0.9275313264323297,0.21410320388242435,0.17121201185023713,-0.25403130431535054
1612467112377,2021-02-04T19:31:52.377Z,105.418,0.9274930305969201,0.21427917925264092,0.17115185156352666,-0.25406328983017573
1612467112398,2021-02-04T19:31:52.398Z,105.439,0.9274202187927237,0.21449798628219974,0.17092539110573898,-0.2542967996862876
1612467112407,2021-02-04T19:31:52.407Z,105.448,0.9273410985937711,0.2147722538949334,0.17062891098783375,-0.254552824676714
1612467112437,2021-02-04T19:31:52.437Z,105.478,0.9273067641198863,0.21499298206789227,0.17043676381158232,-0.2546202906692534
1612467112452,2021-02-04T19:31:52.452Z,105.493,0.9273393288833378,0.2150776957692086,0.17013081309521091,-0.25463475867283075
1612467112467,2021-02-04T19:31:52.467Z,105.508,0.9273766950186085,0.21501233249182145,0.16996372748418329,-0.25466545457221257
1612467112497,2021-02-04T19:31:52.497Z,105.538,0.9272800532005716,0.21506207151695,0.16997841440739733,-0.25496538385971246
1612467112512,2021-02-04T19:31:52.512Z,105.553,0.9270859303417567,0.21544902957354117,0.17002664052073566,-0.2553122302816906
1612467112527,2021-02-04T19:31:52.527Z,105.568,0.9269615519357286,0.2159141028463289,0.1698983621157102,-0.2554563132423418
1612467112557,2021-02-04T19:31:52.557Z,105.598,0.9269766084331438,0.21612966243770115,0.1695598735842993,-0.2554442908002204
1612467112572,2021-02-04T19:31:52.572Z,105.613,0.92704100754173,0.2160834182172421,0.1693495945651675,-0.2553891961853127
1612467112587,2021-02-04T19:31:52.587Z,105.628,0.9270398396161449,0.21608034046585647,0.16935695691198863,-0.2553911575880077
1612467112602,2021-02-04T19:31:52.602Z,105.643,0.9269736228089839,0.21624874248203538,0.16930469522497965,-0.25552358827729105
1612467112632,2021-02-04T19:31:52.632Z,105.673,0.9269143781399668,0.21652702962868298,0.16922318747045922,-0.2555568309787784
1612467112647,2021-02-04T19:31:52.647Z,105.688,0.9268846272718446,0.21667399433308374,0.16918125431841968,-0.2555679383141136
1612467112662,2021-02-04T19:31:52.662Z,105.703,0.9268840184863999,0.21668508121540003,0.16917566178301235,-0.25556444845372883
1612467112692,2021-02-04T19:31:52.692Z,105.733,0.9268457522862388,0.21687007065258138,0.16910536457400954,-0.25559283948575684
1612467112707,2021-02-04T19:31:52.707Z,105.748,0.9267909687164668,0.2171125620176462,0.16903862086452326,-0.25562977208444826
1612467112722,2021-02-04T19:31:52.722Z,105.763,0.92675372060629,0.21729855892210556,0.16895363162085833,-0.2556629578075363
1612467112752,2021-02-04T19:31:52.752Z,105.793,0.9267235237405134,0.21744146499112438,0.16890601395721871,-0.255682377761088
1612467112767,2021-02-04T19:31:52.767Z,105.808,0.9266927484918434,0.21755684533661696,0.16892527098716392,-0.25568304942198655
1612467112782,2021-02-04T19:31:52.782Z,105.823,0.9266782033857491,0.21760266258828553,0.16895441011758178,-0.25567752327114923
1612467112812,2021-02-04T19:31:52.812Z,105.853,0.9266687034744377,0.21763043116187303,0.16897503272639408,-0.25567469125514874
1612467112827,2021-02-04T19:31:52.827Z,105.868,0.9266624446398967,0.217643911502156,0.16899220992441816,-0.2556745479411548
1612467112842,2021-02-04T19:31:52.842Z,105.883,0.9266586227840794,0.21765043007380788,0.16900397919223095,-0.25567507138122003
1612467112872,2021-02-04T19:31:52.872Z,105.913,0.9266435542096156,0.2177150912592402,0.1689870330658024,-0.2556858328796669
1612467112887,2021-02-04T19:31:52.887Z,105.928,0.9266289430093566,0.2178577020399078,0.1688050862290042,-0.25573749530030115
1612467112902,2021-02-04T19:31:52.902Z,105.943,0.9265890994432973,0.21804420167356575,0.16874006826679952,-0.2557658231091728
1612467112932,2021-02-04T19:31:52.932Z,105.973,0.926580925037228,0.21815124549965567,0.16859032316503192,-0.25580290533771055
1612467112947,2021-02-04T19:31:52.947Z,105.988,0.9265651126942117,0.21825485034104963,0.16850908526859892,-0.255825331862404
1612467112962,2021-02-04T19:31:52.962Z,106.003,0.9265349738430722,0.21838466529621783,0.1684856096957401,-0.255839167319101
1612467112991,2021-02-04T19:31:52.992Z,106.032,0.9265276151821541,0.21840585243744673,0.1685017552463878,-0.2558370973975998
1612467113007,2021-02-04T19:31:53.007Z,106.048,0.9265224498981449,0.2184170882695743,0.1685158019207861,-0.25583695958476177
1612467113022,2021-02-04T19:31:53.022Z,106.063,0.9264903800087915,0.21854723173248888,0.16849776432804914,-0.2558538384892439
1612467113052,2021-02-04T19:31:53.052Z,106.093,0.9264557264236452,0.21869575835770183,0.16847144228572444,-0.25586974300873055
1612467113067,2021-02-04T19:31:53.067Z,106.108,0.9264421201700088,0.21875620464515155,0.16845917177100944,-0.2558754156818767
1612467113082,2021-02-04T19:31:53.082Z,106.123,0.9264421201700088,0.21875620464515155,0.16845917177100944,-0.2558754156818767
1612467113112,2021-02-04T19:31:53.112Z,106.153,0.9264421201700088,0.21875620464515155,0.16845917177100944,-0.2558754156818767
1612467113127,2021-02-04T19:31:53.127Z,106.168,0.9264421201700088,0.21875620464515155,0.16845917177100944,-0.2558754156818767
1612467113142,2021-02-04T19:31:53.142Z,106.183,0.9264421201700088,0.21875620464515155,0.16845917177100944,-0.2558754156818767
1612467113172,2021-02-04T19:31:53.172Z,106.213,0.9264421201700088,0.21875620464515155,0.16845917177100944,-0.2558754156818767
1612467113187,2021-02-04T19:31:53.187Z,106.228,0.9264421201700088,0.21875620464515155,0.16845917177100944,-0.2558754156818767
1612467113202,2021-02-04T19:31:53.202Z,106.243,0.9264421201700088,0.21875620464515155,0.16845917177100944,-0.2558754156818767
1612467113217,2021-02-04T19:31:53.217Z,106.258,0.9264184805763753,0.21887078351644398,0.16841298038367036,-0.2558934290046295
1612467113247,2021-02-04T19:31:53.247Z,106.288,0.9264184805763753,0.21887078351644398,0.16841298038367036,-0.2558934290046295
1612467113262,2021-02-04T19:31:53.262Z,106.303,0.9264184805763753,0.21887078351644398,0.16841298038367036,-0.2558934290046295
1612467113277,2021-02-04T19:31:53.277Z,106.318,0.9264184805763753,0.21887078351644398,0.16841298038367036,-0.2558934290046295
1612467113313,2021-02-04T19:31:53.314Z,106.354,0.9264021662448806,0.2188622510157884,0.1684233880360065,-0.255952932820797
1612467113322,2021-02-04T19:31:53.322Z,106.363,0.9263695265001747,0.21884518339691647,0.1684442013245756,-0.2560719373846692
1612467113337,2021-02-04T19:31:53.337Z,106.378,0.9263782004809605,0.2187227664445189,0.16849997559513216,-0.2561084522950255
1612467113367,2021-02-04T19:31:53.367Z,106.408,0.9264065664492652,0.21858518167649893,0.1685554821362494,-0.256086784963519
1612467113382,2021-02-04T19:31:53.382Z,106.423,0.9264163433870836,0.21853774249178579,0.1685746111081208,-0.25607931252181426
1612467113397,2021-02-04T19:31:53.397Z,106.438,0.926430117223433,0.2185449380838485,0.1685658448435261,-0.2560291075082895
1612467113427,2021-02-04T19:31:53.427Z,106.468,0.9264724297742634,0.21853613409335282,0.1684860170733439,-0.25593604086659166
1612467113442,2021-02-04T19:31:53.442Z,106.483,0.9264957326596568,0.21853859856684285,0.16829321648705184,-0.25597642779038904
1612467113457,2021-02-04T19:31:53.457Z,106.498,0.926502157546193,0.21865649829800496,0.16799759188154298,-0.2560466694497434
1612467113487,2021-02-04T19:31:53.487Z,106.528,0.9264877584972353,0.21882473604520689,0.16776532073462083,-0.25610733181290163
1612467113502,2021-02-04T19:31:53.502Z,106.543,0.9264710922535455,0.218905453060043,0.1677327641658336,-0.2561199673285718
1612467113517,2021-02-04T19:31:53.517Z,106.558,0.9264710922535455,0.218905453060043,0.1677327641658336,-0.2561199673285718
1612467113547,2021-02-04T19:31:53.547Z,106.588,0.9264710922535455,0.218905453060043,0.1677327641658336,-0.2561199673285718
1612467113562,2021-02-04T19:31:53.562Z,106.603,0.9264497525178276,0.21897601256856655,0.16775916107846126,-0.2561195538288278
1612467113577,2021-02-04T19:31:53.577Z,106.618,0.9264436085680385,0.2190384408853227,0.16767919039709867,-0.2561407633816445
1612467113607,2021-02-04T19:31:53.607Z,106.648,0.9264328107495997,0.21909067134759191,0.1676581232266698,-0.2561489383369927
1612467113622,2021-02-04T19:31:53.622Z,106.663,0.9263772611651551,0.21925622369949613,0.16743773750329274,-0.2563522623753514
1612467113637,2021-02-04T19:31:53.637Z,106.678,0.9262686274134815,0.21960824679440022,0.16711519109520875,-0.2566537759602351
1612467113667,2021-02-04T19:31:53.667Z,106.708,0.9262151894624022,0.21986906958811547,0.16663861495531318,-0.25693304001890765
1612467113682,2021-02-04T19:31:53.682Z,106.723,0.9262079103091745,0.21999158146395265,0.1661430691441259,-0.25717521564309354
1612467113697,2021-02-04T19:31:53.697Z,106.738,0.9261993952926111,0.22011135379518879,0.1658144972079682,-0.2573154185153307
1612467113727,2021-02-04T19:31:53.727Z,106.768,0.9262099995804246,0.22013139253046496,0.16576262974835326,-0.25729352358490987
1612467113742,2021-02-04T19:31:53.742Z,106.783,0.926296835851932,0.2199754677390719,0.16585843821305368,-0.25705241480523383
1612467113757,2021-02-04T19:31:53.757Z,106.798,0.9263991970011551,0.21972361961465156,0.1659436817162171,-0.25684383052259135
1612467113772,2021-02-04T19:31:53.772Z,106.813,0.9264225359762003,0.21959031444475952,0.16599517143690914,-0.2568403817492659
1612467113802,2021-02-04T19:31:53.802Z,106.843,0.9264365147430471,0.21949074258898582,0.16606740819891316,-0.2568283746056634
1612467113817,2021-02-04T19:31:53.817Z,106.858,0.9264773576229486,0.2192801861408125,0.16616984052375092,-0.25679464534596697
1612467113832,2021-02-04T19:31:53.832Z,106.873,0.9265219221264893,0.21904443211548083,0.1662897705403758,-0.2567574279195662
1612467113862,2021-02-04T19:31:53.862Z,106.903,0.9265272769130918,0.21891128195810544,0.16650611628595696,-0.25671145086816227
1612467113877,2021-02-04T19:31:53.877Z,106.918,0.926520534636664,0.21883211865174024,0.1667191481311066,-0.25666501200868697
1612467113892,2021-02-04T19:31:53.892Z,106.933,0.9265266593754697,0.21870615623043832,0.1669364263075105,-0.2566090338727705
1612467113922,2021-02-04T19:31:53.922Z,106.963,0.9265643034945525,0.2185408484986539,0.16710142453400703,-0.25650653587354966
1612467113937,2021-02-04T19:31:53.937Z,106.978,0.9266194790484793,0.2184248757340834,0.16718945705612656,-0.2563485910976552
1612467113952,2021-02-04T19:31:53.952Z,106.993,0.9266559376756768,0.21829491013308802,0.16727827834647463,-0.25626955139820845
1612467113982,2021-02-04T19:31:53.982Z,107.023,0.9266680345024236,0.21818508257562125,0.16741213920345469,-0.2562319246702239
1612467113997,2021-02-04T19:31:53.997Z,107.038,0.9266756021774621,0.21805696804872995,0.16762248209768796,-0.25617609277573755
1612467114018,2021-02-04T19:31:54.018Z,107.059,0.9267442046333492,0.21785803977286816,0.16778770008523644,-0.25598894777886677
1612467114042,2021-02-04T19:31:54.042Z,107.083,0.9268340401663294,0.21759206332149328,0.1680141871473431,-0.2557412537813792
1612467114057,2021-02-04T19:31:54.057Z,107.098,0.9269371358655848,0.21728201116186907,0.16816758289269076,-0.2555303070925042
1612467114072,2021-02-04T19:31:54.072Z,107.113,0.9269907380004343,0.21698122504916229,0.16832997910397948,-0.25548451571950265
1612467114102,2021-02-04T19:31:54.102Z,107.143,0.9270367680064496,0.2167204459684101,0.16847440131979757,-0.2554436438108126
1612467114117,2021-02-04T19:31:54.117Z,107.158,0.927055108001372,0.21650394798651343,0.16861611370142007,-0.2554671670392249
1612467114132,2021-02-04T19:31:54.132Z,107.173,0.9270461580506733,0.2162826556529045,0.16875198065800742,-0.25559734492207203
1612467114162,2021-02-04T19:31:54.162Z,107.203,0.9270769095640888,0.216105844075945,0.16888605811180887,-0.25554680057628654
1612467114177,2021-02-04T19:31:54.177Z,107.218,0.9271138101647702,0.2159237869346309,0.16898546325536262,-0.2555011045884945
1612467114192,2021-02-04T19:31:54.192Z,107.233,0.9271334659198375,0.21577223909087834,0.16913921509521107,-0.25545606887712474
1612467114222,2021-02-04T19:31:54.222Z,107.263,0.9271637844836809,0.2155614187694728,0.16931864674941702,-0.2554051435326561
1612467114237,2021-02-04T19:31:54.237Z,107.278,0.9271840113690306,0.2153250417463719,0.1696247297792155,-0.25532799788876326
1612467114251,2021-02-04T19:31:54.252Z,107.292,0.9272475627076526,0.21500194984183768,0.16986806605057422,-0.2552076784761062
1612467114282,2021-02-04T19:31:54.282Z,107.323,0.9273083762363424,0.21467904642701893,0.17002279521960825,-0.25515550453167796
1612467114297,2021-02-04T19:31:54.297Z,107.338,0.9273506022956184,0.21445000591604155,0.1701388997050751,-0.2551172479306523
1612467114312,2021-02-04T19:31:54.312Z,107.353,0.9273799039153132,0.21428389586732874,0.17023387016475955,-0.25508695622213173
1612467114342,2021-02-04T19:31:54.342Z,107.383,0.9274004698115481,0.21416150750308338,0.17031667535988831,-0.2550596937810458
1612467114356,2021-02-04T19:31:54.357Z,107.397,0.9274401117621727,0.2141085179977827,0.1703661763656553,-0.2549269455469707
1612467114372,2021-02-04T19:31:54.372Z,107.413,0.9274822148810943,0.2140088398498255,0.1704833730031111,-0.2547790750333977
1612467114402,2021-02-04T19:31:54.402Z,107.443,0.9275104958109561,0.21377687654339428,0.17072579497775914,-0.25470851996954674
1612467114417,2021-02-04T19:31:54.417Z,107.458,0.9275749317598244,0.21345092507595143,0.17086466125923155,-0.25465411068299226
1612467114431,2021-02-04T19:31:54.432Z,107.472,0.9276112787622696,0.21322920682468827,0.17099417208613604,-0.25462052938150587
1612467114447,2021-02-04T19:31:54.447Z,107.488,0.9275799886707392,0.21316270907454762,0.17108112385765434,-0.2547317670358234
1612467114477,2021-02-04T19:31:54.477Z,107.518,0.9275655231990907,0.21303254139368671,0.1711795805023952,-0.2548271722143624
1612467114492,2021-02-04T19:31:54.492Z,107.533,0.9276057424894595,0.2128186199995817,0.17130169601304646,-0.2547774527408306
1612467114513,2021-02-04T19:31:54.514Z,107.554,0.9276561171948204,0.21254879255230955,0.17144916144384034,-0.25472008961954434
1612467114537,2021-02-04T19:31:54.537Z,107.578,0.9277217857152692,0.21236526144385043,0.17154944231792305,-0.2545664409963866
1612467114552,2021-02-04T19:31:54.552Z,107.593,0.9277537172340657,0.21219843484338904,0.17163924852086337,-0.25452864824137666
1612467114567,2021-02-04T19:31:54.567Z,107.608,0.927764288816343,0.2121305311343237,0.1717170366185923,-0.25449424648251734
1612467114597,2021-02-04T19:31:54.597Z,107.638,0.927828380304813,0.21215738726488165,0.17160288380005548,-0.25431513915099735
1612467114611,2021-02-04T19:31:54.612Z,107.652,0.92798069559096,0.21200858769967668,0.1714464047840143,-0.2539888140031814
1612467114626,2021-02-04T19:31:54.627Z,107.667,0.9281131947166753,0.2117653094638172,0.17144740047367182,-0.25370680001001295
1612467114657,2021-02-04T19:31:54.657Z,107.698,0.9281903388190977,0.21152329869631178,0.17155376272339937,-0.2535545218034239
1612467114672,2021-02-04T19:31:54.672Z,107.713,0.92822021747928,0.21134274223208868,0.17165367273611076,-0.25352808484415157
1612467114687,2021-02-04T19:31:54.687Z,107.728,0.9282256200157838,0.21128056758954636,0.17171072281710537,-0.2535214937140048
1612467114717,2021-02-04T19:31:54.717Z,107.758,0.9282176145533814,0.2112816549217776,0.17174474890014657,-0.2535268497646174
1612467114732,2021-02-04T19:31:54.732Z,107.773,0.9282236004209607,0.2112665115567347,0.17171278675682247,-0.2535392032416342
1612467114747,2021-02-04T19:31:54.747Z,107.788,0.9282252975583392,0.21127079539525545,0.17168694120133324,-0.25354692308667226
1612467114777,2021-02-04T19:31:54.777Z,107.818,0.9282137594390429,0.21130097112225585,0.17171548810830828,-0.2535446854788231
1612467114792,2021-02-04T19:31:54.792Z,107.833,0.928199399019939,0.21133004834588606,0.17175707363074647,-0.25354485595837273
1612467114807,2021-02-04T19:31:54.807Z,107.848,0.9281779404514519,0.21139545853688532,0.1717777351468476,-0.2535548869122828
1612467114837,2021-02-04T19:31:54.837Z,107.878,0.9281535757508916,0.2115038196708409,0.17173738908489208,-0.2535810388727499
1612467114852,2021-02-04T19:31:54.852Z,107.893,0.928132955836982,0.21172397780826566,0.17169816683547293,-0.25349933533579544
1612467114867,2021-02-04T19:31:54.867Z,107.908,0.9281488487884384,0.21190457512552505,0.1716255556472474,-0.25333936563894033
1612467114897,2021-02-04T19:31:54.897Z,107.938,0.9281801611062623,0.21199301079449712,0.17158884831976756,-0.25317547084054703
1612467114912,2021-02-04T19:31:54.912Z,107.953,0.9281573757384662,0.21214777407803134,0.17155921847178923,-0.25314944671748607
1612467114933,2021-02-04T19:31:54.933Z,107.974,0.9281288170235966,0.2124105673120345,0.17150514559053706,-0.25307041498469834
1612467114957,2021-02-04T19:31:54.957Z,107.998,0.928121846384388,0.21269485552558734,0.17142204678158912,-0.25291346064255815
1612467114972,2021-02-04T19:31:54.973Z,108.013,0.9281733354629035,0.21292713548845085,0.1712624312788733,-0.25263703992249525
1612467114987,2021-02-04T19:31:54.987Z,108.028,0.9282710106148926,0.21310193724305218,0.17101210344048642,-0.25230013014686414
1612467115003,2021-02-04T19:31:55.003Z,108.044,0.9283675945659146,0.21327935539882095,0.17078509532635824,-0.25194836204057347
1612467115032,2021-02-04T19:31:55.032Z,108.073,0.928388983204532,0.21347105204853312,0.17072278604469923,-0.2517493517903939
1612467115046,2021-02-04T19:31:55.047Z,108.087,0.9283543537872386,0.21361102549378927,0.17070479141540945,-0.2517705260343076
1612467115061,2021-02-04T19:31:55.062Z,108.102,0.9282738277832515,0.21375395378336018,0.17068355365851004,-0.2519604580189398
1612467115092,2021-02-04T19:31:55.092Z,108.133,0.9282069195123637,0.21388285467807613,0.17066348300661807,-0.2521111156061451
1612467115107,2021-02-04T19:31:55.107Z,108.148,0.9281815420384542,0.21403858374134274,0.17055181668782268,-0.25214794766882587
1612467115122,2021-02-04T19:31:55.122Z,108.163,0.9281747051894205,0.21417522989337515,0.17033713541948878,-0.25220219634994306
1612467115152,2021-02-04T19:31:55.152Z,108.193,0.9281585412805338,0.21439594600718037,0.1700289256415442,-0.25228211396938194
1612467115167,2021-02-04T19:31:55.167Z,108.208,0.9281340304049714,0.2146260510687404,0.16976776678424652,-0.2523525018064058
1612467115181,2021-02-04T19:31:55.182Z,108.222,0.9280987484865444,0.21483337536191147,0.1696376974638761,-0.2523933150609828
1612467115212,2021-02-04T19:31:55.212Z,108.253,0.9280564506570143,0.2150268286076941,0.16959200981136902,-0.2524148125228846
1612467115227,2021-02-04T19:31:55.227Z,108.268,0.927995061227564,0.21530105885881276,0.16954148066100075,-0.2524406994262204
1612467115241,2021-02-04T19:31:55.242Z,108.282,0.9279287668054906,0.21560096559276,0.16948442741887898,-0.25246674282527853
1612467115272,2021-02-04T19:31:55.272Z,108.313,0.9278808467245819,0.21582357022563656,0.16943581281907844,-0.2524852988810852
1612467115287,2021-02-04T19:31:55.287Z,108.328,0.9278735241707847,0.21584084857818747,0.1694549191204924,-0.2524846165884243
1612467115302,2021-02-04T19:31:55.302Z,108.343,0.9278119886179805,0.21586283437848985,0.1694861613565056,-0.2526709156580345
1612467115332,2021-02-04T19:31:55.332Z,108.373,0.9277097325794519,0.21598747740306593,0.16947543251381877,-0.25294691035210537
1612467115347,2021-02-04T19:31:55.347Z,108.388,0.927612396027887,0.21620531861989173,0.16941794528909046,-0.2531562022742012
1612467115362,2021-02-04T19:31:55.362Z,108.403,0.9275752198792684,0.21639063037618367,0.1693541504273602,-0.25317677279788475
1612467115391,2021-02-04T19:31:55.392Z,108.432,0.9275725635630073,0.2164754068707332,0.16920632251696857,-0.2532128708529344
1612467115413,2021-02-04T19:31:55.413Z,108.454,0.9275514650396874,0.21662323305168663,0.16906277929793487,-0.25325961237635625
1612467115422,2021-02-04T19:31:55.422Z,108.463,0.9274492363323297,0.21689521917134907,0.16899343187492952,-0.2534474263241282
1612467115452,2021-02-04T19:31:55.452Z,108.493,0.9273831658592488,0.21714041660333486,0.16892160090924263,-0.25352711078791135
1612467115467,2021-02-04T19:31:55.467Z,108.508,0.9273734504554663,0.21718360810824378,0.16893168132051717,-0.25351893579303114
1612467115482,2021-02-04T19:31:55.482Z,108.523,0.9274011315616075,0.21702613311611613,0.16903497508631063,-0.2534836797911966
1612467115512,2021-02-04T19:31:55.512Z,108.553,0.9274281890417578,0.21686126107774048,0.16913598668972207,-0.2534584100419476
1612467115527,2021-02-04T19:31:55.527Z,108.568,0.9273722615335037,0.21695931742865013,0.16912369874716493,-0.2535872978703928
1612467115542,2021-02-04T19:31:55.542Z,108.583,0.9272927628524281,0.21725149285057185,0.1690325253301442,-0.253688640258531
1612467115572,2021-02-04T19:31:55.572Z,108.613,0.9272592819900587,0.21741151928863806,0.1689838090867931,-0.2537063805078724
1612467115587,2021-02-04T19:31:55.587Z,108.628,0.927258006570205,0.21738995093762029,0.1690528829672744,-0.2536835060528015
1612467115602,2021-02-04T19:31:55.602Z,108.643,0.927314049207182,0.2173511916282304,0.1690498948250795,-0.25351379982241157
1612467115617,2021-02-04T19:31:55.617Z,108.658,0.927361172205958,0.21737617789740268,0.16901979372502715,-0.2533400144009175
1612467115646,2021-02-04T19:31:55.647Z,108.687,0.9273702562061383,0.21752858496132596,0.16894334398999566,-0.25322691237378936
1612467115662,2021-02-04T19:31:55.662Z,108.703,0.9273301699313092,0.2177242453097454,0.16886512968908945,-0.25325772824251225
1612467115676,2021-02-04T19:31:55.677Z,108.717,0.9273155287980313,0.2177185358012646,0.16899343002438108,-0.25323066525832894
1612467115707,2021-02-04T19:31:55.707Z,108.748,0.9273489662337089,0.21765725699922905,0.1690098546809053,-0.25314992064305
1612467115722,2021-02-04T19:31:55.722Z,108.763,0.9273730150528725,0.2175408957296597,0.16920304250808987,-0.25303276476157766
1612467115737,2021-02-04T19:31:55.737Z,108.778,0.927346550500766,0.2175521886572503,0.16939025244013964,-0.25299478821318827
1612467115767,2021-02-04T19:31:55.767Z,108.808,0.9272627925468807,0.2178868213255383,0.16937704055556854,-0.2530226566603294
1612467115782,2021-02-04T19:31:55.782Z,108.823,0.927206428273476,0.21828640904542215,0.1691501582321239,-0.25303657238518973
1612467115797,2021-02-04T19:31:55.797Z,108.838,0.9272255409626438,0.21841766440353563,0.16913708740998534,-0.2528619499361347
1612467115827,2021-02-04T19:31:55.827Z,108.868,0.9272353174273967,0.21837015521375217,0.1691560558267291,-0.25285444469967516
1612467115842,2021-02-04T19:31:55.842Z,108.883,0.9272108019676684,0.21832104713087314,0.16911012700226952,-0.2530174184506447
1612467115857,2021-02-04T19:31:55.857Z,108.898,0.9271606849437478,0.21845823299725214,0.16884512200386947,-0.25325952994084383
1612467115886,2021-02-04T19:31:55.887Z,108.927,0.9271215113904447,0.2187971990570298,0.16846462637163653,-0.2533636881310356
1612467115902,2021-02-04T19:31:55.902Z,108.943,0.9270876642428066,0.21904176089622765,0.168230574875125,-0.2534317333513731
1612467115917,2021-02-04T19:31:55.917Z,108.958,0.9270793102807887,0.2190559563832491,0.16825630706373598,-0.2534329409441303
1612467115947,2021-02-04T19:31:55.947Z,108.988,0.9269773490573711,0.21918233311350915,0.16824308933776155,-0.25370526615656463
1612467115962,2021-02-04T19:31:55.962Z,109.003,0.9268556830785325,0.21936202032832916,0.16821058715547557,-0.2540158364183437
1612467115977,2021-02-04T19:31:55.977Z,109.018,0.9266781444319571,0.21974238411632807,0.16816656535535884,-0.2543637308100327
1612467116007,2021-02-04T19:31:56.007Z,109.048,0.9264935167853628,0.22015709537634523,0.16800394457101728,-0.2547847941277495
1612467116022,2021-02-04T19:31:56.022Z,109.063,0.9264210480724379,0.22029594466137573,0.16771376190863171,-0.25511925156791343
1612467116037,2021-02-04T19:31:56.037Z,109.078,0.926450728930721,0.22036953287136402,0.16759952857142246,-0.25502296733515845
1612467116067,2021-02-04T19:31:56.067Z,109.108,0.9265924226529246,0.2202591123474101,0.16759701001577806,-0.2546048859387542
1612467116081,2021-02-04T19:31:56.082Z,109.122,0.9268385365655682,0.21980370247825737,0.16766489635026458,-0.25405735975503724
1612467116097,2021-02-04T19:31:56.097Z,109.138,0.9271139741468913,0.21916092940006193,0.1677164429266383,-0.2535731861575548
1612467116127,2021-02-04T19:31:56.127Z,109.168,0.9274402417004838,0.21845053458120445,0.1678294021430898,-0.2529174841564487
1612467116142,2021-02-04T19:31:56.142Z,109.183,0.9277831041994726,0.21759284099428366,0.1680516856842308,-0.2522508633260057
1612467116157,2021-02-04T19:31:56.157Z,109.198,0.9280986542181121,0.21672226362517158,0.16834994397798775,-0.25163991108391276
1612467116186,2021-02-04T19:31:56.187Z,109.227,0.9282561254060122,0.2163050949881937,0.16848761095158496,-0.2513256781234135
1612467116202,2021-02-04T19:31:56.202Z,109.243,0.9282205136179519,0.21640747464852075,0.16845267637540545,-0.2513924796747878
1612467116217,2021-02-04T19:31:56.217Z,109.258,0.9281478718537605,0.21645739137212552,0.16854389576478493,-0.2515565163022799
1612467116238,2021-02-04T19:31:56.238Z,109.279,0.9281639396636527,0.2160964096058324,0.1686427692925039,-0.25174125452311324
1612467116261,2021-02-04T19:31:56.262Z,109.302,0.9281290889735411,0.21604461284147386,0.16862999323950537,-0.2519226961656426
1612467116276,2021-02-04T19:31:56.277Z,109.317,0.9278887117461901,0.2164856491767352,0.16878414989881485,-0.2523260055116351
1612467116291,2021-02-04T19:31:56.292Z,109.332,0.9275896620069148,0.2171584389530295,0.16871345206986335,-0.2528940537459326
1612467116322,2021-02-04T19:31:56.322Z,109.363,0.927403863654798,0.21779065331221695,0.16827369754115903,-0.2533244317546514
1612467116337,2021-02-04T19:31:56.337Z,109.378,0.927285480045462,0.21842392892140872,0.1678498177940651,-0.25349371676215576
1612467116352,2021-02-04T19:31:56.352Z,109.393,0.927125851357558,0.2190850598806667,0.1675787571971262,-0.25368632682483067
1612467116382,2021-02-04T19:31:56.382Z,109.423,0.9268479521384027,0.21988280447841357,0.1673908967839114,-0.25413522696673696
1612467116397,2021-02-04T19:31:56.397Z,109.438,0.9264556308119757,0.2210880692893056,0.16675980003156884,-0.25493371461645226
1612467116412,2021-02-04T19:31:56.412Z,109.453,0.9261082385414869,0.22231436952376613,0.16591078963865694,-0.2556823448936434
1612467116442,2021-02-04T19:31:56.442Z,109.483,0.9258489134668256,0.22334337503809798,0.16519939575001702,-0.256184866654373
1612467116457,2021-02-04T19:31:56.457Z,109.498,0.9255101519746303,0.22418121105870692,0.16492478337287267,-0.2568531857492899
1612467116472,2021-02-04T19:31:56.472Z,109.513,0.924773001547956,0.2248241727135421,0.16610697117028775,-0.2581810626290953
1612467116502,2021-02-04T19:31:56.502Z,109.543,0.9238094727002032,0.22522592454725537,0.16707758764923958,-0.26064232343676885
1612467116517,2021-02-04T19:31:56.517Z,109.558,0.9228591277037479,0.2256729603678879,0.1675473466510622,-0.26330710587232553
1612467116532,2021-02-04T19:31:56.532Z,109.573,0.92205354834213,0.22690409723488547,0.1671331491899898,-0.26532677039745795
1612467116562,2021-02-04T19:31:56.562Z,109.603,0.9219256588609284,0.22762901416733727,0.1654505193955393,-0.2662033754008307
1612467116577,2021-02-04T19:31:56.577Z,109.618,0.9225739972014864,0.2268007272092216,0.16435473621871866,-0.2653416109612578
1612467116592,2021-02-04T19:31:56.592Z,109.633,0.9231045000465515,0.2252425561935582,0.16596240966444656,-0.2638187852514832
1612467116622,2021-02-04T19:31:56.622Z,109.663,0.9225106898611233,0.2247944700824885,0.1689569827439047,-0.26437664665087823
1612467116637,2021-02-04T19:31:56.637Z,109.678,0.9210022278186608,0.22591653163746653,0.17161536843537362,-0.26695464484206377
1612467116652,2021-02-04T19:31:56.652Z,109.693,0.9193798132027732,0.2275919451961952,0.17347386713675436,-0.26990643374633644
1612467116682,2021-02-04T19:31:56.682Z,109.723,0.9185647956303267,0.22803977341607326,0.17433448509288124,-0.27174264530316616
1612467116697,2021-02-04T19:31:56.697Z,109.738,0.918466919911022,0.22736396949520088,0.17537715654939823,-0.2719687396837982
1612467116712,2021-02-04T19:31:56.712Z,109.753,0.918680935697273,0.22641375626014423,0.17644930651512014,-0.27134441507591023
1612467116742,2021-02-04T19:31:56.742Z,109.783,0.9187591747907504,0.22585869305287434,0.17726969434839954,-0.2710071677574078
1612467116757,2021-02-04T19:31:56.757Z,109.798,0.9185945793641265,0.22609387656513827,0.17784632302428258,-0.27099122334373543
1612467116772,2021-02-04T19:31:56.772Z,109.813,0.9183678355888746,0.22648989735590216,0.17836455900744613,-0.27108841554297003
1612467116787,2021-02-04T19:31:56.787Z,109.828,0.9183449235819292,0.22645190071508217,0.17895301443275358,-0.27080981632735857
1612467116817,2021-02-04T19:31:56.817Z,109.858,0.9185522249905946,0.22600308606959077,0.1793766741349402,-0.2702007102657888
1612467116832,2021-02-04T19:31:56.832Z,109.873,0.9187652258119581,0.22544091948397005,0.17977315981187086,-0.2696821511931765
1612467116862,2021-02-04T19:31:56.862Z,109.903,0.9189548928847562,0.22494823329586977,0.17984581985606476,-0.26939873470477355
1612467116877,2021-02-04T19:31:56.877Z,109.918,0.919048122085684,0.2246592381982216,0.17972215224344276,-0.2694043874474894
1612467116892,2021-02-04T19:31:56.892Z,109.933,0.9191481084736329,0.2244252613620614,0.17963625970103292,-0.26931556017530117
1612467116907,2021-02-04T19:31:56.907Z,109.948,0.9192961326963043,0.22427529746066976,0.17954172864680454,-0.2689981022852471
1612467116937,2021-02-04T19:31:56.937Z,109.978,0.9194888623752157,0.22391820847759364,0.17963622839638585,-0.2685734412179246
1612467116952,2021-02-04T19:31:56.952Z,109.993,0.9197285033478876,0.22326443755724662,0.17987921980820362,-0.2681341778529796
1612467116967,2021-02-04T19:31:56.967Z,110.008,0.9199435980493506,0.22253384994847597,0.1800046981557038,-0.2679193361386927
1612467116997,2021-02-04T19:31:56.997Z,110.038,0.9199549104467303,0.22213257058688235,0.18007686025028047,-0.26816489000578214
1612467117012,2021-02-04T19:31:57.012Z,110.053,0.9199014185193178,0.22206736019631046,0.17992079403225933,-0.26850693774349726
1612467117027,2021-02-04T19:31:57.027Z,110.068,0.9199103428794209,0.22210070120670808,0.17948349701585853,-0.26874135127648857
1612467117057,2021-02-04T19:31:57.057Z,110.098,0.9199075024787012,0.22213126110448553,0.1791200275646439,-0.26896822386440095
1612467117072,2021-02-04T19:31:57.072Z,110.113,0.9197827497256805,0.22227840370205632,0.17896030072617014,-0.2693793149422028
1612467117086,2021-02-04T19:31:57.087Z,110.127,0.9194043621536988,0.22271001408097943,0.1791566471518668,-0.27018283487686984
1612467117117,2021-02-04T19:31:57.117Z,110.158,0.9190906208059725,0.2232248371037147,0.1792498157596475,-0.2707630078069095
1612467117132,2021-02-04T19:31:57.132Z,110.173,0.9188969652171846,0.223467684070623,0.17925481986653624,-0.2712162809371444
1612467117147,2021-02-04T19:31:57.147Z,110.188,0.9187639562509184,0.22364327152904082,0.17923845481064968,-0.2715327901212645
1612467117177,2021-02-04T19:31:57.177Z,110.218,0.9186830149120533,0.22388842384359878,0.1790801399202618,-0.27170902684134124
1612467117192,2021-02-04T19:31:57.192Z,110.233,0.9186762240898634,0.22403105675087534,0.1788764569101602,-0.2717485861349504
1612467117206,2021-02-04T19:31:57.207Z,110.247,0.9186478178464391,0.2240561767698486,0.17887756974768612,-0.27182316210804314
1612467117236,2021-02-04T19:31:57.237Z,110.277,0.9185912808287318,0.22411543543342533,0.1788046889988939,-0.2720132599303301
1612467117252,2021-02-04T19:31:57.252Z,110.293,0.9185449742248201,0.2241642640991476,0.17862689010360996,-0.27224611504872737
1612467117267,2021-02-04T19:31:57.267Z,110.308,0.9184640037086219,0.22427216059098526,0.1784224554816327,-0.27256430297323336
1612467117296,2021-02-04T19:31:57.297Z,110.337,0.9182548972874748,0.22453462510345892,0.17824705429291116,-0.2731668599466598
1612467117312,2021-02-04T19:31:57.312Z,110.353,0.9179787974778465,0.22492047561597586,0.1782313129106042,-0.2737869721662673
1612467117327,2021-02-04T19:31:57.327Z,110.368,0.9176931577367353,0.22540273495241064,0.1780998544035328,-0.2744327188594555
1612467117357,2021-02-04T19:31:57.357Z,110.398,0.9176037763474489,0.2257007211593413,0.178039620411159,-0.2745257504586862
1612467117372,2021-02-04T19:31:57.372Z,110.413,0.917710787722564,0.22551082828175942,0.17797852617954069,-0.2743636649490315
1612467117387,2021-02-04T19:31:57.387Z,110.428,0.9178447942308937,0.22526516222045095,0.17785488930537804,-0.2741973354050219
1612467117417,2021-02-04T19:31:57.417Z,110.458,0.9179636728298228,0.22515487911375678,0.17772540287069646,-0.27397382530179826
1612467117432,2021-02-04T19:31:57.432Z,110.473,0.9180926028353958,0.22504771169111457,0.17768186803422623,-0.27365791392428007
1612467117447,2021-02-04T19:31:57.447Z,110.488,0.9181800796502855,0.22505866660678675,0.17772740306927723,-0.2733256448210112
1612467117461,2021-02-04T19:31:57.462Z,110.502,0.9181495969492406,0.22528787528916028,0.17776612850902387,-0.27321400847056865
1612467117491,2021-02-04T19:31:57.492Z,110.532,0.9180675011366568,0.22557997172184138,0.177725141738825,-0.27327552709414477
1612467117513,2021-02-04T19:31:57.513Z,110.554,0.9180427195851827,0.22577798163284601,0.17765838794144231,-0.27323865982047224
1612467117521,2021-02-04T19:31:57.522Z,110.562,0.9181825679539861,0.22581491220933236,0.1776271153853846,-0.2727581441665531
1612467117552,2021-02-04T19:31:57.552Z,110.593,0.9184038047078964,0.22559048822093597,0.17773563743631962,-0.27212759196267694
1612467117567,2021-02-04T19:31:57.567Z,110.608,0.9184781918501708,0.22552326033781087,0.17783130388855883,-0.27186963327951846
1612467117582,2021-02-04T19:31:57.582Z,110.623,0.9183140500480299,0.22593355526826633,0.17771752090685822,-0.272157705845243
1612467117612,2021-02-04T19:31:57.612Z,110.653,0.9179705906115186,0.22671527346842812,0.1772951156872212,-0.2729406922793492
1612467117627,2021-02-04T19:31:57.627Z,110.668,0.91761625859679,0.22735879618266192,0.17692635181307317,-0.2738347052353239
1612467117642,2021-02-04T19:31:57.642Z,110.683,0.9174709179068102,0.22746172518386354,0.17674276171323564,-0.27435428655953903
1612467117672,2021-02-04T19:31:57.672Z,110.713,0.9175471934290771,0.2272796866329862,0.1767488160484711,-0.2742461447311499
1612467117687,2021-02-04T19:31:57.687Z,110.728,0.9176760932890622,0.2270922377931017,0.17681678902405537,-0.27392613321672743
1612467117701,2021-02-04T19:31:57.702Z,110.742,0.9177180019740918,0.227023193387008,0.1768483313029108,-0.27382258166999596
1612467117732,2021-02-04T19:31:57.732Z,110.773,0.917631468047929,0.22715902964480508,0.1767387974481885,-0.27407054124002767
1612467117747,2021-02-04T19:31:57.747Z,110.788,0.9175000274435581,0.22733103678917405,0.17642206782433276,-0.2745715814464708
1612467117762,2021-02-04T19:31:57.762Z,110.803,0.9173487031257097,0.2274474523932986,0.1762179234699348,-0.2751113533122912
1612467117792,2021-02-04T19:31:57.792Z,110.833,0.9172138972944013,0.22749229369304866,0.17636158558085083,-0.2754315051908543
1612467117807,2021-02-04T19:31:57.807Z,110.848,0.9172229124338823,0.22740646965708305,0.17643122131986702,-0.27542775932717606
1612467117822,2021-02-04T19:31:57.822Z,110.863,0.9172646417154866,0.22718357135311965,0.17661072189735855,-0.27535768534162214
1612467117852,2021-02-04T19:31:57.852Z,110.893,0.9172455829138295,0.2271550965479672,0.1768038611393801,-0.27532071738893854
1612467117867,2021-02-04T19:31:57.867Z,110.908,0.9171855888700059,0.2272748137975007,0.17696347257437162,-0.2753192400776077
1612467117881,2021-02-04T19:31:57.882Z,110.922,0.9172073378566612,0.227383653277935,0.1769327863390106,-0.2751766027884463
1612467117912,2021-02-04T19:31:57.912Z,110.953,0.9173223692945695,0.22721968933352502,0.17692174680053407,-0.2749355907844992
1612467117927,2021-02-04T19:31:57.927Z,110.968,0.9174461133560722,0.22702197174845745,0.17692473281161655,-0.27468398633851576
1612467117942,2021-02-04T19:31:57.942Z,110.983,0.917494233926188,0.22690480416343903,0.17699715754575218,-0.274573390517859
1612467117972,2021-02-04T19:31:57.972Z,111.013,0.9174605058980597,0.2269682250568044,0.1771127898873835,-0.2745591094648796
1612467117993,2021-02-04T19:31:57.993Z,111.034,0.9174244336050738,0.22721430499988995,0.1770762456778606,-0.27449967476203
1612467118002,2021-02-04T19:31:58.002Z,111.043,0.9174891765935539,0.22735889466083883,0.17693440320605358,-0.2742549193987266
1612467118017,2021-02-04T19:31:58.017Z,111.058,0.9175741132656563,0.22726214886498078,0.17688824370549575,-0.27408066622219296
1612467118047,2021-02-04T19:31:58.047Z,111.088,0.9176965977566357,0.22701418597241896,0.17700592786212324,-0.27379995495771037
1612467118061,2021-02-04T19:31:58.062Z,111.102,0.9177991480048318,0.22678792048454072,0.17711921069051265,-0.27357037165649434
1612467118077,2021-02-04T19:31:58.077Z,111.118,0.9179347056113253,0.2264273500607615,0.1772481606635388,-0.2733306073605791
1612467118107,2021-02-04T19:31:58.107Z,111.148,0.9180301153593888,0.22603067693701287,0.17733658816588313,-0.27328112791465714
1612467118122,2021-02-04T19:31:58.122Z,111.163,0.918014266106588,0.22620739759129305,0.17693393919741587,-0.27344908421832853
1612467118137,2021-02-04T19:31:58.137Z,111.178,0.917991980410085,0.2265458518387834,0.1763905481047475,-0.27359472848853816
1612467118167,2021-02-04T19:31:58.167Z,111.208,0.9179783723934264,0.22667220192120646,0.17610483345363656,-0.2737197624001133
1612467118182,2021-02-04T19:31:58.182Z,111.223,0.9180913737953943,0.22628978155032525,0.17625701905305854,-0.27355918438780524
1612467118199,2021-02-04T19:31:58.199Z,111.24,0.9182909520129718,0.2256323346079289,0.17651642036254217,-0.2732649453788023
1612467118227,2021-02-04T19:31:58.227Z,111.268,0.9184063494471112,0.22517576215507773,0.17670463676103979,-0.27313206472375123
1612467118242,2021-02-04T19:31:58.242Z,111.283,0.9183766765157167,0.2252638352028702,0.17654392056114648,-0.27326311257566444
1612467118257,2021-02-04T19:31:58.257Z,111.298,0.9182381291765871,0.2256427624451012,0.17624176528934699,-0.27361089534249156
1612467118287,2021-02-04T19:31:58.287Z,111.328,0.9181202344043312,0.2259593343928814,0.17596360239262235,-0.2739241227257522
1612467118302,2021-02-04T19:31:58.302Z,111.343,0.9180590756993298,0.22604851731325748,0.175884778499798,-0.2741060853732495
1612467118317,2021-02-04T19:31:58.317Z,111.358,0.9179960196681423,0.22606269065310935,0.1759528377599151,-0.2742618578154047
1612467118347,2021-02-04T19:31:58.347Z,111.388,0.9179579243382662,0.22609747683695341,0.17601707550239853,-0.2743194656675459
1612467118368,2021-02-04T19:31:58.368Z,111.409,0.9180381940658608,0.22596549427638182,0.17607883592400556,-0.2741198883196368
1612467118377,2021-02-04T19:31:58.377Z,111.418,0.9181957300248739,0.22563532988217044,0.17619407476921659,-0.27378996929995997
1612467118407,2021-02-04T19:31:58.407Z,111.448,0.9183484212941327,0.22538059063095048,0.17610975402447504,-0.2735418085245043
1612467118422,2021-02-04T19:31:58.422Z,111.463,0.9184579570934972,0.22544305466129855,0.1757402198497427,-0.27336017501418597
1612467118436,2021-02-04T19:31:58.437Z,111.477,0.9185671244456451,0.22558940881105363,0.1753355465791497,-0.2731323902903657
1612467118467,2021-02-04T19:31:58.467Z,111.508,0.9187932943701864,0.22534583795254937,0.175180655371408,-0.27267173216431356
1612467118482,2021-02-04T19:31:58.482Z,111.523,0.9190394125009658,0.22491273539176063,0.17529362229547502,-0.27212674567378853
1612467118496,2021-02-04T19:31:58.497Z,111.537,0.91926515703042,0.2245679382399087,0.17530329806098657,-0.2716423491899865
1612467118527,2021-02-04T19:31:58.527Z,111.568,0.9195174304056368,0.22428722383431074,0.1751424469666149,-0.2711236981074488
1612467118541,2021-02-04T19:31:58.542Z,111.582,0.9197961600016841,0.22398457542232528,0.17480500956202719,-0.27064578816426554
1612467118556,2021-02-04T19:31:58.557Z,111.597,0.9201246482848313,0.22338580850095302,0.1745556626316241,-0.2701846272872046
1612467118587,2021-02-04T19:31:58.587Z,111.628,0.9204154418833772,0.22275031017900473,0.17429527054627333,-0.26988677685834495
1612467118602,2021-02-04T19:31:58.602Z,111.643,0.9205465209087329,0.22229059379071012,0.17434999561652825,-0.2697833830752329
1612467118617,2021-02-04T19:31:58.617Z,111.658,0.9204195627004593,0.22235442651677279,0.17442075023703285,-0.27011801030927807
1612467118632,2021-02-04T19:31:58.632Z,111.673,0.9201838331939786,0.22284866156780983,0.17432538597895933,-0.270575030202639
1612467118662,2021-02-04T19:31:58.662Z,111.703,0.9200800824794381,0.2231046742450211,0.17416108434891261,-0.2708225671044871
1612467118677,2021-02-04T19:31:58.677Z,111.718,0.9200828633650163,0.2230018796317828,0.17398934024735918,-0.2710081100318094
1612467118692,2021-02-04T19:31:58.692Z,111.733,0.9200166907198507,0.2228738159392337,0.17388702921201565,-0.2714034856765822
1612467118722,2021-02-04T19:31:58.722Z,111.763,0.919813196679251,0.2230433202801517,0.17386020702231134,-0.2719705662516852
1612467118737,2021-02-04T19:31:58.737Z,111.778,0.9196337167661333,0.2233384514994467,0.17382794450052758,-0.2723556659580593
1612467118751,2021-02-04T19:31:58.752Z,111.792,0.9196482841079492,0.2234021112365122,0.1736608581459293,-0.2723608572838492
1612467118782,2021-02-04T19:31:58.782Z,111.823,0.9197204558429162,0.22341065501832583,0.173526630432976,-0.27219564812641395
1612467118797,2021-02-04T19:31:58.797Z,111.838,0.9198282172943856,0.22342630601091126,0.17332367578368027,-0.2719478624004709
1612467118812,2021-02-04T19:31:58.812Z,111.853,0.9198932655835529,0.2234174812024145,0.17320714299388693,-0.2718092983013847
1612467118842,2021-02-04T19:31:58.842Z,111.883,0.9198908706069431,0.22342009165704663,0.17321529803774532,-0.2718100611523649
1612467118857,2021-02-04T19:31:58.857Z,111.898,0.9199102536850696,0.22338384891990676,0.17312660292718599,-0.2718307572106064
1612467118872,2021-02-04T19:31:58.872Z,111.913,0.9198864505844871,0.2233542757699738,0.1730019088041154,-0.27201493539230015
1612467118902,2021-02-04T19:31:58.902Z,111.943,0.9198166861900104,0.2234490461992794,0.17291927903208715,-0.2722254773126191
1612467118917,2021-02-04T19:31:58.917Z,111.958,0.9197159123418251,0.22358788120529913,0.17288591849919074,-0.27247304297500774
1612467118932,2021-02-04T19:31:58.932Z,111.973,0.9195658491534244,0.22381039521538995,0.17278343316854491,-0.2728615789860555
1612467118962,2021-02-04T19:31:58.962Z,112.003,0.9194242338594485,0.2241336714144054,0.17253022419985095,-0.2732334116974251
1612467118977,2021-02-04T19:31:58.977Z,112.018,0.9193848212733247,0.22426745307955082,0.17242680856559092,-0.2733215241968945
1612467118992,2021-02-04T19:31:58.992Z,112.033,0.9194404314289553,0.22402164658404744,0.1725418550814573,-0.27326343180264373
1612467119022,2021-02-04T19:31:59.022Z,112.063,0.9195571527671316,0.2235961560257481,0.17250537890551124,-0.2732421930339121
1612467119037,2021-02-04T19:31:59.037Z,112.078,0.9196099401433057,0.22343091839687268,0.1723866304933518,-0.27327464631960374
1612467119052,2021-02-04T19:31:59.052Z,112.093,0.9195359252545972,0.22357367174890408,0.1722595409297901,-0.2734870125354092
1612467119081,2021-02-04T19:31:59.082Z,112.122,0.9194972354417104,0.22378702840637568,0.17200017719107216,-0.27360580947475477
1612467119097,2021-02-04T19:31:59.097Z,112.138,0.9195639475969537,0.2238122856214541,0.17167080619495642,-0.2735678003442315
1612467119112,2021-02-04T19:31:59.112Z,112.153,0.9197321145212111,0.22370924557864585,0.17133752222787896,-0.27329556241876
1612467119142,2021-02-04T19:31:59.142Z,112.183,0.9200184627167373,0.22349307712217314,0.1709323719013406,-0.27276179529944367
1612467119156,2021-02-04T19:31:59.157Z,112.197,0.920340981662454,0.2232643409116845,0.1705166118216886,-0.27212055534764956
1612467119172,2021-02-04T19:31:59.172Z,112.213,0.9206896431283971,0.22296446673204431,0.17006287594028727,-0.2714701564406634
1612467119202,2021-02-04T19:31:59.202Z,112.243,0.9210851781088869,0.22234100470916854,0.1698482219138142,-0.27077325164379384
1612467119217,2021-02-04T19:31:59.217Z,112.258,0.9213420802974104,0.22167037405614487,0.17001753837593148,-0.27034247351024526
1612467119232,2021-02-04T19:31:59.232Z,112.273,0.921337066272531,0.22140693077913637,0.17010200028876493,-0.2705222556704892
1612467119247,2021-02-04T19:31:59.247Z,112.288,0.9210708405968232,0.22172985594995923,0.17003704822215632,-0.2712043137831106
1612467119276,2021-02-04T19:31:59.277Z,112.317,0.9208086051103278,0.2222338935407022,0.16974443207237108,-0.2718647404444731
1612467119292,2021-02-04T19:31:59.292Z,112.333,0.9207204247693334,0.2225494354487595,0.16930751836130753,-0.27217753841996667
1612467119307,2021-02-04T19:31:59.307Z,112.348,0.9207682471451525,0.2225237109887082,0.16919757862616114,-0.2721051496831717
1612467119337,2021-02-04T19:31:59.337Z,112.378,0.9209064221157421,0.2223499759290758,0.16924194823800154,-0.2717517485995771
1612467119352,2021-02-04T19:31:59.352Z,112.393,0.9210458478430493,0.22206930458274118,0.16934768582549356,-0.2714426853661116
1612467119367,2021-02-04T19:31:59.367Z,112.408,0.921177654699945,0.2217251713618475,0.16949011205889777,-0.27118771871220637
1612467119397,2021-02-04T19:31:59.397Z,112.438,0.9212881810533375,0.2215054486068306,0.1697157879111441,-0.27085046616651615
1612467119412,2021-02-04T19:31:59.412Z,112.453,0.9213861169313263,0.2213649088517385,0.17000402385213192,-0.27045116477722425
1612467119427,2021-02-04T19:31:59.427Z,112.468,0.921523570275578,0.22116914974522628,0.17026579991678262,-0.26997791392301657
1612467119457,2021-02-04T19:31:59.457Z,112.498,0.9217321199096785,0.2208358260298732,0.17052028257208923,-0.26937756086958814
1612467119472,2021-02-04T19:31:59.472Z,112.513,0.9220007693797762,0.22036815113401814,0.17074980763775396,-0.2686949244413551
1612467119487,2021-02-04T19:31:59.487Z,112.528,0.9222422990122253,0.21986512529338764,0.17093485458997626,-0.2681599225810451
1612467119517,2021-02-04T19:31:59.517Z,112.558,0.9223739697607809,0.21946594523830487,0.1712321355435981,-0.26784419826752714
1612467119531,2021-02-04T19:31:59.532Z,112.572,0.9224182816885028,0.21920744425162175,0.17137735262370343,-0.2678104049494589
1612467119546,2021-02-04T19:31:59.547Z,112.587,0.922427555880661,0.2191198851069349,0.1714585156989578,-0.26779816559689845
1612467119577,2021-02-04T19:31:59.577Z,112.618,0.9224689446367561,0.21899035441151604,0.1715396050585087,-0.26770960900169205
1612467119592,2021-02-04T19:31:59.592Z,112.633,0.922608142227939,0.21865892710521612,0.17172715448483716,-0.26738039177256073
1612467119613,2021-02-04T19:31:59.613Z,112.654,0.9228246782529252,0.21809175071039402,0.17207084997097508,-0.2668749221446754
1612467119637,2021-02-04T19:31:59.637Z,112.678,0.9230926189631348,0.21736932364607262,0.17240351209721255,-0.2663224041833056
1612467119652,2021-02-04T19:31:59.652Z,112.693,0.9233116885904958,0.21678657921360944,0.1726529584629778,-0.2658760250925418
1612467119667,2021-02-04T19:31:59.667Z,112.708,0.9234220423169984,0.216529184248835,0.1728938147775254,-0.26554580196891137
1612467119697,2021-02-04T19:31:59.697Z,112.738,0.9235152033922543,0.216351181201662,0.1730705929167543,-0.2652515888047645
1612467119712,2021-02-04T19:31:59.712Z,112.753,0.9236510998896281,0.2159461547320201,0.1732716569766753,-0.26497704960560636
1612467119727,2021-02-04T19:31:59.727Z,112.768,0.9238180488801482,0.21533205245739248,0.1735253384861734,-0.26472868497958785
1612467119757,2021-02-04T19:31:59.757Z,112.798,0.9239544305975941,0.21483658201958353,0.1738714581866131,-0.26442800387492843
1612467119771,2021-02-04T19:31:59.772Z,112.812,0.9240709876162467,0.21447371075733018,0.17409331099630312,-0.26416918121964966
1612467119786,2021-02-04T19:31:59.787Z,112.827,0.9241892865669215,0.21412300601916293,0.17422761940259257,-0.26395120292498686
1612467119817,2021-02-04T19:31:59.817Z,112.858,0.9243217890701545,0.21374153402289886,0.17436370926853398,-0.26370643483579426
1612467119832,2021-02-04T19:31:59.832Z,112.873,0.9244488442047207,0.2133842659635129,0.1744917423063567,-0.26346559804775466
1612467119847,2021-02-04T19:31:59.847Z,112.888,0.9245457400851502,0.21310921386113493,0.1745906674021619,-0.2632826168093111
1612467119862,2021-02-04T19:31:59.862Z,112.903,0.9246087102031729,0.21288623792570183,0.1746761260061486,-0.2631851700262577
1612467119891,2021-02-04T19:31:59.892Z,112.932,0.9246087102031729,0.21288623792570183,0.1746761260061486,-0.2631851700262577
1612467119906,2021-02-04T19:31:59.907Z,112.947,0.9246087102031729,0.21288623792570183,0.1746761260061486,-0.2631851700262577
1612467119922,2021-02-04T19:31:59.922Z,112.963,0.9246087102031729,0.21288623792570183,0.1746761260061486,-0.2631851700262577
1612467119951,2021-02-04T19:31:59.952Z,112.992,0.9246371633530192,0.21274329751305618,0.17473496244439227,-0.2631617343180997
1612467119966,2021-02-04T19:31:59.967Z,113.007,0.9246776466816333,0.21253975431571537,0.17481873955773825,-0.2631283163442802
1612467119981,2021-02-04T19:31:59.982Z,113.022,0.9247349871895318,0.212250973220459,0.1749375745295557,-0.2630809245313321
1612467120018,2021-02-04T19:32:00.018Z,113.059,0.9248042947947891,0.21198792344841105,0.17504000287501398,-0.26298124274301143
1612467120027,2021-02-04T19:32:00.027Z,113.068,0.9248730542355861,0.2117262628472766,0.17514185507170216,-0.26288239532480584
1612467120042,2021-02-04T19:32:00.042Z,113.083,0.9249245235805936,0.21146580772376694,0.17524893831211139,-0.26283958503890664
1612467120072,2021-02-04T19:32:00.072Z,113.113,0.9249639967191113,0.2112657992218589,0.1753311438779714,-0.2628066910088076
1612467120087,2021-02-04T19:32:00.087Z,113.128,0.9249985395056507,0.21109058243162898,0.1754031536427773,-0.2627778560176959
1612467120101,2021-02-04T19:32:00.102Z,113.142,0.9250414274972905,0.21087272622469216,0.17549268182966743,-0.26274202056879303
1612467120131,2021-02-04T19:32:00.132Z,113.172,0.9251256498345781,0.21063345308553152,0.17557853336196302,-0.262580005106781
1612467120147,2021-02-04T19:32:00.147Z,113.188,0.9252203907105362,0.21037025371017123,0.17567218015086694,-0.2623944932509112
1612467120162,2021-02-04T19:32:00.162Z,113.203,0.9253224380248927,0.21008482515486204,0.1757738879138428,-0.26219514155485674
1612467120191,2021-02-04T19:32:00.192Z,113.232,0.92542353799098,0.20979692934133234,0.1758770055593334,-0.2619996234476056
1612467120206,2021-02-04T19:32:00.207Z,113.247,0.9254869313685605,0.20955878045267573,0.17596898370694827,-0.2619045134669058
1612467120222,2021-02-04T19:32:00.222Z,113.263,0.9255285282331938,0.20934552507882273,0.17605634657146582,-0.26186935175365306
1612467120252,2021-02-04T19:32:00.252Z,113.293,0.9256103576169694,0.20914738591631776,0.17612316143849568,-0.26169346350542816
1612467120267,2021-02-04T19:32:00.267Z,113.308,0.9256989782189299,0.2089596830407958,0.1761827567794122,-0.26148974894157057
1612467120282,2021-02-04T19:32:00.282Z,113.323,0.9257663144932983,0.2088495679989472,0.1762126149679763,-0.26131915969231284
1612467120312,2021-02-04T19:32:00.312Z,113.353,0.925831984039906,0.20882862868730503,0.17607932853830266,-0.2611930535653879
1612467120327,2021-02-04T19:32:00.327Z,113.368,0.9259052379571793,0.20880970770406052,0.17593805127002787,-0.26104367145615504
1612467120342,2021-02-04T19:32:00.342Z,113.383,0.925994353016523,0.20878233812860547,0.17575876041966787,-0.2608701815133447
1612467120372,2021-02-04T19:32:00.372Z,113.413,0.9260978564215965,0.2087623519894013,0.17557020300038842,-0.2606456301985133
1612467120386,2021-02-04T19:32:00.387Z,113.427,0.9262020730678101,0.20875545852462585,0.17540236011976354,-0.2603937219778557
1612467120402,2021-02-04T19:32:00.402Z,113.443,0.9262929213453684,0.20878038605865548,0.17530782553990376,-0.2601140914428369
1612467120423,2021-02-04T19:32:00.423Z,113.464,0.9263686116776098,0.20876906210692456,0.1752878775257298,-0.25986695441709745
1612467120447,2021-02-04T19:32:00.447Z,113.488,0.92642090218127,0.2087975017073902,0.17525696626393358,-0.25967847630937135
1612467120462,2021-02-04T19:32:00.462Z,113.503,0.9264838494811787,0.20877077548089368,0.1751173629410576,-0.2595695458874421
1612467120477,2021-02-04T19:32:00.477Z,113.518,0.9265045423259769,0.20879999275512504,0.1749066753755356,-0.2596142349407465
1612467120507,2021-02-04T19:32:00.507Z,113.548,0.9264490724633322,0.20912622385251103,0.1747136229944804,-0.2596795882797936
1612467120522,2021-02-04T19:32:00.522Z,113.563,0.926400817726477,0.2094674255540967,0.17456863573794923,-0.2596742458620899
1612467120537,2021-02-04T19:32:00.537Z,113.578,0.9264040110698859,0.20976467912949961,0.1744269719462574,-0.25951805162836866
1612467120567,2021-02-04T19:32:00.567Z,113.608,0.9264424711607577,0.2099954357949417,0.17430469474605506,-0.2592761808657435
1612467120581,2021-02-04T19:32:00.582Z,113.622,0.926515534792781,0.21010319443087389,0.17422874884622308,-0.2589786758655417
1612467120596,2021-02-04T19:32:00.597Z,113.637,0.9265873134596353,0.21014204341443982,0.17418579639472093,-0.25871911498688277
1612467120627,2021-02-04T19:32:00.627Z,113.668,0.9266960140981457,0.21003774358136912,0.17414020095847804,-0.25844503116910006
1612467120642,2021-02-04T19:32:00.642Z,113.683,0.9267851919976483,0.21001809018289447,0.17397219736589425,-0.2582543014811068
1612467120657,2021-02-04T19:32:00.657Z,113.698,0.9268330675468807,0.21007050250671308,0.1738733614886296,-0.25810637931453895
1612467120687,2021-02-04T19:32:00.687Z,113.728,0.9268686213296572,0.2100897621645247,0.17385202064055444,-0.25797737409957133
1612467120702,2021-02-04T19:32:00.702Z,113.743,0.9269020740173268,0.209918849047593,0.1739211954519652,-0.2579496845694347
1612467120717,2021-02-04T19:32:00.717Z,113.758,0.9269620897756388,0.20970848005793097,0.17386284417210926,-0.2579444686884328
1612467120747,2021-02-04T19:32:00.747Z,113.788,0.9269620897756388,0.20970848005793097,0.17386284417210926,-0.2579444686884328
1612467120762,2021-02-04T19:32:00.762Z,113.803,0.9269305062387965,0.20987001250053813,0.17379747580914565,-0.25797064146774906
1612467120776,2021-02-04T19:32:00.777Z,113.817,0.9268884513518417,0.2100848462305175,0.17371050993152523,-0.25800545512491335
1612467120807,2021-02-04T19:32:00.807Z,113.848,0.926907750213528,0.21018178327809017,0.17373145005722543,-0.25784302168790907
1612467120822,2021-02-04T19:32:00.822Z,113.863,0.9269122952673684,0.2102812408701806,0.17389250913168344,-0.2576369381283739
1612467120837,2021-02-04T19:32:00.837Z,113.878,0.9268976649961398,0.2103488878219591,0.17402890366218363,-0.2575422386850503
1612467120867,2021-02-04T19:32:00.867Z,113.908,0.9268836858604671,0.21042015065416256,0.1740000858302429,-0.25755380644724013
1612467120888,2021-02-04T19:32:00.888Z,113.929,0.9268463694852386,0.2106397453946317,0.17375746396747657,-0.2576723670627266
1612467120897,2021-02-04T19:32:00.897Z,113.938,0.9267911051790627,0.21087262133368945,0.17350317926301265,-0.25785195698007934
1612467120927,2021-02-04T19:32:00.927Z,113.968,0.9266856798594653,0.21120281244808742,0.17341844618863025,-0.2580175677719249
1612467120941,2021-02-04T19:32:00.942Z,113.982,0.9266370465231797,0.21140546415818737,0.17345188215925017,-0.2580037951470355
1612467120956,2021-02-04T19:32:00.956Z,113.997,0.9266067792152054,0.2115317326870334,0.17349323586550708,-0.2579812006479553
1612467120986,2021-02-04T19:32:00.986Z,114.027,0.9266622723738277,0.21157199736143478,0.17330991371999485,-0.25787205489900383
1612467121001,2021-02-04T19:32:01.001Z,114.042,0.9266842713842411,0.21169995362980154,0.17289295201157662,-0.25796786223659857
1612467121017,2021-02-04T19:32:01.017Z,114.058,0.9267200198120201,0.2118007085214523,0.17239131423319876,-0.25809242438779617
1612467121032,2021-02-04T19:32:01.032Z,114.073,0.9267014797181444,0.211806880335221,0.17196530188448686,-0.25843789946259876
1612467121061,2021-02-04T19:32:01.062Z,114.102,0.9266174559313661,0.21175723432662966,0.1717891110620779,-0.25889663071218355
1612467121077,2021-02-04T19:32:01.077Z,114.118,0.9264353596405015,0.2120184468333164,0.17174849645098028,-0.2593610544723135
1612467121092,2021-02-04T19:32:01.092Z,114.133,0.9262618599125125,0.2124750345211736,0.17158825153000867,-0.25971291556931375
1612467121121,2021-02-04T19:32:01.122Z,114.162,0.9261928505257703,0.21268168253811504,0.1712674688417909,-0.26000146088864745
1612467121137,2021-02-04T19:32:01.137Z,114.178,0.9261370540558949,0.21275589217453972,0.17105210746237076,-0.2602811249060632
1612467121152,2021-02-04T19:32:01.152Z,114.193,0.9260675686093779,0.21282550264146044,0.17095488816599252,-0.26053519917177725
1612467121182,2021-02-04T19:32:01.182Z,114.223,0.9259774886841053,0.2129210115143394,0.17098912814233777,-0.26075477246468826
1612467121197,2021-02-04T19:32:01.197Z,114.238,0.9259055459722791,0.21314432182415957,0.17093371100659263,-0.260864111087381
1612467121211,2021-02-04T19:32:01.212Z,114.252,0.9259006694458066,0.2133072455120059,0.17079681872116598,-0.26083791144428553
1612467121242,2021-02-04T19:32:01.242Z,114.283,0.9259406286699836,0.21346796822305553,0.17053291893372108,-0.26073722841378266
1612467121257,2021-02-04T19:32:01.257Z,114.298,0.9259497777168504,0.2136362913033041,0.17022306575838406,-0.26076934648861966
1612467121272,2021-02-04T19:32:01.272Z,114.313,0.9258818889749013,0.21385308492477875,0.17008342218144598,-0.2609237728446228
1612467121302,2021-02-04T19:32:01.302Z,114.343,0.925693977299491,0.21418761092970287,0.16990164549841758,-0.26143404248989055
1612467121316,2021-02-04T19:32:01.317Z,114.357,0.9254365195264919,0.21458599102549822,0.16980896689871713,-0.26207826224829905
1612467121331,2021-02-04T19:32:01.331Z,114.372,0.9252198473353099,0.21495986400714626,0.1696156489807084,-0.26266142195554376
1612467121361,2021-02-04T19:32:01.361Z,114.402,0.9251190043952491,0.21513901148085574,0.16935232130835634,-0.2630395877301644
1612467121376,2021-02-04T19:32:01.376Z,114.417,0.9250945259578564,0.21516077416276308,0.16912077459600264,-0.26325676231492595
1612467121392,2021-02-04T19:32:01.392Z,114.433,0.9251331797147995,0.21508993164538992,0.16894504558798357,-0.26329164944380634
1612467121421,2021-02-04T19:32:01.422Z,114.462,0.925157742019124,0.21510489685935005,0.16870293330386207,-0.26334835489115394
1612467121436,2021-02-04T19:32:01.437Z,114.477,0.9251725322051498,0.21510474114682449,0.16856582809982226,-0.2633843153763903
1612467121452,2021-02-04T19:32:01.452Z,114.493,0.9251398508061885,0.21524879734812222,0.1685282416461608,-0.2634054734779503
1612467121482,2021-02-04T19:32:01.482Z,114.523,0.9251143184054236,0.2153678454860039,0.16849375346891848,-0.26341990064142956
1612467121497,2021-02-04T19:32:01.497Z,114.538,0.9251218213815046,0.21532375375673554,0.16852265589055576,-0.26341110668206374
1612467121512,2021-02-04T19:32:01.512Z,114.553,0.9251165277935856,0.2152419961097333,0.16871680369814263,-0.2633722332815662
1612467121541,2021-02-04T19:32:01.541Z,114.582,0.9251142026485009,0.21529679555739667,0.16875105740495716,-0.26331365803059587
1612467121556,2021-02-04T19:32:01.557Z,114.597,0.925141578109834,0.2153989391629295,0.1687515062673381,-0.2631335907717504
1612467121573,2021-02-04T19:32:01.574Z,114.614,0.9251766656759135,0.21546242057360512,0.16873630600813516,-0.2629679479406014
1612467121601,2021-02-04T19:32:01.601Z,114.642,0.9252046487032471,0.21537771779548737,0.16879551808164014,-0.2629008744197309
1612467121616,2021-02-04T19:32:01.616Z,114.657,0.9251787567360663,0.21537524006829045,0.16884673490097699,-0.2629611267147901
1612467121631,2021-02-04T19:32:01.631Z,114.672,0.9251056118632074,0.2154709127666933,0.16887009764568514,-0.26312503258304004
1612467121647,2021-02-04T19:32:01.647Z,114.688,0.9250722214352655,0.21552347836643365,0.16887895486881171,-0.26319368154284134
1612467121677,2021-02-04T19:32:01.677Z,114.718,0.925067517353241,0.21552664737126942,0.16889707107009067,-0.26319599540030275
1612467121692,2021-02-04T19:32:01.692Z,114.733,0.9250570236060802,0.21554797741269577,0.16892712318226183,-0.26319612376271934
1612467121707,2021-02-04T19:32:01.707Z,114.748,0.9250178851513853,0.21571243923145025,0.16889979934456473,-0.26321647648322105
1612467121736,2021-02-04T19:32:01.736Z,114.777,0.9249767684546746,0.21588686596490642,0.16886509921384898,-0.2632402271509714
1612467121751,2021-02-04T19:32:01.752Z,114.792,0.9249225660601135,0.21611583650103144,0.16881294997371996,-0.2632762426186706
1612467121766,2021-02-04T19:32:01.767Z,114.807,0.9248871274223514,0.21632099376051106,0.16877858953896818,-0.2632542818267784
1612467121796,2021-02-04T19:32:01.797Z,114.837,0.9248942534282982,0.216501402367403,0.16872779172715374,-0.26311346420724435
1612467121811,2021-02-04T19:32:01.811Z,114.852,0.9249156104619796,0.21670339321279744,0.16865110682210585,-0.2629211993382845
1612467121826,2021-02-04T19:32:01.826Z,114.867,0.9249342771305059,0.21689288629955644,0.16859772079881416,-0.262733453148169
1612467121857,2021-02-04T19:32:01.857Z,114.898,0.9249476978855543,0.21689618086049714,0.16865227388670306,-0.26264845976549805
1612467121872,2021-02-04T19:32:01.872Z,114.913,0.9249976855771112,0.21671896997286028,0.16860536838862097,-0.26264881397300793
1612467121887,2021-02-04T19:32:01.887Z,114.928,0.925027933058519,0.21688895098740318,0.16802399126446863,-0.26277451238776134
1612467121916,2021-02-04T19:32:01.917Z,114.957,0.9249427558668507,0.2177447993733015,0.16677492317382864,-0.26316197619656184
1612467121931,2021-02-04T19:32:01.931Z,114.972,0.9249505289325088,0.21864816517809482,0.16534785349474673,-0.26328612997346545
1612467121946,2021-02-04T19:32:01.946Z,114.987,0.9252716056021707,0.2184642350661866,0.1646540633806559,-0.2627448824916785
1612467121976,2021-02-04T19:32:01.976Z,115.017,0.9254911323569266,0.2180518394065952,0.1645209331545426,-0.2623974500906068
1612467121991,2021-02-04T19:32:01.992Z,115.032,0.9255160496889542,0.21789457119473568,0.1643519174107742,-0.26254608139413876
1612467122006,2021-02-04T19:32:02.007Z,115.047,0.9253816374333211,0.21800993787548065,0.16403902836246415,-0.2631191541158745
1612467122036,2021-02-04T19:32:02.037Z,115.077,0.925261939441468,0.21810508239854492,0.16368920282093116,-0.26367851890661315
1612467122051,2021-02-04T19:32:02.051Z,115.092,0.9252686574635169,0.21811803361357923,0.1631014254806966,-0.2640082573223261
1612467122067,2021-02-04T19:32:02.067Z,115.108,0.9253458609870409,0.2180429389110531,0.1624524518516594,-0.2641997638768192
1612467122096,2021-02-04T19:32:02.096Z,115.137,0.9254281009612061,0.21806649214726057,0.1617028278165801,-0.26435209556582995
1612467122112,2021-02-04T19:32:02.112Z,115.153,0.9254817361281598,0.21831772956313533,0.16092556648808892,-0.2644312521282097
1612467122126,2021-02-04T19:32:02.127Z,115.167,0.925605494531419,0.21860587621634972,0.16020482399363697,-0.26419756574597103
1612467122156,2021-02-04T19:32:02.157Z,115.197,0.9257520434860257,0.21869923950843598,0.15969944377949272,-0.2639126451619928
1612467122171,2021-02-04T19:32:02.171Z,115.212,0.9257400538385112,0.21903021429035094,0.15939908024467297,-0.2638618031548816
1612467122186,2021-02-04T19:32:02.187Z,115.227,0.9256979272336883,0.21928941098543642,0.1591523780783889,-0.26394321794072845
1612467122216,2021-02-04T19:32:02.216Z,115.257,0.9256025464684539,0.21974033614012067,0.1589734366918951,-0.2640105245449667
1612467122231,2021-02-04T19:32:02.231Z,115.272,0.9254873458339736,0.22047519890602768,0.15873363639764648,-0.26394600213777447
1612467122246,2021-02-04T19:32:02.246Z,115.287,0.9253127948413603,0.22156564607180193,0.15851703681518692,-0.26377498976019026
1612467122262,2021-02-04T19:32:02.262Z,115.303,0.925193800795667,0.22244540027418497,0.15844886220988705,-0.2634927568843545
1612467122292,2021-02-04T19:32:02.292Z,115.333,0.9251111668816095,0.22270030198527307,0.1587738495359181,-0.2633719216434446
1612467122307,2021-02-04T19:32:02.307Z,115.348,0.9249514303019704,0.22275120306626386,0.1592760440983377,-0.2635865984667192
1612467122322,2021-02-04T19:32:02.322Z,115.363,0.9247320206780333,0.2230395151403955,0.15965564357039994,-0.2638828150804447
1612467122351,2021-02-04T19:32:02.351Z,115.392,0.9245694754377205,0.2235201841174853,0.159691548704334,-0.26402390356427025
1612467122366,2021-02-04T19:32:02.366Z,115.407,0.9244601294413436,0.2240228615335676,0.15972762313361516,-0.26395892292493534
1612467122381,2021-02-04T19:32:02.382Z,115.422,0.9244291171322474,0.22439300526640799,0.15984463746826652,-0.2636821542278544
1612467122411,2021-02-04T19:32:02.411Z,115.452,0.9243750401814546,0.22472893926583784,0.16020354577276744,-0.26336763823184156
1612467122426,2021-02-04T19:32:02.426Z,115.467,0.9243459111859215,0.22476523691850916,0.1607041525230643,-0.26313380647244544
1612467122441,2021-02-04T19:32:02.441Z,115.482,0.924293433069852,0.2247888036545969,0.16104273414929315,-0.2630910129844838
1612467122471,2021-02-04T19:32:02.472Z,115.512,0.9242701512598595,0.22483835974614932,0.16121527800296007,-0.26302477756889364
1612467122486,2021-02-04T19:32:02.487Z,115.527,0.9242726243581031,0.22500835748372813,0.1611613685626414,-0.2629037242179662
1612467122502,2021-02-04T19:32:02.502Z,115.543,0.924278384740288,0.22521992182162195,0.16107845907171273,-0.2627530862609021
1612467122532,2021-02-04T19:32:02.532Z,115.573,0.9242911660388903,0.2252278733995048,0.1610797251844109,-0.26270052828443263
1612467122546,2021-02-04T19:32:02.546Z,115.587,0.9243006873455781,0.22516947685206373,0.1611138719022433,-0.2626961483298284
1612467122561,2021-02-04T19:32:02.561Z,115.602,0.9243324230229931,0.22500649539528267,0.16119137832549543,-0.26267658504690117
1612467122591,2021-02-04T19:32:02.592Z,115.632,0.9243678134360067,0.22482692378525698,0.16127916336608594,-0.26265192039794744
1612467122613,2021-02-04T19:32:02.613Z,115.654,0.9244066569336901,0.22467029878930941,0.16127991297983552,-0.2626487752261911
1612467122621,2021-02-04T19:32:02.621Z,115.662,0.9245054994517727,0.2245132248037796,0.16111647495538028,-0.2625354735451723
1612467122651,2021-02-04T19:32:02.652Z,115.692,0.9245700917516793,0.2243232879094809,0.16113127401802155,-0.2624612742350774
1612467122667,2021-02-04T19:32:02.667Z,115.708,0.9246093899411202,0.22414350078268855,0.16120988647807008,-0.26242816081990566
1612467122681,2021-02-04T19:32:02.681Z,115.722,0.9246919417572831,0.2240183640541265,0.1612434241092289,-0.26222346118757145
1612467122711,2021-02-04T19:32:02.712Z,115.752,0.9248042814905365,0.22396236657879304,0.16125805737082424,-0.2618658783159555
1612467122726,2021-02-04T19:32:02.727Z,115.767,0.9248929975684945,0.22383303966775672,0.16142826110255917,-0.26155808134955666
1612467122741,2021-02-04T19:32:02.741Z,115.782,0.9249618469095183,0.22359022624495234,0.16159363750441713,-0.2614201384888989
1612467122771,2021-02-04T19:32:02.771Z,115.812,0.9249870669064425,0.22338193012274993,0.16182918932721568,-0.26136325838217517
1612467122786,2021-02-04T19:32:02.787Z,115.827,0.9250106771762694,0.22324616865910749,0.1619160292751158,-0.26134191158845693
1612467122801,2021-02-04T19:32:02.801Z,115.842,0.9250017227240397,0.22326595243592987,0.1619401619833065,-0.26134175207428345
1612467122831,2021-02-04T19:32:02.831Z,115.872,0.9250223084001419,0.2231525158557763,0.16201021361742024,-0.26132235708593377
1612467122846,2021-02-04T19:32:02.846Z,115.887,0.9250929375568275,0.22288587793828105,0.16212312600057066,-0.26122984958454537
1612467122861,2021-02-04T19:32:02.861Z,115.902,0.9251961894823479,0.2226076168082707,0.16223406574884178,-0.2610325033724455
1612467122876,2021-02-04T19:32:02.877Z,115.917,0.9253304711604625,0.22235586014404835,0.16226052351154746,-0.2607545073652912
1612467122907,2021-02-04T19:32:02.907Z,115.948,0.9254652127348092,0.2220562044265115,0.16234491576862822,-0.260479001874398
1612467122922,2021-02-04T19:32:02.922Z,115.963,0.9255293588784061,0.22183954202341682,0.16243857398620754,-0.2603772899664917
1612467122936,2021-02-04T19:32:02.937Z,115.977,0.9255659968956436,0.2217674539295591,0.1624182602022592,-0.26032112960926884
1612467122966,2021-02-04T19:32:02.966Z,116.007,0.9256687746133746,0.22159189659681489,0.1623728508122123,-0.26013344342378397
1612467122981,2021-02-04T19:32:02.981Z,116.022,0.9257807173369007,0.22123139305939815,0.16257897223326886,-0.2599130853184302
1612467122996,2021-02-04T19:32:02.996Z,116.037,0.9258916344665232,0.22076178369858945,0.16278640475645312,-0.25978741792010573
1612467123026,2021-02-04T19:32:03.027Z,116.067,0.9259387042369183,0.22052596729986648,0.16289688557373463,-0.2597506851057237
1612467123041,2021-02-04T19:32:03.041Z,116.082,0.9259712564317806,0.2203283725644638,0.16303551515853618,-0.25971534668216084
1612467123056,2021-02-04T19:32:03.056Z,116.097,0.9260652953603997,0.2198699273043511,0.16320133877810744,-0.25966441191905487
1612467123093,2021-02-04T19:32:03.093Z,116.134,0.9261515969030533,0.21938364943355892,0.16335231607870987,-0.25967297654330274
1612467123102,2021-02-04T19:32:03.102Z,116.143,0.926121944620765,0.21923295861009823,0.16343730628163947,-0.2598524590345786
1612467123116,2021-02-04T19:32:03.117Z,116.157,0.9261012226363213,0.21922267134916712,0.16345033007341975,-0.2599267885327249
1612467123147,2021-02-04T19:32:03.147Z,116.188,0.9261169491877986,0.219146836082896,0.1634812677024421,-0.25991524728715515
1612467123161,2021-02-04T19:32:03.161Z,116.202,0.9262096899614043,0.21886628151444482,0.16363485110843293,-0.25972446272994776
1612467123176,2021-02-04T19:32:03.176Z,116.217,0.9263089480458694,0.21860717832215182,0.163722885130246,-0.25953314092965085
1612467123206,2021-02-04T19:32:03.206Z,116.247,0.9264187972335374,0.21831986559364555,0.16382052246172385,-0.25932120013586685
1612467123221,2021-02-04T19:32:03.222Z,116.262,0.9264779621640636,0.21811403454801215,0.16389788125037288,-0.2592341375651584
1612467123236,2021-02-04T19:32:03.236Z,116.277,0.9265064277782135,0.21797584009450224,0.16395411877679592,-0.25921307713322383
1612467123266,2021-02-04T19:32:03.267Z,116.307,0.9265522864858309,0.21775294118987756,0.16404484183766546,-0.25917910193048305
1612467123281,2021-02-04T19:32:03.281Z,116.322,0.9266530009901572,0.21735869486994241,0.16419770669225522,-0.2590531347761984
1612467123296,2021-02-04T19:32:03.296Z,116.337,0.9269322603840365,0.21652786943887337,0.16425623373949852,-0.25871249697940385
1612467123327,2021-02-04T19:32:03.327Z,116.368,0.9272994371433458,0.21570263049291036,0.16375016029103706,-0.25840668349857476
1612467123342,2021-02-04T19:32:03.342Z,116.383,0.9274583961234826,0.21570380118218224,0.16261900085991762,-0.2585495197731699
1612467123357,2021-02-04T19:32:03.357Z,116.398,0.9275227296857281,0.21572192686196306,0.16203576315413584,-0.2586697656208668
1612467123386,2021-02-04T19:32:03.386Z,116.427,0.9276712461340698,0.2153376457210122,0.16200164841728362,-0.25847867096044236
1612467123401,2021-02-04T19:32:03.401Z,116.442,0.9278731356980168,0.21468089547623928,0.16224187865945366,-0.2581494334227775
1612467123416,2021-02-04T19:32:03.416Z,116.457,0.9280533746843509,0.21392960069436265,0.16253534119391286,-0.25794054071959405
1612467123453,2021-02-04T19:32:03.453Z,116.494,0.9281684272739592,0.21346786567060486,0.16253545232978378,-0.2579090298414817
1612467123461,2021-02-04T19:32:03.461Z,116.502,0.9282217568799227,0.2133324505504844,0.16237045942055792,-0.25793307175395697
1612467123476,2021-02-04T19:32:03.476Z,116.517,0.9282668247856256,0.21334490939448814,0.16217360994058422,-0.2578844157305934
1612467123506,2021-02-04T19:32:03.507Z,116.547,0.9283622345205532,0.21309437935062692,0.16225808297236805,-0.25769490005684803
1612467123522,2021-02-04T19:32:03.522Z,116.563,0.9284246439296424,0.21270732640165693,0.1624201955579573,-0.25768770617569314
1612467123537,2021-02-04T19:32:03.537Z,116.578,0.9284957300171844,0.21227498674744852,0.16260064474868247,-0.2576742898865525
1612467123552,2021-02-04T19:32:03.552Z,116.593,0.9285348948824385,0.21216907076335934,0.1626367905446026,-0.257597571336421
1612467123581,2021-02-04T19:32:03.581Z,116.622,0.9286066685633386,0.21200307847745425,0.16275260780213663,-0.25740228916888824
1612467123596,2021-02-04T19:32:03.596Z,116.637,0.92874695678588,0.21149512119092273,0.16294316705924683,-0.25719336749244864
1612467123611,2021-02-04T19:32:03.612Z,116.652,0.9288341747937647,0.21089081787354347,0.1634563641807144,-0.2570489363538311
1612467123641,2021-02-04T19:32:03.641Z,116.682,0.9287810675963655,0.21055555836041043,0.16400811680370142,-0.25716419451508943
1612467123656,2021-02-04T19:32:03.656Z,116.697,0.9287183097048974,0.2103303997789598,0.16443375512911357,-0.2573032536168942
1612467123671,2021-02-04T19:32:03.671Z,116.712,0.9286906097970942,0.20995906750862375,0.16489247403742208,-0.2574129236293877
1612467123702,2021-02-04T19:32:03.702Z,116.743,0.9286326904171911,0.20975428293700152,0.1652363646498841,-0.25756826449584963
1612467123717,2021-02-04T19:32:03.717Z,116.758,0.9284957923837892,0.20972773816168275,0.16556741598107427,-0.2578706461319979
1612467123732,2021-02-04T19:32:03.732Z,116.773,0.9283180534685157,0.20991417837842322,0.16583140209847927,-0.2581890303599091
1612467123761,2021-02-04T19:32:03.761Z,116.802,0.9282012747708717,0.20999911929755277,0.16615247103290584,-0.2583333501072606
1612467123776,2021-02-04T19:32:03.776Z,116.817,0.9282091437135811,0.20979509653274747,0.16649511300313827,-0.2582502281574747
1612467123791,2021-02-04T19:32:03.791Z,116.832,0.9282458526816099,0.20947536868122746,0.16683345504590086,-0.2581594568724961
1612467123821,2021-02-04T19:32:03.822Z,116.862,0.9282588944581772,0.2093247306253899,0.1670263827107887,-0.25810999493711906
1612467123836,2021-02-04T19:32:03.836Z,116.877,0.928233420908852,0.20941946859745836,0.16704369963193896,-0.2581135503871944
1612467123851,2021-02-04T19:32:03.851Z,116.892,0.9281970979197557,0.20960492864922145,0.166968663346231,-0.25814218322403504
1612467123881,2021-02-04T19:32:03.882Z,116.922,0.9282073375229184,0.2095526703803538,0.16698981145094574,-0.25813411199734004
1612467123897,2021-02-04T19:32:03.897Z,116.938,0.9282475835803949,0.20934704674485533,0.16707301822773055,-0.25810239087742215
1612467123912,2021-02-04T19:32:03.912Z,116.953,0.9282568789761699,0.20929953716044933,0.16709224490732275,-0.2580950446437765
1612467123942,2021-02-04T19:32:03.942Z,116.983,0.9282222486418465,0.20947652388705823,0.1670206448876533,-0.25812234937676604
1612467123957,2021-02-04T19:32:03.957Z,116.998,0.9282073513480704,0.20955261195257188,0.16698985855243167,-0.25813407924544507
1612467123971,2021-02-04T19:32:03.972Z,117.012,0.9282166556796296,0.20950509665659048,0.16700908079373533,-0.258126754766468
1612467124001,2021-02-04T19:32:04.002Z,117.042,0.9282095803606115,0.20943347225063733,0.16704551931773426,-0.2581867349491212
1612467124016,2021-02-04T19:32:04.016Z,117.057,0.9281326671894583,0.20949337410236948,0.1670442419566821,-0.25841536241505586
1612467124031,2021-02-04T19:32:04.032Z,117.072,0.9280307320360859,0.20971309912579916,0.16691822004166434,-0.258684526537135
1612467124061,2021-02-04T19:32:04.061Z,117.102,0.927982601831623,0.20985063377847718,0.166869936932353,-0.2587767886592137
1612467124076,2021-02-04T19:32:04.076Z,117.117,0.9279722060395417,0.20990356636270124,0.16684848169668956,-0.2587849721329176
1612467124091,2021-02-04T19:32:04.091Z,117.132,0.9279722060395417,0.20990356636270124,0.16684848169668956,-0.2587849721329176
1612467124106,2021-02-04T19:32:04.107Z,117.147,0.9279722060395417,0.20990356636270124,0.16684848169668956,-0.2587849721329176
1612467124137,2021-02-04T19:32:04.137Z,117.178,0.9279836918196734,0.2098832743786946,0.16679628075704395,-0.25879389401302366
1612467124152,2021-02-04T19:32:04.152Z,117.193,0.9279301012887136,0.21008316210295322,0.16666775380241847,-0.2589066472024205
1612467124167,2021-02-04T19:32:04.167Z,117.208,0.9277668450901169,0.21041911374560468,0.16648073163570173,-0.25933885886246705
1612467124196,2021-02-04T19:32:04.196Z,117.237,0.927532397048347,0.21079728368746045,0.16618914208377344,-0.2600563913254105
1612467124211,2021-02-04T19:32:04.211Z,117.252,0.9273135326009546,0.21113570102728133,0.16610516136195103,-0.26061543196015274
1612467124233,2021-02-04T19:32:04.233Z,117.274,0.9272319864717782,0.21120939261483435,0.1660988526183468,-0.2608497784046246
1612467124256,2021-02-04T19:32:04.257Z,117.297,0.9272093225266073,0.21116696881744595,0.16605879264605317,-0.26099015476668275
1612467124271,2021-02-04T19:32:04.271Z,117.312,0.9271778711696476,0.21108676139554197,0.16596623613807004,-0.26122554017366767
1612467124286,2021-02-04T19:32:04.286Z,117.327,0.9270368722353757,0.21125270898726192,0.16576818270315416,-0.2617170992978656
1612467124316,2021-02-04T19:32:04.317Z,117.357,0.9267334753223847,0.21179780900890235,0.1656138881248479,-0.26244769741053897
1612467124332,2021-02-04T19:32:04.332Z,117.373,0.9263975222463736,0.21255289265822283,0.1653695356054645,-0.2631763957729391
1612467124346,2021-02-04T19:32:04.347Z,117.387,0.9261729114241645,0.21319172275130274,0.16514110059427334,-0.26359333145762714
1612467124376,2021-02-04T19:32:04.377Z,117.417,0.9260178554789684,0.2135712879989362,0.1650129113062229,-0.2639109231897236
1612467124391,2021-02-04T19:32:04.391Z,117.432,0.9256893333698668,0.21397906205531167,0.16524911043730525,-0.26458448667081713
1612467124406,2021-02-04T19:32:04.406Z,117.447,0.9250343126906775,0.21482929556760802,0.16564965314380203,-0.26593248489823373
1612467124436,2021-02-04T19:32:04.436Z,117.477,0.9242996303304877,0.21588540393981268,0.16600629722960566,-0.2674053010259586
1612467124451,2021-02-04T19:32:04.451Z,117.492,0.9237953261344611,0.2168007799088021,0.16612257858015322,-0.2683335724968835
1612467124466,2021-02-04T19:32:04.466Z,117.507,0.9235116965134402,0.21721762471432807,0.1662354062061031,-0.26890228641613434
1612467124496,2021-02-04T19:32:04.496Z,117.537,0.9231785128564115,0.2174658397734381,0.16641247622717348,-0.26973492485734585
1612467124511,2021-02-04T19:32:04.512Z,117.552,0.9227925531319832,0.21783292805212914,0.16665370828364887,-0.27060905538377783
1612467124526,2021-02-04T19:32:04.527Z,117.567,0.9224381818317525,0.21814760355611731,0.1670276055906937,-0.27133227366513807
1612467124557,2021-02-04T19:32:04.557Z,117.598,0.9221740112315484,0.21818848648744565,0.16747264441488804,-0.27192239838990434
1612467124572,2021-02-04T19:32:04.572Z,117.613,0.9220145909843465,0.21820111047240193,0.16763460120797027,-0.27235273062413684
1612467124586,2021-02-04T19:32:04.587Z,117.627,0.9218776431737302,0.21842376421021262,0.16768333047200823,-0.27260772352687507
1612467124616,2021-02-04T19:32:04.616Z,117.657,0.9217526696223868,0.21856156404611216,0.1677061547621119,-0.2729056694548994
1612467124631,2021-02-04T19:32:04.631Z,117.672,0.9215245424026575,0.21875168811885537,0.1678086286608301,-0.27346019973973457
1612467124646,2021-02-04T19:32:04.646Z,117.687,0.9211988601055618,0.2193972556500541,0.16790275340636135,-0.2739820610040028
1612467124661,2021-02-04T19:32:04.661Z,117.702,0.9208886624271256,0.22007432523111464,0.16778259457428815,-0.2745548465155353
1612467124691,2021-02-04T19:32:04.691Z,117.732,0.9207739842589369,0.220220864520255,0.1676483170868885,-0.27490376956274837
1612467124706,2021-02-04T19:32:04.706Z,117.747,0.9208265134728236,0.2200701372139648,0.16754293793645197,-0.27491276932825964
1612467124721,2021-02-04T19:32:04.721Z,117.762,0.9208542381900747,0.2200149123938505,0.16741713783426113,-0.2749407432358609
1612467124752,2021-02-04T19:32:04.752Z,117.793,0.9208072690695075,0.22014313218716186,0.16726065348070426,-0.2750906184819639
1612467124767,2021-02-04T19:32:04.767Z,117.808,0.9205989490570842,0.2206308608455376,0.1671465191251512,-0.27546622185287023
1612467124781,2021-02-04T19:32:04.782Z,117.822,0.9203474855403322,0.22127287729480372,0.16693970811170034,-0.2759165697975517
1612467124811,2021-02-04T19:32:04.812Z,117.852,0.9201565070932562,0.22183589120227443,0.16678778152910803,-0.27619318558036393
1612467124833,2021-02-04T19:32:04.833Z,117.874,0.9199987702078811,0.22230047574913459,0.166931490033214,-0.27625828301244765
1612467124841,2021-02-04T19:32:04.841Z,117.882,0.9199206510401248,0.22246898443077004,0.16718460793996298,-0.27622971169701427
1612467124871,2021-02-04T19:32:04.871Z,117.912,0.9196980316074346,0.2225225227741147,0.1675865571111391,-0.27668394133250407
1612467124886,2021-02-04T19:32:04.887Z,117.927,0.9192172380395183,0.22293927122655957,0.16793547813688714,-0.27773265169746436
1612467124901,2021-02-04T19:32:04.901Z,117.942,0.9188160505128803,0.2235543843931884,0.1679843607393462,-0.27853501949573284
1612467124931,2021-02-04T19:32:04.932Z,117.972,0.9187281041907976,0.22377589982868892,0.16790304299367093,-0.27869622419277407
1612467124946,2021-02-04T19:32:04.946Z,117.987,0.9188350575598607,0.2236960937483893,0.16773484616677534,-0.27850891551633933
1612467124962,2021-02-04T19:32:04.962Z,118.003,0.9189499878204045,0.22363610118700386,0.16772173903798854,-0.27818560779599577
1612467124991,2021-02-04T19:32:04.992Z,118.032,0.9190724168717365,0.22362255601561948,0.1675592862686054,-0.27788978133738834
1612467125006,2021-02-04T19:32:05.006Z,118.047,0.9192710521843179,0.22365578400446998,0.16726154731819795,-0.27738492692647393
1612467125021,2021-02-04T19:32:05.022Z,118.062,0.9195949294217527,0.22355715545455293,0.16705499211884955,-0.2765140026021139
1612467125051,2021-02-04T19:32:05.052Z,118.092,0.9199624323556462,0.2231259011964367,0.16701506084173884,-0.27566270099814266
1612467125066,2021-02-04T19:32:05.067Z,118.107,0.9201127402207403,0.22287040209009767,0.16703164495715747,-0.2753575107720588
1612467125081,2021-02-04T19:32:05.081Z,118.122,0.9199943274912966,0.22313968207471818,0.1669384184777859,-0.27559151674818705
1612467125118,2021-02-04T19:32:05.118Z,118.159,0.9198366133072555,0.22357329844119314,0.16666708779938674,-0.2759305472180189
1612467125126,2021-02-04T19:32:05.127Z,118.167,0.9196950772252717,0.22385863023476624,0.16658025874675172,-0.27622327199727587
1612467125142,2021-02-04T19:32:05.142Z,118.183,0.9196707367158691,0.22382987140585092,0.16662144214516425,-0.27630276819532024
1612467125171,2021-02-04T19:32:05.172Z,118.212,0.9196757986345727,0.22376520363816263,0.16672708142722575,-0.27627457241916353
1612467125187,2021-02-04T19:32:05.187Z,118.228,0.919731914739237,0.2236281351502015,0.16682494496912748,-0.2761396384356793
1612467125201,2021-02-04T19:32:05.201Z,118.242,0.9197309287322658,0.22350117269649397,0.16691445055726395,-0.27619161958999133
1612467125231,2021-02-04T19:32:05.231Z,118.272,0.9196179129241564,0.2236429802953002,0.16692308250365323,-0.2764478180798921
1612467125246,2021-02-04T19:32:05.246Z,118.287,0.919509221788483,0.2239225928139174,0.1668138385031092,-0.27664888714269087
1612467125261,2021-02-04T19:32:05.262Z,118.302,0.9194770432542273,0.22405141008619395,0.16681367960661225,-0.2766516380991711
1612467125276,2021-02-04T19:32:05.276Z,118.317,0.9194805198180251,0.22404752264680405,0.16676626723500465,-0.2766718153038126
1612467125306,2021-02-04T19:32:05.306Z,118.347,0.9194212149921314,0.22402308750450228,0.1668589786856538,-0.27683274177619127
1612467125321,2021-02-04T19:32:05.321Z,118.362,0.9192944568670868,0.2241465847470097,0.1669715186072564,-0.27708576667466356
1612467125336,2021-02-04T19:32:05.337Z,118.377,0.9192311735147256,0.2242205141218146,0.1671708156151716,-0.27711573230736614
1612467125367,2021-02-04T19:32:05.367Z,118.408,0.9192068159257157,0.2242760934561418,0.16725616361285237,-0.2771000526764114
1612467125382,2021-02-04T19:32:05.382Z,118.423,0.9191541635082522,0.2245016956574397,0.16720070785052274,-0.2771254871834486
1612467125397,2021-02-04T19:32:05.397Z,118.438,0.9191161015440104,0.22475007929396443,0.16714235179270603,-0.2770855968416624
1612467125433,2021-02-04T19:32:05.433Z,118.474,0.9191445506701216,0.2249528437464332,0.16708541198339258,-0.27686093651173116
1612467125441,2021-02-04T19:32:05.441Z,118.482,0.9192671860558117,0.22487761671699286,0.16713022876738837,-0.276487585205693
1612467125456,2021-02-04T19:32:05.457Z,118.497,0.9194710074128272,0.22442922343697883,0.16730514250072223,-0.2760680703875919
1612467125486,2021-02-04T19:32:05.486Z,118.527,0.919619057189651,0.22404802114016137,0.16744450254500615,-0.2757999500439598
1612467125501,2021-02-04T19:32:05.501Z,118.542,0.919670331756868,0.22398658653909037,0.16710887394854676,-0.27588242819075603
1612467125516,2021-02-04T19:32:05.516Z,118.557,0.9196140881486808,0.224258321322825,0.16662617422809733,-0.27614100068270686
1612467125547,2021-02-04T19:32:05.547Z,118.588,0.9194151795628587,0.2247177867070448,0.1663339023283643,-0.27660563418538975
1612467125562,2021-02-04T19:32:05.562Z,118.603,0.9192351406640169,0.2250083188523197,0.1663173597299854,-0.27697752339874904
1612467125577,2021-02-04T19:32:05.577Z,118.618,0.9192976614829619,0.2249085218746777,0.16643605248822524,-0.2767797080933533
1612467125606,2021-02-04T19:32:05.606Z,118.647,0.9195302666454851,0.22450906866260315,0.16648456526808492,-0.2763017487071522
1612467125621,2021-02-04T19:32:05.621Z,118.662,0.9196882454495731,0.22422196757892776,0.16638735963345427,-0.2760675406329548
1612467125636,2021-02-04T19:32:05.636Z,118.677,0.9196288511856978,0.22423824027668138,0.16619427937025397,-0.27636832157302865
1612467125666,2021-02-04T19:32:05.666Z,118.707,0.9193645486455685,0.22461903688043658,0.16604409690663935,-0.2770279279189987
1612467125681,2021-02-04T19:32:05.681Z,118.722,0.9191092272226168,0.22510046692160066,0.16591206576393713,-0.2775629562096936
1612467125696,2021-02-04T19:32:05.696Z,118.737,0.9190345711507912,0.22534959652602704,0.1658123426257055,-0.27766757716415824
1612467125726,2021-02-04T19:32:05.726Z,118.767,0.9191063779183181,0.22540008515873555,0.16577251638561408,-0.2774125817108629
1612467125741,2021-02-04T19:32:05.741Z,118.782,0.9192119133102477,0.22524233358186846,0.16583091766280797,-0.2771560144363081
1612467125756,2021-02-04T19:32:05.756Z,118.797,0.919221659919401,0.22516594443898683,0.16588071146292224,-0.27715596144495114
1612467125786,2021-02-04T19:32:05.786Z,118.827,0.919156705589894,0.22533606457200592,0.1658983138687988,-0.2772225784957337
1612467125801,2021-02-04T19:32:05.801Z,118.842,0.9191202662128811,0.22547480716399002,0.16592767276613815,-0.27721301373048407
1612467125816,2021-02-04T19:32:05.816Z,118.857,0.9191605874601432,0.2254743219671271,0.16601096318911263,-0.2770297902652561
1612467125846,2021-02-04T19:32:05.846Z,118.887,0.9192351359856125,0.22530149205473127,0.16616976374947146,-0.2768277660619857
1612467125861,2021-02-04T19:32:05.861Z,118.902,0.9193327793592635,0.22507141476353504,0.16627451150382627,-0.2766277026548075
1612467125883,2021-02-04T19:32:05.883Z,118.924,0.9194613084656545,0.2248345384433228,0.16639263280041644,-0.2763219577003428
1612467125891,2021-02-04T19:32:05.892Z,118.932,0.9195260619477738,0.2246217229139202,0.1665631346009778,-0.2761768005932027
1612467125921,2021-02-04T19:32:05.922Z,118.962,0.9194984781060654,0.22451614667508674,0.16669228085965784,-0.2762765501170987
1612467125936,2021-02-04T19:32:05.936Z,118.977,0.9194028024652385,0.224564434267401,0.16673444072349486,-0.2765301574111781
1612467125951,2021-02-04T19:32:05.952Z,118.992,0.9194872689806772,0.2243947333356693,0.166631932710489,-0.2764488466874782
1612467125982,2021-02-04T19:32:05.982Z,119.023,0.9196268257927869,0.22410605835569172,0.16655420642562913,-0.27626558275052565
1612467125997,2021-02-04T19:32:05.997Z,119.038,0.9196146259943293,0.22410527876769523,0.1663619662505119,-0.2764226109981359
1612467126011,2021-02-04T19:32:06.012Z,119.052,0.9194796388655351,0.22439533947069132,0.16607239164005871,-0.27681019863886763
1612467126041,2021-02-04T19:32:06.041Z,119.082,0.9194323829114686,0.22468080467121676,0.1659360727435594,-0.2768173568049472
1612467126056,2021-02-04T19:32:06.056Z,119.097,0.9197864785009552,0.2240566498521805,0.1663646136901827,-0.2758881420712853
1612467126071,2021-02-04T19:32:06.071Z,119.112,0.9203971518254779,0.22277528347219405,0.16699779580052926,-0.27450317335724245
1612467126101,2021-02-04T19:32:06.101Z,119.142,0.920827541150235,0.22181457432377558,0.16725133239247822,-0.2736821621693954
1612467126116,2021-02-04T19:32:06.116Z,119.157,0.9208517684110901,0.22163089883692663,0.16702277096178147,-0.2738889542773716
1612467126131,2021-02-04T19:32:06.131Z,119.172,0.9206774944216776,0.22178302369580544,0.1667936499309591,-0.2744906555940952
1612467126162,2021-02-04T19:32:06.162Z,119.203,0.9205767941109182,0.2217342028410554,0.16685431000447762,-0.2748307636852825
1612467126176,2021-02-04T19:32:06.177Z,119.217,0.9207551867320376,0.221024204412554,0.16735358161333025,-0.2745013039878654
1612467126192,2021-02-04T19:32:06.192Z,119.233,0.9211706187989785,0.2200853234013545,0.167693395882913,-0.273653186464336
1612467126221,2021-02-04T19:32:06.222Z,119.262,0.9215518193892512,0.2194409428189623,0.1679711822426144,-0.27271523377161033
1612467126236,2021-02-04T19:32:06.236Z,119.277,0.9217159996455807,0.21915448945863067,0.1681721469925419,-0.2722665141426568
1612467126251,2021-02-04T19:32:06.251Z,119.292,0.9217566165171526,0.21900383707605345,0.16827355877451905,-0.272187561564034
1612467126288,2021-02-04T19:32:06.288Z,119.329,0.92174438138116,0.2190039400024433,0.1683261154534604,-0.2721964153180877
1612467126296,2021-02-04T19:32:06.296Z,119.337,0.9217660678400051,0.21894565939026042,0.16844110251224523,-0.2720987125978332
1612467126311,2021-02-04T19:32:06.311Z,119.352,0.921912275174102,0.21871275006591134,0.1686063732394085,-0.2716880209817328
1612467126341,2021-02-04T19:32:06.341Z,119.382,0.9221734382962986,0.21826543214660857,0.1688582869471601,-0.27100411391694296
1612467126356,2021-02-04T19:32:06.357Z,119.397,0.9224534240382073,0.2175874525032747,0.16913352104776122,-0.270424172461171
1612467126372,2021-02-04T19:32:06.372Z,119.413,0.9226271416292967,0.21705123396759585,0.16933692286805163,-0.2701350142348773
1612467126402,2021-02-04T19:32:06.402Z,119.443,0.9226923853339605,0.2167658306120185,0.16926323363171872,-0.2701875172289459
1612467126417,2021-02-04T19:32:06.417Z,119.458,0.9227237422425502,0.21659463677612223,0.1691871984257448,-0.2702653339046122
1612467126431,2021-02-04T19:32:06.431Z,119.472,0.9227422287557534,0.21651689442632335,0.1691753659567976,-0.27027191724674016
1612467126461,2021-02-04T19:32:06.461Z,119.502,0.9227810201898896,0.21632009286208992,0.16921832762710162,-0.27027016815869687
1612467126476,2021-02-04T19:32:06.477Z,119.517,0.9228155781678102,0.21619697971604052,0.16914266333383432,-0.27029804677949315
1612467126491,2021-02-04T19:32:06.492Z,119.532,0.9228853056550265,0.21595901432895404,0.1691976652325607,-0.2702157782512804
1612467126521,2021-02-04T19:32:06.521Z,119.562,0.9230107524613056,0.21567839180810167,0.16932602739430666,-0.26993087743855465
1612467126536,2021-02-04T19:32:06.536Z,119.577,0.9231593315586493,0.2154775999448943,0.16942423178081675,-0.2695212091165665
1612467126551,2021-02-04T19:32:06.551Z,119.592,0.9232706335208097,0.21532059009156676,0.16964759808691182,-0.2691246425432715
1612467126567,2021-02-04T19:32:06.567Z,119.608,0.9233531044247273,0.21515187515179593,0.1699225180707448,-0.2688030003931915
1612467126597,2021-02-04T19:32:06.597Z,119.638,0.9234648691929054,0.2149545595095789,0.17008059282267018,-0.2684767488213121
1612467126612,2021-02-04T19:32:06.612Z,119.653,0.9235944038012334,0.21472886338848024,0.1701985137879109,-0.2681368277565058
1612467126626,2021-02-04T19:32:06.626Z,119.667,0.9236920479658077,0.21455655755631312,0.17020767899549022,-0.2679325104299304
1612467126656,2021-02-04T19:32:06.656Z,119.697,0.9237575403386867,0.21452186088759545,0.17001306125196056,-0.2678580535889854
1612467126678,2021-02-04T19:32:06.678Z,119.719,0.9238199959680388,0.2145245139488212,0.16984891366821062,-0.2677446441861422
1612467126686,2021-02-04T19:32:06.686Z,119.727,0.9238663728065873,0.21451725176931363,0.169850270377797,-0.2675895355635759
1612467126716,2021-02-04T19:32:06.716Z,119.757,0.9238878899925848,0.2143969910789934,0.16999402404320849,-0.26752033330369607
1612467126731,2021-02-04T19:32:06.731Z,119.772,0.9238399422749014,0.2144278233185627,0.1700856418451153,-0.2676029597790453
1612467126746,2021-02-04T19:32:06.746Z,119.787,0.9238288208157324,0.21448698077067355,0.16986811894026413,-0.26773208077813554
1612467126776,2021-02-04T19:32:06.777Z,119.817,0.9238852214830723,0.21440674630955628,0.16955734555677718,-0.2677987140183158
1612467126792,2021-02-04T19:32:06.792Z,119.833,0.9239510649897288,0.21429045875373018,0.1692606268066949,-0.2678523268602803
1612467126807,2021-02-04T19:32:06.807Z,119.848,0.9239873465900197,0.21422332742976338,0.16908947524384502,-0.267888967089382
1612467126836,2021-02-04T19:32:06.837Z,119.877,0.9239035831408272,0.2144053851124508,0.16900586933064324,-0.2680849045099629
1612467126851,2021-02-04T19:32:06.851Z,119.892,0.9237921077282647,0.21475283212587473,0.16896822721221183,-0.2682146546810009
1612467126866,2021-02-04T19:32:06.866Z,119.907,0.923774377251219,0.21489975595984231,0.16878054093282213,-0.26827620808589564
1612467126896,2021-02-04T19:32:06.897Z,119.937,0.9237444571961279,0.215044601225165,0.16857738629156915,-0.26839087561697017
1612467126911,2021-02-04T19:32:06.911Z,119.952,0.9236671760716645,0.21534762521981152,0.16825512943003695,-0.2686160076772531
1612467126926,2021-02-04T19:32:06.926Z,119.967,0.9236015390562735,0.21556806243700297,0.16800667005549916,-0.2688203235004779
1612467126956,2021-02-04T19:32:06.956Z,119.997,0.9235536952739464,0.2157122484152917,0.16781136433872493,-0.2689909735069821
1612467126971,2021-02-04T19:32:06.972Z,120.012,0.9234901055394475,0.2158852029833478,0.16766357403374782,-0.2691626460818978
1612467126986,2021-02-04T19:32:06.986Z,120.027,0.9233952204370454,0.21619306431665727,0.1674304488116987,-0.26938609954136006
1612467127016,2021-02-04T19:32:07.017Z,120.057,0.9232819861584796,0.21650602979159367,0.16716679152183067,-0.26968644183835366
1612467127032,2021-02-04T19:32:07.032Z,120.073,0.923160359373982,0.21683691784505585,0.16682358627576097,-0.27004924180980483
1612467127046,2021-02-04T19:32:07.046Z,120.087,0.9230347531819132,0.21724633485671163,0.16643201342563696,-0.2703909379339826
1612467127076,2021-02-04T19:32:07.076Z,120.117,0.9229430486167332,0.21777575138307673,0.16595242934400836,-0.2705728040923718
1612467127091,2021-02-04T19:32:07.092Z,120.132,0.9228622448282843,0.21823848258442358,0.16563205163301292,-0.27067187748561344
1612467127106,2021-02-04T19:32:07.106Z,120.147,0.9227735223994209,0.2185837043150638,0.16543952675062767,-0.27081350327300585
1612467127121,2021-02-04T19:32:07.121Z,120.162,0.9226608778471316,0.21872717542839315,0.16540875683797085,-0.2711001113625639
1612467127151,2021-02-04T19:32:07.151Z,120.192,0.9225666520469072,0.21877901845363673,0.1654126488954889,-0.2713764344979162
1612467127166,2021-02-04T19:32:07.166Z,120.207,0.9225488753499119,0.218960458993302,0.1651527932882036,-0.2714487886455914
1612467127181,2021-02-04T19:32:07.182Z,120.222,0.9226294159138613,0.21909319584560197,0.16474907415475687,-0.27131324145673097
1612467127211,2021-02-04T19:32:07.212Z,120.252,0.9226857911885792,0.21904330497298863,0.16458438883908025,-0.27126175594005536
1612467127226,2021-02-04T19:32:07.227Z,120.267,0.9226181517635456,0.21901761550979262,0.16463774315882,-0.27148009809264867
1612467127241,2021-02-04T19:32:07.242Z,120.282,0.9224984816968654,0.21895948340363497,0.16476027806333368,-0.27185905662141197
1612467127271,2021-02-04T19:32:07.271Z,120.312,0.9223712860561344,0.21901397376588527,0.16494139383515885,-0.2721367791279674
1612467127286,2021-02-04T19:32:07.286Z,120.327,0.9223602960587726,0.2190352307218197,0.16497363896802522,-0.2721373741378796
1612467127301,2021-02-04T19:32:07.302Z,120.342,0.9223956183268675,0.2190433058984996,0.16492790370837349,-0.2720388575384292
1612467127331,2021-02-04T19:32:07.331Z,120.372,0.9224167746101737,0.21899164552786746,0.16482802975891178,-0.27206924433415186
1612467127346,2021-02-04T19:32:07.346Z,120.387,0.9223603867219652,0.21914924851559592,0.16475278709169883,-0.27217906426959754
1612467127361,2021-02-04T19:32:07.361Z,120.402,0.92226053952719,0.2193128007023006,0.1647509502217173,-0.27238670503563583
1612467127392,2021-02-04T19:32:07.392Z,120.433,0.9221981821287398,0.21933687794743867,0.1648479802600073,-0.2725197061772131
1612467127406,2021-02-04T19:32:07.407Z,120.447,0.9221735154342224,0.21934956476226922,0.16502852926320571,-0.2724836883182444
1612467127428,2021-02-04T19:32:07.428Z,120.469,0.9221699975191827,0.2193501648480422,0.16504344738893656,-0.27248607548016607
1612467127451,2021-02-04T19:32:07.452Z,120.492,0.9221482468010446,0.2194299005730801,0.165029224629491,-0.2725041002892195
1612467127466,2021-02-04T19:32:07.466Z,120.507,0.9220769779697218,0.21957155768738051,0.1650005608389441,-0.2726484782202103
1612467127481,2021-02-04T19:32:07.481Z,120.522,0.9220286413091733,0.2197034382083799,0.16497560804457484,-0.2727207960447809
1612467127511,2021-02-04T19:32:07.511Z,120.552,0.9220116494617808,0.21974666137565235,0.16501756230578465,-0.27271803607696626
1612467127526,2021-02-04T19:32:07.527Z,120.567,0.9220065647220308,0.21978003772110746,0.16499114448876764,-0.2727243147742329
1612467127541,2021-02-04T19:32:07.541Z,120.582,0.9220361929968358,0.2196614490672432,0.16499000343703873,-0.2727203794428035
1612467127571,2021-02-04T19:32:07.571Z,120.612,0.9220451147153188,0.21961711788229218,0.1649880578810226,-0.27272709568236575
1612467127587,2021-02-04T19:32:07.587Z,120.628,0.9220163205865897,0.2196083010697058,0.16497424021849288,-0.2728398774695068
1612467127602,2021-02-04T19:32:07.602Z,120.643,0.9219782782980379,0.21959311572432227,0.16500111481134916,-0.2729643749357822
1612467127631,2021-02-04T19:32:07.632Z,120.672,0.921987027292571,0.21957571439703785,0.16496006023590798,-0.27297363550021414
1612467127647,2021-02-04T19:32:07.647Z,120.688,0.9220460094167721,0.21948636486645656,0.16485653433330694,-0.2729088038959645
1612467127661,2021-02-04T19:32:07.661Z,120.702,0.9221409362132396,0.2193450106188455,0.16475994580996778,-0.27276000501005443
1612467127676,2021-02-04T19:32:07.676Z,120.717,0.922171130931139,0.219280577366645,0.16460624388582318,-0.2728025259060774
1612467127706,2021-02-04T19:32:07.706Z,120.747,0.9222125642669876,0.21919749583585885,0.16439652563709434,-0.2728556880217973
1612467127721,2021-02-04T19:32:07.722Z,120.762,0.9222531882566859,0.21924627335775235,0.1641041729740521,-0.27285517913651225
1612467127736,2021-02-04T19:32:07.736Z,120.777,0.9224215216416296,0.21920343674054166,0.16371737700778563,-0.272552765898947
1612467127766,2021-02-04T19:32:07.766Z,120.807,0.9227815760001038,0.21893961427577774,0.1632452469321683,-0.27182825027872604
1612467127781,2021-02-04T19:32:07.782Z,120.822,0.9232450546548061,0.2185002272429116,0.1629369646562946,-0.27079099929435163
1612467127796,2021-02-04T19:32:07.797Z,120.837,0.9237218348070712,0.21802719977215473,0.16274065481219566,-0.26966199459966245
1612467127826,2021-02-04T19:32:07.827Z,120.867,0.9241702813436876,0.2177255876057519,0.16218192296940193,-0.268704081555912
1612467127842,2021-02-04T19:32:07.842Z,120.883,0.9245888086128145,0.21744711604138553,0.16153343201271367,-0.26787914636159144
1612467127856,2021-02-04T19:32:07.857Z,120.897,0.924961273040469,0.217117432990279,0.16120495259857284,-0.2670573476329734
1612467127886,2021-02-04T19:32:07.886Z,120.927,0.9250783361607517,0.21711616940565887,0.1611624379584362,-0.2666782884675123
1612467127908,2021-02-04T19:32:07.908Z,120.949,0.9248636661017897,0.2174594610388692,0.16126922975405628,-0.26707829837704
1612467127916,2021-02-04T19:32:07.916Z,120.957,0.9244424418708412,0.21805501898168403,0.16165401537610477,-0.26781739987826797
1612467127946,2021-02-04T19:32:07.946Z,120.987,0.924153020268274,0.2183464532407698,0.162039438256598,-0.2683453780777485
1612467127961,2021-02-04T19:32:07.961Z,121.002,0.9241876620324837,0.21801831488024678,0.16227983599108384,-0.26834760023971904
1612467127976,2021-02-04T19:32:07.976Z,121.017,0.9243471162522601,0.2175063594446727,0.16247391108558473,-0.26809628959351417
1612467128006,2021-02-04T19:32:08.006Z,121.047,0.9244382409821112,0.21701348178557456,0.1628989442043497,-0.2679235363127143
1612467128022,2021-02-04T19:32:08.022Z,121.063,0.9244869504110532,0.21661739237926536,0.16332084230431165,-0.2678191298385693
1612467128037,2021-02-04T19:32:08.037Z,121.078,0.924566610810995,0.21624401152767336,0.16365808802773224,-0.26763994446830325
1612467128066,2021-02-04T19:32:08.066Z,121.107,0.9247360296135438,0.21591732972313757,0.16378729820763493,-0.2672390375780682
1612467128081,2021-02-04T19:32:08.081Z,121.122,0.9249191413681481,0.2156280423832211,0.16397405202972756,-0.2667239013094621
1612467128096,2021-02-04T19:32:08.096Z,121.137,0.9250588601482109,0.21537340847860376,0.1643416393674815,-0.2662183798155381
1612467128126,2021-02-04T19:32:08.129Z,121.167,0.9251618653604716,0.21514256865844317,0.16473170723014524,-0.2658056859189075
1612467128141,2021-02-04T19:32:08.141Z,121.182,0.9253191254170764,0.2147907580370709,0.16497953430939255,-0.2653887707840958
1612467128156,2021-02-04T19:32:08.156Z,121.197,0.9255164709113226,0.21428964176274135,0.16522093794839884,-0.2649551908691323
1612467128186,2021-02-04T19:32:08.186Z,121.227,0.9257368189970334,0.21366372734385053,0.16550550093319336,-0.26451291600154275
1612467128201,2021-02-04T19:32:08.201Z,121.242,0.92588065508802,0.21314544444048167,0.16591844860845223,-0.2641686969711075
1612467128216,2021-02-04T19:32:08.217Z,121.257,0.9259466902028763,0.21276391494146157,0.16628697020557534,-0.26401304312660573
1612467128247,2021-02-04T19:32:08.247Z,121.288,0.9259444477527184,0.21244144665752845,0.1667008024409841,-0.2640196088996073
1612467128262,2021-02-04T19:32:08.262Z,121.303,0.9259532377184834,0.2118625399486367,0.16719105745082344,-0.2641439305258517
1612467128276,2021-02-04T19:32:08.276Z,121.317,0.9259957505525607,0.21125521918430457,0.16793159934869994,-0.2640115154044967
1612467128291,2021-02-04T19:32:08.291Z,121.332,0.9259699095632581,0.2112845020238364,0.16918924864369878,-0.2632747309016417
1612467128328,2021-02-04T19:32:08.328Z,121.369,0.9260290549234758,0.21200714689032332,0.1705586739014232,-0.2615968231113428
1612467128336,2021-02-04T19:32:08.337Z,121.377,0.9262684193828505,0.21347443896789578,0.17131030991413032,-0.25905261411238956
1612467128351,2021-02-04T19:32:08.351Z,121.392,0.9264631704848759,0.21580772231927833,0.17116544453625124,-0.25650616234154
1612467128381,2021-02-04T19:32:08.381Z,121.422,0.9263603461567997,0.21837212176505924,0.17073646483518154,-0.25498859794050605
1612467128396,2021-02-04T19:32:08.396Z,121.437,0.9262998413312837,0.21998052092098577,0.16972490107535787,-0.2545007511185975
1612467128411,2021-02-04T19:32:08.412Z,121.452,0.9261140640235503,0.22066379876890357,0.16830331732011322,-0.2555273404348461
1612467128442,2021-02-04T19:32:08.442Z,121.483,0.9257247070140125,0.22027202723161196,0.1674921637968083,-0.2577990999009888
1612467128456,2021-02-04T19:32:08.457Z,121.497,0.9255361625404153,0.21862744222619587,0.16671609963267037,-0.260366271738225
1612467128472,2021-02-04T19:32:08.472Z,121.513,0.9256965146014712,0.21597077764433956,0.16632733163909535,-0.2622552283715351
1612467128501,2021-02-04T19:32:08.501Z,121.542,0.9260952658762318,0.21283997576011698,0.16640925943140722,-0.26335273231078293
1612467128516,2021-02-04T19:32:08.516Z,121.557,0.9267078303245917,0.20924343017687555,0.16682240374563384,-0.26381825136148457
1612467128531,2021-02-04T19:32:08.531Z,121.572,0.9276253175576126,0.2050601992603826,0.16676866405618224,-0.2639124809370463
1612467128561,2021-02-04T19:32:08.561Z,121.602,0.9286945433801076,0.20053167717777712,0.16670699593155588,-0.2636707588106
1612467128576,2021-02-04T19:32:08.576Z,121.617,0.9297682288344414,0.1961104487054774,0.16704278847083476,-0.26299893417747955
1612467128598,2021-02-04T19:32:08.598Z,121.639,0.9308096328653409,0.1923224682899495,0.1673216998182255,-0.26193309131511133
1612467128621,2021-02-04T19:32:08.622Z,121.662,0.9317055680162243,0.1894898185230748,0.16749697069444267,-0.26069734945304307
1612467128636,2021-02-04T19:32:08.637Z,121.677,0.9321550340865953,0.18838227209535321,0.16782994262238804,-0.25967715022037746
1612467128652,2021-02-04T19:32:08.652Z,121.693,0.9321465425807618,0.18964078182715347,0.16768504811721127,-0.25888399266978035
1612467128682,2021-02-04T19:32:08.682Z,121.723,0.9317085684482481,0.19318002840128468,0.1668365124289014,-0.25839155990000096
1612467128696,2021-02-04T19:32:08.697Z,121.737,0.9309918740852874,0.19790229881135168,0.16562268487620094,-0.25818198381518687
1612467128711,2021-02-04T19:32:08.711Z,121.752,0.9300614460597821,0.20344593131802505,0.16400683682735087,-0.2582580435479509
1612467128741,2021-02-04T19:32:08.741Z,121.782,0.9290807367867702,0.20898226800081124,0.16200728745954013,-0.25862914569512746
1612467128756,2021-02-04T19:32:08.756Z,121.797,0.9281480884706127,0.21384178882214494,0.160166513353065,-0.2591515063085978
1612467128771,2021-02-04T19:32:08.771Z,121.812,0.927352478146857,0.21741936747646917,0.15913314422625463,-0.25965908867143656
1612467128801,2021-02-04T19:32:08.801Z,121.842,0.926727320148126,0.21960247933623797,0.15877495989008827,-0.2602724289515713
1612467128816,2021-02-04T19:32:08.816Z,121.857,0.926132188310178,0.2209476718102429,0.15907150476676304,-0.2610700144954837
1612467128831,2021-02-04T19:32:08.832Z,121.872,0.9256561657177282,0.22186088055817513,0.1592038010491921,-0.2619018180123875
1612467128861,2021-02-04T19:32:08.862Z,121.902,0.9254275742349759,0.22225246567906665,0.15910083214424564,-0.26243965317030843
1612467128876,2021-02-04T19:32:08.877Z,121.917,0.9247235116898357,0.2252998982350513,0.1591655299748909,-0.2622836572322154
1612467128891,2021-02-04T19:32:08.891Z,121.932,0.9244020345043453,0.22658904671710978,0.15941671369121937,-0.26215376004923246
1612467128906,2021-02-04T19:32:08.906Z,121.947,0.9247127154600207,0.22511386899626626,0.15952321560529886,-0.2622641483981982
1612467128943,2021-02-04T19:32:08.943Z,121.984,0.9251006150570363,0.22353753836271087,0.15954752708206377,-0.2622296847533304
1612467128951,2021-02-04T19:32:08.951Z,121.992,0.9255628907854216,0.2219170863665006,0.15937925261849423,-0.26207707991029444
1612467128966,2021-02-04T19:32:08.966Z,122.007,0.9261062042891437,0.22023366403270045,0.15918074909290858,-0.2616981481059939
1612467128996,2021-02-04T19:32:08.996Z,122.037,0.9265784080334654,0.21878315083306735,0.15906389988362243,-0.2613141068360781
1612467129016,2021-02-04T19:32:09.016Z,122.057,0.9268779199848654,0.21784215692804607,0.15910333133325996,-0.26101388098743905
1612467129026,2021-02-04T19:32:09.027Z,122.067,0.926999321901217,0.21744431809200007,0.15930345420229464,-0.26079232197939856
1612467129056,2021-02-04T19:32:09.056Z,122.097,0.9270193914272931,0.21739019479077404,0.15955532845847403,-0.26061206473820253
1612467129071,2021-02-04T19:32:09.071Z,122.112,0.9271147701620407,0.2165274305789545,0.1597780749919583,-0.26085444505725125
1612467129086,2021-02-04T19:32:09.086Z,122.127,0.926975546864362,0.2164820045531004,0.1598089460594722,-0.2613675151573909
1612467129116,2021-02-04T19:32:09.117Z,122.157,0.9266339466368873,0.21754375023559364,0.15960657187072574,-0.26182052610377055
1612467129131,2021-02-04T19:32:09.132Z,122.172,0.9262456454887134,0.21863978538658776,0.15964020119303007,-0.26226066159901357
1612467129146,2021-02-04T19:32:09.146Z,122.187,0.9258264129662779,0.21972391590299148,0.15990643289303733,-0.2626723939695118
1612467129176,2021-02-04T19:32:09.177Z,122.217,0.9253783441902799,0.22088203717813698,0.16018749570619883,-0.2631083654600676
1612467129191,2021-02-04T19:32:09.191Z,122.232,0.9249631035345626,0.22207734446647825,0.16035827216049894,-0.26345803218753183
1612467129206,2021-02-04T19:32:09.206Z,122.247,0.924693501335634,0.22316517391322357,0.16025599876990343,-0.2635474314012325
1612467129236,2021-02-04T19:32:09.236Z,122.277,0.924489700203454,0.22414814728236884,0.16022138294363147,-0.26344925647122175
1612467129251,2021-02-04T19:32:09.252Z,122.292,0.9243976771014585,0.22479026396756005,0.16019577953614506,-0.2632405440156002
1612467129266,2021-02-04T19:32:09.267Z,122.307,0.9243523679593477,0.22519640188715118,0.1603301696914057,-0.26297056320385453
1612467129303,2021-02-04T19:32:09.303Z,122.344,0.9243435195311582,0.22566360643694378,0.16036494960665712,-0.26257965947170697
1612467129311,2021-02-04T19:32:09.311Z,122.352,0.9243261389496885,0.22622401302016673,0.16020730187601623,-0.2622546571808012
1612467129326,2021-02-04T19:32:09.326Z,122.367,0.9242812640759872,0.22656934096915435,0.16020458962562842,-0.2621163254621551
1612467129356,2021-02-04T19:32:09.356Z,122.397,0.9242859940023402,0.2264466682181124,0.16024131529838942,-0.26218319666878737
1612467129371,2021-02-04T19:32:09.371Z,122.412,0.9242787702087816,0.22608456342938327,0.16036108034682992,-0.2624478024870567
1612467129386,2021-02-04T19:32:09.386Z,122.427,0.9242506795423071,0.22583124903503798,0.1605336261299284,-0.26265925303791304
1612467129416,2021-02-04T19:32:09.416Z,122.457,0.9242961158341058,0.22568590848704886,0.1604380497467715,-0.2626826853026545
1612467129431,2021-02-04T19:32:09.431Z,122.472,0.9244157287821124,0.22530424341391908,0.16034943881898953,-0.26264351457889196
1612467129446,2021-02-04T19:32:09.447Z,122.487,0.9245530536769592,0.22491211295968325,0.16011009679729313,-0.26264224581011775
1612467129476,2021-02-04T19:32:09.477Z,122.517,0.9245982985143547,0.22467760818827173,0.16013731071096357,-0.26266709059457394
1612467129491,2021-02-04T19:32:09.492Z,122.532,0.9246455652183074,0.22444622972637193,0.15984932781945616,-0.2628738501247344
1612467129506,2021-02-04T19:32:09.507Z,122.547,0.9246596508317083,0.22414014914880387,0.15969372204941537,-0.2631798601742535
1612467129521,2021-02-04T19:32:09.521Z,122.562,0.9246348317846544,0.22391441942738546,0.15985375386916156,-0.2633619904181281
1612467129551,2021-02-04T19:32:09.551Z,122.592,0.9247580115441769,0.22329546516206997,0.1601899679946133,-0.2632506970110421
1612467129566,2021-02-04T19:32:09.566Z,122.607,0.9250369889064254,0.22220869661881942,0.1604527309289725,-0.26303000862892806
1612467129581,2021-02-04T19:32:09.581Z,122.622,0.9252876544531544,0.22113796186023593,0.16064596126053177,-0.2629327546570813
1612467129611,2021-02-04T19:32:09.611Z,122.652,0.9252816213374365,0.2209335735599191,0.1608725864857539,-0.2629872396269297
1612467129626,2021-02-04T19:32:09.626Z,122.667,0.9251878896957276,0.22121673807314207,0.1608561996951341,-0.26308897083740374
1612467129641,2021-02-04T19:32:09.641Z,122.682,0.9251625497317228,0.22130146812588758,0.16088735332272622,-0.26308777303408193
1612467129671,2021-02-04T19:32:09.672Z,122.712,0.9251343698797984,0.22118807864315201,0.16138967350457412,-0.26297453264403015
1612467129686,2021-02-04T19:32:09.687Z,122.727,0.9249835404375824,0.22124590067990352,0.16203527883613103,-0.26305944150399
1612467129701,2021-02-04T19:32:09.702Z,122.742,0.9247084488061641,0.22150047024253827,0.1628939629287932,-0.2632819462670866
1612467129731,2021-02-04T19:32:09.731Z,122.772,0.9244763530525991,0.221743951934115,0.16364783545521372,-0.26342452121628807
1612467129746,2021-02-04T19:32:09.746Z,122.787,0.9241750788552588,0.2222879433136221,0.1643602300028125,-0.2635796059517861
1612467129761,2021-02-04T19:32:09.761Z,122.802,0.9239693602492801,0.22281107254701202,0.1649674835825473,-0.2634797461503034
1612467129791,2021-02-04T19:32:09.791Z,122.832,0.923754021695809,0.22336346365813453,0.16554659443334904,-0.26340386400920623
1612467129806,2021-02-04T19:32:09.806Z,122.847,0.92351725801983,0.22396378803872463,0.1661425847566718,-0.2633490788236254
1612467129821,2021-02-04T19:32:09.821Z,122.862,0.9233204349446029,0.22479028364270812,0.16632294837626052,-0.2632211610736645
1612467129851,2021-02-04T19:32:09.852Z,122.892,0.9230767091093856,0.22584334085576677,0.16631427462673057,-0.26318004587406896
1612467129866,2021-02-04T19:32:09.867Z,122.907,0.9225740135741848,0.22758028528035806,0.1664020807266059,-0.26339087068307165
1612467129881,2021-02-04T19:32:09.882Z,122.922,0.9219606937817026,0.23023095540116037,0.16605072164445878,-0.26345653178083256
1612467129911,2021-02-04T19:32:09.912Z,122.952,0.9213619382096941,0.23317863715261053,0.16526167732180658,-0.2634548917801869
1612467129926,2021-02-04T19:32:09.926Z,122.967,0.9206612619794056,0.23593947806090435,0.16529993542528515,-0.26342235047777024
1612467129948,2021-02-04T19:32:09.948Z,122.989,0.9200005469344535,0.23856452184677984,0.16498308025915573,-0.2635650693557941
1612467129971,2021-02-04T19:32:09.971Z,123.012,0.9194639157083996,0.24066027349493763,0.16457267976327375,-0.26378888063573397
1612467129986,2021-02-04T19:32:09.986Z,123.027,0.9189089070631096,0.2429655826494193,0.16429955023769235,-0.26377983994157295
1612467130001,2021-02-04T19:32:10.001Z,123.042,0.9184809874445313,0.24514026997764582,0.16387042037200789,-0.26352496858041197
1612467130031,2021-02-04T19:32:10.031Z,123.072,0.9181498827814698,0.24688515275986775,0.16345169386231465,-0.26330981346818505
1612467130046,2021-02-04T19:32:10.046Z,123.087,0.9179485991870276,0.2481197626542251,0.1632342049695625,-0.26298583033870754
1612467130061,2021-02-04T19:32:10.062Z,123.102,0.9178096421767222,0.2489486875046394,0.1631627566077144,-0.2627316626775813
1612467130091,2021-02-04T19:32:10.092Z,123.132,0.9176826753558495,0.2497435154864947,0.16297449514528137,-0.262537612079333
1612467130107,2021-02-04T19:32:10.107Z,123.148,0.917655947169407,0.2503474615841562,0.1624737528811537,-0.2623661386835231
1612467130136,2021-02-04T19:32:10.136Z,123.177,0.9175759179428415,0.250932541171724,0.16199381172095512,-0.26238387823296
1612467130137,2021-02-04T19:32:10.137Z,123.178,0.9174562834076437,0.25156463165244,0.16146060880047836,-0.2625255719795393
1612467130166,2021-02-04T19:32:10.166Z,123.207,0.917310694906423,0.2522014984589396,0.16114497298402322,-0.2626171945386273
1612467130181,2021-02-04T19:32:10.181Z,123.222,0.9172293733651881,0.2526175586430277,0.16106003917594763,-0.26255344119242285
1612467130196,2021-02-04T19:32:10.196Z,123.237,0.9172740344908892,0.2527935258275878,0.16115259300208898,-0.26217097611514334
1612467130226,2021-02-04T19:32:10.226Z,123.267,0.9173188213079059,0.25292554591323063,0.16130136823863098,-0.26179518120682505
1612467130241,2021-02-04T19:32:10.241Z,123.282,0.9173533588616516,0.25297844651956347,0.16133091640253003,-0.2616047705882178
1612467130263,2021-02-04T19:32:10.263Z,123.304,0.9174268658712373,0.2529246171209375,0.16130777912953262,-0.2614132441637257
1612467130286,2021-02-04T19:32:10.287Z,123.327,0.9175885208518375,0.25255913126084134,0.16140615713200485,-0.2611383619033879
1612467130301,2021-02-04T19:32:10.301Z,123.342,0.9177953494432114,0.252048017039213,0.16151721481699097,-0.2608365061964604
1612467130317,2021-02-04T19:32:10.317Z,123.358,0.9179158349548634,0.2516869522876816,0.161578340533422,-0.26072329749702017
1612467130346,2021-02-04T19:32:10.346Z,123.387,0.9179533757677848,0.25153063839171264,0.16146552996898048,-0.260811848846294
1612467130361,2021-02-04T19:32:10.361Z,123.402,0.9179850122957185,0.25130449357131573,0.16159773723218993,-0.26083661559054544
1612467130376,2021-02-04T19:32:10.376Z,123.417,0.9180790150474311,0.25087829614006324,0.16187578888885085,-0.2607436128211192
1612467130406,2021-02-04T19:32:10.406Z,123.447,0.9182302386617549,0.2502475001080618,0.16234210328275717,-0.26052727112256874
1612467130421,2021-02-04T19:32:10.421Z,123.462,0.9184381804191073,0.2496282607308179,0.1626731106175964,-0.26018166590853636
1612467130451,2021-02-04T19:32:10.451Z,123.492,0.9185868491301519,0.2491363018284379,0.16292763896736015,-0.2599690138784051
1612467130467,2021-02-04T19:32:10.467Z,123.508,0.9187362787472327,0.24862314487464088,0.16336224279587439,-0.2596593144391935
1612467130482,2021-02-04T19:32:10.482Z,123.523,0.9189554738033942,0.24802082104724088,0.1638680162525992,-0.2591404691345411
1612467130496,2021-02-04T19:32:10.497Z,123.537,0.9191200178937846,0.24763623295531137,0.16417235539405578,-0.25873176565508876
1612467130526,2021-02-04T19:32:10.526Z,123.567,0.9193032888109344,0.24713153117170739,0.16477238092066313,-0.2581811998730021
1612467130541,2021-02-04T19:32:10.541Z,123.582,0.9194815283400183,0.24676406987517044,0.16502056349175195,-0.25773906666435104
1612467130556,2021-02-04T19:32:10.556Z,123.597,0.9195981859294822,0.24624259686279518,0.1655074787335439,-0.2575092899464756
1612467130586,2021-02-04T19:32:10.586Z,123.627,0.9196797727781691,0.24583676086692965,0.16559314923720897,-0.2575505998340028
1612467130601,2021-02-04T19:32:10.601Z,123.642,0.9196767433717858,0.24558974931098584,0.16572775966908188,-0.2577104429577904
1612467130616,2021-02-04T19:32:10.616Z,123.657,0.9197278814050485,0.2454006238460646,0.16538328642228275,-0.2579293053421973
1612467130653,2021-02-04T19:32:10.653Z,123.694,0.9198604353181009,0.24485805555598553,0.16538172117856306,-0.25797325145400585
1612467130661,2021-02-04T19:32:10.662Z,123.702,0.9200469851331398,0.2441214332226686,0.16543605520819876,-0.25797128256044327
1612467130676,2021-02-04T19:32:10.677Z,123.717,0.9203417619431288,0.24320855411086623,0.1653088866872233,-0.2578635538670594
1612467130691,2021-02-04T19:32:10.691Z,123.732,0.9206269082711619,0.24227424905458406,0.16520088989305312,-0.2577943948007067
1612467130722,2021-02-04T19:32:10.722Z,123.763,0.9208829228347308,0.24126962156099793,0.16535026542552045,-0.2577264089434491
1612467130736,2021-02-04T19:32:10.737Z,123.777,0.9211268963667933,0.24009985927866848,0.1656641661528235,-0.2577453829206873
1612467130751,2021-02-04T19:32:10.751Z,123.792,0.9212993399731286,0.23889260186334546,0.16589404480149872,-0.25810272536228107
1612467130781,2021-02-04T19:32:10.781Z,123.822,0.9214964312383248,0.2374522955131923,0.16641956465137508,-0.25838975032263484
1612467130796,2021-02-04T19:32:10.796Z,123.837,0.9217787297809021,0.23587652748243304,0.1667642833074629,-0.2586037720515378
1612467130811,2021-02-04T19:32:10.811Z,123.852,0.9220040458474873,0.23456201412713193,0.16693666421932082,-0.258884822090469
1612467130841,2021-02-04T19:32:10.841Z,123.882,0.9221929865228751,0.23342111325179624,0.16720843395988708,-0.25906759563672654
1612467130856,2021-02-04T19:32:10.856Z,123.897,0.9224574624733403,0.23231505523009888,0.16731489171344852,-0.2590514853298454
1612467130872,2021-02-04T19:32:10.872Z,123.913,0.9227230987059293,0.23138814138096878,0.1672724784012142,-0.25896240868570813
1612467130901,2021-02-04T19:32:10.902Z,123.942,0.9227886241199689,0.23102724662806293,0.16751402441049432,-0.2588949944205787
1612467130917,2021-02-04T19:32:10.917Z,123.958,0.9227509907787947,0.23093560399655022,0.16770774930314697,-0.2589854564394953
1612467130938,2021-02-04T19:32:10.938Z,123.979,0.9228184562221684,0.2305870808942829,0.16784849797195533,-0.2589644313587209
1612467130961,2021-02-04T19:32:10.961Z,124.002,0.9229823211091657,0.2298551544800973,0.16816090043808898,-0.25882842665116707
1612467130976,2021-02-04T19:32:10.976Z,124.017,0.9231834244209098,0.2289694156606693,0.16846152606577813,-0.25870076498163463
1612467130991,2021-02-04T19:32:10.991Z,124.032,0.9233322858713968,0.22817314105466865,0.1687963834338903,-0.2586547670320162
1612467131021,2021-02-04T19:32:11.021Z,124.062,0.9233778420918758,0.22747839823790336,0.1690160488759347,-0.25896044927987855
1612467131036,2021-02-04T19:32:11.036Z,124.077,0.923410208487997,0.2267909231979034,0.16897629166394518,-0.2594734608215218
1612467131051,2021-02-04T19:32:11.051Z,124.092,0.9234551901162118,0.22612108351699967,0.16889159639887422,-0.2599526805062196
1612467131081,2021-02-04T19:32:11.082Z,124.122,0.9235388197205152,0.22547566878585806,0.1688890485871556,-0.2602177175407795
1612467131096,2021-02-04T19:32:11.097Z,124.137,0.9237050758483379,0.22459496987591557,0.16912896651908793,-0.2602334049322606
1612467131111,2021-02-04T19:32:11.112Z,124.152,0.9239237730686027,0.2235293140290381,0.1696288742692987,-0.26004913447753486
1612467131141,2021-02-04T19:32:11.142Z,124.182,0.9241184563201954,0.22277622232119473,0.17006477582080157,-0.2597187045279896
1612467131156,2021-02-04T19:32:11.157Z,124.197,0.9242891820175562,0.22233704524316464,0.17041233161381059,-0.2592592979080992
1612467131171,2021-02-04T19:32:11.171Z,124.212,0.9244473306084955,0.22197597839923353,0.17069547585084277,-0.2588181841922709
1612467131208,2021-02-04T19:32:11.208Z,124.249,0.9246612662551338,0.22140990731524451,0.1709287684509667,-0.2583845036877083
1612467131216,2021-02-04T19:32:11.216Z,124.257,0.9247687886875819,0.2210198854562033,0.17118126709023784,-0.2581663639973458
1612467131231,2021-02-04T19:32:11.231Z,124.272,0.9247597804178068,0.22092214684241912,0.17135939668524916,-0.25816411587169447
1612467131261,2021-02-04T19:32:11.261Z,124.302,0.9246608790533285,0.2211068829160449,0.1714094527583316,-0.2583269335175207
1612467131276,2021-02-04T19:32:11.276Z,124.317,0.9245175912202018,0.22141121479509862,0.17137720248232324,-0.2586003711456875
1612467131291,2021-02-04T19:32:11.292Z,124.332,0.9243748840741565,0.2217357590987945,0.17116926152911757,-0.25896990314966695
1612467131306,2021-02-04T19:32:11.306Z,124.347,0.924250116461217,0.2221039098798483,0.17080031999041798,-0.25934306647504896
1612467131337,2021-02-04T19:32:11.337Z,124.378,0.9241282451811601,0.22249314937325837,0.1703777028643879,-0.2597214340538972
1612467131351,2021-02-04T19:32:11.351Z,124.392,0.9239628164348946,0.22293796251659045,0.17010812487555058,-0.2601049875838077
1612467131366,2021-02-04T19:32:11.366Z,124.407,0.9237380788405657,0.22357552063672834,0.16989385589004047,-0.2604957312563321
1612467131396,2021-02-04T19:32:11.396Z,124.437,0.9235088804024238,0.22422485503086878,0.16968005546596776,-0.26088932707436235
1612467131411,2021-02-04T19:32:11.411Z,124.452,0.9233126754420594,0.224847630956175,0.16945318756603547,-0.26119506780399226
1612467131426,2021-02-04T19:32:11.426Z,124.467,0.923201396090607,0.22536945192917412,0.16923690764124377,-0.26127889598191245
1612467131456,2021-02-04T19:32:11.456Z,124.497,0.9231186683837892,0.2257553602240141,0.16907492419302228,-0.2613429000768703
1612467131471,2021-02-04T19:32:11.471Z,124.512,0.9230505592101591,0.2261327861038903,0.16892267699292945,-0.26135561480145625
1612467131486,2021-02-04T19:32:11.487Z,124.527,0.9229752841840595,0.22660201688681508,0.1687983332990768,-0.2612953757792816
1612467131523,2021-02-04T19:32:11.523Z,124.564,0.9228597194500158,0.22704735360121517,0.16877587603099348,-0.26133147745591967
1612467131531,2021-02-04T19:32:11.532Z,124.572,0.9227797732495696,0.22741421935160686,0.16862667887607855,-0.2613910979536143
1612467131547,2021-02-04T19:32:11.547Z,124.588,0.9227159689538094,0.2277072237739836,0.16850651415945425,-0.26143874151435054
1612467131576,2021-02-04T19:32:11.576Z,124.617,0.9226781750930574,0.22787797491162537,0.16843983266820808,-0.2614663200640342
1612467131591,2021-02-04T19:32:11.591Z,124.632,0.9226461276303382,0.22801455905259507,0.16839892638701276,-0.2614866834477305
1612467131606,2021-02-04T19:32:11.606Z,124.647,0.9226260967056017,0.22815621918177081,0.16825319502596878,-0.26152760406889897
1612467131636,2021-02-04T19:32:11.636Z,124.677,0.9225552460153619,0.22827587686700346,0.16819086731296368,-0.26171315259774175
1612467131651,2021-02-04T19:32:11.651Z,124.692,0.9224746236434831,0.228372849289235,0.16818635613866614,-0.26191555900734137
1612467131666,2021-02-04T19:32:11.666Z,124.707,0.9224159507167121,0.22846132756308918,0.16805883413683065,-0.2621268088923075
1612467131696,2021-02-04T19:32:11.697Z,124.737,0.9224299077393551,0.2284646681142385,0.16792437665974336,-0.26216095143032403
1612467131711,2021-02-04T19:32:11.712Z,124.752,0.9224256915853547,0.2285677381634921,0.16771758746069979,-0.2622183125383658
1612467131726,2021-02-04T19:32:11.727Z,124.767,0.9224009604986778,0.22875791991786382,0.1674872169898229,-0.26228670246692437
1612467131756,2021-02-04T19:32:11.757Z,124.797,0.9223720835155435,0.22891161301102986,0.16736365721888788,-0.26233303113066503
1612467131771,2021-02-04T19:32:11.771Z,124.812,0.9224294109444413,0.22867728520398933,0.16737481162326973,-0.262328712668857
1612467131786,2021-02-04T19:32:11.786Z,124.827,0.9225582518290316,0.2283438209142343,0.16708664945487303,-0.2623498103799463
1612467131816,2021-02-04T19:32:11.816Z,124.857,0.9225566731531561,0.22846902351014872,0.16677238185980015,-0.262446304538107
1612467131831,2021-02-04T19:32:11.831Z,124.872,0.922358550087653,0.22900976113848187,0.1664943516069156,-0.26284760844734845
1612467131846,2021-02-04T19:32:11.846Z,124.887,0.9221099297683703,0.22948092780038287,0.16635848565397282,-0.2633944484027018
1612467131876,2021-02-04T19:32:11.876Z,124.917,0.921954621138606,0.2297488408050789,0.16628670014559999,-0.26374965415063445
1612467131891,2021-02-04T19:32:11.892Z,124.932,0.9218071712805227,0.2300066430763886,0.1662353997880713,-0.2640724805310698
1612467131906,2021-02-04T19:32:11.907Z,124.947,0.9217197763074823,0.230278474029763,0.16613907518800827,-0.26420122266537993
1612467131921,2021-02-04T19:32:11.922Z,124.962,0.9216646671523846,0.23059547090971483,0.16587768089198046,-0.26428122351144984
1612467131951,2021-02-04T19:32:11.952Z,124.992,0.9215845752830046,0.23095417990559433,0.16573279441817867,-0.2643381891420911
1612467131966,2021-02-04T19:32:11.967Z,125.007,0.9214721311883842,0.23136599881048597,0.16558675916309717,-0.2644615496200272
1612467131981,2021-02-04T19:32:11.981Z,125.022,0.9213519356979948,0.23170348035688637,0.16536446101773594,-0.26472382365094765
1612467132011,2021-02-04T19:32:12.011Z,125.052,0.9211943816909399,0.23207103711248042,0.16525137422967134,-0.26502061842390595
1612467132026,2021-02-04T19:32:12.026Z,125.067,0.9210058227733385,0.23250544948917365,0.1651128791023265,-0.2653812870757535
1612467132041,2021-02-04T19:32:12.041Z,125.082,0.9208099459189097,0.23298933815196676,0.16488734819106782,-0.2657765493997555
1612467132071,2021-02-04T19:32:12.071Z,125.112,0.9206461157686272,0.23338832712557314,0.16457697893071682,-0.26618609334017473
1612467132086,2021-02-04T19:32:12.086Z,125.127,0.9205128345240987,0.23369612192524825,0.164345426857145,-0.26651983930779294
1612467132101,2021-02-04T19:32:12.101Z,125.142,0.9204103470852244,0.23389817027726265,0.16421293001975396,-0.2667780960531293
1612467132131,2021-02-04T19:32:12.132Z,125.172,0.9203223478022317,0.2339912892403375,0.1641990068837513,-0.2670084995535213
1612467132147,2021-02-04T19:32:12.147Z,125.188,0.9202488538625183,0.23398461127380007,0.16418145084274807,-0.26727831908132843
1612467132161,2021-02-04T19:32:12.162Z,125.202,0.9201853002800476,0.2339286178474642,0.16418236115008567,-0.26754544882631914
1612467132191,2021-02-04T19:32:12.191Z,125.232,0.9201179208100673,0.23401311824931015,0.1640947215774988,-0.2677569693617634
1612467132206,2021-02-04T19:32:12.206Z,125.247,0.9201104962965333,0.23411631332148436,0.16392133583796087,-0.2677984729209674
1612467132221,2021-02-04T19:32:12.221Z,125.262,0.9201304928449093,0.2341438588777623,0.1639109371013295,-0.26771203593671133
1612467132251,2021-02-04T19:32:12.251Z,125.292,0.9201985068167523,0.23412003271436668,0.16391173808118284,-0.26749852420760956
1612467132266,2021-02-04T19:32:12.266Z,125.307,0.9202226699149664,0.23411929112337374,0.16403499689102316,-0.26734044791879447
1612467132281,2021-02-04T19:32:12.281Z,125.322,0.9201916307283136,0.2341773393060049,0.16410857863651168,-0.267351287468438
1612467132311,2021-02-04T19:32:12.311Z,125.352,0.920118573135357,0.23438438951098162,0.16419917814582716,-0.26736566574852844
1612467132326,2021-02-04T19:32:12.326Z,125.367,0.9200683425129241,0.2345588737507482,0.1641986878599548,-0.26738580881447344
1612467132341,2021-02-04T19:32:12.342Z,125.382,0.9200333880535847,0.23470872455630923,0.16414032672219916,-0.26741041981815566
1612467132378,2021-02-04T19:32:12.378Z,125.419,0.9200071330246918,0.2348907824779504,0.1640648640475896,-0.26738720215378514
1612467132386,2021-02-04T19:32:12.386Z,125.427,0.9199608671117596,0.23508748840509197,0.16399998693251405,-0.26741331317737427
1612467132401,2021-02-04T19:32:12.401Z,125.442,0.9199398960540159,0.23516648234429585,0.16399053272703856,-0.2674217986736282
1612467132431,2021-02-04T19:32:12.431Z,125.472,0.9199244568809588,0.2351940956027103,0.16403453766296663,-0.267423636725688
1612467132446,2021-02-04T19:32:12.446Z,125.487,0.9199033862242589,0.2352492611996562,0.16405266496985016,-0.2674364751383922
1612467132461,2021-02-04T19:32:12.461Z,125.502,0.9198200468603608,0.23541805292605028,0.16401829058370457,-0.2675956316988573
1612467132491,2021-02-04T19:32:12.491Z,125.532,0.9197652084593851,0.23547734576090382,0.16402155436204693,-0.26772992108787813
1612467132506,2021-02-04T19:32:12.507Z,125.547,0.9197649327810533,0.23548214612455567,0.16401884969581917,-0.26772830300007167
1612467132521,2021-02-04T19:32:12.522Z,125.562,0.9197969631030154,0.23543758592584502,0.16386517220883112,-0.26775155487289054
1612467132536,2021-02-04T19:32:12.537Z,125.577,0.9198535052595188,0.23544536916471184,0.16377297834635807,-0.26760683579503713
1612467132566,2021-02-04T19:32:12.566Z,125.607,0.9198895766974722,0.2355253386771227,0.16371925596776848,-0.26744529674259043
1612467132581,2021-02-04T19:32:12.581Z,125.622,0.9199335291411005,0.23554824681364994,0.16370096406233844,-0.2672850907740216
1612467132596,2021-02-04T19:32:12.596Z,125.637,0.9199268664927075,0.2356024015432823,0.1637155231518638,-0.26725137262707904
1612467132626,2021-02-04T19:32:12.626Z,125.667,0.9199194419175328,0.23560468292356476,0.16374560495174662,-0.2672564884630645
1612467132641,2021-02-04T19:32:12.641Z,125.682,0.919928905623169,0.23555240578068837,0.16377751365945956,-0.2672504420004095
1612467132656,2021-02-04T19:32:12.656Z,125.697,0.9199627171050195,0.23539467173430717,0.16385047529591054,-0.2672283095054706
1612467132686,2021-02-04T19:32:12.686Z,125.727,0.9199345634761306,0.23522301415163838,0.16407121534523247,-0.26734092247640945
1612467132701,2021-02-04T19:32:12.701Z,125.742,0.9199148301358994,0.23506010184811293,0.16418630994740832,-0.26748141887063454
1612467132716,2021-02-04T19:32:12.716Z,125.757,0.9199224680635345,0.23509249656561712,0.16403319665756527,-0.26752061827967777
1612467132746,2021-02-04T19:32:12.747Z,125.787,0.9199493063991396,0.23508332182221395,0.16397993383770493,-0.26746903887245926
1612467132761,2021-02-04T19:32:12.762Z,125.802,0.9199738558308072,0.23517875243284447,0.16387935052155062,-0.2673623336683068
1612467132776,2021-02-04T19:32:12.777Z,125.817,0.9199519386875409,0.2353284612448346,0.16384741582869713,-0.2673255882990468
1612467132806,2021-02-04T19:32:12.806Z,125.847,0.9198995903967918,0.23552691284802504,0.16380401812859985,-0.26735755189823746
1612467132821,2021-02-04T19:32:12.821Z,125.862,0.9198371735926634,0.23568885670906162,0.16378410754710665,-0.26744177500015537
1612467132836,2021-02-04T19:32:12.836Z,125.877,0.9197918269974528,0.23571008782501685,0.16382421708639974,-0.2675544344282841
1612467132866,2021-02-04T19:32:12.866Z,125.907,0.9197822627144763,0.23574460633358146,0.16383736349106923,-0.26754885180982946
1612467132881,2021-02-04T19:32:12.881Z,125.922,0.9197822627144763,0.23574460633358146,0.16383736349106923,-0.26754885180982946
1612467132896,2021-02-04T19:32:12.896Z,125.937,0.9197822627144763,0.23574460633358146,0.16383736349106923,-0.26754885180982946
1612467132927,2021-02-04T19:32:12.927Z,125.968,0.9197822627144763,0.23574460633358146,0.16383736349106923,-0.26754885180982946
1612467132942,2021-02-04T19:32:12.942Z,125.983,0.9197822627144763,0.23574460633358146,0.16383736349106923,-0.26754885180982946
1612467132956,2021-02-04T19:32:12.957Z,125.997,0.9197822627144763,0.23574460633358146,0.16383736349106923,-0.26754885180982946
1612467132986,2021-02-04T19:32:12.987Z,126.027,0.9197822627144763,0.23574460633358146,0.16383736349106923,-0.26754885180982946
1612467133001,2021-02-04T19:32:13.001Z,126.042,0.9197770178826705,0.23571815046082104,0.16380083606372567,-0.2676125501971383
1612467133016,2021-02-04T19:32:13.016Z,126.057,0.9197470634360959,0.23570363891005927,0.1638208827911622,-0.2677159918024301
1612467133046,2021-02-04T19:32:13.046Z,126.087,0.9197326230909739,0.2356966424860951,0.1638305353991363,-0.2677658499768231
1612467133061,2021-02-04T19:32:13.061Z,126.102,0.9197002184432098,0.23565459458373825,0.16380815125345577,-0.2679278071235072
1612467133076,2021-02-04T19:32:13.076Z,126.117,0.9196734896632595,0.23558179540892304,0.1637258639551304,-0.2681337941302013
1612467133106,2021-02-04T19:32:13.106Z,126.147,0.9196133429250806,0.23568537713322046,0.16364518727432464,-0.2682982579177158
1612467133121,2021-02-04T19:32:13.121Z,126.162,0.9196014591422631,0.23573774928860286,0.1636231390394677,-0.2683064260777875
1612467133136,2021-02-04T19:32:13.137Z,126.177,0.9196014591422631,0.23573774928860286,0.1636231390394677,-0.2683064260777875
1612467133151,2021-02-04T19:32:13.152Z,126.192,0.9196014591422631,0.23573774928860286,0.1636231390394677,-0.2683064260777875
1612467133181,2021-02-04T19:32:13.182Z,126.222,0.9196014591422631,0.23573774928860286,0.1636231390394677,-0.2683064260777875
1612467133196,2021-02-04T19:32:13.196Z,126.237,0.9196014591422631,0.23573774928860286,0.1636231390394677,-0.2683064260777875
1612467133211,2021-02-04T19:32:13.211Z,126.252,0.9195736975060024,0.23586005509571245,0.16357165503607507,-0.2683254794724975
1612467133248,2021-02-04T19:32:13.248Z,126.289,0.9195622973822222,0.2359809920525163,0.16337694227896954,-0.2683768383348572
1612467133256,2021-02-04T19:32:13.256Z,126.297,0.919544939142365,0.23608437972847585,0.16327843162546574,-0.26840533584825266
1612467133271,2021-02-04T19:32:13.271Z,126.312,0.9195077314173818,0.23606647615993226,0.16330329236003038,-0.2685333971808103
1612467133301,2021-02-04T19:32:13.301Z,126.342,0.9194645328464922,0.2360456657720527,0.1633321388120719,-0.2686820219863703
1612467133316,2021-02-04T19:32:13.316Z,126.357,0.9194459161225041,0.23603671051591396,0.16334456735086084,-0.2687460342617837
1612467133331,2021-02-04T19:32:13.331Z,126.372,0.9194459161225041,0.23603671051591396,0.16334456735086084,-0.2687460342617837
1612467133361,2021-02-04T19:32:13.362Z,126.402,0.9194459161225041,0.23603671051591396,0.16334456735086084,-0.2687460342617837
1612467133376,2021-02-04T19:32:13.377Z,126.417,0.9194563492501316,0.2361307952137243,0.1631552601068336,-0.26874268450476163
1612467133391,2021-02-04T19:32:13.392Z,126.432,0.9194428582722491,0.2362518655523454,0.1629777480705682,-0.26879014124227085
1612467133421,2021-02-04T19:32:13.421Z,126.462,0.9194388935896071,0.23633396671364873,0.16281030792214882,-0.2688329979120978
1612467133436,2021-02-04T19:32:13.436Z,126.477,0.9194246289972667,0.23642601553583523,0.16271100044477518,-0.26886096984379876
1612467133451,2021-02-04T19:32:13.451Z,126.492,0.9194139131126219,0.2364730496862792,0.16269117195661223,-0.268868249732821
1612467133481,2021-02-04T19:32:13.481Z,126.522,0.9193912573252465,0.23657243818228882,0.1626492670229309,-0.26888364283327565
1612467133496,2021-02-04T19:32:13.496Z,126.537,0.919378390138823,0.23662887194647414,0.1626254684589537,-0.26889237571115915
1612467133511,2021-02-04T19:32:13.511Z,126.552,0.9193904923741993,0.2366370525006134,0.1624955375919652,-0.2689223460005656
1612467133541,2021-02-04T19:32:13.542Z,126.582,0.9194050042858913,0.2366439898983542,0.16248583183666884,-0.26887248760591625
1612467133556,2021-02-04T19:32:13.557Z,126.597,0.9194351214596761,0.23665837405585669,0.16246567415403584,-0.26876900144425797
1612467133572,2021-02-04T19:32:13.572Z,126.613,0.9194597671035629,0.23655030663761573,0.1625112430699085,-0.26875227437806903
1612467133601,2021-02-04T19:32:13.602Z,126.642,0.9194877854959792,0.23642738687458123,0.1625630563456051,-0.2687332427723314
1612467133616,2021-02-04T19:32:13.616Z,126.657,0.9195134687017966,0.23631460544464417,0.16261059900269959,-0.26871580009652446
1612467133631,2021-02-04T19:32:13.631Z,126.672,0.9195134687017966,0.23631460544464417,0.16261059900269959,-0.26871580009652446
1612467133661,2021-02-04T19:32:13.661Z,126.702,0.9195134687017966,0.23631460544464417,0.16261059900269959,-0.26871580009652446
1612467133676,2021-02-04T19:32:13.677Z,126.717,0.9195252366479799,0.23626292298102972,0.1626323803973702,-0.2687077952688046
1612467133691,2021-02-04T19:32:13.691Z,126.732,0.9195615968268664,0.23610313074242364,0.1626997120668092,-0.26868305675689186
1612467133721,2021-02-04T19:32:13.721Z,126.762,0.9196091436556281,0.23586403129037442,0.1628617446653401,-0.268632153274654
1612467133736,2021-02-04T19:32:13.737Z,126.777,0.919675303882612,0.2355725448558213,0.16298453233650284,-0.2685869575344795
1612467133751,2021-02-04T19:32:13.752Z,126.792,0.9197221826919073,0.2353657021454657,0.16307165787734046,-0.2685548869693893
1612467133766,2021-02-04T19:32:13.767Z,126.807,0.9197639577264315,0.23518121265909273,0.16314934476016488,-0.26852625678681524
1612467133797,2021-02-04T19:32:13.797Z,126.838,0.9198233168207479,0.23499600928652167,0.16322005303149573,-0.26844209010638154
1612467133811,2021-02-04T19:32:13.811Z,126.852,0.9199420046340794,0.2347765046681161,0.16310010112737922,-0.268300313040988
1612467133826,2021-02-04T19:32:13.826Z,126.867,0.9200445209835761,0.23469594447658695,0.16281403748485856,-0.2681929944130229
1612467133856,2021-02-04T19:32:13.857Z,126.897,0.9201435582502027,0.2345319402492634,0.16267882766626443,-0.26807872023475043
1612467133871,2021-02-04T19:32:13.871Z,126.912,0.9201923434486684,0.2343155513707345,0.16276979072775927,-0.2680452735466864
1612467133886,2021-02-04T19:32:13.886Z,126.927,0.9202562749223092,0.2340315833220818,0.16288913742034294,-0.268001371982181
1612467133916,2021-02-04T19:32:13.916Z,126.957,0.9202947108784952,0.2338031022540666,0.16310075005165597,-0.26794010494516995
1612467133931,2021-02-04T19:32:13.931Z,126.972,0.9203737238524896,0.23362740084801853,0.16315818253460843,-0.2677869554084066
1612467133946,2021-02-04T19:32:13.946Z,126.987,0.9204170266016513,0.2335119617357425,0.16319944468104233,-0.2677136569618739
1612467133976,2021-02-04T19:32:13.977Z,127.017,0.9204778230755523,0.23331511957273124,0.16313358194242766,-0.26771639219048143
1612467133998,2021-02-04T19:32:13.998Z,127.039,0.9205793451810931,0.23300232648531297,0.16298432421732925,-0.26773063914651674
1612467134006,2021-02-04T19:32:14.007Z,127.047,0.9207034958821748,0.23259939373200558,0.1628494161800314,-0.2677361805129604
1612467134036,2021-02-04T19:32:14.036Z,127.077,0.9208259925583838,0.23213313442301328,0.16288003392969105,-0.2677009411243769
1612467134051,2021-02-04T19:32:14.051Z,127.092,0.9209494645369826,0.23161134468879002,0.16303292404491868,-0.2676350770318782
1612467134066,2021-02-04T19:32:14.066Z,127.107,0.9210900951069099,0.23105603271004288,0.16311079150803878,-0.2675836619411969
1612467134096,2021-02-04T19:32:14.096Z,127.137,0.9212181296635155,0.23057262951886165,0.163126371917456,-0.2675503819490084
1612467134111,2021-02-04T19:32:14.111Z,127.152,0.9213230829398051,0.23018153975856098,0.1631252329382192,-0.26752643603113857
1612467134126,2021-02-04T19:32:14.126Z,127.167,0.9214164838224379,0.229842248702536,0.16310234586898492,-0.2675104275045934
1612467134156,2021-02-04T19:32:14.157Z,127.197,0.9215322202696494,0.22942975717652528,0.16305365542591438,-0.26749553076464344
1612467134171,2021-02-04T19:32:14.172Z,127.212,0.9216377430723343,0.22902253991670166,0.16308116902685008,-0.2674641640733814
1612467134186,2021-02-04T19:32:14.187Z,127.227,0.9217430727981895,0.22860396397284383,0.16313540993390102,-0.2674262018392227
1612467134216,2021-02-04T19:32:14.217Z,127.257,0.9218613665229342,0.22816292646423308,0.16312638961690581,-0.2674006000559808
1612467134246,2021-02-04T19:32:14.246Z,127.287,0.9219747384172269,0.2277602788625701,0.1630692626126626,-0.2673878319667754
1612467134247,2021-02-04T19:32:14.247Z,127.288,0.9220732852731397,0.2274104339487511,0.1630179982445561,-0.2673770434520839
1612467134276,2021-02-04T19:32:14.276Z,127.317,0.9221612516862436,0.227106781705104,0.16295121398376675,-0.26737246951252774
1612467134291,2021-02-04T19:32:14.291Z,127.332,0.9222382773627344,0.22683515239124047,0.16290522064029708,-0.2673654100567143
1612467134306,2021-02-04T19:32:14.306Z,127.347,0.9223254570756345,0.226521992083955,0.1628655772702564,-0.2673543380477764
1612467134321,2021-02-04T19:32:14.321Z,127.362,0.9224323891665073,0.22609986980628138,0.16290360601451692,-0.26731956800357615
1612467134351,2021-02-04T19:32:14.351Z,127.392,0.9225334263637638,0.2256979682047382,0.1629450601083072,-0.267285262923505
1612467134373,2021-02-04T19:32:14.373Z,127.414,0.9226160166142827,0.2253752833988736,0.16296436259555372,-0.2672607042636384
1612467134381,2021-02-04T19:32:14.381Z,127.422,0.9226721912484703,0.22514299235543386,0.163006410438713,-0.26723691856828635
1612467134411,2021-02-04T19:32:14.411Z,127.452,0.922727888746216,0.22495642517467887,0.1630782617924386,-0.26715787585870787
1612467134426,2021-02-04T19:32:14.426Z,127.467,0.9228036480650621,0.22478043980895335,0.1629896827187733,-0.2670983794865487
1612467134441,2021-02-04T19:32:14.442Z,127.482,0.9229031427187937,0.22462732384620432,0.16282657176670493,-0.2669828872197027
1612467134472,2021-02-04T19:32:14.472Z,127.513,0.9229552639064733,0.22446316585131895,0.16274646752759586,-0.26698961648465763
1612467134486,2021-02-04T19:32:14.486Z,127.527,0.9229978690276656,0.2242961596440004,0.16275565938997824,-0.266977081180903
1612467134501,2021-02-04T19:32:14.501Z,127.542,0.9230232071857635,0.22417745838955794,0.1628052172171734,-0.2669589620023544
1612467134531,2021-02-04T19:32:14.531Z,127.572,0.9230232071857635,0.22417745838955794,0.1628052172171734,-0.2669589620023544
1612467134546,2021-02-04T19:32:14.547Z,127.587,0.9230335374307892,0.22415860856255512,0.16275803510253162,-0.2669678426231632
1612467134561,2021-02-04T19:32:14.562Z,127.602,0.9230615758902437,0.22410740948315808,0.16262988464875408,-0.2669919788100397
1612467134591,2021-02-04T19:32:14.591Z,127.632,0.9230884104906879,0.22405837464359105,0.16250717726143948,-0.2670150716876602
1612467134606,2021-02-04T19:32:14.606Z,127.647,0.9231336849876717,0.2240182334607766,0.16237288699281072,-0.2669739243593183
1612467134621,2021-02-04T19:32:14.626Z,127.662,0.9231746748896856,0.22398973263898572,0.16226470710811033,-0.2669218689837121
1612467134651,2021-02-04T19:32:14.651Z,127.692,0.9231723880666155,0.22411064891996707,0.16215250441130843,-0.26689646731493893
1612467134666,2021-02-04T19:32:14.666Z,127.707,0.9231972322173074,0.2241440098269912,0.16198930663602626,-0.26688161761455226
1612467134681,2021-02-04T19:32:14.681Z,127.722,0.9232041268207436,0.22422684955030073,0.1617384711234919,-0.26694030628687454
1612467134711,2021-02-04T19:32:14.711Z,127.752,0.9232189806002581,0.22427422141228284,0.16149837585704307,-0.2669944981921382
1612467134726,2021-02-04T19:32:14.726Z,127.767,0.9232275630093978,0.22432440009357885,0.16130670611711093,-0.26703853089775786
1612467134741,2021-02-04T19:32:14.741Z,127.782,0.9232400215339002,0.22430149164220797,0.16124938520750293,-0.2670493198930982
1612467134771,2021-02-04T19:32:14.771Z,127.812,0.9232400215339002,0.22430149164220797,0.16124938520750293,-0.2670493198930982
1612467134786,2021-02-04T19:32:14.786Z,127.827,0.9232726560550196,0.22421279716726544,0.16116526127538158,-0.2670617582612268
1612467134801,2021-02-04T19:32:14.802Z,127.842,0.92330252455451,0.22415777549439825,0.16102757974857237,-0.26708773539230196
1612467134831,2021-02-04T19:32:14.832Z,127.872,0.9233251833976027,0.2241160147170561,0.16092311657954747,-0.26710740948437395
1612467134846,2021-02-04T19:32:14.846Z,127.887,0.9233505287122307,0.2240692636903833,0.160806156299029,-0.26712945605534777
1612467134861,2021-02-04T19:32:14.861Z,127.902,0.9233782798732547,0.224018047275321,0.16067803167163835,-0.26715358296565905
1612467134891,2021-02-04T19:32:14.891Z,127.932,0.9233917032364863,0.22402472770588144,0.16054305295305193,-0.26718273132603465
1612467134906,2021-02-04T19:32:14.906Z,127.947,0.9234182537709051,0.2239756432286848,0.16042031280846958,-0.26720584402557895
1612467134921,2021-02-04T19:32:14.921Z,127.962,0.9234428793807008,0.22393010204653657,0.16030639002359764,-0.2672272801120991
1612467134936,2021-02-04T19:32:14.936Z,127.977,0.9234693875308292,0.2238810204654094,0.16018365135345553,-0.26725040094988967
1612467134966,2021-02-04T19:32:14.966Z,128.007,0.9234508983638084,0.22387229335849843,0.16019524138089777,-0.2673146445977059
1612467134981,2021-02-04T19:32:14.982Z,128.022,0.9234108233421324,0.22385337985480272,0.16022033955782927,-0.26745384359578867
1612467134996,2021-02-04T19:32:14.997Z,128.037,0.9233965970629125,0.22384666198359218,0.16022924345497028,-0.26750324482758064
1612467135027,2021-02-04T19:32:15.027Z,128.068,0.9233965970629125,0.22384666198359218,0.16022924345497028,-0.26750324482758064
1612467135041,2021-02-04T19:32:15.041Z,128.082,0.9233807553206818,0.22383918088871366,0.16023916544182168,-0.2675582397553578
1612467135056,2021-02-04T19:32:15.056Z,128.097,0.923377768519771,0.2237785149038659,0.16013896572873415,-0.26767925680971205
1612467135086,2021-02-04T19:32:15.086Z,128.127,0.923354537154911,0.22377590522665305,0.16001753032435262,-0.2678341519379616
1612467135101,2021-02-04T19:32:15.101Z,128.142,0.9233033551122449,0.22386165249821627,0.1599250750793901,-0.26799411437584
1612467135116,2021-02-04T19:32:15.116Z,128.157,0.9231802002089793,0.22409675228316514,0.15992887608206535,-0.26821953350450445
1612467135146,2021-02-04T19:32:15.146Z,128.187,0.9230430322031138,0.2243690521577357,0.1600513014111201,-0.268390890403768
1612467135191,2021-02-04T19:32:15.191Z,128.232,0.9229197401899226,0.22465258136446425,0.16010034933345427,-0.2685484109008179
1612467135192,2021-02-04T19:32:15.192Z,128.233,0.9228219148810273,0.2249546672795257,0.15998650074613607,-0.2686995174232333
1612467135206,2021-02-04T19:32:15.206Z,128.247,0.9227148385429619,0.2252991663650544,0.1598547912496291,-0.26885694724590065
1612467135221,2021-02-04T19:32:15.222Z,128.262,0.9226175970615501,0.22564846262447616,0.15976950338495444,-0.2689484089852677
1612467135236,2021-02-04T19:32:15.237Z,128.277,0.9225168157079218,0.22605341988396602,0.15972074898500443,-0.2689830077134032
1612467135273,2021-02-04T19:32:15.273Z,128.314,0.9224036268054117,0.2264811195440013,0.15972856056351148,-0.2690067632730212
1612467135281,2021-02-04T19:32:15.281Z,128.322,0.9223208107215384,0.2269403419109056,0.15974125596218633,-0.26889614066949474
1612467135296,2021-02-04T19:32:15.296Z,128.337,0.9222937454764558,0.2273117940838666,0.15963241444149343,-0.26873981391852514
1612467135326,2021-02-04T19:32:15.326Z,128.367,0.9222763272970075,0.22763096256439924,0.15947758353886643,-0.2686213344806255
1612467135341,2021-02-04T19:32:15.341Z,128.382,0.9222341046785977,0.227919792599283,0.15934799289228496,-0.2685982901478815
1612467135356,2021-02-04T19:32:15.356Z,128.397,0.9221638026845975,0.2281623930937702,0.15925304999133943,-0.268689987652057
1612467135386,2021-02-04T19:32:15.387Z,128.427,0.9220761478950594,0.22833976845089415,0.15919817443820436,-0.2688725885663019
1612467135401,2021-02-04T19:32:15.401Z,128.442,0.9220103571540142,0.22842867248919052,0.15923998025266056,-0.26899790254700023
1612467135416,2021-02-04T19:32:15.417Z,128.457,0.921983970331272,0.22847559569078016,0.15935147421072662,-0.2689824683744189
1612467135446,2021-02-04T19:32:15.447Z,128.487,0.9219754259745553,0.22842606058890905,0.159503921945275,-0.2689634689450319
1612467135461,2021-02-04T19:32:15.461Z,128.502,0.9219584677660226,0.2284191341975356,0.1596120085751884,-0.2689633610095813
1612467135476,2021-02-04T19:32:15.476Z,128.517,0.9219391057981648,0.22842137688458167,0.1596958191666563,-0.26897807554319936
1612467135506,2021-02-04T19:32:15.506Z,128.547,0.9219134349369354,0.22846890919299442,0.15974076887048597,-0.2689990014398012
1612467135521,2021-02-04T19:32:15.521Z,128.562,0.921874759651277,0.22861214507256425,0.15971070806636725,-0.2690277018675969
1612467135536,2021-02-04T19:32:15.536Z,128.577,0.921821990228061,0.228833841792526,0.15963887064686935,-0.2690626732957253
1612467135551,2021-02-04T19:32:15.551Z,128.592,0.9217946290422399,0.2289712417859316,0.15954637067052166,-0.2690943847607237
1612467135581,2021-02-04T19:32:15.581Z,128.622,0.9217404910180624,0.22901294589637447,0.15956249607481807,-0.26923474455578533
1612467135596,2021-02-04T19:32:15.596Z,128.637,0.9216791666970459,0.22898858562214097,0.1596027520466765,-0.2694414646459186
1612467135611,2021-02-04T19:32:15.612Z,128.652,0.9216389291664024,0.22894799729404308,0.15958545941369826,-0.26962377477472727
1612467135642,2021-02-04T19:32:15.642Z,128.683,0.9216098564947304,0.2289008018149624,0.15952576835727353,-0.26979848882128943
1612467135656,2021-02-04T19:32:15.657Z,128.697,0.9215982880989878,0.22889848713076205,0.15949225830494113,-0.269859773777148
1612467135678,2021-02-04T19:32:15.678Z,128.719,0.9216349960303527,0.22881391499499523,0.15938441878606438,-0.269869845379256
1612467135701,2021-02-04T19:32:15.701Z,128.742,0.9217171951285063,0.22862349661753578,0.15925960656575322,-0.26982417741064657
1612467135716,2021-02-04T19:32:15.716Z,128.757,0.9217973312658156,0.2285121055077348,0.1591147319688645,-0.2697302351945711
1612467135731,2021-02-04T19:32:15.731Z,128.772,0.9218197347610252,0.22844385753013965,0.15901133319505809,-0.2697724531478199
1612467135761,2021-02-04T19:32:15.761Z,128.802,0.9217669180140292,0.2284903546271335,0.15892889606206093,-0.26996205787810174
1612467135776,2021-02-04T19:32:15.776Z,128.817,0.9217288782198066,0.2284607119993721,0.15890317396756384,-0.2701321147724397
1612467135791,2021-02-04T19:32:15.792Z,128.832,0.9216941693963905,0.228499725795269,0.15895361897070856,-0.27018786136371775
1612467135821,2021-02-04T19:32:15.822Z,128.862,0.9216768381085546,0.22855032713832427,0.15898966807686035,-0.27018297411937675
1612467135836,2021-02-04T19:32:15.836Z,128.877,0.9216606017483976,0.2285904292561289,0.1590292786986886,-0.27018112323745935
1612467135851,2021-02-04T19:32:15.852Z,128.892,0.921654323314454,0.2286005017376028,0.1590489993134506,-0.2701824101204267
1612467135881,2021-02-04T19:32:15.881Z,128.922,0.9216805675326138,0.22854566579152052,0.15892618330371228,-0.2702115436860242
1612467135896,2021-02-04T19:32:15.896Z,128.937,0.9216575018725801,0.22863923058341,0.15889766960769403,-0.2702278336394408
1612467135911,2021-02-04T19:32:15.911Z,128.952,0.9216782227783915,0.2285927363022371,0.15880492037807553,-0.27025101633413834
1612467135941,2021-02-04T19:32:15.941Z,128.982,0.9216993971066288,0.22854601665481064,0.15871015219079881,-0.27027398549632836
1612467135956,2021-02-04T19:32:15.956Z,128.997,0.921719161177855,0.2284979260738925,0.1586229075400761,-0.2702984626316879
1612467135971,2021-02-04T19:32:15.971Z,129.012,0.9217158354602858,0.22849516141477233,0.1586399322625559,-0.27030214901756966
1612467136001,2021-02-04T19:32:16.001Z,129.042,0.9217106850991658,0.22849538311120945,0.15866262131636924,-0.2703062068616008
1612467136016,2021-02-04T19:32:16.017Z,129.057,0.9217252500960156,0.22846492574242538,0.15858577195189463,-0.270327382955126
1612467136031,2021-02-04T19:32:16.031Z,129.072,0.9217154241476972,0.22849036489649555,0.15860883367231846,-0.27032585506903295
1612467136061,2021-02-04T19:32:16.062Z,129.102,0.9217032601292119,0.22852523688186147,0.15863467814517043,-0.2703226872925204
1612467136076,2021-02-04T19:32:16.076Z,129.117,0.9217192326806345,0.22842701735855755,0.15872252080763774,-0.2702996767215314
1612467136091,2021-02-04T19:32:16.091Z,129.132,0.9217468912060295,0.22823427107073802,0.15892176055270435,-0.2702511056104259
1612467136121,2021-02-04T19:32:16.121Z,129.162,0.9217808791932075,0.22802740317322412,0.15908110106027679,-0.27021605696428047
1612467136136,2021-02-04T19:32:16.136Z,129.177,0.9218422264005607,0.22770973179691759,0.15926409778959058,-0.2701668647800852
1612467136151,2021-02-04T19:32:16.151Z,129.192,0.9219701676168243,0.2272542495245,0.15931512229523767,-0.2700837053687523
1612467136181,2021-02-04T19:32:16.181Z,129.222,0.9221088918871232,0.22672997027770744,0.15929932899466523,-0.270060059731944
1612467136196,2021-02-04T19:32:16.197Z,129.237,0.9222343409527571,0.2262628438703737,0.1592507769556039,-0.27005209847390776
1612467136211,2021-02-04T19:32:16.212Z,129.252,0.9223416917646784,0.2258468533929068,0.15924748927778107,-0.27003562654567864
1612467136226,2021-02-04T19:32:16.227Z,129.267,0.9224500041010466,0.2254518169650515,0.15919742333972986,-0.27002527393399084
1612467136256,2021-02-04T19:32:16.256Z,129.297,0.9225476287307844,0.2250830884399772,0.15918386520035047,-0.2700073574579125
1612467136271,2021-02-04T19:32:16.271Z,129.312,0.9226567266914866,0.22474001559807166,0.15915034222624155,-0.269940101965603
1612467136286,2021-02-04T19:32:16.286Z,129.327,0.9227612416575081,0.22446429461400763,0.15920320925368472,-0.2697810399221148
1612467136316,2021-02-04T19:32:16.316Z,129.357,0.9228996373266287,0.2241618242080064,0.15921831443030077,-0.2695501147098436
1612467136331,2021-02-04T19:32:16.331Z,129.372,0.9230621178971261,0.2238626802209113,0.1591187560086555,-0.2693010367485427
1612467136346,2021-02-04T19:32:16.346Z,129.387,0.9231749144157115,0.2236334933720124,0.1591381846157262,-0.26909324821144237
1612467136376,2021-02-04T19:32:16.376Z,129.417,0.9232465845889662,0.22343797628241277,0.15924266264506062,-0.2689479302640944
1612467136391,2021-02-04T19:32:16.391Z,129.432,0.9232806349257688,0.22323560213705212,0.15937366675771988,-0.2689214931049137
1612467136406,2021-02-04T19:32:16.406Z,129.447,0.923336808300393,0.22297131189108071,0.15948458455666417,-0.2688821299380121
1612467136436,2021-02-04T19:32:16.437Z,129.477,0.9234227815367344,0.222641640282071,0.15947878784372663,-0.2688635021332663
1612467136451,2021-02-04T19:32:16.452Z,129.492,0.9235182130251278,0.22227509628898148,0.159472611873845,-0.2688426637324005
1612467136466,2021-02-04T19:32:16.466Z,129.507,0.9236023876134727,0.22193787254509614,0.15949824531172077,-0.2688168894755899
1612467136496,2021-02-04T19:32:16.496Z,129.537,0.9236778423202695,0.22165475994817932,0.1596109596041147,-0.2687243058845624
1612467136511,2021-02-04T19:32:16.511Z,129.552,0.9237975632510739,0.22139627894675942,0.15952540221776607,-0.2685766107596989
1612467136526,2021-02-04T19:32:16.526Z,129.567,0.9238520297368118,0.22121949432095375,0.15959290368840146,-0.2684948185270232
1612467136556,2021-02-04T19:32:16.556Z,129.597,0.9238819794757427,0.22107700042187664,0.1596526009126463,-0.2684736391273384
1612467136571,2021-02-04T19:32:16.571Z,129.612,0.9239117416620943,0.22093532653260609,0.15971194309514497,-0.26845254765343374
1612467136586,2021-02-04T19:32:16.587Z,129.627,0.9239464272312697,0.22077004193744565,0.15978115371762866,-0.26842796260109375
1612467136616,2021-02-04T19:32:16.616Z,129.657,0.9240158561887881,0.22060437047557685,0.15983735101573376,-0.26829168913525553
1612467136631,2021-02-04T19:32:16.631Z,129.672,0.9241012101594528,0.22042135367641205,0.15989614627226523,-0.26811304077305065
1612467136646,2021-02-04T19:32:16.646Z,129.687,0.9241899076968556,0.2202295257123795,0.15995800609958022,-0.26792798808714374
1612467136676,2021-02-04T19:32:16.676Z,129.717,0.9242822364874591,0.22005895854844262,0.1600078530240278,-0.267719795769675
1612467136691,2021-02-04T19:32:16.691Z,129.732,0.9243610969567269,0.21991110201237962,0.16005149151146905,-0.26754287452595654
1612467136706,2021-02-04T19:32:16.706Z,129.747,0.9244239515721622,0.21977464969288962,0.1600954639194605,-0.26741148730839726
1612467136736,2021-02-04T19:32:16.736Z,129.777,0.9244836184854421,0.21966186521258455,0.1601288679800928,-0.26727785123875436
1612467136751,2021-02-04T19:32:16.751Z,129.792,0.924494448896846,0.21960989411609969,0.16015054528165598,-0.26727010908670845
1612467136766,2021-02-04T19:32:16.766Z,129.807,0.924494448896846,0.21960989411609969,0.16015054528165598,-0.26727010908670845
1612467136781,2021-02-04T19:32:16.781Z,129.822,0.924494448896846,0.21960989411609969,0.16015054528165598,-0.26727010908670845
1612467136811,2021-02-04T19:32:16.812Z,129.852,0.924494448896846,0.21960989411609969,0.16015054528165598,-0.26727010908670845
1612467136833,2021-02-04T19:32:16.833Z,129.874,0.9245086652130498,0.21961660592249316,0.16014185221880653,-0.2672206233002976
1612467136841,2021-02-04T19:32:16.841Z,129.882,0.9245086652130498,0.21961660592249316,0.16014185221880653,-0.2672206233002976
1612467136871,2021-02-04T19:32:16.871Z,129.912,0.9245086652130498,0.21961660592249316,0.16014185221880653,-0.2672206233002976
1612467136886,2021-02-04T19:32:16.886Z,129.927,0.9245185132704462,0.21956934587286542,0.16016156297694234,-0.26721357510042154
1612467136901,2021-02-04T19:32:16.901Z,129.942,0.9245457274498808,0.21952968699911354,0.16017095540946,-0.2671463632982167
1612467136931,2021-02-04T19:32:16.931Z,129.972,0.9245944747457702,0.21949042391392826,0.16017200790135938,-0.2670092488370478
1612467136946,2021-02-04T19:32:16.946Z,129.987,0.924627133965587,0.21950585426058244,0.16015203391060606,-0.2668954273010539
1612467136961,2021-02-04T19:32:16.961Z,130.002,0.9246628079219986,0.2195227255645282,0.16013020285092716,-0.2667710305513832
1612467136991,2021-02-04T19:32:16.991Z,130.032,0.9246628079219986,0.2195227255645282,0.16013020285092716,-0.2667710305513832
1612467137006,2021-02-04T19:32:17.006Z,130.047,0.9246628079219986,0.2195227255645282,0.16013020285092716,-0.2667710305513832
1612467137021,2021-02-04T19:32:17.021Z,130.062,0.9246628079219986,0.2195227255645282,0.16013020285092716,-0.2667710305513832
1612467137051,2021-02-04T19:32:17.051Z,130.092,0.9246628079219986,0.2195227255645282,0.16013020285092716,-0.2667710305513832
1612467137066,2021-02-04T19:32:17.066Z,130.107,0.9246628079219986,0.2195227255645282,0.16013020285092716,-0.2667710305513832
1612467137081,2021-02-04T19:32:17.082Z,130.122,0.9246628079219986,0.2195227255645282,0.16013020285092716,-0.2667710305513832
1612467137111,2021-02-04T19:32:17.111Z,130.152,0.9246628079219986,0.2195227255645282,0.16013020285092716,-0.2667710305513832
1612467137126,2021-02-04T19:32:17.126Z,130.167,0.9246642179143099,0.21955783401433218,0.16003841551019224,-0.266792329711406
1612467137141,2021-02-04T19:32:17.141Z,130.182,0.9246937427608786,0.21966816699051178,0.15968592624002534,-0.26681038861103584
1612467137171,2021-02-04T19:32:17.171Z,130.212,0.9246755963320163,0.21982060295605022,0.1595011538774047,-0.26685825071720176
1612467137186,2021-02-04T19:32:17.186Z,130.227,0.9246664491510344,0.21994751771762724,0.15929389849109918,-0.2669091627647483
1612467137201,2021-02-04T19:32:17.201Z,130.242,0.9246511848288664,0.22010091377181573,0.15908018946622868,-0.2669630451406599
1612467137231,2021-02-04T19:32:17.231Z,130.272,0.9246260141792386,0.22029492345628984,0.15886148854813106,-0.26702042629483186
1612467137246,2021-02-04T19:32:17.246Z,130.287,0.924567584786086,0.22057392157861003,0.15874517346462413,-0.2670615962356689
1612467137261,2021-02-04T19:32:17.261Z,130.302,0.9245107154801976,0.22084501774367898,0.15863212050504058,-0.2671016013507996
1612467137298,2021-02-04T19:32:17.298Z,130.339,0.9244597935602009,0.22108745478352523,0.15853100539629034,-0.2671373200359978
1612467137306,2021-02-04T19:32:17.306Z,130.347,0.924419405033496,0.22127948223050373,0.15845091257823615,-0.2671656090226471
1612467137321,2021-02-04T19:32:17.321Z,130.362,0.9243914468192229,0.22144128815880904,0.15832827673607253,-0.26720098377778584
1612467137336,2021-02-04T19:32:17.336Z,130.377,0.9243565683936361,0.22160678253824292,0.15825923513996182,-0.2672253410391752
1612467137366,2021-02-04T19:32:17.366Z,130.407,0.9243166668435863,0.22179588651512805,0.15818032092587503,-0.2672531949143328
1612467137381,2021-02-04T19:32:17.381Z,130.422,0.9242704519673586,0.22201469521548242,0.15808898937888133,-0.26728538711570987
1612467137396,2021-02-04T19:32:17.396Z,130.437,0.9242214738016316,0.22224630825836678,0.15799229217181351,-0.26731943708560213
1612467137426,2021-02-04T19:32:17.426Z,130.467,0.9241935035914464,0.2224070533474061,0.15787005674426088,-0.26735466280627146
1612467137441,2021-02-04T19:32:17.441Z,130.482,0.9241945509226361,0.22243356496398142,0.15779835343098644,-0.2673713164810134
1612467137457,2021-02-04T19:32:17.457Z,130.498,0.9241945509226361,0.22243356496398142,0.15779835343098644,-0.2673713164810134
1612467137486,2021-02-04T19:32:17.487Z,130.527,0.9241945509226361,0.22243356496398142,0.15779835343098644,-0.2673713164810134
1612467137501,2021-02-04T19:32:17.501Z,130.542,0.9241945509226361,0.22243356496398142,0.15779835343098644,-0.2673713164810134
1612467137516,2021-02-04T19:32:17.516Z,130.557,0.9241945509226361,0.22243356496398142,0.15779835343098644,-0.2673713164810134
1612467137546,2021-02-04T19:32:17.546Z,130.587,0.9241945509226361,0.22243356496398142,0.15779835343098644,-0.2673713164810134
1612467137561,2021-02-04T19:32:17.561Z,130.602,0.9241332284080788,0.2225509703120031,0.15790186342686052,-0.26742446277701043
1612467137576,2021-02-04T19:32:17.576Z,130.617,0.92406011084689,0.2227581904289213,0.15789003111229538,-0.2675115665047474
1612467137606,2021-02-04T19:32:17.606Z,130.647,0.9240530855385285,0.2229440141412977,0.1576909345511915,-0.2674984688286298
1612467137621,2021-02-04T19:32:17.621Z,130.662,0.9240750626502661,0.2231754049212903,0.15730119455147748,-0.26745906494041927
1612467137636,2021-02-04T19:32:17.636Z,130.677,0.9240357080809475,0.22346456721938843,0.15697634800096874,-0.26754443286503315
1612467137666,2021-02-04T19:32:17.666Z,130.707,0.9239525811389956,0.2238038058885529,0.1567543498910521,-0.26767808663882087
1612467137681,2021-02-04T19:32:17.682Z,130.722,0.9238525038307188,0.2240289855924622,0.15668070477821036,-0.26787818412541053
1612467137696,2021-02-04T19:32:17.697Z,130.737,0.9237955491743528,0.2240755564845097,0.15667978443986894,-0.2680361420773129
1612467137726,2021-02-04T19:32:17.726Z,130.767,0.9237598751202188,0.22405923023463883,0.1567020737475558,-0.26815968106289667
1612467137741,2021-02-04T19:32:17.741Z,130.782,0.9236870320172111,0.2241931857430684,0.15666339689671063,-0.26832119264492205
1612467137756,2021-02-04T19:32:17.756Z,130.797,0.9236091898291603,0.22446871234395088,0.15655536466205214,-0.268421831148852
1612467137786,2021-02-04T19:32:17.786Z,130.827,0.923549357424973,0.224783298825648,0.1561986313144021,-0.2685722259365001
1612467137801,2021-02-04T19:32:17.801Z,130.842,0.923506929795763,0.22507735504461357,0.15588141196998312,-0.26865613759519613
1612467137816,2021-02-04T19:32:17.816Z,130.857,0.9234611854025002,0.2252898292306355,0.15579226896408574,-0.2686869941609795
1612467137846,2021-02-04T19:32:17.846Z,130.887,0.9234366273744825,0.22540378705017966,0.1557444466348876,-0.26870354547171715
1612467137861,2021-02-04T19:32:17.862Z,130.902,0.9234366273744825,0.22540378705017966,0.1557444466348876,-0.26870354547171715
1612467137876,2021-02-04T19:32:17.876Z,130.917,0.9234366273744825,0.22540378705017966,0.1557444466348876,-0.26870354547171715
1612467137913,2021-02-04T19:32:17.913Z,130.954,0.9233741841733538,0.22552581954092618,0.15570765853530721,-0.2688370246004806
1612467137921,2021-02-04T19:32:17.921Z,130.962,0.9233288818545641,0.2256556226286572,0.15566006251064862,-0.26891125087741197
1612467137936,2021-02-04T19:32:17.936Z,130.977,0.9233001548790389,0.22578866079788548,0.15560420214664544,-0.2689305429469584
1612467137966,2021-02-04T19:32:17.966Z,131.007,0.923270568633082,0.22592556151052726,0.1555467104172489,-0.26895040180388496
1612467137981,2021-02-04T19:32:17.981Z,131.022,0.9232278526284458,0.22603581188260952,0.1555079681274005,-0.269026793696326
1612467137996,2021-02-04T19:32:17.996Z,131.037,0.9231760987574643,0.22607014642087545,0.15551130605264146,-0.2691735746131
1612467138011,2021-02-04T19:32:18.011Z,131.052,0.9231388085124798,0.226053326064733,0.15553477076460237,-0.26930200347645633
1612467138041,2021-02-04T19:32:18.041Z,131.082,0.9231244665537582,0.22604685328860366,0.15554379566939547,-0.269351382021547
1612467138056,2021-02-04T19:32:18.056Z,131.097,0.9230809850388603,0.22616772530079848,0.1554998939725168,-0.2694242714873438
1612467138071,2021-02-04T19:32:18.072Z,131.112,0.9230017833423895,0.2263806124697551,0.15542358681568616,-0.2695608185659298
1612467138101,2021-02-04T19:32:18.102Z,131.142,0.9229577899405373,0.2265834961178832,0.1553381918226503,-0.26959021391056837
1612467138116,2021-02-04T19:32:18.116Z,131.157,0.9229186312540474,0.2267638668550239,0.1552622809520045,-0.2696163438790262
1612467138131,2021-02-04T19:32:18.131Z,131.172,0.9229032597688213,0.22683464433658737,0.15523248520207425,-0.2696265802452813
1612467138161,2021-02-04T19:32:18.161Z,131.202,0.9228874536516011,0.22682754209921727,0.15524244982210966,-0.26968091480659395
1612467138176,2021-02-04T19:32:18.176Z,131.217,0.9228541792745998,0.22681258252231223,0.15526344558259092,-0.2697952532399084
1612467138191,2021-02-04T19:32:18.191Z,131.232,0.922821114317718,0.226797720942043,0.15528427972236358,-0.26990883130421484
1612467138221,2021-02-04T19:32:18.221Z,131.262,0.9228067276403432,0.22679126816224274,0.15529334967458364,-0.26995821834856293
1612467138236,2021-02-04T19:32:18.236Z,131.277,0.9228634423099158,0.22661631898349385,0.1551897824660875,-0.26997081737919854
1612467138251,2021-02-04T19:32:18.251Z,131.292,0.9229440134511532,0.2264621418061703,0.15480758785892632,-0.27004417620926446
1612467138281,2021-02-04T19:32:18.281Z,131.322,0.9230670073331134,0.22604990304005873,0.15466110271902206,-0.2700531144319691
1612467138296,2021-02-04T19:32:18.296Z,131.337,0.9231676110247781,0.2253495838703104,0.15493216467024024,-0.27013913332739414
1612467138311,2021-02-04T19:32:18.311Z,131.352,0.9231548826504412,0.2247852919366211,0.15522314825996625,-0.270485506842571
1612467138341,2021-02-04T19:32:18.341Z,131.382,0.9229528575386138,0.22479821641715103,0.15529606814728816,-0.2711215887290571
1612467138356,2021-02-04T19:32:18.356Z,131.397,0.9226835570147515,0.2251659899737901,0.15512707593284003,-0.2718288448385416
1612467138371,2021-02-04T19:32:18.371Z,131.412,0.9227997770337125,0.2246405040762386,0.1547126264831898,-0.27210516099768683
1612467138401,2021-02-04T19:32:18.401Z,131.442,0.9231573657947437,0.2234850510189182,0.15461846709217644,-0.271897112128921
1612467138416,2021-02-04T19:32:18.416Z,131.457,0.9235503014553245,0.22267918291570513,0.1548802357936147,-0.27107367031544694
1612467138431,2021-02-04T19:32:18.431Z,131.472,0.9238702930370573,0.22236744510683779,0.15525420430241443,-0.27002320834828947
1612467138461,2021-02-04T19:32:18.461Z,131.502,0.9242240204328066,0.22203353778383492,0.155790135277905,-0.26877593252429705
1612467138476,2021-02-04T19:32:18.476Z,131.517,0.9248349981496828,0.22110637106374892,0.1563301367111885,-0.2671199865759903
1612467138491,2021-02-04T19:32:18.491Z,131.532,0.9257497581936629,0.21898176536586564,0.15732299759523594,-0.26511100706925156
1612467138521,2021-02-04T19:32:18.521Z,131.562,0.9265745654370672,0.21702439112375393,0.15835599168262046,-0.2632173403115533
1612467138536,2021-02-04T19:32:18.536Z,131.577,0.9270790926041577,0.2162780551544563,0.15886285363742278,-0.26174558764004474
1612467138551,2021-02-04T19:32:18.551Z,131.592,0.9275279363233396,0.21535813945972312,0.1592240287870546,-0.26069236230667087
1612467138566,2021-02-04T19:32:18.566Z,131.607,0.9279069594426539,0.21408256225602273,0.1597173970015195,-0.2600916843169812
1612467138596,2021-02-04T19:32:18.596Z,131.637,0.9281046805621395,0.2135668090197245,0.15995007403712636,-0.25966689010980815
1612467138611,2021-02-04T19:32:18.611Z,131.652,0.928321861170716,0.21313567011495704,0.15996079233187438,-0.2592378311777528
1612467138626,2021-02-04T19:32:18.626Z,131.667,0.9287129579307583,0.21224583469428368,0.1600424849445054,-0.2585156676861511
1612467138656,2021-02-04T19:32:18.656Z,131.697,0.9294483638575799,0.21038338174774404,0.16034210486756392,-0.25720610609682265
1612467138671,2021-02-04T19:32:18.672Z,131.712,0.9304066807759375,0.207841092755365,0.16077012695330603,-0.2555356233662475
1612467138686,2021-02-04T19:32:18.686Z,131.727,0.9312859497981967,0.20538027644771595,0.1611163897157623,-0.25410023754355043
1612467138716,2021-02-04T19:32:18.716Z,131.757,0.9319340825521936,0.20375763944194028,0.160981125501993,-0.2531141390336801
1612467138731,2021-02-04T19:32:18.731Z,131.772,0.9324228503824138,0.202750135197483,0.16072965213751664,-0.25228156826429027
1612467138746,2021-02-04T19:32:18.746Z,131.787,0.9327607543729982,0.20240303416155586,0.16067765023172437,-0.25134255425558805
1612467138776,2021-02-04T19:32:18.776Z,131.817,0.9331096733631962,0.2021207870782193,0.16068407544702262,-0.25026816178780303
1612467138791,2021-02-04T19:32:18.791Z,131.832,0.9333321159742679,0.202206857387281,0.1606965376905254,-0.2493595213558793
1612467138806,2021-02-04T19:32:18.806Z,131.847,0.9334893497036857,0.2021687040360906,0.1608309823123361,-0.24871438283019853
1612467138836,2021-02-04T19:32:18.836Z,131.877,0.9336274090824377,0.20179066770093806,0.16130337751882648,-0.2481967119843511
1612467138851,2021-02-04T19:32:18.851Z,131.892,0.9337589200744665,0.20127867808937172,0.16179497336162085,-0.2477974162957993
1612467138866,2021-02-04T19:32:18.866Z,131.907,0.9338896243236711,0.2008631813702876,0.16193834009041122,-0.24754822956175945
1612467138896,2021-02-04T19:32:18.896Z,131.937,0.9340012921548289,0.20047374763918846,0.1618846834951731,-0.24747770002623873
1612467138911,2021-02-04T19:32:18.912Z,131.952,0.93414442782516,0.19994804663087967,0.16170865523027841,-0.2474778322099073
1612467138926,2021-02-04T19:32:18.926Z,131.967,0.9342232656073893,0.19960878202911614,0.16168676579440278,-0.24746840990652536
1612467138956,2021-02-04T19:32:18.956Z,131.997,0.934209703618559,0.19957826536256815,0.16181953084287556,-0.2474574409824529
1612467138971,2021-02-04T19:32:18.971Z,132.012,0.9341637215617998,0.1996805163503316,0.16193400828742394,-0.24747365449243566
1612467138986,2021-02-04T19:32:18.986Z,132.027,0.9340957428286685,0.1997944011265884,0.16204069017976652,-0.24756848594659794
1612467139016,2021-02-04T19:32:19.016Z,132.057,0.9339327943539593,0.20013604810939473,0.16201758560325688,-0.24792216486762617
1612467139031,2021-02-04T19:32:19.031Z,132.072,0.933673835487761,0.2008234294355064,0.16181870537755916,-0.24847097557917386
1612467139046,2021-02-04T19:32:19.046Z,132.087,0.9333870940877654,0.20177028387855592,0.1614744964374859,-0.24900456247672365
1612467139076,2021-02-04T19:32:19.076Z,132.117,0.9331836498279843,0.20268743122944177,0.1611458230414245,-0.24923503893239843
1612467139091,2021-02-04T19:32:19.091Z,132.132,0.9330751806192329,0.20330861873507872,0.1609621305300609,-0.24925389745326715
1612467139106,2021-02-04T19:32:19.106Z,132.147,0.9330155660366273,0.20371694989607964,0.1608890689673469,-0.24919082114959737
1612467139136,2021-02-04T19:32:19.136Z,132.177,0.9329331259511146,0.2039580933489907,0.16105429915162456,-0.2491954882924356
1612467139151,2021-02-04T19:32:19.151Z,132.192,0.9328861253270392,0.20384291832745982,0.161259813332944,-0.24933273837158385
1612467139166,2021-02-04T19:32:19.166Z,132.207,0.9328574159942006,0.20368281169624985,0.16129856657722927,-0.24954583960520044
1612467139196,2021-02-04T19:32:19.196Z,132.237,0.9328289845224187,0.20370895145927792,0.16114839560689156,-0.2497277383943553
1612467139211,2021-02-04T19:32:19.211Z,132.252,0.9328091255947696,0.20389311119616868,0.16092510027264206,-0.24979560948124835
1612467139226,2021-02-04T19:32:19.226Z,132.267,0.932868391448324,0.203370831981808,0.1609184288851712,-0.25000425632531154
1612467139241,2021-02-04T19:32:19.241Z,132.282,0.9329853727086336,0.20213662716664177,0.16123264100114384,-0.25036595963753194
1612467139271,2021-02-04T19:32:19.271Z,132.312,0.9329418083546429,0.2015613652655415,0.1609903044405386,-0.2511468099188243
1612467139286,2021-02-04T19:32:19.287Z,132.327,0.9327633382555488,0.2015630114198074,0.1601422338003641,-0.2523477207885439
1612467139301,2021-02-04T19:32:19.301Z,132.342,0.9327169674362367,0.20149891105337386,0.15928253080048568,-0.2531132609774664
1612467139331,2021-02-04T19:32:19.331Z,132.372,0.9328218183003043,0.20130804056532667,0.1586387781897004,-0.253282976453495
1612467139346,2021-02-04T19:32:19.346Z,132.387,0.9329830792234162,0.2008172734380883,0.15855652056801303,-0.2531300581856097
1612467139361,2021-02-04T19:32:19.361Z,132.402,0.9331643400169358,0.20011781049746305,0.15899149556528694,-0.25274271657235
1612467139391,2021-02-04T19:32:19.391Z,132.432,0.9334113903643027,0.19913541424843706,0.15957728826678982,-0.25223669875674415
1612467139406,2021-02-04T19:32:19.406Z,132.447,0.9336040234710374,0.19839922142046756,0.15992801182160146,-0.25188153432364335
1612467139421,2021-02-04T19:32:19.421Z,132.462,0.9336442472821392,0.19825156181384604,0.16000897555237034,-0.2517972706325851
1612467139451,2021-02-04T19:32:19.451Z,132.492,0.9336375078281226,0.1982925190346028,0.1599644966120154,-0.251818269184483
1612467139466,2021-02-04T19:32:19.466Z,132.507,0.9336130338841371,0.198214101730375,0.16003215945483626,-0.2519277292738918
1612467139481,2021-02-04T19:32:19.481Z,132.522,0.9336385197166975,0.19781847991213458,0.1602670289964595,-0.2519949263836763
1612467139511,2021-02-04T19:32:19.512Z,132.552,0.9336897804042413,0.1974035832715968,0.16045395053290448,-0.25201140656446025
1612467139526,2021-02-04T19:32:19.526Z,132.567,0.9336970803218906,0.19728035315669143,0.1605743511493496,-0.2520041710165006
1612467139541,2021-02-04T19:32:19.541Z,132.582,0.9336799648989077,0.19744010354880004,0.16040709838160758,-0.25204898620269583
1612467139578,2021-02-04T19:32:19.578Z,132.619,0.9336422598854673,0.19769464877298937,0.16025571624022752,-0.25208542562951464
1612467139586,2021-02-04T19:32:19.586Z,132.627,0.9336113996384012,0.197848941026329,0.1602406483450727,-0.25208824966256654
1612467139601,2021-02-04T19:32:19.601Z,132.642,0.9336540716631035,0.19780820306769276,0.16028751573754924,-0.25193233529010106
1612467139631,2021-02-04T19:32:19.631Z,132.672,0.9336889841618857,0.1976842003286509,0.16050143456079746,-0.25176403098753775
1612467139646,2021-02-04T19:32:19.646Z,132.687,0.9336257308550557,0.19785113073871566,0.16063148144864706,-0.2517845347085236
1612467139661,2021-02-04T19:32:19.661Z,132.702,0.9335019840840738,0.19819010375888935,0.1605065597829719,-0.25205628885186326
1612467139691,2021-02-04T19:32:19.691Z,132.732,0.9333555630120521,0.19868992361610954,0.16015350895388225,-0.25242931845892724
1612467139706,2021-02-04T19:32:19.706Z,132.747,0.9332731473075466,0.1990548542844367,0.15980558748121987,-0.25266691851180356
1612467139721,2021-02-04T19:32:19.721Z,132.762,0.9332812987010635,0.19913607502009986,0.15961370451854973,-0.2526940965877726
1612467139751,2021-02-04T19:32:19.751Z,132.792,0.9333184040519861,0.19902787763788543,0.15949215852653933,-0.25271903756812175
1612467139766,2021-02-04T19:32:19.766Z,132.807,0.933295676746462,0.19919736216901113,0.15917959597300982,-0.2528664606015217
1612467139781,2021-02-04T19:32:19.781Z,132.822,0.9331636879623159,0.19977087090854254,0.1584652850873343,-0.253349332004649
1612467139796,2021-02-04T19:32:19.796Z,132.837,0.9329954022177297,0.2002718175731643,0.15782932959964527,-0.25396984317954924
1612467139826,2021-02-04T19:32:19.826Z,132.867,0.9329528095923961,0.20046945213892822,0.1573167679030048,-0.2542881994299472
1612467139841,2021-02-04T19:32:19.841Z,132.882,0.9329962805940177,0.20040984819841562,0.15703968702446514,-0.25434694777424566
1612467139856,2021-02-04T19:32:19.856Z,132.897,0.9329933695222229,0.20041447772050291,0.15700727737386241,-0.25437398530359623
1612467139886,2021-02-04T19:32:19.886Z,132.927,0.9329807970208629,0.2004733229086733,0.15698667018557214,-0.2543864473125814
1612467139901,2021-02-04T19:32:19.901Z,132.942,0.9329558151494528,0.20058123936923863,0.1569733033810088,-0.2544012488522293
1612467139916,2021-02-04T19:32:19.916Z,132.957,0.9328994745040146,0.2008748582039186,0.1568251973024338,-0.25446752111564536
1612467139946,2021-02-04T19:32:19.946Z,132.987,0.932819424010669,0.20124035401489776,0.15661185487385793,-0.25460355264083007
1612467139961,2021-02-04T19:32:19.961Z,133.002,0.9327631577325264,0.20154919498578416,0.15647630689348385,-0.2546487364162732
1612467139976,2021-02-04T19:32:19.976Z,133.017,0.9327636726496814,0.20166743490483877,0.1564555617888485,-0.2545659715463094
1612467140013,2021-02-04T19:32:20.013Z,133.054,0.9328724454397412,0.20149844009554377,0.15651900825681256,-0.2542620286882087
1612467140021,2021-02-04T19:32:20.021Z,133.062,0.9329460729561782,0.20141404459715948,0.15669364767881858,-0.25395099600467314
1612467140036,2021-02-04T19:32:20.036Z,133.077,0.9329639825408474,0.20143690948581253,0.1568619267135408,-0.2537631074960296
1612467140066,2021-02-04T19:32:20.066Z,133.107,0.9329252360907995,0.2015474497945424,0.15695558118672978,-0.25375987641977255
1612467140081,2021-02-04T19:32:20.081Z,133.122,0.9328683074099791,0.20184647253656327,0.15681939005209802,-0.25381568402735666
1612467140096,2021-02-04T19:32:20.096Z,133.137,0.9327961058556588,0.20221394292114844,0.15667374328826056,-0.2538784834381315
1612467140126,2021-02-04T19:32:20.126Z,133.167,0.9327546480861446,0.20240227545843864,0.1566377572516279,-0.25390293099158745
1612467140141,2021-02-04T19:32:20.141Z,133.182,0.932686701499978,0.2025959452015333,0.15670399415002345,-0.2539571972802067
1612467140156,2021-02-04T19:32:20.156Z,133.197,0.9326885708551103,0.202561734346324,0.15674915560025993,-0.25394975052845936
1612467140186,2021-02-04T19:32:20.186Z,133.227,0.9326852918981966,0.2025646357764091,0.15676613828553707,-0.25394899585662106
1612467140201,2021-02-04T19:32:20.201Z,133.242,0.9326363415014649,0.20289163368418162,0.1565125347420384,-0.25402414444369087
1612467140216,2021-02-04T19:32:20.216Z,133.257,0.9325711438319529,0.20334891786249557,0.15607938049676903,-0.25416432928296595
1612467140246,2021-02-04T19:32:20.246Z,133.287,0.9324586691676056,0.20375282590791358,0.15561101255906623,-0.2545404270426594
1612467140261,2021-02-04T19:32:20.261Z,133.302,0.9322863771767002,0.2041813094316449,0.15526194190894152,-0.2550408461485869
1612467140276,2021-02-04T19:32:20.276Z,133.317,0.9321425587487331,0.20452200901577444,0.15502672463647765,-0.25543631818126805
1612467140306,2021-02-04T19:32:20.306Z,133.347,0.9320998651003376,0.20469076908332312,0.1548482621801699,-0.255565150659849
1612467140321,2021-02-04T19:32:20.322Z,133.362,0.932084848894052,0.20476092363536366,0.15483463684541485,-0.25557197390773073
1612467140336,2021-02-04T19:32:20.336Z,133.377,0.932146683160926,0.20471851740395688,0.1548474105283143,-0.255372608469831
1612467140366,2021-02-04T19:32:20.366Z,133.407,0.9322371367362491,0.20448674482744772,0.15495503170300554,-0.25516275243380443
1612467140381,2021-02-04T19:32:20.381Z,133.422,0.9322066649002071,0.20455993340273942,0.15498947343347225,-0.25519449580019365
1612467140396,2021-02-04T19:32:20.396Z,133.437,0.9320589395867847,0.20491238039320753,0.1549223693042699,-0.2554918961280359
1612467140411,2021-02-04T19:32:20.411Z,133.452,0.9318546237057731,0.205357970667605,0.15480812036783304,-0.2559482565473605
1612467140441,2021-02-04T19:32:20.441Z,133.482,0.9316899837384486,0.20568941569574561,0.15463978285672855,-0.25638287000151977
1612467140456,2021-02-04T19:32:20.456Z,133.497,0.9315789749284653,0.20587876642816552,0.15445330903670407,-0.2567464163973069
1612467140471,2021-02-04T19:32:20.471Z,133.512,0.9314924432874833,0.20605438083334401,0.15441734269011753,-0.256941052605894
1612467140501,2021-02-04T19:32:20.501Z,133.542,0.9314461215356047,0.20622833464086085,0.15446916454466567,-0.25693826860242125
1612467140516,2021-02-04T19:32:20.516Z,133.557,0.9314057555630313,0.2063980030665503,0.15477693872510817,-0.2567630854953322
1612467140531,2021-02-04T19:32:20.531Z,133.572,0.931375366381979,0.2065457552971757,0.15503941169220814,-0.25659610029711566
1612467140561,2021-02-04T19:32:20.562Z,133.602,0.9314460702441615,0.20653955606328572,0.15499951229566267,-0.2563684481288524
1612467140576,2021-02-04T19:32:20.576Z,133.617,0.9314655148607524,0.2066497785535316,0.15483861242840835,-0.2563061992036383
1612467140591,2021-02-04T19:32:20.591Z,133.632,0.9314014791902369,0.20690362483639843,0.15480412872662863,-0.2563549420646831
1612467140621,2021-02-04T19:32:20.621Z,133.662,0.9312823365833073,0.20725492003209198,0.15489887508499064,-0.25644677067148136
1612467140636,2021-02-04T19:32:20.636Z,133.677,0.9311210548029328,0.2075222876199282,0.1553287496457776,-0.25655615560174133
1612467140651,2021-02-04T19:32:20.651Z,133.692,0.93107011543971,0.2073815904024555,0.15572082682909333,-0.2566171081375844
1612467140681,2021-02-04T19:32:20.681Z,133.722,0.9310571453861359,0.20732931302779173,0.15560397467534165,-0.25677724013253084
1612467140696,2021-02-04T19:32:20.696Z,133.737,0.9309694799844396,0.2075588983981193,0.15511061930875844,-0.2572077502932503
1612467140711,2021-02-04T19:32:20.711Z,133.752,0.9306647778036952,0.20814241344711842,0.15469794528587028,-0.2580859407335807
1612467140741,2021-02-04T19:32:20.741Z,133.782,0.9303205112141476,0.2086997222019734,0.15437424997924545,-0.2590690319401596
1612467140756,2021-02-04T19:32:20.756Z,133.797,0.9301383977104302,0.2089764066166861,0.154076725059314,-0.25967630884862686
1612467140771,2021-02-04T19:32:20.771Z,133.812,0.9301919545840144,0.2088277736791456,0.15412806311647487,-0.25957355167147994
1612467140801,2021-02-04T19:32:20.801Z,133.842,0.9303261781515277,0.20848977009592484,0.1545043156284942,-0.25914018303515013
1612467140816,2021-02-04T19:32:20.816Z,133.857,0.9304088748016781,0.20834584917742405,0.15479499865185745,-0.2587853187744326
1612467140831,2021-02-04T19:32:20.831Z,133.872,0.930366219106513,0.20848098354596473,0.1548843964326776,-0.25877635438123797
1612467140861,2021-02-04T19:32:20.861Z,133.902,0.930268889646702,0.2087208857612106,0.1548369123262824,-0.2589612237069694
1612467140883,2021-02-04T19:32:20.883Z,133.924,0.9302937495395373,0.20870155222612097,0.1546481925430046,-0.259000266813102
1612467140891,2021-02-04T19:32:20.891Z,133.932,0.9303543927639405,0.20860050757346088,0.15443031563341605,-0.2589938410817862
1612467140921,2021-02-04T19:32:20.921Z,133.962,0.930384256750771,0.20851719083297746,0.15430205358266336,-0.25903009898004486
1612467140936,2021-02-04T19:32:20.936Z,133.977,0.9303602725361366,0.20850752938223852,0.154354760854852,-0.25909261139376744
1612467140951,2021-02-04T19:32:20.951Z,133.992,0.9302498674305394,0.2086849814468357,0.15440083991514794,-0.25931861348058843
1612467140981,2021-02-04T19:32:20.981Z,134.022,0.9301531351534196,0.2087996526282754,0.15448054340256348,-0.2595257442656216
1612467140996,2021-02-04T19:32:20.996Z,134.037,0.9300836706346964,0.2088630473571011,0.15456055226415844,-0.25967600726904483
1612467141011,2021-02-04T19:32:21.011Z,134.052,0.9300953376364535,0.2086844852854812,0.1547034699488851,-0.2596926739317839
1612467141026,2021-02-04T19:32:21.026Z,134.067,0.9300811579464131,0.2085946005308373,0.15480483149293278,-0.25975526252394676
1612467141056,2021-02-04T19:32:21.056Z,134.097,0.9300203703473044,0.20865620039382668,0.15483504353503397,-0.25990538676560365
1612467141071,2021-02-04T19:32:21.071Z,134.112,0.9299698337172321,0.20889439675909627,0.15475889687524957,-0.25994023008482686
1612467141086,2021-02-04T19:32:21.086Z,134.127,0.9299443437439283,0.20908883529916236,0.15470296479434084,-0.2599083861204847
1612467141116,2021-02-04T19:32:21.118Z,134.157,0.92996051499899,0.20917562834663903,0.15467001497433772,-0.25980027620547314
1612467141131,2021-02-04T19:32:21.131Z,134.172,0.9299587101036855,0.2091761902334437,0.15467806865233716,-0.25980148964102306
1612467141146,2021-02-04T19:32:21.146Z,134.187,0.9299383688830458,0.20925346444814938,0.15466885319823132,-0.25981755819407465
1612467141176,2021-02-04T19:32:21.176Z,134.217,0.9298966900320411,0.20943641153466544,0.15462760649944604,-0.25984387369955186
1612467141191,2021-02-04T19:32:21.191Z,134.232,0.9298899119893853,0.20945838873979106,0.15464234445251687,-0.2598416446013482
1612467141206,2021-02-04T19:32:21.206Z,134.247,0.9299413554553985,0.20943141075792024,0.15466478410234238,-0.2596658702261416
1612467141236,2021-02-04T19:32:21.236Z,134.277,0.9300099547666837,0.20934192955092734,0.15474715405280393,-0.25944317080879803
1612467141251,2021-02-04T19:32:21.251Z,134.292,0.9300166868849218,0.20935071818824388,0.15482879709648945,-0.25936322503260534
1612467141266,2021-02-04T19:32:21.266Z,134.307,0.9300020151789167,0.2093704187916986,0.15488240799067463,-0.25936792244445467
1612467141303,2021-02-04T19:32:21.303Z,134.344,0.9299940759250896,0.20938624764112868,0.15490738675852098,-0.2593686942764155
1612467141311,2021-02-04T19:32:21.311Z,134.352,0.9300001258548741,0.20938295880310684,0.15485457992277946,-0.2593811896605346
1612467141326,2021-02-04T19:32:21.326Z,134.367,0.930026729656797,0.2093350083911906,0.15469672992478453,-0.25941869272726237
1612467141356,2021-02-04T19:32:21.356Z,134.397,0.9300406898302642,0.20932089442278518,0.1545586356952976,-0.25946234129464624
1612467141371,2021-02-04T19:32:21.371Z,134.412,0.9299822349050246,0.2093547344244043,0.1545843881891558,-0.25962916797487723
1612467141386,2021-02-04T19:32:21.386Z,134.427,0.9299187400014505,0.20942042399290778,0.15478925640447214,-0.2596815532734196
1612467141416,2021-02-04T19:32:21.416Z,134.457,0.9298940015669003,0.20947736080080237,0.15509605561866702,-0.25954112331836676
1612467141431,2021-02-04T19:32:21.431Z,134.472,0.9300309063443954,0.20922954906291663,0.15535953322872112,-0.2590925017790072
1612467141446,2021-02-04T19:32:21.446Z,134.487,0.9302548616672388,0.20885906392110998,0.15547385505095437,-0.25851820856190955
1612467141476,2021-02-04T19:32:21.476Z,134.517,0.9303977534077111,0.20856106124091695,0.15577034083641908,-0.2580656992001307
1612467141491,2021-02-04T19:32:21.491Z,134.532,0.9305113877225293,0.20832268303349966,0.15593727095861384,-0.25774752099369747
1612467141506,2021-02-04T19:32:21.506Z,134.547,0.9306096705394201,0.20805887673430243,0.1562677012457912,-0.25740542041287356
1612467141536,2021-02-04T19:32:21.536Z,134.577,0.9307294946208857,0.2077601052631331,0.15653842837300952,-0.257048763751765
1612467141551,2021-02-04T19:32:21.552Z,134.592,0.9308627838711133,0.20751125216912863,0.15665927310291233,-0.2566932604837698
1612467141566,2021-02-04T19:32:21.566Z,134.607,0.9309976990698089,0.2074462096267823,0.15649831185940152,-0.2563545061499022
1612467141581,2021-02-04T19:32:21.582Z,134.622,0.9310778912169421,0.20745675010007691,0.1563731856445521,-0.256130990191154
1612467141611,2021-02-04T19:32:21.611Z,134.652,0.9310801570501388,0.20749534722223706,0.15640701769021892,-0.25607082388640834
1612467141626,2021-02-04T19:32:21.626Z,134.667,0.9310955243493333,0.20732005229305142,0.15658206641067682,-0.25604995007304504
1612467141641,2021-02-04T19:32:21.641Z,134.682,0.9311580060722244,0.20687479505455833,0.15693338492216125,-0.25596777061889386
1612467141671,2021-02-04T19:32:21.671Z,134.712,0.9312713187247456,0.20633322706852644,0.15720231106829882,-0.2558276054747556
1612467141686,2021-02-04T19:32:21.686Z,134.727,0.9313956641485936,0.20589660686561545,0.1574449081972413,-0.2555773952625483
1612467141701,2021-02-04T19:32:21.701Z,134.742,0.931507146875842,0.20562794254185993,0.15753091120254967,-0.25533428399046715
1612467141731,2021-02-04T19:32:21.731Z,134.772,0.9315690672600159,0.20548940853086392,0.1575486680075923,-0.25520892052389826
1612467141746,2021-02-04T19:32:21.747Z,134.787,0.9315824904419695,0.20545185133969035,0.15747035364383852,-0.2552384924072311
1612467141761,2021-02-04T19:32:21.761Z,134.802,0.9315861211456007,0.20527694255658782,0.15752128188572953,-0.2553345286023609
1612467141798,2021-02-04T19:32:21.798Z,134.839,0.9316231827254254,0.2050742909324507,0.15761200096257924,-0.2553061647506244
1612467141806,2021-02-04T19:32:21.806Z,134.847,0.931691326578066,0.20488436015894473,0.15753874772011595,-0.2552551936949389
1612467141821,2021-02-04T19:32:21.821Z,134.862,0.9318061550673209,0.20469336934319063,0.15738153302994404,-0.25508619521003645
1612467141851,2021-02-04T19:32:21.851Z,134.892,0.9319219702596193,0.20448195951190273,0.15728090121679533,-0.2548946599951332
1612467141866,2021-02-04T19:32:21.866Z,134.907,0.9319907920026052,0.2042666560171176,0.157420256675981,-0.2547295814192175
1612467141881,2021-02-04T19:32:21.881Z,134.922,0.9320805991947941,0.20393458634049985,0.15775020099767473,-0.2544627972494131
1612467141911,2021-02-04T19:32:21.911Z,134.952,0.9322301641151827,0.20341543406174356,0.15807611653027254,-0.2541279671385268
1612467141926,2021-02-04T19:32:21.926Z,134.967,0.9322907340037535,0.2030955619475374,0.1582036079981653,-0.2540822670402623
1612467141941,2021-02-04T19:32:21.941Z,134.982,0.9322907340037535,0.2030955619475374,0.1582036079981653,-0.2540822670402623
1612467141971,2021-02-04T19:32:21.972Z,135.012,0.9322127766564829,0.20323503124380185,0.15816632358357233,-0.2542799150499264
1612467141986,2021-02-04T19:32:21.986Z,135.027,0.932178465924542,0.20318834991968823,0.15813175074356361,-0.2544644406007584
1612467142001,2021-02-04T19:32:22.001Z,135.042,0.9322427887967865,0.2028723169102637,0.1580496120313123,-0.2545319742283927
1612467142031,2021-02-04T19:32:22.031Z,135.072,0.9323321700456992,0.20250536823357884,0.1580255501102788,-0.25451174048912517
1612467142046,2021-02-04T19:32:22.046Z,135.087,0.9323667736188176,0.20223557503444475,0.15813889734186343,-0.2545290961552797
1612467142061,2021-02-04T19:32:22.061Z,135.102,0.9323707954407573,0.2020486685348804,0.15822439630478183,-0.25460965371807587
1612467142091,2021-02-04T19:32:22.091Z,135.132,0.9323525969297621,0.201987751819308,0.1582590656886664,-0.25470306484347705
1612467142106,2021-02-04T19:32:22.106Z,135.147,0.9323381014544698,0.20195175912416116,0.15833363922687543,-0.2547383172043518
1612467142121,2021-02-04T19:32:22.121Z,135.162,0.9323074452896207,0.20190697932406326,0.1584292343953953,-0.25482656228631706
1612467142151,2021-02-04T19:32:22.151Z,135.192,0.9322196779902625,0.2019268136329913,0.15859309657669607,-0.2550299269144175
1612467142166,2021-02-04T19:32:22.166Z,135.207,0.9321312616291648,0.20191624800314742,0.15870266325639856,-0.25529317374594795
1612467142181,2021-02-04T19:32:22.181Z,135.222,0.9320915101477669,0.201834466260016,0.1587545378947914,-0.25547066688330605
1612467142196,2021-02-04T19:32:22.196Z,135.237,0.9321318029737051,0.20161970849394298,0.15884045582753406,-0.2554398258383154
1612467142226,2021-02-04T19:32:22.226Z,135.267,0.9322346453932263,0.20134686469014798,0.1589316674114745,-0.25522290473588266
1612467142241,2021-02-04T19:32:22.241Z,135.282,0.9323556984442108,0.2010967672687469,0.15900595131327278,-0.2549314598468153
1612467142256,2021-02-04T19:32:22.256Z,135.297,0.9324584862548336,0.20086737342823416,0.1591401619718699,-0.25465246621808624
1612467142286,2021-02-04T19:32:22.286Z,135.327,0.9325586315009978,0.2005672451099015,0.1592446322871817,-0.25445692383924434
1612467142301,2021-02-04T19:32:22.301Z,135.342,0.9325500579215105,0.20046924650931788,0.15929291418278999,-0.25453533775436393
1612467142316,2021-02-04T19:32:22.316Z,135.357,0.9324064652173184,0.200638745616674,0.15926374365214052,-0.25494575371286055
1612467142346,2021-02-04T19:32:22.346Z,135.387,0.9322475790773143,0.20092066869230013,0.15918759214363656,-0.255352005483091
1612467142361,2021-02-04T19:32:22.361Z,135.402,0.9321826093045195,0.2009983850786353,0.15917384434608706,-0.2555365323825262
1612467142376,2021-02-04T19:32:22.376Z,135.417,0.9322244710751109,0.2007740481580105,0.15926359855679997,-0.25550425297774093
1612467142406,2021-02-04T19:32:22.406Z,135.447,0.9322831591225469,0.2004589891641705,0.1593896101620356,-0.25545891460694264
1612467142421,2021-02-04T19:32:22.421Z,135.462,0.932313454939778,0.20029608366654347,0.15945476728157695,-0.25543546699171943
1612467142436,2021-02-04T19:32:22.436Z,135.477,0.9323244462593412,0.20027595042134627,0.15940231864329008,-0.25544387133220126
1612467142466,2021-02-04T19:32:22.466Z,135.507,0.9323354497863018,0.2003785366875197,0.1592877159028833,-0.2553947428377979
1612467142481,2021-02-04T19:32:22.481Z,135.522,0.9324020559289946,0.2004049274191149,0.1591201878999626,-0.2552352580820367
1612467142496,2021-02-04T19:32:22.496Z,135.537,0.9324841844870824,0.2002887932353256,0.15914586547560006,-0.2550102713378818
1612467142526,2021-02-04T19:32:22.526Z,135.567,0.9325620997387458,0.20013937141739646,0.1591883719727597,-0.25481605987098477
1612467142541,2021-02-04T19:32:22.541Z,135.582,0.9325921182515488,0.20021735966412707,0.1591420474946748,-0.2546738278335982
1612467142556,2021-02-04T19:32:22.556Z,135.597,0.932628044120201,0.20039654794708697,0.15904684443289882,-0.2544607163539325
1612467142586,2021-02-04T19:32:22.586Z,135.627,0.9326928070107795,0.20042821654143406,0.15900990488421393,-0.2542213757989017
1612467142601,2021-02-04T19:32:22.601Z,135.642,0.9327130357827405,0.20043810928508626,0.1589983597522789,-0.2541465695681313
1612467142616,2021-02-04T19:32:22.616Z,135.657,0.9327130357827405,0.20043810928508626,0.1589983597522789,-0.2541465695681313
1612467142646,2021-02-04T19:32:22.646Z,135.687,0.9327090217316641,0.20056200608789243,0.15878953776724822,-0.25419410927483316
1612467142661,2021-02-04T19:32:22.661Z,135.702,0.932717715476321,0.2006851936927384,0.15847486835511918,-0.25426134658844346
1612467142676,2021-02-04T19:32:22.676Z,135.717,0.932734330415152,0.2007327647417132,0.15824151657025154,-0.2543081761518744
1612467142706,2021-02-04T19:32:22.706Z,135.747,0.9326771374915029,0.20095147017414036,0.1581600273032392,-0.25439589147418656
1612467142721,2021-02-04T19:32:22.721Z,135.762,0.9325910986516381,0.20117548748849093,0.15808604237147758,-0.2545801821761107
1612467142736,2021-02-04T19:32:22.736Z,135.777,0.9325394338804861,0.20145150533275866,0.15797594389611389,-0.25461951301335894
1612467142766,2021-02-04T19:32:22.766Z,135.807,0.9325127344871822,0.20172291083590924,0.1578064769952766,-0.254607507904746
1612467142781,2021-02-04T19:32:22.781Z,135.822,0.9324531445213577,0.2020401022938558,0.15767990482265085,-0.2546526613888804
1612467142796,2021-02-04T19:32:22.796Z,135.837,0.9324146938759239,0.20228563681975326,0.15751590938314344,-0.2547000158458874
1612467142811,2021-02-04T19:32:22.811Z,135.852,0.9323813943003009,0.2024623643519409,0.1574453549569973,-0.2547251200531941
1612467142841,2021-02-04T19:32:22.841Z,135.882,0.9323713595649918,0.20251554485305429,0.15742413454728582,-0.2547326909091908
1612467142856,2021-02-04T19:32:22.856Z,135.897,0.932347191759588,0.20268465121342993,0.15729062496398047,-0.25476912191029094
1612467142871,2021-02-04T19:32:22.871Z,135.912,0.9323305849555324,0.20286453846380006,0.15707029755489688,-0.2548226461999802
1612467142901,2021-02-04T19:32:22.901Z,135.942,0.9323083678984786,0.20307417219422935,0.15683714968515317,-0.2548805528335582
1612467142916,2021-02-04T19:32:22.916Z,135.957,0.9323013948013782,0.20323276197605153,0.15657574451502596,-0.25494036545936644
1612467142931,2021-02-04T19:32:22.931Z,135.972,0.9323003433985915,0.20334614001808535,0.15635440638858095,-0.25498964026306603
1612467142961,2021-02-04T19:32:22.961Z,136.002,0.9322933332706015,0.2035114782425038,0.15607801841383548,-0.2550526830495074
1612467142976,2021-02-04T19:32:22.976Z,136.017,0.9322414566722478,0.20381786657660617,0.1559005369457895,-0.25510618633381044
1612467142991,2021-02-04T19:32:22.991Z,136.032,0.9322294502643234,0.20402720105007302,0.15587017574507298,-0.2550012580454278
1612467143021,2021-02-04T19:32:23.021Z,136.062,0.9322470580964631,0.20403556901054698,0.15585991530633292,-0.25493645492501604
1612467143036,2021-02-04T19:32:23.036Z,136.077,0.9322749738357392,0.20410467880096286,0.15563250680269805,-0.25491797911766734
1612467143058,2021-02-04T19:32:23.058Z,136.099,0.9322367889781554,0.20439643384169798,0.15524060437718193,-0.2550627802347919
1612467143081,2021-02-04T19:32:23.081Z,136.122,0.9321566830608816,0.2046430407378987,0.1549769560493264,-0.2553180118913801
1612467143096,2021-02-04T19:32:23.096Z,136.137,0.9320634773842853,0.2048201347055466,0.15493301734116222,-0.2555428470591157
1612467143111,2021-02-04T19:32:23.111Z,136.152,0.9320487797902476,0.2048556596532871,0.15486364770566785,-0.2556100182285936
1612467143141,2021-02-04T19:32:23.141Z,136.182,0.9321398669637297,0.2047377262367412,0.15490596903098805,-0.25534657356389184
1612467143156,2021-02-04T19:32:23.156Z,136.197,0.9322964172807726,0.2045751424491127,0.1549377642970059,-0.25488564222412813
1612467143171,2021-02-04T19:32:23.171Z,136.212,0.932395860500978,0.2045950335374309,0.154975749583885,-0.254482511409667
1612467143201,2021-02-04T19:32:23.201Z,136.242,0.9324006126248757,0.20472758008787706,0.1550472524705665,-0.25431489344795866
1612467143216,2021-02-04T19:32:23.216Z,136.257,0.9322831350529005,0.20506510029739788,0.15506381118400597,-0.25446350464662765
1612467143231,2021-02-04T19:32:23.231Z,136.272,0.9321182045857663,0.20548628177542072,0.1548478096026571,-0.2548591700197957
1612467143261,2021-02-04T19:32:23.261Z,136.302,0.9319505032237105,0.20585671724416904,0.15462079800078687,-0.255310948320135
1612467143276,2021-02-04T19:32:23.276Z,136.317,0.9318378820269695,0.2060427785572896,0.1544616162528205,-0.2556680350150362
1612467143291,2021-02-04T19:32:23.291Z,136.332,0.9317759214608733,0.20602427939823384,0.1545166732312456,-0.25587541143636233
1612467143321,2021-02-04T19:32:23.321Z,136.362,0.9317408398914858,0.20601063993328617,0.1545250637529694,-0.25600903926370877
1612467143336,2021-02-04T19:32:23.336Z,136.377,0.9316466486530558,0.2062369205954571,0.15442762400429835,-0.2562283426579113
1612467143351,2021-02-04T19:32:23.351Z,136.392,0.9315456271346976,0.2065550605353992,0.15428273949025348,-0.25642657395212237
1612467143381,2021-02-04T19:32:23.381Z,136.422,0.9314457154751737,0.206892575925233,0.15418708654927665,-0.25657490814849654
1612467143396,2021-02-04T19:32:23.396Z,136.437,0.9313296748211973,0.2072175709691953,0.1542257724308646,-0.2567105884009706
1612467143411,2021-02-04T19:32:23.411Z,136.452,0.9312431370238994,0.2074506664739007,0.15435935495963587,-0.2567559741502942
1612467143426,2021-02-04T19:32:23.426Z,136.467,0.9311919942028124,0.20746931887057846,0.15446757891419355,-0.2568612830388318
1612467143456,2021-02-04T19:32:23.456Z,136.497,0.9311157693101901,0.2076072535929425,0.15445060294960253,-0.2570363080305832
1612467143471,2021-02-04T19:32:23.471Z,136.512,0.9310297819055091,0.20780589241503775,0.15440798692262228,-0.2572128104451124
1612467143486,2021-02-04T19:32:23.486Z,136.527,0.9310242365446711,0.20782317234187336,0.15442073423856048,-0.25721126888493073
1612467143516,2021-02-04T19:32:23.516Z,136.557,0.9310271097609532,0.20779348166050846,0.15446146711421369,-0.25720039861262795
1612467143531,2021-02-04T19:32:23.531Z,136.572,0.9310194524410393,0.2077797301440015,0.15453467706795534,-0.2571952497640183
1612467143546,2021-02-04T19:32:23.546Z,136.587,0.9309340906283072,0.20784115460995983,0.1547714104339719,-0.25731223031314393
1612467143576,2021-02-04T19:32:23.576Z,136.617,0.9308124484348336,0.20800889590687976,0.15499604556487706,-0.2574814768514457
1612467143591,2021-02-04T19:32:23.591Z,136.632,0.930755835813737,0.20819912280077887,0.15509588850202113,-0.2574722601241282
1612467143606,2021-02-04T19:32:23.606Z,136.647,0.9307994019265524,0.20831212384569622,0.15505006266396346,-0.2572508707467649
1612467143636,2021-02-04T19:32:23.636Z,136.677,0.9308890620273528,0.20842808573906216,0.1550272868554462,-0.2568459219127777
1612467143651,2021-02-04T19:32:23.651Z,136.692,0.9309948917982674,0.20843172964139678,0.15509560055146293,-0.25641778451154507
1612467143666,2021-02-04T19:32:23.666Z,136.707,0.9310127967858394,0.20852738852133523,0.15538570578799318,-0.25609916613345085
1612467143696,2021-02-04T19:32:23.696Z,136.737,0.9309598538618155,0.20865638592601876,0.15572237122195703,-0.2559820427508356
1612467143711,2021-02-04T19:32:23.711Z,136.752,0.9309499035648586,0.20865065802577848,0.15577357207240358,-0.2559917463548261
1612467143726,2021-02-04T19:32:23.726Z,136.767,0.9309213950239589,0.2086869026601012,0.15591514964399394,-0.2559796848507141
1612467143756,2021-02-04T19:32:23.756Z,136.797,0.9309132476445451,0.20868629602706404,0.15595385084476146,-0.2559862332569477
1612467143771,2021-02-04T19:32:23.771Z,136.812,0.9309047233735122,0.20873585793073823,0.15589154062607746,-0.25601477530804995
1612467143786,2021-02-04T19:32:23.786Z,136.827,0.9308986254402406,0.20886035703019826,0.155655479700026,-0.2560790347803654
1612467143816,2021-02-04T19:32:23.816Z,136.857,0.9309386811145305,0.208927563144587,0.1554943062917754,-0.2559764951593068
1612467143831,2021-02-04T19:32:23.831Z,136.872,0.931024565547128,0.20885969262958048,0.15538839850769293,-0.25578376170443873
1612467143846,2021-02-04T19:32:23.846Z,136.887,0.9311564451893407,0.20865608757194043,0.15531592785840886,-0.25551374572613966
1612467143876,2021-02-04T19:32:23.876Z,136.917,0.9312342548937904,0.20864187553048663,0.15529870518268446,-0.2552521154782255
1612467143891,2021-02-04T19:32:23.891Z,136.932,0.9312800615589395,0.20875693221244696,0.15518063689174863,-0.25506265922297794
1612467143906,2021-02-04T19:32:23.906Z,136.947,0.9313250712470476,0.20894590136641095,0.15495459814154341,-0.25488094178194737
1612467143936,2021-02-04T19:32:23.936Z,136.977,0.9313715696162921,0.2089100177673345,0.15479104582993286,-0.25483982404210775
1612467143951,2021-02-04T19:32:23.951Z,136.992,0.9313608202653889,0.2088285548076331,0.15473415444863786,-0.25498038869411577
1612467143966,2021-02-04T19:32:23.966Z,137.007,0.9312300570100475,0.2088767930165434,0.15465547345690858,-0.25546575267539806
1612467143996,2021-02-04T19:32:23.996Z,137.037,0.931089791637969,0.2091038065199921,0.15463358553040757,-0.2558043241081412
1612467144011,2021-02-04T19:32:24.011Z,137.052,0.931056392975973,0.20939549203546046,0.15447290725406532,-0.2557843660943233
1612467144026,2021-02-04T19:32:24.026Z,137.067,0.9311925283709019,0.20937739409739942,0.15432831936320132,-0.255390586728875
1612467144041,2021-02-04T19:32:24.041Z,137.082,0.9313713743387219,0.2090864086557527,0.15442854791416202,-0.2549157907367909
1612467144071,2021-02-04T19:32:24.071Z,137.112,0.9314684454524655,0.20880545490509136,0.15461055086967918,-0.25468096648163446
1612467144093,2021-02-04T19:32:24.093Z,137.134,0.9314208843181558,0.20879449308499104,0.1547917008917591,-0.2547538522739208
1612467144101,2021-02-04T19:32:24.101Z,137.142,0.931305725626469,0.20901312832903318,0.15469505589797392,-0.2550541065777811
1612467144131,2021-02-04T19:32:24.131Z,137.172,0.9312784336131678,0.20918417589651583,0.15437299496382137,-0.25520861675774253
1612467144146,2021-02-04T19:32:24.146Z,137.187,0.9313212428543282,0.2091218185566161,0.15411820292762227,-0.25525749183560403
1612467144161,2021-02-04T19:32:24.161Z,137.202,0.9313301221352036,0.20902781011300595,0.15422776364224222,-0.2552359205223685
1612467144191,2021-02-04T19:32:24.191Z,137.232,0.931242936794819,0.20908210229444862,0.15458023892621903,-0.25529633155101916
1612467144206,2021-02-04T19:32:24.206Z,137.247,0.931163392524801,0.20917552513584134,0.15507593708224354,-0.25520930595084595
1612467144221,2021-02-04T19:32:24.222Z,137.262,0.9311668449279406,0.20912541003619403,0.15559744436362175,-0.254920193573691
1612467144251,2021-02-04T19:32:24.251Z,137.292,0.9312558302941641,0.20889924222191972,0.15597342916435802,-0.25455053434818325
1612467144266,2021-02-04T19:32:24.266Z,137.307,0.9314171836730797,0.20847797111144123,0.15611113453903463,-0.2542209259535904
1612467144281,2021-02-04T19:32:24.281Z,137.322,0.9315032155425713,0.20821659522052194,0.1560709093631219,-0.25414460482015255
1612467144311,2021-02-04T19:32:24.311Z,137.352,0.9315032155425713,0.20821659522052194,0.1560709093631219,-0.25414460482015255
1612467144326,2021-02-04T19:32:24.326Z,137.367,0.9314537034003483,0.20820389441429935,0.15622548986026907,-0.2542414857776252
1612467144341,2021-02-04T19:32:24.341Z,137.382,0.931484715936032,0.20791919388031396,0.156650966063378,-0.25409901146037633
1612467144371,2021-02-04T19:32:24.371Z,137.412,0.9316497494687475,0.20723143890016887,0.15710622194189214,-0.25377452605281425
1612467144386,2021-02-04T19:32:24.386Z,137.427,0.9318672280842878,0.2062810788812158,0.1575814317372539,-0.25345547555684134
1612467144401,2021-02-04T19:32:24.401Z,137.442,0.9320273836623743,0.20532771685572176,0.15801432995816844,-0.25337118289607674
1612467144431,2021-02-04T19:32:24.431Z,137.472,0.9321122266708856,0.20452867958949295,0.15835693150160632,-0.2534914167411151
1612467144446,2021-02-04T19:32:24.446Z,137.487,0.9321154960907583,0.203913274369201,0.1586696539744438,-0.25377946999538964
1612467144461,2021-02-04T19:32:24.461Z,137.502,0.932140632076905,0.2033612776315595,0.1588817437502311,-0.25399729190330744
1612467144491,2021-02-04T19:32:24.491Z,137.532,0.9322251118150374,0.20275988920758817,0.1591427584960086,-0.2540046272181838
1612467144506,2021-02-04T19:32:24.506Z,137.547,0.9323629512943307,0.20201913927098133,0.1594502082100153,-0.25389609198197616
1612467144521,2021-02-04T19:32:24.521Z,137.562,0.9325522117172874,0.20115268527027777,0.15981649270981052,-0.2536585466482201
1612467144552,2021-02-04T19:32:24.552Z,137.593,0.9327348354820489,0.2003373737251453,0.16020071097177424,-0.25338980952541207
1612467144566,2021-02-04T19:32:24.566Z,137.607,0.9329081186737145,0.19958883422228105,0.16054946825909733,-0.25312172488386386
1612467144581,2021-02-04T19:32:24.581Z,137.622,0.9330248653263105,0.19886218209723572,0.16096983196605585,-0.2529963367544398
1612467144596,2021-02-04T19:32:24.596Z,137.637,0.9331347774461934,0.19819642084239023,0.16131640200908512,-0.25289263399425577
1612467144626,2021-02-04T19:32:24.627Z,137.667,0.9332272011506033,0.19761640093517294,0.16163608280782857,-0.2528013565006746
1612467144641,2021-02-04T19:32:24.641Z,137.682,0.9333298823147448,0.19702597165914118,0.1618910800908728,-0.25271995460811314
1612467144656,2021-02-04T19:32:24.656Z,137.697,0.9334327526829084,0.1964218331247841,0.16216886090417387,-0.2526321837053835
1612467144686,2021-02-04T19:32:24.686Z,137.727,0.9335432305879774,0.19576986238779892,0.16247591017615962,-0.2525327230607019
1612467144701,2021-02-04T19:32:24.701Z,137.742,0.9336340894691232,0.1951953190781268,0.1627991144775931,-0.2524334025371072
1612467144716,2021-02-04T19:32:24.716Z,137.757,0.9336990273777304,0.19472252416901087,0.1631323210220433,-0.2523432398402824
1612467144746,2021-02-04T19:32:24.746Z,137.787,0.933747585557093,0.19425325331043058,0.1635718397927906,-0.2522407050248122
1612467144761,2021-02-04T19:32:24.761Z,137.802,0.9338125100502694,0.19368505823601928,0.16405695347596666,-0.25212221303548404
1612467144776,2021-02-04T19:32:24.777Z,137.817,0.9339081609082587,0.1930025747223885,0.16451117948869562,-0.2519952875803855
1612467144806,2021-02-04T19:32:24.806Z,137.847,0.9340357949053476,0.19232014200897285,0.16482751551138014,-0.2518372231095509
1612467144821,2021-02-04T19:32:24.821Z,137.862,0.9341380924377819,0.19172762857468853,0.16515876291650647,-0.25169251822356103
1612467144836,2021-02-04T19:32:24.836Z,137.877,0.9341883756032409,0.19123797708860363,0.1655761574030837,-0.25160415558266574
1612467144866,2021-02-04T19:32:24.866Z,137.907,0.9342084784657391,0.19075627250508737,0.1659717828017559,-0.25163451785536145
1612467144883,2021-02-04T19:32:24.883Z,137.924,0.9342405689244855,0.19022690734943565,0.16635670083112458,-0.25166193829124606
1612467144896,2021-02-04T19:32:24.896Z,137.937,0.9343188849095435,0.18963824599813153,0.16677976416789483,-0.25153541941492225
1612467144926,2021-02-04T19:32:24.926Z,137.967,0.9344259560790484,0.1890533092351431,0.16718336192726024,-0.2513099726785555
1612467144941,2021-02-04T19:32:24.941Z,137.982,0.9345683045840875,0.18843846274216874,0.16762577724506214,-0.25094746189029615
1612467144956,2021-02-04T19:32:24.956Z,137.997,0.9346850026033068,0.18779336209856523,0.16815541316359128,-0.2506418881271761
1612467144986,2021-02-04T19:32:24.986Z,138.027,0.9347706277643871,0.1870677960204644,0.1687008447997583,-0.25049857908752154
1612467145001,2021-02-04T19:32:25.001Z,138.042,0.9348450872454972,0.1861938663245351,0.1692705114186933,-0.25048752655598266
1612467145016,2021-02-04T19:32:25.016Z,138.057,0.9349302652500054,0.1852993373472936,0.16983554197722067,-0.2504504808929546
1612467145046,2021-02-04T19:32:25.046Z,138.087,0.9350484675669675,0.18445485174505544,0.17030473739359195,-0.25031393766563464
1612467145061,2021-02-04T19:32:25.061Z,138.102,0.9351801142136832,0.1836487880504728,0.170702935822312,-0.25014352745677565
1612467145076,2021-02-04T19:32:25.076Z,138.117,0.9352774994243648,0.18286390497913166,0.17121185899420943,-0.25000658124544917
1612467145106,2021-02-04T19:32:25.106Z,138.147,0.9353945236498667,0.18191215186990942,0.1717255553365302,-0.24991075961682419
1612467145121,2021-02-04T19:32:25.121Z,138.162,0.9355068443691138,0.18101680691899347,0.17217266164836867,-0.24983281276147667
1612467145143,2021-02-04T19:32:25.143Z,138.184,0.9355959860617076,0.18019451489800958,0.1725673495611398,-0.24982113107448575
1612467145166,2021-02-04T19:32:25.166Z,138.207,0.9356987100972385,0.17939827408248668,0.17306878338602305,-0.24966253102111827
1612467145181,2021-02-04T19:32:25.181Z,138.222,0.9358421173466933,0.17845870805116756,0.17361041275677547,-0.24942222335467246
1612467145196,2021-02-04T19:32:25.196Z,138.237,0.9360204617320683,0.17750239762709397,0.1741616081903696,-0.2490508548229917
1612467145211,2021-02-04T19:32:25.211Z,138.252,0.9361823243017668,0.1766195350904328,0.17469069207628746,-0.2486993317065577
1612467145241,2021-02-04T19:32:25.241Z,138.282,0.9362661809618931,0.1758242044209367,0.17527109299260676,-0.24853879272249105
1612467145256,2021-02-04T19:32:25.256Z,138.297,0.9363242653739413,0.17520440209010982,0.17576460464196295,-0.24840912083748243
1612467145271,2021-02-04T19:32:25.271Z,138.312,0.9363652997216246,0.17468198692489229,0.17623408925972844,-0.2482896991500011
1612467145301,2021-02-04T19:32:25.301Z,138.342,0.9364441260055651,0.17406557652826207,0.17660457476386401,-0.24816204002633352
1612467145316,2021-02-04T19:32:25.316Z,138.357,0.9366014535168649,0.1732317428931726,0.17701032418849486,-0.2478625136138454
1612467145331,2021-02-04T19:32:25.331Z,138.372,0.9367755436446503,0.17230897486786745,0.17742345054903647,-0.2475522514632577
1612467145361,2021-02-04T19:32:25.361Z,138.402,0.9369433452559692,0.1713806732030198,0.17782437496736928,-0.24727378409467093
1612467145376,2021-02-04T19:32:25.376Z,138.417,0.9370447360734688,0.17062342824704965,0.17817710031149261,-0.24715931957912346
1612467145391,2021-02-04T19:32:25.391Z,138.432,0.9371232468402219,0.1699358540944884,0.17836911144031745,-0.24719685638941422
1612467145421,2021-02-04T19:32:25.421Z,138.462,0.937251474593381,0.16913739195837774,0.1786175729362589,-0.2470788915557368
1612467145436,2021-02-04T19:32:25.436Z,138.477,0.9374062815054905,0.16822076788229495,0.1788457197776173,-0.24695231354325514
1612467145451,2021-02-04T19:32:25.451Z,138.492,0.9375234461610416,0.16738741991983952,0.1791051559204066,-0.24688576847123245
1612467145481,2021-02-04T19:32:25.481Z,138.522,0.937593986635964,0.1666451598475874,0.17939991285293946,-0.2469060108458465
1612467145503,2021-02-04T19:32:25.503Z,138.544,0.9376230859277426,0.16602999659126297,0.1796501929257642,-0.24702792787249342
1612467145511,2021-02-04T19:32:25.511Z,138.552,0.9376900243481144,0.16532423928285253,0.17987699384558886,-0.2470821345800873
1612467145541,2021-02-04T19:32:25.541Z,138.582,0.9377990127329046,0.16440006701866758,0.18012114138232266,-0.24710727247205086
1612467145556,2021-02-04T19:32:25.556Z,138.597,0.9379462478501353,0.16336984908578692,0.18051883051944148,-0.24694145132284476
1612467145571,2021-02-04T19:32:25.571Z,138.612,0.9380529143923327,0.16239955077119905,0.18089923112808834,-0.24689792199739174
1612467145601,2021-02-04T19:32:25.601Z,138.642,0.9381340345314942,0.16149222457600307,0.18125812810318995,-0.24692161843727373
1612467145616,2021-02-04T19:32:25.616Z,138.657,0.9381876752119136,0.16066073379290638,0.18150617143498293,-0.2470779723662238
1612467145631,2021-02-04T19:32:25.631Z,138.672,0.9382014659879478,0.15999501650726222,0.18173329599626717,-0.24729054376833598
1612467145661,2021-02-04T19:32:25.661Z,138.702,0.9382537649345778,0.15925990671133838,0.18188882828127956,-0.24745223548565698
1612467145676,2021-02-04T19:32:25.676Z,138.717,0.9383438039738347,0.15841370414642303,0.18210614592245813,-0.24749415245575385
1612467145691,2021-02-04T19:32:25.691Z,138.732,0.9384589496434745,0.15748829243365678,0.1824618814666505,-0.24738613419520392
1612467145721,2021-02-04T19:32:25.721Z,138.762,0.938596415419361,0.15656721331893847,0.18282571040740367,-0.247180574255941
1612467145736,2021-02-04T19:32:25.736Z,138.777,0.9387083739274161,0.15613996112997028,0.1829811076423749,-0.2469105414980241
1612467145751,2021-02-04T19:32:25.751Z,138.792,0.9387157057940149,0.15631235648737501,0.1828519221758736,-0.24686928821057622
1612467145781,2021-02-04T19:32:25.781Z,138.822,0.9385811180007488,0.1574017335159261,0.18215099759628992,-0.2472067824581715
1612467145796,2021-02-04T19:32:25.796Z,138.837,0.9383333363386335,0.158960543125215,0.1810762620145111,-0.24793846611568357
1612467145811,2021-02-04T19:32:25.811Z,138.852,0.9381289416284346,0.16051290305578117,0.17995039527402265,-0.248530786971034
1612467145826,2021-02-04T19:32:25.826Z,138.867,0.9380167980181376,0.16168503883900506,0.17915310294487174,-0.24877017618005168
1612467145856,2021-02-04T19:32:25.856Z,138.897,0.937965126047907,0.16260211822900122,0.17870619521624018,-0.24868869949539518
1612467145871,2021-02-04T19:32:25.871Z,138.912,0.9379256434798248,0.16347826212775657,0.1782485008252353,-0.24859166733460947
1612467145886,2021-02-04T19:32:25.886Z,138.927,0.9378685815994271,0.16447228566831393,0.1776719149445921,-0.24856403910389185
1612467145916,2021-02-04T19:32:25.916Z,138.957,0.9377726081435847,0.16550863211106817,0.17711540356114738,-0.24863539959883807
1612467145931,2021-02-04T19:32:25.931Z,138.972,0.9376981333745402,0.1665319808709796,0.17655806035726537,-0.24862936539349256
1612467145946,2021-02-04T19:32:25.946Z,138.987,0.9376320178374098,0.16759636079609044,0.17597419997691283,-0.2485774324361313
1612467145976,2021-02-04T19:32:25.976Z,139.017,0.9375698451204405,0.16872138711427717,0.1754091146544774,-0.2484502395796782
1612467145991,2021-02-04T19:32:25.991Z,139.032,0.937516463887996,0.16969527095501058,0.17502930054419263,-0.2482561961068931
1612467146006,2021-02-04T19:32:26.006Z,139.047,0.9374469841835205,0.1705176572233512,0.17470575551626188,-0.248182955518251
1612467146036,2021-02-04T19:32:26.036Z,139.077,0.9373425178707222,0.17140083526176425,0.17424357967604234,-0.2482940450454318
1612467146051,2021-02-04T19:32:26.051Z,139.092,0.9372134173976908,0.17236804306066997,0.17373188215556035,-0.24847032238048705
1612467146066,2021-02-04T19:32:26.066Z,139.107,0.937112268897856,0.17323757580831317,0.1731807675841921,-0.24863177501703412
1612467146096,2021-02-04T19:32:26.096Z,139.137,0.9370717222199284,0.17379276356516687,0.17275244868116185,-0.2486951029329322
1612467146111,2021-02-04T19:32:26.111Z,139.152,0.9370038270346329,0.17433755624043124,0.17247949698471812,-0.248759055566757
1612467146126,2021-02-04T19:32:26.126Z,139.167,0.9369348994322133,0.17497066366286496,0.1721417214954632,-0.24880813653074807
1612467146156,2021-02-04T19:32:26.156Z,139.197,0.9368704638830294,0.17573392759489287,0.17171615903527326,-0.24880691574360017
1612467146171,2021-02-04T19:32:26.171Z,139.212,0.9367957999349192,0.176479183280651,0.17136308251710544,-0.2488039811641382
1612467146186,2021-02-04T19:32:26.186Z,139.227,0.9367301529309523,0.17706584664650735,0.17112982025278045,-0.24879487768352762
1612467146216,2021-02-04T19:32:26.216Z,139.257,0.9366369661246383,0.1775734976127914,0.1709568647941695,-0.24890278627235365
1612467146238,2021-02-04T19:32:26.238Z,139.279,0.9365129650026276,0.1782796714373423,0.1706799717770142,-0.24905455701186907
1612467146246,2021-02-04T19:32:26.246Z,139.287,0.936389071538015,0.17910721339039662,0.1702455634326845,-0.2492239172856189
1612467146276,2021-02-04T19:32:26.276Z,139.317,0.9362826701463494,0.1798061027808088,0.16990900108250637,-0.24935007186191985
1612467146291,2021-02-04T19:32:26.291Z,139.332,0.9362431283551691,0.18022563547538983,0.169768941804524,-0.24929105744849842
1612467146306,2021-02-04T19:32:26.306Z,139.347,0.936194300786881,0.18051347610927093,0.16966671405839576,-0.2493357620914759
1612467146336,2021-02-04T19:32:26.336Z,139.377,0.9360984027362661,0.18098416832244163,0.16961489620330783,-0.2493898518328016
1612467146351,2021-02-04T19:32:26.351Z,139.392,0.9359442666423485,0.18163017032471904,0.16940684432429687,-0.2496400049335309
1612467146366,2021-02-04T19:32:26.366Z,139.407,0.9357786705757539,0.18236284938165923,0.1691106187370577,-0.2499273284201755
1612467146396,2021-02-04T19:32:26.396Z,139.437,0.935664780555018,0.1829041409578432,0.16877957255808354,-0.25018183294658686
1612467146411,2021-02-04T19:32:26.411Z,139.452,0.9355973694193789,0.18324814151315014,0.1686011410441459,-0.25030248941256367
1612467146426,2021-02-04T19:32:26.426Z,139.467,0.9355845060779672,0.1833249671543084,0.16857165028403148,-0.2503141768363032
1612467146441,2021-02-04T19:32:26.441Z,139.482,0.935622220618201,0.18333781987371564,0.1685536726084414,-0.25017586522209956
1612467146471,2021-02-04T19:32:26.471Z,139.512,0.9356172021365673,0.18355738217145087,0.168466732538198,-0.2500921800944782
1612467146486,2021-02-04T19:32:26.486Z,139.527,0.9355235697497895,0.1840874851996077,0.1682729781894685,-0.2501832389404649
1612467146501,2021-02-04T19:32:26.501Z,139.542,0.9353682491914154,0.1848501172242936,0.16804899672643356,-0.2503521664895084
1612467146531,2021-02-04T19:32:26.531Z,139.572,0.9351680809271318,0.1856401548961148,0.1679043344295508,-0.2506123057333408
1612467146546,2021-02-04T19:32:26.546Z,139.587,0.9350060503334212,0.18621301357463782,0.16784490818803857,-0.2508315893397331
1612467146561,2021-02-04T19:32:26.561Z,139.602,0.9349266069900012,0.1864686632844583,0.16787518652972555,-0.2509175141409647
1612467146591,2021-02-04T19:32:26.591Z,139.632,0.9349233619096095,0.18649022866866874,0.16787615284759258,-0.2509129316552507
1612467146606,2021-02-04T19:32:26.606Z,139.647,0.9349265848542546,0.18649368520643253,0.16784234236330225,-0.2509209724612204
1612467146621,2021-02-04T19:32:26.621Z,139.662,0.9349331878890224,0.1865215565952456,0.16771433440650538,-0.2509612423135088
1612467146651,2021-02-04T19:32:26.651Z,139.692,0.9348801779505856,0.18683253287135698,0.16757127655566992,-0.25102295673794084
1612467146666,2021-02-04T19:32:26.666Z,139.707,0.9348217000831123,0.187093774936031,0.1675726796567846,-0.2510452259385743
1612467146681,2021-02-04T19:32:26.681Z,139.722,0.9347772088329318,0.18711788843955873,0.16787041998248398,-0.2509939994648054
1612467146711,2021-02-04T19:32:26.711Z,139.752,0.9347807617179587,0.1870074186039097,0.16817067530871976,-0.2508620674301004
1612467146726,2021-02-04T19:32:26.726Z,139.767,0.9347829749849706,0.1869846633500574,0.16830548535030024,-0.2507803599788335
1612467146741,2021-02-04T19:32:26.741Z,139.782,0.9347562385692912,0.18716992722832207,0.1682733065906116,-0.2507634085870529
1612467146771,2021-02-04T19:32:26.771Z,139.812,0.9347112423064913,0.18749397563581677,0.16803469085110778,-0.25084904878572667
1612467146786,2021-02-04T19:32:26.786Z,139.827,0.934615999112768,0.18779641866083363,0.1678296158022025,-0.25111483309492544
1612467146801,2021-02-04T19:32:26.801Z,139.842,0.9344945733803213,0.18806076837040225,0.16776816127464134,-0.2514097925403688
1612467146831,2021-02-04T19:32:26.832Z,139.872,0.934463616022508,0.18813148466036297,0.16774878133514917,-0.25148487264684244
1612467146846,2021-02-04T19:32:26.846Z,139.887,0.9345129366263737,0.18798241534974042,0.16776324879046128,-0.25140341117912185
1612467146861,2021-02-04T19:32:26.861Z,139.902,0.9345280368317138,0.187890830695153,0.16775134861329924,-0.25142368455371866
1612467146891,2021-02-04T19:32:26.891Z,139.932,0.9344816773797756,0.1880518818665567,0.16759815783673934,-0.25157770540661806
1612467146906,2021-02-04T19:32:26.906Z,139.947,0.9343438222496362,0.18839082478448863,0.1674325627412464,-0.25194613689211226
1612467146921,2021-02-04T19:32:26.921Z,139.962,0.9341880259089332,0.18879872478520243,0.16736092936899521,-0.2522659174137445
1612467146951,2021-02-04T19:32:26.951Z,139.992,0.9340963572874038,0.18908131021972477,0.16729739598426102,-0.2524358031755411
1612467146973,2021-02-04T19:32:26.973Z,140.014,0.9340912756054741,0.1891043690838419,0.16730550307166825,-0.2524319612748681
1612467146981,2021-02-04T19:32:26.981Z,140.022,0.9340739712258506,0.18905046387542745,0.1673564872979425,-0.2525025634447063
1612467147011,2021-02-04T19:32:27.011Z,140.052,0.9339833942141955,0.1891690504410785,0.1673518851724719,-0.2527517284146068
1612467147026,2021-02-04T19:32:27.026Z,140.067,0.9339041232896926,0.18936297201744495,0.16729988246029476,-0.2529337910600372
1612467147041,2021-02-04T19:32:27.041Z,140.082,0.9338803556781041,0.1894135117652988,0.16728888477642434,-0.25299097191309994
1612467147056,2021-02-04T19:32:27.056Z,140.097,0.9338804370430595,0.18941312212808917,0.1672887731913574,-0.25299103707065257
1612467147086,2021-02-04T19:32:27.086Z,140.127,0.9338802079612429,0.18940757451530013,0.16729348433729707,-0.252992920835313
1612467147101,2021-02-04T19:32:27.101Z,140.142,0.9338771258959917,0.18951638726834835,0.16711926702108348,-0.25303794829102494
1612467147116,2021-02-04T19:32:27.116Z,140.157,0.9338808125750122,0.18962058248197886,0.16690774013998935,-0.25308589230692363
1612467147146,2021-02-04T19:32:27.146Z,140.187,0.9338871233849033,0.18969597967650625,0.16672947218668288,-0.25312360453895055
1612467147161,2021-02-04T19:32:27.161Z,140.202,0.9338871233849033,0.18969597967650625,0.16672947218668288,-0.25312360453895055
1612467147176,2021-02-04T19:32:27.176Z,140.217,0.9338277506606201,0.18989373092435607,0.16684370578302668,-0.25311910416312206
1612467147206,2021-02-04T19:32:27.206Z,140.247,0.933772559625413,0.19017042137486986,0.16678914022536148,-0.2531509439595163
1612467147221,2021-02-04T19:32:27.221Z,140.262,0.9336753137190897,0.19061892487738263,0.16661728355857297,-0.253285441448402
1612467147236,2021-02-04T19:32:27.236Z,140.277,0.9335689083123819,0.19104644163635712,0.16634652781114279,-0.25353339672652564
1612467147273,2021-02-04T19:32:27.273Z,140.314,0.9335586656570518,0.19119605591795413,0.16604462332939385,-0.2536562024501729
1612467147281,2021-02-04T19:32:27.281Z,140.322,0.9336041718962677,0.19111543940104667,0.16583329425254054,-0.2536877166079966
1612467147296,2021-02-04T19:32:27.296Z,140.337,0.933643213648001,0.191046216095062,0.1656518129337324,-0.25371474099184627
1612467147326,2021-02-04T19:32:27.326Z,140.367,0.9336640826985277,0.19110485203540833,0.1653865952971024,-0.25376680299691334
1612467147341,2021-02-04T19:32:27.341Z,140.382,0.9336009908088444,0.19133381129318922,0.1651006522292441,-0.25401247459572573
1612467147356,2021-02-04T19:32:27.356Z,140.397,0.9334614767910447,0.1917089995805627,0.1649000763984547,-0.2543723562627929
1612467147386,2021-02-04T19:32:27.386Z,140.427,0.9333397170673934,0.19207559032668567,0.1645286054908535,-0.2547828057786634
1612467147401,2021-02-04T19:32:27.401Z,140.442,0.9331851936180728,0.1923642879983585,0.16444541229818616,-0.2551844068295789
1612467147416,2021-02-04T19:32:27.416Z,140.457,0.9331561669414418,0.19241204411255686,0.16443269455315254,-0.2552627319872074
1612467147446,2021-02-04T19:32:27.446Z,140.487,0.9331924576361201,0.19249830469097404,0.16438244205302063,-0.2550973391606512
1612467147461,2021-02-04T19:32:27.461Z,140.502,0.9332580125987885,0.1925058826166353,0.16430065873450042,-0.2549044146686341
1612467147476,2021-02-04T19:32:27.476Z,140.517,0.9333124458344932,0.19238615603549122,0.16426407375962876,-0.2548190720652884
1612467147506,2021-02-04T19:32:27.506Z,140.547,0.9332777045861321,0.19244144521280276,0.16424975756336624,-0.2549137764563218
1612467147521,2021-02-04T19:32:27.521Z,140.562,0.9332355797471333,0.19254461985338386,0.16408298934175447,-0.25509742191606244
1612467147536,2021-02-04T19:32:27.536Z,140.577,0.9332355797471333,0.19254461985338386,0.16408298934175447,-0.25509742191606244
1612467147566,2021-02-04T19:32:27.566Z,140.607,0.9333026255443356,0.19248384366149748,0.16408982624293975,-0.2548935228775097
1612467147581,2021-02-04T19:32:27.581Z,140.622,0.9334441369850902,0.1923326534404952,0.1640458397334239,-0.2545174964808002
1612467147596,2021-02-04T19:32:27.596Z,140.637,0.9335797958941722,0.19230326703585796,0.16379513267137855,-0.25420340811778475
1612467147626,2021-02-04T19:32:27.626Z,140.667,0.9336823219732182,0.19235541481268437,0.16348075938553674,-0.2539896795888921
1612467147656,2021-02-04T19:32:27.656Z,140.697,0.933770882102419,0.19231793993917393,0.16328384448773084,-0.25381910062981633
1612467147657,2021-02-04T19:32:27.657Z,140.698,0.9338031212509251,0.19233431303674905,0.163266381329459,-0.2536992934524963
1612467147671,2021-02-04T19:32:27.671Z,140.712,0.9338657305780153,0.19217622216974317,0.1633968005883703,-0.2535046004356524
1612467147708,2021-02-04T19:32:27.708Z,140.749,0.9339632111854214,0.1917238951892692,0.16361290511099114,-0.2533485453812835
1612467147716,2021-02-04T19:32:27.716Z,140.757,0.9340721639004471,0.19121230259579786,0.16379939486548484,-0.2532129661057077
1612467147731,2021-02-04T19:32:27.731Z,140.772,0.93418356591257,0.19073438774983598,0.1640133776823346,-0.2530238535193904
1612467147761,2021-02-04T19:32:27.761Z,140.802,0.9343098132746309,0.19013502806948954,0.16430359252057442,-0.2528204370785163
1612467147776,2021-02-04T19:32:27.776Z,140.817,0.9343904668375536,0.18952895339303547,0.1647290266900982,-0.25270057197120155
1612467147791,2021-02-04T19:32:27.791Z,140.832,0.9344873121940276,0.18911872299589275,0.16499535905636098,-0.2524759462813189
1612467147821,2021-02-04T19:32:27.821Z,140.862,0.934534980557281,0.18887703768306224,0.16497595341436358,-0.2524931079176129
1612467147836,2021-02-04T19:32:27.836Z,140.877,0.9345515261839218,0.18866461891199224,0.16481141122190637,-0.2526980514549711
1612467147851,2021-02-04T19:32:27.851Z,140.892,0.9345596216487934,0.18847882830950213,0.1646662218792866,-0.2529013250948739
1612467147881,2021-02-04T19:32:27.881Z,140.922,0.9345270131757323,0.18847149463414145,0.16461257352746395,-0.25306216230776724
1612467147896,2021-02-04T19:32:27.896Z,140.937,0.9344881297887603,0.1886704787863083,0.16453141966273996,-0.2531102480387028
1612467147911,2021-02-04T19:32:27.911Z,140.952,0.9344231365697296,0.18904860951974944,0.16438444235214086,-0.2531635443629544
1612467147941,2021-02-04T19:32:27.941Z,140.982,0.9344024360145567,0.18927428364767238,0.16415212061604154,-0.2532220654227808
1612467147956,2021-02-04T19:32:27.956Z,140.997,0.9343873006825218,0.18941051718380228,0.16403217789838956,-0.2532537717731093
1612467147971,2021-02-04T19:32:27.971Z,141.012,0.9343291104058559,0.1894407741872133,0.16415179691472023,-0.25336829733259836
1612467148001,2021-02-04T19:32:28.001Z,141.042,0.9343194939185144,0.18925102315402986,0.16431489369605298,-0.2534398335476463
1612467148016,2021-02-04T19:32:28.016Z,141.057,0.9342899425929596,0.1893080428789585,0.16430078434617357,-0.25351532563972357
1612467148031,2021-02-04T19:32:28.031Z,141.072,0.9342613806249471,0.1894355488261198,0.16419254920525214,-0.25359545007589396
1612467148061,2021-02-04T19:32:28.061Z,141.102,0.9342787372917674,0.18935359878897842,0.16418716436198166,-0.25359619620360013
1612467148076,2021-02-04T19:32:28.076Z,141.117,0.934244758912088,0.18937623687678246,0.1643857638593151,-0.25357581113361866
1612467148091,2021-02-04T19:32:28.091Z,141.132,0.9341599204273745,0.18954504194267216,0.1646339774435148,-0.25360120980231976
1612467148121,2021-02-04T19:32:28.121Z,141.162,0.9340326531631445,0.1897425851215242,0.16501439139885127,-0.25367499846789204
1612467148136,2021-02-04T19:32:28.136Z,141.177,0.9339041688124593,0.1898816134391639,0.16547942658047093,-0.25374108010144486
1612467148151,2021-02-04T19:32:28.151Z,141.192,0.9337745026290831,0.19005929817970374,0.16588742121450334,-0.2538188426773094
1612467148181,2021-02-04T19:32:28.181Z,141.222,0.9336582523739926,0.19035108616965202,0.16609500168711833,-0.25389206797876124
1612467148196,2021-02-04T19:32:28.196Z,141.237,0.9336034900678084,0.19054990688666154,0.16616693743120287,-0.2538972335875808
1612467148211,2021-02-04T19:32:28.211Z,141.252,0.9335852761115756,0.1906062499781962,0.1662271482084456,-0.253882502145008
1612467148226,2021-02-04T19:32:28.226Z,141.267,0.9335417046861338,0.1907272184826566,0.1663857269406937,-0.2538479931218549
1612467148256,2021-02-04T19:32:28.256Z,141.297,0.9334734054223037,0.1908788157842298,0.16666730668421828,-0.2538004884485572
1612467148271,2021-02-04T19:32:28.271Z,141.312,0.9334388002679156,0.19085631842311965,0.16697681001101497,-0.253741239830881
1612467148286,2021-02-04T19:32:28.286Z,141.327,0.9334000030026595,0.19092507863628083,0.1671500362413166,-0.2537181785503194
1612467148316,2021-02-04T19:32:28.316Z,141.357,0.9333323089820759,0.19124125254678226,0.1671119714651919,-0.25375415923200506
1612467148331,2021-02-04T19:32:28.331Z,141.372,0.9332687198759323,0.1915862824945749,0.16699380535140082,-0.25380555911032787
1612467148346,2021-02-04T19:32:28.346Z,141.387,0.9331780595290661,0.19207040667986594,0.16683303858606785,-0.25387872169116
1612467148376,2021-02-04T19:32:28.376Z,141.417,0.9330951796056357,0.19252179704657374,0.16667525254340732,-0.253945079984385
1612467148391,2021-02-04T19:32:28.391Z,141.432,0.933009709084598,0.19290338485198355,0.16667013034840783,-0.2539729011453113
1612467148406,2021-02-04T19:32:28.406Z,141.447,0.9329550619824157,0.1930608738025268,0.16682286258575466,-0.25395370414051094
1612467148436,2021-02-04T19:32:28.436Z,141.477,0.9329384533538863,0.1931047838149503,0.16702202692194495,-0.25385040327784575
1612467148451,2021-02-04T19:32:28.451Z,141.492,0.9329660198065061,0.19315091136743917,0.1671627562608306,-0.25362126141870656
1612467148466,2021-02-04T19:32:28.466Z,141.507,0.9330384945795606,0.19318783435934153,0.16712950538592852,-0.25334829132581477
1612467148496,2021-02-04T19:32:28.496Z,141.537,0.9330780042094391,0.19336653679816196,0.16704267717896568,-0.2531236150739376
1612467148511,2021-02-04T19:32:28.511Z,141.552,0.9330855075728496,0.19375928451492738,0.16688938408662451,-0.25289663639710197
1612467148526,2021-02-04T19:32:28.526Z,141.567,0.9330241462802035,0.1942951232314885,0.16672997741721643,-0.2528170527812798
1612467148556,2021-02-04T19:32:28.556Z,141.597,0.932920853196755,0.1948319854832968,0.16655657069131335,-0.2528993631127303
1612467148571,2021-02-04T19:32:28.571Z,141.612,0.9328221391764102,0.19533468587836347,0.16641320271582488,-0.2529700834427047
1612467148586,2021-02-04T19:32:28.586Z,141.627,0.9327490340167589,0.19567046872471539,0.16636924550791082,-0.25300905390713163
1612467148616,2021-02-04T19:32:28.616Z,141.657,0.93272179960792,0.19589258658130249,0.16632468118840968,-0.2529668742863855
1612467148631,2021-02-04T19:32:28.631Z,141.672,0.9327362075431457,0.19607359277641437,0.1661308900026582,-0.2529008516013809
1612467148646,2021-02-04T19:32:28.646Z,141.687,0.9327000493643334,0.19636402321851845,0.16587443818689682,-0.2529771907848388
1612467148676,2021-02-04T19:32:28.676Z,141.717,0.9326272757223587,0.1968168732406151,0.1655983931855512,-0.253074406372598
1612467148691,2021-02-04T19:32:28.691Z,141.732,0.9325177524658634,0.19743436016923385,0.16531523449364333,-0.25318212418117414
1612467148706,2021-02-04T19:32:28.706Z,141.747,0.9324189718396975,0.1979299790295334,0.1651921900336156,-0.25323926375399963
1612467148736,2021-02-04T19:32:28.736Z,141.777,0.9324015898220874,0.19816035142964855,0.16513632057616728,-0.25315952687008975
1612467148751,2021-02-04T19:32:28.751Z,141.792,0.9323880229069361,0.1981836560907771,0.16519549434968592,-0.2531526453441682
1612467148766,2021-02-04T19:32:28.766Z,141.807,0.9323053475436932,0.1982188345524431,0.16544921767077475,-0.2532638721614932
1612467148796,2021-02-04T19:32:28.796Z,141.837,0.9322394938439135,0.19829953643364237,0.16563046355537817,-0.2533246326559601
1612467148811,2021-02-04T19:32:28.811Z,141.852,0.9321942183761396,0.19855769462674902,0.1654711838518917,-0.2533931104928911
1612467148826,2021-02-04T19:32:28.826Z,141.867,0.932074529802689,0.19900482971599517,0.16519044828177093,-0.25366565482790776
1612467148856,2021-02-04T19:32:28.856Z,141.897,0.93200127470043,0.19938288843729024,0.16482319369427154,-0.25387674681939154
1612467148871,2021-02-04T19:32:28.871Z,141.912,0.9319180854405799,0.19973409122039923,0.1644953734470287,-0.2541185686793629
1612467148886,2021-02-04T19:32:28.886Z,141.927,0.9318415488827672,0.20002329627023852,0.1642567522617073,-0.25432602710180824
1612467148901,2021-02-04T19:32:28.901Z,141.942,0.9318000409885889,0.2002453163945572,0.1641711961969298,-0.25435863503128253
1612467148938,2021-02-04T19:32:28.938Z,141.979,0.9317637050525264,0.20042657811831022,0.16411831976814573,-0.25438310055318974
1612467148946,2021-02-04T19:32:28.946Z,141.987,0.9317421001632804,0.20061029119840826,0.16408533535540173,-0.25433869656407915
1612467148961,2021-02-04T19:32:28.961Z,142.002,0.9317822091704157,0.200726827500108,0.1640511913357669,-0.2541217464455909
1612467148991,2021-02-04T19:32:28.991Z,142.032,0.931850862611063,0.20076184173186992,0.16401185521231737,-0.25386761137502223
1612467149006,2021-02-04T19:32:29.006Z,142.047,0.931912733795147,0.2007933935114245,0.16397635412076586,-0.25363837446625276
1612467149021,2021-02-04T19:32:29.021Z,142.062,0.9319678435187668,0.20082151300947676,0.16394470177139928,-0.25343400190315957
1612467149051,2021-02-04T19:32:29.051Z,142.092,0.9319678435187668,0.20082151300947676,0.16394470177139928,-0.25343400190315957
1612467149066,2021-02-04T19:32:29.066Z,142.107,0.931957013867278,0.20090610697085912,0.16373579895176626,-0.25354180844000196
1612467149081,2021-02-04T19:32:29.081Z,142.122,0.9319444072133333,0.20098282913360618,0.16336264566770864,-0.25376794568598915
1612467149111,2021-02-04T19:32:29.111Z,142.152,0.9319061356133953,0.20099195752709853,0.1631275737176883,-0.25405232159638563
1612467149126,2021-02-04T19:32:29.126Z,142.167,0.931857014835068,0.2009632595816065,0.16303118492029584,-0.2543169379819123
1612467149141,2021-02-04T19:32:29.141Z,142.182,0.9317924092784341,0.20106921663373917,0.16295152963535822,-0.2545208736486709
1612467149171,2021-02-04T19:32:29.171Z,142.212,0.9317323446810073,0.2012363000510479,0.16284200812783428,-0.25467875805785495
1612467149186,2021-02-04T19:32:29.186Z,142.227,0.9317284691018168,0.20135116321713906,0.16265328608012486,-0.25472274626272884
1612467149201,2021-02-04T19:32:29.201Z,142.242,0.9317420335810807,0.2013616939459775,0.1625226963470715,-0.2547481584653295
1612467149231,2021-02-04T19:32:29.231Z,142.272,0.931783110326822,0.2013282448645048,0.16240231147815873,-0.25470112358606245
1612467149246,2021-02-04T19:32:29.246Z,142.287,0.9318506865631686,0.20131543200698776,0.16227987795889026,-0.25454201224402767
1612467149261,2021-02-04T19:32:29.261Z,142.302,0.9318230255787142,0.2014634584747404,0.1622208094939719,-0.2545638090299723
1612467149291,2021-02-04T19:32:29.291Z,142.332,0.9317790041484871,0.20169872020660617,0.16212692466767983,-0.25459845638351997
1612467149306,2021-02-04T19:32:29.306Z,142.347,0.9317324920726958,0.2019469640132635,0.16202783227534323,-0.2546349711056648
1612467149321,2021-02-04T19:32:29.321Z,142.362,0.9317170852284213,0.2020290993154253,0.16199504873182033,-0.25464705046323943
1612467149351,2021-02-04T19:32:29.351Z,142.392,0.9317170852284213,0.2020290993154253,0.16199504873182033,-0.25464705046323943
1612467149366,2021-02-04T19:32:29.366Z,142.407,0.9316806207019733,0.20201085221497775,0.16201606297942522,-0.25478153766003314
1612467149381,2021-02-04T19:32:29.381Z,142.422,0.9316663538979696,0.2020423129223194,0.16195470593209824,-0.25484776245812013
1612467149411,2021-02-04T19:32:29.411Z,142.452,0.9316446922755681,0.2021576935494985,0.16190862180461146,-0.2548647336899327
1612467149426,2021-02-04T19:32:29.426Z,142.467,0.9316886197629533,0.20215630952547395,0.16184148317805064,-0.2547478687761149
1612467149441,2021-02-04T19:32:29.441Z,142.482,0.9317477143328389,0.20213686480023219,0.16171958008513554,-0.2546245513326446
1612467149456,2021-02-04T19:32:29.456Z,142.497,0.9318176369129952,0.20212017913464334,0.16158666885609557,-0.254466251539279
1612467149501,2021-02-04T19:32:29.501Z,142.542,0.9318716174794269,0.2021471068143141,0.16155550756734285,-0.2542668946550792
1612467149502,2021-02-04T19:32:29.502Z,142.543,0.9319134083296146,0.20216799801349197,0.16153136052476913,-0.25411241512707433
1612467149516,2021-02-04T19:32:29.516Z,142.557,0.9319270479040972,0.2021748164433636,0.16152346917326202,-0.25406198040454847
1612467149546,2021-02-04T19:32:29.546Z,142.587,0.9319180699267963,0.20222259384290983,0.16150444107887413,-0.25406898471706624
1612467149561,2021-02-04T19:32:29.561Z,142.602,0.9318830401246564,0.2022051007185294,0.1615246995769973,-0.25419848189554184
1612467149576,2021-02-04T19:32:29.576Z,142.617,0.9318830401246564,0.2022051007185294,0.1615246995769973,-0.25419848189554184
1612467149606,2021-02-04T19:32:29.606Z,142.647,0.9318830401246564,0.2022051007185294,0.1615246995769973,-0.25419848189554184
1612467149621,2021-02-04T19:32:29.621Z,142.662,0.9319288830897565,0.2021534542027306,0.1613643114554626,-0.2541733597478068
1612467149636,2021-02-04T19:32:29.636Z,142.677,0.9319801050449502,0.20209240784455465,0.16117899540878697,-0.2541516750505655
1612467149666,2021-02-04T19:32:29.666Z,142.707,0.9320154269699434,0.20202856844528777,0.1610120849479816,-0.2541786968309606
1612467149681,2021-02-04T19:32:29.681Z,142.722,0.9320113021427431,0.20195209273114936,0.16088046018391947,-0.254337890316618
1612467149696,2021-02-04T19:32:29.696Z,142.737,0.9319448221787685,0.20191910099720564,0.160918755583307,-0.25458334424738754
1612467149726,2021-02-04T19:32:29.726Z,142.767,0.9319085722024387,0.20184762259484526,0.1608432900894704,-0.2548203020593444
1612467149741,2021-02-04T19:32:29.741Z,142.782,0.9318896539794252,0.2018382444073163,0.16085416495202307,-0.25489004201472265
1612467149756,2021-02-04T19:32:29.756Z,142.797,0.9318581324747024,0.20200621395872184,0.1607870703254465,-0.2549145513284462
1612467149786,2021-02-04T19:32:29.786Z,142.827,0.931825852968588,0.20217809302136416,0.16071840263700277,-0.2549395879329426
1612467149801,2021-02-04T19:32:29.801Z,142.842,0.9317955929864579,0.2022329785287218,0.16086153476195098,-0.25491638221276836
1612467149816,2021-02-04T19:32:29.816Z,142.857,0.9318056573862089,0.20226154878731942,0.16089814343815206,-0.25483380894882407
1612467149846,2021-02-04T19:32:29.846Z,142.887,0.9318817171091984,0.2022262402853273,0.1608881841832806,-0.2545898765620498
1612467149861,2021-02-04T19:32:29.861Z,142.902,0.9319693867022454,0.20214453157014506,0.1608957072165967,-0.2543289641495805
1612467149876,2021-02-04T19:32:29.876Z,142.917,0.9319925970702996,0.20215605902335357,0.16088231006803336,-0.25424320858870153
1612467149906,2021-02-04T19:32:29.906Z,142.947,0.9319393963702387,0.2022435040477674,0.16097614340249952,-0.25430927591972247
1612467149921,2021-02-04T19:32:29.921Z,142.962,0.9318216868660176,0.20239822611995412,0.16115590061734145,-0.25450359063454997
1612467149936,2021-02-04T19:32:29.936Z,142.977,0.9317509498757718,0.20246624998505147,0.16138219244791654,-0.2545650663058298
1612467149966,2021-02-04T19:32:29.966Z,143.007,0.9317912443987693,0.20230121853972888,0.16151336660392898,-0.2544655698663355
1612467149981,2021-02-04T19:32:29.981Z,143.022,0.9318906278498036,0.20214212865690537,0.16144333923119944,-0.25427242431226005
1612467149996,2021-02-04T19:32:29.996Z,143.037,0.931963401602773,0.20208185749144367,0.16138292466988186,-0.25409189788498077
1612467150026,2021-02-04T19:32:30.026Z,143.067,0.9320102788328036,0.20196194521283467,0.16136965058700362,-0.2540237168165127
1612467150041,2021-02-04T19:32:30.041Z,143.082,0.9320264470613013,0.20197001778955756,0.16136031679278653,-0.25396389912132106
1612467150056,2021-02-04T19:32:30.056Z,143.097,0.9320537524714043,0.20207719459184895,0.16135915813084634,-0.25377910082819455
1612467150071,2021-02-04T19:32:30.071Z,143.112,0.9320915061287247,0.20226795796981345,0.16131559258789793,-0.2535160290187242
1612467150101,2021-02-04T19:32:30.101Z,143.142,0.9321708009198821,0.20230759517170693,0.16126959101164534,-0.2532219458561268
1612467150116,2021-02-04T19:32:30.116Z,143.157,0.9322140884044732,0.20232925790543277,0.16124444649995168,-0.25306124406668473
1612467150131,2021-02-04T19:32:30.131Z,143.172,0.9322140884044732,0.20232925790543277,0.16124444649995168,-0.25306124406668473
1612467150161,2021-02-04T19:32:30.161Z,143.202,0.9322285265482093,0.20217338181686456,0.16131157430533066,-0.25308985354933267
1612467150176,2021-02-04T19:32:30.176Z,143.217,0.9322616914614863,0.20199670964937422,0.16138175740362415,-0.2530640162123266
1612467150191,2021-02-04T19:32:30.191Z,143.232,0.932299337726145,0.20185303331126256,0.16135093608875634,-0.25305962388677505
1612467150221,2021-02-04T19:32:30.221Z,143.262,0.9323649294190727,0.2018036377456749,0.16106507588166152,-0.2530394663154638
1612467150236,2021-02-04T19:32:30.236Z,143.277,0.9324698376712826,0.20175139507172624,0.1606375704003273,-0.2529662969563018
1612467150251,2021-02-04T19:32:30.251Z,143.292,0.9324891245053325,0.20168817073217188,0.16031975855139194,-0.25314716961485506
1612467150281,2021-02-04T19:32:30.281Z,143.322,0.9323252506063395,0.20184162479900658,0.1601657736777012,-0.253725265834025
1612467150296,2021-02-04T19:32:30.296Z,143.337,0.9321275291495501,0.20206621644068368,0.15998030453746337,-0.2543891030193745
1612467150311,2021-02-04T19:32:30.311Z,143.352,0.9320156794661143,0.2021886414692585,0.15978490887372263,-0.2548240753664167
1612467150341,2021-02-04T19:32:30.341Z,143.382,0.9320382518720152,0.20213358734681658,0.15955894992586164,-0.25492675695623157
1612467150356,2021-02-04T19:32:30.356Z,143.397,0.9320851827430559,0.20199425738021745,0.15945587263837693,-0.2549301017482881
1612467150371,2021-02-04T19:32:30.371Z,143.412,0.9321068484834903,0.20186187363313937,0.15953455838337566,-0.2549065155403354
1612467150401,2021-02-04T19:32:30.401Z,143.442,0.9321408267338657,0.2017524075137544,0.15960374519338996,-0.25482560648128166
1612467150416,2021-02-04T19:32:30.416Z,143.457,0.93223141837208,0.20165526916746984,0.15943251938457068,-0.2546782416690984
1612467150431,2021-02-04T19:32:30.431Z,143.472,0.932310742116486,0.20159970808811947,0.15922720302869386,-0.2545602790080398
1612467150461,2021-02-04T19:32:30.461Z,143.502,0.932351280705604,0.2015486101868421,0.15910243138080113,-0.25453027998077116
1612467150476,2021-02-04T19:32:30.476Z,143.517,0.9323172118765624,0.20163763323967948,0.15902754674757497,-0.25463134268126025
1612467150491,2021-02-04T19:32:30.491Z,143.532,0.9322262513275332,0.20168134032371465,0.15906848619659752,-0.2549040407686148
1612467150536,2021-02-04T19:32:30.536Z,143.577,0.9321020513952584,0.20169145203861893,0.15924119655495406,-0.25524216986824627
1612467150537,2021-02-04T19:32:30.537Z,143.578,0.9320010509110151,0.20172064995423936,0.15937355862412156,-0.2555051649072602
1612467150551,2021-02-04T19:32:30.551Z,143.592,0.9319020426253495,0.20181613349634805,0.1595629009850034,-0.25567266541524414
1612467150581,2021-02-04T19:32:30.581Z,143.622,0.9319190406833971,0.20167044474894047,0.15973930117484098,-0.2556155100667302
1612467150596,2021-02-04T19:32:30.596Z,143.637,0.9320259569798187,0.20139563599171095,0.15985458251819115,-0.25537017399704703
1612467150611,2021-02-04T19:32:30.611Z,143.652,0.9321514635542236,0.2011199401274315,0.1600123251084149,-0.2550303403327852
1612467150641,2021-02-04T19:32:30.641Z,143.682,0.9322764235217206,0.20095283118716578,0.16006664053016886,-0.2546709649190455
1612467150656,2021-02-04T19:32:30.656Z,143.697,0.9323412557933091,0.2009723977595868,0.1600907478258248,-0.2544028902058425
1612467150671,2021-02-04T19:32:30.671Z,143.712,0.9323971316213924,0.20102003240006897,0.16001464097285237,-0.2542082811247587
1612467150686,2021-02-04T19:32:30.686Z,143.727,0.9324578101198602,0.2008927295424119,0.16008669478444706,-0.25404092921508864
1612467150716,2021-02-04T19:32:30.716Z,143.757,0.9324835100142488,0.20065173984196033,0.1603362052685127,-0.253979692357468
1612467150761,2021-02-04T19:32:30.761Z,143.802,0.9324782918101542,0.20054873601322587,0.16043206831788204,-0.25401966703694606
1612467150762,2021-02-04T19:32:30.762Z,143.803,0.9324406064613906,0.20058537872679966,0.16036440770652907,-0.25417174902784634
1612467150776,2021-02-04T19:32:30.776Z,143.817,0.9323646061994798,0.20075653452494036,0.16035058021842094,-0.254324097119485
1612467150791,2021-02-04T19:32:30.791Z,143.832,0.9323647692354697,0.20072728779353582,0.16044460734567895,-0.2542872804471969
1612467150806,2021-02-04T19:32:30.806Z,143.847,0.9324255469414465,0.20044239441524087,0.16077351411776017,-0.25408133164452645
1612467150843,2021-02-04T19:32:30.843Z,143.884,0.9325968939568748,0.20009654008630492,0.16087432117179057,-0.25366091700337856
1612467150851,2021-02-04T19:32:30.851Z,143.892,0.9327237213713099,0.19994420583580905,0.1607266415355755,-0.2534082098998319
1612467150866,2021-02-04T19:32:30.866Z,143.907,0.9327904561227187,0.199836078549392,0.16046494447606088,-0.2534137097133193
1612467150896,2021-02-04T19:32:30.896Z,143.937,0.9327128399053085,0.1999363283439747,0.16028722300406498,-0.25373259354239386
1612467150911,2021-02-04T19:32:30.911Z,143.952,0.9325689925379326,0.20004942656834515,0.16030216437511735,-0.254162383493535
1612467150926,2021-02-04T19:32:30.926Z,143.967,0.9324728588662344,0.20004501463261823,0.160337575450153,-0.2544960146981352
1612467150971,2021-02-04T19:32:30.971Z,144.012,0.9324711620020947,0.20002211072742548,0.1601993138846089,-0.25460728011097644
1612467150972,2021-02-04T19:32:30.972Z,144.013,0.9325105309262028,0.1998658382176751,0.1601462520310496,-0.2546191948492594
1612467150986,2021-02-04T19:32:30.986Z,144.027,0.9325057597137254,0.19980884015917494,0.16017828527614525,-0.2546612503326078
1612467151016,2021-02-04T19:32:31.016Z,144.057,0.932492119990149,0.1998425426924504,0.16023160440515175,-0.2546512070190212
1612467151031,2021-02-04T19:32:31.031Z,144.072,0.9325316076802678,0.19967703344194704,0.16037265581973903,-0.2545476266996061
1612467151046,2021-02-04T19:32:31.046Z,144.087,0.9325674961542152,0.19947451489950646,0.1606000051031461,-0.25443156522557053
1612467151076,2021-02-04T19:32:31.076Z,144.117,0.9326186135369612,0.19935209275366667,0.16078059447386742,-0.25422601212259893
1612467151091,2021-02-04T19:32:31.091Z,144.132,0.932605425209693,0.19948707684958944,0.16074639392497608,-0.25419013332458423
1612467151106,2021-02-04T19:32:31.106Z,144.147,0.9326164780373046,0.1996267936962192,0.16038688209334648,-0.2542669781631818
1612467151136,2021-02-04T19:32:31.136Z,144.177,0.9326882536445031,0.19953737031529878,0.15996597377387237,-0.25433903867829455
1612467151151,2021-02-04T19:32:31.151Z,144.192,0.9326435211068622,0.1995035294121,0.15988955213810305,-0.25457756265347936
1612467151166,2021-02-04T19:32:31.166Z,144.207,0.932530290212894,0.19953090678404573,0.16003925364129767,-0.2548766610879246
1612467151196,2021-02-04T19:32:31.196Z,144.237,0.9324337465988621,0.19954462058380054,0.16029768992763188,-0.25505666665182586
1612467151211,2021-02-04T19:32:31.211Z,144.252,0.9323959050079086,0.1994709221279931,0.1606157518343102,-0.2550525589218634
1612467151226,2021-02-04T19:32:31.226Z,144.267,0.9323896974710472,0.1994378471363542,0.16073199828365176,-0.25502788456796177
1612467151241,2021-02-04T19:32:31.241Z,144.282,0.9324222481751298,0.19955659512477034,0.16048786289224787,-0.254969728231655
1612467151271,2021-02-04T19:32:31.271Z,144.312,0.9324006260190402,0.199823016483164,0.16013140712266422,-0.25506424119383453
1612467151286,2021-02-04T19:32:31.286Z,144.327,0.9323728928549269,0.20003010839538932,0.15984286708417764,-0.25518425156536206
1612467151301,2021-02-04T19:32:31.301Z,144.342,0.9323349273778525,0.20011233089068,0.1598810940902125,-0.2552345469746404
1612467151331,2021-02-04T19:32:31.331Z,144.372,0.9323630226445957,0.20012982120745734,0.15999014227143507,-0.2550498050273131
1612467151361,2021-02-04T19:32:31.361Z,144.402,0.9324786410163869,0.20003439408463494,0.1600536768068788,-0.25466182629523515
1612467151376,2021-02-04T19:32:31.376Z,144.417,0.9325873234009591,0.20002023416960055,0.16002319151750632,-0.254293862157789
1612467151391,2021-02-04T19:32:31.391Z,144.432,0.9325883954756075,0.20018888075114624,0.1599449525582309,-0.25420642949968897
1612467151406,2021-02-04T19:32:31.406Z,144.447,0.932534354007629,0.20035412264405073,0.1599556973726277,-0.2542677309710042
1612467151421,2021-02-04T19:32:31.421Z,144.462,0.932534354007629,0.20035412264405073,0.1599556973726277,-0.2542677309710042
1612467151451,2021-02-04T19:32:31.451Z,144.492,0.9325945365553677,0.20034436579349052,0.15984995542779828,-0.2541211467619603
1612467151466,2021-02-04T19:32:31.466Z,144.507,0.9326988048138202,0.20029956162032933,0.15961615889827704,-0.25392067054916023
1612467151481,2021-02-04T19:32:31.481Z,144.522,0.9327726128303767,0.2003131675398786,0.1595327569666877,-0.25369112542290556
1612467151526,2021-02-04T19:32:31.526Z,144.567,0.9328461197390844,0.20019005474466123,0.15961703027140425,-0.25346491377782654
1612467151527,2021-02-04T19:32:31.527Z,144.568,0.9329079630875887,0.19995288682439255,0.15970514508248979,-0.25336898407764635
1612467151541,2021-02-04T19:32:31.541Z,144.582,0.9329840278611674,0.19976056845402154,0.1594461468972411,-0.2534037199539546
1612467151571,2021-02-04T19:32:31.571Z,144.612,0.9330114590027846,0.19981857924087168,0.1589882058080336,-0.2535446768788434
1612467151586,2021-02-04T19:32:31.586Z,144.627,0.9329419432239909,0.20005843559081246,0.15869975463757585,-0.2537919242221345
1612467151601,2021-02-04T19:32:31.601Z,144.642,0.932873022864902,0.2001290463446855,0.15869088022887523,-0.2539950640312743
1612467151631,2021-02-04T19:32:31.631Z,144.672,0.9328153733566287,0.2001471383337634,0.15880793316961386,-0.2541193471751689
1612467151646,2021-02-04T19:32:31.646Z,144.687,0.9328153733566287,0.2001471383337634,0.15880793316961386,-0.2541193471751689
1612467151661,2021-02-04T19:32:31.661Z,144.702,0.9328153733566287,0.2001471383337634,0.15880793316961386,-0.2541193471751689
1612467151691,2021-02-04T19:32:31.691Z,144.732,0.9328153733566287,0.2001471383337634,0.15880793316961386,-0.2541193471751689
1612467151706,2021-02-04T19:32:31.706Z,144.747,0.9327716310334986,0.2002627477909987,0.15861585556065994,-0.25430872291580103
1612467151721,2021-02-04T19:32:31.721Z,144.762,0.932748402158905,0.20042824100886747,0.15836795273757076,-0.2544180222032465
1612467151751,2021-02-04T19:32:31.751Z,144.792,0.9327343393304884,0.20060249950544537,0.15814367432422236,-0.25447174243345594
1612467151766,2021-02-04T19:32:31.766Z,144.807,0.9327464728060813,0.20061784524405807,0.1580110654317729,-0.2544975458399583
1612467151781,2021-02-04T19:32:31.781Z,144.822,0.9327343343127263,0.2006661586522481,0.15801781488317138,-0.25449975352737353
1612467151811,2021-02-04T19:32:31.811Z,144.852,0.9326267962972516,0.20073851594189118,0.15818904022302427,-0.2547303173929051
1612467151826,2021-02-04T19:32:31.826Z,144.867,0.9324723544240044,0.20071557490425732,0.1583491141849096,-0.25521387944753615
1612467151841,2021-02-04T19:32:31.841Z,144.882,0.9322941071719846,0.2006644215665723,0.1584883773661508,-0.25581814222136307
1612467151856,2021-02-04T19:32:31.856Z,144.897,0.9321158700871603,0.20062606457124874,0.15861814760126433,-0.25641659501259406
1612467151886,2021-02-04T19:32:31.886Z,144.927,0.9320477141812701,0.20049228658300866,0.1585703773714896,-0.25679824168099213
1612467151901,2021-02-04T19:32:31.901Z,144.942,0.9320646071875643,0.20029006260701723,0.15842559755550759,-0.25698402457808317
1612467151916,2021-02-04T19:32:31.916Z,144.957,0.9320540752264715,0.20019834378724718,0.15836461558089165,-0.257131236006998
1612467151946,2021-02-04T19:32:31.946Z,144.987,0.9320127623894218,0.20015601019385174,0.15834588161392332,-0.2573254050855208
1612467151961,2021-02-04T19:32:31.961Z,145.002,0.9319466741681371,0.20011750097149583,0.15839042308971482,-0.2575671877109598
1612467151976,2021-02-04T19:32:31.976Z,145.017,0.9318562144265614,0.20019871430379518,0.15839173856901076,-0.25783042407518847
1612467152006,2021-02-04T19:32:32.006Z,145.047,0.9317665769623957,0.20034037238239202,0.15835760761385212,-0.2580652036991456
1612467152021,2021-02-04T19:32:32.021Z,145.062,0.9317382773461435,0.20044983676505237,0.15826273879416894,-0.2581405643797062
1612467152051,2021-02-04T19:32:32.051Z,145.092,0.9317745996309376,0.2004311961362939,0.15812715740235475,-0.2581070188697541
1612467152066,2021-02-04T19:32:32.066Z,145.107,0.9318187740959316,0.20044461047869236,0.15800102792557516,-0.2580143514358492
1612467152081,2021-02-04T19:32:32.081Z,145.122,0.9318017215852694,0.20051727467719246,0.15802782727177128,-0.2580030620254776
1612467152096,2021-02-04T19:32:32.096Z,145.137,0.9318023144157167,0.2004630747541947,0.15815416782159497,-0.2579656211789989
1612467152126,2021-02-04T19:32:32.126Z,145.167,0.9318331417736128,0.20024862273246016,0.15833301888602735,-0.2579111089435812
1612467152141,2021-02-04T19:32:32.141Z,145.182,0.9318869923272546,0.19994283427516524,0.1584854542763479,-0.2578601507330993
1612467152156,2021-02-04T19:32:32.156Z,145.197,0.931922771066053,0.19974529153981657,0.15855391520773426,-0.25784185705300283
1612467152186,2021-02-04T19:32:32.186Z,145.227,0.9319335809025158,0.1997147414612677,0.1584894595880967,-0.2578660777007049
1612467152201,2021-02-04T19:32:32.201Z,145.242,0.9318905750165039,0.19985547561809697,0.1584263435622479,-0.2579512332328935
1612467152216,2021-02-04T19:32:32.216Z,145.257,0.9318527880930767,0.1999410340254183,0.15843738847637814,-0.2580146471981602
1612467152246,2021-02-04T19:32:32.246Z,145.287,0.9318428725443965,0.1999627543551707,0.15846807666670645,-0.258014779492292
1612467152261,2021-02-04T19:32:32.261Z,145.302,0.9318330766046575,0.1999774677568425,0.15850327175162576,-0.25801713621209316
1612467152276,2021-02-04T19:32:32.276Z,145.317,0.9318184362747236,0.20007784854034025,0.15837629507614068,-0.2580701561590427
1612467152306,2021-02-04T19:32:32.306Z,145.347,0.931752991081194,0.20019426908574575,0.1581721221341456,-0.2583412433508312
1612467152321,2021-02-04T19:32:32.321Z,145.362,0.9316186017034915,0.20038164524852323,0.15803345124970042,-0.2587651550994346
1612467152336,2021-02-04T19:32:32.336Z,145.377,0.9314460404220972,0.20056364522427375,0.1580688359097322,-0.2592233421405
1612467152366,2021-02-04T19:32:32.366Z,145.407,0.9313083624246157,0.20067802545054003,0.15830698994868436,-0.25948402862727493
1612467152381,2021-02-04T19:32:32.381Z,145.422,0.9312908291758227,0.20067279329689125,0.15837548577516217,-0.25950920413140094
1612467152396,2021-02-04T19:32:32.396Z,145.437,0.9313512412819039,0.20065123485899675,0.1583751661226461,-0.25930918623882265
1612467152426,2021-02-04T19:32:32.426Z,145.467,0.9313975241430728,0.20068270148414782,0.1583753350307347,-0.259118425819318
1612467152441,2021-02-04T19:32:32.441Z,145.482,0.9313933984750558,0.2007557433753971,0.15837144623199526,-0.2590790493213685
1612467152456,2021-02-04T19:32:32.456Z,145.497,0.9313371514475464,0.20090914277265182,0.15853955933969033,-0.25905951981794706
1612467152478,2021-02-04T19:32:32.478Z,145.519,0.9313171536850637,0.20096778051758576,0.15872909271149124,-0.2589698545637571
1612467152501,2021-02-04T19:32:32.501Z,145.542,0.9313841737056906,0.20084907868289262,0.15885497141501706,-0.25874363107047765
1612467152516,2021-02-04T19:32:32.516Z,145.557,0.9314649574108415,0.20071038691891593,0.15893678328852917,-0.2585101015751097
1612467152531,2021-02-04T19:32:32.531Z,145.572,0.931482612752777,0.20069655695584557,0.15899001403603158,-0.25842447562518484
1612467152561,2021-02-04T19:32:32.561Z,145.602,0.9314790697025392,0.2007010140860801,0.15900330699352705,-0.2584256063474233
1612467152576,2021-02-04T19:32:32.576Z,145.617,0.9314605212715334,0.2006925704307315,0.15902271159212703,-0.2584870725671913
1612467152606,2021-02-04T19:32:32.606Z,145.647,0.9314264620137076,0.20067648036521202,0.15905290537151898,-0.2586036917403471
1612467152621,2021-02-04T19:32:32.621Z,145.662,0.9314433839617772,0.20064580520491823,0.15896152174237524,-0.25862273282302833
1612467152636,2021-02-04T19:32:32.636Z,145.677,0.9314342278584635,0.20076152287160567,0.15880320795833927,-0.25866316175698895
1612467152651,2021-02-04T19:32:32.651Z,145.692,0.9314563951338845,0.20079666154783862,0.15866411712809972,-0.2586414170456703
1612467152681,2021-02-04T19:32:32.681Z,145.722,0.931442244688746,0.20083994504381633,0.1586987024756374,-0.25863755163652513
1612467152696,2021-02-04T19:32:32.696Z,145.737,0.9314332276315281,0.20083507269875092,0.1587864214811238,-0.25861996904960804
1612467152711,2021-02-04T19:32:32.711Z,145.752,0.9314788626438851,0.2007804782171644,0.15883558460908534,-0.2584677640953145
1612467152741,2021-02-04T19:32:32.741Z,145.782,0.9314977416128232,0.20083188122832574,0.15886894858342201,-0.2583392537507605
1612467152756,2021-02-04T19:32:32.756Z,145.797,0.931476409899001,0.20089734291452097,0.15889223454885973,-0.2583509497014162
1612467152771,2021-02-04T19:32:32.771Z,145.812,0.9314720780423682,0.20090348722162818,0.15890797353757197,-0.25835210971812034
1612467152801,2021-02-04T19:32:32.801Z,145.842,0.9314720780423682,0.20090348722162818,0.15890797353757197,-0.25835210971812034
1612467152822,2021-02-04T19:32:32.823Z,145.863,0.9314841891805951,0.20088107937986285,0.15885012970065002,-0.25836143974640924
1612467152831,2021-02-04T19:32:32.831Z,145.872,0.931496159616914,0.200858927681622,0.1587929744697007,-0.25837063890580664
1612467152861,2021-02-04T19:32:32.861Z,145.902,0.931496159616914,0.200858927681622,0.1587929744697007,-0.25837063890580664
1612467152876,2021-02-04T19:32:32.876Z,145.917,0.931496159616914,0.200858927681622,0.1587929744697007,-0.25837063890580664
1612467152891,2021-02-04T19:32:32.891Z,145.932,0.9314872506705087,0.20090664748568127,0.1587737172159817,-0.2583774904200836
1612467152921,2021-02-04T19:32:32.921Z,145.962,0.9314774520560247,0.20095912293969306,0.15875253454742658,-0.2583850227727872
1612467152936,2021-02-04T19:32:32.936Z,145.977,0.9314654761009923,0.20098129149265978,0.1588097487353698,-0.25837579416133977
1612467152951,2021-02-04T19:32:32.951Z,145.992,0.931475269338313,0.2009288588202291,0.15883091332018506,-0.2583682590377414
1612467152981,2021-02-04T19:32:32.981Z,146.022,0.9315158007218093,0.20080537943799082,0.15901326275922245,-0.2582059156197582
1612467152996,2021-02-04T19:32:32.996Z,146.037,0.9316026403470603,0.2006349877316502,0.15906336133045468,-0.25799412644198594
1612467153011,2021-02-04T19:32:33.011Z,146.052,0.9316476055807492,0.20055382111175984,0.1592182630729084,-0.25779924080023053
1612467153041,2021-02-04T19:32:33.041Z,146.082,0.9316137643601149,0.20053790008860983,0.15953324476252093,-0.25773918696691933
1612467153056,2021-02-04T19:32:33.056Z,146.097,0.9316063119720689,0.20049531617184024,0.1598000313977748,-0.25763396059569577
1612467153071,2021-02-04T19:32:33.071Z,146.112,0.9316881925655391,0.20033379364562268,0.15992163289512595,-0.2573879451133416
1612467153086,2021-02-04T19:32:33.086Z,146.127,0.9317763186033905,0.20025197596944527,0.15993002728879024,-0.2571272536734531
1612467153116,2021-02-04T19:32:33.116Z,146.157,0.9318256404999529,0.20027605063922857,0.15990223510239973,-0.25694698763842894
1612467153131,2021-02-04T19:32:33.131Z,146.172,0.9317159298183455,0.2005059049139956,0.1600224936143605,-0.2570906644644987
1612467153146,2021-02-04T19:32:33.146Z,146.187,0.9315524685492562,0.20074528721017926,0.16008661807518063,-0.2574560209354999
1612467153176,2021-02-04T19:32:33.176Z,146.217,0.931437133498787,0.20088361521483372,0.16016245609158872,-0.2577181156544713
1612467153191,2021-02-04T19:32:33.191Z,146.232,0.9314657727104482,0.20081025628650767,0.16010591073047334,-0.2577069121856078
1612467153206,2021-02-04T19:32:33.206Z,146.247,0.9315331152422412,0.20064594383985887,0.159966292234643,-0.25767818257741265
1612467153243,2021-02-04T19:32:33.243Z,146.284,0.9315693876421494,0.20057445290795703,0.15976421634278695,-0.25772807380081764
1612467153251,2021-02-04T19:32:33.251Z,146.292,0.9315624917861652,0.20064997048302824,0.15951126084684839,-0.25785086950669683
1612467153266,2021-02-04T19:32:33.266Z,146.307,0.9315437521621677,0.2006419518501457,0.1595253414475311,-0.2579160917846002
1612467153296,2021-02-04T19:32:33.296Z,146.337,0.9315434960376471,0.20064250049845928,0.1595261593058174,-0.2579160841840209
1612467153311,2021-02-04T19:32:33.311Z,146.352,0.9315716084152734,0.20062848232039848,0.15946112073819463,-0.2578656655107715
1612467153326,2021-02-04T19:32:33.326Z,146.367,0.9315906812675724,0.20076544400177682,0.15934114358386403,-0.25776430907240855
1612467153356,2021-02-04T19:32:33.356Z,146.397,0.9315448412276446,0.2009648120130238,0.15932893031176362,-0.257782165947223
1612467153371,2021-02-04T19:32:33.371Z,146.412,0.9314766879101358,0.20118722579264345,0.15946144738464488,-0.25777301421176213
1612467153386,2021-02-04T19:32:33.386Z,146.427,0.9314445475672716,0.20125985591557463,0.15959720338278893,-0.2577484391348192
1612467153416,2021-02-04T19:32:33.416Z,146.457,0.9314739393920112,0.2012627241473644,0.1596133263824557,-0.25762997136093707
1612467153431,2021-02-04T19:32:33.431Z,146.472,0.9315558965164261,0.20120387931178146,0.1596455802872512,-0.25735947487923283
1612467153446,2021-02-04T19:32:33.446Z,146.487,0.9316336761196342,0.20107716166127898,0.15971086902744197,-0.257136358558178
1612467153476,2021-02-04T19:32:33.476Z,146.517,0.9316778962648201,0.2008765199890143,0.1598454911856057,-0.2570492954207322
1612467153491,2021-02-04T19:32:33.491Z,146.532,0.9316706293457763,0.2008299906881044,0.15996631585850757,-0.25703682818871987
1612467153506,2021-02-04T19:32:33.506Z,146.547,0.9316104592101844,0.20090293088071629,0.16004220483098394,-0.25715065103274587
1612467153536,2021-02-04T19:32:33.536Z,146.577,0.9315159295398643,0.2010862498403166,0.1601525807911087,-0.2572810603301142
1612467153551,2021-02-04T19:32:33.551Z,146.592,0.9314385801975822,0.20126353773501032,0.16029466242725635,-0.25733398705812693
1612467153566,2021-02-04T19:32:33.566Z,146.607,0.9314119160462354,0.20133960889225247,0.16036315011199698,-0.2573283206807055
1612467153596,2021-02-04T19:32:33.596Z,146.637,0.9313928999100777,0.2014050219357495,0.16038203730635942,-0.2573341898108723
1612467153611,2021-02-04T19:32:33.611Z,146.652,0.9314273039013357,0.2012807284640096,0.16032086969824408,-0.2573450303294884
1612467153626,2021-02-04T19:32:33.626Z,146.667,0.9314489929787731,0.2012087490366774,0.16026832419005876,-0.2573555459888814
1612467153656,2021-02-04T19:32:33.656Z,146.697,0.9314368099234344,0.2012459603978105,0.16029785224263574,-0.25735215388571536
1612467153671,2021-02-04T19:32:33.671Z,146.712,0.9314482582875169,0.20125031037708346,0.16019993117544146,-0.25736829011683426
1612467153686,2021-02-04T19:32:33.686Z,146.727,0.9314817879032725,0.20119231901846651,0.16002885035363948,-0.25739871139340736
1612467153701,2021-02-04T19:32:33.701Z,146.742,0.9315022739010326,0.20115219708701773,0.1599252114357866,-0.25742034510016903
1612467153731,2021-02-04T19:32:33.731Z,146.772,0.9314702666294636,0.2011444824389682,0.1599524533634288,-0.2575252458160478
1612467153746,2021-02-04T19:32:33.746Z,146.787,0.9314494808491409,0.20118595746775586,0.16005057983031976,-0.25750706211602614
1612467153761,2021-02-04T19:32:33.761Z,146.802,0.9314784400997873,0.201199797068567,0.16003397353202634,-0.2574017960395488
1612467153791,2021-02-04T19:32:33.791Z,146.832,0.9315084567799666,0.2012268281471617,0.16003830806890385,-0.2572693112900958
1612467153806,2021-02-04T19:32:33.806Z,146.847,0.9315288927184933,0.2013625114822929,0.15998980849966432,-0.2571192761666108
1612467153821,2021-02-04T19:32:33.821Z,146.862,0.9315554826027642,0.20139609326798072,0.15998763401786306,-0.256997963825576
1612467153851,2021-02-04T19:32:33.851Z,146.892,0.9315611338834096,0.20129333429753865,0.16013925676805796,-0.25696354964665663
1612467153866,2021-02-04T19:32:33.866Z,146.907,0.9315497520909141,0.201218013602041,0.16036995372085525,-0.25691992590100177
1612467153881,2021-02-04T19:32:33.881Z,146.922,0.931556970285096,0.20111684444564548,0.16047759762579705,-0.25690575441926505
1612467153911,2021-02-04T19:32:33.911Z,146.952,0.9315544099443868,0.20111541527736332,0.1604733648353984,-0.25691880084840857
1612467153926,2021-02-04T19:32:33.926Z,146.967,0.9315444609357921,0.2012648431789828,0.16024689908903986,-0.256979204474469
1612467153941,2021-02-04T19:32:33.941Z,146.982,0.9315059219763924,0.20148235903336728,0.15995339322576357,-0.25713126670404085
1612467153971,2021-02-04T19:32:33.971Z,147.012,0.9313980178339686,0.20171551175950028,0.15976562620201284,-0.2574558785012218
1612467153986,2021-02-04T19:32:33.986Z,147.027,0.9312720365475988,0.20176522638257308,0.15984685177786698,-0.2578219760687226
1612467154001,2021-02-04T19:32:34.001Z,147.042,0.9311825053690559,0.2017887738028044,0.1600108640633313,-0.25802510700215764
1612467154031,2021-02-04T19:32:34.031Z,147.072,0.9312274529220571,0.20165959090143715,0.1600703658664179,-0.25792696309838187
1612467154046,2021-02-04T19:32:34.046Z,147.087,0.9313262970576628,0.2015640581774244,0.1601008150792411,-0.25762567393579416
1612467154061,2021-02-04T19:32:34.061Z,147.102,0.9314152788352935,0.2016330219139996,0.16006968022861404,-0.2572691203730248
1612467154091,2021-02-04T19:32:34.091Z,147.132,0.9315007768721593,0.2016506146257883,0.1600603911310142,-0.25695136407225466
1612467154106,2021-02-04T19:32:34.106Z,147.147,0.931582155619163,0.20154036612519088,0.16011651600149418,-0.2567077510665012
1612467154121,2021-02-04T19:32:34.121Z,147.162,0.9316276277741669,0.2013317774228784,0.16028705853181185,-0.2565999560304758
1612467154151,2021-02-04T19:32:34.151Z,147.192,0.9316560418892582,0.20111186501170245,0.1604615673271825,-0.2565601737870858
1612467154168,2021-02-04T19:32:34.168Z,147.209,0.9316990543154032,0.20085185030732908,0.16059016307157115,-0.2565272031199648
1612467154181,2021-02-04T19:32:34.181Z,147.222,0.9317446335060657,0.20066061635021873,0.16055923264685942,-0.2565306761197362
1612467154218,2021-02-04T19:32:34.218Z,147.259,0.9317872020150954,0.2005769245259563,0.16035180230656867,-0.25657125132333863
1612467154241,2021-02-04T19:32:34.241Z,147.282,0.9317900247672225,0.20063692749690043,0.16009311411853802,-0.2566756082699152
1612467154242,2021-02-04T19:32:34.242Z,147.283,0.9317614296069368,0.2006476480861966,0.1600238987005219,-0.2568141574349051
1612467154271,2021-02-04T19:32:34.271Z,147.312,0.9317619293007424,0.20060588884565467,0.16010127314737835,-0.2567967421966088
1612467154286,2021-02-04T19:32:34.286Z,147.327,0.9318156306322062,0.20041032786677335,0.16023737706769162,-0.2566696592593341
1612467154301,2021-02-04T19:32:34.301Z,147.342,0.9319463799152327,0.20018122170383687,0.1602995600022249,-0.25633469235190354
1612467154316,2021-02-04T19:32:34.316Z,147.357,0.9321223791791889,0.19995074227061876,0.1601833140402385,-0.2559470195213131
1612467154346,2021-02-04T19:32:34.346Z,147.387,0.9322345076836513,0.19978635756858618,0.1601371040018973,-0.25569579960410493
1612467154361,2021-02-04T19:32:34.361Z,147.402,0.9322250516536084,0.19977204386148106,0.16024312146432512,-0.25567503903236843
1612467154376,2021-02-04T19:32:34.376Z,147.417,0.9321273903470559,0.19984971165174692,0.16052530124783565,-0.2557933708617028
1612467154406,2021-02-04T19:32:34.406Z,147.447,0.9320745015118891,0.1998642143630367,0.16075819814194164,-0.2558284995432798
1612467154421,2021-02-04T19:32:34.421Z,147.462,0.9320911887079206,0.19969071056485638,0.16095496983696048,-0.25577946307696675
1612467154436,2021-02-04T19:32:34.436Z,147.477,0.9321649304969503,0.1994642454626619,0.1609821592961602,-0.25567029847436823
1612467154466,2021-02-04T19:32:34.466Z,147.507,0.9323108401873189,0.19918754284973408,0.16090802505350665,-0.25540052371927713
1612467154481,2021-02-04T19:32:34.481Z,147.522,0.9324216520970647,0.1989967904541667,0.1609008836568589,-0.2551490657007446
1612467154496,2021-02-04T19:32:34.496Z,147.537,0.9324322077571403,0.19893949810541298,0.1609237578816273,-0.25514074190526087
1612467154526,2021-02-04T19:32:34.526Z,147.567,0.9324005259784237,0.1989564233423285,0.16100048419620652,-0.2551949154167738
1612467154541,2021-02-04T19:32:34.541Z,147.582,0.93238271165852,0.1989469895188674,0.1611646335376029,-0.2551637420527746
1612467154556,2021-02-04T19:32:34.556Z,147.597,0.9323853484767038,0.19883411014849492,0.16135835278066082,-0.25511965932742947
1612467154586,2021-02-04T19:32:34.586Z,147.627,0.932477872314803,0.1986038871433854,0.1614335428425843,-0.25491317129581037
1612467154601,2021-02-04T19:32:34.601Z,147.642,0.932602567073496,0.19839338599393241,0.1614888603801981,-0.2545856717391866
1612467154616,2021-02-04T19:32:34.616Z,147.657,0.9327317963815458,0.19820239210017532,0.16153358639209767,-0.25423239024941247
1612467154646,2021-02-04T19:32:34.646Z,147.687,0.932826279702026,0.19798363630530078,0.16160255071891216,-0.25401225807773353
1612467154661,2021-02-04T19:32:34.661Z,147.702,0.9328308035418779,0.19776456672573794,0.161818354226215,-0.254028912422809
1612467154676,2021-02-04T19:32:34.676Z,147.717,0.9327739639768611,0.19767350592116503,0.16187891343930255,-0.25426980663743687
1612467154706,2021-02-04T19:32:34.706Z,147.747,0.9327041899761196,0.19770117683140065,0.16188926616913424,-0.254497552404123
1612467154721,2021-02-04T19:32:34.721Z,147.762,0.9327397063379707,0.19763699164429724,0.1617215675404893,-0.2545238581088131
1612467154736,2021-02-04T19:32:34.736Z,147.777,0.9328089032634654,0.19767259638362764,0.16149740080719946,-0.2543849133967756
1612467154766,2021-02-04T19:32:34.766Z,147.807,0.9328612922373722,0.19768955412580858,0.16130560197925906,-0.2543013024049777
1612467154781,2021-02-04T19:32:34.781Z,147.822,0.9328582833092949,0.19772011251455773,0.16125494096900536,-0.254320711664521
1612467154796,2021-02-04T19:32:34.796Z,147.837,0.9328305283222391,0.1977526113435952,0.1612949876019129,-0.2543718481108705
1612467154826,2021-02-04T19:32:34.826Z,147.867,0.9328175056667254,0.1978011528367816,0.16132095241519379,-0.2543653973519268
1612467154856,2021-02-04T19:32:34.856Z,147.897,0.9328565365830858,0.1976924760614846,0.1613916029307173,-0.25426190742292265
1612467154857,2021-02-04T19:32:34.857Z,147.898,0.9329613605224025,0.1975193704043561,0.1613289819710634,-0.25405148624527774
1612467154871,2021-02-04T19:32:34.871Z,147.912,0.933029163143418,0.1974762779597141,0.16116988445826036,-0.253936938452802
1612467154901,2021-02-04T19:32:34.901Z,147.942,0.933017542900047,0.1975793415682256,0.16102924399912902,-0.2539886828252285
1612467154916,2021-02-04T19:32:34.916Z,147.957,0.9329335309727168,0.1977732703517468,0.16098462897189342,-0.25417456512392306
1612467154931,2021-02-04T19:32:34.931Z,147.972,0.9328513859905899,0.197927884909694,0.16100025421031242,-0.25434575320776454
1612467154961,2021-02-04T19:32:34.961Z,148.002,0.9328312956930549,0.1979358782340917,0.16102738284282145,-0.25439603742610917
1612467154976,2021-02-04T19:32:34.976Z,148.017,0.9328513480848604,0.19798806782007697,0.16089324595161622,-0.25436676430753286
1612467154991,2021-02-04T19:32:34.991Z,148.032,0.9329062966360054,0.1980625097274129,0.16066800641376766,-0.25424963255115557
1612467155021,2021-02-04T19:32:35.021Z,148.062,0.932878896390547,0.19819427322082886,0.1606474703713305,-0.25426046683453374
1612467155036,2021-02-04T19:32:35.036Z,148.077,0.9328689598478456,0.19817982652780483,0.1607516789342404,-0.25424232108292044
1612467155051,2021-02-04T19:32:35.051Z,148.092,0.9327996256300992,0.19815829576509317,0.16097464886035684,-0.25437238582068056
1612467155081,2021-02-04T19:32:35.081Z,148.122,0.9327308465192699,0.19819099767501877,0.16101470399882037,-0.2545736857732926
1612467155096,2021-02-04T19:32:35.096Z,148.137,0.9327188291223445,0.19832097452098152,0.16083804557571763,-0.25462816018868517
1612467155111,2021-02-04T19:32:35.111Z,148.152,0.9327470705781308,0.1985429245864784,0.16055505745722004,-0.25453031833059137
1612467155141,2021-02-04T19:32:35.141Z,148.182,0.9327667104792905,0.1987609894631264,0.16040706681913405,-0.254381417960834
1612467155156,2021-02-04T19:32:35.156Z,148.197,0.9328266192485427,0.19874885025671918,0.16040485420305547,-0.25417253134645135
1612467155171,2021-02-04T19:32:35.171Z,148.212,0.932879276705143,0.19869605445759436,0.160481761726814,-0.25397192205071045
1612467155201,2021-02-04T19:32:35.201Z,148.242,0.9328957363449999,0.19868666810004743,0.16045549845779297,-0.25393539738146614
1612467155216,2021-02-04T19:32:35.216Z,148.257,0.9328553916894531,0.1989003727789593,0.16031390277277596,-0.2540057331677162
1612467155231,2021-02-04T19:32:35.231Z,148.272,0.9327906694458257,0.19916585501380477,0.16018180322984057,-0.2541187106559946
1612467155261,2021-02-04T19:32:35.261Z,148.302,0.9327112440178185,0.19934785629038296,0.16017091435351674,-0.2542743511845438
1612467155276,2021-02-04T19:32:35.276Z,148.317,0.9326641408088111,0.19934653342090952,0.16021137206553832,-0.25442263327641723
1612467155291,2021-02-04T19:32:35.291Z,148.332,0.9326407269909169,0.19935047381068163,0.16023963223117707,-0.2544875698570129
1612467155321,2021-02-04T19:32:35.321Z,148.362,0.9326517500850352,0.1993248990625035,0.16018273829541996,-0.25450302165048033
1612467155336,2021-02-04T19:32:35.336Z,148.377,0.9326343157328364,0.19944497620518,0.16006682124568897,-0.254545766651814
1612467155351,2021-02-04T19:32:35.351Z,148.392,0.9325962811636958,0.1996544287746859,0.15995957653005316,-0.2545883330135629
1612467155381,2021-02-04T19:32:35.381Z,148.422,0.9325771065966687,0.1997423117617828,0.15994111656396687,-0.2546012340427986
1612467155396,2021-02-04T19:32:35.396Z,148.437,0.9325753174111536,0.19974068099874376,0.15995067458825887,-0.2546030624489919
1612467155411,2021-02-04T19:32:35.411Z,148.452,0.932571214046612,0.19970909091862554,0.16003805593403111,-0.2545879619874834
1612467155441,2021-02-04T19:32:35.441Z,148.482,0.9325356377633763,0.19977135015383307,0.16019458884057566,-0.25457098354912056
1612467155456,2021-02-04T19:32:35.456Z,148.497,0.9324900175439356,0.19998130500098754,0.16027297215809222,-0.2545239069844407
1612467155471,2021-02-04T19:32:35.471Z,148.512,0.9324872019703034,0.2000624416960117,0.16040185705695317,-0.2543892329421693
1612467155486,2021-02-04T19:32:35.486Z,148.527,0.9325790837777721,0.19974946323570583,0.1606088359134154,-0.25416767352241326
1612467155516,2021-02-04T19:32:35.516Z,148.557,0.9327560853095302,0.19900880836066806,0.16082644523217748,-0.2539614813842622
1612467155531,2021-02-04T19:32:35.531Z,148.572,0.9328706928858362,0.19848550712365925,0.16086084626480238,-0.2539282614352631
1612467155552,2021-02-04T19:32:35.553Z,148.593,0.9329411910675846,0.1984367745147207,0.16076015191998472,-0.25377106628663215
1612467155606,2021-02-04T19:32:35.606Z,148.647,0.9330697569223799,0.19827233958817703,0.16067648236605891,-0.25347973505886257
1612467155607,2021-02-04T19:32:35.607Z,148.648,0.9332495877293733,0.19784337545211073,0.16082755967665768,-0.253056716648899
1612467155608,2021-02-04T19:32:35.608Z,148.649,0.9334928334951168,0.19701056393962288,0.16097831275939853,-0.252713177991547
1612467155636,2021-02-04T19:32:35.636Z,148.677,0.9336116999936508,0.1964602262200294,0.1611489292121484,-0.2525937365856849
1612467155651,2021-02-04T19:32:35.651Z,148.692,0.9335777538724983,0.19655202807779334,0.16120358929913986,-0.2526129064991764
1612467155666,2021-02-04T19:32:35.666Z,148.707,0.933529517617258,0.19675838379043548,0.16119535474223848,-0.25263577687055544
1612467155696,2021-02-04T19:32:35.696Z,148.737,0.9335298527889577,0.1967437533487827,0.1612321564080504,-0.2526224479536021
1612467155711,2021-02-04T19:32:35.711Z,148.752,0.933579874229319,0.1964568936659503,0.16136921741587562,-0.2525733220981232
1612467155726,2021-02-04T19:32:35.726Z,148.767,0.9336527818233522,0.19604326702562144,0.16155122315153603,-0.25250885676680573
1612467155756,2021-02-04T19:32:35.756Z,148.797,0.9337351949339951,0.19560373185394586,0.1616900502649684,-0.2524561218740707
1612467155771,2021-02-04T19:32:35.771Z,148.812,0.933821418142254,0.19520945710816887,0.16171009719421522,-0.25242953737580126
1612467155786,2021-02-04T19:32:35.786Z,148.827,0.9338334992284615,0.19513292939505575,0.16173218336405173,-0.2524298644153021
1612467155831,2021-02-04T19:32:35.831Z,148.872,0.9338677044171781,0.19496529570713836,0.16177339674947847,-0.25240644250999994
1612467155832,2021-02-04T19:32:35.832Z,148.873,0.9339876573123129,0.19453933353245503,0.16193209759873184,-0.25218941187980226
1612467155846,2021-02-04T19:32:35.846Z,148.887,0.9341138497614377,0.19420045057324278,0.16206357293597323,-0.2518985887380919
1612467155876,2021-02-04T19:32:35.876Z,148.917,0.93419032155683,0.19418888432243392,0.16210354285722384,-0.2515980161056343
1612467155891,2021-02-04T19:32:35.891Z,148.932,0.9342180393459297,0.1942643383273392,0.1621545636689632,-0.2514038967403172
1612467155906,2021-02-04T19:32:35.906Z,148.947,0.9342351515458289,0.19396290143880787,0.1626678886467798,-0.25124138290651865
1612467155942,2021-02-04T19:32:35.942Z,148.983,0.9343381661322778,0.19319344605483807,0.16350182879794944,-0.2509096165748814
1612467155951,2021-02-04T19:32:35.951Z,148.992,0.9345859580318108,0.1922898387910751,0.16411176955597945,-0.25028190514032395
1612467155966,2021-02-04T19:32:35.966Z,149.007,0.9347786960324664,0.19185914297769044,0.1642822915840575,-0.2497802781878476
1612467155996,2021-02-04T19:32:35.996Z,149.037,0.9349416674813932,0.19128033795799848,0.16446489095598638,-0.24949390846395658
1612467156011,2021-02-04T19:32:36.011Z,149.052,0.935070489507124,0.19036828387441157,0.1647577364937831,-0.24951549934435804
1612467156026,2021-02-04T19:32:36.026Z,149.067,0.9350701377551419,0.18968824363700293,0.16462306257615172,-0.25012287974621045
1612467156056,2021-02-04T19:32:36.056Z,149.097,0.9348310682173266,0.19010451378327,0.16387738205379876,-0.25118788065126
1612467156071,2021-02-04T19:32:36.071Z,149.112,0.9345823698964396,0.19105088077808147,0.1631790795624119,-0.2518490476969045
1612467156086,2021-02-04T19:32:36.086Z,149.127,0.9345478926500643,0.19170923481802707,0.16284124393547825,-0.251695321574233
1612467156101,2021-02-04T19:32:36.101Z,149.142,0.9347016529353444,0.19208106220648113,0.16255690973627143,-0.25102377703826884
1612467156131,2021-02-04T19:32:36.131Z,149.172,0.9348126585580772,0.1924244289570475,0.1623138515744601,-0.2505041838516843
1612467156161,2021-02-04T19:32:36.161Z,149.202,0.9348129116593634,0.19259409439695369,0.16233777499345328,-0.25035730827865893
1612467156161,2021-02-04T19:32:36.161Z,149.202,0.9346820734237694,0.19277703691167852,0.16250849921709093,-0.25059414067772084
1612467156206,2021-02-04T19:32:36.206Z,149.247,0.9345119515691156,0.1929050742054613,0.16256410012640982,-0.2510935245488406
1612467156207,2021-02-04T19:32:36.207Z,149.248,0.9343916858392385,0.19309425388119333,0.16223814925350438,-0.25160598061129025
1612467156221,2021-02-04T19:32:36.221Z,149.262,0.9344010597038177,0.19316695722472318,0.16178699716683345,-0.2518057858919513
1612467156251,2021-02-04T19:32:36.251Z,149.292,0.9344148064246216,0.1930878868786841,0.16171002029714882,-0.251864858228887
1612467156266,2021-02-04T19:32:36.266Z,149.307,0.9343811468996015,0.19303382142947687,0.16179466513282206,-0.25197678948164226
1612467156281,2021-02-04T19:32:36.281Z,149.322,0.9342370952414775,0.19330708453955456,0.1619123905674222,-0.2522256900522358
1612467156311,2021-02-04T19:32:36.311Z,149.352,0.9340311659915531,0.19393825978245252,0.16183412100722033,-0.25255385490392745
1612467156326,2021-02-04T19:32:36.326Z,149.367,0.9338641199220301,0.19462313925224536,0.16150619039110947,-0.25285448316216186
1612467156341,2021-02-04T19:32:36.341Z,149.382,0.9338011725705758,0.19507434870060292,0.16118928293013615,-0.25294146289867486
1612467156386,2021-02-04T19:32:36.386Z,149.427,0.9337850128603673,0.19516310826687636,0.1611558538228148,-0.25295395175330765
1612467156386,2021-02-04T19:32:36.387Z,149.427,0.9338271248137364,0.19495528472524642,0.16117571954974816,-0.2529460917812908
1612467156401,2021-02-04T19:32:36.401Z,149.442,0.9338051539247479,0.1949479023041105,0.161168623476395,-0.2530373978239759
1612467156431,2021-02-04T19:32:36.431Z,149.472,0.93370982946136,0.19506680370102905,0.16117233176265192,-0.2532950373285897
1612467156446,2021-02-04T19:32:36.446Z,149.487,0.9336140850606437,0.1951060625503597,0.1612977798397083,-0.2535377501502557
1612467156461,2021-02-04T19:32:36.461Z,149.502,0.9335125251121782,0.19526186869397016,0.16133715022074271,-0.25376660941004997
1612467156491,2021-02-04T19:32:36.491Z,149.532,0.9334273178643425,0.19558645564716945,0.1611286738518229,-0.2539624600107473
1612467156506,2021-02-04T19:32:36.506Z,149.547,0.9334786076807999,0.1957686568904777,0.160484737586907,-0.25404127810904154
1612467156521,2021-02-04T19:32:36.521Z,149.562,0.9335130204021526,0.1958715550894154,0.16001748835771107,-0.25413023839400556
1612467156551,2021-02-04T19:32:36.551Z,149.592,0.9334996159671264,0.19606639674897589,0.15976069962183598,-0.2541907825068456
1612467156566,2021-02-04T19:32:36.566Z,149.607,0.9334690364698046,0.19639533967825504,0.15965480724535316,-0.2541156646652204
1612467156611,2021-02-04T19:32:36.611Z,149.652,0.9334282508195675,0.19660915121658432,0.15970711402359392,-0.25406727447680394
1612467156611,2021-02-04T19:32:36.611Z,149.652,0.9333267913605742,0.19672718039441903,0.16003259519934473,-0.25414382836574967
1612467156626,2021-02-04T19:32:36.626Z,149.667,0.9331513667337388,0.19687391310024124,0.16024259840527738,-0.2545417426668546
1612467156641,2021-02-04T19:32:36.641Z,149.682,0.9329654083100126,0.1971739971179422,0.16023188105086975,-0.2549974628351528
1612467156671,2021-02-04T19:32:36.671Z,149.712,0.9328705177642727,0.19745049573289894,0.16009408050443083,-0.25521713149491143
1612467156701,2021-02-04T19:32:36.701Z,149.742,0.932874196173925,0.19752680023755456,0.1600605233310987,-0.2551656837659436
1612467156701,2021-02-04T19:32:36.701Z,149.742,0.9329470178991199,0.19731977389148667,0.16020849143211902,-0.25496667997523986
1612467156716,2021-02-04T19:32:36.716Z,149.757,0.9329260396684856,0.19727692496141053,0.16044889874869114,-0.25492542100892407
1612467156746,2021-02-04T19:32:36.746Z,149.787,0.9328577523905366,0.197527614801598,0.1605483718579031,-0.25491856638825744
1612467156761,2021-02-04T19:32:36.761Z,149.802,0.9328636992195445,0.1977651318785062,0.16049999650560773,-0.25474305174666545
1612467156776,2021-02-04T19:32:36.776Z,149.817,0.9329053370058528,0.1978376176718388,0.16048862444555237,-0.25454137314688596
1612467156822,2021-02-04T19:32:36.822Z,149.863,0.9328981430815233,0.19805003380246677,0.16040497137901727,-0.2544552689625115
1612467156822,2021-02-04T19:32:36.822Z,149.863,0.9329828589448764,0.19814644581010638,0.16042545563916574,-0.25405637978770296
1612467156836,2021-02-04T19:32:36.836Z,149.877,0.9331133571757025,0.19799536073968957,0.16062293153347426,-0.2535696623246613
1612467156866,2021-02-04T19:32:36.866Z,149.907,0.9332482932320026,0.19765543376887643,0.16102778598932502,-0.25308102422063833
1612467156881,2021-02-04T19:32:36.881Z,149.922,0.9332506459820602,0.19756548387484624,0.16132715796885824,-0.25295189158623854
1612467156896,2021-02-04T19:32:36.896Z,149.937,0.9330834302090607,0.1979593740281527,0.16129125178381157,-0.2532834984788507
1612467156926,2021-02-04T19:32:36.926Z,149.967,0.9328925967395093,0.19846552577346233,0.16100578394448256,-0.25377150266430876
1612467156941,2021-02-04T19:32:36.941Z,149.982,0.9327039451648585,0.1988170193971573,0.16087405785299583,-0.25427284751197776
1612467156956,2021-02-04T19:32:36.956Z,149.997,0.9324910650335226,0.1991147941255755,0.1610033471408435,-0.25473836499911323
1612467157001,2021-02-04T19:32:37.001Z,150.042,0.9323250158451799,0.19938485268958084,0.16116345274517108,-0.25503350141990094
1612467157002,2021-02-04T19:32:37.002Z,150.043,0.9323237620371813,0.1994527624517955,0.16118635598028264,-0.25497050209187483
1612467157016,2021-02-04T19:32:37.016Z,150.057,0.9323931795953031,0.19939402218725488,0.16122814214924222,-0.2547360766347259
1612467157046,2021-02-04T19:32:37.046Z,150.087,0.9324279792249753,0.1994183885017436,0.1612526537144853,-0.25457405907875413
1612467157068,2021-02-04T19:32:37.068Z,150.109,0.9324148866329265,0.1994014989838886,0.16132559777364947,-0.2545890274368864
1612467157076,2021-02-04T19:32:37.076Z,150.117,0.9322982410676157,0.1996390214161512,0.16129582618874058,-0.25484879298188357
1612467157106,2021-02-04T19:32:37.106Z,150.147,0.9321784828496712,0.1998999469645127,0.16128622321498867,-0.2550883014109334
1612467157121,2021-02-04T19:32:37.121Z,150.162,0.9321454521440502,0.19997968385769135,0.16128404935825785,-0.25514787381819354
1612467157136,2021-02-04T19:32:37.136Z,150.177,0.9321766448085594,0.19989399541962644,0.16133127440691486,-0.25507119274209644
1612467157166,2021-02-04T19:32:37.166Z,150.207,0.9322557201516085,0.1996967728537021,0.16139834158815222,-0.2548941868482231
1612467157181,2021-02-04T19:32:37.181Z,150.222,0.9323304658086409,0.1994616074829874,0.16132818685222827,-0.25484933939941457
1612467157211,2021-02-04T19:32:37.211Z,150.252,0.932359514509916,0.19945430135354328,0.16106464018280833,-0.25491547433842876
1612467157226,2021-02-04T19:32:37.226Z,150.267,0.9323259073213171,0.19976338972277893,0.16070586735837478,-0.25502277321945344
1612467157241,2021-02-04T19:32:37.241Z,150.282,0.9322694351880964,0.20014453282933792,0.16043112439750964,-0.2551033526183943
1612467157256,2021-02-04T19:32:37.256Z,150.297,0.9322259689370874,0.20037418704069987,0.16036106103190018,-0.25512596518545577
1612467157286,2021-02-04T19:32:37.286Z,150.327,0.9321775243970039,0.20059877386289887,0.1603331927806907,-0.25514400292094763
1612467157301,2021-02-04T19:32:37.301Z,150.342,0.9321269499195993,0.20083381224251762,0.1602913185993785,-0.2551701829669649
1612467157316,2021-02-04T19:32:37.316Z,150.357,0.9321006465541528,0.20092532457345819,0.1603267280980773,-0.2551719790567646
1612467157337,2021-02-04T19:32:37.338Z,150.378,0.9320910501937261,0.2009385236349606,0.16037599246624742,-0.25516568129085354
1612467157376,2021-02-04T19:32:37.376Z,150.417,0.9320906866302416,0.2009335462421675,0.16038132858971035,-0.25516757500025483
1612467157377,2021-02-04T19:32:37.377Z,150.418,0.9320586974826698,0.20117011882273822,0.1602994000121096,-0.2551495053797132
1612467157391,2021-02-04T19:32:37.391Z,150.432,0.9320257819389922,0.20168061132535983,0.1601235507110585,-0.2549770996072438
1612467157421,2021-02-04T19:32:37.421Z,150.462,0.9320244284130815,0.20228847092756153,0.15976528979524898,-0.25472512939970837
1612467157436,2021-02-04T19:32:37.436Z,150.477,0.932046699901135,0.20275284055461143,0.15941427155824459,-0.25449425312567314
1612467157451,2021-02-04T19:32:37.451Z,150.492,0.9319822028129038,0.2036459706905804,0.15900483118830372,-0.25427338814802797
1612467157481,2021-02-04T19:32:37.481Z,150.522,0.9318556093623644,0.20530005920946431,0.15846815398358516,-0.25374170560142795
1612467157496,2021-02-04T19:32:37.496Z,150.537,0.9319021314579329,0.20641586114499388,0.1583257136223842,-0.2527526024750194
1612467157511,2021-02-04T19:32:37.511Z,150.552,0.932066924822243,0.20650404958031313,0.15865625349222748,-0.25186408713262187
1612467157541,2021-02-04T19:32:37.541Z,150.582,0.9321337940959408,0.20614251990125596,0.15928356237883243,-0.25151659617006406
1612467157556,2021-02-04T19:32:37.556Z,150.597,0.931982982909886,0.20615900661529246,0.15974088836913758,-0.25177178583158577
1612467157571,2021-02-04T19:32:37.571Z,150.612,0.9317059309126462,0.2065719970733563,0.15981447003916863,-0.2524111794145104
1612467157601,2021-02-04T19:32:37.601Z,150.642,0.9315685979437872,0.2069330767349006,0.1596013564689601,-0.2527569110654393
1612467157616,2021-02-04T19:32:37.616Z,150.657,0.9315960428463769,0.20693609423621745,0.15936402243020514,-0.25280303441631335
1612467157646,2021-02-04T19:32:37.646Z,150.687,0.9316190002528735,0.20682154357151866,0.15911232702684253,-0.2529706600984277
1612467157661,2021-02-04T19:32:37.661Z,150.702,0.9316027095292032,0.20665984139080926,0.15913458126342916,-0.2531487440227304
1612467157676,2021-02-04T19:32:37.676Z,150.717,0.9316080191238676,0.20646737934973375,0.15933894382991842,-0.25315769975989777
1612467157691,2021-02-04T19:32:37.691Z,150.732,0.9315829159555928,0.2063153114021126,0.15984865731789952,-0.2530527014959319
1612467157721,2021-02-04T19:32:37.721Z,150.762,0.9315654755836781,0.20614263390217677,0.16045648177992655,-0.2528728863346894
1612467157743,2021-02-04T19:32:37.743Z,150.784,0.9315604350188753,0.20604513111468384,0.16098059677151114,-0.25263769970941485
1612467157751,2021-02-04T19:32:37.751Z,150.792,0.9315806182952988,0.20596428892806434,0.16126450161360043,-0.2524480616329279
1612467157781,2021-02-04T19:32:37.781Z,150.822,0.9315599063783699,0.20618179939017614,0.16102223382036274,-0.2525015775080466
1612467157796,2021-02-04T19:32:37.796Z,150.837,0.9316027457087979,0.20660488126493698,0.16014844191863564,-0.25255340777024415
1612467157811,2021-02-04T19:32:37.811Z,150.852,0.9318295240260027,0.20647225154377,0.15987282764647634,-0.2519992588803383
1612467157841,2021-02-04T19:32:37.841Z,150.882,0.9320013381453646,0.20637433854546752,0.15963863175416418,-0.2515922203424204
1612467157856,2021-02-04T19:32:37.856Z,150.897,0.9319918982663029,0.20654790379860472,0.15944585392696808,-0.25160700440940725
1612467157871,2021-02-04T19:32:37.871Z,150.912,0.9317759204326335,0.20685974152651246,0.15964355450141715,-0.25202503237507207
1612467157886,2021-02-04T19:32:37.886Z,150.927,0.9315097789526475,0.20674160176002412,0.16051134993654934,-0.25255405037107664
1612467157916,2021-02-04T19:32:37.916Z,150.957,0.9317947052712846,0.20513968056583032,0.16119802258802537,-0.2523718213261125
1612467157931,2021-02-04T19:32:37.931Z,150.972,0.9326083743958833,0.20310296384218685,0.1618441767662191,-0.25059383179171085
1612467157946,2021-02-04T19:32:37.946Z,150.987,0.9332832850136755,0.2015901938608851,0.16334879891099013,-0.24831607589431257
1612467157976,2021-02-04T19:32:37.976Z,151.017,0.9337655870028707,0.20017566366667394,0.16508605404191473,-0.2464916367053066
1612467157991,2021-02-04T19:32:37.991Z,151.032,0.9338021333675995,0.19968051529402614,0.16657051113875798,-0.24575502507376126
1612467158006,2021-02-04T19:32:38.006Z,151.047,0.9334628513002978,0.19984612095098617,0.16768522444208056,-0.2461509672679978
1612467158036,2021-02-04T19:32:38.036Z,151.077,0.9330422776987064,0.20042317673965393,0.16817556950092274,-0.24694055170310836
1612467158051,2021-02-04T19:32:38.051Z,151.092,0.9327106882054962,0.2010559707008587,0.16827634150770215,-0.247609251930432
1612467158073,2021-02-04T19:32:38.073Z,151.114,0.9323929214140385,0.2015904961076701,0.16848280990865666,-0.24823024542013722
1612467158096,2021-02-04T19:32:38.096Z,151.137,0.9319987852332565,0.20205538303472323,0.16898158589066573,-0.2489921889142332
1612467158111,2021-02-04T19:32:38.111Z,151.152,0.9315542362599428,0.20247927458484924,0.1699820080252068,-0.24962965612576238
1612467158126,2021-02-04T19:32:38.126Z,151.167,0.9312893022737551,0.20272919711409557,0.170920106130591,-0.2497747493808055
1612467158156,2021-02-04T19:32:38.156Z,151.197,0.9312399274506585,0.20266045266578034,0.1718296082402891,-0.24939030490173805
1612467158171,2021-02-04T19:32:38.171Z,151.212,0.9312913605624655,0.20239211124506465,0.1727040235270308,-0.24881148547655954
1612467158186,2021-02-04T19:32:38.186Z,151.227,0.9313231418441368,0.20198016151233353,0.17332506330400713,-0.24859533835468353
1612467158216,2021-02-04T19:32:38.216Z,151.257,0.9312338117077014,0.2018340171015256,0.17384487912970084,-0.24868569615759203
1612467158231,2021-02-04T19:32:38.231Z,151.272,0.9311074452060275,0.20164170541083337,0.1742849485610926,-0.24900663610830237
1612467158246,2021-02-04T19:32:38.246Z,151.287,0.9309400548461131,0.20166449387274651,0.17451563687722432,-0.2494520769195994
1612467158276,2021-02-04T19:32:38.276Z,151.317,0.9307928085275005,0.20182316250957008,0.17454855646904224,-0.2498498751304414
1612467158291,2021-02-04T19:32:38.291Z,151.332,0.9308023009794064,0.20179083812448573,0.1743406129947549,-0.24998576919711538
1612467158306,2021-02-04T19:32:38.306Z,151.347,0.9309828107354287,0.20142269255341896,0.17397775349171488,-0.2498632552610891
1612467158336,2021-02-04T19:32:38.336Z,151.377,0.9310597207153206,0.20096439906081096,0.17397093690304277,-0.2499504348560209
1612467158351,2021-02-04T19:32:38.351Z,151.392,0.9308379513093531,0.20078513482403557,0.1744291635409318,-0.25060028919039756
1612467158366,2021-02-04T19:32:38.366Z,151.407,0.9306360864867723,0.2008067278219324,0.17454835132118798,-0.25124889182061816
1612467158396,2021-02-04T19:32:38.396Z,151.437,0.9304300496262229,0.20090935722172842,0.17473872696112705,-0.25179700203398153
1612467158411,2021-02-04T19:32:38.411Z,151.452,0.9303852480268362,0.20095286187020955,0.17473346900265968,-0.2519314437907895
1612467158426,2021-02-04T19:32:38.426Z,151.467,0.9304817365716479,0.20091798132250524,0.17452537755983322,-0.2517470859324835
1612467158456,2021-02-04T19:32:38.456Z,151.497,0.9305797731056225,0.2008695265845,0.17445439723777947,-0.2514724288283115
1612467158486,2021-02-04T19:32:38.486Z,151.527,0.9305354048334075,0.20095097949524554,0.17463652464306523,-0.2514451201594895
1612467158487,2021-02-04T19:32:38.487Z,151.528,0.9304212702134338,0.2010832772547896,0.1749668483863474,-0.2515320605979344
1612467158516,2021-02-04T19:32:38.516Z,151.557,0.930370913605409,0.2011542467463673,0.17495376145300276,-0.25167064486424345
1612467158531,2021-02-04T19:32:38.531Z,151.572,0.9303903932156604,0.2009588350922111,0.17526359594539498,-0.25153913164094366
1612467158546,2021-02-04T19:32:38.546Z,151.587,0.9305385014614996,0.2007197738370294,0.17517582606371548,-0.25124310866468264
1612467158567,2021-02-04T19:32:38.567Z,151.608,0.9307412867562097,0.2001616803529507,0.17523850319309875,-0.25089325587651984
1612467158591,2021-02-04T19:32:38.591Z,151.632,0.9308820622806614,0.1998227973837504,0.1751729879657066,-0.2506867767892875
1612467158606,2021-02-04T19:32:38.606Z,151.647,0.930952274675203,0.19943335356375264,0.1750723555431536,-0.25080643948661324
1612467158621,2021-02-04T19:32:38.621Z,151.662,0.9309336811303057,0.19911585684702798,0.1748658822479521,-0.25127132768164706
1612467158651,2021-02-04T19:32:38.651Z,151.692,0.930877532621864,0.19898784173612655,0.17454229501214535,-0.25180517340380804
1612467158666,2021-02-04T19:32:38.666Z,151.707,0.9307727495805226,0.19913381854911755,0.1743131766618884,-0.2522354602160492
1612467158681,2021-02-04T19:32:38.681Z,151.722,0.9307140590506306,0.19922631720234743,0.1741174410105494,-0.2525140224926656
1612467158711,2021-02-04T19:32:38.711Z,151.752,0.9306695192594959,0.19928290701197304,0.1740683246531733,-0.25266734503412497
1612467158726,2021-02-04T19:32:38.726Z,151.767,0.9306872745155004,0.19915623335117827,0.1741793056066946,-0.2526253377447529
1612467158741,2021-02-04T19:32:38.741Z,151.782,0.9307079666687006,0.19900426176175354,0.17429976224689417,-0.2525857823804597
1612467158771,2021-02-04T19:32:38.771Z,151.812,0.9307447036895813,0.1990022533520788,0.1743862486892885,-0.25239222647036175
1612467158786,2021-02-04T19:32:38.786Z,151.827,0.9307963098867286,0.19906741424311372,0.17434759736048583,-0.25217713889731486
1612467158801,2021-02-04T19:32:38.801Z,151.842,0.9308731522733673,0.19905275108731124,0.17419916792119416,-0.2520075922601959
1612467158831,2021-02-04T19:32:38.831Z,151.872,0.9308403328979051,0.1991411212014232,0.174060428325675,-0.2521548250346204
1612467158846,2021-02-04T19:32:38.846Z,151.887,0.9306906338932462,0.19936910958647724,0.17401829556720333,-0.2525560035595434
1612467158861,2021-02-04T19:32:38.861Z,151.902,0.9305536359531538,0.1996048419388927,0.17396569875807802,-0.2529106034640082
1612467158891,2021-02-04T19:32:38.891Z,151.932,0.9305378495085593,0.1996953134816601,0.17394890322598233,-0.25290882047078805
1612467158906,2021-02-04T19:32:38.906Z,151.947,0.9306431025356029,0.19960355520204082,0.1738146957978166,-0.25268614520453136
1612467158921,2021-02-04T19:32:38.921Z,151.962,0.9307246284215314,0.1996551625309252,0.173553395309005,-0.25252465444203426
1612467158951,2021-02-04T19:32:38.951Z,151.992,0.9306919712761638,0.19993422424828117,0.17326761105482866,-0.2526204574765847
1612467158972,2021-02-04T19:32:38.973Z,152.013,0.9306328274969325,0.20037186332359738,0.17290754452294732,-0.25273827929369785
1612467158981,2021-02-04T19:32:38.981Z,152.022,0.930568445882217,0.20092587778779605,0.17239942290686047,-0.2528825777805591
1612467159011,2021-02-04T19:32:39.011Z,152.052,0.9305595881483272,0.2013181493222997,0.17186236620055056,-0.25296873866667374
1612467159026,2021-02-04T19:32:39.026Z,152.067,0.9305685781339329,0.20145492905091322,0.1715369630715485,-0.25304763040003386
1612467159041,2021-02-04T19:32:39.041Z,152.082,0.9304806455544118,0.20176796582864115,0.17141993306744635,-0.25320083483505634
1612467159071,2021-02-04T19:32:39.071Z,152.112,0.930385000132985,0.20212491731695456,0.17103924921269864,-0.25352484011614396
1612467159086,2021-02-04T19:32:39.086Z,152.127,0.930321392386174,0.2023935024357425,0.17069288976543592,-0.25377729296367013
1612467159101,2021-02-04T19:32:39.101Z,152.142,0.9303611302527168,0.2024224476542916,0.17054149004502764,-0.25371030758279167
1612467159116,2021-02-04T19:32:39.116Z,152.157,0.9304326825509067,0.20230460456252558,0.1706032080682349,-0.2535003266482128
1612467159146,2021-02-04T19:32:39.146Z,152.187,0.9304159586611456,0.2022295181570129,0.17085346920459082,-0.2534530684671224
1612467159161,2021-02-04T19:32:39.161Z,152.202,0.9303094698707988,0.20227505801281298,0.17121208715831265,-0.2535655977957597
1612467159176,2021-02-04T19:32:39.176Z,152.217,0.9301803994002912,0.20241854834451073,0.17148002723614664,-0.25374348487538745
1612467159206,2021-02-04T19:32:39.206Z,152.247,0.9300354840400713,0.2028519965392109,0.17147310172274863,-0.25393314339011774
1612467159221,2021-02-04T19:32:39.221Z,152.262,0.9299604763702038,0.2030690885796042,0.17131202497492187,-0.2541429671498788
1612467159236,2021-02-04T19:32:39.236Z,152.277,0.9299418527426184,0.2031072109933222,0.1710343599438894,-0.2543675668766057
1612467159266,2021-02-04T19:32:39.266Z,152.307,0.9298486482393659,0.20325441902016272,0.17108801379699315,-0.2545545600675813
1612467159281,2021-02-04T19:32:39.281Z,152.322,0.929857436933055,0.20328854899637339,0.17108800793344955,-0.2544951991071793
1612467159296,2021-02-04T19:32:39.296Z,152.337,0.9298977747017566,0.20335156978654137,0.17108154242530127,-0.2543017371380903
1612467159326,2021-02-04T19:32:39.326Z,152.367,0.929912363361056,0.2035504652305906,0.17102115288713995,-0.2541298287053668
1612467159341,2021-02-04T19:32:39.341Z,152.382,0.9298824793221967,0.20371951285079826,0.1709249530264161,-0.2541684385724461
1612467159356,2021-02-04T19:32:39.356Z,152.397,0.9297842221397667,0.2039562857571131,0.17086373146345357,-0.25437908528512443
1612467159386,2021-02-04T19:32:39.386Z,152.427,0.9296849574987646,0.20422515858584792,0.17072702655132638,-0.2546178446339703
1612467159401,2021-02-04T19:32:39.401Z,152.442,0.9296558103713736,0.20432332854603266,0.17064409577490156,-0.2547010880066693
1612467159416,2021-02-04T19:32:39.416Z,152.457,0.9296472677170164,0.2043594375177658,0.17065663181468213,-0.25469489971606524
1612467159446,2021-02-04T19:32:39.446Z,152.487,0.9296974398489171,0.20432705049846675,0.1705703692923379,-0.25459551428185456
1612467159461,2021-02-04T19:32:39.461Z,152.502,0.9296930222970018,0.20433464406899313,0.17056575650507735,-0.2546086413170514
1612467159476,2021-02-04T19:32:39.476Z,152.517,0.9296573185087519,0.2044714114764172,0.17054568999111272,-0.25464265090006805
1612467159506,2021-02-04T19:32:39.506Z,152.547,0.9295494028887737,0.20471871896044191,0.17049698133872848,-0.2548704240407294
1612467159521,2021-02-04T19:32:39.521Z,152.562,0.9294360676647153,0.20506448033671962,0.1703376518198864,-0.255112209430809
1612467159536,2021-02-04T19:32:39.536Z,152.577,0.9293671446623254,0.20533807313664362,0.17007765989743884,-0.2553166186258505
1612467159566,2021-02-04T19:32:39.566Z,152.607,0.9293226339348294,0.20543178792313213,0.16987745817432306,-0.2555364392241691
1612467159581,2021-02-04T19:32:39.581Z,152.622,0.9292307309697797,0.205535176335074,0.16974378925212155,-0.25587611440032904
1612467159596,2021-02-04T19:32:39.596Z,152.637,0.9291009912441791,0.20577945991307386,0.16965350452888076,-0.2562105586193444
1612467159626,2021-02-04T19:32:39.626Z,152.667,0.9290369631377644,0.20597203064067005,0.16962648678673653,-0.2563058694175926
1612467159641,2021-02-04T19:32:39.641Z,152.682,0.9290737573165208,0.2060354802867814,0.16955818341238835,-0.2561666581869095
1612467159656,2021-02-04T19:32:39.656Z,152.697,0.9291364127494076,0.20604405532056544,0.16940673509499798,-0.25603267735715146
1612467159686,2021-02-04T19:32:39.686Z,152.727,0.9291393931293493,0.20608048158963663,0.16929632819548865,-0.25606557070901387
1612467159701,2021-02-04T19:32:39.701Z,152.742,0.9290888021738186,0.2062383742060555,0.16923861538808815,-0.2561601486211008
1612467159716,2021-02-04T19:32:39.716Z,152.757,0.9290065589311354,0.2064385756836956,0.1691207315088847,-0.2563749326796938
1612467159731,2021-02-04T19:32:39.731Z,152.772,0.9289556283463256,0.20667858903336297,0.16889375123703834,-0.25651569580036065
1612467159761,2021-02-04T19:32:39.761Z,152.802,0.9289778484390969,0.20678116323441578,0.16868053126080818,-0.2564928576285504
1612467159776,2021-02-04T19:32:39.776Z,152.817,0.9289982408503722,0.2067918512750203,0.1686684855313583,-0.25641829250605697
1612467159791,2021-02-04T19:32:39.791Z,152.832,0.9289875901856368,0.20681041116542054,0.16871663019142658,-0.25641023733759616
1612467159827,2021-02-04T19:32:39.827Z,152.868,0.9288579702174772,0.20704943995252953,0.16875964743033078,-0.2566584929005908
1612467159836,2021-02-04T19:32:39.836Z,152.877,0.9286819208296613,0.20739522810399638,0.16882627441168233,-0.2569723688494413
1612467159851,2021-02-04T19:32:39.851Z,152.892,0.9285388125694407,0.20770753540518783,0.16890857714454047,-0.2571830979186666
1612467159881,2021-02-04T19:32:39.881Z,152.922,0.9285013774408848,0.20781059441479893,0.1690044058272688,-0.2571720430962887
1612467159896,2021-02-04T19:32:39.896Z,152.937,0.9284728798149758,0.20786021142120584,0.16913276568040966,-0.25715044532201975
1612467159911,2021-02-04T19:32:39.911Z,152.952,0.9283900150780912,0.2080042524524143,0.16950543575161908,-0.25708776344989237
1612467159941,2021-02-04T19:32:39.941Z,152.982,0.9283320071084759,0.2081038240844156,0.16992483128801456,-0.2569397491458474
1612467159956,2021-02-04T19:32:39.956Z,152.997,0.9283252649134354,0.2080465889791033,0.17041054682973633,-0.25668865356059406
1612467159971,2021-02-04T19:32:39.971Z,153.012,0.9283034081153881,0.20790912497915714,0.17084183277747578,-0.2565923740195516
1612467160001,2021-02-04T19:32:40.001Z,153.042,0.9281853753830575,0.20828959001878186,0.1709228753763031,-0.2566568259133536
1612467160016,2021-02-04T19:32:40.016Z,153.057,0.9279801467856447,0.20894307149421476,0.17095415666723332,-0.2568468733787735
1612467160031,2021-02-04T19:32:40.031Z,153.072,0.9278597830169204,0.20907227294524383,0.17112508847162639,-0.25706266131214167
1612467160061,2021-02-04T19:32:40.061Z,153.102,0.9277991794336615,0.20895275907468994,0.17142351736719366,-0.25717971306220544
1612467160076,2021-02-04T19:32:40.076Z,153.117,0.927912373796739,0.2085763924290969,0.17158670363039574,-0.2569679322666919
1612467160091,2021-02-04T19:32:40.091Z,153.132,0.928110833095249,0.20818782023050653,0.17176774092236727,-0.25644484041863547
1612467160121,2021-02-04T19:32:40.121Z,153.162,0.9284226695685353,0.20753738631576826,0.1719104308494334,-0.25574671782374053
1612467160136,2021-02-04T19:32:40.136Z,153.177,0.928661665205524,0.20711935387746322,0.17201512669706567,-0.25514678327284124
1612467160151,2021-02-04T19:32:40.151Z,153.192,0.9287069956219689,0.20702844951578755,0.1721091992691895,-0.25499208007470325
1612467160181,2021-02-04T19:32:40.181Z,153.222,0.9286092504234086,0.20711937693579535,0.1721400614831577,-0.2552532525911823
1612467160196,2021-02-04T19:32:40.196Z,153.237,0.9284519035653676,0.20729666515614453,0.1721440571967966,-0.2556786634680583
1612467160211,2021-02-04T19:32:40.211Z,153.252,0.9283010440239686,0.2074586252997111,0.17202516132302867,-0.25617461686230725
1612467160247,2021-02-04T19:32:40.247Z,153.288,0.9281845209001212,0.20754705352882538,0.17189392288457528,-0.25661292837319555
1612467160256,2021-02-04T19:32:40.256Z,153.297,0.9281512755105729,0.20745438733011007,0.17183162717042552,-0.25684972036104875
1612467160271,2021-02-04T19:32:40.271Z,153.312,0.9281869958511543,0.20729547808560816,0.17186379929789267,-0.2568274128455957
1612467160301,2021-02-04T19:32:40.301Z,153.342,0.9282083198375279,0.20714158403356048,0.17198715654205052,-0.25679193354356145
1612467160316,2021-02-04T19:32:40.316Z,153.357,0.9282188015645689,0.20711296109263058,0.17206306822913986,-0.25672627119376035
1612467160331,2021-02-04T19:32:40.331Z,153.372,0.928179955577789,0.20725710703080114,0.17205919126727146,-0.2567529870308996
1612467160346,2021-02-04T19:32:40.346Z,153.387,0.9281251052068674,0.20741352778860075,0.1720363414618587,-0.2568402515016822
1612467160376,2021-02-04T19:32:40.376Z,153.417,0.9280389899454188,0.20754137522307076,0.1720148733591304,-0.25706243221218816
1612467160391,2021-02-04T19:32:40.391Z,153.432,0.9279529595163198,0.20762696354724883,0.1720495767832739,-0.2572805707039472
1612467160406,2021-02-04T19:32:40.406Z,153.447,0.9278726535473235,0.20764127525777742,0.17225795649601505,-0.257419183496859
1612467160436,2021-02-04T19:32:40.436Z,153.477,0.9278512090347588,0.20764377744888352,0.1723685870193029,-0.257420406705575
1612467160451,2021-02-04T19:32:40.451Z,153.492,0.9277328665727893,0.20791407045274296,0.17236641489620871,-0.25763013527969664
1612467160466,2021-02-04T19:32:40.466Z,153.507,0.9275911786036216,0.20831421529455416,0.17230804493185395,-0.2578560271444522
1612467160496,2021-02-04T19:32:40.496Z,153.537,0.9275245581129571,0.20862488949410085,0.1722572071158308,-0.2578784678440443
1612467160526,2021-02-04T19:32:40.526Z,153.567,0.9275504778312669,0.2086170607239819,0.17228682863306224,-0.25777176286287995
1612467160526,2021-02-04T19:32:40.527Z,153.567,0.9276818213462623,0.20826584676206034,0.17241973591977783,-0.2574940971780077
1612467160556,2021-02-04T19:32:40.556Z,153.597,0.9277628178053572,0.20797326934620786,0.1725433031400922,-0.2573559435428279
1612467160571,2021-02-04T19:32:40.571Z,153.612,0.92779074277733,0.2078600455601833,0.17253000835292925,-0.257355659145368
1612467160586,2021-02-04T19:32:40.586Z,153.627,0.9278086032152051,0.2077802738188941,0.17238566429488447,-0.2574523962933864
1612467160616,2021-02-04T19:32:40.616Z,153.657,0.9277704009896198,0.20781609865631118,0.17224260014461681,-0.25765682386122035
1612467160631,2021-02-04T19:32:40.631Z,153.672,0.9277125030622331,0.20784354811543063,0.1721202091398564,-0.25792480449628513
1612467160646,2021-02-04T19:32:40.646Z,153.687,0.927617578362811,0.20797920502925252,0.17210133985646434,-0.25816933862742913
1612467160676,2021-02-04T19:32:40.678Z,153.717,0.9275576884804262,0.20815482798656973,0.17206520357607483,-0.25826704754004937
1612467160691,2021-02-04T19:32:40.691Z,153.732,0.9275478249613264,0.20819947243659792,0.1720769377062223,-0.25825866799835345
1612467160706,2021-02-04T19:32:40.706Z,153.747,0.9275367747809168,0.20824352496507031,0.17209425535009099,-0.2582512981857685
1612467160736,2021-02-04T19:32:40.736Z,153.777,0.9275241759089892,0.20828460269847418,0.17212035199863301,-0.2582460296131503
1612467160766,2021-02-04T19:32:40.766Z,153.807,0.9274944502690449,0.20840715873203408,0.17212482909524632,-0.258250932463554
1612467160766,2021-02-04T19:32:40.767Z,153.807,0.9274729269432764,0.2085052261103913,0.17211587942076795,-0.25825503774978353
1612467160796,2021-02-04T19:32:40.796Z,153.837,0.9274894996764032,0.20842117732388282,0.17215223230298948,-0.25823913287114303
1612467160811,2021-02-04T19:32:40.811Z,153.852,0.9275458027911867,0.2081895580119339,0.17230534853595322,-0.258121596394321
1612467160826,2021-02-04T19:32:40.826Z,153.867,0.9276619325266653,0.2079813438046178,0.1723223567617479,-0.2578606308264121
1612467160856,2021-02-04T19:32:40.856Z,153.897,0.9278132088369898,0.20780211612263785,0.17220845233941273,-0.257536752688672
1612467160871,2021-02-04T19:32:40.871Z,153.912,0.927921978211354,0.2075986964300985,0.17222831949433984,-0.25729552960944874
1612467160886,2021-02-04T19:32:40.886Z,153.927,0.927943002652719,0.20740343071835002,0.17235073718654714,-0.257295208166356
1612467160916,2021-02-04T19:32:40.916Z,153.957,0.9278749968622764,0.20733809915948678,0.17245966845314842,-0.25752002949633196
1612467160931,2021-02-04T19:32:40.931Z,153.972,0.9277922124230292,0.20733440905539274,0.1724758610582692,-0.2578102611244176
1612467160946,2021-02-04T19:32:40.946Z,153.987,0.9276947436187715,0.2074071179744245,0.172391121435124,-0.2581589652248896
1612467160961,2021-02-04T19:32:40.961Z,154.002,0.9276235264039894,0.2075022462394972,0.17229590841822048,-0.25840187888196675
1612467160991,2021-02-04T19:32:40.991Z,154.032,0.9275880295722568,0.2075694758480251,0.17234139962244216,-0.25844496912614034
1612467161006,2021-02-04T19:32:41.006Z,154.047,0.9276054873199215,0.20745377892614555,0.17243466133499824,-0.25841299710641
1612467161021,2021-02-04T19:32:41.021Z,154.062,0.927605276168146,0.2072372509470958,0.17271677684250883,-0.25839908754104246
1612467161051,2021-02-04T19:32:41.051Z,154.092,0.9276054723529054,0.20699620030992605,0.17303471934159798,-0.2583788819167902
1612467161066,2021-02-04T19:32:41.066Z,154.107,0.9276956024565438,0.20663567316171527,0.1732268290448925,-0.25821509146222804
1612467161081,2021-02-04T19:32:41.081Z,154.122,0.9278326211755188,0.20637191548564984,0.1733046381472744,-0.2578812943545778
1612467161126,2021-02-04T19:32:41.126Z,154.167,0.9279841851937168,0.20605559946745414,0.1735280641749882,-0.25743825065856646
1612467161130,2021-02-04T19:32:41.130Z,154.171,0.9281757982834655,0.20552452379405253,0.17371219951417236,-0.2570475235049501
1612467161141,2021-02-04T19:32:41.141Z,154.182,0.9282907518970126,0.20503236899336516,0.17390343365489194,-0.2568960945022057
1612467161171,2021-02-04T19:32:41.171Z,154.212,0.9283557654229824,0.20468989927457143,0.17404136201501913,-0.256840850039147
1612467161186,2021-02-04T19:32:41.186Z,154.227,0.9283936168139317,0.2044901290939476,0.17412180378250505,-0.2568086385030961
1612467161201,2021-02-04T19:32:41.201Z,154.242,0.928438868527429,0.2042509888910114,0.17421807815257495,-0.2567700570342554
1612467161231,2021-02-04T19:32:41.231Z,154.272,0.9284984713857213,0.20383221995775636,0.1743930035853758,-0.2567685631886091
1612467161246,2021-02-04T19:32:41.246Z,154.287,0.9285421529426008,0.2032578728180083,0.17464514024159492,-0.25689449650821944
1612467161261,2021-02-04T19:32:41.261Z,154.302,0.9285317732217239,0.202903358307761,0.17481271312896443,-0.25709820814942275
1612467161291,2021-02-04T19:32:41.291Z,154.332,0.9284866902094187,0.20281575897126947,0.17486778179772636,-0.25729262116510365
1612467161306,2021-02-04T19:32:41.306Z,154.347,0.9285016666058099,0.2028239580371709,0.17485918160168523,-0.25723795164391733
1612467161321,2021-02-04T19:32:41.321Z,154.362,0.9285953091560828,0.20280703551873352,0.17483689273966324,-0.25692823724643765
1612467161351,2021-02-04T19:32:41.351Z,154.392,0.9287148961987601,0.2027119295749445,0.1747899051878172,-0.2566028141524618
1612467161381,2021-02-04T19:32:41.381Z,154.422,0.9288188115900305,0.20256340445543164,0.1747096223528082,-0.2563985769641628
1612467161381,2021-02-04T19:32:41.381Z,154.422,0.9289187754491328,0.20228617225489146,0.1748054757030923,-0.25618988816259625
1612467161411,2021-02-04T19:32:41.411Z,154.452,0.9290622016930917,0.20174567725514875,0.1750770335815468,-0.2559104128524909
1612467161426,2021-02-04T19:32:41.426Z,154.467,0.9291775010128659,0.20117348196643933,0.17535617124887967,-0.2557510800953103
1612467161441,2021-02-04T19:32:41.441Z,154.482,0.9292662033927798,0.20062668480708667,0.1753917663001784,-0.25583390097754916
1612467161471,2021-02-04T19:32:41.471Z,154.512,0.9291614192654529,0.2006290335509413,0.17529446942229582,-0.2562789434092864
1612467161486,2021-02-04T19:32:41.486Z,154.527,0.9289419804064918,0.2010734956504807,0.17503385910747235,-0.2569034732176786
1612467161501,2021-02-04T19:32:41.501Z,154.542,0.9287418134524329,0.20149295783684304,0.17479145914976701,-0.25746296373564415
1612467161531,2021-02-04T19:32:41.531Z,154.572,0.9286016175740792,0.2016921597354107,0.17474203281213474,-0.2578459433629926
1612467161546,2021-02-04T19:32:41.546Z,154.587,0.9285385645315989,0.2016612068314936,0.17483432081192737,-0.258034594779644
1612467161561,2021-02-04T19:32:41.561Z,154.602,0.9285911059380166,0.20147216964695336,0.17496952873012878,-0.2579015060958686
1612467161576,2021-02-04T19:32:41.576Z,154.617,0.9287555844512843,0.20105083376477711,0.17524674419800768,-0.25744942268538745
1612467161606,2021-02-04T19:32:41.606Z,154.647,0.9290593953798517,0.2002890751251367,0.17550220612753092,-0.2567720815943806
1612467161621,2021-02-04T19:32:41.621Z,154.662,0.9293634280696007,0.1994812927127886,0.17563104969174917,-0.256211956802428
1612467161636,2021-02-04T19:32:41.636Z,154.677,0.9295308702126356,0.19909227645754596,0.17572924254589004,-0.25583952018978706
1612467161666,2021-02-04T19:32:41.666Z,154.707,0.929525291712212,0.19917115093444804,0.17573545699737594,-0.2557941239682763
1612467161681,2021-02-04T19:32:41.681Z,154.722,0.9294552854460205,0.19923772722402622,0.17573912162699978,-0.25599406543283715
1612467161696,2021-02-04T19:32:41.696Z,154.737,0.92941929862789,0.1991307327739838,0.17580926923327453,-0.2561597537760364
1612467161726,2021-02-04T19:32:41.726Z,154.767,0.9294289983697052,0.19882331451509366,0.1759784413678082,-0.2562471751424303
1612467161747,2021-02-04T19:32:41.747Z,154.788,0.9294444412574482,0.19859287525790909,0.17613926544030573,-0.25625936018529394
1612467161756,2021-02-04T19:32:41.756Z,154.797,0.9294493958328237,0.1985705573112225,0.17614575005839658,-0.25625422746068915
1612467161786,2021-02-04T19:32:41.786Z,154.827,0.9294750612061641,0.19872829628272595,0.17611771846187912,-0.2560580482940249
1612467161801,2021-02-04T19:32:41.801Z,154.842,0.9295226384568904,0.1989548358701684,0.17606801778323453,-0.25574340850527943
1612467161816,2021-02-04T19:32:41.816Z,154.857,0.9296075697479735,0.19903205125244053,0.17604037669223424,-0.2553934114568513
1612467161846,2021-02-04T19:32:41.846Z,154.887,0.9296457907590733,0.1990404896526803,0.17602096630054737,-0.25526105583378816
1612467161861,2021-02-04T19:32:41.861Z,154.902,0.9296104991831549,0.1992200725674589,0.17595358766323552,-0.25529594098437697
1612467161876,2021-02-04T19:32:41.876Z,154.917,0.9295861053265307,0.1995024927800228,0.1756162572592042,-0.25539647285089534
1612467161906,2021-02-04T19:32:41.906Z,154.947,0.9296021864999228,0.19976334356989586,0.17513833368676054,-0.25546221930798946
1612467161921,2021-02-04T19:32:41.921Z,154.962,0.9295727089086309,0.19979539936355764,0.17492602870037646,-0.2556897763473172
1612467161936,2021-02-04T19:32:41.936Z,154.977,0.9294638725477661,0.19982404694013373,0.17495821116439175,-0.2560407862804939
1612467161966,2021-02-04T19:32:41.966Z,155.007,0.9293190156175988,0.20009484140046824,0.17480580503484022,-0.256458870352695
1612467161981,2021-02-04T19:32:41.981Z,155.022,0.929278238606615,0.20040016532984053,0.1743677498490512,-0.25666635307445085
1612467161996,2021-02-04T19:32:41.996Z,155.037,0.9292888628104026,0.2005087772896416,0.17411715888852847,-0.2567131758732856
1612467162026,2021-02-04T19:32:42.026Z,155.067,0.9293472427766903,0.20038225295011197,0.17416905034750424,-0.25656538532516315
1612467162041,2021-02-04T19:32:42.041Z,155.082,0.929428053621414,0.20016650458546262,0.17425006977430213,-0.25638599175305726
1612467162056,2021-02-04T19:32:42.056Z,155.097,0.929471570002244,0.2000846144667485,0.17428787068274884,-0.25626643507125446
1612467162086,2021-02-04T19:32:42.086Z,155.127,0.9295264777597089,0.2000803787430874,0.1742172065765051,-0.256118593855135
1612467162101,2021-02-04T19:32:42.101Z,155.142,0.9295905204473431,0.20011334415396062,0.17418619598800317,-0.25588138446003733
1612467162116,2021-02-04T19:32:42.116Z,155.157,0.9296497520653438,0.2003390856760933,0.17376058146732654,-0.25577890758123223
1612467162131,2021-02-04T19:32:42.131Z,155.172,0.9296159213153607,0.20055599264436613,0.17344815292452487,-0.2559438823228569
1612467162161,2021-02-04T19:32:42.161Z,155.202,0.9294659532627301,0.2008920140428476,0.1732772193659889,-0.25634048776579116
1612467162176,2021-02-04T19:32:42.176Z,155.217,0.9293077784356477,0.2013112026565176,0.1731765722880253,-0.25665293186433263
1612467162191,2021-02-04T19:32:42.191Z,155.232,0.9292382945241937,0.201582881952675,0.17312386636373045,-0.25672682093753835
1612467162221,2021-02-04T19:32:42.221Z,155.262,0.9293540705675858,0.20159515824308633,0.17310473007658367,-0.25631066329264784
1612467162236,2021-02-04T19:32:42.236Z,155.277,0.9295717438243668,0.20133301453526342,0.17316352784104747,-0.2556868846208426
1612467162251,2021-02-04T19:32:42.251Z,155.292,0.9297503900016453,0.20109187964134947,0.17324413165658265,-0.2551719794190859
1612467162281,2021-02-04T19:32:42.281Z,155.322,0.9297575286814026,0.2012678570805456,0.17323365498139426,-0.2550142904784808
1612467162296,2021-02-04T19:32:42.296Z,155.337,0.9296424496166036,0.2018920611324284,0.17290540251835704,-0.25516315036169546
1612467162311,2021-02-04T19:32:42.311Z,155.352,0.9294989226155757,0.2024283239289998,0.1724975604268417,-0.255536921352998
1612467162341,2021-02-04T19:32:42.341Z,155.382,0.9293688447185189,0.20274174209377932,0.17220449213795316,-0.255958882180038
1612467162356,2021-02-04T19:32:42.356Z,155.397,0.9292869258923924,0.20292089140424627,0.17199842133145427,-0.2562527351203507
1612467162371,2021-02-04T19:32:42.371Z,155.412,0.9292600572852813,0.20298174682882372,0.17193344143310624,-0.2563455638497448
1612467162401,2021-02-04T19:32:42.401Z,155.442,0.9292429121544431,0.20297329402483633,0.17195780008811348,-0.25639806378421337
1612467162416,2021-02-04T19:32:42.416Z,155.457,0.929222779444575,0.20296821606612728,0.17183939684638933,-0.2565543823825691
1612467162431,2021-02-04T19:32:42.431Z,155.472,0.9291271747035107,0.20337600139221734,0.17166803084028043,-0.2566923888092618
1612467162461,2021-02-04T19:32:42.461Z,155.502,0.9290852323378477,0.20371862263163018,0.17156401173863656,-0.2566420536875121
1612467162482,2021-02-04T19:32:42.482Z,155.523,0.9291549122887623,0.20368205906048928,0.17156830572656573,-0.25641584244476273
1612467162491,2021-02-04T19:32:42.491Z,155.532,0.9292160694688294,0.2034746990386291,0.17165115358211153,-0.2563033838363618
1612467162521,2021-02-04T19:32:42.521Z,155.562,0.9292514348099836,0.20334351580871443,0.1715886407833498,-0.25632113419743635
1612467162536,2021-02-04T19:32:42.536Z,155.577,0.9291784105800255,0.20345655849838865,0.17148969396260946,-0.25656226336033944
1612467162551,2021-02-04T19:32:42.551Z,155.592,0.9291233953662513,0.20349664503888984,0.17128208380176602,-0.25686821408950045
1612467162581,2021-02-04T19:32:42.581Z,155.622,0.9290330865424353,0.2035880413352999,0.17111362628469914,-0.2572344464382491
1612467162596,2021-02-04T19:32:42.596Z,155.637,0.9289490424527617,0.20376662335392307,0.1710390033447763,-0.25744610905559073
1612467162611,2021-02-04T19:32:42.611Z,155.652,0.9289030623176896,0.20397249547660157,0.17101892977753372,-0.2574623226097621
1612467162641,2021-02-04T19:32:42.641Z,155.682,0.9288731475493827,0.20419844057446981,0.17098097750699917,-0.25741635138314056
1612467162656,2021-02-04T19:32:42.656Z,155.697,0.9288913666118271,0.20431584483284576,0.17108033607287768,-0.25719133576666947
1612467162671,2021-02-04T19:32:42.671Z,155.712,0.928932278832267,0.20439872945829884,0.17111006648137722,-0.25695782900714076
1612467162701,2021-02-04T19:32:42.701Z,155.742,0.9289679707350562,0.20442040365105038,0.1711032745028854,-0.256816037999817
1612467162716,2021-02-04T19:32:42.716Z,155.757,0.92890420575822,0.20458181586964805,0.17107264266784375,-0.2569385297513949
1612467162731,2021-02-04T19:32:42.731Z,155.772,0.9287771744438712,0.2048633612052406,0.17093778476267765,-0.2572629728666338
1612467162746,2021-02-04T19:32:42.746Z,155.787,0.9286626496178516,0.2051617636084783,0.17063535495640428,-0.25763910727355094
1612467162776,2021-02-04T19:32:42.776Z,155.817,0.928522481915807,0.2054233638145069,0.17057087418431743,-0.25797833059394765
1612467162791,2021-02-04T19:32:42.791Z,155.832,0.9284383018360033,0.2054659189361614,0.17058382607067946,-0.25823871538304555
1612467162806,2021-02-04T19:32:42.806Z,155.847,0.9283669363109641,0.20548122713911077,0.17052315149551406,-0.25852301959794105
1612467162836,2021-02-04T19:32:42.836Z,155.877,0.9282760159335225,0.20578474145290862,0.17028240420905086,-0.2587666540428503
1612467162851,2021-02-04T19:32:42.851Z,155.892,0.928203804040425,0.2061526913691474,0.17016035281557734,-0.25881309923537393
1612467162866,2021-02-04T19:32:42.866Z,155.907,0.9282357550476188,0.20627663853557984,0.17010979318487948,-0.25863292464076665
1612467162896,2021-02-04T19:32:42.896Z,155.937,0.9283183274012896,0.20612732216126853,0.17023555818528432,-0.25837272456441895
1612467162911,2021-02-04T19:32:42.911Z,155.952,0.9283582942637887,0.2059539207891276,0.17037822282049428,-0.2582733458406898
1612467162926,2021-02-04T19:32:42.926Z,155.967,0.9283162684669771,0.20600779371147523,0.17038943843232546,-0.2583740193989991
1612467162956,2021-02-04T19:32:42.956Z,155.997,0.9281973087635782,0.20615227346762938,0.1703153861175264,-0.25873473945300884
1612467162971,2021-02-04T19:32:42.971Z,156.012,0.9280501412463613,0.20626923203045058,0.17014162059811858,-0.2592831814646347
1612467162986,2021-02-04T19:32:42.986Z,156.027,0.9278665855940149,0.2064010807561992,0.16994596440167878,-0.2599626172824872
1612467163016,2021-02-04T19:32:43.016Z,156.057,0.9276850675033237,0.20682057420602046,0.16978674495017532,-0.2603807344172566
1612467163031,2021-02-04T19:32:43.031Z,156.072,0.9276359025088969,0.20717526633348113,0.1697432380292151,-0.26030227532527006
1612467163046,2021-02-04T19:32:43.046Z,156.087,0.9277137382169857,0.20722837047711093,0.16988625225604229,-0.2598889833895687
1612467163076,2021-02-04T19:32:43.076Z,156.117,0.9278233582461909,0.20705919563128908,0.17008652232623966,-0.25950121448704144
1612467163091,2021-02-04T19:32:43.091Z,156.132,0.9278552830372309,0.2069808274154751,0.1701345435480917,-0.2594180948083377
1612467163106,2021-02-04T19:32:43.106Z,156.147,0.9278357990348881,0.2071165795066493,0.16996561697983936,-0.25949015697598105
1612467163136,2021-02-04T19:32:43.136Z,156.177,0.92776308882937,0.20729107794158702,0.16973952744286647,-0.2597586434270744
1612467163151,2021-02-04T19:32:43.151Z,156.192,0.9276727400765711,0.20739342419576862,0.16957760338498093,-0.2601051544075716
1612467163166,2021-02-04T19:32:43.166Z,156.207,0.9275673876359761,0.2073498336875232,0.1696564208623868,-0.2604639835449272
1612467163211,2021-02-04T19:32:43.211Z,156.252,0.9274771809896937,0.20731738383999865,0.1697213836946121,-0.26076854299921964
1612467163211,2021-02-04T19:32:43.211Z,156.252,0.9274244090750806,0.2073201677176417,0.16977236332413081,-0.26092078905408383
1612467163226,2021-02-04T19:32:43.226Z,156.267,0.9274040338967697,0.20737859034343106,0.16982086722284007,-0.26091521848074134
1612467163256,2021-02-04T19:32:43.256Z,156.297,0.9274419144282486,0.20745351354284738,0.16978804569276126,-0.2607423145947463
1612467163271,2021-02-04T19:32:43.271Z,156.312,0.927512981135145,0.20751775130514136,0.16973952434399067,-0.26046985736266975
1612467163286,2021-02-04T19:32:43.286Z,156.327,0.927598402761569,0.20749026468776804,0.1697270927787571,-0.26019551731507046
1612467163316,2021-02-04T19:32:43.316Z,156.357,0.9276539874657118,0.20732980591392863,0.16978406149502026,-0.26008806889381275
1612467163331,2021-02-04T19:32:43.331Z,156.372,0.9276534842473717,0.20721455611320067,0.16983863432333174,-0.26014607279316404
1612467163346,2021-02-04T19:32:43.346Z,156.387,0.927606226248707,0.20717220140181788,0.16966409347496553,-0.2604620190666488
1612467163361,2021-02-04T19:32:43.361Z,156.402,0.9275573030662506,0.20724850369347989,0.1691997752757085,-0.2608772571381557
1612467163391,2021-02-04T19:32:43.391Z,156.432,0.9274877781522652,0.20740453659744354,0.16879127692458298,-0.26126477835931705
1612467163406,2021-02-04T19:32:43.406Z,156.447,0.9273859211650619,0.20755142643138366,0.1688253838940929,-0.2614875682783789
1612467163421,2021-02-04T19:32:43.421Z,156.462,0.9273352470277703,0.20764068244472622,0.1690531394685525,-0.2614492735688111
1612467163451,2021-02-04T19:32:43.451Z,156.492,0.9273232809369539,0.20770905492520178,0.16918812678006126,-0.261350069621297
1612467163466,2021-02-04T19:32:43.466Z,156.507,0.9273706541172163,0.20773355803964513,0.16916050505452396,-0.2611803252086454
1612467163481,2021-02-04T19:32:43.481Z,156.522,0.9274383698345835,0.20773736038835652,0.16906736055113677,-0.26099710123624015
1612467163511,2021-02-04T19:32:43.511Z,156.552,0.9274889264433857,0.207830618280531,0.16883235544465733,-0.26089530694329643
1612467163526,2021-02-04T19:32:43.526Z,156.567,0.9275751136796363,0.2078622910138877,0.16864524171130296,-0.26068459660057414
1612467163541,2021-02-04T19:32:43.541Z,156.582,0.9276391280137203,0.20783786956829572,0.16863498729697546,-0.2604828386105422
1612467163571,2021-02-04T19:32:43.571Z,156.612,0.9276228893735247,0.20783200957314563,0.16877497029468067,-0.2604546799524462
1612467163586,2021-02-04T19:32:43.586Z,156.627,0.9275295989388437,0.20787900276996765,0.16878444947568863,-0.26074311671624284
1612467163601,2021-02-04T19:32:43.601Z,156.642,0.9274061195801481,0.2081043088739562,0.1685512056910288,-0.26115316780289277
1612467163631,2021-02-04T19:32:43.631Z,156.672,0.9273726456447448,0.2083219650058587,0.1682065773407756,-0.2613206504378595
1612467163646,2021-02-04T19:32:43.646Z,156.687,0.9274624640689483,0.20818947087505246,0.1681598365604006,-0.26113749506323264
1612467163661,2021-02-04T19:32:43.661Z,156.702,0.9276477115005309,0.20765801847163085,0.16834867895833125,-0.26078073741219543
1612467163706,2021-02-04T19:32:43.706Z,156.747,0.9278563651502137,0.20701860639224187,0.16858033504248726,-0.26039687573895753
1612467163706,2021-02-04T19:32:43.706Z,156.747,0.9279547255315105,0.20663408749134513,0.1687286364184143,-0.26025569830983636
1612467163721,2021-02-04T19:32:43.721Z,156.762,0.9279656847026849,0.20657709615020317,0.1687518347521381,-0.26024682443444686
1612467163751,2021-02-04T19:32:43.751Z,156.792,0.9279132712396398,0.20654998027004076,0.16878227155848524,-0.26043542676708553
1612467163766,2021-02-04T19:32:43.766Z,156.807,0.9278424498734926,0.20651335062876922,0.16882335665418996,-0.260690042910822
1612467163781,2021-02-04T19:32:43.781Z,156.822,0.9278225544549736,0.2063282344278561,0.16898062794444588,-0.2608055108735859
1612467163811,2021-02-04T19:32:43.811Z,156.852,0.9278413095731642,0.20612844477796477,0.16921619974134094,-0.2607440243765364
1612467163826,2021-02-04T19:32:43.826Z,156.867,0.9279081869545628,0.20596014014556724,0.16942686805426793,-0.2605021182931839
1612467163841,2021-02-04T19:32:43.841Z,156.882,0.9279578265633278,0.20596003308538177,0.1695795321830681,-0.2602259002403585
1612467163871,2021-02-04T19:32:43.871Z,156.912,0.9279942286654523,0.20588641006721553,0.16982634003492694,-0.2599932921126777
1612467163886,2021-02-04T19:32:43.886Z,156.927,0.9280323129777128,0.20569172398315802,0.17017968344334639,-0.25978032276751656
1612467163901,2021-02-04T19:32:43.901Z,156.942,0.9281440858358487,0.20537780890147997,0.1705363566337848,-0.2593951861635802
1612467163931,2021-02-04T19:32:43.931Z,156.972,0.9283661889350666,0.2048353548701651,0.17087247664523578,-0.25880744456548593
1612467163946,2021-02-04T19:32:43.946Z,156.987,0.9285719350701208,0.20434807524812315,0.17106770151672218,-0.2583251188721387
1612467163961,2021-02-04T19:32:43.961Z,157.002,0.9286287608712953,0.20413575181613244,0.17119062363098533,-0.2582072611177678
1612467163982,2021-02-04T19:32:43.982Z,157.023,0.928611247825662,0.20413503356173726,0.17110837848139054,-0.2583253013119018
1612467164006,2021-02-04T19:32:44.006Z,157.047,0.9285327769696449,0.20424473506874913,0.17105185679323376,-0.25855798687591014
1612467164021,2021-02-04T19:32:44.021Z,157.062,0.9285173437186497,0.20417679606641517,0.17112175939055888,-0.25862080702216483
1612467164036,2021-02-04T19:32:44.036Z,157.077,0.9285790442357866,0.20392071272990223,0.17129161876912802,-0.2584888447599495
1612467164066,2021-02-04T19:32:44.066Z,157.107,0.928697387589128,0.20357165021733223,0.17150990929187046,-0.25819391264632013
1612467164081,2021-02-04T19:32:44.081Z,157.122,0.928789136610908,0.20331452491621782,0.17167655819823502,-0.25795562222379415
1612467164096,2021-02-04T19:32:44.096Z,157.137,0.9288216439629075,0.20329773415389216,0.17173276047670497,-0.25781435951666104
1612467164126,2021-02-04T19:32:44.126Z,157.167,0.9288425566311996,0.2033364548836776,0.17174065790376533,-0.25770319658269014
1612467164141,2021-02-04T19:32:44.141Z,157.182,0.9288646929696679,0.20316722994254324,0.1718763514355155,-0.25766640962502974
1612467164156,2021-02-04T19:32:44.156Z,157.197,0.9288993062583248,0.2029554307100603,0.1719754589430461,-0.2576424140149005
1612467164186,2021-02-04T19:32:44.186Z,157.227,0.9288848885957146,0.2028639922428815,0.1719906308616423,-0.25775625557029913
1612467164201,2021-02-04T19:32:44.201Z,157.242,0.9288672807933721,0.20293766199662006,0.17198648279874015,-0.2577644850428216
1612467164216,2021-02-04T19:32:44.216Z,157.257,0.9289735033596442,0.20279972081725905,0.17203028392272268,-0.25746084111106776
1612467164246,2021-02-04T19:32:44.246Z,157.287,0.929159329613457,0.20234758016980514,0.17218536562155237,-0.25704201379826563
1612467164261,2021-02-04T19:32:44.261Z,157.302,0.9293034196889769,0.20197258046339728,0.1723341317090734,-0.2567161427402051
1612467164276,2021-02-04T19:32:44.276Z,157.317,0.9293508766822657,0.20190044668465051,0.17237726576244436,-0.25657208711531065
1612467164306,2021-02-04T19:32:44.306Z,157.347,0.9293354924316957,0.20196374779377363,0.172373365219982,-0.2565806112054645
1612467164321,2021-02-04T19:32:44.321Z,157.362,0.9294163835072495,0.20158865426623243,0.1724389046445142,-0.2565385442861073
1612467164342,2021-02-04T19:32:44.343Z,157.383,0.9294342616090913,0.20110832005770454,0.17262520814630025,-0.25672540673485755
1612467164366,2021-02-04T19:32:44.366Z,157.407,0.9294459783964626,0.20083718819792237,0.17280689151549614,-0.25677300349558996
1612467164381,2021-02-04T19:32:44.381Z,157.422,0.9294944322975176,0.20070572517422866,0.17289185198828136,-0.2566431758809584
1612467164396,2021-02-04T19:32:44.396Z,157.437,0.9295880315642588,0.20063199067936313,0.17297975852475456,-0.25630235861037265
1612467164426,2021-02-04T19:32:44.426Z,157.467,0.9296025504579085,0.20063256777578928,0.17307167381384891,-0.25618717113297773
1612467164441,2021-02-04T19:32:44.441Z,157.482,0.9295583346625651,0.20070985746022185,0.17311206200390353,-0.2562597696994449
1612467164456,2021-02-04T19:32:44.456Z,157.497,0.9295041980874618,0.2008426547158596,0.17297716760768972,-0.2564431189774681
1612467164486,2021-02-04T19:32:44.486Z,157.527,0.9295551477437933,0.20071354620599677,0.17302032414798263,-0.256330386618822
1612467164501,2021-02-04T19:32:44.501Z,157.542,0.9296787054602903,0.20045782656169595,0.1731072947354116,-0.25602349285412707
1612467164516,2021-02-04T19:32:44.516Z,157.557,0.9297618877238744,0.20031399522555512,0.17314018405193546,-0.2558116731491663
1612467164546,2021-02-04T19:32:44.546Z,157.587,0.9297197968666562,0.2003690059686546,0.1731838235895642,-0.2558920163042517
1612467164561,2021-02-04T19:32:44.561Z,157.602,0.9295886340361995,0.20057721994803152,0.1732800485797416,-0.25614014732726675
1612467164576,2021-02-04T19:32:44.576Z,157.617,0.9295248658849311,0.20055086082111487,0.17333363886451436,-0.25635585728338034
1612467164591,2021-02-04T19:32:44.591Z,157.632,0.929505935984349,0.2005046158469793,0.17340119780106053,-0.25641497342213077
1612467164621,2021-02-04T19:32:44.621Z,157.662,0.9295398269265295,0.20055447270853774,0.17340061133117393,-0.2562534714378976
1612467164636,2021-02-04T19:32:44.636Z,157.677,0.929636633158249,0.20050021475172103,0.17344109577512992,-0.25591713594644533
1612467164651,2021-02-04T19:32:44.651Z,157.692,0.9297564706344161,0.2003659643817358,0.17349786160579955,-0.2555481904632196
1612467164681,2021-02-04T19:32:44.681Z,157.722,0.9298687879520101,0.20021705380079927,0.17353571649134858,-0.2552303345251529
1612467164696,2021-02-04T19:32:44.696Z,157.737,0.929934827127044,0.20007338672280034,0.17358871043189772,-0.255066298895119
1612467164711,2021-02-04T19:32:44.711Z,157.752,0.9299297435027997,0.20005327245184246,0.17362441594079087,-0.25507630724813557
1612467164741,2021-02-04T19:32:44.741Z,157.782,0.9299101879108351,0.20023889655388608,0.1733947362005762,-0.25515817091453336
1612467164756,2021-02-04T19:32:44.756Z,157.797,0.9298397385061892,0.20059119752195825,0.17309464993364523,-0.2553418773640497
1612467164771,2021-02-04T19:32:44.771Z,157.812,0.9297282879280759,0.20097778961508936,0.17278723250821074,-0.2556517377017321
1612467164801,2021-02-04T19:32:44.801Z,157.842,0.929585635655309,0.20140052961258195,0.17261822163820356,-0.2559517966601345
1612467164816,2021-02-04T19:32:44.816Z,157.857,0.9295089665591518,0.20170266124570002,0.1725441018948267,-0.25604228251179056
1612467164831,2021-02-04T19:32:44.831Z,157.872,0.9295444943945254,0.2017065425954115,0.17241251429885732,-0.2559988838416639
1612467164861,2021-02-04T19:32:44.861Z,157.902,0.929579722079589,0.20172556749601217,0.17239232222393353,-0.2558695428437808
1612467164876,2021-02-04T19:32:44.876Z,157.917,0.9295925679318677,0.2019473130917708,0.1722280207398573,-0.25575857610817543
1612467164891,2021-02-04T19:32:44.891Z,157.932,0.9295432877719597,0.20224990164107526,0.17205183258784223,-0.2558171619486
1612467164921,2021-02-04T19:32:44.921Z,157.962,0.9294673236990354,0.20261828731068643,0.17183809043093154,-0.2559452959131849
1612467164936,2021-02-04T19:32:44.936Z,157.977,0.9293954124687789,0.20300146986395354,0.17168433148065623,-0.25600597813157194
1612467164951,2021-02-04T19:32:44.951Z,157.992,0.9293896219438753,0.20312430587528946,0.1715033335120847,-0.256050880841963
1612467164981,2021-02-04T19:32:44.981Z,158.022,0.9293779730683781,0.20318624462041118,0.171478471091312,-0.2560606707882994
1612467164996,2021-02-04T19:32:44.996Z,158.037,0.9293828435810262,0.20340002149175412,0.17137776375406757,-0.2559406638364741
1612467165011,2021-02-04T19:32:45.011Z,158.052,0.9293997861263369,0.20361886040676908,0.1712706522159998,-0.25577677948647787
1612467165041,2021-02-04T19:32:45.041Z,158.082,0.9293917853088064,0.203787689915089,0.17119500421278613,-0.2557220314563551
1612467165056,2021-02-04T19:32:45.056Z,158.097,0.9293392367633676,0.20406573712925447,0.17108347781740207,-0.2557659116455473
1612467165071,2021-02-04T19:32:45.071Z,158.112,0.9293243917548125,0.20426238119660686,0.17099709981721997,-0.2557206412699995
1612467165101,2021-02-04T19:32:45.101Z,158.142,0.9294322142817731,0.20423614943301238,0.17097311666672296,-0.25536551783144795
1612467165116,2021-02-04T19:32:45.116Z,158.157,0.9296411523295871,0.20397835632165048,0.1710225098882531,-0.2547772736316134
1612467165131,2021-02-04T19:32:45.131Z,158.172,0.9298173904611724,0.2036584383029086,0.17111146491462093,-0.25432995788693186
1612467165146,2021-02-04T19:32:45.146Z,158.187,0.9298050699759222,0.20374409004128777,0.17111773855267462,-0.2543021768938218
1612467165176,2021-02-04T19:32:45.176Z,158.217,0.9296145434243063,0.20418717825693228,0.17098678689697733,-0.25473106523574557
1612467165191,2021-02-04T19:32:45.191Z,158.232,0.9293798134552763,0.20470926212894566,0.17063580938133782,-0.25540301661733344
1612467165206,2021-02-04T19:32:45.206Z,158.247,0.9291501883695483,0.20515165945005517,0.17034459181960449,-0.25607702769974044
1612467165236,2021-02-04T19:32:45.236Z,158.277,0.9289913452183597,0.20550605908605424,0.17011934875171414,-0.25651851272100096
1612467165251,2021-02-04T19:32:45.251Z,158.292,0.9289400657220627,0.20565802950178935,0.1700971311633981,-0.2565971456733544
1612467165266,2021-02-04T19:32:45.266Z,158.307,0.928933616801695,0.20568345960599002,0.17010774126210848,-0.2565930754773719
1612467165296,2021-02-04T19:32:45.296Z,158.337,0.9289407957585315,0.20570549598150392,0.17012413135785576,-0.25653854842546464
1612467165311,2021-02-04T19:32:45.311Z,158.352,0.9289257696284744,0.20591337655634376,0.17009125486532436,-0.25644796917435586
1612467165326,2021-02-04T19:32:45.326Z,158.367,0.928898034787395,0.20618310961888525,0.1700167389460512,-0.25638111231943844
1612467165356,2021-02-04T19:32:45.356Z,158.397,0.9288905003697738,0.20641931485211537,0.1699098428189115,-0.25628919230437136
1612467165371,2021-02-04T19:32:45.371Z,158.412,0.928913595630589,0.2065575101514083,0.16976869275531575,-0.25618766132047144
1612467165386,2021-02-04T19:32:45.386Z,158.427,0.9289626798139439,0.20663320670086147,0.16950476945472093,-0.256123389274617
1612467165416,2021-02-04T19:32:45.416Z,158.457,0.928969716131489,0.20670401115895956,0.16930326355082803,-0.2561740096739255
1612467165431,2021-02-04T19:32:45.431Z,158.472,0.9289240978753471,0.20687354785689774,0.1692035760879357,-0.2562684245525122
1612467165446,2021-02-04T19:32:45.446Z,158.487,0.9288310836505934,0.20705037001273077,0.16918581447330763,-0.2564744090607463
1612467165476,2021-02-04T19:32:45.476Z,158.517,0.9287380612274811,0.20721638588084654,0.16918052857410087,-0.25668060269776427
1612467165491,2021-02-04T19:32:45.491Z,158.532,0.9287107047397062,0.20723524304043472,0.16921373349384222,-0.2567424650129483
1612467165506,2021-02-04T19:32:45.506Z,158.547,0.9287065956779088,0.20724393778539407,0.16922569502214083,-0.2567424264507652
1612467165536,2021-02-04T19:32:45.536Z,158.577,0.9286922793258879,0.20730885810144678,0.16921129209457242,-0.2567512926955711
1612467165551,2021-02-04T19:32:45.551Z,158.592,0.9286702082193895,0.20749778205284491,0.16901485309192893,-0.25680789365441936
1612467165566,2021-02-04T19:32:45.566Z,158.607,0.9286202368636207,0.2077586466546656,0.1688957365367664,-0.2568560503614392
1612467165596,2021-02-04T19:32:45.596Z,158.637,0.92858875534943,0.20803359886580516,0.1687451946223074,-0.25684626622440454
1612467165611,2021-02-04T19:32:45.611Z,158.652,0.9285847508935888,0.2082242129500198,0.16865635654508881,-0.2567646216794133
1612467165626,2021-02-04T19:32:45.626Z,158.667,0.9285653747934929,0.20832355705410832,0.16861387038609688,-0.2567820146045367
1612467165656,2021-02-04T19:32:45.656Z,158.697,0.9285656631974861,0.20831731405536077,0.16861700531536256,-0.2567839779150022
1612467165671,2021-02-04T19:32:45.671Z,158.712,0.9285641418365043,0.20831730774984333,0.16862379255244056,-0.25678502754741134
1612467165686,2021-02-04T19:32:45.686Z,158.727,0.9285574553859577,0.20832114893462725,0.16865057393635371,-0.2567885022049284
1612467165716,2021-02-04T19:32:45.716Z,158.757,0.928549630978802,0.20831735652500316,0.1685592093850146,-0.256879844890688
1612467165731,2021-02-04T19:32:45.731Z,158.772,0.9284620489509965,0.20844078592607507,0.1684971646966147,-0.2571368661033252
1612467165746,2021-02-04T19:32:45.746Z,158.787,0.9283375779438605,0.20867646172446846,0.1684650957583683,-0.2574159808764934
1612467165761,2021-02-04T19:32:45.761Z,158.802,0.9282749257404846,0.20888550097457603,0.16842480265786489,-0.2574987292662957
1612467165791,2021-02-04T19:32:45.791Z,158.832,0.9282689722121616,0.20891460980379287,0.16843027532811491,-0.25749299678166326
1612467165806,2021-02-04T19:32:45.806Z,158.847,0.9282669561149586,0.2089159390765417,0.16843823586337534,-0.257493979121979
1612467165821,2021-02-04T19:32:45.821Z,158.862,0.9282133969489222,0.20887838202826303,0.16850028125920422,-0.25767686442784565
1612467165851,2021-02-04T19:32:45.851Z,158.892,0.9280814075903283,0.20905869146325007,0.16849392118558082,-0.258010005488811
1612467165866,2021-02-04T19:32:45.866Z,158.907,0.9279087336268055,0.20937263595441444,0.16843371691196263,-0.2584154878868901
1612467165881,2021-02-04T19:32:45.881Z,158.922,0.9277527142637056,0.20970153703029862,0.1683614422161137,-0.258755852722924
1612467165911,2021-02-04T19:32:45.911Z,158.952,0.9276419874117022,0.2098298379569434,0.16835179081015045,-0.2590549301303594
1612467165926,2021-02-04T19:32:45.926Z,158.967,0.9275127595439073,0.21008862128268452,0.16837411683760312,-0.2592932873599774
1612467165941,2021-02-04T19:32:45.941Z,158.982,0.9273961526105953,0.2105041264856203,0.16856940274022073,-0.25924649528083643
1612467165971,2021-02-04T19:32:45.971Z,159.012,0.9274402826217296,0.21053548234946579,0.16867728480117639,-0.25899286946652994
1612467165986,2021-02-04T19:32:45.986Z,159.027,0.9276223583020391,0.21028060684733493,0.16865685820288054,-0.2585608070516748
1612467166001,2021-02-04T19:32:46.001Z,159.042,0.9278295225196007,0.2100203672474868,0.16858296271535894,-0.2580767466557043
1612467166031,2021-02-04T19:32:46.031Z,159.072,0.9280352473738127,0.20958869201620525,0.16866922234447887,-0.25763123499387885
1612467166046,2021-02-04T19:32:46.046Z,159.087,0.9281510610204814,0.20910506803487847,0.1688413873048247,-0.25749420261758443
1612467166061,2021-02-04T19:32:46.061Z,159.102,0.9281153085438374,0.20883568471046565,0.168992175461462,-0.2577426535730764
1612467166091,2021-02-04T19:32:46.091Z,159.132,0.9279189872244964,0.20919177134303374,0.16899573917504562,-0.25815808352888875
1612467166106,2021-02-04T19:32:46.106Z,159.147,0.9277495989902509,0.20961131208859987,0.16883306103927395,-0.258532738580693
1612467166121,2021-02-04T19:32:46.121Z,159.162,0.927620574089489,0.20989802243417044,0.16856894259661376,-0.2589351314440955
1612467166157,2021-02-04T19:32:46.157Z,159.198,0.9274842705467895,0.21008984698715588,0.16849084327481634,-0.2593183753877546
1612467166166,2021-02-04T19:32:46.166Z,159.207,0.9273839025807705,0.21019265303937368,0.16851435257284295,-0.25957861780062924
1612467166181,2021-02-04T19:32:46.181Z,159.222,0.9273978922409195,0.21012143709214076,0.16854330632461406,-0.25956749610573476
1612467166211,2021-02-04T19:32:46.211Z,159.252,0.9275317614714819,0.20988733213898433,0.16860769497051808,-0.2592365415328605
1612467166226,2021-02-04T19:32:46.226Z,159.267,0.9276913225750365,0.20973352530186035,0.16862484239864517,-0.25877851709418553
1612467166241,2021-02-04T19:32:46.241Z,159.282,0.9277303174427479,0.20985850094988523,0.16855192014736295,-0.25858483693225726
1612467166271,2021-02-04T19:32:46.271Z,159.312,0.9276475231388601,0.21016344471791712,0.16843636269721415,-0.25870947226564717
1612467166286,2021-02-04T19:32:46.286Z,159.327,0.9275408429027215,0.21044588361625977,0.16828135964913965,-0.25896312249221376
1612467166301,2021-02-04T19:32:46.301Z,159.342,0.9275277586273275,0.21052781264865236,0.16807376154575646,-0.25907818850107817
1612467166331,2021-02-04T19:32:46.331Z,159.372,0.9276075593560456,0.210478237324149,0.16786958361488113,-0.2589651141281502
1612467166346,2021-02-04T19:32:46.346Z,159.387,0.9276927422203193,0.21038545537478068,0.16770936111406465,-0.2588391515849225
1612467166361,2021-02-04T19:32:46.361Z,159.402,0.9276882711407047,0.21044305461251023,0.16763106875653708,-0.2588590681063107
1612467166376,2021-02-04T19:32:46.376Z,159.417,0.9276034975193134,0.21065064871369693,0.16756236582837075,-0.25903843179041053
1612467166406,2021-02-04T19:32:46.406Z,159.447,0.9275298092911654,0.21082317901693406,0.16739008552466017,-0.259273213683047
1612467166421,2021-02-04T19:32:46.421Z,159.462,0.9274822224778417,0.21095272708477,0.16723495559124346,-0.2594381304886712
1612467166436,2021-02-04T19:32:46.436Z,159.477,0.9274568727100807,0.2110810110792853,0.16718281683075598,-0.2594580154497401
1612467166466,2021-02-04T19:32:46.466Z,159.507,0.9274568727100807,0.2110810110792853,0.16718281683075598,-0.2594580154497401
1612467166481,2021-02-04T19:32:46.481Z,159.522,0.9274568727100807,0.2110810110792853,0.16718281683075598,-0.2594580154497401
1612467166496,2021-02-04T19:32:46.496Z,159.537,0.9274409583529711,0.21110908622198912,0.16725488371693023,-0.25944561348512973
1612467166532,2021-02-04T19:32:46.532Z,159.573,0.9273917412605706,0.21119584175950495,0.1674776250533803,-0.2594072469528564
1612467166541,2021-02-04T19:32:46.541Z,159.582,0.9273068601723847,0.21127641003085396,0.16774262318213026,-0.25947384841190807
1612467166556,2021-02-04T19:32:46.556Z,159.597,0.927259541255083,0.21135962140644443,0.16795621170173225,-0.2594370145934081
1612467166586,2021-02-04T19:32:46.586Z,159.627,0.9272309739504401,0.21140979805954707,0.16808500203311091,-0.25941482286652245
1612467166601,2021-02-04T19:32:46.601Z,159.642,0.9272309739504401,0.21140979805954707,0.16808500203311091,-0.25941482286652245
1612467166616,2021-02-04T19:32:46.616Z,159.657,0.9272042529202486,0.21142232861025448,0.16814631691986787,-0.259460379321978
1612467166646,2021-02-04T19:32:46.646Z,159.687,0.9271394953784861,0.21141023570160009,0.16834968150657192,-0.2595697460925601
1612467166661,2021-02-04T19:32:46.661Z,159.702,0.9270898472395636,0.2113105524888137,0.16861967998320881,-0.25965297817386085
1612467166676,2021-02-04T19:32:46.676Z,159.717,0.9271273803237191,0.21112069455990748,0.16869691317081806,-0.25962323561125544
1612467166706,2021-02-04T19:32:46.706Z,159.747,0.9271537782496662,0.21098706203951093,0.1687512550620824,-0.2596022824327179
1612467166721,2021-02-04T19:32:46.721Z,159.762,0.9271721267981129,0.21085552265059457,0.16886524162204442,-0.25956950134470186
1612467166736,2021-02-04T19:32:46.736Z,159.777,0.9271899262227419,0.21068442350844307,0.16906127365067547,-0.2595172444243214
1612467166766,2021-02-04T19:32:46.766Z,159.807,0.9272956640772602,0.2104655130104867,0.16912828299710353,-0.25927329809912425
1612467166781,2021-02-04T19:32:46.781Z,159.822,0.9274411100628264,0.21019574059363427,0.1692054308242789,-0.2589213397564908
1612467166796,2021-02-04T19:32:46.796Z,159.837,0.927578891642175,0.2099639488738271,0.1692671183462809,-0.2585752938699466
1612467166826,2021-02-04T19:32:46.826Z,159.867,0.9276774908598512,0.20977849475598176,0.16932046684535518,-0.25833705811818103
1612467166841,2021-02-04T19:32:46.841Z,159.882,0.9277193448404683,0.20956472436551007,0.1694070425905135,-0.2583034986815238
1612467166856,2021-02-04T19:32:46.856Z,159.897,0.9277779988531799,0.209311938434783,0.1695593393981298,-0.2581978460319377
1612467166886,2021-02-04T19:32:46.886Z,159.927,0.9278606826000346,0.20898111378810727,0.16968690588702545,-0.2580848731238767
1612467166901,2021-02-04T19:32:46.901Z,159.942,0.9279110516952955,0.2087225609649351,0.1697915181193476,-0.2580442075705183
1612467166916,2021-02-04T19:32:46.916Z,159.957,0.927937126042997,0.20851103485636252,0.16988229979426217,-0.2580617032238685
1612467166952,2021-02-04T19:32:46.952Z,159.993,0.9279085584379609,0.20841747122377144,0.16993628504557426,-0.2582044226793625
1612467166961,2021-02-04T19:32:46.961Z,160.002,0.9278652633557014,0.2083680529438203,0.1699160994718985,-0.2584130931483773
1612467166976,2021-02-04T19:32:46.976Z,160.017,0.9278544118776719,0.20829955246389256,0.16995216238071487,-0.258483557126175
1612467166991,2021-02-04T19:32:46.991Z,160.032,0.9278968171489369,0.20808098170774883,0.17004070086317227,-0.258449147466911
1612467167021,2021-02-04T19:32:47.021Z,160.062,0.9279900395060373,0.2078035376152247,0.17013949062258307,-0.25827258867883907
1612467167036,2021-02-04T19:32:47.036Z,160.077,0.9280455641009786,0.20760234783602174,0.17021520594721792,-0.25818497204487767
1612467167051,2021-02-04T19:32:47.051Z,160.092,0.9280556692505821,0.20755008122130653,0.17023635377119606,-0.2581767270912914
1612467167081,2021-02-04T19:32:47.081Z,160.122,0.9280556692505821,0.20755008122130653,0.17023635377119606,-0.2581767270912914
1612467167096,2021-02-04T19:32:47.096Z,160.137,0.9280734600373114,0.207559447897184,0.17022586115909283,-0.2581121549939762
1612467167111,2021-02-04T19:32:47.111Z,160.152,0.9281526671082276,0.2073288488484773,0.17030725119467374,-0.25795894085215026
1612467167141,2021-02-04T19:32:47.141Z,160.182,0.9282199890133639,0.20697974287264156,0.17044834708607995,-0.25790385614028527
1612467167156,2021-02-04T19:32:47.156Z,160.197,0.9282895101528342,0.20661839006127133,0.170594364791541,-0.2578468323056734
1612467167171,2021-02-04T19:32:47.171Z,160.212,0.9283470247559521,0.20631881742746258,0.17071539225951174,-0.25779953849412934
1612467167201,2021-02-04T19:32:47.201Z,160.242,0.92840752704943,0.20600308937911296,0.1708429075047801,-0.2577496689416623
1612467167216,2021-02-04T19:32:47.216Z,160.257,0.9284420870351822,0.20574381579191867,0.17095267171780523,-0.2577594951067385
1612467167231,2021-02-04T19:32:47.231Z,160.272,0.9284456437081405,0.20553623064458226,0.17104860872778835,-0.2578486339387537
1612467167261,2021-02-04T19:32:47.261Z,160.302,0.9284559923368544,0.2053783217237985,0.17111902556000913,-0.25789046967869167
1612467167276,2021-02-04T19:32:47.276Z,160.317,0.9284795571615784,0.20525470090348544,0.1711689674510079,-0.2578709062143612
1612467167291,2021-02-04T19:32:47.291Z,160.332,0.9285049197603964,0.20512156196578082,0.17122273370308083,-0.2578498288940721
1612467167321,2021-02-04T19:32:47.321Z,160.362,0.9285531544862043,0.2049471360985387,0.17128816172309336,-0.25777136449235355
1612467167336,2021-02-04T19:32:47.336Z,160.377,0.9286257154919157,0.2047710161705027,0.17134625007357232,-0.2576112847865018
1612467167351,2021-02-04T19:32:47.351Z,160.392,0.9286601337710361,0.20466892194277028,0.17138245213702163,-0.2575442552934292
1612467167381,2021-02-04T19:32:47.381Z,160.422,0.9286601337710361,0.20466892194277028,0.17138245213702163,-0.2575442552934292
1612467167396,2021-02-04T19:32:47.396Z,160.437,0.9286601337710361,0.20466892194277028,0.17138245213702163,-0.2575442552934292
1612467167411,2021-02-04T19:32:47.411Z,160.452,0.9286601337710361,0.20466892194277028,0.17138245213702163,-0.2575442552934292
1612467167441,2021-02-04T19:32:47.441Z,160.482,0.9286895852071578,0.20473702496308935,0.17134087144941512,-0.2574115590022627
1612467167456,2021-02-04T19:32:47.456Z,160.497,0.9287852101529936,0.2045732271601144,0.17138544123660857,-0.25716698594976856
1612467167471,2021-02-04T19:32:47.471Z,160.512,0.9288857086865946,0.20437534551995523,0.17144421061939108,-0.25692205235537036
1612467167501,2021-02-04T19:32:47.501Z,160.542,0.9289608128596514,0.20433686299909568,0.1714371716265667,-0.25668570426789966
1612467167516,2021-02-04T19:32:47.516Z,160.557,0.9290467747888067,0.20432561860870563,0.17128874627880725,-0.25648254761858646
1612467167531,2021-02-04T19:32:47.531Z,160.572,0.9291447598473451,0.20431315493517585,0.1711200994677965,-0.2562499981010451
1612467167561,2021-02-04T19:32:47.561Z,160.602,0.9291596868618984,0.20432113925570755,0.17111140629676538,-0.25619530635648224
1612467167576,2021-02-04T19:32:47.576Z,160.617,0.9291401018739116,0.20447353820248193,0.1709788242081905,-0.25623326274525726
1612467167591,2021-02-04T19:32:47.591Z,160.632,0.9290786003939631,0.20471186433469904,0.17067846795954209,-0.25646611367896155
1612467167621,2021-02-04T19:32:47.621Z,160.662,0.9289949395251414,0.2049807468957173,0.1703435257656419,-0.2567769050527764
1612467167636,2021-02-04T19:32:47.636Z,160.677,0.9289195563623146,0.20517338602632965,0.1701109226561804,-0.25704982681805916
1612467167651,2021-02-04T19:32:47.651Z,160.692,0.9288896056059204,0.20523616969709702,0.17009167875643733,-0.25712066440323134
1612467167666,2021-02-04T19:32:47.666Z,160.707,0.9289402375322873,0.20518576172165903,0.16992894767398803,-0.257085571400986
1612467167696,2021-02-04T19:32:47.696Z,160.737,0.9289508135016554,0.20516739966373773,0.1698814293544601,-0.25709341526052054
1612467167711,2021-02-04T19:32:47.711Z,160.752,0.9289046389530782,0.20545769077923035,0.16969306548663177,-0.2571528194612443
1612467167726,2021-02-04T19:32:47.726Z,160.767,0.9288612953808013,0.20578777649498242,0.1695533399603199,-0.2571376088732478
1612467167756,2021-02-04T19:32:47.756Z,160.797,0.928921093279449,0.20587379897484523,0.16938249185947835,-0.2569652754900007
1612467167771,2021-02-04T19:32:47.771Z,160.812,0.9290138615991758,0.20574681529030373,0.16935780683247967,-0.2567477871752308
1612467167786,2021-02-04T19:32:47.786Z,160.827,0.9291006786067785,0.20557639377612724,0.16940793302009213,-0.25653699063543733
1612467167816,2021-02-04T19:32:47.816Z,160.857,0.9291056308209981,0.20563665200183492,0.16937808882425526,-0.2564904621159115
1612467167831,2021-02-04T19:32:47.831Z,160.872,0.9290979048073964,0.205805812522651,0.1691178998985877,-0.2565544518192758
1612467167846,2021-02-04T19:32:47.846Z,160.887,0.9290411876248303,0.20593048083982574,0.168862367279559,-0.25682797681418235
1612467167876,2021-02-04T19:32:47.876Z,160.917,0.9289735185724385,0.20599872716414735,0.1687011927447431,-0.2571237712938959
1612467167891,2021-02-04T19:32:47.891Z,160.932,0.9289344847098518,0.20605634791540606,0.16858246862774806,-0.25729643579338896
1612467167906,2021-02-04T19:32:47.906Z,160.947,0.9289087669619398,0.20619043710410892,0.1685284027934759,-0.25731728227996103
1612467167936,2021-02-04T19:32:47.936Z,160.977,0.9289291158089836,0.20632714774683844,0.1683890396840525,-0.2572254598971047
1612467167951,2021-02-04T19:32:47.951Z,160.992,0.9289324916051938,0.2064312456223792,0.1682760357069993,-0.25720369880251787
1612467167966,2021-02-04T19:32:47.966Z,161.007,0.9289085452377218,0.20655581255669916,0.168225819389154,-0.2572230249690501
1612467167996,2021-02-04T19:32:47.996Z,161.037,0.9288410172792858,0.20671966772501335,0.16817213213257642,-0.25737031213647155
1612467168011,2021-02-04T19:32:48.011Z,161.052,0.9287682714993607,0.20699596414848753,0.16806738402632893,-0.25747917024270994
1612467168026,2021-02-04T19:32:48.026Z,161.067,0.9287045294839855,0.20732620662002874,0.16793410195234043,-0.25753034455368407
1612467168056,2021-02-04T19:32:48.056Z,161.097,0.9286842971806154,0.2074308834696504,0.16789184799589588,-0.25754656303214324
1612467168071,2021-02-04T19:32:48.071Z,161.112,0.9286842971806154,0.2074308834696504,0.16789184799589588,-0.25754656303214324
1612467168086,2021-02-04T19:32:48.086Z,161.127,0.9286656851355007,0.2074980603736184,0.16803603398368597,-0.2574655151200468
1612467168116,2021-02-04T19:32:48.116Z,161.157,0.928733038730965,0.20749468128597676,0.16809308529420752,-0.25718789762322175
1612467168131,2021-02-04T19:32:48.131Z,161.172,0.9288189935060363,0.20747259834530368,0.1680736289472959,-0.25690786965519175
1612467168146,2021-02-04T19:32:48.146Z,161.187,0.9288257038433818,0.20748154066944685,0.16812363009034437,-0.2568436628895571
1612467168176,2021-02-04T19:32:48.176Z,161.217,0.928709925791104,0.2077211290411956,0.16814426198416366,-0.2570550786285583
1612467168191,2021-02-04T19:32:48.191Z,161.232,0.9285827929367729,0.20798683948316174,0.16794948465072526,-0.25742657568538524
1612467168206,2021-02-04T19:32:48.206Z,161.247,0.9284557329982724,0.20815919180839954,0.1677632680565454,-0.25786661012876777
1612467168221,2021-02-04T19:32:48.221Z,161.262,0.9283692521750965,0.20827487269316589,0.1675782832758454,-0.2582046242707873
1612467168251,2021-02-04T19:32:48.251Z,161.292,0.9283589920818148,0.20833008037171427,0.167439545736849,-0.2582869682283437
1612467168272,2021-02-04T19:32:48.272Z,161.313,0.9283434482718862,0.20838358951556368,0.16745015116296674,-0.2582927961573305
1612467168281,2021-02-04T19:32:48.281Z,161.322,0.9282836057375343,0.2086119316946785,0.16747052614956853,-0.25831034076227694
1612467168311,2021-02-04T19:32:48.311Z,161.352,0.9282320782987503,0.20877436777784533,0.16757563150178734,-0.2582961089581509
1612467168326,2021-02-04T19:32:48.326Z,161.367,0.9281983240074121,0.20884508262701884,0.167704594737008,-0.25827654108811593
1612467168341,2021-02-04T19:32:48.341Z,161.382,0.928201757322403,0.20879596361558972,0.16775336755308307,-0.2582722419386962
1612467168371,2021-02-04T19:32:48.371Z,161.412,0.9282097394262623,0.20875632933414973,0.16773075231139067,-0.2582902811300051
1612467168386,2021-02-04T19:32:48.386Z,161.427,0.9281834026544579,0.20889483133684317,0.16763742174099228,-0.2583335350077046
1612467168401,2021-02-04T19:32:48.401Z,161.442,0.9281298506514074,0.2092220852637023,0.16740136093310518,-0.2584141709067988
1612467168431,2021-02-04T19:32:48.431Z,161.472,0.9281019498580263,0.20940079137757703,0.16727509144007002,-0.25845139392909156
1612467168446,2021-02-04T19:32:48.446Z,161.487,0.9281193731768461,0.20931197726558548,0.16731227175244154,-0.2584367021690735
1612467168461,2021-02-04T19:32:48.461Z,161.502,0.9281166528428614,0.20911882216923205,0.16741353177278534,-0.2585372435640158
1612467168491,2021-02-04T19:32:48.491Z,161.532,0.9280439229040286,0.2091396889763439,0.16747267165118726,-0.2587430615606789
1612467168506,2021-02-04T19:32:48.506Z,161.547,0.9279430718720053,0.20941914323370778,0.1673554067365102,-0.25895452428575855
1612467168521,2021-02-04T19:32:48.521Z,161.562,0.9278179709233964,0.20985860085739333,0.16719456923337356,-0.2591508373450395
1612467168551,2021-02-04T19:32:48.551Z,161.592,0.9277160249241796,0.21018375747988882,0.16710712759692214,-0.2593086444699063
1612467168566,2021-02-04T19:32:48.566Z,161.607,0.9276624995162328,0.21043718447486892,0.1670680512817429,-0.25931977291079544
1612467168581,2021-02-04T19:32:48.581Z,161.622,0.9276195758366123,0.2106101590904731,0.1672557653422874,-0.2592118677305397
1612467168611,2021-02-04T19:32:48.611Z,161.652,0.9276524263671307,0.21056923096510383,0.16755426102014376,-0.2589346335273308
1612467168626,2021-02-04T19:32:48.626Z,161.667,0.9277530315177945,0.21032537802114995,0.16774409966972864,-0.2586493087092915
1612467168641,2021-02-04T19:32:48.641Z,161.682,0.9277720248384645,0.21026967215728395,0.1677946539670498,-0.25859367547966416
1612467168671,2021-02-04T19:32:48.671Z,161.712,0.9278160580026079,0.21025652147948767,0.1677425915523344,-0.25848013592373825
1612467168686,2021-02-04T19:32:48.686Z,161.727,0.9278121974606077,0.2102428028576582,0.167769560013228,-0.2584876492655727
1612467168701,2021-02-04T19:32:48.701Z,161.742,0.9278088304199638,0.21023632173317297,0.1677891282446084,-0.25849230484050983
1612467168731,2021-02-04T19:32:48.731Z,161.772,0.9277984867301856,0.21025089822211107,0.16782430761277747,-0.2584947380359313
1612467168746,2021-02-04T19:32:48.746Z,161.787,0.9277907173110037,0.2102679676709672,0.16783041106404284,-0.2585047770644257
1612467168761,2021-02-04T19:32:48.761Z,161.802,0.9277600606606407,0.2104176051634416,0.16774325650518487,-0.25854961066936877
1612467168776,2021-02-04T19:32:48.776Z,161.817,0.9276800626921979,0.21058241401855296,0.16766394355625333,-0.2587538409776446
1612467168806,2021-02-04T19:32:48.806Z,161.847,0.9275786922759305,0.21072377174080165,0.1676926698968933,-0.2589834553052697
1612467168821,2021-02-04T19:32:48.821Z,161.862,0.927505742532275,0.21078436424530586,0.16774893330916046,-0.25915891791137385
1612467168836,2021-02-04T19:32:48.836Z,161.877,0.927482191837206,0.21079763338015423,0.1677856881998048,-0.2592086117811214
1612467168866,2021-02-04T19:32:48.866Z,161.907,0.9274612779577109,0.2108734911015528,0.1677889097724212,-0.259219656656426
1612467168881,2021-02-04T19:32:48.881Z,161.922,0.9274207797984393,0.21103411994325005,0.16778029767397815,-0.25923940504920173
1612467168896,2021-02-04T19:32:48.896Z,161.937,0.927416063717855,0.211054140869297,0.16778658346926295,-0.2592359095258886
1612467168926,2021-02-04T19:32:48.926Z,161.967,0.9274157087445539,0.21105565856441957,0.16778702096607567,-0.2592356606586095
1612467168941,2021-02-04T19:32:48.941Z,161.982,0.927412379973639,0.21109662405690108,0.1677218566171462,-0.2592563819779712
1612467168956,2021-02-04T19:32:48.956Z,161.997,0.9274165413383082,0.2112304955365467,0.16753682905519154,-0.25925209260024634
1612467168986,2021-02-04T19:32:48.986Z,162.027,0.927398277117483,0.21139280294463825,0.16736046639890323,-0.25929904116574576
1612467169007,2021-02-04T19:32:49.007Z,162.048,0.9273582736035051,0.21162806778735224,0.16722455698707628,-0.25933788933396223
1612467169016,2021-02-04T19:32:49.016Z,162.057,0.9272865878450262,0.21200433392239332,0.16692537159862797,-0.259479607517644
1612467169046,2021-02-04T19:32:49.046Z,162.087,0.9273070367876772,0.2120489446454819,0.16668032728269874,-0.25952759601962866
1612467169061,2021-02-04T19:32:49.061Z,162.102,0.9273769893862168,0.21178390263002458,0.1666444884953802,-0.2595170757346533
1612467169076,2021-02-04T19:32:49.076Z,162.117,0.9274525902069558,0.211517607877922,0.1667704854721476,-0.25938311365891603
1612467169106,2021-02-04T19:32:49.106Z,162.147,0.9275048440303106,0.21143197781618436,0.16674409367239737,-0.2592830312272996
1612467169121,2021-02-04T19:32:49.121Z,162.162,0.9275389429113841,0.21149132228379167,0.16646678328549827,-0.25929084064822744
1612467169136,2021-02-04T19:32:49.136Z,162.177,0.9275601228971528,0.21172705632604752,0.1660999554852556,-0.2592579349187241
1612467169166,2021-02-04T19:32:49.166Z,162.207,0.9275502622036844,0.21183176462043404,0.1659684378928247,-0.25929190540216435
1612467169181,2021-02-04T19:32:49.181Z,162.222,0.9275804292767261,0.21167982306243027,0.16603016181564498,-0.25926855786719133
1612467169196,2021-02-04T19:32:49.196Z,162.237,0.9276849243395553,0.2114506482159939,0.16610203218798378,-0.25903555629521546
1612467169226,2021-02-04T19:32:49.226Z,162.267,0.9278000446242761,0.2112304410566906,0.16616571609554567,-0.25876192293427114
1612467169241,2021-02-04T19:32:49.241Z,162.282,0.9278872658365317,0.21101867333570695,0.16623533764061305,-0.25857717208128594
1612467169256,2021-02-04T19:32:49.256Z,162.297,0.9278814078381555,0.21096962233474265,0.16638122229512392,-0.2585443875000947
1612467169286,2021-02-04T19:32:49.286Z,162.327,0.9278129494061632,0.21100205157896565,0.16653919742970535,-0.2586618658851231
1612467169307,2021-02-04T19:32:49.308Z,162.348,0.9277907668976838,0.21092406383584675,0.16671430096163456,-0.2586922380150836
1612467169316,2021-02-04T19:32:49.316Z,162.357,0.9278590003688332,0.21049213447928353,0.1670260109956862,-0.2585982374413524
1612467169346,2021-02-04T19:32:49.346Z,162.387,0.9279900141757843,0.2099087416546428,0.1673994505415939,-0.258360751131755
1612467169361,2021-02-04T19:32:49.361Z,162.402,0.9281091756951664,0.20930039275743534,0.16764576622703867,-0.25826653025154317
1612467169376,2021-02-04T19:32:49.376Z,162.417,0.9281704482619667,0.20898670149037632,0.16777273538564563,-0.2582179057202859
1612467169391,2021-02-04T19:32:49.391Z,162.432,0.9281826425067283,0.20892418511281688,0.16779803902781026,-0.2582082204783462
1612467169421,2021-02-04T19:32:49.421Z,162.462,0.9281928318728367,0.20887192727039253,0.16781918823382677,-0.2582001257140961
1612467169436,2021-02-04T19:32:49.436Z,162.477,0.9282027158895997,0.2087326309314033,0.16801300006275627,-0.25815119370155537
1612467169451,2021-02-04T19:32:49.451Z,162.492,0.9282419852820419,0.20840542128838882,0.16833908253935315,-0.2580619120038281
1612467169481,2021-02-04T19:32:49.481Z,162.522,0.9282634456318795,0.2081984347093718,0.16857119842904528,-0.2580002681169023
1612467169496,2021-02-04T19:32:49.496Z,162.537,0.928291108809032,0.20805585204272126,0.16862886708196767,-0.25797807062525185
1612467169511,2021-02-04T19:32:49.511Z,162.552,0.9283542848934127,0.20790973156717296,0.16867585509783745,-0.2578377806814199
1612467169541,2021-02-04T19:32:49.541Z,162.582,0.9284216134499974,0.2077563956407001,0.16872479442556654,-0.25768688654128
1612467169556,2021-02-04T19:32:49.556Z,162.597,0.9284886473651982,0.20748771198940258,0.16882808254407403,-0.2575941762382036
1612467169571,2021-02-04T19:32:49.571Z,162.612,0.9285214683412931,0.20728120330509836,0.16896709954528752,-0.2575509752592148
1612467169601,2021-02-04T19:32:49.601Z,162.642,0.9285462390216802,0.20715283713987792,0.16901891116191098,-0.25753095296145245
1612467169616,2021-02-04T19:32:49.616Z,162.657,0.9285755844321077,0.20700067658711002,0.16908032587799585,-0.2575071791038823
1612467169631,2021-02-04T19:32:49.631Z,162.672,0.9286161373205399,0.20679012575388442,0.16916530924620982,-0.25747429298127394
1612467169661,2021-02-04T19:32:49.661Z,162.702,0.9286655339214114,0.206533295199675,0.16926894692886782,-0.25743416184728796
1612467169676,2021-02-04T19:32:49.676Z,162.717,0.9287644720926863,0.20622914798819897,0.16937778936171824,-0.2572494088805508
1612467169691,2021-02-04T19:32:49.691Z,162.732,0.9288578386498095,0.2060098039985688,0.16944874210112293,-0.2570412418963598
1612467169727,2021-02-04T19:32:49.728Z,162.768,0.9289283094307712,0.20586883710646084,0.16949072782271363,-0.2568717793543105
1612467169736,2021-02-04T19:32:49.736Z,162.777,0.9289601665660409,0.20570230538464085,0.16955776547803492,-0.25684574097915935
1612467169751,2021-02-04T19:32:49.751Z,162.792,0.928991254101531,0.20553963480440687,0.1696232689640507,-0.25682027753525405
1612467169781,2021-02-04T19:32:49.781Z,162.822,0.9290257652760279,0.2053588183202942,0.1696960627316595,-0.2567919965356316
1612467169796,2021-02-04T19:32:49.796Z,162.837,0.9290720407643809,0.2051161016475558,0.16979375169184568,-0.2567539869237209
1612467169811,2021-02-04T19:32:49.811Z,162.852,0.9291212368453675,0.20485763051974054,0.1698977580571641,-0.25671351789089963
1612467169841,2021-02-04T19:32:49.841Z,162.882,0.9291673648569267,0.20461489634877514,0.1699954310064633,-0.25667548716997063
1612467169856,2021-02-04T19:32:49.856Z,162.897,0.9291971814248077,0.20445784260814928,0.1700585977086556,-0.25665085617153116
1612467169871,2021-02-04T19:32:49.871Z,162.912,0.9292063200200997,0.20440968657842382,0.17007796240012962,-0.2566432963734585
1612467169901,2021-02-04T19:32:49.901Z,162.942,0.9292063200200997,0.20440968657842382,0.17007796240012962,-0.2566432963734585
1612467169916,2021-02-04T19:32:49.916Z,162.957,0.9292063200200997,0.20440968657842382,0.17007796240012962,-0.2566432963734585
1612467169931,2021-02-04T19:32:49.931Z,162.972,0.9292180494508516,0.20434781998439244,0.17010284324779115,-0.25663360606397295
1612467169961,2021-02-04T19:32:49.961Z,163.002,0.9292817782936391,0.20419303063028796,0.1701535804685049,-0.25649238161625404
1612467169976,2021-02-04T19:32:49.976Z,163.017,0.9293133161256726,0.20402643398762887,0.17022054793058994,-0.2564662546379296
1612467169991,2021-02-04T19:32:49.991Z,163.032,0.9293413766394278,0.203878070734443,0.17028017447775665,-0.25644297635021956
1612467170012,2021-02-04T19:32:50.012Z,163.053,0.9293593684824606,0.20378289552864903,0.17031844303122792,-0.25642800874175253
1612467170036,2021-02-04T19:32:50.036Z,163.077,0.9293593684824606,0.20378289552864903,0.17031844303122792,-0.25642800874175253
1612467170051,2021-02-04T19:32:50.051Z,163.092,0.9293693726865265,0.20372991815101849,0.1703397340203949,-0.25641970395484964
1612467170066,2021-02-04T19:32:50.066Z,163.107,0.929390029833459,0.20362045307819895,0.17038373849085464,-0.25640254521410566
1612467170096,2021-02-04T19:32:50.096Z,163.137,0.9294296950957892,0.2035210749217058,0.17041672205255853,-0.2563157326067266
1612467170111,2021-02-04T19:32:50.111Z,163.152,0.9294731319821112,0.20354413326262696,0.17039155888907703,-0.2561565915550117
1612467170126,2021-02-04T19:32:50.126Z,163.167,0.9295450685009355,0.20352461293662993,0.17024995475721716,-0.256005176626864
1612467170156,2021-02-04T19:32:50.156Z,163.197,0.9295853544834042,0.2035494555162234,0.17002537166244708,-0.25598839989354966
1612467170171,2021-02-04T19:32:50.171Z,163.212,0.9295819687598776,0.20376683615177257,0.1696470854069631,-0.25607871105214713
1612467170186,2021-02-04T19:32:50.186Z,163.227,0.9295911212964145,0.20394081407962436,0.16925117942187742,-0.25616894781319277
1612467170216,2021-02-04T19:32:50.216Z,163.257,0.9296033142876613,0.2040441742399984,0.16896254520069054,-0.25623292400356606
1612467170231,2021-02-04T19:32:50.231Z,163.272,0.929627494775324,0.20400204695102223,0.1688531738730069,-0.25625083701436047
1612467170246,2021-02-04T19:32:50.246Z,163.287,0.9296977536036922,0.20390585917211598,0.16872109177555403,-0.2561594829975936
1612467170276,2021-02-04T19:32:50.276Z,163.317,0.9297292893517851,0.20395185865301826,0.16849989044399227,-0.25615400600764915
1612467170291,2021-02-04T19:32:50.291Z,163.332,0.9296949718852578,0.20426995689884492,0.16816893449276574,-0.2562425675632008
1612467170306,2021-02-04T19:32:50.306Z,163.347,0.9296582605587574,0.2046530495479862,0.16784414239977463,-0.2562830305495456
1612467170336,2021-02-04T19:32:50.336Z,163.377,0.9296828635223741,0.20491818892589805,0.16751760028078455,-0.2561955556139408
1612467170351,2021-02-04T19:32:50.351Z,163.392,0.9297154919475231,0.20507994138183291,0.16735740048229678,-0.2560523817100847
1612467170366,2021-02-04T19:32:50.366Z,163.407,0.9297632842654988,0.20510475863716088,0.16732942296418876,-0.25587719207990534
1612467170396,2021-02-04T19:32:50.396Z,163.437,0.9298471355644112,0.20516236094485923,0.16714243355324193,-0.25564842467750665
1612467170411,2021-02-04T19:32:50.411Z,163.452,0.9298734653959738,0.2054221919706698,0.1670120894568015,-0.2554290965683454
1612467170426,2021-02-04T19:32:50.426Z,163.467,0.9299285385050213,0.20577485502508738,0.16665931588659474,-0.25517502766048983
1612467170456,2021-02-04T19:32:50.456Z,163.497,0.9299595339231177,0.20604759207480888,0.1665210848545669,-0.25493211520820386
1612467170471,2021-02-04T19:32:50.471Z,163.512,0.930002786065078,0.20607000074631326,0.1664954969831562,-0.25477288354128125
1612467170486,2021-02-04T19:32:50.486Z,163.527,0.9300408552527926,0.20608972606165143,0.16647295118515426,-0.2546326548111867
1612467170516,2021-02-04T19:32:50.516Z,163.557,0.9300750629339503,0.2061605231937003,0.16642790566026675,-0.25447979920309094
1612467170531,2021-02-04T19:32:50.531Z,163.572,0.9301165477683326,0.20625096504864748,0.16623596417024386,-0.25438032785655795
1612467170546,2021-02-04T19:32:50.546Z,163.587,0.9301185305738029,0.2063522166899365,0.1660244573765393,-0.25442908894858074
1612467170576,2021-02-04T19:32:50.576Z,163.617,0.9301016457833189,0.20656485419699763,0.16574736596023829,-0.2544989198385276
1612467170591,2021-02-04T19:32:50.591Z,163.632,0.9300232286045667,0.20681785495651786,0.16565669028500535,-0.254639019183904
1612467170606,2021-02-04T19:32:50.606Z,163.647,0.9300004877548331,0.20697522203536356,0.16553266012008594,-0.25467486855351995
1612467170621,2021-02-04T19:32:50.621Z,163.662,0.9300004877548331,0.20697522203536356,0.16553266012008594,-0.25467486855351995
1612467170651,2021-02-04T19:32:50.651Z,163.692,0.9300302158178329,0.20699050653859405,0.16551494714695142,-0.2545653749818967
1612467170666,2021-02-04T19:32:50.666Z,163.707,0.9300302158178329,0.20699050653859405,0.16551494714695142,-0.2545653749818967
1612467170681,2021-02-04T19:32:50.681Z,163.722,0.929967717712238,0.20699609744859104,0.16561850821719548,-0.2547217489537459
1612467170711,2021-02-04T19:32:50.711Z,163.752,0.9298377418101259,0.2070188907704878,0.16585335876644777,-0.25502473636000567
1612467170726,2021-02-04T19:32:50.726Z,163.767,0.9297667186909492,0.20691347290058298,0.16600757668419389,-0.2552687760583473
1612467170741,2021-02-04T19:32:50.741Z,163.782,0.9296906413923102,0.20679054398678273,0.16609193952424112,-0.2555903946753107
1612467170771,2021-02-04T19:32:50.771Z,163.812,0.9296256760309464,0.20667589778262513,0.16611599214094583,-0.25590360078510177
1612467170786,2021-02-04T19:32:50.786Z,163.827,0.9295792435382488,0.206472867198732,0.1662274128960402,-0.25616368262398403
1612467170801,2021-02-04T19:32:50.801Z,163.842,0.9294745735117469,0.20641904204873474,0.16628911152381046,-0.2565465409306096
1612467170831,2021-02-04T19:32:50.831Z,163.872,0.9293171957332174,0.20655273428125714,0.1662810317733988,-0.2570138831811609
1612467170846,2021-02-04T19:32:50.846Z,163.887,0.9291570507024723,0.2067655704448845,0.166236618826962,-0.2574501127781153
1612467170861,2021-02-04T19:32:50.861Z,163.902,0.9290750031429352,0.206802005142342,0.16624795096930262,-0.2577095031281734
1612467170891,2021-02-04T19:32:50.891Z,163.932,0.9290422114190462,0.20678521246765305,0.1662672148534789,-0.25782873883875496
1612467170906,2021-02-04T19:32:50.906Z,163.947,0.9290284431679625,0.20685661379279102,0.16623838027396715,-0.25783966731086894
1612467170927,2021-02-04T19:32:50.927Z,163.968,0.9289871151000115,0.20707078586587474,0.16615187562046366,-0.25787241777058895
1612467170951,2021-02-04T19:32:50.951Z,163.992,0.9289133450970053,0.20728929381376332,0.16607453970466304,-0.2580123896884946
1612467170966,2021-02-04T19:32:50.966Z,164.007,0.9288883113750451,0.2074186968715466,0.16602223745449393,-0.2580321798720659
1612467170981,2021-02-04T19:32:50.981Z,164.022,0.928870632458971,0.2074500311107854,0.16610307174588906,-0.2580186084451775
1612467171011,2021-02-04T19:32:51.011Z,164.052,0.9288383738074594,0.20750716139759684,0.16625049064387623,-0.257993852004455
1612467171026,2021-02-04T19:32:51.026Z,164.067,0.9288383738074594,0.20750716139759684,0.16625049064387623,-0.257993852004455
1612467171041,2021-02-04T19:32:51.041Z,164.082,0.9288383738074594,0.20750716139759684,0.16625049064387623,-0.257993852004455
1612467171071,2021-02-04T19:32:51.071Z,164.112,0.9288246947737374,0.207500168500074,0.1662585562691776,-0.25804352136452297
1612467171086,2021-02-04T19:32:51.086Z,164.127,0.9287971652413551,0.20748608993425824,0.1662747758066194,-0.2581434625433584
1612467171101,2021-02-04T19:32:51.101Z,164.142,0.9287971652413551,0.20748608993425824,0.1662747758066194,-0.2581434625433584
1612467171131,2021-02-04T19:32:51.131Z,164.172,0.9288243946609346,0.20743784799618922,0.16615035581569795,-0.2581643708255943
1612467171146,2021-02-04T19:32:51.146Z,164.187,0.9288537545034476,0.20742017424225628,0.1659486072412566,-0.25820269908900684
1612467171161,2021-02-04T19:32:51.161Z,164.202,0.9288443294355867,0.20751810961081585,0.16583206525856034,-0.2582327864369465
1612467171191,2021-02-04T19:32:51.191Z,164.232,0.9287916108546598,0.2076272036825929,0.16579893609521815,-0.25835595732757355
1612467171206,2021-02-04T19:32:51.206Z,164.247,0.9287916108546598,0.2076272036825929,0.16579893609521815,-0.25835595732757355
1612467171221,2021-02-04T19:32:51.221Z,164.262,0.9287916108546598,0.2076272036825929,0.16579893609521815,-0.25835595732757355
1612467171236,2021-02-04T19:32:51.236Z,164.277,0.9287916108546598,0.2076272036825929,0.16579893609521815,-0.25835595732757355
1612467171266,2021-02-04T19:32:51.266Z,164.307,0.9287916108546598,0.2076272036825929,0.16579893609521815,-0.25835595732757355
1612467171281,2021-02-04T19:32:51.281Z,164.322,0.9288071775759719,0.20759955704134872,0.16572766802633287,-0.25836793696228294
1612467171296,2021-02-04T19:32:51.296Z,164.337,0.9288178821318455,0.20764603913660407,0.16554946123003364,-0.25840634696043907
1612467171326,2021-02-04T19:32:51.326Z,164.367,0.9288159713687049,0.20774037914863952,0.1653785745944121,-0.25844680935679826
1612467171341,2021-02-04T19:32:51.341Z,164.382,0.9288171005349726,0.20776952441504276,0.16531181019680455,-0.2584620356795352
1612467171356,2021-02-04T19:32:51.356Z,164.397,0.9288171005349726,0.20776952441504276,0.16531181019680455,-0.2584620356795352
1612467171386,2021-02-04T19:32:51.386Z,164.427,0.9288323685009423,0.20777726009610195,0.16530280975026632,-0.25840669979811665
1612467171401,2021-02-04T19:32:51.401Z,164.442,0.9287814766643557,0.20797716105622707,0.1653101202532029,-0.2584241343722415
1612467171422,2021-02-04T19:32:51.422Z,164.463,0.9286598066360384,0.2084854043272626,0.16527422537071762,-0.2584748153095824
1612467171446,2021-02-04T19:32:51.446Z,164.487,0.9285756590466693,0.20883939132430285,0.1652383042312694,-0.2585143262415317
1612467171461,2021-02-04T19:32:51.461Z,164.502,0.9285915344064013,0.20889864460843363,0.1652699586516562,-0.2583891624600461
1612467171476,2021-02-04T19:32:51.476Z,164.517,0.9286132477192997,0.20892966409974237,0.16526820160347694,-0.2582871525224128
1612467171506,2021-02-04T19:32:51.506Z,164.547,0.9286285767001232,0.2089260350619125,0.16507917064297228,-0.2583558511608367
1612467171521,2021-02-04T19:32:51.521Z,164.562,0.928557457920025,0.20909975414649146,0.1647947706497852,-0.25865232209176553
1612467171536,2021-02-04T19:32:51.536Z,164.577,0.9283850422270107,0.20957517325375624,0.16445520162461047,-0.2591021937063027
1612467171566,2021-02-04T19:32:51.566Z,164.607,0.928276370641365,0.20984384753512822,0.16433691690079705,-0.2593490256470795
1612467171581,2021-02-04T19:32:51.581Z,164.622,0.9282818540882524,0.2097156452194616,0.16455579559792988,-0.2592943070254218
1612467171596,2021-02-04T19:32:51.596Z,164.637,0.9283051945557134,0.2094289827596145,0.16493332391271048,-0.2592025570943645
1612467171626,2021-02-04T19:32:51.626Z,164.667,0.9283552108429658,0.20928294016069962,0.16512055547425192,-0.25902211414912046
1612467171641,2021-02-04T19:32:51.641Z,164.682,0.9283502439491608,0.2094173778085088,0.16511389908937738,-0.2589354876389969
1612467171656,2021-02-04T19:32:51.656Z,164.697,0.9282793713309269,0.20972980176980396,0.1650018329396031,-0.25900813527306266
1612467171686,2021-02-04T19:32:51.686Z,164.727,0.9281671733727611,0.20995264642803477,0.1650206617077135,-0.2592176030686025
1612467171701,2021-02-04T19:32:51.701Z,164.742,0.928070321022376,0.20996613655445429,0.16527382340247296,-0.2593921048061191
1612467171716,2021-02-04T19:32:51.716Z,164.757,0.9280414989074959,0.20978234019244038,0.16574720748600053,-0.2593418771804975
1612467171752,2021-02-04T19:32:51.752Z,164.793,0.9281027429238431,0.20952595897105328,0.1660481682961428,-0.25913737071290016
1612467171761,2021-02-04T19:32:51.761Z,164.802,0.9281269026174006,0.20939992504622468,0.16619742500007373,-0.25905702065724917
1612467171776,2021-02-04T19:32:51.776Z,164.817,0.9280810539511066,0.20940374290227434,0.16634070851159544,-0.25912622107263045
1612467171791,2021-02-04T19:32:51.791Z,164.832,0.9279893298537857,0.2095566917374371,0.16636371054753962,-0.25931624021344457
1612467171821,2021-02-04T19:32:51.821Z,164.862,0.9279410441135674,0.2096957316669433,0.16634221525992213,-0.2593904126842576
1612467171836,2021-02-04T19:32:51.836Z,164.877,0.927925875798715,0.20974696049647318,0.16637251846830575,-0.2593838211689235
1612467171851,2021-02-04T19:32:51.851Z,164.892,0.9279645355985764,0.20975721168892564,0.1664120847944272,-0.25921178763740277
1612467171881,2021-02-04T19:32:51.881Z,164.922,0.9279741075806435,0.20975208132355969,0.16648341457420526,-0.2591358576346708
1612467171896,2021-02-04T19:32:51.896Z,164.937,0.9279423975066284,0.20978942528241246,0.1665972321702505,-0.2591460325425363
1612467171911,2021-02-04T19:32:51.911Z,164.952,0.9278980862009101,0.20989972603403262,0.16667951358278824,-0.25916247102412693
1612467171941,2021-02-04T19:32:51.941Z,164.982,0.9278120551509026,0.21007516848275012,0.16671574179298584,-0.25930498518543177
1612467171956,2021-02-04T19:32:51.956Z,164.997,0.9277512504042448,0.2100984037409384,0.16677746591075876,-0.2594639762727297
1612467171971,2021-02-04T19:32:51.971Z,165.012,0.9277208754959321,0.2101208525222385,0.166814804383418,-0.2595303942564552
1612467172001,2021-02-04T19:32:52.001Z,165.042,0.9277228151738134,0.21009389209374843,0.16685465081636677,-0.25951967210950116
1612467172016,2021-02-04T19:32:52.016Z,165.057,0.9277462075455511,0.21008659101450705,0.16678374131687357,-0.2594875378377473
1612467172031,2021-02-04T19:32:52.031Z,165.072,0.9277787570033746,0.21009510057122155,0.16675691275031734,-0.25938149282326345
1612467172061,2021-02-04T19:32:52.061Z,165.102,0.9277960165958425,0.21005164528445214,0.16667262078178077,-0.2594091274105722
1612467172076,2021-02-04T19:32:52.076Z,165.117,0.9277574526352654,0.21019301678247415,0.16654263813047135,-0.2595160003933254
1612467172091,2021-02-04T19:32:52.091Z,165.132,0.9277179963298472,0.21039194648044243,0.16645386471690996,-0.2595528059233978
1612467172121,2021-02-04T19:32:52.121Z,165.162,0.9276896688497817,0.21050514485616836,0.1664657054057796,-0.25955467867526877
1612467172136,2021-02-04T19:32:52.136Z,165.177,0.9276682194799161,0.21056401445118125,0.16651809674786597,-0.25954998331849904
1612467172151,2021-02-04T19:32:52.151Z,165.192,0.927652873577392,0.2105956750159649,0.16656314305159112,-0.2595502401943646
1612467172181,2021-02-04T19:32:52.181Z,165.222,0.9276395267458044,0.21062241452793715,0.16660288756396613,-0.25955073641311455
1612467172196,2021-02-04T19:32:52.196Z,165.237,0.9276254027917074,0.21069349146795896,0.16656766903905784,-0.25956613103303483
1612467172211,2021-02-04T19:32:52.211Z,165.252,0.9275874214483374,0.21084780299842817,0.16656289178390693,-0.25957962674705976
1612467172241,2021-02-04T19:32:52.241Z,165.282,0.927565291591544,0.2109294267236426,0.1665699516726169,-0.25958786176651566
1612467172256,2021-02-04T19:32:52.256Z,165.297,0.9275598656156309,0.21093421460363904,0.16659052659226226,-0.2595901563202489
1612467172271,2021-02-04T19:32:52.271Z,165.312,0.9275526158851531,0.21093881929505143,0.1666193139580988,-0.2595938433305994
1612467172301,2021-02-04T19:32:52.301Z,165.342,0.9275180721261317,0.211066973050518,0.16661852546379852,-0.25961360853966364
1612467172316,2021-02-04T19:32:52.316Z,165.357,0.9275048022164305,0.2111010564374917,0.16665251130721043,-0.2596114911005188
1612467172331,2021-02-04T19:32:52.331Z,165.372,0.9275212177317472,0.21114420222150102,0.1666648717290364,-0.25950980146654684
1612467172361,2021-02-04T19:32:52.361Z,165.402,0.9275084700443,0.2111656799894469,0.1667056997198109,-0.2595116630743298
1612467172376,2021-02-04T19:32:52.376Z,165.417,0.9274946442392163,0.2111813588726246,0.16675551904903022,-0.2595163105451562
1612467172391,2021-02-04T19:32:52.391Z,165.432,0.9274835376671029,0.21120287269420412,0.16678904160759636,-0.2595169542088745
1612467172406,2021-02-04T19:32:52.406Z,165.447,0.9274745030118154,0.2112295040452804,0.1668096404378602,-0.2595143285846902
1612467172436,2021-02-04T19:32:52.436Z,165.477,0.9275026544541366,0.21114275999385745,0.1668690830724405,-0.25944608302549077
1612467172451,2021-02-04T19:32:52.451Z,165.492,0.9275167231785606,0.21111585064005411,0.16692731323036603,-0.25938021884932294
1612467172466,2021-02-04T19:32:52.466Z,165.507,0.9275003982443943,0.21113556012855578,0.16698523213379415,-0.25938527089045316
1612467172496,2021-02-04T19:32:52.496Z,165.537,0.9274882427956997,0.2111529911749971,0.16702632434965625,-0.25938808910171685
1612467172511,2021-02-04T19:32:52.511Z,165.552,0.9274256635249591,0.21119598296923947,0.16718228170799387,-0.25947635748918424
1612467172526,2021-02-04T19:32:52.526Z,165.567,0.9274109321863788,0.21119106697252057,0.1673107879258181,-0.25945018083601773
1612467172556,2021-02-04T19:32:52.556Z,165.597,0.9274004407100909,0.2112095672985387,0.1673582757222398,-0.2594419950578012
1612467172571,2021-02-04T19:32:52.571Z,165.612,0.927410887951106,0.21115672553875148,0.16737975643138192,-0.2594338052499418
1612467172586,2021-02-04T19:32:52.586Z,165.627,0.9274343500980531,0.2110380444434097,0.16742799164261363,-0.25941537670351067
1612467172616,2021-02-04T19:32:52.616Z,165.657,0.9274343500980531,0.2110380444434097,0.16742799164261363,-0.25941537670351067
1612467172631,2021-02-04T19:32:52.631Z,165.672,0.9274365187854727,0.21106557482098698,0.16735564197721037,-0.2594319098472001
1612467172646,2021-02-04T19:32:52.646Z,165.687,0.9274365187854727,0.21106557482098698,0.16735564197721037,-0.2594319098472001
1612467172676,2021-02-04T19:32:52.676Z,165.717,0.9274239337516862,0.21108776494314377,0.16741261564057844,-0.25942208603015304
1612467172691,2021-02-04T19:32:52.691Z,165.732,0.9275011014545026,0.21079021710878007,0.16752701451221186,-0.25931426991305956
1612467172706,2021-02-04T19:32:52.706Z,165.747,0.9276159238033954,0.21041511108940125,0.16766489446249327,-0.25911901145321126
1612467172736,2021-02-04T19:32:52.736Z,165.777,0.9276598238982058,0.21019188751350967,0.16775553247436287,-0.25908435474358765
1612467172751,2021-02-04T19:32:52.751Z,165.792,0.9276262469033625,0.2101065761609027,0.16780787768729646,-0.25923982891525377
1612467172766,2021-02-04T19:32:52.766Z,165.807,0.9275409473632278,0.21006264536908115,0.1678587251042132,-0.2595475378258443
1612467172796,2021-02-04T19:32:52.796Z,165.837,0.9275558373242423,0.20982459210717602,0.16796668778395704,-0.25961702753800237
1612467172811,2021-02-04T19:32:52.811Z,165.852,0.9276975730966663,0.20936612376264183,0.16813488473969992,-0.25937174021995796
1612467172826,2021-02-04T19:32:52.826Z,165.867,0.9278618246096887,0.2089436613615996,0.16827794533604926,-0.25903187819700185
1612467172856,2021-02-04T19:32:52.856Z,165.897,0.9279497968093899,0.2087328801790893,0.16834715224977714,-0.2588416420573483
1612467172871,2021-02-04T19:32:52.871Z,165.912,0.9279497968093899,0.2087328801790893,0.16834715224977714,-0.2588416420573483
1612467172886,2021-02-04T19:32:52.886Z,165.927,0.9279497968093899,0.2087328801790893,0.16834715224977714,-0.2588416420573483
1612467172916,2021-02-04T19:32:52.916Z,165.957,0.9279666561242873,0.20864633935006754,0.1683822388678831,-0.2588281511566398
1612467172931,2021-02-04T19:32:52.931Z,165.972,0.9280183129427462,0.2083808220542062,0.16848988451871788,-0.25878678995996285
1612467172946,2021-02-04T19:32:52.946Z,165.987,0.9280773885246693,0.20807666638851943,0.16861317056820382,-0.2587393679454454
1612467172976,2021-02-04T19:32:52.976Z,166.017,0.9281463888552337,0.2077986332503417,0.16872061437719196,-0.258645245768141
1612467172991,2021-02-04T19:32:52.991Z,166.032,0.9281868714725102,0.2075895065320895,0.16880533476367607,-0.2586126202627409
1612467173006,2021-02-04T19:32:53.006Z,166.047,0.9282192150375222,0.2074222008805359,0.16887311216605788,-0.25858652595282444
1612467173021,2021-02-04T19:32:53.021Z,166.062,0.9282577724220431,0.20722256954493112,0.16895396136703578,-0.2585553587679998
1612467173051,2021-02-04T19:32:53.051Z,166.092,0.9282962914264028,0.20702292924923518,0.16903480449869682,-0.2585241515935026
1612467173066,2021-02-04T19:32:53.066Z,166.107,0.9283267038681647,0.2068651056452193,0.16909870031098947,-0.2584994942060721
1612467173081,2021-02-04T19:32:53.081Z,166.122,0.9283578210650735,0.2067034885405866,0.16916412109286882,-0.2584742231390545
1612467173113,2021-02-04T19:32:53.113Z,166.154,0.9283669643202233,0.20665595777325713,0.16918336131886358,-0.25846679656877064
1612467173126,2021-02-04T19:32:53.126Z,166.167,0.9283669643202233,0.20665595777325713,0.16918336131886358,-0.25846679656877064
1612467173141,2021-02-04T19:32:53.141Z,166.182,0.928398946130972,0.20658372214595327,0.16920644306650612,-0.2583945475276238
1612467173171,2021-02-04T19:32:53.171Z,166.212,0.9284884323789041,0.20644737123308635,0.16924007997500812,-0.25815985199013086
1612467173186,2021-02-04T19:32:53.186Z,166.227,0.9285783920622851,0.20627864041531982,0.16928869862094836,-0.25793919597969983
1612467173201,2021-02-04T19:32:53.201Z,166.242,0.9286540605034428,0.20610371213199505,0.16934507104695148,-0.2577695534154151
1612467173231,2021-02-04T19:32:53.231Z,166.272,0.9286631772067672,0.2060561578835919,0.16936426235226987,-0.25776211850533143
1612467173246,2021-02-04T19:32:53.246Z,166.287,0.9286631772067672,0.2060561578835919,0.16936426235226987,-0.25776211850533143
1612467173261,2021-02-04T19:32:53.261Z,166.302,0.9286631772067672,0.2060561578835919,0.16936426235226987,-0.25776211850533143
1612467173291,2021-02-04T19:32:53.291Z,166.332,0.9286886877926355,0.20600150093482067,0.16938121648235413,-0.2577027479123022
1612467173306,2021-02-04T19:32:53.306Z,166.347,0.9287550794117732,0.20588362154526677,0.16941394214008942,-0.2575361199031909
1612467173321,2021-02-04T19:32:53.321Z,166.362,0.9288014779667336,0.20590797039341097,0.16938678245641617,-0.2573671311266068
1612467173351,2021-02-04T19:32:53.351Z,166.392,0.9287813611742016,0.2061226541695837,0.16929306723055532,-0.25732953962021904
1612467173366,2021-02-04T19:32:53.366Z,166.407,0.9287308587945546,0.20638591590678124,0.16918686935943236,-0.25737064493528083
1612467173381,2021-02-04T19:32:53.381Z,166.422,0.9286420391869957,0.20668496002230344,0.16901916261953476,-0.2575612801307456
1612467173411,2021-02-04T19:32:53.411Z,166.452,0.9285770726519499,0.20704536072367088,0.16871453451388582,-0.25770573255498824
1612467173426,2021-02-04T19:32:53.426Z,166.467,0.928563675072577,0.20720213483559435,0.16851853977408163,-0.25775623834874156
1612467173441,2021-02-04T19:32:53.441Z,166.482,0.9286274692795689,0.20721150198809787,0.16843964783184576,-0.2575703821900794
1612467173471,2021-02-04T19:32:53.471Z,166.512,0.9287748053404888,0.20701608369747415,0.1684806621977703,-0.25716914379586503
1612467173486,2021-02-04T19:32:53.486Z,166.527,0.928905011670546,0.20685731101308188,0.16851026940916317,-0.2568069727975297
1612467173501,2021-02-04T19:32:53.501Z,166.542,0.9289272433049651,0.20693121829365912,0.1684959299553865,-0.2566763898955448
1612467173531,2021-02-04T19:32:53.531Z,166.572,0.9288185114477594,0.20733458887760325,0.16829148065074873,-0.25687841206941125
1612467173546,2021-02-04T19:32:53.546Z,166.587,0.9286560737825716,0.20777330958208406,0.1680220936099584,-0.25728724125182084
1612467173561,2021-02-04T19:32:53.561Z,166.602,0.9285059906913233,0.20817196985046418,0.16783546665756421,-0.2576282444739689
1612467173591,2021-02-04T19:32:53.591Z,166.632,0.928444931287614,0.20843563054929207,0.167686079153817,-0.2577323734843504
1612467173606,2021-02-04T19:32:53.606Z,166.647,0.928425974045607,0.2084992797603771,0.16772447605311214,-0.2577241959723196
1612467173621,2021-02-04T19:32:53.621Z,166.662,0.9284421762674138,0.20855133345026577,0.16774767186362094,-0.25760858919740903
1612467173636,2021-02-04T19:32:53.636Z,166.677,0.928437811410525,0.20871637602778792,0.16774422069036796,-0.2574928759131851
1612467173666,2021-02-04T19:32:53.666Z,166.707,0.9283420182265861,0.20910218139802214,0.16768901917899076,-0.2575611922948904
1612467173681,2021-02-04T19:32:53.681Z,166.722,0.9282601298336172,0.20952627516638353,0.1674833581669948,-0.2576454853345642
1612467173698,2021-02-04T19:32:53.698Z,166.739,0.9281773134974791,0.20983969267013372,0.16726147599858188,-0.2578328465023064
1612467173726,2021-02-04T19:32:53.726Z,166.767,0.9281220406049943,0.21011124297030243,0.16704897480664233,-0.25794841216170683
1612467173741,2021-02-04T19:32:53.741Z,166.782,0.9280866307263999,0.21029212775835945,0.16698695436246097,-0.2579685716178042
1612467173756,2021-02-04T19:32:53.756Z,166.797,0.9280684182340143,0.21040210285861388,0.1670165711291463,-0.25792524335076367
1612467173786,2021-02-04T19:32:53.786Z,166.827,0.9280341861146394,0.21049411387790076,0.16706216245427302,-0.25794381423363905
1612467173807,2021-02-04T19:32:53.807Z,166.848,0.9279328573827204,0.21068979843052674,0.16706951066655046,-0.258143757686456
1612467173816,2021-02-04T19:32:53.816Z,166.857,0.9278090122911137,0.21090965946872994,0.16700978784676723,-0.2584478342287863
1612467173846,2021-02-04T19:32:53.846Z,166.887,0.9277327829697994,0.21104521198011378,0.16690521488292287,-0.2586782773026468
1612467173861,2021-02-04T19:32:53.861Z,166.902,0.9277167873105977,0.21108070939594195,0.1668127940202951,-0.25876628144747094
1612467173876,2021-02-04T19:32:53.876Z,166.917,0.9277049805656749,0.21112084474745743,0.1668358368845497,-0.2587610122831345
1612467173906,2021-02-04T19:32:53.906Z,166.947,0.9277146380536214,0.21104339056968005,0.16691022427163757,-0.2587415982625967
1612467173920,2021-02-04T19:32:53.921Z,166.961,0.9276913818067145,0.2110828981918938,0.166984432319352,-0.25874487352495107
1612467173935,2021-02-04T19:32:53.936Z,166.976,0.9276695608893234,0.21110565332854536,0.16706440411038612,-0.25875292039198183
1612467173966,2021-02-04T19:32:53.966Z,167.007,0.9276386810474563,0.21123244730857615,0.16702797441032013,-0.25878366716806256
1612467173981,2021-02-04T19:32:53.981Z,167.022,0.9276150811993792,0.2113145354009114,0.16704629359323112,-0.2587894202948222
1612467173996,2021-02-04T19:32:53.996Z,167.037,0.9276158976648039,0.2112864328710958,0.16709987567817722,-0.25877484659925076
1612467174026,2021-02-04T19:32:54.026Z,167.067,0.9276279850954509,0.21119047286650408,0.16719279871717246,-0.25874982801017554
1612467174041,2021-02-04T19:32:54.041Z,167.082,0.9276391582536417,0.21109067387751002,0.16728416964129555,-0.2587321511985624
1612467174055,2021-02-04T19:32:54.056Z,167.096,0.9276518172281831,0.2109914599973006,0.1673580238469155,-0.25871992898791624
1612467174086,2021-02-04T19:32:54.086Z,167.127,0.9276569358082313,0.21096900151852896,0.16733427961133307,-0.2587352482985538
1612467174101,2021-02-04T19:32:54.101Z,167.142,0.9276705373064065,0.21094020648185532,0.1672587588826591,-0.25875878937741986
1612467174115,2021-02-04T19:32:54.116Z,167.156,0.9276535766638961,0.21098617711962914,0.16730036643102278,-0.2587552166801106
1612467174152,2021-02-04T19:32:54.152Z,167.193,0.9276498073466065,0.21098140312051322,0.1673496547272477,-0.25874074965063837
1612467174161,2021-02-04T19:32:54.161Z,167.202,0.9276672360137962,0.21086000136986358,0.1674491775760873,-0.2587128369020695
1612467174176,2021-02-04T19:32:54.176Z,167.217,0.9276541234842512,0.2108493830604663,0.1675633349482709,-0.25869459527925975
1612467174206,2021-02-04T19:32:54.206Z,167.247,0.9276377932576092,0.21087801064558448,0.16761470542525958,-0.25869653973626594
1612467174221,2021-02-04T19:32:54.221Z,167.262,0.9276173517741063,0.21091061217460305,0.16768134926763553,-0.2587000724149749
1612467174236,2021-02-04T19:32:54.236Z,167.277,0.927604872897173,0.21094040489740315,0.16771484783362473,-0.2586988117005625
1612467174251,2021-02-04T19:32:54.251Z,167.292,0.9276014086831508,0.21095161392393874,0.1677220293267321,-0.25869743730938344
1612467174281,2021-02-04T19:32:54.281Z,167.322,0.9275943964088266,0.21096841573423186,0.16774079581261062,-0.25869671187258075
1612467174296,2021-02-04T19:32:54.296Z,167.337,0.9276095491876781,0.2109492376632538,0.1676472352460729,-0.2587186655413033
1612467174311,2021-02-04T19:32:54.311Z,167.352,0.9276155782780061,0.21093840795272042,0.16758763556324385,-0.2587444905551679
1612467174341,2021-02-04T19:32:54.341Z,167.382,0.927587304417841,0.2110234323310018,0.16759522581223574,-0.25877160581298825
1612467174356,2021-02-04T19:32:54.356Z,167.397,0.9275025058384704,0.21119471155764305,0.16763472219417397,-0.2589102071922318
1612467174371,2021-02-04T19:32:54.371Z,167.412,0.9274444305202965,0.21127949154944659,0.1676670856652735,-0.25902809332580873
1612467174401,2021-02-04T19:32:54.401Z,167.442,0.927435625886123,0.2113107766006977,0.16768323108340308,-0.2590236466870454
1612467174416,2021-02-04T19:32:54.416Z,167.457,0.9274258596854652,0.2113389814069483,0.16770580958206105,-0.25902098593931555
1612467174431,2021-02-04T19:32:54.431Z,167.472,0.9274288935926132,0.21133225675014775,0.16767988041046047,-0.2590323962210218
1612467174460,2021-02-04T19:32:54.461Z,167.501,0.9274569665825841,0.21131434021088352,0.16746242196315023,-0.2590871706374249
1612467174476,2021-02-04T19:32:54.476Z,167.517,0.9274333860514052,0.21141140952198353,0.16727945250374612,-0.25921056138051246
1612467174491,2021-02-04T19:32:54.491Z,167.532,0.9273628212683136,0.2115826028410221,0.16723977916102875,-0.2593489081728758
1612467174521,2021-02-04T19:32:54.521Z,167.562,0.9273586416817416,0.2115989398049247,0.16724634727517265,-0.2593462891478097
1612467174536,2021-02-04T19:32:54.536Z,167.577,0.9273787820667969,0.21156342825864394,0.16715514158157618,-0.2593620424013458
1612467174551,2021-02-04T19:32:54.551Z,167.592,0.9274271014634234,0.21150951421976993,0.16699030644566665,-0.2593394193308293
1612467174581,2021-02-04T19:32:54.581Z,167.622,0.9274285615603945,0.21158104603959338,0.1668348758236945,-0.2593758823940682
1612467174602,2021-02-04T19:32:54.602Z,167.643,0.9273963216842358,0.2117435764308896,0.16676881762223153,-0.2594010058494155
1612467174611,2021-02-04T19:32:54.611Z,167.652,0.9273589732929889,0.21185532323029171,0.16672881834170872,-0.2594689919939172
1612467174641,2021-02-04T19:32:54.641Z,167.682,0.9273589732929889,0.21185532323029171,0.16672881834170872,-0.2594689919939172
1612467174656,2021-02-04T19:32:54.656Z,167.697,0.9273836338941495,0.2117310614380933,0.16677934756254342,-0.25944980715774874
1612467174671,2021-02-04T19:32:54.671Z,167.712,0.9274203624994557,0.21154589769436008,0.16685461130710202,-0.2594211692896731
1612467174701,2021-02-04T19:32:54.701Z,167.742,0.9274485818670127,0.21140348459610683,0.16691249804066513,-0.25939913779986956
1612467174731,2021-02-04T19:32:54.731Z,167.772,0.9274485818670127,0.21140348459610683,0.16691249804066513,-0.25939913779986956
1612467174731,2021-02-04T19:32:54.731Z,167.772,0.9274360131360861,0.21142567843452265,0.1669694746439877,-0.25938931854232966
1612467174761,2021-02-04T19:32:54.761Z,167.802,0.927407570391035,0.21147589202592007,0.16709839980693564,-0.2593670569968372
1612467174776,2021-02-04T19:32:54.776Z,167.817,0.9274263132064127,0.21138127167007784,0.16713684494564837,-0.2593523985258589
1612467174791,2021-02-04T19:32:54.791Z,167.832,0.9274367738497847,0.21136281003663274,0.16708941909303127,-0.25936059660572
1612467174821,2021-02-04T19:32:54.821Z,167.862,0.9274378292293369,0.21139186307164964,0.1670226707480893,-0.2593761372941767
1612467174836,2021-02-04T19:32:54.836Z,167.877,0.9273623852871374,0.2114953632510778,0.16700021133767515,-0.259575898517211
1612467174851,2021-02-04T19:32:54.851Z,167.892,0.9273169328506722,0.2114721221194768,0.1670275115147311,-0.25973959654219697
1612467174865,2021-02-04T19:32:54.866Z,167.906,0.9273064475613517,0.21149063880393082,0.16707499968103073,-0.25973141221468576
1612467174895,2021-02-04T19:32:54.896Z,167.936,0.9273064475613517,0.21149063880393082,0.16707499968103073,-0.25973141221468576
1612467174910,2021-02-04T19:32:54.911Z,167.951,0.9273064475613517,0.21149063880393082,0.16707499968103073,-0.25973141221468576
1612467174926,2021-02-04T19:32:54.926Z,167.967,0.9273064475613517,0.21149063880393082,0.16707499968103073,-0.25973141221468576
1612467174956,2021-02-04T19:32:54.956Z,167.997,0.9273318137371706,0.21144013875790948,0.1670900659418141,-0.2596722642419206
1612467174971,2021-02-04T19:32:54.971Z,168.012,0.9273690845080825,0.21132853298675677,0.16713006392176843,-0.2596042641749396
1612467174986,2021-02-04T19:32:54.986Z,168.027,0.9273553135084092,0.21132148244741195,0.1671383212200434,-0.25965387565698633
1612467175016,2021-02-04T19:32:55.016Z,168.057,0.9272776567261639,0.21136645832539386,0.16714446643388703,-0.25989054421418517
1612467175037,2021-02-04T19:32:55.037Z,168.078,0.9271841685434671,0.21147034938624487,0.16712807326453336,-0.26014998762195646
1612467175046,2021-02-04T19:32:55.046Z,168.087,0.9271496566811505,0.2114527300526773,0.16714875847128366,-0.2602739895010698
1612467175076,2021-02-04T19:32:55.076Z,168.117,0.9271655474433159,0.21133765450488481,0.16725132884993676,-0.2602449546493464
1612467175091,2021-02-04T19:32:55.091Z,168.132,0.9271909091341135,0.2112095231267281,0.16730353298377498,-0.2602250626107777
1612467175106,2021-02-04T19:32:55.106Z,168.147,0.927204723397672,0.21121658577967709,0.16729527443154885,-0.2601754138144018
1612467175136,2021-02-04T19:32:55.136Z,168.177,0.927204723397672,0.21121658577967709,0.16729527443154885,-0.2601754138144018
1612467175151,2021-02-04T19:32:55.151Z,168.192,0.927204723397672,0.21121658577967709,0.16729527443154885,-0.2601754138144018
1612467175166,2021-02-04T19:32:55.166Z,168.207,0.9272536769705749,0.21100346913382162,0.16732714700051826,-0.2601533786724826
1612467175196,2021-02-04T19:32:55.196Z,168.237,0.9272915491317972,0.21082779057086323,0.16724430209991098,-0.2602140831063413
1612467175211,2021-02-04T19:32:55.211Z,168.252,0.9273027919124311,0.21077083304784078,0.1672675021050983,-0.26020524742451107
1612467175226,2021-02-04T19:32:55.226Z,168.267,0.9273063380630937,0.2106681282491549,0.1673152237043564,-0.2602450980225644
1612467175256,2021-02-04T19:32:55.256Z,168.297,0.9273442586230127,0.21039846180384672,0.1674304576871346,-0.2602540203497092
1612467175271,2021-02-04T19:32:55.271Z,168.312,0.9273769580060298,0.210232319710557,0.16749813595366345,-0.26022821515094957
1612467175286,2021-02-04T19:32:55.286Z,168.327,0.9273874395001324,0.2102138049476903,0.16745070868156325,-0.26023634148374686
1612467175322,2021-02-04T19:32:55.322Z,168.363,0.9274682250721494,0.21010618516557122,0.16726205884566311,-0.2601566568577429
1612467175331,2021-02-04T19:32:55.331Z,168.372,0.9275382937819219,0.20989548565534275,0.16711695021622655,-0.26017018203486814
1612467175346,2021-02-04T19:32:55.346Z,168.387,0.9275690372315061,0.2097388037273507,0.16718074957551946,-0.26014594433087845
1612467175376,2021-02-04T19:32:55.376Z,168.417,0.9275964237710822,0.20969032864638326,0.1670565737194936,-0.2601671421536051
1612467175391,2021-02-04T19:32:55.391Z,168.432,0.9276079262042459,0.20966996620510248,0.16700439533609956,-0.26017604127404437
1612467175406,2021-02-04T19:32:55.406Z,168.447,0.9276079262042459,0.20966996620510248,0.16700439533609956,-0.26017604127404437
1612467175421,2021-02-04T19:32:55.421Z,168.462,0.9276079262042459,0.20966996620510248,0.16700439533609956,-0.26017604127404437
1612467175451,2021-02-04T19:32:55.451Z,168.492,0.9276079262042459,0.20966996620510248,0.16700439533609956,-0.26017604127404437
1612467175466,2021-02-04T19:32:55.466Z,168.507,0.9276079262042459,0.20966996620510248,0.16700439533609956,-0.26017604127404437
1612467175481,2021-02-04T19:32:55.481Z,168.522,0.9276079262042459,0.20966996620510248,0.16700439533609956,-0.26017604127404437
1612467175511,2021-02-04T19:32:55.511Z,168.552,0.9276398522324061,0.20968627018828787,0.1669854610446934,-0.2600612013439438
1612467175526,2021-02-04T19:32:55.526Z,168.567,0.9276536505273804,0.20969331871086838,0.16697727505714985,-0.26001155044677493
1612467175541,2021-02-04T19:32:55.541Z,168.582,0.9276536505273804,0.20969331871086838,0.16697727505714985,-0.26001155044677493
1612467175571,2021-02-04T19:32:55.571Z,168.612,0.9276434023786803,0.20974559699480186,0.16695598947765503,-0.2600196149180618
1612467175585,2021-02-04T19:32:55.586Z,168.626,0.9276585787048505,0.2097533465867796,0.16694698400738514,-0.25996499664720385
1612467175601,2021-02-04T19:32:55.601Z,168.642,0.9276930642638441,0.2097709414133404,0.1669265242098993,-0.2598408477713276
1612467175631,2021-02-04T19:32:55.631Z,168.672,0.9277249668662455,0.20978723530555396,0.1669075834564416,-0.2597259331306889
1612467175646,2021-02-04T19:32:55.646Z,168.687,0.927760785593505,0.20980554457549408,0.16688629957254067,-0.2595968435772803
1612467175661,2021-02-04T19:32:55.661Z,168.702,0.9278034751172521,0.20982736559511556,0.16686091299276223,-0.25944291072023146
1612467175690,2021-02-04T19:32:55.691Z,168.731,0.9278533152843763,0.20985285089849762,0.1668312528171264,-0.25926306981333175
1612467175705,2021-02-04T19:32:55.706Z,168.746,0.9279055736947684,0.20987957083973666,0.16680013902693838,-0.25907436320659805
1612467175721,2021-02-04T19:32:55.721Z,168.762,0.9279468062719636,0.20990068074168144,0.16677556376964286,-0.25892535658594623
1612467175751,2021-02-04T19:32:55.751Z,168.792,0.9279896249382814,0.20992259206758962,0.1667500140939661,-0.25877054342833195
1612467175766,2021-02-04T19:32:55.766Z,168.807,0.928081232610078,0.2098829903527585,0.16668388321885433,-0.25851661283682603
1612467175781,2021-02-04T19:32:55.781Z,168.822,0.928211496613351,0.2097191404982817,0.16661044227598593,-0.2582290847059353
1612467175817,2021-02-04T19:32:55.817Z,168.858,0.9283546983891383,0.20949506113025265,0.1665549420459008,-0.2579318216524093
1612467175826,2021-02-04T19:32:55.826Z,168.867,0.9284595467369584,0.20929773767630527,0.16661124153193982,-0.25767813502850345
1612467175841,2021-02-04T19:32:55.841Z,168.882,0.9285357528965975,0.20916948033949237,0.16664495041740723,-0.25748581434252893
1612467175871,2021-02-04T19:32:55.871Z,168.912,0.9286273742976472,0.20913301624567643,0.16644499987083222,-0.257314288835738
1612467175886,2021-02-04T19:32:55.886Z,168.927,0.9287524493096074,0.20902097457552515,0.1662488060822142,-0.25708063825411054
1612467175901,2021-02-04T19:32:55.901Z,168.942,0.9289000121099782,0.20875393182777366,0.16618618587786452,-0.25680481902000024
1612467175931,2021-02-04T19:32:55.931Z,168.972,0.9290675073145352,0.20846668084004924,0.16609229910059375,-0.25649280304010014
1612467175946,2021-02-04T19:32:55.946Z,168.987,0.9293171421070107,0.20824366298120456,0.16558269616325855,-0.2560988030927409
1612467175961,2021-02-04T19:32:55.961Z,169.002,0.9295871995739037,0.20798443087991206,0.1650846180437906,-0.25565051102088954
1612467175991,2021-02-04T19:32:55.991Z,169.032,0.9298537177294197,0.20765375266352964,0.1647381448500582,-0.2551731299743202
1612467176006,2021-02-04T19:32:56.006Z,169.047,0.930055285395899,0.20736833678971117,0.16461125418083128,-0.25475218154362345
1612467176021,2021-02-04T19:32:56.021Z,169.062,0.9301824035818336,0.20717153778967848,0.16465815432468045,-0.2544176531040492
1612467176036,2021-02-04T19:32:56.036Z,169.077,0.9302909087303793,0.20702680433373324,0.164687221076599,-0.2541197486128034
1612467176066,2021-02-04T19:32:56.066Z,169.107,0.9303939198237564,0.20682297249680262,0.16474581965287172,-0.2538704923961741
1612467176081,2021-02-04T19:32:56.081Z,169.122,0.9305090679215504,0.2064787141905751,0.1648656894011443,-0.25365078269199076
1612467176096,2021-02-04T19:32:56.096Z,169.137,0.9306370211483536,0.20609131938177672,0.1650010327460722,-0.25340829137249393
1612467176126,2021-02-04T19:32:56.126Z,169.167,0.9307666668975852,0.20572321456677944,0.1651266434693968,-0.253149288755076
1612467176141,2021-02-04T19:32:56.141Z,169.182,0.9308980566063764,0.2053866057090602,0.16515293020272714,-0.2529222411082825
1612467176156,2021-02-04T19:32:56.156Z,169.197,0.9309804581720301,0.20513379536930093,0.16524139835628276,-0.25276628091666564
1612467176185,2021-02-04T19:32:56.186Z,169.226,0.9310241250023179,0.20490483221695838,0.1653323781929581,-0.2527316622801136
1612467176201,2021-02-04T19:32:56.201Z,169.242,0.931075907639292,0.2046329066241876,0.16544040890748285,-0.2526905198869356
1612467176216,2021-02-04T19:32:56.216Z,169.257,0.9311452021037697,0.20426824639341792,0.1655852440813302,-0.252635355912457
1612467176246,2021-02-04T19:32:56.246Z,169.287,0.9312462227982158,0.20378051011893708,0.1658336184216468,-0.2524939350180618
1612467176261,2021-02-04T19:32:56.261Z,169.302,0.9313292192826264,0.2032199599028672,0.16623722928355783,-0.2523741603405872
1612467176276,2021-02-04T19:32:56.276Z,169.317,0.931382971456857,0.20272969523273887,0.16673535989803484,-0.25224145359299893
1612467176306,2021-02-04T19:32:56.306Z,169.347,0.931454741076682,0.20206128683070837,0.1672443699850388,-0.25217577678753533
1612467176321,2021-02-04T19:32:56.321Z,169.362,0.9315119115958513,0.20133482261364333,0.16769547824846626,-0.25224605910339576
1612467176336,2021-02-04T19:32:56.336Z,169.377,0.9315651851938418,0.2005948291751343,0.1681387274857048,-0.2523437904178537
1612467176365,2021-02-04T19:32:56.366Z,169.406,0.9315899957207426,0.19992117940752377,0.1684390327718511,-0.25258640924684483
1612467176381,2021-02-04T19:32:56.381Z,169.422,0.93156796754184,0.19944302382578633,0.16866509079532158,-0.2528946208289098
1612467176396,2021-02-04T19:32:56.396Z,169.437,0.931510880117683,0.19908576116286644,0.1688471895481658,-0.2532646175569492
1612467176432,2021-02-04T19:32:56.432Z,169.473,0.931395209259358,0.19894583601728658,0.1689488286909834,-0.25373177133351754
1612467176441,2021-02-04T19:32:56.441Z,169.482,0.9311867039717894,0.1990318365403862,0.16922600302727756,-0.25424439087013884
1612467176456,2021-02-04T19:32:56.456Z,169.497,0.9309948641683629,0.1991518228631411,0.16946618013638987,-0.2546926149938398
1612467176486,2021-02-04T19:32:56.486Z,169.527,0.9308472328809004,0.19927036985093033,0.16961817400886778,-0.2550380830059342
1612467176501,2021-02-04T19:32:56.501Z,169.542,0.9307432795936021,0.19938809810621028,0.16975750302266782,-0.2552326859797606
1612467176515,2021-02-04T19:32:56.516Z,169.556,0.930717180383976,0.1994235717708996,0.1698353110975868,-0.2552483815122516
1612467176546,2021-02-04T19:32:56.546Z,169.587,0.9307397863045951,0.19922977190915955,0.17003873428578595,-0.2551818508773478
1612467176561,2021-02-04T19:32:56.561Z,169.602,0.9307748045383831,0.19905500129454493,0.17021463722264799,-0.2550732188437775
1612467176576,2021-02-04T19:32:56.576Z,169.617,0.9307794717080798,0.1989693348815352,0.17032958558631223,-0.2550462920679744
1612467176606,2021-02-04T19:32:56.606Z,169.647,0.9307546551691956,0.19903051060345836,0.17039859660580123,-0.25504302775134124
1612467176621,2021-02-04T19:32:56.621Z,169.662,0.9307000643255225,0.19914601276083907,0.17045602136613658,-0.25511370140773504
1612467176636,2021-02-04T19:32:56.636Z,169.677,0.9306403643345039,0.1991556395157227,0.17051437096186373,-0.2552849247721162
1612467176651,2021-02-04T19:32:56.651Z,169.692,0.9305728681703302,0.1991214093636985,0.1705681455545859,-0.25552164111935644
1612467176681,2021-02-04T19:32:56.681Z,169.722,0.9305194626002046,0.19894736169619062,0.17068971558574236,-0.25577040092553693
1612467176696,2021-02-04T19:32:56.696Z,169.737,0.9304566469003105,0.19893322687614412,0.1707487421345666,-0.2559704407605272
1612467176711,2021-02-04T19:32:56.711Z,169.752,0.9304613006280656,0.19893830004113208,0.17069229796213864,-0.2559872266865623
1612467176740,2021-02-04T19:32:56.741Z,169.781,0.9304069801560688,0.19913643300930473,0.17071672787765335,-0.25601431824791043
1612467176755,2021-02-04T19:32:56.756Z,169.796,0.9303205350845849,0.1994389014045179,0.17079806396410344,-0.2560387625977852
1612467176771,2021-02-04T19:32:56.771Z,169.812,0.9302064665171144,0.19980689895022796,0.17098790808433925,-0.2560395830151647
1612467176800,2021-02-04T19:32:56.801Z,169.841,0.9300643738859236,0.20031470268790352,0.17114729250964905,-0.25605250356491027
1612467176816,2021-02-04T19:32:56.816Z,169.857,0.9299398690499797,0.20100926443531006,0.17083333967188682,-0.2561700326326872
1612467176831,2021-02-04T19:32:56.831Z,169.872,0.9298733102808668,0.20150553959892928,0.17055225693670323,-0.256209039637644
1612467176861,2021-02-04T19:32:56.861Z,169.902,0.9297856013977261,0.2019166090732616,0.17034084090161644,-0.2563443315830381
1612467176876,2021-02-04T19:32:56.876Z,169.917,0.9296350798252406,0.20243028897195325,0.17018705463751788,-0.2565871448433388
1612467176891,2021-02-04T19:32:56.891Z,169.932,0.9294932287540307,0.2030709543969258,0.1699276749630828,-0.2567666459304435
1612467176921,2021-02-04T19:32:56.921Z,169.962,0.9293724167730886,0.2037006516540353,0.16965950502273397,-0.2568824786016183
1612467176935,2021-02-04T19:32:56.935Z,169.976,0.9292895490815158,0.20411418198776615,0.16951063965261254,-0.2569522868625616
1612467176951,2021-02-04T19:32:56.951Z,169.992,0.9292197216962521,0.20447555233010362,0.1693680689665854,-0.2570115065995469
1612467176981,2021-02-04T19:32:56.981Z,170.022,0.9291531119675221,0.20503630562283567,0.16897245963607888,-0.25706597554352106
1612467176995,2021-02-04T19:32:56.996Z,170.036,0.929185586777982,0.2055585913620466,0.1684491038365505,-0.25687489222960586
1612467177010,2021-02-04T19:32:57.011Z,170.051,0.9292540487836101,0.20587040904885504,0.16810406247367124,-0.25660341322198577
1612467177041,2021-02-04T19:32:57.041Z,170.082,0.9292907101196094,0.2060389699741228,0.16802839340037187,-0.25638482394378326
1612467177056,2021-02-04T19:32:57.056Z,170.097,0.9292676272713852,0.2061922547497664,0.16804742318672694,-0.2563327808668227
1612467177071,2021-02-04T19:32:57.071Z,170.112,0.9292130440765968,0.20641928994031225,0.16801971365701113,-0.2563660883991051
1612467177101,2021-02-04T19:32:57.101Z,170.142,0.9291904676510054,0.20668816859209424,0.16794791909569587,-0.25627831016685243
1612467177115,2021-02-04T19:32:57.116Z,170.156,0.9291759402310026,0.2069600159164421,0.16785799290168935,-0.25617048644743345
1612467177131,2021-02-04T19:32:57.131Z,170.172,0.9291707447195595,0.20720737655477817,0.1677476993827502,-0.25606159339186324
1612467177161,2021-02-04T19:32:57.161Z,170.202,0.9291507832510013,0.20753809558487707,0.16768828193433152,-0.25590506240980304
1612467177175,2021-02-04T19:32:57.176Z,170.216,0.9291166501853753,0.20788474939220247,0.16762941181445093,-0.25578616384235753
1612467177190,2021-02-04T19:32:57.191Z,170.231,0.9290231860629599,0.2083590381564424,0.16753828346238686,-0.2557994420447908
1612467177220,2021-02-04T19:32:57.221Z,170.261,0.9289522913804028,0.208678804611264,0.1674557778089946,-0.2558502673899282
1612467177236,2021-02-04T19:32:57.236Z,170.277,0.9288891259398699,0.20897613140399388,0.1673632095935813,-0.2558974878513266
1612467177251,2021-02-04T19:32:57.251Z,170.292,0.9288376786779078,0.20921287949594822,0.1672983898178711,-0.255933168006019
1612467177272,2021-02-04T19:32:57.272Z,170.313,0.9288241596233051,0.20943075283835474,0.1672364310863635,-0.25584451603096264
1612467177296,2021-02-04T19:32:57.296Z,170.337,0.9288097821339942,0.2096577553351729,0.16718300422109356,-0.25574568879969123
1612467177311,2021-02-04T19:32:57.311Z,170.352,0.9287833418668485,0.20981811923050023,0.1671715291163565,-0.25571769701396024
1612467177325,2021-02-04T19:32:57.326Z,170.366,0.9287637931635268,0.2098714265159527,0.1671910073509456,-0.25573221913093547
1612467177356,2021-02-04T19:32:57.356Z,170.397,0.9287159185854394,0.20990814876050495,0.1672137454205176,-0.25586104625828293
1612467177370,2021-02-04T19:32:57.371Z,170.411,0.92868773385263,0.2100212179472064,0.1672020853640187,-0.2558781812768767
1612467177386,2021-02-04T19:32:57.386Z,170.427,0.9286877369110842,0.21005330388233925,0.1671196330465728,-0.2559056956956244
1612467177415,2021-02-04T19:32:57.416Z,170.456,0.9286789284459752,0.2100759773615135,0.16714223678508336,-0.2559042873390735
1612467177430,2021-02-04T19:32:57.431Z,170.471,0.9286782238322954,0.21008009216646464,0.16714237097273724,-0.2559033787987851
1612467177446,2021-02-04T19:32:57.446Z,170.487,0.9286758814383491,0.21008623112921349,0.16714830535528008,-0.2559029635261891
1612467177476,2021-02-04T19:32:57.476Z,170.517,0.9286765746662818,0.21012863565574116,0.16717720071755665,-0.2558467504265013
1612467177491,2021-02-04T19:32:57.491Z,170.532,0.9286954008204932,0.2101842774547558,0.16720749328659867,-0.2557128784291042
1612467177506,2021-02-04T19:32:57.506Z,170.547,0.928652005371578,0.21018123256593463,0.1674147444157951,-0.2557373765185781
1612467177535,2021-02-04T19:32:57.536Z,170.576,0.9285728230500901,0.2102524134029206,0.16753021016501146,-0.25589072596149365
1612467177550,2021-02-04T19:32:57.551Z,170.591,0.9285043551654738,0.21039514932173742,0.16748732712708123,-0.2560498756735834
1612467177565,2021-02-04T19:32:57.565Z,170.606,0.9284921782895743,0.21045701447766477,0.1674624480182853,-0.2560594626565333
1612467177595,2021-02-04T19:32:57.596Z,170.636,0.9285652368447544,0.21017639119567325,0.16743265859971723,-0.25604450851685695
1612467177610,2021-02-04T19:32:57.611Z,170.651,0.928636182582929,0.20984039113695235,0.1674139893588005,-0.25607500231820157
1612467177625,2021-02-04T19:32:57.625Z,170.666,0.928646975846255,0.20970901933195676,0.16747217000339765,-0.25610543480525205
1612467177656,2021-02-04T19:32:57.656Z,170.697,0.9286525697901934,0.20962418413607195,0.16759415318523527,-0.25607480521417925
1612467177677,2021-02-04T19:32:57.677Z,170.718,0.9286868992949884,0.20952977339912007,0.16750590447539376,-0.25608531606293544
1612467177686,2021-02-04T19:32:57.686Z,170.727,0.9287330678992883,0.20933252611380432,0.16752485631013703,-0.25606679718279957
1612467177716,2021-02-04T19:32:57.716Z,170.757,0.9287752644448016,0.2091554203456186,0.16753568840624744,-0.2560513843074888
1612467177730,2021-02-04T19:32:57.731Z,170.771,0.9288047051459067,0.20896918301948603,0.16766549687775995,-0.2560116821626072
1612467177745,2021-02-04T19:32:57.746Z,170.786,0.9288310280972677,0.20892318794696133,0.1675460679526691,-0.256031907963541
1612467177775,2021-02-04T19:32:57.776Z,170.816,0.9288541773569559,0.208882700589778,0.16744096162258035,-0.25604971972599383
1612467177790,2021-02-04T19:32:57.791Z,170.831,0.9288541773569559,0.208882700589778,0.16744096162258035,-0.25604971972599383
1612467177806,2021-02-04T19:32:57.806Z,170.847,0.9288793791591203,0.2087534266755183,0.16749293593640352,-0.2560297292026847
1612467177836,2021-02-04T19:32:57.836Z,170.877,0.928906249929014,0.20861546666420694,0.1675483825032164,-0.25600840890847176
1612467177851,2021-02-04T19:32:57.851Z,170.892,0.928906249929014,0.20861546666420694,0.1675483825032164,-0.25600840890847176
1612467177866,2021-02-04T19:32:57.866Z,170.907,0.928906249929014,0.20861546666420694,0.1675483825032164,-0.25600840890847176
1612467177881,2021-02-04T19:32:57.881Z,170.922,0.9289552756305011,0.20832338032350914,0.16756887783482963,-0.2560549477554036
1612467177911,2021-02-04T19:32:57.911Z,170.952,0.9290148932399072,0.2078007034996663,0.1675890854707424,-0.2562500618430517
1612467177925,2021-02-04T19:32:57.925Z,170.966,0.9290177860843573,0.20754222063921537,0.16758806089445102,-0.2564496473709812
1612467177941,2021-02-04T19:32:57.941Z,170.982,0.929022590054966,0.20744730512787657,0.16741575563539712,-0.2566215258464753
1612467177970,2021-02-04T19:32:57.971Z,171.011,0.9290836255329674,0.20724589222046547,0.16732109817173574,-0.25662503196466296
1612467177985,2021-02-04T19:32:57.986Z,171.026,0.9291563763339767,0.2069615689032647,0.16729339692810466,-0.256609151550112
1612467178000,2021-02-04T19:32:58.000Z,171.041,0.9292250059877181,0.20669203654133875,0.16726927065404443,-0.25659361132417735
1612467178030,2021-02-04T19:32:58.030Z,171.071,0.9292364867348272,0.20667187110839702,0.16721699292403436,-0.2566023512961505
1612467178046,2021-02-04T19:32:58.046Z,171.087,0.9292078805414244,0.20682039058333498,0.16715722539229286,-0.256625218514901
1612467178061,2021-02-04T19:32:58.061Z,171.102,0.9292214925781944,0.20682742636979048,0.1671491863844144,-0.2565754916647919
1612467178091,2021-02-04T19:32:58.091Z,171.132,0.9293109860930975,0.20653354780330418,0.1672559519953423,-0.2564184690707493
1612467178106,2021-02-04T19:32:58.106Z,171.147,0.9294240132896913,0.2060430256346403,0.16730388239335414,-0.2563721631611309
1612467178120,2021-02-04T19:32:58.121Z,171.161,0.9294935975893057,0.20564048262246107,0.1673894901966318,-0.25638721208165377
1612467178150,2021-02-04T19:32:58.151Z,171.191,0.9294710285128768,0.20552413332890732,0.16745166370903292,-0.2565216912771578
1612467178165,2021-02-04T19:32:58.165Z,171.206,0.9294359800679796,0.2056033231579644,0.167315644564162,-0.2566739323452132
1612467178180,2021-02-04T19:32:58.181Z,171.221,0.9294252014520124,0.20573920683931618,0.1671401586203325,-0.2567184080882898
1612467178210,2021-02-04T19:32:58.211Z,171.251,0.9294142555874128,0.20579636900986234,0.16711716131906235,-0.25672719062442656
1612467178226,2021-02-04T19:32:58.226Z,171.267,0.9294142555874128,0.20579636900986234,0.16711716131906235,-0.25672719062442656
1612467178240,2021-02-04T19:32:58.241Z,171.281,0.9294142555874128,0.20579636900986234,0.16711716131906235,-0.25672719062442656
1612467178277,2021-02-04T19:32:58.277Z,171.318,0.9294278726902264,0.2058034090670039,0.1671091838938386,-0.2566774375383523
1612467178285,2021-02-04T19:32:58.286Z,171.326,0.9294414826258718,0.20581045515989976,0.16710121029032546,-0.25662769227151716
1612467178300,2021-02-04T19:32:58.301Z,171.341,0.9294524249755338,0.20575334347559476,0.16712418394333867,-0.2566188973886894
1612467178331,2021-02-04T19:32:58.331Z,171.372,0.9294642749770997,0.20569146715320288,0.16714906338014654,-0.2566093772503203
1612467178345,2021-02-04T19:32:58.346Z,171.386,0.9294642749770997,0.20569146715320288,0.16714906338014654,-0.2566093772503203
1612467178360,2021-02-04T19:32:58.360Z,171.401,0.9294296163354067,0.2058724477857496,0.16707626724057148,-0.2566371844575135
1612467178390,2021-02-04T19:32:58.391Z,171.431,0.9293845976942876,0.20610721543133606,0.16698180214251127,-0.2566732613051215
1612467178405,2021-02-04T19:32:58.406Z,171.446,0.9293537781176824,0.2062677386435006,0.1669172122861703,-0.2566979145530792
1612467178420,2021-02-04T19:32:58.420Z,171.461,0.9293537781176824,0.2062677386435006,0.1669172122861703,-0.2566979145530792
1612467178435,2021-02-04T19:32:58.436Z,171.476,0.9293746176386982,0.20623104653084837,0.1668221398238998,-0.25671374953494347
1612467178466,2021-02-04T19:32:58.466Z,171.507,0.9293396006573289,0.2064132644091191,0.16674880287084004,-0.2567417139211886
1612467178481,2021-02-04T19:32:58.481Z,171.522,0.9293002158736061,0.20661801148856143,0.16666638604320477,-0.25677309412997157
1612467178496,2021-02-04T19:32:58.496Z,171.537,0.9292436670341919,0.2067406838952755,0.16662843653156664,-0.2569036026185835
1612467178525,2021-02-04T19:32:58.526Z,171.566,0.9291884782386706,0.20684836437033327,0.16659702750032085,-0.25703687769244093
1612467178540,2021-02-04T19:32:58.541Z,171.581,0.9291773316460398,0.20690618316062237,0.1665737218294621,-0.2570457409118645
1612467178555,2021-02-04T19:32:58.556Z,171.596,0.9291773316460398,0.20690618316062237,0.1665737218294621,-0.2570457409118645
1612467178586,2021-02-04T19:32:58.586Z,171.627,0.9292002659987258,0.2067872378156012,0.166621653449286,-0.2570274859743938
1612467178601,2021-02-04T19:32:58.601Z,171.642,0.9292012111825224,0.20675452197023098,0.1665631454317578,-0.2570883026620884
1612467178615,2021-02-04T19:32:58.615Z,171.656,0.9291943786558768,0.20672033769967985,0.1663976308906631,-0.2572476182389718
1612467178646,2021-02-04T19:32:58.646Z,171.687,0.9291728229922813,0.206671336752295,0.1663440359222758,-0.2573994663760254
1612467178661,2021-02-04T19:32:58.661Z,171.702,0.9291557822082618,0.20662941814293753,0.16629606246399734,-0.2575256017483212
1612467178676,2021-02-04T19:32:58.676Z,171.717,0.9291557822082618,0.20662941814293753,0.16629606246399734,-0.2575256017483212
1612467178706,2021-02-04T19:32:58.706Z,171.747,0.9291557822082618,0.20662941814293753,0.16629606246399734,-0.2575256017483212
1612467178721,2021-02-04T19:32:58.721Z,171.762,0.9291557822082618,0.20662941814293753,0.16629606246399734,-0.2575256017483212
1612467178736,2021-02-04T19:32:58.736Z,171.777,0.9291953861724629,0.20664971053406128,0.16627278863870337,-0.2573814119362646
1612467178765,2021-02-04T19:32:58.766Z,171.806,0.9292363293427977,0.20667070860929523,0.16624872829045892,-0.25723223509945387
1612467178781,2021-02-04T19:32:58.781Z,171.822,0.9292501391547113,0.20667779043287382,0.16624060294119342,-0.25718190402219887
1612467178795,2021-02-04T19:32:58.796Z,171.836,0.9292593007267371,0.20663021736434534,0.16625978433099145,-0.2571746282179317
1612467178825,2021-02-04T19:32:58.826Z,171.866,0.9292421566199118,0.2065168905166034,0.1663189888235224,-0.25728929680118773
1612467178840,2021-02-04T19:32:58.841Z,171.881,0.9292255964169057,0.2065083954525571,0.16632871245123693,-0.25734963179606435
1612467178856,2021-02-04T19:32:58.856Z,171.897,0.929236576096582,0.206451310423183,0.1663517350527088,-0.2573409068022516
1612467178886,2021-02-04T19:32:58.886Z,171.927,0.9292621869901107,0.20631807800405427,0.16640545774930401,-0.257320543583901
1612467178901,2021-02-04T19:32:58.901Z,171.942,0.9293034076435699,0.20619716664413346,0.16644798946635306,-0.2572410772263819
1612467178916,2021-02-04T19:32:58.916Z,171.957,0.9293608887170212,0.20619824773307519,0.16636455286287596,-0.2570864770960413
1612467178945,2021-02-04T19:32:58.946Z,171.986,0.9294456213913589,0.2061798104168519,0.1662064914730801,-0.25689710945261823
1612467178960,2021-02-04T19:32:58.961Z,172.001,0.9295184439612297,0.20604988013675649,0.16624221797636898,-0.25671469415251635
1612467178976,2021-02-04T19:32:58.976Z,172.017,0.9295395971880525,0.20589288482177426,0.166376880338245,-0.2566768219535105
1612467179005,2021-02-04T19:32:59.005Z,172.046,0.9295485500814092,0.20576296445814893,0.16655633255793542,-0.2566321951427657
1612467179020,2021-02-04T19:32:59.021Z,172.061,0.9295868217283153,0.20556301346512423,0.1666367555275939,-0.2566015979518121
1612467179035,2021-02-04T19:32:59.036Z,172.076,0.9296610554834763,0.20521430102312935,0.16671658159774508,-0.25655992281200035
1612467179065,2021-02-04T19:32:59.066Z,172.106,0.9297172091612298,0.20479461040851057,0.1667568533118263,-0.25666560036479147
1612467179081,2021-02-04T19:32:59.081Z,172.122,0.9297618429986628,0.20456003410067478,0.1668511849040978,-0.256629674528413
1612467179096,2021-02-04T19:32:59.096Z,172.137,0.9297989395449247,0.20436481217369695,0.16692968423531526,-0.25659975854906997
1612467179111,2021-02-04T19:32:59.111Z,172.152,0.9298459257119414,0.20411717648306713,0.1670292607574955,-0.25656180298767794
1612467179141,2021-02-04T19:32:59.141Z,172.182,0.9299058566278318,0.20380077884224576,0.1671564391615149,-0.2565132846450553
1612467179155,2021-02-04T19:32:59.156Z,172.196,0.9299211781486669,0.20371981598882868,0.16718897300129312,-0.2565008505070613
1612467179170,2021-02-04T19:32:59.171Z,172.211,0.9299211781486669,0.20371981598882868,0.16718897300129312,-0.2565008505070613
1612467179200,2021-02-04T19:32:59.201Z,172.241,0.9299748512807132,0.20352275662436334,0.16726263191212581,-0.25641465536755903
1612467179215,2021-02-04T19:32:59.216Z,172.256,0.9300754424838701,0.20326637034759115,0.1673480144741629,-0.2561973770859188
1612467179230,2021-02-04T19:32:59.231Z,172.271,0.9301830839115303,0.20297183492459228,0.1674486871393313,-0.25597422098229566
1612467179261,2021-02-04T19:32:59.261Z,172.302,0.9302636209057162,0.2027189126892524,0.1675390743901543,-0.2558227836021714
1612467179276,2021-02-04T19:32:59.276Z,172.317,0.9303101532502608,0.20247112571278258,0.16763841920220757,-0.2557847188935639
1612467179291,2021-02-04T19:32:59.291Z,172.332,0.9303396433129658,0.20231387956530403,0.16770144799839698,-0.2557605648937693
1612467179321,2021-02-04T19:32:59.321Z,172.362,0.9303396433129658,0.20231387956530403,0.16770144799839698,-0.2557605648937693
1612467179336,2021-02-04T19:32:59.336Z,172.377,0.9303249291071534,0.20217022431895126,0.16777292557226045,-0.2558807771707746
1612467179350,2021-02-04T19:32:59.351Z,172.391,0.930280195759402,0.2021468939491036,0.16779862546793037,-0.2560449412420633
1612467179381,2021-02-04T19:32:59.381Z,172.422,0.9302623618574939,0.2021375877223661,0.16780886593067895,-0.2561103634298294
1612467179395,2021-02-04T19:32:59.396Z,172.436,0.9303219037542579,0.20192282617473664,0.16788858423450956,-0.2560112320746735
1612467179411,2021-02-04T19:32:59.411Z,172.452,0.9304581050003131,0.20154406275201164,0.16801873806944356,-0.25572917171529547
1612467179440,2021-02-04T19:32:59.440Z,172.481,0.9305849486369263,0.2010650522289555,0.16833045819613365,-0.2554395329350098
1612467179455,2021-02-04T19:32:59.456Z,172.496,0.9306538582206161,0.20058575140592944,0.16854828432164956,-0.2554216677657331
1612467179471,2021-02-04T19:32:59.471Z,172.512,0.9306875035463268,0.20030737188622655,0.16864612104613058,-0.25545295724816514
1612467179501,2021-02-04T19:32:59.501Z,172.542,0.9306544818417727,0.2003634819999415,0.1687295121217848,-0.25547419096226753
1612467179516,2021-02-04T19:32:59.516Z,172.557,0.9306418872155201,0.20038544931297603,0.16878669402527896,-0.2554650688129178
1612467179531,2021-02-04T19:32:59.531Z,172.572,0.9306698571758163,0.20015371678988433,0.16899459105301343,-0.25540738985856565
1612467179560,2021-02-04T19:32:59.561Z,172.601,0.9306603847232333,0.20002922892051855,0.16929239717481362,-0.25534220204085234
1612467179575,2021-02-04T19:32:59.575Z,172.616,0.9306319366019573,0.20009128847375254,0.1693768521937511,-0.2553412555666247
1612467179591,2021-02-04T19:32:59.591Z,172.632,0.9306094938503602,0.2001469631337348,0.16943882054665907,-0.25533830342445074
1612467179620,2021-02-04T19:32:59.621Z,172.661,0.930656479463349,0.20004585103164638,0.16953404306840228,-0.2551830381486793
1612467179635,2021-02-04T19:32:59.635Z,172.676,0.930749687621049,0.1998205065902539,0.1696634167344569,-0.25493353871415997
1612467179650,2021-02-04T19:32:59.650Z,172.691,0.9308225141560705,0.1995652987644828,0.16981935971157922,-0.25476366251167737
1612467179666,2021-02-04T19:32:59.666Z,172.707,0.9308476893920758,0.19948024801152564,0.16986520427099505,-0.25470771913051055
1612467179696,2021-02-04T19:32:59.696Z,172.737,0.9308309596918586,0.19950844912929333,0.16990612298645813,-0.2547194782046876
1612467179711,2021-02-04T19:32:59.711Z,172.752,0.9307564749315727,0.1995425694606144,0.17003129352238208,-0.2548813578297049
1612467179726,2021-02-04T19:32:59.726Z,172.767,0.9306767042048575,0.19958200798461367,0.17016363768287396,-0.2550533880381628
1612467179755,2021-02-04T19:32:59.755Z,172.796,0.9305958461489514,0.19961121764605172,0.1702684928813342,-0.2552555058213176
1612467179770,2021-02-04T19:32:59.771Z,172.811,0.9305765554690957,0.1995514395503787,0.17039358718976785,-0.25528909657337057
1612467179792,2021-02-04T19:32:59.792Z,172.833,0.9306287880458871,0.19936061268755267,0.1704847496008217,-0.25518690233362656
1612467179815,2021-02-04T19:32:59.815Z,172.856,0.9307516737835652,0.19908782195826302,0.1704724633358538,-0.25495980102991295
1612467179830,2021-02-04T19:32:59.830Z,172.871,0.9308453819482647,0.1990106144499415,0.17041676747048104,-0.25471508712040997
1612467179845,2021-02-04T19:32:59.846Z,172.886,0.9308479645725997,0.19904049317724418,0.17048928529892604,-0.25463376155778905
1612467179876,2021-02-04T19:32:59.876Z,172.917,0.9308514140706879,0.1990114516094505,0.1704793413314536,-0.25465050801067296
1612467179891,2021-02-04T19:32:59.891Z,172.932,0.9308474086484967,0.1989897399879579,0.17049893151872958,-0.2546689999644144
1612467179906,2021-02-04T19:32:59.906Z,172.947,0.9308356622350771,0.19909810254432453,0.17036515206767677,-0.25471676512470165
1612467179936,2021-02-04T19:32:59.936Z,172.977,0.9307900116322088,0.19936249875118842,0.17022694530418636,-0.2547691806906804
1612467179950,2021-02-04T19:32:59.950Z,172.991,0.930755705004545,0.1996449031955328,0.16997495570691454,-0.25484160700711905
1612467179965,2021-02-04T19:32:59.965Z,173.006,0.9307190745920145,0.19989171689547622,0.1698010991549301,-0.25489780782293997
1612467179995,2021-02-04T19:32:59.995Z,173.036,0.9306642179523837,0.20017532849717296,0.16968259521292853,-0.25495444331474637
1612467180011,2021-02-04T19:33:00.011Z,173.052,0.9306127930999074,0.20045557586774956,0.16954043772046887,-0.25501653162073595
1612467180025,2021-02-04T19:33:00.026Z,173.066,0.9305416079076663,0.20080896803769094,0.1694154923024674,-0.255081291505601
1612467180055,2021-02-04T19:33:00.056Z,173.096,0.9304960617269951,0.20104366455130587,0.16932277550854002,-0.25512413007871
1612467180071,2021-02-04T19:33:00.071Z,173.112,0.9304874295272801,0.20106305513063855,0.1693478885015776,-0.2551236641578082
1612467180085,2021-02-04T19:33:00.086Z,173.126,0.9304759731497688,0.2010836732705727,0.16938472407412264,-0.2551247439691766
1612467180116,2021-02-04T19:33:00.116Z,173.157,0.9304553397943386,0.20119514486691184,0.16929329780912122,-0.2551727917453124
1612467180131,2021-02-04T19:33:00.131Z,173.172,0.9303917890504919,0.20148225531303365,0.1690656136239607,-0.255328881937301
1612467180152,2021-02-04T19:33:00.152Z,173.193,0.9302835267346979,0.2018284952644657,0.16883909991248736,-0.25559964148268177
1612467180175,2021-02-04T19:33:00.175Z,173.216,0.9301885459027044,0.20217101097432816,0.1686242915609334,-0.2558163397607818
1612467180190,2021-02-04T19:33:00.190Z,173.231,0.9301325957009361,0.20251777450411715,0.16844323783963222,-0.255864771022976
1612467180208,2021-02-04T19:33:00.208Z,173.249,0.93007777888644,0.20285252937026435,0.16837416826871413,-0.25584431986966427
1612467180235,2021-02-04T19:33:00.235Z,173.276,0.9300490379760026,0.20297852556242013,0.1683523723680944,-0.255863213140249
1612467180250,2021-02-04T19:33:00.251Z,173.291,0.9300328054181185,0.20303560806029253,0.16835134135113877,-0.25587760466864645
1612467180265,2021-02-04T19:33:00.266Z,173.306,0.929980151399338,0.2032639029076383,0.16829906907898154,-0.2559221114424597
1612467180296,2021-02-04T19:33:00.296Z,173.337,0.9299372935330112,0.20350561956953908,0.16813824251928214,-0.2559914535734412
1612467180310,2021-02-04T19:33:00.311Z,173.351,0.9299143819378932,0.20364227120860415,0.16802385132508904,-0.256041115893428
1612467180326,2021-02-04T19:33:00.326Z,173.367,0.9298786666236151,0.20381965026348534,0.16794345396350682,-0.25608243164177763
1612467180340,2021-02-04T19:33:00.341Z,173.381,0.9298175373277894,0.20410997180347862,0.16785942920576458,-0.25612824661638395
1612467180370,2021-02-04T19:33:00.371Z,173.411,0.9297629156456045,0.2042801753520648,0.16784023795859396,-0.2562034058522971
1612467180385,2021-02-04T19:33:00.386Z,173.426,0.9297271398116403,0.2042821021887132,0.16787673012978502,-0.2563077675451098
1612467180401,2021-02-04T19:33:00.401Z,173.442,0.9297070074920518,0.20440988065239998,0.1677835747420456,-0.2563399168265176
1612467180431,2021-02-04T19:33:00.431Z,173.472,0.9296541322146367,0.20466357517873718,0.16770572438670558,-0.2563801970886961
1612467180445,2021-02-04T19:33:00.446Z,173.486,0.9295838915983496,0.2050470417630424,0.16751240347867255,-0.2564548572866015
1612467180460,2021-02-04T19:33:00.460Z,173.501,0.9294853757068434,0.20548263279895984,0.1674459521124576,-0.2565066803930627
1612467180491,2021-02-04T19:33:00.491Z,173.532,0.9294094666563368,0.20577577707340383,0.16748140611977966,-0.2565235885129507
1612467180506,2021-02-04T19:33:00.506Z,173.547,0.9293700245570392,0.20586047810707175,0.16763073705516982,-0.2565009883074847
1612467180521,2021-02-04T19:33:00.521Z,173.562,0.9293766747681669,0.20589074483173392,0.16764299437503694,-0.25644458275906373
1612467180551,2021-02-04T19:33:00.551Z,173.592,0.9294087523187795,0.20591470269486545,0.16763858931320402,-0.25631193827134446
1612467180572,2021-02-04T19:33:00.572Z,173.613,0.9294569906518058,0.2058578698163476,0.16766030216872055,-0.256168427094086
1612467180580,2021-02-04T19:33:00.581Z,173.621,0.929466248860617,0.20576706927478963,0.16771989053156572,-0.2561687798134602
1612467180610,2021-02-04T19:33:00.610Z,173.651,0.9294003640310672,0.2059876247796901,0.1675881998877476,-0.2563167123597791
1612467180626,2021-02-04T19:33:00.626Z,173.667,0.9292434188844975,0.20635810572878202,0.16738543690288296,-0.25671991775612224
1612467180640,2021-02-04T19:33:00.640Z,173.681,0.9290632145684826,0.2067322029983572,0.16716018176967112,-0.2572174434400866
1612467180670,2021-02-04T19:33:00.671Z,173.711,0.9289282177401785,0.20699141143888228,0.16710742662897113,-0.25753063864720604
1612467180685,2021-02-04T19:33:00.686Z,173.726,0.9288951903963911,0.20714938794782767,0.16707582881353786,-0.25754324638313064
1612467180701,2021-02-04T19:33:00.701Z,173.742,0.9288814535569045,0.20738817451322272,0.16703339330343353,-0.2574281177952904
1612467180731,2021-02-04T19:33:00.731Z,173.772,0.9287998957005614,0.2077399216778929,0.166969481301024,-0.25748023419663935
1612467180746,2021-02-04T19:33:00.746Z,173.787,0.9287183723217799,0.2081083655127654,0.1668654912766499,-0.25754417278709996
1612467180761,2021-02-04T19:33:00.761Z,173.802,0.9286169672848004,0.2085695702786607,0.1667586825367193,-0.257605908750503
1612467180790,2021-02-04T19:33:00.790Z,173.831,0.928512831754844,0.20897345297885167,0.16679278033102338,-0.2576318801044303
1612467180805,2021-02-04T19:33:00.806Z,173.846,0.9284585651989433,0.2091196529966208,0.166932942868969,-0.25761804289373386
1612467180820,2021-02-04T19:33:00.821Z,173.861,0.9284540754627602,0.20912671909177633,0.16694779562449388,-0.25761886315761634
1612467180850,2021-02-04T19:33:00.851Z,173.891,0.9284522648244483,0.20911989421436672,0.16696079971630912,-0.25762250123817826
1612467180865,2021-02-04T19:33:00.865Z,173.906,0.9284364973330963,0.20918274590805733,0.1669488338746223,-0.2576360535758154
1612467180880,2021-02-04T19:33:00.881Z,173.921,0.9284497334497973,0.20924930712063855,0.1666982709585661,-0.257696539336401
1612467180895,2021-02-04T19:33:00.896Z,173.936,0.9284596754864046,0.20927300026479959,0.16641149952488996,-0.2578267929865451
1612467180926,2021-02-04T19:33:00.926Z,173.967,0.9284556579961377,0.20922223685052083,0.1661680300685468,-0.2580394011102998
1612467180941,2021-02-04T19:33:00.941Z,173.982,0.9284646844397001,0.20894756058558045,0.16612255443840254,-0.25825867571193645
1612467180956,2021-02-04T19:33:00.956Z,173.997,0.9285129856248165,0.20839906139004136,0.16627616555991342,-0.25842930078559434
1612467180985,2021-02-04T19:33:00.986Z,174.026,0.928552739247318,0.20782861808611125,0.16666033838989092,-0.25849837049483826
1612467181000,2021-02-04T19:33:01.000Z,174.041,0.9285656375267474,0.20735941430117658,0.16685730037818786,-0.2587017035423642
1612467181015,2021-02-04T19:33:01.015Z,174.056,0.928579877479223,0.20684393382025387,0.16689273869865595,-0.25904017439790283
1612467181046,2021-02-04T19:33:01.046Z,174.087,0.9285741809225591,0.2062718457724775,0.16689683352540519,-0.2595137050808819
1612467181060,2021-02-04T19:33:01.060Z,174.101,0.9285148026158309,0.20588472965362023,0.16689056336625216,-0.2600370728916074
1612467181075,2021-02-04T19:33:01.075Z,174.116,0.9285063271839489,0.2055572820191825,0.16674954983860235,-0.2604165736217327
1612467181105,2021-02-04T19:33:01.106Z,174.146,0.9284764386716337,0.20530782503364056,0.16687769606558148,-0.2606377454772037
1612467181120,2021-02-04T19:33:01.120Z,174.161,0.9284571103837462,0.2050584082506254,0.1669486205232044,-0.26085743518056614
1612467181135,2021-02-04T19:33:01.135Z,174.176,0.9284138525134686,0.20496660595839986,0.16685429396019305,-0.26114374105086036
1612467181166,2021-02-04T19:33:01.166Z,174.207,0.9283075287147335,0.20496954997144262,0.1668199166178304,-0.26154106969206287
1612467181180,2021-02-04T19:33:01.181Z,174.221,0.9281817077780452,0.20511935972960713,0.16679050903385864,-0.2618887009906576
1612467181196,2021-02-04T19:33:01.196Z,174.237,0.9281583897577484,0.20511664182192757,0.16680800081301803,-0.26196232102110223
1612467181226,2021-02-04T19:33:01.226Z,174.267,0.9281610949301963,0.20502268778928523,0.166956092421046,-0.26193194259794134
1612467181240,2021-02-04T19:33:01.241Z,174.281,0.9280975288068457,0.20505794939209313,0.16709881261940052,-0.26203854913909574
1612467181255,2021-02-04T19:33:01.255Z,174.296,0.928069927656851,0.20507429820884562,0.16714554745294163,-0.2620936999620809
1612467181285,2021-02-04T19:33:01.286Z,174.326,0.9280487995220736,0.20500860592928036,0.1671930373984453,-0.26218959827966665
1612467181301,2021-02-04T19:33:01.301Z,174.342,0.9280762653491355,0.20485008221784753,0.1672691209990123,-0.26216775292007233
1612467181316,2021-02-04T19:33:01.316Z,174.357,0.9280717466153346,0.20484048984088357,0.16729591802652938,-0.26217414568902403
1612467181345,2021-02-04T19:33:01.346Z,174.386,0.9280793573572954,0.2048054515351734,0.16727116040613987,-0.26219037428007697
1612467181361,2021-02-04T19:33:01.361Z,174.402,0.9281440209734754,0.20475418943113674,0.16711744778485788,-0.26209951714465707
1612467181376,2021-02-04T19:33:01.376Z,174.417,0.9281684151967143,0.2048447983707188,0.16695508297685738,-0.262045801110932
1612467181405,2021-02-04T19:33:01.405Z,174.446,0.9281288159667221,0.20506038018677908,0.16684365823832584,-0.26208841095232893
1612467181421,2021-02-04T19:33:01.421Z,174.462,0.9280735992204631,0.20532234913401937,0.16677055761173973,-0.2621253678870714
1612467181435,2021-02-04T19:33:01.435Z,174.476,0.9280181154188185,0.20558235047745804,0.1667049697958357,-0.26215973693921385
1612467181465,2021-02-04T19:33:01.465Z,174.506,0.9279506438098056,0.20581242740387032,0.1666638685008663,-0.2622441654554394
1612467181480,2021-02-04T19:33:01.480Z,174.521,0.9278866682369041,0.20588063746531668,0.1667092473839307,-0.26238811112886845
1612467181495,2021-02-04T19:33:01.495Z,174.536,0.927819968664575,0.2058956396706265,0.1667776269220894,-0.26256868524278976
1612467181510,2021-02-04T19:33:01.511Z,174.551,0.9278053150960837,0.2057322313732139,0.16688509512491256,-0.26268024531510553
1612467181541,2021-02-04T19:33:01.541Z,174.582,0.9278547103543887,0.20546748641511442,0.16700525882325193,-0.2626366159255156
1612467181556,2021-02-04T19:33:01.556Z,174.597,0.9279464868625671,0.2051506430231817,0.16714303532456007,-0.2624723545996557
1612467181571,2021-02-04T19:33:01.571Z,174.612,0.9279910096691011,0.20488462770895974,0.16727519825209938,-0.26243853252067256
1612467181600,2021-02-04T19:33:01.601Z,174.641,0.9280176585869347,0.20470333676273003,0.1673734262490518,-0.2624231419952915
1612467181615,2021-02-04T19:33:01.616Z,174.656,0.9280224727318173,0.20463553588221323,0.1674284861013704,-0.26242387391532446
1612467181630,2021-02-04T19:33:01.631Z,174.671,0.928017708607943,0.20462401624326312,0.16745773919119514,-0.26243103869686174
1612467181660,2021-02-04T19:33:01.661Z,174.701,0.9280114147178372,0.204620425081419,0.167488239790831,-0.2624366310648474
1612467181675,2021-02-04T19:33:01.676Z,174.716,0.9280039290031272,0.2046230185123266,0.16751969608568576,-0.26244100188999103
1612467181690,2021-02-04T19:33:01.690Z,174.731,0.9280052316323376,0.2045851429613247,0.1675670990740401,-0.2624356619257687
1612467181720,2021-02-04T19:33:01.720Z,174.761,0.9280499532160124,0.20447813009334614,0.16763741094950957,-0.2623159871213167
1612467181736,2021-02-04T19:33:01.736Z,174.777,0.9280800413130212,0.20435999837328425,0.16772421923536926,-0.2622460948482896
1612467181751,2021-02-04T19:33:01.751Z,174.792,0.9281069474303608,0.20426683362616316,0.16779528569218313,-0.2621779870838086
1612467181781,2021-02-04T19:33:01.781Z,174.822,0.9281086228793434,0.20421588301492619,0.16785501220346852,-0.2621735153283341
1612467181795,2021-02-04T19:33:01.796Z,174.836,0.9281257562237498,0.2040813823696769,0.1679516642482932,-0.2621556951134252
1612467181810,2021-02-04T19:33:01.810Z,174.851,0.9281455772134783,0.20388795206729374,0.168145153425864,-0.2621119949186927
1612467181840,2021-02-04T19:33:01.841Z,174.881,0.9281690322956764,0.2036390981234986,0.16841950306640763,-0.26204624818840616
1612467181856,2021-02-04T19:33:01.856Z,174.897,0.9282012096499977,0.20337028288411232,0.16866293141377317,-0.2619844613919491
1612467181870,2021-02-04T19:33:01.870Z,174.911,0.9282292389088824,0.20312604994966882,0.16887211985062725,-0.2619398690608912
1612467181907,2021-02-04T19:33:01.907Z,174.948,0.928229015187172,0.20299873515764041,0.16908693536478522,-0.2619007773527904
1612467181916,2021-02-04T19:33:01.916Z,174.957,0.9282712596164611,0.20286207781062188,0.169148294605519,-0.261817303455044
1612467181931,2021-02-04T19:33:01.931Z,174.972,0.9283429870182854,0.20276165012012332,0.1691771696823969,-0.2616220498214665
1612467181960,2021-02-04T19:33:01.961Z,175.001,0.9284451416364983,0.2026271874435405,0.16916101561943822,-0.2613740474394944
1612467181976,2021-02-04T19:33:01.976Z,175.017,0.9285281857772577,0.2024928782391553,0.16922211265388587,-0.26114348368008894
1612467181990,2021-02-04T19:33:01.991Z,175.031,0.9285835465360163,0.20235040815438443,0.16921756621628242,-0.2610600021186443
1612467182020,2021-02-04T19:33:02.020Z,175.061,0.9286191695023985,0.20216027070114226,0.16929503179373592,-0.2610303721651457
1612467182035,2021-02-04T19:33:02.035Z,175.076,0.9286600881711445,0.2019415821176405,0.169384110250354,-0.2609962858825432
1612467182050,2021-02-04T19:33:02.051Z,175.091,0.9286994097773774,0.20173114655486757,0.16946981285735602,-0.2609634712347731
1612467182080,2021-02-04T19:33:02.080Z,175.121,0.9287295803774533,0.20156950931232623,0.16953563527790516,-0.2609382452198695
1612467182095,2021-02-04T19:33:02.095Z,175.136,0.9287623745371145,0.20139359932480766,0.1696072663515132,-0.26091079892550706
1612467182110,2021-02-04T19:33:02.110Z,175.151,0.9288343983107185,0.2011055571414289,0.169718683121245,-0.26080411039934126
1612467182125,2021-02-04T19:33:02.126Z,175.166,0.9289429787377469,0.20076563889348636,0.16984257056632848,-0.2605985451167253
1612467182162,2021-02-04T19:33:02.162Z,175.203,0.9290502773116086,0.20039902987854682,0.16997918332685724,-0.2604090787328565
1612467182171,2021-02-04T19:33:02.171Z,175.212,0.9291332002033311,0.20004879610714973,0.17011575418769576,-0.26029330693113867
1612467182186,2021-02-04T19:33:02.186Z,175.227,0.9291841421451005,0.19977283836938947,0.1702278303625807,-0.2602501273889409
1612467182215,2021-02-04T19:33:02.216Z,175.256,0.9292540238008701,0.19947553530480613,0.1703438328382704,-0.2601527410555584
1612467182230,2021-02-04T19:33:02.231Z,175.271,0.9293129945814915,0.19915482538631524,0.17047402439138098,-0.26010251947094604
1612467182246,2021-02-04T19:33:02.246Z,175.287,0.9293697671440493,0.19884548012037048,0.17059955909490013,-0.26005403552135187
1612467182275,2021-02-04T19:33:02.276Z,175.316,0.9294316555503486,0.1985075691799841,0.1707366534870361,-0.2600010342195576
1612467182290,2021-02-04T19:33:02.290Z,175.331,0.9294874272262519,0.19816234939479313,0.1709324027257362,-0.259936376078966
1612467182305,2021-02-04T19:33:02.305Z,175.346,0.9295299349444107,0.1978220146071765,0.1712190718885906,-0.2598549210629022
1612467182336,2021-02-04T19:33:02.336Z,175.377,0.9295860159921405,0.19742185696943781,0.1715079428893362,-0.25976811734404026
1612467182351,2021-02-04T19:33:02.351Z,175.392,0.9296763558093804,0.1969236723565144,0.17170979492913963,-0.2596895974813155
1612467182366,2021-02-04T19:33:02.366Z,175.407,0.9297684413836372,0.1964141474641273,0.17191617252753946,-0.2596092404103971
1612467182396,2021-02-04T19:33:02.396Z,175.437,0.929885062044455,0.19576643639543137,0.17217840504731804,-0.2595069760198664
1612467182410,2021-02-04T19:33:02.411Z,175.451,0.929967735954934,0.1951239560826449,0.1725069162579174,-0.25947642607507904
1612467182425,2021-02-04T19:33:02.425Z,175.466,0.929972523665355,0.19464917088409223,0.17286546034028277,-0.25957722959259755
1612467182455,2021-02-04T19:33:02.455Z,175.496,0.9299640020609081,0.19423251228564165,0.17330466124537364,-0.25962700251070525
1612467182471,2021-02-04T19:33:02.471Z,175.512,0.9299625050897575,0.19389897983928073,0.17379298126126494,-0.25955524346233244
1612467182485,2021-02-04T19:33:02.486Z,175.526,0.9300284570415817,0.1935373125250796,0.17417800120790394,-0.25933068011448995
1612467182515,2021-02-04T19:33:02.515Z,175.556,0.9301370425099846,0.1932684226439501,0.17438831540586094,-0.25900022086748237
1612467182531,2021-02-04T19:33:02.531Z,175.572,0.9302799739975951,0.1929458475694653,0.17463877252736257,-0.2585582507190025
1612467182546,2021-02-04T19:33:02.546Z,175.587,0.9303906399958773,0.1927304646328048,0.1747336889902599,-0.2582563899351573
1612467182576,2021-02-04T19:33:02.576Z,175.617,0.9304390990067453,0.19266520623226188,0.1747915929513952,-0.2580912636656072
1612467182606,2021-02-04T19:33:02.606Z,175.647,0.9304157203562182,0.192726940547763,0.17482901604436568,-0.258104104674989
1612467182606,2021-02-04T19:33:02.606Z,175.647,0.9303845656393375,0.1928062307892675,0.17491565155570027,-0.2580984932729792
1612467182635,2021-02-04T19:33:02.636Z,175.676,0.9303995012085013,0.19278175290376448,0.17507896492014546,-0.257952165993647
1612467182650,2021-02-04T19:33:02.651Z,175.691,0.9304605985590284,0.1925825916232369,0.17524558686958416,-0.257767345130424
1612467182665,2021-02-04T19:33:02.666Z,175.706,0.9304501385887377,0.1925650735574408,0.17530242523788223,-0.25777954098751366
1612467182681,2021-02-04T19:33:02.681Z,175.722,0.9304085915230211,0.19280091117700093,0.1751754338578179,-0.25783954088190447
1612467182710,2021-02-04T19:33:02.711Z,175.751,0.9303536145263267,0.1931877353603466,0.17491118946251794,-0.25792775470070495
1612467182725,2021-02-04T19:33:02.726Z,175.766,0.93027256992192,0.19366351893024225,0.1747061813213041,-0.25800220404979074
1612467182741,2021-02-04T19:33:02.741Z,175.782,0.9301365449233477,0.19432342507526462,0.1746022404730376,-0.2580667973352456
1612467182771,2021-02-04T19:33:02.771Z,175.812,0.9299567449979799,0.19504134753588306,0.1745138011811022,-0.2582329537093819
1612467182786,2021-02-04T19:33:02.786Z,175.827,0.9298549543915047,0.19560070203155094,0.1743468395123319,-0.25828919588399
1612467182801,2021-02-04T19:33:02.801Z,175.842,0.9298984913683906,0.19571607889817064,0.17422870458675244,-0.25812471929193176
1612467182830,2021-02-04T19:33:02.830Z,175.871,0.9300352531100543,0.1957194808438935,0.174010881279574,-0.2577761160135278
1612467182845,2021-02-04T19:33:02.846Z,175.886,0.9301877087980763,0.1957041282889898,0.17375661107516835,-0.2574089366733493
1612467182860,2021-02-04T19:33:02.861Z,175.901,0.9302751739461614,0.19568483819980964,0.1736059051359785,-0.2572091260823986
1612467182890,2021-02-04T19:33:02.890Z,175.931,0.930285747267603,0.1957097526761586,0.17345191911168364,-0.2572558121688768
1612467182905,2021-02-04T19:33:02.906Z,175.946,0.9301419994002944,0.19602981326867622,0.17338289816179486,-0.2575782286733243
1612467182920,2021-02-04T19:33:02.920Z,175.961,0.9300033878838584,0.1963516581391561,0.17310211722852906,-0.2580220569671328
1612467182951,2021-02-04T19:33:02.951Z,175.992,0.9298911288524778,0.1965826953786159,0.17282325984962027,-0.25843732937424774
1612467182966,2021-02-04T19:33:02.966Z,176.007,0.929843582006885,0.1966826703798869,0.1725945838248438,-0.2586850397823017
1612467182981,2021-02-04T19:33:02.981Z,176.022,0.9298237900067494,0.19680846700063553,0.17252583061942683,-0.2587063675741688
1612467183011,2021-02-04T19:33:03.011Z,176.052,0.9297851164690166,0.1970173107809792,0.17253638331096827,-0.25867936307192857
1612467183025,2021-02-04T19:33:03.026Z,176.066,0.9297226074913714,0.19735010504057837,0.17249994699815702,-0.25867465559182934
1612467183040,2021-02-04T19:33:03.041Z,176.081,0.9296272810635439,0.19778982943774054,0.1724118796809117,-0.25874011173045297
1612467183071,2021-02-04T19:33:03.071Z,176.112,0.9295501268909834,0.19815838623193838,0.17232366542003585,-0.2587940685160969
1612467183085,2021-02-04T19:33:03.086Z,176.126,0.929498433565898,0.19841596913734447,0.17225246085019738,-0.2588297798184775
1612467183100,2021-02-04T19:33:03.101Z,176.141,0.9294652955002306,0.19857803042091102,0.17221558324943756,-0.2588490355030832
1612467183130,2021-02-04T19:33:03.131Z,176.171,0.9294292549281992,0.19875375181291846,0.17216919739127204,-0.25887443615302447
1612467183146,2021-02-04T19:33:03.146Z,176.187,0.9293823202183669,0.19904060750338518,0.17200888786412755,-0.2589291059845423
1612467183161,2021-02-04T19:33:03.161Z,176.202,0.9293364261524247,0.19936749441261115,0.1717676167164981,-0.2590025000755987
1612467183191,2021-02-04T19:33:03.191Z,176.232,0.9293031909981467,0.19962003779984572,0.17155961342153708,-0.25906508593807664
1612467183206,2021-02-04T19:33:03.206Z,176.247,0.929291877307252,0.19970042516622746,0.1713214526643668,-0.25920128629341743
1612467183221,2021-02-04T19:33:03.221Z,176.262,0.929297703774669,0.19969950626723076,0.1709482093485935,-0.25942743624424397
1612467183250,2021-02-04T19:33:03.250Z,176.291,0.9293548516849389,0.19959592657367822,0.1706932264314326,-0.25947032237866346
1612467183265,2021-02-04T19:33:03.266Z,176.306,0.9294081351068605,0.19951860665295731,0.17051314215099028,-0.25945734206271115
1612467183280,2021-02-04T19:33:03.281Z,176.321,0.9294702258508407,0.19947061269491567,0.17039192357960506,-0.25935143397857696
1612467183317,2021-02-04T19:33:03.317Z,176.358,0.9294300734430749,0.19962828919852546,0.17034100692981938,-0.2594074518771683
1612467183325,2021-02-04T19:33:03.325Z,176.366,0.9293554399290039,0.19988686384703672,0.17035835585341763,-0.2594643299698133
1612467183340,2021-02-04T19:33:03.340Z,176.381,0.9292547677151984,0.2002901650808627,0.17019209946049446,-0.259622949162208
1612467183356,2021-02-04T19:33:03.356Z,176.397,0.9290571482311344,0.20086892867979583,0.17008521325840384,-0.2599528977382379
1612467183386,2021-02-04T19:33:03.386Z,176.427,0.928794524801268,0.20186932631472035,0.16966182810047697,-0.2603927223983646
1612467183401,2021-02-04T19:33:03.401Z,176.442,0.9285235582440572,0.2030438281774035,0.1690096374056311,-0.2608695997790411
1612467183416,2021-02-04T19:33:03.416Z,176.457,0.9283362065899986,0.2040666050890899,0.16829388670484016,-0.26120083445365044
1612467183445,2021-02-04T19:33:03.445Z,176.486,0.9281573124116029,0.2050076913991638,0.1679099939739924,-0.2613466736113338
1612467183460,2021-02-04T19:33:03.461Z,176.501,0.9280287102013814,0.20572829859981512,0.16758796369967538,-0.2614437886433368
1612467183476,2021-02-04T19:33:03.476Z,176.517,0.9279052292930476,0.20622763532952862,0.16750524621160068,-0.2615416608661009
1612467183505,2021-02-04T19:33:03.505Z,176.546,0.9277520761965428,0.2066947918458517,0.1673946066812323,-0.2617869244076951
1612467183520,2021-02-04T19:33:03.520Z,176.561,0.9276320464917733,0.20705340280327156,0.16714759610062138,-0.26208654262829756
1612467183535,2021-02-04T19:33:03.535Z,176.576,0.9275346854930491,0.20726624382420067,0.1670378571127844,-0.26233273846298055
1612467183566,2021-02-04T19:33:03.566Z,176.607,0.9274644650722049,0.20735647336243082,0.16702011861808616,-0.2625209305175959
1612467183581,2021-02-04T19:33:03.581Z,176.622,0.9273812484994416,0.20749311945300156,0.16698489492830584,-0.26272927164109805
1612467183596,2021-02-04T19:33:03.596Z,176.637,0.9272847393714201,0.20773761249189515,0.1669026282185834,-0.2629289051792784
1612467183626,2021-02-04T19:33:03.626Z,176.667,0.9272102728161439,0.2080422293496852,0.16678287451944895,-0.26302664039685175
1612467183640,2021-02-04T19:33:03.640Z,176.681,0.927172691859709,0.20823622567112565,0.16670230170827016,-0.2630566790504096
1612467183655,2021-02-04T19:33:03.655Z,176.696,0.9271733201901527,0.2082274079796582,0.16670579305671915,-0.2630592318375686
1612467183685,2021-02-04T19:33:03.685Z,176.726,0.9271297279523627,0.20841810247903675,0.16663724465416732,-0.26310528462971366
1612467183700,2021-02-04T19:33:03.701Z,176.741,0.9270537024911473,0.20879665733893965,0.1664552521976721,-0.2631882170564443
1612467183715,2021-02-04T19:33:03.715Z,176.756,0.9269617780051539,0.2092870100120246,0.1661742998387413,-0.26330004107643923
1612467183745,2021-02-04T19:33:03.746Z,176.786,0.9268625461377107,0.20980325645234082,0.1659209996839073,-0.2633982460325171
1612467183760,2021-02-04T19:33:03.761Z,176.801,0.9267419179061366,0.21029086796003638,0.16578950647446974,-0.2635166180551459
1612467183776,2021-02-04T19:33:03.776Z,176.817,0.9265883307577202,0.2108471579930526,0.16564333882431034,-0.26370404921617974
1612467183806,2021-02-04T19:33:03.806Z,176.847,0.9264679142562536,0.21126899229562285,0.1655266364673821,-0.26386274721501346
1612467183821,2021-02-04T19:33:03.821Z,176.862,0.9264230484620711,0.21152328087959793,0.16538104920979593,-0.26390783521229694
1612467183835,2021-02-04T19:33:03.836Z,176.876,0.9263712292013752,0.21176483367229518,0.165312249504204,-0.2639391238364219
1612467183865,2021-02-04T19:33:03.866Z,176.906,0.9263098688773799,0.21204634777704806,0.1652309300039523,-0.2639793798477747
1612467183880,2021-02-04T19:33:03.881Z,176.921,0.9262415574710753,0.21233397589036163,0.16508106057052044,-0.2640816224902076
1612467183895,2021-02-04T19:33:03.895Z,176.936,0.9261792173254515,0.21259247907947554,0.16492822171709534,-0.264187768290838
1612467183910,2021-02-04T19:33:03.911Z,176.951,0.926154331017113,0.21266676467245682,0.16483007643008632,-0.26427646177071035
1612467183940,2021-02-04T19:33:03.940Z,176.981,0.9261537782036247,0.21266839910825777,0.1648313370100253,-0.2642762976117413
1612467183955,2021-02-04T19:33:03.955Z,176.996,0.9261514785975884,0.21267031287072968,0.1648401732660861,-0.2642773051031308
1612467183970,2021-02-04T19:33:03.971Z,177.011,0.9261448888253306,0.21267318473801708,0.1648673003977299,-0.26428116591174255
1612467184001,2021-02-04T19:33:04.001Z,177.042,0.9261231193427119,0.21258685210960304,0.16488671624466217,-0.264414766862796
1612467184015,2021-02-04T19:33:04.016Z,177.056,0.9260508882497683,0.2124348181028362,0.16503652382488676,-0.2646963283334835
1612467184031,2021-02-04T19:33:04.031Z,177.072,0.9259297265339468,0.21231604187801142,0.16516931723152728,-0.2651323000452718
1612467184060,2021-02-04T19:33:04.060Z,177.101,0.9257628053455853,0.21239753151097718,0.16519648990859812,-0.2656325216696815
1612467184075,2021-02-04T19:33:04.075Z,177.116,0.9256739191543442,0.21241354847974406,0.1651811034638376,-0.2659388705664319
1612467184090,2021-02-04T19:33:04.091Z,177.131,0.9257057982334486,0.21225189214530976,0.16526824822054412,-0.26590283098873174
1612467184120,2021-02-04T19:33:04.121Z,177.161,0.92574724589854,0.21213806745971667,0.1653174323029959,-0.265818779664773
1612467184135,2021-02-04T19:33:04.135Z,177.176,0.9257833951079626,0.21215212499531702,0.16513665082065201,-0.26579403258554063
1612467184150,2021-02-04T19:33:04.150Z,177.191,0.9257507663062624,0.21234744423874605,0.16499261305956855,-0.26584115415867443
1612467184181,2021-02-04T19:33:04.181Z,177.222,0.9257356649395068,0.21250309258005817,0.1647840084638443,-0.26589874925901474
1612467184196,2021-02-04T19:33:04.196Z,177.237,0.9257341241775803,0.21253634344225092,0.16472180741599438,-0.2659160773833997
1612467184217,2021-02-04T19:33:04.217Z,177.258,0.9257434225708929,0.21247286042313904,0.1647647038425195,-0.2659078628360307
1612467184240,2021-02-04T19:33:04.241Z,177.281,0.9257630293540637,0.21234070121480308,0.1648529614447384,-0.2658904684107577
1612467184255,2021-02-04T19:33:04.255Z,177.296,0.9257622723355176,0.21230471448339222,0.16490954937969662,-0.26588675004913204
1612467184270,2021-02-04T19:33:04.270Z,177.311,0.9257546348964328,0.21231940094654153,0.16493269291419868,-0.26588725948707037
1612467184301,2021-02-04T19:33:04.301Z,177.342,0.925748308510031,0.21234056571532603,0.16494532382107008,-0.26588454936696543
1612467184315,2021-02-04T19:33:04.316Z,177.356,0.9257811172182553,0.21217764056382943,0.1650183910657416,-0.26585504030760726
1612467184330,2021-02-04T19:33:04.330Z,177.371,0.9258683619482344,0.21197172315438623,0.16510556639883647,-0.265661282219244
1612467184360,2021-02-04T19:33:04.361Z,177.401,0.9259356938263368,0.21187122002356057,0.16516703932722826,-0.26546850311090825
1612467184375,2021-02-04T19:33:04.375Z,177.416,0.9260244635872031,0.211711814877872,0.16522216218580657,-0.26525164919713007
1612467184391,2021-02-04T19:33:04.391Z,177.432,0.92613609475818,0.21143057732461012,0.1653302482078569,-0.2650187804397607
1612467184421,2021-02-04T19:33:04.421Z,177.462,0.9262485098939272,0.2111172366839471,0.16546172570381015,-0.2647935566084095
1612467184436,2021-02-04T19:33:04.436Z,177.477,0.9263707621623964,0.21074959688880568,0.1656081478530247,-0.2645671177349086
1612467184450,2021-02-04T19:33:04.450Z,177.491,0.9264820625104079,0.21040039588744527,0.1657989409315439,-0.2643357191959599
1612467184480,2021-02-04T19:33:04.481Z,177.521,0.9265647920221742,0.21016718913038024,0.1659030923329103,-0.2641658622008488
1612467184495,2021-02-04T19:33:04.496Z,177.536,0.9266082206840393,0.2099364543167789,0.16601040836490935,-0.26412957960852035
1612467184510,2021-02-04T19:33:04.511Z,177.551,0.9266659549748492,0.20964248565860602,0.1661315481129064,-0.2640843517117988
1612467184525,2021-02-04T19:33:04.525Z,177.566,0.9267332449204618,0.20929915015223943,0.16627299443134283,-0.26403153188128187
1612467184555,2021-02-04T19:33:04.556Z,177.596,0.926786121664595,0.20902886499526127,0.1663843219147773,-0.26398991592417115
1612467184570,2021-02-04T19:33:04.571Z,177.611,0.9268627651845862,0.2088017589907443,0.1664668350370401,-0.26384850348164696
1612467184586,2021-02-04T19:33:04.586Z,177.627,0.9269416368965442,0.20856384200174288,0.1665537064172974,-0.26370473730232474
1612467184616,2021-02-04T19:33:04.616Z,177.657,0.9270158328760738,0.20835638492627717,0.16662755071339735,-0.2635612296996402
1612467184630,2021-02-04T19:33:04.631Z,177.671,0.9270571719296032,0.20814383765169867,0.16671494548444332,-0.2635284989780584
1612467184645,2021-02-04T19:33:04.646Z,177.686,0.9271492944857532,0.2078760716144749,0.16681143579217453,-0.2633546458174924
1612467184675,2021-02-04T19:33:04.675Z,177.716,0.9272527696829576,0.2075479872394408,0.16693273321518887,-0.2631721806906035
1612467184690,2021-02-04T19:33:04.690Z,177.731,0.9273342769169404,0.2072297098718611,0.1670566766307785,-0.26305712876567117
1612467184706,2021-02-04T19:33:04.706Z,177.747,0.9273868366634277,0.2069576179252899,0.16716834052326807,-0.26301510506582604
1612467184735,2021-02-04T19:33:04.735Z,177.776,0.9274271090588888,0.20674879809974617,0.1672540280539685,-0.26298285489115947
1612467184750,2021-02-04T19:33:04.750Z,177.791,0.9274755520591549,0.20649723725079194,0.16735723824820606,-0.26294399811801994
1612467184765,2021-02-04T19:33:04.765Z,177.806,0.9275306445900743,0.20621071690394427,0.16747475765864264,-0.2628996940421605
1612467184796,2021-02-04T19:33:04.796Z,177.837,0.9275825856857072,0.2059401282186447,0.16758572217139303,-0.26285782477643405
1612467184811,2021-02-04T19:33:04.811Z,177.852,0.927631712019353,0.20568376929925794,0.1676908397546529,-0.26281814276277266
1612467184826,2021-02-04T19:33:04.826Z,177.867,0.9276965785018106,0.20534467421323646,0.1678298375958537,-0.2627656153701304
1612467184855,2021-02-04T19:33:04.856Z,177.896,0.9277716280016398,0.20512763701683787,0.1679077101704904,-0.2626203717771681
1612467184870,2021-02-04T19:33:04.870Z,177.911,0.9278632215244358,0.20490344394535645,0.16798347964637153,-0.26242326758030643
1612467184885,2021-02-04T19:33:04.885Z,177.926,0.9279495301840729,0.20464340812811002,0.16807783051296732,-0.26226053426111356
1612467184922,2021-02-04T19:33:04.922Z,177.963,0.9280172308572492,0.20428715626393776,0.16822358361953313,-0.2622052686958039
1612467184930,2021-02-04T19:33:04.930Z,177.971,0.9280874833433312,0.2039166053482893,0.16837513708978472,-0.2621477723244437
1612467184945,2021-02-04T19:33:04.945Z,177.986,0.9281580024040517,0.20354380251529566,0.16852757740778931,-0.26208986757216773
1612467184975,2021-02-04T19:33:04.976Z,178.016,0.9282109131120693,0.20326348576981543,0.16864216727206696,-0.26204632329064037
1612467184991,2021-02-04T19:33:04.991Z,178.032,0.9282619447884566,0.20299265245230744,0.16875284629151308,-0.2620042399970695
1612467185005,2021-02-04T19:33:05.006Z,178.046,0.9283230724264625,0.2026676483337271,0.16888563712023824,-0.26195369646954975
1612467185036,2021-02-04T19:33:05.036Z,178.077,0.9284260564625058,0.20230653764926948,0.16902184863485725,-0.2617799403886788
1612467185050,2021-02-04T19:33:05.051Z,178.091,0.9285294895248315,0.20205412353440805,0.1691069411544892,-0.261552978761225
1612467185065,2021-02-04T19:33:05.066Z,178.106,0.928650968605403,0.2018510394640203,0.16916308172209102,-0.2612420107062152
1612467185095,2021-02-04T19:33:05.096Z,178.136,0.9287636148934465,0.2016667761041456,0.16914985298220947,-0.2609923108099455
1612467185110,2021-02-04T19:33:05.111Z,178.151,0.9288185652577049,0.20151522781016934,0.1691397191268185,-0.26092037330751844
1612467185125,2021-02-04T19:33:05.126Z,178.166,0.9288182295045591,0.20141018769096886,0.16918883011854793,-0.2609708271003143
1612467185140,2021-02-04T19:33:05.140Z,178.181,0.9287627010054987,0.20140592259240558,0.16920603383082955,-0.2611605209079523
1612467185170,2021-02-04T19:33:05.170Z,178.211,0.9287044972622677,0.20138631557463038,0.1693624288121856,-0.2612812208539899
1612467185186,2021-02-04T19:33:05.186Z,178.227,0.9287436170330012,0.2011271895231052,0.16957060557145484,-0.2612067326489208
1612467185200,2021-02-04T19:33:05.201Z,178.241,0.9288361963579481,0.20061554816095772,0.16990426039940942,-0.26105414087791745
1612467185231,2021-02-04T19:33:05.231Z,178.272,0.9288698036567207,0.2002766534091292,0.17032211360745328,-0.26092245509011763
1612467185246,2021-02-04T19:33:05.246Z,178.287,0.9288820012065822,0.1999608439362126,0.17082626317562097,-0.2607916343294509
1612467185260,2021-02-04T19:33:05.261Z,178.301,0.9289346937744529,0.1996655378551967,0.1711963707069214,-0.26058743321951816
1612467185290,2021-02-04T19:33:05.290Z,178.331,0.9289934344593077,0.19939256363661662,0.1714923207256333,-0.2603923736019439
1612467185305,2021-02-04T19:33:05.305Z,178.346,0.9290397776658945,0.19908797323202018,0.1716762828116581,-0.26033886446100085
1612467185320,2021-02-04T19:33:05.321Z,178.361,0.9291617552099258,0.19866128995805274,0.17183381509533302,-0.26012547840839245
1612467185350,2021-02-04T19:33:05.350Z,178.391,0.9292855121622818,0.1982507310581342,0.17199531004602914,-0.2598897801806968
1612467185372,2021-02-04T19:33:05.372Z,178.413,0.9293665351762397,0.19793326525922314,0.17209102871471108,-0.2597786435299207
1612467185381,2021-02-04T19:33:05.381Z,178.422,0.929388153770856,0.19772079426966163,0.1721248868012324,-0.25984066365262465
1612467185411,2021-02-04T19:33:05.411Z,178.452,0.9293642975597458,0.19755889815702457,0.17211655765977146,-0.2600545611205719
1612467185425,2021-02-04T19:33:05.426Z,178.466,0.9293648340963803,0.1973191263739238,0.17218117463833457,-0.2601918726866817
1612467185441,2021-02-04T19:33:05.441Z,178.482,0.9294402194963395,0.1969048145375107,0.1723347883044567,-0.2601347595662732
1612467185471,2021-02-04T19:33:05.471Z,178.512,0.9294946744824215,0.1964990557783689,0.17260592906805328,-0.2600672306108188
1612467185485,2021-02-04T19:33:05.485Z,178.526,0.929535911515545,0.1961855982793475,0.17278915741024795,-0.2600348194226989
1612467185500,2021-02-04T19:33:05.500Z,178.541,0.929573877161909,0.1959090617489533,0.17294774421129375,-0.2600021619045618
1612467185530,2021-02-04T19:33:05.530Z,178.571,0.929638859622236,0.19561257740263127,0.17307649441086606,-0.25990736296729494
1612467185545,2021-02-04T19:33:05.546Z,178.586,0.9297290744400271,0.19533046550276995,0.17318306137539158,-0.2597257873989588
1612467185560,2021-02-04T19:33:05.560Z,178.601,0.9297951445748556,0.19517624356901045,0.17319899011644987,-0.25959455482339294
1612467185590,2021-02-04T19:33:05.591Z,178.631,0.9298000092252973,0.19518821362625222,0.17307656997730428,-0.2596497737933175
1612467185606,2021-02-04T19:33:05.606Z,178.647,0.9297655353044622,0.19542076179273418,0.1728970664671489,-0.25971788468915386
1612467185620,2021-02-04T19:33:05.621Z,178.661,0.929704304851765,0.19576226467521263,0.17274269130851092,-0.2597826088652223
1612467185651,2021-02-04T19:33:05.651Z,178.692,0.9296525733522988,0.19607004911729864,0.17259138996649784,-0.25983618071396636
1612467185665,2021-02-04T19:33:05.666Z,178.706,0.9296162699101733,0.1962966849909062,0.17246989474472438,-0.2598756194540388
1612467185680,2021-02-04T19:33:05.680Z,178.721,0.9296147770914966,0.19636703546451564,0.1723617819611356,-0.2598995377356154
1612467185695,2021-02-04T19:33:05.695Z,178.736,0.9296068189921517,0.1963928663977239,0.1723799742142874,-0.25989641898506427
1612467185725,2021-02-04T19:33:05.726Z,178.766,0.9295993203460869,0.19641306312216733,0.17239987268859222,-0.25989477898568486
1612467185740,2021-02-04T19:33:05.740Z,178.781,0.9295986074894986,0.1964162293247388,0.17238837157458684,-0.25990256473782375
1612467185755,2021-02-04T19:33:05.755Z,178.796,0.9295862865898695,0.19643071494006184,0.17243324196480084,-0.25990591966652365
1612467185785,2021-02-04T19:33:05.785Z,178.826,0.929580534498716,0.1964395670265337,0.17245282257899597,-0.2599068109381643
1612467185801,2021-02-04T19:33:05.801Z,178.842,0.9295777589115749,0.19644335064908758,0.1724625752858675,-0.2599074070673248
1612467185816,2021-02-04T19:33:05.816Z,178.857,0.9295752532497865,0.19644556852201542,0.17247218419470348,-0.25990831620547566
1612467185846,2021-02-04T19:33:05.846Z,178.887,0.9295909560408504,0.19651316604119845,0.17246007269508618,-0.25980907094543065
1612467185860,2021-02-04T19:33:05.861Z,178.901,0.929595709636198,0.19669372681693595,0.17236534685926017,-0.25971827363303696
1612467185875,2021-02-04T19:33:05.875Z,178.916,0.9296624733869653,0.19676362124355432,0.17221277532812446,-0.2595274994002337
1612467185906,2021-02-04T19:33:05.906Z,178.947,0.9298399469552087,0.19652137929102037,0.17219559166910609,-0.2590862766292653
1612467185920,2021-02-04T19:33:05.920Z,178.961,0.9300402411534603,0.1962389300151162,0.17248184933447186,-0.25839010010427343
1612467185935,2021-02-04T19:33:05.935Z,178.976,0.9301252263442614,0.19635010490275495,0.1728227363407057,-0.25777121915843315
1612467185965,2021-02-04T19:33:05.965Z,179.006,0.9305159863063895,0.1960869766723432,0.17240221611751202,-0.25684114289871446
1612467185980,2021-02-04T19:33:05.980Z,179.021,0.9311450440900331,0.1955544483289564,0.1722979556262593,-0.2550309375200187
1612467185995,2021-02-04T19:33:05.995Z,179.036,0.9319254146054428,0.194809494000553,0.17216826739608865,-0.25282873721464305
1612467186026,2021-02-04T19:33:06.026Z,179.067,0.9325465291960757,0.1942280442847825,0.17206620621616986,-0.2510491154655508
1612467186041,2021-02-04T19:33:06.041Z,179.082,0.93276214775713,0.19447969819271405,0.1723594409391527,-0.2498492461896166
1612467186056,2021-02-04T19:33:06.056Z,179.097,0.9328286452385703,0.19507233275534389,0.1727203804830496,-0.2488878739142438
1612467186085,2021-02-04T19:33:06.085Z,179.126,0.9329949652095076,0.195549625199918,0.17283651469754932,-0.2478069372819998
1612467186100,2021-02-04T19:33:06.100Z,179.141,0.933464059294496,0.19546759333756192,0.17292264072157984,-0.2460386764029969
1612467186115,2021-02-04T19:33:06.115Z,179.156,0.9339453037304042,0.19525770789122543,0.17336808510678206,-0.24405758381045167
1612467186145,2021-02-04T19:33:06.145Z,179.186,0.9340883979429703,0.19534750101180018,0.1742811685296337,-0.24278445784836603
1612467186160,2021-02-04T19:33:06.160Z,179.201,0.9339882401070758,0.19552689993142688,0.1750814261631143,-0.24244936163575018
1612467186175,2021-02-04T19:33:06.175Z,179.216,0.9337526771803052,0.1958151958000715,0.1757340663435667,-0.2426517769948269
1612467186206,2021-02-04T19:33:06.206Z,179.247,0.9335728011356879,0.1963247591864863,0.17598272774452653,-0.24275191749114808
1612467186227,2021-02-04T19:33:06.227Z,179.268,0.9335978103594936,0.19671333947731268,0.1758394806660609,-0.24244477227346595
1612467186235,2021-02-04T19:33:06.236Z,179.276,0.9336700142193453,0.19700992257473762,0.17576338571466243,-0.24198063392937488
1612467186265,2021-02-04T19:33:06.266Z,179.306,0.9336652973567447,0.19740057242034553,0.17575523701997345,-0.2416862080879136
1612467186280,2021-02-04T19:33:06.280Z,179.321,0.9336351117776789,0.19790877735894516,0.17570685791536086,-0.2414222317469527
1612467186295,2021-02-04T19:33:06.296Z,179.336,0.9335103111320393,0.19859063968155305,0.17595935717529332,-0.2411608622133623
1612467186310,2021-02-04T19:33:06.310Z,179.351,0.9332768645421725,0.19965723621978004,0.17631681166268157,-0.2409225270922521
1612467186340,2021-02-04T19:33:06.340Z,179.381,0.9330900386563284,0.20088367626253628,0.17633845135505644,-0.24061063763948745
1612467186355,2021-02-04T19:33:06.355Z,179.396,0.933134203755236,0.20169977097059513,0.1758857365775293,-0.24008741708192627
1612467186370,2021-02-04T19:33:06.370Z,179.411,0.9332650957371919,0.20210082388264425,0.17566011185024646,-0.2394056038804557
1612467186401,2021-02-04T19:33:06.401Z,179.442,0.9334731748388844,0.20216936289652593,0.17586849718175585,-0.23838131692995046
1612467186415,2021-02-04T19:33:06.416Z,179.456,0.9334678332845777,0.20271416868390743,0.17612418629458215,-0.23774995486825987
1612467186430,2021-02-04T19:33:06.431Z,179.471,0.9332176752936833,0.20396229488648276,0.17640634537764707,-0.23745516228247238
1612467186461,2021-02-04T19:33:06.461Z,179.502,0.9329051724196586,0.20527342755616665,0.17674082553409923,-0.23730452966918944
1612467186475,2021-02-04T19:33:06.475Z,179.516,0.9325080706478219,0.20637700026787212,0.17714585811300587,-0.23760592772596836
1612467186490,2021-02-04T19:33:06.490Z,179.531,0.9318728203512192,0.20787934915599374,0.17754222853799898,-0.23849104798903056
1612467186520,2021-02-04T19:33:06.520Z,179.561,0.9311955461955499,0.20974389644304225,0.17821484561157835,-0.23900171851704943
1612467186535,2021-02-04T19:33:06.536Z,179.576,0.93073746218261,0.2112178580982958,0.17886547348920753,-0.23900195669434243
1612467186550,2021-02-04T19:33:06.550Z,179.591,0.9302484727784261,0.21247610237434006,0.17968139914451497,-0.23917834269574773
1612467186580,2021-02-04T19:33:06.580Z,179.621,0.9298144313437909,0.21361651934325224,0.18027084558236492,-0.23940661678724737
1612467186595,2021-02-04T19:33:06.596Z,179.636,0.9294708933975669,0.21500895836176862,0.18029772601631658,-0.23947387361518413
1612467186611,2021-02-04T19:33:06.611Z,179.652,0.9294256106858545,0.21593442830455817,0.17989842537925993,-0.23911694507096987
1612467186641,2021-02-04T19:33:06.641Z,179.682,0.9295802687975006,0.21632878101654565,0.17929849761253636,-0.23860936930504076
1612467186656,2021-02-04T19:33:06.656Z,179.697,0.9296215233400512,0.21649197541836543,0.17925705641764317,-0.23833160857691266
1612467186670,2021-02-04T19:33:06.671Z,179.711,0.9295717896808009,0.21657895988677955,0.1794563454942496,-0.23829658416738167
1612467186703,2021-02-04T19:33:06.703Z,179.744,0.9295105862577487,0.2167342616512888,0.17961988454716865,-0.23827091080639437
1612467186715,2021-02-04T19:33:06.715Z,179.756,0.9295195712758796,0.21702005258979803,0.17947246284176466,-0.23808674568429367
1612467186730,2021-02-04T19:33:06.730Z,179.771,0.929633297112304,0.21710771809764587,0.17913696260219664,-0.2378153070603298
1612467186760,2021-02-04T19:33:06.761Z,179.801,0.9297233407124867,0.2170000034593228,0.17907234816982967,-0.23761018992040442
1612467186775,2021-02-04T19:33:06.775Z,179.816,0.9297031368907521,0.21701217783243026,0.179193018780045,-0.23758715021737994
1612467186790,2021-02-04T19:33:06.790Z,179.831,0.9296449211243405,0.21707143228656103,0.17949932196236765,-0.2375295925307624
1612467186821,2021-02-04T19:33:06.821Z,179.862,0.9296908650350443,0.21686129188831285,0.1796975048214605,-0.23739183286681195
1612467186842,2021-02-04T19:33:06.842Z,179.883,0.929869195490095,0.21645809058571192,0.17957112064857578,-0.23715688252210998
1612467186851,2021-02-04T19:33:06.851Z,179.892,0.9300681350715159,0.21589073099645648,0.17967680781967593,-0.23681364218756434
1612467186880,2021-02-04T19:33:06.881Z,179.921,0.9303129735088467,0.21521616202035893,0.17980714537074963,-0.2363665911248381
1612467186895,2021-02-04T19:33:06.895Z,179.936,0.930457600783308,0.21467041774827425,0.17999910607996228,-0.2361473834256188
1612467186910,2021-02-04T19:33:06.910Z,179.951,0.9305617977536725,0.21406799263297419,0.1800920518529506,-0.23621280225875974
1612467186925,2021-02-04T19:33:06.925Z,179.966,0.9305055950015628,0.21391479465754243,0.18009289535236875,-0.23657207641860342
1612467186955,2021-02-04T19:33:06.955Z,179.996,0.9304266274153284,0.21420404160021694,0.17968243086969274,-0.23693278286347025
1612467186970,2021-02-04T19:33:06.970Z,180.011,0.9303175715643327,0.21466984727851432,0.17923991517695062,-0.23727436759039436
1612467186985,2021-02-04T19:33:06.985Z,180.026,0.9302892710598146,0.21487649396383968,0.17906791237796157,-0.23732814255668302
1612467187016,2021-02-04T19:33:07.016Z,180.057,0.9302872711238186,0.21478773137751225,0.17924295367704587,-0.23728419077517293
1612467187030,2021-02-04T19:33:07.031Z,180.071,0.9303259813848084,0.21445084969874442,0.17960915819044648,-0.23716018156089969
1612467187046,2021-02-04T19:33:07.046Z,180.087,0.9304235290560695,0.2140650068260876,0.17975989651601068,-0.23701183311377036
1612467187076,2021-02-04T19:33:07.076Z,180.117,0.9305593203470932,0.21376961833796926,0.1797423584552011,-0.2367584975618758
1612467187090,2021-02-04T19:33:07.090Z,180.131,0.930731416789581,0.2134445940630957,0.17962615254569073,-0.23646327492389063
1612467187105,2021-02-04T19:33:07.105Z,180.146,0.930858439449874,0.21307325498005156,0.17956378699411416,-0.23634551004299553
1612467187135,2021-02-04T19:33:07.136Z,180.176,0.9308815811102149,0.21283827502768676,0.1796743451709459,-0.23638206429502373
1612467187150,2021-02-04T19:33:07.150Z,180.191,0.9309151988907263,0.2125821888987998,0.17978975451581844,-0.23639236368456615
1612467187165,2021-02-04T19:33:07.165Z,180.206,0.930889746222448,0.21250201042503844,0.17984710986781752,-0.2365210202400971
1612467187195,2021-02-04T19:33:07.196Z,180.236,0.9308452105721761,0.21251394707646168,0.17988673496472898,-0.23665540102975288
1612467187210,2021-02-04T19:33:07.211Z,180.251,0.9308443133235251,0.21244963901614095,0.18002887605345258,-0.2366085776595962
1612467187225,2021-02-04T19:33:07.226Z,180.266,0.9308535410069118,0.21230990437421526,0.1802453454639118,-0.23653288384091645
1612467187255,2021-02-04T19:33:07.256Z,180.296,0.9309279696745647,0.21207551762666804,0.18040043076981258,-0.2363319163359866
1612467187270,2021-02-04T19:33:07.271Z,180.311,0.9310493234086485,0.21173029604185115,0.18055119505097716,-0.23604809908997743
1612467187285,2021-02-04T19:33:07.286Z,180.326,0.9311857114437334,0.21131317217997256,0.18070487727574047,-0.23576611587551133
1612467187322,2021-02-04T19:33:07.322Z,180.363,0.9312781312705101,0.21105392397320374,0.18080569861034776,-0.23555590152412634
1612467187330,2021-02-04T19:33:07.330Z,180.371,0.9313310455707642,0.21083387055913763,0.18090929091547875,-0.23546420331247542
1612467187345,2021-02-04T19:33:07.345Z,180.386,0.9313624084229251,0.21070631500924394,0.180993396972094,-0.23538968381043315
1612467187375,2021-02-04T19:33:07.375Z,180.416,0.9313851614495002,0.2105571293726051,0.18108591495320345,-0.23536199291223173
1612467187390,2021-02-04T19:33:07.390Z,180.431,0.9314043905846832,0.2104301577416768,0.18116317728811548,-0.2353399947039665
1612467187405,2021-02-04T19:33:07.405Z,180.446,0.9313922779249962,0.2104549164284877,0.1811969995123262,-0.23533975469625787
1612467187435,2021-02-04T19:33:07.436Z,180.476,0.9314011678517405,0.2104462799993392,0.18124016360232706,-0.23527904891055537
1612467187451,2021-02-04T19:33:07.451Z,180.492,0.9314598116794471,0.21030974727841759,0.1813237924106661,-0.2351044698247791
1612467187466,2021-02-04T19:33:07.466Z,180.507,0.9314872122542196,0.21014831375339493,0.1814879819928481,-0.2350135571102894
1612467187495,2021-02-04T19:33:07.496Z,180.536,0.9314398834584995,0.21012784273608126,0.18169535843253515,-0.23505920516748605
1612467187510,2021-02-04T19:33:07.510Z,180.551,0.9314122417638706,0.2101338894685621,0.18174315219084677,-0.23512637244883852
1612467187525,2021-02-04T19:33:07.525Z,180.566,0.9314174044507232,0.2100822271962051,0.18179135466625038,-0.2351148227381025
1612467187540,2021-02-04T19:33:07.540Z,180.581,0.9314491291755648,0.20990564926959865,0.18187170974597497,-0.23508470676942397
1612467187570,2021-02-04T19:33:07.570Z,180.611,0.9314560016576461,0.20985302289167732,0.18190810257169243,-0.2350763024593139
1612467187592,2021-02-04T19:33:07.592Z,180.633,0.9314575150948337,0.20981893907718413,0.18195174785363852,-0.23506695180498813
1612467187600,2021-02-04T19:33:07.600Z,180.641,0.9314415536620645,0.20986661617724853,0.1819858182523721,-0.23506126325051013
1612467187630,2021-02-04T19:33:07.631Z,180.671,0.9314282036798305,0.20988953280723227,0.18205240879816198,-0.23504213634689564
1612467187646,2021-02-04T19:33:07.646Z,180.687,0.9314388811791247,0.20979621047202696,0.18214451382425842,-0.2350117800942803
1612467187661,2021-02-04T19:33:07.661Z,180.702,0.9314503266008954,0.2097054629866679,0.1822239762756552,-0.23498580880325892
1612467187690,2021-02-04T19:33:07.690Z,180.731,0.931461109759632,0.20961737367100103,0.18230428553856431,-0.23495936911496082
1612467187705,2021-02-04T19:33:07.705Z,180.746,0.9315334680809119,0.2093974222348212,0.18240938862878006,-0.2347869935636025
1612467187720,2021-02-04T19:33:07.721Z,180.761,0.9316220160348903,0.2091735302507418,0.18249900039545436,-0.23456548837411767
1612467187750,2021-02-04T19:33:07.750Z,180.791,0.9316760621013507,0.20916299941970487,0.18250284809137388,-0.23435713221408405
1612467187765,2021-02-04T19:33:07.765Z,180.806,0.9317942098068169,0.209232491745443,0.18217721537393824,-0.2340785704994808
1612467187780,2021-02-04T19:33:07.780Z,180.821,0.9319082142661175,0.20944506202548882,0.18185089789674327,-0.2336880337343429
1612467187810,2021-02-04T19:33:07.810Z,180.851,0.9320646900143071,0.20951723650561555,0.18154818258415253,-0.23323421411957265
1612467187826,2021-02-04T19:33:07.826Z,180.867,0.9321606757080962,0.2095117368018751,0.18147452995607802,-0.2329126483961483
1612467187840,2021-02-04T19:33:07.841Z,180.881,0.9321563841398369,0.20950987443096408,0.18149405019697834,-0.23291628918210713
1612467187871,2021-02-04T19:33:07.871Z,180.912,0.932127725424398,0.20963951058338845,0.18146040978183609,-0.232940547735476
1612467187886,2021-02-04T19:33:07.886Z,180.927,0.9321271434550692,0.2096407373362939,0.1814620062138492,-0.23294052885711578
1612467187900,2021-02-04T19:33:07.901Z,180.941,0.9321846341508142,0.2094635179140315,0.18170127047934562,-0.23268324138704655
1612467187930,2021-02-04T19:33:07.930Z,180.971,0.9322596258994047,0.20933744652955075,0.1818327045188379,-0.23239339699258732
1612467187945,2021-02-04T19:33:07.945Z,180.986,0.9322901871969748,0.20939844602496582,0.18175825759702796,-0.23227404817123165
1612467187960,2021-02-04T19:33:07.960Z,181.001,0.9322659261803242,0.20969658833813853,0.1813899762761748,-0.23239031870759186
1612467187990,2021-02-04T19:33:07.990Z,181.031,0.9322103812536412,0.21024509294271157,0.18095856399544635,-0.23245387519496677
1612467188005,2021-02-04T19:33:08.005Z,181.046,0.9322422968389518,0.2106542331671389,0.18056560387676132,-0.23226096686662792
1612467188020,2021-02-04T19:33:08.020Z,181.061,0.9323127291754775,0.21105434597038897,0.1801191253076789,-0.23196150276022304
1612467188050,2021-02-04T19:33:08.051Z,181.091,0.9324495165416811,0.21114473994875102,0.17984958456919592,-0.23153817141768948
1612467188066,2021-02-04T19:33:08.066Z,181.107,0.9324729163704362,0.21136121625610105,0.1798246263662066,-0.2312656486610352
1612467188081,2021-02-04T19:33:08.081Z,181.122,0.9323595456149264,0.21175777865898007,0.17976499181107472,-0.23140628469708174
1612467188110,2021-02-04T19:33:08.110Z,181.151,0.9321537971033024,0.2126568136063921,0.17941343178335592,-0.23168340179734603
1612467188125,2021-02-04T19:33:08.125Z,181.166,0.9320169301424623,0.21351705593057668,0.17899106820196353,-0.2317695110632098
1612467188140,2021-02-04T19:33:08.140Z,181.181,0.9318691258432968,0.21426091904566785,0.17887671704169159,-0.23176563802717198
1612467188155,2021-02-04T19:33:08.155Z,181.196,0.9315653680194468,0.21485772593979016,0.17933543175927888,-0.2320795674472174
1612467188185,2021-02-04T19:33:08.185Z,181.226,0.9311696816549934,0.21548377377685826,0.1799168067815822,-0.2326364327506353
1612467188207,2021-02-04T19:33:08.207Z,181.248,0.9309244561454783,0.21618352997393656,0.18003628061243337,-0.23287609577089455
1612467188215,2021-02-04T19:33:08.215Z,181.256,0.9309067818864853,0.21671297451273505,0.17975673270576778,-0.23267051201761102
1612467188245,2021-02-04T19:33:08.245Z,181.286,0.9309275998669333,0.21709014941131785,0.179365519989774,-0.23253748315779182
1612467188260,2021-02-04T19:33:08.260Z,181.301,0.9308454095939172,0.217324536876479,0.1793555672866283,-0.23265521613032478
1612467188276,2021-02-04T19:33:08.276Z,181.317,0.930713711888339,0.21756485116406055,0.17953479292321378,-0.23281920060641262
1612467188305,2021-02-04T19:33:08.305Z,181.346,0.9306467468694225,0.21805995049244611,0.1794066209066705,-0.2327224847483442
1612467188320,2021-02-04T19:33:08.320Z,181.361,0.9306650092824043,0.21846928979502003,0.1793819132972496,-0.232284177454384
1612467188335,2021-02-04T19:33:08.335Z,181.376,0.9306558330645502,0.21853570092577815,0.17951807233965578,-0.23215324573923393
1612467188365,2021-02-04T19:33:08.365Z,181.406,0.930504934059581,0.21856169766400566,0.17993282072551217,-0.23241241797882334
1612467188380,2021-02-04T19:33:08.380Z,181.421,0.9303190731380582,0.2187047389561611,0.18020326003560674,-0.23281203660077618
1612467188395,2021-02-04T19:33:08.395Z,181.436,0.9302447500343111,0.21891777000085122,0.18009921772959753,-0.2329892417787648
1612467188425,2021-02-04T19:33:08.425Z,181.466,0.9302922637419183,0.2191322951835199,0.17967247236945486,-0.23292733609902327
1612467188441,2021-02-04T19:33:08.441Z,181.482,0.9303449971484846,0.21926838709877194,0.17936025317202972,-0.23282925134517532
1612467188456,2021-02-04T19:33:08.456Z,181.497,0.9303348680053751,0.21925526598703826,0.1793388685157552,-0.23289854432748797
1612467188485,2021-02-04T19:33:08.485Z,181.526,0.9302503889842325,0.21922157064045042,0.1795569645029682,-0.23309957798996106
1612467188500,2021-02-04T19:33:08.500Z,181.541,0.9301399151052402,0.21923382765989655,0.17978603977933794,-0.2333521952715882
1612467188515,2021-02-04T19:33:08.515Z,181.556,0.9300418420735869,0.2193165010118276,0.17992985918981738,-0.23355446933902008
1612467188545,2021-02-04T19:33:08.545Z,181.586,0.9299722258866564,0.21955304356455765,0.17987607906056616,-0.23365084276063336
1612467188560,2021-02-04T19:33:08.560Z,181.601,0.9299035014417647,0.21983331614119944,0.17985361711184586,-0.23367812805758037
1612467188575,2021-02-04T19:33:08.575Z,181.616,0.9298278768650879,0.2201040551177684,0.17988839752475003,-0.23369742994148388
1612467188605,2021-02-04T19:33:08.605Z,181.646,0.9297654865955657,0.22024462072581666,0.1800702635056067,-0.23367316315330997
1612467188620,2021-02-04T19:33:08.620Z,181.661,0.9297010876468981,0.22034673717947598,0.18034152753151095,-0.2336239210571871
1612467188635,2021-02-04T19:33:08.635Z,181.676,0.9296620870672885,0.22040939001807447,0.1805048380929083,-0.23359389565356123
1612467188666,2021-02-04T19:33:08.666Z,181.707,0.9296565970429723,0.22042605944058338,0.18051550439166478,-0.23359177333159575
1612467188681,2021-02-04T19:33:08.681Z,181.722,0.929647935417051,0.22044871321935522,0.1805349544898858,-0.23358983544255532
1612467188695,2021-02-04T19:33:08.696Z,181.736,0.9296380579278969,0.2204733443304986,0.18055805437077715,-0.2335880448430808
1612467188710,2021-02-04T19:33:08.710Z,181.751,0.9296031392510958,0.22053545599961344,0.1806854747279175,-0.23356985114499976
1612467188740,2021-02-04T19:33:08.740Z,181.781,0.9295911216842463,0.2205554397407571,0.18072092522958294,-0.23357138452890486
1612467188755,2021-02-04T19:33:08.755Z,181.796,0.9295692548491665,0.2206226691296762,0.18073621557849612,-0.23358308732360378
1612467188770,2021-02-04T19:33:08.771Z,181.811,0.9295435855245127,0.22074157443262998,0.18068439750135706,-0.23361298856615045
1612467188800,2021-02-04T19:33:08.800Z,181.841,0.9294988317847412,0.22085989455648167,0.18067478090985722,-0.23368665394171753
1612467188815,2021-02-04T19:33:08.815Z,181.856,0.9294495517216377,0.221013166472407,0.18064653723036184,-0.23375957656739188
1612467188830,2021-02-04T19:33:08.830Z,181.871,0.929403009409042,0.22120733868506726,0.18061785579447298,-0.23378312509993776
1612467188860,2021-02-04T19:33:08.861Z,181.901,0.9293914564106742,0.22125594465860957,0.18063001394464345,-0.23377366354324403
1612467188875,2021-02-04T19:33:08.876Z,181.916,0.9293449071982854,0.22145578107319183,0.18050426559872998,-0.2338666085496948
1612467188890,2021-02-04T19:33:08.891Z,181.931,0.9294265647103613,0.22142874586247338,0.18048463868773518,-0.2335826759719694
1612467188920,2021-02-04T19:33:08.921Z,181.961,0.9295153417955389,0.22145902969714326,0.18039536045278404,-0.23326946105187615
1612467188935,2021-02-04T19:33:08.935Z,181.976,0.929600605861595,0.2215293394157626,0.18023847369395884,-0.23298402941026547
1612467188950,2021-02-04T19:33:08.950Z,181.991,0.9295716468960246,0.22177724662422352,0.1801509365057861,-0.23293141961289604
1612467188980,2021-02-04T19:33:08.981Z,182.021,0.9294414730896903,0.22214750409789935,0.18001934147222595,-0.23319963812117392
1612467188995,2021-02-04T19:33:08.995Z,182.036,0.9292740292537283,0.22239054924747448,0.1801599063937076,-0.2335265087482746
1612467189010,2021-02-04T19:33:09.010Z,182.051,0.929140202811118,0.2225066024950347,0.1804674455295511,-0.23371092501265223
1612467189040,2021-02-04T19:33:09.040Z,182.081,0.92908015051144,0.22255977614444672,0.1807867651748755,-0.2336522319726015
1612467189056,2021-02-04T19:33:09.056Z,182.097,0.929138518789874,0.22254788951862425,0.180665475979302,-0.2335252353835397
1612467189071,2021-02-04T19:33:09.071Z,182.112,0.9292657604371055,0.22247051802664594,0.18031609917741293,-0.23336263511034708
1612467189101,2021-02-04T19:33:09.101Z,182.142,0.9293537997399784,0.22240833027507456,0.18017175957676487,-0.23318273217399643
1612467189115,2021-02-04T19:33:09.116Z,182.156,0.9293752750092209,0.22228454467757353,0.18027554215057176,-0.2331349572701105
1612467189130,2021-02-04T19:33:09.130Z,182.171,0.9293860612666482,0.2219439564750784,0.18048676004803807,-0.23325299302434796
1612467189160,2021-02-04T19:33:09.160Z,182.201,0.9293633955998785,0.2214730947294794,0.18069437635327645,-0.23362981313246703
1612467189175,2021-02-04T19:33:09.175Z,182.216,0.9292469837010947,0.22122701093411623,0.18074111066100337,-0.23428893237325693
1612467189190,2021-02-04T19:33:09.190Z,182.231,0.9290483695571563,0.22138898866422554,0.1805727786630379,-0.23505215235630206
1612467189220,2021-02-04T19:33:09.220Z,182.261,0.9289232939732923,0.22168719356901945,0.18033227797037116,-0.23544972211348525
1612467189235,2021-02-04T19:33:09.235Z,182.276,0.9289838446537374,0.22172335398811174,0.18011641861273758,-0.23534197758739078
1612467189250,2021-02-04T19:33:09.251Z,182.291,0.9292447459540141,0.2212944987680937,0.18000714958631858,-0.23479857970108522
1612467189280,2021-02-04T19:33:09.281Z,182.321,0.9295372351246272,0.22060917921089265,0.18013254951306532,-0.23418877678207256
1612467189295,2021-02-04T19:33:09.296Z,182.336,0.9295311534715605,0.2202838505729776,0.18049525006150519,-0.23423988688480646
1612467189310,2021-02-04T19:33:09.311Z,182.351,0.9293358373210047,0.2202864319311184,0.1807800220019465,-0.23479219114548863
1612467189325,2021-02-04T19:33:09.325Z,182.366,0.9289820622073178,0.22088408726491898,0.1807275180654913,-0.23566949803500334
1612467189355,2021-02-04T19:33:09.355Z,182.396,0.9287318565635776,0.2215081225685706,0.180444340227741,-0.23628611960902954
1612467189370,2021-02-04T19:33:09.370Z,182.411,0.9287100860339524,0.2216269823873234,0.18024484094732202,-0.23641246601770452
1612467189385,2021-02-04T19:33:09.385Z,182.426,0.9288045693658104,0.22151272515194623,0.18025854880077952,-0.236137756627751
1612467189415,2021-02-04T19:33:09.416Z,182.456,0.9289101003219401,0.22141270230589147,0.18027132891398462,-0.23580646460407287
1612467189430,2021-02-04T19:33:09.430Z,182.471,0.9290010034449796,0.22138737054353577,0.18019127070829047,-0.23553316904965158
1612467189445,2021-02-04T19:33:09.445Z,182.486,0.9290378233439577,0.22143722495320378,0.1799937198929518,-0.23549212088824367
1612467189475,2021-02-04T19:33:09.475Z,182.516,0.928944545867111,0.22168688836601028,0.17980580626224196,-0.2357685862550992
1612467189490,2021-02-04T19:33:09.490Z,182.531,0.9288646031556029,0.22172980135340675,0.17987527376147275,-0.23599010590615513
1612467189505,2021-02-04T19:33:09.505Z,182.546,0.9287611064723653,0.2216204712975591,0.18016549653149666,-0.23627858063234308
1612467189535,2021-02-04T19:33:09.535Z,182.576,0.9286235965497543,0.22161007703691488,0.18040954657493494,-0.23664231487905535
1612467189550,2021-02-04T19:33:09.551Z,182.591,0.9286099810207601,0.22136462130569254,0.1804558389412469,-0.23689005419143686
1612467189565,2021-02-04T19:33:09.565Z,182.606,0.9286707465029975,0.22103954578139548,0.18018932253973452,-0.23715811568021708
1612467189595,2021-02-04T19:33:09.596Z,182.636,0.9286401328925725,0.22091493228398862,0.17975697608641747,-0.23772152999569274
1612467189611,2021-02-04T19:33:09.611Z,182.652,0.9283748620073355,0.22118021121849296,0.17961324547866056,-0.23861792012928526
1612467189625,2021-02-04T19:33:09.626Z,182.666,0.928039386469886,0.2214129427846884,0.18004040660351997,-0.23938391323992744
1612467189655,2021-02-04T19:33:09.655Z,182.696,0.927968933904474,0.22107285375593377,0.18083728426904844,-0.2393706908930093
1612467189670,2021-02-04T19:33:09.670Z,182.711,0.9279118642280215,0.22082380853015,0.18147340119304153,-0.23934039038688587
1612467189692,2021-02-04T19:33:09.692Z,182.733,0.9278557338662886,0.22096068457334678,0.18134012795236848,-0.23953260946799595
1612467189715,2021-02-04T19:33:09.715Z,182.756,0.927666173603722,0.2215875470723701,0.18063970657604939,-0.24021599809754146
1612467189730,2021-02-04T19:33:09.730Z,182.771,0.9273682278465726,0.22231055232850283,0.18007332864011538,-0.2411219289417134
1612467189745,2021-02-04T19:33:09.745Z,182.786,0.9271065016945058,0.22285712006470257,0.17968706301318135,-0.24191072307349093
1612467189775,2021-02-04T19:33:09.775Z,182.816,0.9269387369271452,0.22321290488458537,0.1795363891595483,-0.24233708351064379
1612467189790,2021-02-04T19:33:09.791Z,182.831,0.9269594017339696,0.2232887632836882,0.1793996068051808,-0.2422894484008514
1612467189805,2021-02-04T19:33:09.805Z,182.846,0.9270443933912014,0.22310006361438575,0.17966754443197033,-0.2419393059735902
1612467189835,2021-02-04T19:33:09.835Z,182.876,0.9270881983589022,0.22274870502510238,0.180209998609274,-0.24169162847423994
1612467189850,2021-02-04T19:33:09.850Z,182.891,0.9269542641289066,0.22252758009581367,0.1807648313482941,-0.24199451245340628
1612467189865,2021-02-04T19:33:09.865Z,182.906,0.9267181444430365,0.22249097105385918,0.1809562086450265,-0.2427881774559543
1612467189895,2021-02-04T19:33:09.895Z,182.936,0.9266697801662716,0.2224231524462746,0.1807660104306717,-0.24317629254397596
1612467189910,2021-02-04T19:33:09.910Z,182.951,0.9266718313707072,0.22249219811566565,0.18049134143328818,-0.24330929778644173
1612467189925,2021-02-04T19:33:09.925Z,182.966,0.9267293907968227,0.22227077966182732,0.18049585708520308,-0.24328909206323082
1612467189940,2021-02-04T19:33:09.940Z,182.981,0.9266914452749871,0.22206382710965278,0.18076057645577806,-0.2434260379313282
1612467189970,2021-02-04T19:33:09.970Z,183.011,0.9265070300963367,0.22209266416561046,0.18124876952547356,-0.24373849768017522
1612467189985,2021-02-04T19:33:09.986Z,183.026,0.9262983342638478,0.22221913373404048,0.18184383767608076,-0.24397309532353967
1612467190000,2021-02-04T19:33:10.000Z,183.041,0.9261793323720671,0.22225494094558956,0.18245996126837657,-0.2439322611834009
1612467190030,2021-02-04T19:33:10.031Z,183.071,0.9260732114907234,0.22241983158252196,0.18290189350084873,-0.24385389648694356
1612467190045,2021-02-04T19:33:10.045Z,183.086,0.9258745547087365,0.22259659404497445,0.18339241937132986,-0.24407844185754357
1612467190060,2021-02-04T19:33:10.060Z,183.101,0.925510186749604,0.2227176669785515,0.18423733813448734,-0.24471276688285531
1612467190090,2021-02-04T19:33:10.090Z,183.131,0.9249732290605237,0.22296120488106969,0.18522149919297531,-0.2457759607366768
1612467190105,2021-02-04T19:33:10.105Z,183.146,0.9244707828073022,0.22300418991521773,0.18618149284843988,-0.24689948306271892
1612467190127,2021-02-04T19:33:10.127Z,183.168,0.9240865888926652,0.22322649661820412,0.186427009831254,-0.24794934450741943
1612467190150,2021-02-04T19:33:10.150Z,183.191,0.9237817774308865,0.2234774821107294,0.18645287520145534,-0.2488380356882592
1612467190165,2021-02-04T19:33:10.165Z,183.206,0.9236193996221685,0.22360636172154608,0.18647236266869865,-0.24930996289757718
1612467190180,2021-02-04T19:33:10.180Z,183.221,0.9235806649733689,0.2236287631911332,0.1865076027419034,-0.2494069880344617
1612467190210,2021-02-04T19:33:10.210Z,183.251,0.9235648447180731,0.22371339856038847,0.18647125160674102,-0.24941685033224575
1612467190225,2021-02-04T19:33:10.226Z,183.266,0.9234475591908509,0.22407349316040312,0.18636923464934912,-0.24960405337968877
1612467190241,2021-02-04T19:33:10.241Z,183.282,0.9230484865696825,0.22462967508479267,0.1868349574096742,-0.2502312914134531
1612467190270,2021-02-04T19:33:10.270Z,183.311,0.9226298992366567,0.22522303706921165,0.18695309022072656,-0.25115173633641863
1612467190285,2021-02-04T19:33:10.285Z,183.326,0.9222463807722455,0.22574389143239434,0.1869421338181936,-0.2520990821818959
1612467190300,2021-02-04T19:33:10.301Z,183.341,0.9220684426171998,0.22597435242386146,0.18666206089157142,-0.25275018140412775
1612467190330,2021-02-04T19:33:10.330Z,183.371,0.9221172187291932,0.22594389395105208,0.1862033807368019,-0.252937724967152
1612467190345,2021-02-04T19:33:10.345Z,183.386,0.9223139580073915,0.22570820220951324,0.18580431396753946,-0.2527242118023939
1612467190360,2021-02-04T19:33:10.360Z,183.401,0.9226045574414241,0.22534615599983496,0.18539869095067063,-0.2522840977116667
1612467190397,2021-02-04T19:33:10.397Z,183.438,0.9229057810593906,0.2250191235864314,0.18487582338549813,-0.25185758522443735
1612467190405,2021-02-04T19:33:10.405Z,183.446,0.9231870047715584,0.22480797153202228,0.1842047371190858,-0.25150694817333485
1612467190420,2021-02-04T19:33:10.421Z,183.461,0.9234391987821623,0.22474138654184592,0.18337428187734078,-0.25124734441139185
1612467190450,2021-02-04T19:33:10.450Z,183.491,0.9236860608497124,0.22467171601524225,0.18268727790799108,-0.25090245017790597
1612467190465,2021-02-04T19:33:10.465Z,183.506,0.923836972166019,0.22470060560027114,0.1821151255617497,-0.2507368495925994
1612467190480,2021-02-04T19:33:10.480Z,183.521,0.9238993743410492,0.2247974020378874,0.18173263978802393,-0.2506976700428444
1612467190511,2021-02-04T19:33:10.511Z,183.552,0.9239048844760022,0.22491647429976336,0.18146450227896793,-0.2507647870866148
1612467190525,2021-02-04T19:33:10.525Z,183.566,0.9239498892647046,0.22511110396284054,0.18118341153529602,-0.25062754115380664
1612467190540,2021-02-04T19:33:10.540Z,183.581,0.9240364553561076,0.2254298718182741,0.18081676134410232,-0.2502864376708152
1612467190555,2021-02-04T19:33:10.555Z,183.596,0.9239815935474238,0.2260316049657307,0.18062107862627372,-0.2500874932859712
1612467190585,2021-02-04T19:33:10.586Z,183.626,0.92374371103647,0.22697703834183508,0.1804339197645359,-0.2502450418780453
1612467190600,2021-02-04T19:33:10.601Z,183.641,0.923265106454384,0.22859795353558204,0.1802889408313254,-0.2506400140780354
1612467190615,2021-02-04T19:33:10.615Z,183.656,0.922489529349165,0.23134137345810912,0.18028787931019588,-0.25097911813835033
1612467190645,2021-02-04T19:33:10.646Z,183.686,0.9219586142364234,0.23411273428012186,0.18023084456287927,-0.2504004471866812
1612467190660,2021-02-04T19:33:10.660Z,183.701,0.9219773040380476,0.23595888915153623,0.18032021419461972,-0.24852741060477274
1612467190675,2021-02-04T19:33:10.675Z,183.716,0.9222740173679527,0.23618062814782528,0.18056122101834396,-0.2470364208776526
1612467190705,2021-02-04T19:33:10.705Z,183.746,0.9225348109104674,0.2357125640255649,0.18073370343416215,-0.2463827069050396
1612467190720,2021-02-04T19:33:10.720Z,183.761,0.9224445585605061,0.23585024981175087,0.1810445070154265,-0.24636067568787962
1612467190735,2021-02-04T19:33:10.735Z,183.776,0.9220750005826697,0.23682759403277198,0.18079115577913685,-0.2469917852827536
1612467190765,2021-02-04T19:33:10.765Z,183.806,0.9216504754382073,0.23780563695011633,0.1804940709877302,-0.24785231590112716
1612467190780,2021-02-04T19:33:10.780Z,183.821,0.9215154312579156,0.23828811155026713,0.1798660157646144,-0.2483471405519072
1612467190795,2021-02-04T19:33:10.795Z,183.836,0.9215206225183743,0.2385365324039786,0.17929998964566826,-0.24849864928223794
1612467190825,2021-02-04T19:33:10.825Z,183.866,0.9214781956042607,0.23877571647630938,0.17911260825437142,-0.24856139243948797
1612467190841,2021-02-04T19:33:10.841Z,183.882,0.9214126957400939,0.23907046382677363,0.17900852086789096,-0.24859587066424604
1612467190856,2021-02-04T19:33:10.856Z,183.897,0.9213716523185499,0.23937160166602783,0.178957067466158,-0.24849523662142708
1612467190885,2021-02-04T19:33:10.885Z,183.926,0.9214659001232703,0.23954537233505804,0.1787201885761249,-0.2481485516745645
1612467190900,2021-02-04T19:33:10.900Z,183.941,0.9216633952962644,0.23952638375111612,0.1783043886465071,-0.24773219864900634
1612467190915,2021-02-04T19:33:10.915Z,183.956,0.9218667316060566,0.23931615831971087,0.17804808535758176,-0.24736286064314772
1612467190945,2021-02-04T19:33:10.945Z,183.986,0.9220502818851578,0.23900963487780785,0.1778958693263341,-0.2470844628618032
1612467190960,2021-02-04T19:33:10.960Z,184.001,0.9222208027137869,0.2385944386089353,0.17776166330158472,-0.24694589684195933
1612467190975,2021-02-04T19:33:10.975Z,184.016,0.9223689929861034,0.23814564475112682,0.1775634333786061,-0.24696825664581418
1612467191005,2021-02-04T19:33:11.006Z,184.046,0.9224652874172273,0.2378939113644002,0.1773563980590634,-0.2469999767480031
1612467191020,2021-02-04T19:33:11.020Z,184.061,0.9224773014513282,0.23787632625817995,0.17730194103487035,-0.24701114027155605
1612467191035,2021-02-04T19:33:11.035Z,184.076,0.9224050894333239,0.23780098702819874,0.17765036503413428,-0.24710299342410916
1612467191065,2021-02-04T19:33:11.065Z,184.106,0.9222250591361913,0.2378118083061337,0.1780080199850778,-0.24750682607234734
1612467191080,2021-02-04T19:33:11.080Z,184.121,0.9219591454521768,0.23819772946158882,0.1778747236245904,-0.24822118864414316
1612467191095,2021-02-04T19:33:11.095Z,184.136,0.9215861344504306,0.2387736989590771,0.1779169064830473,-0.2490214686761279
1612467191125,2021-02-04T19:33:11.125Z,184.166,0.921200697939198,0.23932437231079817,0.17803086776686175,-0.24983620445514945
1612467191140,2021-02-04T19:33:11.140Z,184.181,0.920928022886563,0.23971835552321327,0.17803870825745202,-0.2504573916847144
1612467191155,2021-02-04T19:33:11.155Z,184.196,0.9207622603955193,0.24008081722107832,0.17798114937121556,-0.25076038662893746
1612467191170,2021-02-04T19:33:11.170Z,184.211,0.9206688053869624,0.24054103725722337,0.1778591324652119,-0.25074905619221116
1612467191200,2021-02-04T19:33:11.200Z,184.241,0.9205598307033086,0.2410906458494839,0.17769672768063408,-0.25073645836010616
1612467191215,2021-02-04T19:33:11.216Z,184.256,0.9203985629627885,0.24167251516733132,0.17746951368809397,-0.2509291780962134
1612467191230,2021-02-04T19:33:11.230Z,184.271,0.9201436645102211,0.24212865372220035,0.17739300047298098,-0.2514777825008988
1612467191260,2021-02-04T19:33:11.260Z,184.301,0.9198465815159296,0.24252899497460403,0.177282202158744,-0.2522557707324321
1612467191275,2021-02-04T19:33:11.275Z,184.316,0.9195950853519732,0.2429926812433138,0.17690785182314478,-0.25298823652890023
1612467191290,2021-02-04T19:33:11.290Z,184.331,0.9193732264090915,0.2435520600973738,0.17645686789964582,-0.25357097301447884
1612467191320,2021-02-04T19:33:11.320Z,184.361,0.9192218559441552,0.24402542443961914,0.17612980736420766,-0.2538918327546078
1612467191335,2021-02-04T19:33:11.335Z,184.376,0.9192282515752952,0.24427631323651766,0.17583708523487535,-0.2538303050337051
1612467191350,2021-02-04T19:33:11.350Z,184.391,0.9194272260359071,0.24411219073337537,0.17556221254263973,-0.2534575386261029
1612467191380,2021-02-04T19:33:11.380Z,184.421,0.9197103841992971,0.2437111130450316,0.17527140317130738,-0.25301707018439323
1612467191395,2021-02-04T19:33:11.395Z,184.436,0.9199010719961828,0.24342273284119095,0.17498203832288586,-0.252801655731856
1612467191410,2021-02-04T19:33:11.410Z,184.451,0.9199959506228329,0.243243256585486,0.1747579697980103,-0.2527841390502078
1612467191440,2021-02-04T19:33:11.441Z,184.481,0.9198895631630856,0.24329618576841702,0.17481012951107597,-0.253084128689431
1612467191456,2021-02-04T19:33:11.456Z,184.497,0.9196472618440141,0.2434142715904233,0.17481484914159687,-0.25384675433913234
1612467191470,2021-02-04T19:33:11.470Z,184.511,0.9193705564120233,0.2436681492910887,0.17459382085993783,-0.25475598273883665
1612467191500,2021-02-04T19:33:11.501Z,184.541,0.9191595858658139,0.2438186599341348,0.17433092726203833,-0.2555520388861458
1612467191515,2021-02-04T19:33:11.515Z,184.556,0.9191610758288783,0.24364965029640254,0.17404722989287288,-0.2559010089041404
1612467191530,2021-02-04T19:33:11.530Z,184.571,0.919194748414248,0.2434695547219589,0.1738008030999843,-0.2561188615720426
1612467191560,2021-02-04T19:33:11.560Z,184.601,0.9191468087524496,0.24338378421271809,0.17370797952155742,-0.2564352070075856
1612467191576,2021-02-04T19:33:11.576Z,184.617,0.9189313843729949,0.2436017768000291,0.1736920264749155,-0.25701043771262866
1612467191590,2021-02-04T19:33:11.590Z,184.631,0.9186002424134505,0.2441580397175609,0.17364228226018535,-0.2576990572173329
1612467191620,2021-02-04T19:33:11.621Z,184.661,0.9182707224118861,0.24486737798718852,0.17356202002476165,-0.2582538920592609
1612467191635,2021-02-04T19:33:11.635Z,184.676,0.9181315483684876,0.24533364393549492,0.17340319946780713,-0.25841283532004145
1612467191650,2021-02-04T19:33:11.650Z,184.691,0.9181635622096185,0.24544206066636368,0.17333254624841773,-0.2582434825846205
1612467191681,2021-02-04T19:33:11.681Z,184.722,0.9182810567769343,0.245430958821231,0.17332238927073437,-0.2578427710722417
1612467191695,2021-02-04T19:33:11.695Z,184.736,0.9184962584605174,0.24492291773539523,0.1735027394553369,-0.25743773414848214
1612467191711,2021-02-04T19:33:11.711Z,184.752,0.9186363664986917,0.24441997869908072,0.1737204494892968,-0.2572689363060737
1612467191740,2021-02-04T19:33:11.740Z,184.781,0.9186268279131747,0.24411141742745296,0.17392587451037217,-0.25745709758237495
1612467191755,2021-02-04T19:33:11.755Z,184.796,0.9184176129770502,0.24431197617651784,0.17380992403840592,-0.25809079173040117
1612467191770,2021-02-04T19:33:11.770Z,184.811,0.9181135819371911,0.2448365376287788,0.17352015385566802,-0.2588692270439218
1612467191786,2021-02-04T19:33:11.786Z,184.827,0.9178560249373392,0.245348898022892,0.1733726939767735,-0.2593957299348149
1612467191815,2021-02-04T19:33:11.815Z,184.856,0.9177886138548467,0.24560333067244935,0.17332675123890853,-0.2594241730177898
1612467191830,2021-02-04T19:33:11.830Z,184.871,0.917821978221871,0.24576781292708874,0.17352955884496568,-0.2590144602700761
1612467191845,2021-02-04T19:33:11.845Z,184.886,0.9178614737286754,0.24613132379795305,0.17381333576676336,-0.25833817139501836
1612467191875,2021-02-04T19:33:11.875Z,184.916,0.9178685287082956,0.246621397057036,0.17407833376674126,-0.257666420461611
1612467191890,2021-02-04T19:33:11.890Z,184.931,0.9179411742240663,0.24680363479232117,0.17426159340978342,-0.25710866103599916
1612467191905,2021-02-04T19:33:11.905Z,184.946,0.9180672588315507,0.24677633349643346,0.17429770136962988,-0.25665981529028425
1612467191935,2021-02-04T19:33:11.935Z,184.976,0.9181629007678136,0.24687363390863523,0.17425739088703365,-0.25625116244735946
1612467191950,2021-02-04T19:33:11.950Z,184.991,0.9182459504709983,0.24701092554926543,0.17425032438841268,-0.2558257249641662
1612467191965,2021-02-04T19:33:11.965Z,185.006,0.91832214435453,0.24706268659026845,0.1743983814874069,-0.2554010035561129
1612467191996,2021-02-04T19:33:11.997Z,185.037,0.9185168824850845,0.24661852563173173,0.17457187728354734,-0.2550111743959678
1612467192017,2021-02-04T19:33:12.018Z,185.058,0.9187318853597566,0.24597959218144558,0.17481165564138526,-0.25468931682635265
1612467192025,2021-02-04T19:33:12.025Z,185.066,0.9188574762375138,0.24539894894539763,0.1750685738476123,-0.25461989056215534
1612467192055,2021-02-04T19:33:12.055Z,185.096,0.9188748444545234,0.24507306980690222,0.17524733519408,-0.25474807593281307
1612467192070,2021-02-04T19:33:12.070Z,185.111,0.9188150115933013,0.24497009994380203,0.17535678398044688,-0.2549874956078436
1612467192085,2021-02-04T19:33:12.085Z,185.126,0.9187127256060885,0.24499295978657326,0.17544377098851505,-0.2552740893349259
1612467192115,2021-02-04T19:33:12.115Z,185.156,0.9186560097113553,0.24506042404040368,0.17534343653420797,-0.2554822961669198
1612467192132,2021-02-04T19:33:12.132Z,185.173,0.9186670823132831,0.24504223251886645,0.17529637793503378,-0.25549222304999236
1612467192145,2021-02-04T19:33:12.145Z,185.186,0.9187163092182788,0.24483388034545678,0.17538108732769972,-0.25545682300358385
1612467192176,2021-02-04T19:33:12.176Z,185.217,0.9187500790037385,0.24478865371990693,0.17538895543652355,-0.25537329862674524
1612467192190,2021-02-04T19:33:12.190Z,185.231,0.9188720708910755,0.24492991807855052,0.17499569427361666,-0.25506853893037423
1612467192205,2021-02-04T19:33:12.205Z,185.246,0.9189574846853218,0.24515096912241288,0.17476324263800477,-0.25470758273325556
1612467192235,2021-02-04T19:33:12.235Z,185.276,0.9192088305308813,0.24458998117082567,0.1746793244046028,-0.2543973282297915
1612467192252,2021-02-04T19:33:12.252Z,185.293,0.9194930715130344,0.24390323661741148,0.1746516743849078,-0.2540482144035359
1612467192265,2021-02-04T19:33:12.265Z,185.306,0.919592267469188,0.2435223284071754,0.17483311357340625,-0.25392975323158473
1612467192295,2021-02-04T19:33:12.295Z,185.336,0.9195662825478715,0.2434106088427234,0.17504783544607888,-0.25398303646020415
1612467192310,2021-02-04T19:33:12.310Z,185.351,0.9196032462852151,0.24307301311526916,0.1753247102137961,-0.25398154599341793
1612467192325,2021-02-04T19:33:12.325Z,185.366,0.9197795500941571,0.24241253458185544,0.17559905232903522,-0.2537847811184419
1612467192356,2021-02-04T19:33:12.356Z,185.397,0.9199694631763047,0.24169775458452694,0.17594174959585093,-0.25354069298842447
1612467192370,2021-02-04T19:33:12.370Z,185.411,0.9201570268671008,0.24103965517416215,0.17613750930001681,-0.25335056415608165
1612467192385,2021-02-04T19:33:12.386Z,185.426,0.9203573101197854,0.2402527927289633,0.176284827986091,-0.25326799386602666
1612467192400,2021-02-04T19:33:12.400Z,185.441,0.920600577181656,0.23946189346591157,0.17640851659396528,-0.25304666396465014
1612467192430,2021-02-04T19:33:12.431Z,185.471,0.9208488686161953,0.23875027120110423,0.17648369176555664,-0.2527630821747357
1612467192445,2021-02-04T19:33:12.445Z,185.486,0.9210281577538124,0.23831636093094008,0.17645606045999326,-0.2525385187732591
1612467192460,2021-02-04T19:33:12.460Z,185.501,0.9211366942616608,0.2381092627039715,0.17644161500301245,-0.25234802554091695
1612467192491,2021-02-04T19:33:12.492Z,185.532,0.921239234698232,0.2377410943208088,0.17655981075791943,-0.2522381369834622
1612467192505,2021-02-04T19:33:12.505Z,185.546,0.9213531252223357,0.23723248772605643,0.1767734744711973,-0.25215135163968955
1612467192520,2021-02-04T19:33:12.520Z,185.561,0.9214451399525079,0.23688945234070222,0.17691021154521633,-0.2520416998805002
1612467192550,2021-02-04T19:33:12.550Z,185.591,0.9215172777375019,0.23675047017692924,0.17695209774232018,-0.25187909164291317
1612467192565,2021-02-04T19:33:12.565Z,185.606,0.9215566184632312,0.23674320165162238,0.17699964752629432,-0.251708522330733
1612467192580,2021-02-04T19:33:12.580Z,185.621,0.921577710227406,0.23659080733678847,0.1771508784846167,-0.2516681945496216
1612467192610,2021-02-04T19:33:12.610Z,185.651,0.9215760204176489,0.2365209725956015,0.17727246011749018,-0.25165441183792625
1612467192625,2021-02-04T19:33:12.625Z,185.666,0.9215563437960292,0.2364971835290865,0.17730510428866117,-0.2517258178759007
1612467192640,2021-02-04T19:33:12.640Z,185.681,0.9215192978829102,0.23647880152789866,0.17733299429550675,-0.25185902642451957
1612467192670,2021-02-04T19:33:12.670Z,185.711,0.921567206486849,0.23625403868045863,0.17744622065267576,-0.25181491598251254
1612467192692,2021-02-04T19:33:12.692Z,185.733,0.9215655231392376,0.2360510681682723,0.17759173059626895,-0.25190882676385723
1612467192701,2021-02-04T19:33:12.701Z,185.742,0.9215385763902019,0.2359556586312645,0.17768182652202827,-0.2520332277863415
1612467192730,2021-02-04T19:33:12.731Z,185.771,0.9215172927503719,0.23595461008268673,0.17771847849998282,-0.25208618276772654
1612467192746,2021-02-04T19:33:12.746Z,185.787,0.9215696748413477,0.23578933198714544,0.1777975683445447,-0.2519935515536765
1612467192760,2021-02-04T19:33:12.760Z,185.801,0.9217391853833062,0.23534236470593872,0.17796439203081302,-0.2516734405388045
1612467192820,2021-02-04T19:33:12.820Z,185.861,0.9219044026796331,0.23481581800204113,0.17818094906927082,-0.25140674876525315
