epoch (ms),time (-07:00),elapsed (s),X-Axis (g),Y-Axis (g),Z-Axis (g)
1616624646549,2021-03-24T22:26:24.981Z,0.109,-0.05120294913649559,0.23146750032901764,-0.9736272692680359
1616624646590,2021-03-24T22:26:24.983Z,0.15,-0.05095880851149559,0.23366476595401764,-0.9811956286430359
1616624646629,2021-03-24T22:26:24.985Z,0.189,-0.05242365226149559,0.23586203157901764,-0.9858343005180359
1616624646669,2021-03-24T22:26:24.996Z,0.229,-0.04924982413649559,0.23464132845401764,-0.9799749255180359
1616624646708,2021-03-24T22:26:24.998Z,0.268,-0.05144708976149559,0.23439718782901764,-0.9821721911430359
1616624646748,2021-03-24T22:26:25.000Z,0.308,-0.05169123038649559,0.23366476595401764,-0.9848577380180359
1616624646787,2021-03-24T22:26:25.011Z,0.347,-0.04973810538649559,0.23366476595401764,-0.9833928942680359
1616624646827,2021-03-24T22:26:25.013Z,0.387,-0.05169123038649559,0.23512960970401764,-0.9809514880180359
1616624646866,2021-03-24T22:26:25.016Z,0.426,-0.05120294913649559,0.23537375032901764,-0.9824163317680359
1616624646906,2021-03-24T22:26:25.041Z,0.466,-0.05242365226149559,0.23439718782901764,-0.9829046130180359
1616624646946,2021-03-24T22:26:25.043Z,0.506,-0.05291193351149559,0.23586203157901764,-0.9824163317680359
1616624646985,2021-03-24T22:26:25.045Z,0.545,-0.05169123038649559,0.23317648470401764,-0.9836370348930359
1616624647026,2021-03-24T22:26:25.057Z,0.586,-0.04998224601149559,0.23635031282901764,-0.9824163317680359
1616624647066,2021-03-24T22:26:25.059Z,0.626,-0.04973810538649559,0.23415304720401764,-0.9816839098930359
1616624647105,2021-03-24T22:26:25.070Z,0.665,-0.04924982413649559,0.23537375032901764,-0.9802190661430359
1616624647145,2021-03-24T22:26:25.072Z,0.705,-0.04827326163649559,0.23415304720401764,-0.9821721911430359
1616624647184,2021-03-24T22:26:25.075Z,0.744,-0.04876154288649559,0.23439718782901764,-0.9819280505180359
1616624647224,2021-03-24T22:26:25.086Z,0.784,-0.04656427726149559,0.23512960970401764,-0.9838811755180359
1616624647263,2021-03-24T22:26:25.134Z,0.823,-0.05169123038649559,0.23439718782901764,-0.9804632067680359
1616624647303,2021-03-24T22:26:25.134Z,0.863,-0.05169123038649559,0.23464132845401764,-0.9829046130180359
1616624647343,2021-03-24T22:26:25.145Z,0.903,-0.05242365226149559,0.23317648470401764,-0.9799749255180359
1616624647382,2021-03-24T22:26:25.147Z,0.942,-0.05120294913649559,0.23512960970401764,-0.9802190661430359
1616624647422,2021-03-24T22:26:25.150Z,0.982,-0.05169123038649559,0.23439718782901764,-0.9824163317680359
1616624647461,2021-03-24T22:26:25.175Z,1.021,-0.04924982413649559,0.23390890657901764,-0.9809514880180359
1616624647502,2021-03-24T22:26:25.177Z,1.062,-0.05022638663649559,0.23635031282901764,-0.9811956286430359
1616624647542,2021-03-24T22:26:25.180Z,1.102,-0.05095880851149559,0.23512960970401764,-0.9821721911430359
1616624647581,2021-03-24T22:26:25.191Z,1.141,-0.05169123038649559,0.23805929720401764,-0.9841253161430359
1616624647621,2021-03-24T22:26:25.193Z,1.181,-0.05047052726149559,0.23366476595401764,-0.9811956286430359
1616624647660,2021-03-24T22:26:25.195Z,1.22,-0.05047052726149559,0.23390890657901764,-0.9797307848930359
1616624647700,2021-03-24T22:26:25.206Z,1.26,-0.05144708976149559,0.23439718782901764,-0.9814397692680359
1616624647739,2021-03-24T22:26:25.208Z,1.299,-0.04900568351149559,0.23342062532901764,-0.9804632067680359
1616624647779,2021-03-24T22:26:25.210Z,1.339,-0.05047052726149559,0.23390890657901764,-0.9814397692680359
1616624647819,2021-03-24T22:26:25.221Z,1.379,-0.05120294913649559,0.23537375032901764,-0.9789983630180359
1616624647858,2021-03-24T22:26:25.224Z,1.418,-0.05193537101149559,0.23439718782901764,-0.9833928942680359
1616624647898,2021-03-24T22:26:25.235Z,1.458,-0.05047052726149559,0.23464132845401764,-0.9819280505180359
1616624647939,2021-03-24T22:26:25.237Z,1.499,-0.04949396476149559,0.23659445345401764,-0.9814397692680359
1616624647978,2021-03-24T22:26:25.239Z,1.538,-0.05144708976149559,0.23561789095401764,-0.9821721911430359
1616624648018,2021-03-24T22:26:25.280Z,1.578,-0.05120294913649559,0.23488546907901764,-0.9804632067680359
1616624648057,2021-03-24T22:26:25.282Z,1.617,-0.05047052726149559,0.23317648470401764,-0.9826604723930359
1616624648097,2021-03-24T22:26:25.284Z,1.657,-0.05095880851149559,0.23390890657901764,-0.9777776598930359
1616624648136,2021-03-24T22:26:25.295Z,1.696,-0.05144708976149559,0.23537375032901764,-0.9792425036430359
1616624648176,2021-03-24T22:26:25.298Z,1.736,-0.05120294913649559,0.23586203157901764,-0.9816839098930359
1616624648216,2021-03-24T22:26:25.300Z,1.776,-0.05022638663649559,0.23586203157901764,-0.9824163317680359
1616624648255,2021-03-24T22:26:25.311Z,1.815,-0.04949396476149559,0.23488546907901764,-0.9819280505180359
1616624648295,2021-03-24T22:26:25.313Z,1.855,-0.05217951163649559,0.23610617220401764,-0.9802190661430359
1616624648334,2021-03-24T22:26:25.315Z,1.894,-0.05047052726149559,0.23390890657901764,-0.9829046130180359
1616624648375,2021-03-24T22:26:25.327Z,1.935,-0.05095880851149559,0.23512960970401764,-0.9797307848930359
1616624648415,2021-03-24T22:26:25.328Z,1.975,-0.05095880851149559,0.23488546907901764,-0.9829046130180359
1616624648454,2021-03-24T22:26:25.331Z,2.014,-0.05022638663649559,0.23439718782901764,-0.9811956286430359
1616624648494,2021-03-24T22:26:25.342Z,2.054,-0.05266779288649559,0.23512960970401764,-0.9804632067680359
1616624648533,2021-03-24T22:26:25.344Z,2.093,-0.05193537101149559,0.23561789095401764,-0.9831487536430359
1616624648573,2021-03-24T22:26:25.355Z,2.133,-0.05047052726149559,0.23317648470401764,-0.9802190661430359
1616624648613,2021-03-24T22:26:25.357Z,2.173,-0.05095880851149559,0.23610617220401764,-0.9831487536430359
1616624648652,2021-03-24T22:26:25.371Z,2.212,-0.05217951163649559,0.23415304720401764,-0.9824163317680359
1616624648692,2021-03-24T22:26:25.373Z,2.252,-0.05266779288649559,0.23512960970401764,-0.9785100817680359
1616624648731,2021-03-24T22:26:25.375Z,2.291,-0.05291193351149559,0.23659445345401764,-0.9797307848930359
1616624648771,2021-03-24T22:26:25.386Z,2.331,-0.05315607413649559,0.23512960970401764,-0.9826604723930359
1616624648812,2021-03-24T22:26:25.389Z,2.372,-0.05340021476149559,0.23659445345401764,-0.9819280505180359
1616624648851,2021-03-24T22:26:25.400Z,2.411,-0.05095880851149559,0.23610617220401764,-0.9804632067680359
1616624648891,2021-03-24T22:26:25.402Z,2.451,-0.05388849601149559,0.23561789095401764,-0.9814397692680359
1616624648930,2021-03-24T22:26:25.404Z,2.49,-0.05266779288649559,0.23390890657901764,-0.9794866442680359
1616624648970,2021-03-24T22:26:25.416Z,2.53,-0.05071466788649559,0.23561789095401764,-0.9824163317680359
1616624649010,2021-03-24T22:26:25.418Z,2.57,-0.05266779288649559,0.23586203157901764,-0.9807073473930359
1616624649049,2021-03-24T22:26:25.420Z,2.609,-0.05193537101149559,0.23732687532901764,-0.9782659411430359
1616624649089,2021-03-24T22:26:25.431Z,2.649,-0.05437677726149559,0.23708273470401764,-0.9785100817680359
1616624649128,2021-03-24T22:26:25.434Z,2.688,-0.05437677726149559,0.23708273470401764,-0.9794866442680359
1616624649168,2021-03-24T22:26:25.436Z,2.728,-0.05803888663649559,0.23928000032901764,-0.9768010973930359
1616624649207,2021-03-24T22:26:25.447Z,2.767,-0.05877130851149559,0.24074484407901764,-0.9787542223930359
1616624649247,2021-03-24T22:26:25.448Z,2.807,-0.05999201163649559,0.24147726595401764,-0.9770452380180359
1616624649288,2021-03-24T22:26:25.460Z,2.848,-0.06316583603620529,0.24391867220401764,-0.9768010973930359
1616624649327,2021-03-24T22:26:25.462Z,2.887,-0.05950373038649559,0.24391867220401764,-0.9775335192680359
1616624649367,2021-03-24T22:26:25.464Z,2.927,-0.06072443351149559,0.24294210970401764,-0.9780218005180359
1616624649406,2021-03-24T22:26:25.475Z,2.966,-0.06194513663649559,0.24367453157901764,-0.9814397692680359
1616624649446,2021-03-24T22:26:25.478Z,3.006,-0.06072443351149559,0.24562765657901764,-0.9787542223930359
1616624649486,2021-03-24T22:26:25.480Z,3.046,-0.06926935166120529,0.24953390657901764,-0.9724065661430359
1616624649525,2021-03-24T22:26:25.505Z,3.085,-0.07024591416120529,0.25002220273017883,-0.9755803942680359
1616624649565,2021-03-24T22:26:25.508Z,3.125,-0.08660333603620529,0.25929954648017883,-0.9694768786430359
1616624649604,2021-03-24T22:26:25.510Z,3.164,-0.10100763291120529,0.26442649960517883,-0.9616643786430359
1616624649644,2021-03-24T22:26:25.521Z,3.204,-0.10442560166120529,0.27931907773017883,-0.9601995348930359
1616624649683,2021-03-24T22:26:25.523Z,3.243,-0.12224786728620529,0.29054954648017883,-0.9553167223930359
1616624649724,2021-03-24T22:26:25.531Z,3.284,-0.11809747666120529,0.28786399960517883,-0.9604436755180359
1616624649764,2021-03-24T22:26:25.536Z,3.324,-0.11712091416120529,0.28835228085517883,-0.9582464098930359
1616624649803,2021-03-24T22:26:25.538Z,3.363,-0.11028497666120529,0.28664329648017883,-0.9623968005180359
1616624649843,2021-03-24T22:26:25.540Z,3.403,-0.09954278916120529,0.28151634335517883,-0.9650823473930359
1616624649883,2021-03-24T22:26:25.552Z,3.443,-0.09710138291120529,0.28151634335517883,-0.9631292223930359
1616624649922,2021-03-24T22:26:25.554Z,3.482,-0.09636896103620529,0.28127220273017883,-0.9641057848930359
1616624649962,2021-03-24T22:26:25.565Z,3.522,-0.09758966416120529,0.28005149960517883,-0.9628850817680359
1616624650001,2021-03-24T22:26:25.567Z,3.561,-0.10076349228620529,0.28127220273017883,-0.9643499255180359
1616624650041,2021-03-24T22:26:25.570Z,3.601,-0.10882013291120529,0.28615501523017883,-0.9631292223930359
1616624650080,2021-03-24T22:26:25.596Z,3.64,-0.11150567978620529,0.28566673398017883,-0.9626409411430359
1616624650120,2021-03-24T22:26:25.598Z,3.68,-0.10784357041120529,0.28371360898017883,-0.9648382067680359
1616624650161,2021-03-24T22:26:25.600Z,3.721,-0.10418146103620529,0.27663353085517883,-0.9643499255180359
1616624650200,2021-03-24T22:26:25.611Z,3.76,-0.10296075791120529,0.26930931210517883,-0.9704534411430359
1616624650240,2021-03-24T22:26:25.613Z,3.8,-0.10418146103620529,0.26125267148017883,-0.9726507067680359
1616624650280,2021-03-24T22:26:25.616Z,3.84,-0.09636896103620529,0.25588157773017883,-0.9697210192680359
1616624650319,2021-03-24T22:26:25.627Z,3.879,-0.12371271103620529,0.27077415585517883,-0.9789983630180359
1616624650359,2021-03-24T22:26:25.657Z,3.919,-0.11614435166120529,0.26442649960517883,-0.9667913317680359
1616624650398,2021-03-24T22:26:25.658Z,3.958,-0.11345880478620529,0.26540306210517883,-0.9692327380180359
1616624650438,2021-03-24T22:26:25.670Z,3.998,-0.10833185166120529,0.26393821835517883,-0.9682561755180359
1616624650477,2021-03-24T22:26:25.687Z,4.037,-0.10784357041120529,0.26003196835517883,-0.9677678942680359
1616624650517,2021-03-24T22:26:25.688Z,4.077,-0.10125177353620529,0.25905540585517883,-0.9709417223930359
1616624650556,2021-03-24T22:26:25.691Z,4.116,-0.09685724228620529,0.25539329648017883,-0.9716741442680359
1616624650597,2021-03-24T22:26:25.702Z,4.157,-0.09758966416120529,0.25417259335517883,-0.9736272692680359
1616624650637,2021-03-24T22:26:25.704Z,4.197,-0.09588067978620529,0.25417259335517883,-0.9726507067680359
1616624650677,2021-03-24T22:26:25.715Z,4.237,-0.09539239853620529,0.25221946835517883,-0.9733831286430359
1616624650716,2021-03-24T22:26:25.731Z,4.276,-0.09514825791120529,0.25466087460517883,-0.9724065661430359
1616624650756,2021-03-24T22:26:25.734Z,4.316,-0.09710138291120529,0.25466087460517883,-0.9743596911430359
1616624650795,2021-03-24T22:26:25.745Z,4.355,-0.09978692978620529,0.25270774960517883,-0.9753362536430359
1616624650835,2021-03-24T22:26:25.747Z,4.395,-0.09807794541120529,0.25344017148017883,-0.9755803942680359
1616624650874,2021-03-24T22:26:25.749Z,4.434,-0.09295099228620529,0.26149681210517883,-0.9706975817680359
1616624650914,2021-03-24T22:26:25.761Z,4.474,-0.09636896103620529,0.27004173398017883,-0.9672796130180359
1616624650953,2021-03-24T22:26:25.763Z,4.513,-0.09612482041120529,0.27614524960517883,-0.9692327380180359
1616624650993,2021-03-24T22:26:25.765Z,4.553,-0.10247247666120529,0.30763939023017883,-0.9572698473930359
1616624651034,2021-03-24T22:26:25.776Z,4.594,-0.09734552353620529,0.32765892148017883,-0.9443303942680359
1616624651073,2021-03-24T22:26:25.778Z,4.633,-0.10198419541120529,0.33498314023017883,-0.9457952380180359
1616624651113,2021-03-24T22:26:25.781Z,4.673,-0.10174005478620529,0.35524681210517883,-0.9467718005180359
1616624651153,2021-03-24T22:26:25.791Z,4.713,-0.07879083603620529,0.39211204648017883,-0.9204046130180359
1616624651192,2021-03-24T22:26:25.793Z,4.752,-0.06438653916120529,0.39357689023017883,-0.9350530505180359
1616624651232,2021-03-24T22:26:25.805Z,4.792,0.04303533211350441,0.5586159229278564,-0.8063909411430359
1616624651271,2021-03-24T22:26:25.837Z,4.831,-0.1762029528617859,0.23903585970401764,-1.0331975221633911
1616624651311,2021-03-24T22:26:25.838Z,4.871,-0.10320489853620529,0.34157493710517883,-0.9531194567680359
1616624651350,2021-03-24T22:26:25.841Z,4.91,-0.11834161728620529,0.33254173398017883,-0.9736272692680359
1616624651390,2021-03-24T22:26:25.852Z,4.95,-0.1615545153617859,0.24782492220401764,-1.0141545534133911
1616624651429,2021-03-24T22:26:25.854Z,4.989,-0.04705255851149559,0.35866478085517883,-0.9619085192680359
1616624651470,2021-03-24T22:26:25.865Z,5.03,-0.1432439684867859,0.22316671907901764,-0.8955022692680359
1616624651510,2021-03-24T22:26:25.868Z,5.07,-0.1698552966117859,0.20290304720401764,-0.9040471911430359
1616624651550,2021-03-24T22:26:25.870Z,5.11,-0.2033025622367859,0.22634054720401764,-0.9748479723930359
1616624651589,2021-03-24T22:26:25.881Z,5.149,-0.1827947497367859,0.25539329648017883,-0.9194280505180359
1616624651629,2021-03-24T22:26:25.883Z,5.189,-0.2116033434867859,0.27907493710517883,-1.0126897096633911
1616624651668,2021-03-24T22:26:25.886Z,5.228,-0.1832830309867859,0.26174095273017883,-0.9431096911430359
1616624651708,2021-03-24T22:26:25.896Z,5.268,-0.1510564684867859,0.23097921907901764,-0.9768010973930359
1616624651747,2021-03-24T22:26:25.898Z,5.307,-0.1574041247367859,0.19240500032901764,-0.9821721911430359
1616624651787,2021-03-24T22:26:25.901Z,5.347,-0.1444646716117859,0.17165304720401764,-0.9992620348930359
1616624651826,2021-03-24T22:26:25.912Z,5.386,-0.1283513903617859,0.18996359407901764,-1.0031682252883911
1616624651866,2021-03-24T22:26:25.927Z,5.426,-0.11541192978620529,0.17482687532901764,-0.9936468005180359
1616624651907,2021-03-24T22:26:25.928Z,5.467,-0.11297052353620529,0.17653585970401764,-0.9924260973930359
1616624651947,2021-03-24T22:26:25.930Z,5.507,-0.08977716416120529,0.18801046907901764,-0.9924260973930359
1616624651986,2021-03-24T22:26:25.941Z,5.546,-0.07000177353620529,0.18996359407901764,-0.9877874255180359
1616624652026,2021-03-24T22:26:25.944Z,5.586,-0.06975763291120529,0.18849875032901764,-0.9943792223930359
1616624652065,2021-03-24T22:26:25.946Z,5.625,-0.06560724228620529,0.18996359407901764,-0.9880315661430359
1616624652105,2021-03-24T22:26:25.957Z,5.665,-0.06682794541120529,0.18459250032901764,-0.9946233630180359
1616624652144,2021-03-24T22:26:25.959Z,5.704,-0.06096857413649559,0.19191671907901764,-0.9860784411430359
1616624652184,2021-03-24T22:26:25.970Z,5.744,-0.06609552353620529,0.17678000032901764,-1.0090276002883911
1616624652223,2021-03-24T22:26:25.972Z,5.783,-0.06267755478620529,0.17653585970401764,-1.0002385377883911
1616624652263,2021-03-24T22:26:25.974Z,5.823,-0.05559748038649559,0.17751242220401764,-0.9960882067680359
1616624652302,2021-03-24T22:26:25.986Z,5.862,-0.05022638663649559,0.17751242220401764,-0.9926702380180359
1616624652342,2021-03-24T22:26:25.988Z,5.902,-0.04656427726149559,0.18068625032901764,-0.9931585192680359
1616624652383,2021-03-24T22:26:25.990Z,5.943,-0.04436701163649559,0.17970968782901764,-0.9936468005180359
1616624652423,2021-03-24T22:26:26.001Z,5.983,-0.04412287101149559,0.17580343782901764,-0.9951116442680359
1616624652462,2021-03-24T22:26:26.003Z,6.022,-0.04265802726149559,0.17726828157901764,-0.9970647692680359
1616624652502,2021-03-24T22:26:26.005Z,6.062,-0.04314630851149559,0.17995382845401764,-0.9995061755180359
1616624652541,2021-03-24T22:26:26.017Z,6.101,-0.04705255851149559,0.17848898470401764,-0.9936468005180359
1616624652581,2021-03-24T22:26:26.018Z,6.141,-0.04461115226149559,0.18630148470401764,-0.9924260973930359
1616624652620,2021-03-24T22:26:26.030Z,6.18,-0.04436701163649559,0.18166281282901764,-0.9968206286430359
1616624652660,2021-03-24T22:26:26.032Z,6.22,-0.04241388663649559,0.18068625032901764,-0.9919378161430359
1616624652699,2021-03-24T22:26:26.034Z,6.259,-0.04192560538649559,0.18288351595401764,-0.9953557848930359
1616624652739,2021-03-24T22:26:26.045Z,6.299,-0.03508966788649559,0.18410421907901764,-0.9929143786430359
1616624652779,2021-03-24T22:26:26.062Z,6.339,-0.02776544727385044,0.18825460970401764,-0.9990178942680359
1616624652820,2021-03-24T22:26:26.064Z,6.38,-0.03460138663649559,0.19118429720401764,-0.9943792223930359
1616624652859,2021-03-24T22:26:26.076Z,6.419,-0.03460138663649559,0.18434835970401764,-0.9938909411430359
1616624652899,2021-03-24T22:26:26.091Z,6.459,-0.03777521476149559,0.18312765657901764,-0.9951116442680359
1616624652938,2021-03-24T22:26:26.094Z,6.498,-0.04241388663649559,0.17238546907901764,-0.9953557848930359
1616624652978,2021-03-24T22:26:26.105Z,6.538,-0.03826349601149559,0.17433859407901764,-0.9980413317680359
1616624653017,2021-03-24T22:26:26.107Z,6.577,-0.03875177726149559,0.17238546907901764,-0.9953557848930359
1616624653057,2021-03-24T22:26:26.109Z,6.617,-0.03728693351149559,0.16969992220401764,-0.9973089098930359
1616624653096,2021-03-24T22:26:26.122Z,6.656,-0.03533380851149559,0.16554953157901764,-0.9995061755180359
1616624653136,2021-03-24T22:26:26.124Z,6.696,-0.03557794913649559,0.16945578157901764,-0.9929143786430359
1616624653176,2021-03-24T22:26:26.135Z,6.736,-0.03582208976149559,0.16725851595401764,-0.9980413317680359
1616624653215,2021-03-24T22:26:26.152Z,6.775,-0.03875177726149559,0.17336203157901764,-0.9965764880180359
1616624653256,2021-03-24T22:26:26.155Z,6.816,-0.03606623038649559,0.17482687532901764,-0.9973089098930359
1616624653296,2021-03-24T22:26:26.165Z,6.856,-0.03533380851149559,0.17702414095401764,-0.9948675036430359
1616624653335,2021-03-24T22:26:26.167Z,6.895,-0.03582208976149559,0.17751242220401764,-0.9953557848930359
1616624653375,2021-03-24T22:26:26.170Z,6.935,-0.04216974601149559,0.18044210970401764,-0.9909612536430359
1616624653414,2021-03-24T22:26:26.181Z,6.974,-0.04168146476149559,0.18410421907901764,-0.9904729723930359
1616624653454,2021-03-24T22:26:26.241Z,7.014,0.0027521306183189154,0.17165304720401764,-1.0239201784133911
1616624653493,2021-03-24T22:26:26.242Z,7.053,-0.02288263477385044,0.17214132845401764,-0.9965764880180359
1616624653533,2021-03-24T22:26:26.244Z,7.093,-0.02019708789885044,0.17995382845401764,-0.9948675036430359
1616624653572,2021-03-24T22:26:26.255Z,7.132,-0.01873224414885044,0.17702414095401764,-0.9992620348930359
1616624653612,2021-03-24T22:26:26.258Z,7.172,-0.02239435352385044,0.17653585970401764,-0.9948675036430359
1616624653652,2021-03-24T22:26:26.260Z,7.212,-0.02727716602385044,0.17800070345401764,-0.9946233630180359
1616624653693,2021-03-24T22:26:26.285Z,7.253,-0.02385919727385044,0.17678000032901764,-0.9980413317680359
1616624653732,2021-03-24T22:26:26.287Z,7.292,-0.02239435352385044,0.17848898470401764,-0.9938909411430359
1616624653772,2021-03-24T22:26:26.290Z,7.332,-0.02312677539885044,0.17824484407901764,-0.9946233630180359
1616624653811,2021-03-24T22:26:26.301Z,7.371,-0.013361150398850441,0.18215109407901764,-0.9968206286430359
1616624653851,2021-03-24T22:26:26.303Z,7.411,-0.01970880664885044,0.17824484407901764,-0.9970647692680359
1616624653890,2021-03-24T22:26:26.305Z,7.45,-0.013849431648850441,0.17848898470401764,-0.9955999255180359
1616624653930,2021-03-24T22:26:26.317Z,7.49,-0.01677911914885044,0.17946554720401764,-0.9946233630180359
1616624653969,2021-03-24T22:26:26.346Z,7.529,-0.0031072443816810846,0.18556906282901764,-0.9948675036430359
1616624654009,2021-03-24T22:26:26.348Z,7.569,-0.010919744148850441,0.18996359407901764,-0.9955999255180359
1616624654049,2021-03-24T22:26:26.390Z,7.609,0.0007990056765265763,0.20119406282901764,-0.9943792223930359
1616624654088,2021-03-24T22:26:26.393Z,7.648,-0.010675603523850441,0.18898703157901764,-0.9960882067680359
1616624654129,2021-03-24T22:26:26.395Z,7.689,-0.009454900398850441,0.19167257845401764,-0.9921819567680359
1616624654169,2021-03-24T22:26:26.406Z,7.729,-0.013117009773850441,0.19362570345401764,-0.9931585192680359
1616624654208,2021-03-24T22:26:26.408Z,7.768,-0.009454900398850441,0.19362570345401764,-0.9929143786430359
1616624654248,2021-03-24T22:26:26.410Z,7.808,-0.009699041023850441,0.18971945345401764,-0.9921819567680359
1616624654287,2021-03-24T22:26:26.421Z,7.847,-0.010187322273850441,0.19142843782901764,-0.9951116442680359
1616624654327,2021-03-24T22:26:26.423Z,7.887,-0.007990056648850441,0.18947531282901764,-0.9951116442680359
1616624654366,2021-03-24T22:26:26.425Z,7.926,-0.010431462898850441,0.19167257845401764,-0.9958440661430359
1616624654406,2021-03-24T22:26:26.437Z,7.966,-0.010675603523850441,0.19484640657901764,-0.9924260973930359
1616624654446,2021-03-24T22:26:26.440Z,8.006,-0.013849431648850441,0.19411398470401764,-0.9902288317680359
1616624654485,2021-03-24T22:26:26.450Z,8.045,-0.013849431648850441,0.19875265657901764,-0.9931585192680359
1616624654525,2021-03-24T22:26:26.452Z,8.085,-0.013605291023850441,0.19802023470401764,-0.9907171130180359
1616624654566,2021-03-24T22:26:26.455Z,8.126,-0.012628728523850441,0.19557882845401764,-0.9904729723930359
1616624654605,2021-03-24T22:26:26.466Z,8.165,-0.015070134773850441,0.19289328157901764,-0.9897405505180359
1616624654645,2021-03-24T22:26:26.468Z,8.205,-0.012140447273850441,0.19362570345401764,-0.9951116442680359
1616624654684,2021-03-24T22:26:26.470Z,8.244,-0.008478337898850441,0.19606710970401764,-0.9916936755180359
1616624654724,2021-03-24T22:26:26.481Z,8.284,-0.007745916023850441,0.19435812532901764,-0.9912053942680359
1616624654763,2021-03-24T22:26:26.483Z,8.323,-0.005792791023850441,0.19435812532901764,-0.9894964098930359
1616624654803,2021-03-24T22:26:26.486Z,8.363,-0.004083806648850441,0.19557882845401764,-0.9914495348930359
1616624654843,2021-03-24T22:26:26.496Z,8.403,-0.006525212898850441,0.19435812532901764,-0.9951116442680359
1616624654882,2021-03-24T22:26:26.499Z,8.442,-0.008966619148850441,0.19753195345401764,-0.9912053942680359
1616624654922,2021-03-24T22:26:26.510Z,8.482,-0.009454900398850441,0.19460226595401764,-0.9931585192680359
1616624654961,2021-03-24T22:26:26.512Z,8.521,-0.007745916023850441,0.19386984407901764,-0.9931585192680359
1616624655002,2021-03-24T22:26:26.515Z,8.562,-0.008478337898850441,0.19679953157901764,-0.9916936755180359
1616624655042,2021-03-24T22:26:26.526Z,8.602,-0.004083806648850441,0.19655539095401764,-0.9916936755180359
1616624655081,2021-03-24T22:26:26.528Z,8.641,-0.008722478523850441,0.19582296907901764,-0.9924260973930359
1616624655121,2021-03-24T22:26:26.530Z,8.681,-0.009699041023850441,0.19728781282901764,-0.9909612536430359
1616624655160,2021-03-24T22:26:26.542Z,8.72,-0.004327947273850441,0.20143820345401764,-0.9880315661430359
1616624655200,2021-03-24T22:26:26.543Z,8.76,-0.0026189631316810846,0.20290304720401764,-0.9907171130180359
1616624655239,2021-03-24T22:26:26.546Z,8.799,-0.007745916023850441,0.20119406282901764,-0.9890081286430359
1616624655279,2021-03-24T22:26:26.557Z,8.839,-0.009454900398850441,0.19826437532901764,-0.9894964098930359
1616624655319,2021-03-24T22:26:26.559Z,8.879,-0.006281072273850441,0.20070578157901764,-0.9929143786430359
1616624655358,2021-03-24T22:26:26.570Z,8.918,-0.009699041023850441,0.19826437532901764,-0.9953557848930359
1616624655398,2021-03-24T22:26:26.572Z,8.958,-0.005548650398850441,0.19972921907901764,-0.9902288317680359
1616624655437,2021-03-24T22:26:26.574Z,8.997,-0.007990056648850441,0.19728781282901764,-0.9914495348930359
1616624655478,2021-03-24T22:26:26.586Z,9.038,-0.007501775398850441,0.19924093782901764,-0.9914495348930359
1616624655518,2021-03-24T22:26:26.588Z,9.078,-0.007013494148850441,0.20094992220401764,-0.9897405505180359
1616624655557,2021-03-24T22:26:26.590Z,9.117,-0.0035955256316810846,0.20094992220401764,-0.9890081286430359
1616624655597,2021-03-24T22:26:26.615Z,9.157,-0.006281072273850441,0.20046164095401764,-0.9902288317680359
1616624655636,2021-03-24T22:26:26.618Z,9.196,-0.007013494148850441,0.19948507845401764,-0.9921819567680359
1616624655676,2021-03-24T22:26:26.620Z,9.236,-0.004816228523850441,0.20046164095401764,-0.9907171130180359
1616624655716,2021-03-24T22:26:26.631Z,9.276,-0.005060369148850441,0.20046164095401764,-0.9902288317680359
1616624655755,2021-03-24T22:26:26.633Z,9.315,-0.006281072273850441,0.20217062532901764,-0.9885198473930359
1616624655795,2021-03-24T22:26:26.636Z,9.355,-0.005792791023850441,0.19997335970401764,-0.9904729723930359
1616624655834,2021-03-24T22:26:26.647Z,9.394,-0.005792791023850441,0.20339132845401764,-0.9894964098930359
1616624655874,2021-03-24T22:26:26.649Z,9.434,-0.005548650398850441,0.20241476595401764,-0.9899846911430359
1616624655915,2021-03-24T22:26:26.650Z,9.475,-0.006525212898850441,0.20314718782901764,-0.9929143786430359
1616624655954,2021-03-24T22:26:26.662Z,9.514,-0.004572087898850441,0.20436789095401764,-0.9875432848930359
1616624655994,2021-03-24T22:26:26.664Z,9.554,-0.007990056648850441,0.20143820345401764,-0.9924260973930359
1616624656033,2021-03-24T22:26:26.675Z,9.593,-0.004572087898850441,0.20265890657901764,-0.9912053942680359
1616624656073,2021-03-24T22:26:26.677Z,9.633,-0.009210759773850441,0.20094992220401764,-0.9919378161430359
1616624656113,2021-03-24T22:26:26.680Z,9.673,-0.006036931648850441,0.20217062532901764,-0.9902288317680359
1616624656152,2021-03-24T22:26:26.706Z,9.712,-0.007745916023850441,0.20168234407901764,-0.9897405505180359
1616624656192,2021-03-24T22:26:26.708Z,9.752,-0.009454900398850441,0.20314718782901764,-0.9887639880180359
1616624656231,2021-03-24T22:26:26.710Z,9.791,-0.007257634773850441,0.20510031282901764,-0.9904729723930359
1616624656271,2021-03-24T22:26:26.721Z,9.831,-0.008234197273850441,0.20583273470401764,-0.9909612536430359
1616624656312,2021-03-24T22:26:26.723Z,9.872,-0.006769353523850441,0.20143820345401764,-0.9919378161430359
1616624656351,2021-03-24T22:26:26.735Z,9.911,-0.009210759773850441,0.20363546907901764,-0.9921819567680359
1616624656391,2021-03-24T22:26:26.737Z,9.951,-0.008478337898850441,0.20119406282901764,-0.9902288317680359
1616624656430,2021-03-24T22:26:26.740Z,9.99,-0.007745916023850441,0.20168234407901764,-0.9909612536430359
1616624656470,2021-03-24T22:26:26.751Z,10.03,-0.010431462898850441,0.20070578157901764,-0.9926702380180359
1616624656510,2021-03-24T22:26:26.753Z,10.07,-0.008478337898850441,0.20168234407901764,-0.9904729723930359
1616624656549,2021-03-24T22:26:26.755Z,10.109,-0.008478337898850441,0.20387960970401764,-0.9916936755180359
1616624656589,2021-03-24T22:26:26.797Z,10.149,-0.008722478523850441,0.20290304720401764,-0.9934026598930359
1616624656628,2021-03-24T22:26:26.799Z,10.188,-0.007501775398850441,0.20217062532901764,-0.9848577380180359
1616624656668,2021-03-24T22:26:26.811Z,10.228,-0.008722478523850441,0.20119406282901764,-0.9921819567680359
1616624656707,2021-03-24T22:26:26.813Z,10.267,-0.010187322273850441,0.20143820345401764,-0.9909612536430359
1616624656747,2021-03-24T22:26:26.841Z,10.307,-0.008966619148850441,0.20094992220401764,-0.9877874255180359
1616624656788,2021-03-24T22:26:26.843Z,10.348,-0.010431462898850441,0.20217062532901764,-0.9921819567680359
1616624656827,2021-03-24T22:26:26.845Z,10.387,-0.007990056648850441,0.20143820345401764,-0.9892522692680359
1616624656867,2021-03-24T22:26:26.857Z,10.427,-0.010431462898850441,0.20265890657901764,-0.9899846911430359
1616624656906,2021-03-24T22:26:26.858Z,10.466,-0.010431462898850441,0.20217062532901764,-0.9899846911430359
1616624656946,2021-03-24T22:26:26.870Z,10.506,-0.009943181648850441,0.20192648470401764,-0.9890081286430359
1616624656986,2021-03-24T22:26:26.872Z,10.546,-0.011652166023850441,0.20412375032901764,-0.9909612536430359
1616624657025,2021-03-24T22:26:26.875Z,10.585,-0.009943181648850441,0.19997335970401764,-0.9907171130180359
1616624657065,2021-03-24T22:26:26.885Z,10.625,-0.011652166023850441,0.19948507845401764,-0.9912053942680359
1616624657104,2021-03-24T22:26:26.888Z,10.664,-0.012384587898850441,0.20021750032901764,-0.9921819567680359
1616624657144,2021-03-24T22:26:26.890Z,10.704,-0.012628728523850441,0.20046164095401764,-0.9892522692680359
1616624657183,2021-03-24T22:26:26.901Z,10.743,-0.012140447273850441,0.20046164095401764,-0.9894964098930359
1616624657224,2021-03-24T22:26:26.903Z,10.784,-0.010187322273850441,0.20143820345401764,-0.9919378161430359
1616624657264,2021-03-24T22:26:26.906Z,10.824,-0.010919744148850441,0.20070578157901764,-0.9890081286430359
1616624657303,2021-03-24T22:26:26.946Z,10.863,-0.010187322273850441,0.20119406282901764,-0.9924260973930359
1616624657343,2021-03-24T22:26:26.948Z,10.903,-0.014337712898850441,0.19655539095401764,-0.9902288317680359
1616624657383,2021-03-24T22:26:26.950Z,10.943,-0.013117009773850441,0.19972921907901764,-0.9885198473930359
1616624657422,2021-03-24T22:26:26.961Z,10.982,-0.014581853523850441,0.19679953157901764,-0.9938909411430359
1616624657462,2021-03-24T22:26:26.963Z,11.022,-0.01604669727385044,0.19679953157901764,-0.9931585192680359
1616624657501,2021-03-24T22:26:26.966Z,11.061,-0.013605291023850441,0.19924093782901764,-0.9912053942680359
1616624657541,2021-03-24T22:26:26.976Z,11.101,-0.01629083789885044,0.19679953157901764,-0.9912053942680359
1616624657580,2021-03-24T22:26:26.979Z,11.14,-0.01604669727385044,0.19484640657901764,-0.9909612536430359
1616624657620,2021-03-24T22:26:26.990Z,11.18,-0.015070134773850441,0.19460226595401764,-0.9909612536430359
1616624657661,2021-03-24T22:26:26.992Z,11.221,-0.01629083789885044,0.19606710970401764,-0.9912053942680359
1616624657700,2021-03-24T22:26:26.994Z,11.26,-0.014337712898850441,0.19460226595401764,-0.9919378161430359
1616624657740,2021-03-24T22:26:27.006Z,11.3,-0.01922052539885044,0.19313742220401764,-0.9919378161430359
1616624657780,2021-03-24T22:26:27.008Z,11.34,-0.01604669727385044,0.19411398470401764,-0.9936468005180359
1616624657819,2021-03-24T22:26:27.010Z,11.379,-0.01824396289885044,0.19167257845401764,-0.9929143786430359
1616624657859,2021-03-24T22:26:27.021Z,11.419,-0.02092950977385044,0.19313742220401764,-0.9946233630180359
1616624657898,2021-03-24T22:26:27.038Z,11.458,-0.02800958789885044,0.19631125032901764,-0.9943792223930359
1616624657938,2021-03-24T22:26:27.039Z,11.498,-0.02434747852385044,0.20412375032901764,-0.9848577380180359
1616624657977,2021-03-24T22:26:27.050Z,11.537,-0.02337091602385044,0.20803000032901764,-0.9863225817680359
1616624658017,2021-03-24T22:26:27.052Z,11.577,-0.02141779102385044,0.21071554720401764,-0.9868108630180359
1616624658058,2021-03-24T22:26:27.055Z,11.618,-0.01922052539885044,0.20607687532901764,-0.9841253161430359
1616624658097,2021-03-24T22:26:27.066Z,11.657,-0.01970880664885044,0.21706320345401764,-0.9704534411430359
1616624658137,2021-03-24T22:26:27.068Z,11.697,-0.11516778916120529,0.19899679720401764,-1.0012151002883911
1616624658177,2021-03-24T22:26:27.070Z,11.737,-0.07097833603620529,0.19289328157901764,-0.9887639880180359
1616624658216,2021-03-24T22:26:27.081Z,11.776,-0.06975763291120529,0.18923117220401764,-0.9919378161430359
1616624658256,2021-03-24T22:26:27.083Z,11.816,-0.06487482041120529,0.17751242220401764,-0.9894964098930359
1616624658295,2021-03-24T22:26:27.085Z,11.855,-0.07244317978620529,0.16628195345401764,-0.9929143786430359
1616624658335,2021-03-24T22:26:27.097Z,11.895,-0.06902521103620529,0.16091085970401764,-0.9890081286430359
1616624658374,2021-03-24T22:26:27.099Z,11.934,-0.07390802353620529,0.14601828157901764,-0.9987737536430359
1616624658414,2021-03-24T22:26:27.110Z,11.974,-0.07952325791120529,0.14284445345401764,-0.9997503161430359
1616624658453,2021-03-24T22:26:27.112Z,12.013,-0.07341974228620529,0.14211203157901764,-0.9990178942680359
1616624658493,2021-03-24T22:26:27.114Z,12.053,-0.07732599228620529,0.13991476595401764,-1.0019475221633911
1616624658534,2021-03-24T22:26:27.126Z,12.094,-0.08098810166120529,0.13942648470401764,-0.9999944567680359
1616624658573,2021-03-24T22:26:27.128Z,12.133,-0.08220880478620529,0.13454367220401764,-1.0031682252883911
1616624658613,2021-03-24T22:26:27.132Z,12.173,-0.07830255478620529,0.13429953157901764,-1.0002385377883911
1616624658653,2021-03-24T22:26:27.142Z,12.213,-0.08245294541120529,0.12599875032901764,-1.0034123659133911
1616624658692,2021-03-24T22:26:27.143Z,12.252,-0.08098810166120529,0.12477805465459824,-0.9997503161430359
1616624658732,2021-03-24T22:26:27.145Z,12.292,-0.07952325791120529,0.12258078902959824,-1.0007268190383911
1616624658771,2021-03-24T22:26:27.171Z,12.331,-0.08660333603620529,0.11476828902959824,-1.0100041627883911
1616624658811,2021-03-24T22:26:27.173Z,12.371,-0.08367364853620529,0.11550071090459824,-1.0041447877883911
1616624658850,2021-03-24T22:26:27.175Z,12.41,-0.08635919541120529,0.11452414840459824,-1.0014592409133911
1616624658890,2021-03-24T22:26:27.186Z,12.45,-0.08367364853620529,0.11550071090459824,-1.0056096315383911
1616624658931,2021-03-24T22:26:27.188Z,12.491,-0.08342950791120529,0.11647727340459824,-1.0036565065383911
1616624658970,2021-03-24T22:26:27.201Z,12.53,-0.08342950791120529,0.11672141402959824,-1.0007268190383911
1616624659010,2021-03-24T22:26:27.203Z,12.57,-0.08660333603620529,0.12087180465459824,-1.0222111940383911
1616624659050,2021-03-24T22:26:27.205Z,12.61,-0.08611505478620529,0.11745383590459824,-1.0117131471633911
1616624659089,2021-03-24T22:26:27.216Z,12.649,-0.08391778916120529,0.11769797652959824,-1.0024358034133911
1616624659129,2021-03-24T22:26:27.218Z,12.689,-0.08196466416120529,0.11696555465459824,-1.0004826784133911
1616624659168,2021-03-24T22:26:27.220Z,12.728,-0.07903497666120529,0.11623313277959824,-1.0039006471633911
1616624659208,2021-03-24T22:26:27.233Z,12.768,-0.07586114853620529,0.11354758590459824,-1.0019475221633911
1616624659247,2021-03-24T22:26:27.234Z,12.807,-0.07634942978620529,0.11159446090459824,-1.0063420534133911
1616624659287,2021-03-24T22:26:27.260Z,12.847,-0.07244317978620529,0.11452414840459824,-1.0036565065383911
1616624659326,2021-03-24T22:26:27.262Z,12.886,-0.07219903916120529,0.11257102340459824,-1.0068303346633911
1616624659367,2021-03-24T22:26:27.264Z,12.927,-0.07317560166120529,0.11037375777959824,-1.0031682252883911
1616624659407,2021-03-24T22:26:27.275Z,12.967,-0.07415216416120529,0.11257102340459824,-1.0039006471633911
1616624659447,2021-03-24T22:26:27.278Z,13.007,-0.07293146103620529,0.11086203902959824,-1.0048772096633911
1616624659486,2021-03-24T22:26:27.280Z,13.046,-0.07464044541120529,0.10939719527959824,-1.0065861940383911
1616624659526,2021-03-24T22:26:27.291Z,13.086,-0.07195489853620529,0.11037375777959824,-1.0012151002883911
1616624659565,2021-03-24T22:26:27.293Z,13.125,-0.07512872666120529,0.11232688277959824,-1.0024358034133911
1616624659605,2021-03-24T22:26:27.305Z,13.165,-0.07219903916120529,0.11159446090459824,-1.0056096315383911
1616624659644,2021-03-24T22:26:27.308Z,13.204,-0.07341974228620529,0.11330344527959824,-1.0070744752883911
1616624659684,2021-03-24T22:26:27.352Z,13.244,-0.07512872666120529,0.11183860152959824,-1.0026799440383911
1616624659723,2021-03-24T22:26:27.352Z,13.283,-0.07317560166120529,0.11452414840459824,-1.0068303346633911
1616624659763,2021-03-24T22:26:27.355Z,13.323,-0.07244317978620529,0.11183860152959824,-1.0034123659133911
1616624659804,2021-03-24T22:26:27.365Z,13.364,-0.07415216416120529,0.11330344527959824,-1.0031682252883911
1616624659843,2021-03-24T22:26:27.368Z,13.403,-0.07512872666120529,0.11232688277959824,-1.0060979127883911
1616624659883,2021-03-24T22:26:27.370Z,13.443,-0.07097833603620529,0.11159446090459824,-1.0058537721633911
1616624659923,2021-03-24T22:26:27.395Z,13.483,-0.07390802353620529,0.11232688277959824,-1.0043889284133911
1616624659962,2021-03-24T22:26:27.398Z,13.522,-0.07293146103620529,0.11379172652959824,-1.0034123659133911
1616624660002,2021-03-24T22:26:27.400Z,13.562,-0.07415216416120529,0.11257102340459824,-1.0041447877883911
1616624660041,2021-03-24T22:26:27.411Z,13.601,-0.07537286728620529,0.11061789840459824,-1.0063420534133911
1616624660081,2021-03-24T22:26:27.413Z,13.641,-0.07537286728620529,0.11257102340459824,-1.0053654909133911
1616624660120,2021-03-24T22:26:27.415Z,13.68,-0.07464044541120529,0.11183860152959824,-1.0053654909133911
1616624660160,2021-03-24T22:26:27.427Z,13.72,-0.07268732041120529,0.11428000777959824,-1.0080510377883911
1616624660199,2021-03-24T22:26:27.429Z,13.759,-0.07390802353620529,0.11257102340459824,-1.0041447877883911
1616624660240,2021-03-24T22:26:27.431Z,13.8,-0.07293146103620529,0.11061789840459824,-1.0043889284133911
1616624660280,2021-03-24T22:26:27.441Z,13.84,-0.07293146103620529,0.11232688277959824,-1.0041447877883911
1616624660320,2021-03-24T22:26:27.444Z,13.88,-0.07317560166120529,0.11330344527959824,-1.0031682252883911
1616624660359,2021-03-24T22:26:27.455Z,13.919,-0.07341974228620529,0.11208274215459824,-1.0058537721633911
1616624660399,2021-03-24T22:26:27.457Z,13.959,-0.07293146103620529,0.11110617965459824,-1.0012151002883911
1616624660438,2021-03-24T22:26:27.459Z,13.998,-0.07341974228620529,0.11232688277959824,-1.0056096315383911
1616624660478,2021-03-24T22:26:27.500Z,14.038,-0.07366388291120529,0.11037375777959824,-1.0068303346633911
1616624660517,2021-03-24T22:26:27.502Z,14.077,-0.07488458603620529,0.11403586715459824,-1.0048772096633911
1616624660557,2021-03-24T22:26:27.504Z,14.117,-0.07537286728620529,0.11208274215459824,-1.0043889284133911
1616624660596,2021-03-24T22:26:27.516Z,14.156,-0.07317560166120529,0.11012961715459824,-1.0058537721633911
1616624660636,2021-03-24T22:26:27.518Z,14.196,-0.07488458603620529,0.11305930465459824,-1.0043889284133911
1616624660677,2021-03-24T22:26:27.520Z,14.237,-0.07390802353620529,0.10964133590459824,-1.0058537721633911
1616624660717,2021-03-24T22:26:27.531Z,14.277,-0.07146661728620529,0.11232688277959824,-1.0031682252883911
1616624660756,2021-03-24T22:26:27.533Z,14.316,-0.07390802353620529,0.11110617965459824,-1.0065861940383911
1616624660796,2021-03-24T22:26:27.536Z,14.356,-0.07610528916120529,0.11281516402959824,-1.0043889284133911
1616624660835,2021-03-24T22:26:27.546Z,14.395,-0.07366388291120529,0.10744407027959824,-1.0029240846633911
1616624660875,2021-03-24T22:26:27.548Z,14.435,-0.07610528916120529,0.11110617965459824,-1.0048772096633911
1616624660914,2021-03-24T22:26:27.560Z,14.474,-0.07293146103620529,0.11086203902959824,-1.0056096315383911
1616624660954,2021-03-24T22:26:27.562Z,14.514,-0.07464044541120529,0.10817649215459824,-1.0029240846633911
1616624660993,2021-03-24T22:26:27.564Z,14.553,-0.07634942978620529,0.10939719527959824,-1.0048772096633911
1616624661033,2021-03-24T22:26:27.575Z,14.593,-0.07415216416120529,0.10988547652959824,-1.0075627565383911
1616624661072,2021-03-24T22:26:27.578Z,14.632,-0.07317560166120529,0.10890891402959824,-1.0060979127883911
1616624661114,2021-03-24T22:26:27.591Z,14.674,-0.07732599228620529,0.10964133590459824,-1.0109807252883911
1616624661153,2021-03-24T22:26:27.593Z,14.713,-0.07537286728620529,0.10915305465459824,-1.0036565065383911
1616624661193,2021-03-24T22:26:27.596Z,14.753,-0.07464044541120529,0.10793235152959824,-1.0075627565383911
1616624661232,2021-03-24T22:26:27.607Z,14.792,-0.07610528916120529,0.10915305465459824,-1.0048772096633911
1616624661272,2021-03-24T22:26:27.609Z,14.832,-0.07610528916120529,0.11135032027959824,-1.0041447877883911
1616624661311,2021-03-24T22:26:27.621Z,14.871,-0.07537286728620529,0.11061789840459824,-1.0046330690383911
1616624661351,2021-03-24T22:26:27.622Z,14.911,-0.07586114853620529,0.10793235152959824,-1.0041447877883911
1616624661390,2021-03-24T22:26:27.625Z,14.95,-0.07366388291120529,0.10793235152959824,-1.0009709596633911
1616624661430,2021-03-24T22:26:27.636Z,14.99,-0.07439630478620529,0.10744407027959824,-1.0053654909133911
1616624661469,2021-03-24T22:26:27.638Z,15.029,-0.07732599228620529,0.11037375777959824,-1.0068303346633911
1616624661509,2021-03-24T22:26:27.640Z,15.069,-0.07561700791120529,0.10964133590459824,-1.0043889284133911
1616624661550,2021-03-24T22:26:27.651Z,15.11,-0.07317560166120529,0.10768821090459824,-1.0046330690383911
1616624661590,2021-03-24T22:26:27.653Z,15.15,-0.07366388291120529,0.11012961715459824,-1.0034123659133911
1616624661629,2021-03-24T22:26:27.655Z,15.189,-0.07586114853620529,0.11037375777959824,-1.0039006471633911
1616624661669,2021-03-24T22:26:27.667Z,15.229,-0.07488458603620529,0.10866477340459824,-1.0043889284133911
1616624661708,2021-03-24T22:26:27.669Z,15.268,-0.07561700791120529,0.10988547652959824,-1.0041447877883911
1616624661748,2021-03-24T22:26:27.680Z,15.308,-0.07561700791120529,0.10988547652959824,-1.0048772096633911
1616624661787,2021-03-24T22:26:27.682Z,15.347,-0.07659357041120529,0.11110617965459824,-1.0036565065383911
1616624661827,2021-03-24T22:26:27.684Z,15.387,-0.07293146103620529,0.10744407027959824,-1.0063420534133911
1616624661866,2021-03-24T22:26:27.696Z,15.426,-0.07146661728620529,0.10768821090459824,-1.0080510377883911
1616624661907,2021-03-24T22:26:27.698Z,15.467,-0.06902521103620529,0.10988547652959824,-1.0048772096633911
1616624661947,2021-03-24T22:26:27.700Z,15.507,-0.07586114853620529,0.10817649215459824,-1.0073186159133911
1616624661987,2021-03-24T22:26:27.725Z,15.547,-0.07439630478620529,0.10842063277959824,-1.0043889284133911
1616624662026,2021-03-24T22:26:27.728Z,15.586,-0.07341974228620529,0.10842063277959824,-1.0060979127883911
1616624662066,2021-03-24T22:26:27.730Z,15.626,-0.07390802353620529,0.10793235152959824,-1.0043889284133911
1616624662105,2021-03-24T22:26:27.741Z,15.665,-0.07195489853620529,0.10915305465459824,-1.0060979127883911
1616624662145,2021-03-24T22:26:27.743Z,15.705,-0.07268732041120529,0.10964133590459824,-1.0058537721633911
1616624662184,2021-03-24T22:26:27.745Z,15.744,-0.07268732041120529,0.10817649215459824,-1.0034123659133911
1616624662224,2021-03-24T22:26:27.756Z,15.784,-0.07317560166120529,0.10866477340459824,-1.0056096315383911
1616624662263,2021-03-24T22:26:27.758Z,15.823,-0.07415216416120529,0.10866477340459824,-1.0051213502883911
1616624662303,2021-03-24T22:26:27.770Z,15.863,-0.07317560166120529,0.10915305465459824,-1.0053654909133911
1616624662343,2021-03-24T22:26:27.772Z,15.903,-0.07268732041120529,0.10842063277959824,-1.0031682252883911
1616624662384,2021-03-24T22:26:27.774Z,15.944,-0.07488458603620529,0.10646750777959824,-1.0046330690383911
1616624662423,2021-03-24T22:26:27.785Z,15.983,-0.07244317978620529,0.10890891402959824,-1.0041447877883911
1616624662463,2021-03-24T22:26:27.788Z,16.023,-0.07195489853620529,0.10744407027959824,-1.0039006471633911
1616624662502,2021-03-24T22:26:27.790Z,16.062,-0.07317560166120529,0.10793235152959824,-1.0036565065383911
1616624662542,2021-03-24T22:26:27.816Z,16.102,-0.07561700791120529,0.10793235152959824,-1.0053654909133911
1616624662581,2021-03-24T22:26:27.818Z,16.141,-0.07439630478620529,0.10817649215459824,-1.0043889284133911
1616624662621,2021-03-24T22:26:27.821Z,16.181,-0.07537286728620529,0.10890891402959824,-1.0060979127883911
1616624662660,2021-03-24T22:26:27.833Z,16.22,-0.07464044541120529,0.10793235152959824,-1.0070744752883911
1616624662700,2021-03-24T22:26:27.834Z,16.26,-0.07390802353620529,0.10890891402959824,-1.0043889284133911
1616624662739,2021-03-24T22:26:27.835Z,16.299,-0.07293146103620529,0.10890891402959824,-1.0053654909133911
1616624662779,2021-03-24T22:26:27.847Z,16.339,-0.07293146103620529,0.10866477340459824,-1.0060979127883911
1616624662819,2021-03-24T22:26:27.876Z,16.379,-0.07195489853620529,0.10768821090459824,-1.0051213502883911
1616624662860,2021-03-24T22:26:27.879Z,16.42,-0.07341974228620529,0.10744407027959824,-1.0031682252883911
1616624662899,2021-03-24T22:26:27.890Z,16.459,-0.07415216416120529,0.11012961715459824,-1.0041447877883911
1616624662939,2021-03-24T22:26:27.906Z,16.499,-0.07171075791120529,0.10744407027959824,-1.0039006471633911
1616624662978,2021-03-24T22:26:27.908Z,16.538,-0.07415216416120529,0.10915305465459824,-1.0053654909133911
1616624663018,2021-03-24T22:26:27.920Z,16.578,-0.07171075791120529,0.10768821090459824,-1.0058537721633911
1616624663057,2021-03-24T22:26:27.922Z,16.617,-0.07781427353620529,0.10768821090459824,-1.0048772096633911
1616624663097,2021-03-24T22:26:27.924Z,16.657,-0.07366388291120529,0.10866477340459824,-1.0041447877883911
1616624663136,2021-03-24T22:26:27.935Z,16.696,-0.07293146103620529,0.10768821090459824,-1.0051213502883911
1616624663176,2021-03-24T22:26:27.952Z,16.736,-0.07341974228620529,0.10842063277959824,-1.0058537721633911
1616624663216,2021-03-24T22:26:27.954Z,16.776,-0.07488458603620529,0.10817649215459824,-1.0056096315383911
1616624663255,2021-03-24T22:26:27.965Z,16.815,-0.07366388291120529,0.10719992965459824,-1.0039006471633911
1616624663295,2021-03-24T22:26:27.967Z,16.855,-0.07268732041120529,0.10768821090459824,-1.0063420534133911
1616624663336,2021-03-24T22:26:27.970Z,16.896,-0.07293146103620529,0.10866477340459824,-1.0036565065383911
1616624663375,2021-03-24T22:26:27.981Z,16.935,-0.07341974228620529,0.10964133590459824,-1.0053654909133911
1616624663415,2021-03-24T22:26:27.983Z,16.975,-0.07390802353620529,0.10719992965459824,-1.0080510377883911
1616624663454,2021-03-24T22:26:27.986Z,17.014,-0.07219903916120529,0.10842063277959824,-1.0036565065383911
1616624663494,2021-03-24T22:26:27.997Z,17.054,-0.07415216416120529,0.10866477340459824,-1.0046330690383911
1616624663533,2021-03-24T22:26:27.999Z,17.093,-0.07464044541120529,0.10842063277959824,-1.0068303346633911
1616624663573,2021-03-24T22:26:28.010Z,17.133,-0.07488458603620529,0.10842063277959824,-1.0048772096633911
1616624663613,2021-03-24T22:26:28.013Z,17.173,-0.07415216416120529,0.10915305465459824,-1.0068303346633911
1616624663652,2021-03-24T22:26:28.016Z,17.212,-0.07390802353620529,0.10793235152959824,-1.0034123659133911
1616624663692,2021-03-24T22:26:28.056Z,17.252,-0.07293146103620529,0.10695578902959824,-1.0053654909133911
1616624663731,2021-03-24T22:26:28.058Z,17.291,-0.07244317978620529,0.10719992965459824,-1.0056096315383911
1616624663772,2021-03-24T22:26:28.060Z,17.332,-0.07512872666120529,0.10719992965459824,-1.0063420534133911
1616624663812,2021-03-24T22:26:28.071Z,17.372,-0.07439630478620529,0.10719992965459824,-1.0063420534133911
1616624663851,2021-03-24T22:26:28.073Z,17.411,-0.07244317978620529,0.10964133590459824,-1.0046330690383911
1616624663891,2021-03-24T22:26:28.076Z,17.451,-0.07610528916120529,0.10817649215459824,-1.0046330690383911
1616624663930,2021-03-24T22:26:28.087Z,17.49,-0.07293146103620529,0.10695578902959824,-1.0048772096633911
1616624663970,2021-03-24T22:26:28.089Z,17.53,-0.07464044541120529,0.10646750777959824,-1.0063420534133911
1616624664010,2021-03-24T22:26:28.100Z,17.57,-0.07464044541120529,0.10842063277959824,-1.0036565065383911
1616624664049,2021-03-24T22:26:28.102Z,17.609,-0.07390802353620529,0.10842063277959824,-1.0048772096633911
1616624664089,2021-03-24T22:26:28.105Z,17.649,-0.07317560166120529,0.10744407027959824,-1.0060979127883911
1616624664128,2021-03-24T22:26:28.116Z,17.688,-0.07146661728620529,0.10719992965459824,-1.0041447877883911
1616624664168,2021-03-24T22:26:28.118Z,17.728,-0.07317560166120529,0.10744407027959824,-1.0043889284133911
1616624664209,2021-03-24T22:26:28.120Z,17.769,-0.07415216416120529,0.10866477340459824,-1.0039006471633911
1616624664248,2021-03-24T22:26:28.132Z,17.808,-0.07390802353620529,0.10744407027959824,-1.0056096315383911
1616624664288,2021-03-24T22:26:28.133Z,17.848,-0.07244317978620529,0.10793235152959824,-1.0053654909133911
1616624664327,2021-03-24T22:26:28.136Z,17.887,-0.07512872666120529,0.10866477340459824,-1.0075627565383911
1616624664367,2021-03-24T22:26:28.146Z,17.927,-0.07610528916120529,0.10597922652959824,-1.0065861940383911
1616624664406,2021-03-24T22:26:28.149Z,17.966,-0.07268732041120529,0.10695578902959824,-1.0034123659133911
1616624664446,2021-03-24T22:26:28.160Z,18.006,-0.07268732041120529,0.10817649215459824,-1.0041447877883911
1616624664486,2021-03-24T22:26:28.162Z,18.046,-0.07341974228620529,0.10622336715459824,-1.0048772096633911
1616624664525,2021-03-24T22:26:28.164Z,18.085,-0.07171075791120529,0.10842063277959824,-1.0041447877883911
1616624664565,2021-03-24T22:26:28.176Z,18.125,-0.07268732041120529,0.10866477340459824,-1.0036565065383911
1616624664604,2021-03-24T22:26:28.178Z,18.164,-0.07390802353620529,0.10964133590459824,-1.0031682252883911
1616624664645,2021-03-24T22:26:28.180Z,18.205,-0.07366388291120529,0.10793235152959824,-1.0068303346633911
1616624664685,2021-03-24T22:26:28.191Z,18.245,-0.07317560166120529,0.10744407027959824,-1.0043889284133911
1616624664724,2021-03-24T22:26:28.193Z,18.284,-0.07293146103620529,0.10646750777959824,-1.0056096315383911
1616624664764,2021-03-24T22:26:28.196Z,18.324,-0.07317560166120529,0.10597922652959824,-1.0060979127883911
1616624664803,2021-03-24T22:26:28.206Z,18.363,-0.07464044541120529,0.10719992965459824,-1.0060979127883911
1616624664843,2021-03-24T22:26:28.208Z,18.403,-0.07464044541120529,0.10842063277959824,-1.0046330690383911
1616624664883,2021-03-24T22:26:28.225Z,18.443,-0.07244317978620529,0.10573508590459824,-1.0036565065383911
1616624664922,2021-03-24T22:26:28.226Z,18.482,-0.07366388291120529,0.10793235152959824,-1.0070744752883911
1616624664962,2021-03-24T22:26:28.226Z,18.522,-0.07366388291120529,0.10793235152959824,-1.0053654909133911
1616624665001,2021-03-24T22:26:28.235Z,18.561,-0.07415216416120529,0.10671164840459824,-1.0051213502883911
1616624665042,2021-03-24T22:26:28.238Z,18.602,-0.07293146103620529,0.10768821090459824,-1.0070744752883911
1616624665080,2021-03-24T22:26:28.240Z,18.64,-0.07122247666120529,0.10671164840459824,-1.0082951784133911
1616624665121,2021-03-24T22:26:28.251Z,18.681,-0.07293146103620529,0.10744407027959824,-1.0048772096633911
1616624665161,2021-03-24T22:26:28.253Z,18.721,-0.07268732041120529,0.10890891402959824,-1.0073186159133911
1616624665200,2021-03-24T22:26:28.256Z,18.76,-0.07341974228620529,0.10695578902959824,-1.0063420534133911
1616624665240,2021-03-24T22:26:28.281Z,18.8,-0.07903497666120529,0.10671164840459824,-1.0063420534133911
1616624665280,2021-03-24T22:26:28.283Z,18.84,-0.07293146103620529,0.10719992965459824,-1.0051213502883911
1616624665319,2021-03-24T22:26:28.285Z,18.879,-0.07366388291120529,0.10768821090459824,-1.0065861940383911
1616624665359,2021-03-24T22:26:28.296Z,18.919,-0.07195489853620529,0.10793235152959824,-1.0063420534133911
1616624665398,2021-03-24T22:26:28.311Z,18.958,-0.07537286728620529,0.10695578902959824,-1.0036565065383911
1616624665438,2021-03-24T22:26:28.313Z,18.998,-0.07268732041120529,0.10793235152959824,-1.0056096315383911
1616624665477,2021-03-24T22:26:28.315Z,19.037,-0.07439630478620529,0.10671164840459824,-1.0053654909133911
1616624665517,2021-03-24T22:26:28.328Z,19.077,-0.07341974228620529,0.10842063277959824,-1.0034123659133911
1616624665558,2021-03-24T22:26:28.329Z,19.118,-0.07195489853620529,0.10915305465459824,-1.0056096315383911
1616624665597,2021-03-24T22:26:28.331Z,19.157,-0.07610528916120529,0.10695578902959824,-1.0048772096633911
1616624665637,2021-03-24T22:26:28.341Z,19.197,-0.07268732041120529,0.10939719527959824,-1.0068303346633911
1616624665677,2021-03-24T22:26:28.344Z,19.237,-0.07488458603620529,0.10964133590459824,-1.0051213502883911
1616624665716,2021-03-24T22:26:28.370Z,19.276,-0.07415216416120529,0.10866477340459824,-1.0053654909133911
1616624665756,2021-03-24T22:26:28.372Z,19.316,-0.07464044541120529,0.10793235152959824,-1.0051213502883911
1616624665795,2021-03-24T22:26:28.374Z,19.355,-0.07366388291120529,0.11159446090459824,-1.0075627565383911
1616624665835,2021-03-24T22:26:28.386Z,19.395,-0.07317560166120529,0.11037375777959824,-1.0041447877883911
1616624665874,2021-03-24T22:26:28.388Z,19.434,-0.07488458603620529,0.10402610152959824,-1.0036565065383911
1616624665914,2021-03-24T22:26:28.416Z,19.474,-0.07586114853620529,0.10231711715459824,-1.0063420534133911
1616624665953,2021-03-24T22:26:28.418Z,19.513,-0.07634942978620529,0.10524680465459824,-1.0056096315383911
1616624665994,2021-03-24T22:26:28.420Z,19.554,-0.07390802353620529,0.10378196090459824,-1.0060979127883911
1616624666034,2021-03-24T22:26:28.431Z,19.594,-0.07586114853620529,0.10475852340459824,-1.0075627565383911
1616624666073,2021-03-24T22:26:28.434Z,19.633,-0.07268732041120529,0.10402610152959824,-1.0073186159133911
1616624666113,2021-03-24T22:26:28.445Z,19.673,-0.07366388291120529,0.10524680465459824,-1.0065861940383911
1616624666153,2021-03-24T22:26:28.462Z,19.713,-0.07341974228620529,0.10427024215459824,-1.0031682252883911
1616624666192,2021-03-24T22:26:28.464Z,19.752,-0.07341974228620529,0.10622336715459824,-1.0063420534133911
1616624666232,2021-03-24T22:26:28.475Z,19.792,-0.07341974228620529,0.10475852340459824,-1.0070744752883911
1616624666271,2021-03-24T22:26:28.477Z,19.831,-0.07171075791120529,0.10427024215459824,-1.0053654909133911
1616624666311,2021-03-24T22:26:28.479Z,19.871,-0.07512872666120529,0.10475852340459824,-1.0043889284133911
1616624666350,2021-03-24T22:26:28.505Z,19.91,-0.07512872666120529,0.10549094527959824,-1.0065861940383911
1616624666390,2021-03-24T22:26:28.507Z,19.95,-0.07634942978620529,0.10793235152959824,-1.0039006471633911
1616624666429,2021-03-24T22:26:28.509Z,19.989,-0.07244317978620529,0.10597922652959824,-1.0041447877883911
1616624666470,2021-03-24T22:26:28.520Z,20.03,-0.07219903916120529,0.10671164840459824,-1.0051213502883911
1616624666510,2021-03-24T22:26:28.523Z,20.07,-0.07219903916120529,0.10549094527959824,-1.0036565065383911
1616624666550,2021-03-24T22:26:28.525Z,20.11,-0.07317560166120529,0.10744407027959824,-1.0026799440383911
1616624666589,2021-03-24T22:26:28.536Z,20.149,-0.07341974228620529,0.10573508590459824,-1.0068303346633911
1616624666629,2021-03-24T22:26:28.538Z,20.189,-0.07146661728620529,0.10719992965459824,-1.0036565065383911
1616624666668,2021-03-24T22:26:28.541Z,20.228,-0.07366388291120529,0.10597922652959824,-1.0051213502883911
1616624666708,2021-03-24T22:26:28.551Z,20.268,-0.07415216416120529,0.10597922652959824,-1.0063420534133911
1616624666747,2021-03-24T22:26:28.553Z,20.307,-0.07341974228620529,0.10524680465459824,-1.0048772096633911
1616624666787,2021-03-24T22:26:28.556Z,20.347,-0.07219903916120529,0.10549094527959824,-1.0075627565383911
1616624666826,2021-03-24T22:26:28.567Z,20.386,-0.07244317978620529,0.10622336715459824,-1.0056096315383911
1616624666866,2021-03-24T22:26:28.569Z,20.426,-0.07268732041120529,0.10817649215459824,-1.0048772096633911
1616624666907,2021-03-24T22:26:28.580Z,20.467,-0.07341974228620529,0.10573508590459824,-1.0041447877883911
1616624666947,2021-03-24T22:26:28.611Z,20.507,-0.07415216416120529,0.10695578902959824,-1.0031682252883911
1616624666986,2021-03-24T22:26:28.614Z,20.546,-0.07464044541120529,0.10524680465459824,-1.0039006471633911
1616624667026,2021-03-24T22:26:28.625Z,20.586,-0.07171075791120529,0.10744407027959824,-1.0070744752883911
1616624667065,2021-03-24T22:26:28.627Z,20.625,-0.07171075791120529,0.10549094527959824,-1.0048772096633911
1616624667105,2021-03-24T22:26:28.629Z,20.665,-0.07244317978620529,0.10475852340459824,-1.0039006471633911
1616624667144,2021-03-24T22:26:28.641Z,20.704,-0.07293146103620529,0.10768821090459824,-1.0063420534133911
1616624667184,2021-03-24T22:26:28.643Z,20.744,-0.07244317978620529,0.10573508590459824,-1.0034123659133911
1616624667223,2021-03-24T22:26:28.645Z,20.783,-0.07390802353620529,0.10719992965459824,-1.0053654909133911
1616624667263,2021-03-24T22:26:28.656Z,20.823,-0.07293146103620529,0.10671164840459824,-1.0058537721633911
1616624667302,2021-03-24T22:26:28.658Z,20.862,-0.07439630478620529,0.10427024215459824,-1.0051213502883911
1616624667342,2021-03-24T22:26:28.660Z,20.902,-0.07317560166120529,0.10597922652959824,-1.0068303346633911
1616624667383,2021-03-24T22:26:28.671Z,20.943,-0.07610528916120529,0.10695578902959824,-1.0051213502883911
1616624667423,2021-03-24T22:26:28.674Z,20.983,-0.07195489853620529,0.10646750777959824,-1.0065861940383911
1616624667462,2021-03-24T22:26:28.686Z,21.022,-0.07366388291120529,0.10500266402959824,-1.0056096315383911
1616624667502,2021-03-24T22:26:28.687Z,21.062,-0.07415216416120529,0.10549094527959824,-1.0073186159133911
1616624667541,2021-03-24T22:26:28.689Z,21.101,-0.07390802353620529,0.10768821090459824,-1.0053654909133911
1616624667581,2021-03-24T22:26:28.700Z,21.141,-0.07268732041120529,0.10549094527959824,-1.0053654909133911
1616624667620,2021-03-24T22:26:28.703Z,21.18,-0.07415216416120529,0.10768821090459824,-1.0053654909133911
1616624667660,2021-03-24T22:26:28.705Z,21.22,-0.07293146103620529,0.10768821090459824,-1.0053654909133911
1616624667699,2021-03-24T22:26:28.716Z,21.259,-0.07293146103620529,0.10671164840459824,-1.0058537721633911
1616624667739,2021-03-24T22:26:28.732Z,21.299,-0.07341974228620529,0.10695578902959824,-1.0041447877883911
1616624667779,2021-03-24T22:26:28.734Z,21.339,-0.07390802353620529,0.10646750777959824,-1.0056096315383911
1616624667820,2021-03-24T22:26:28.745Z,21.38,-0.07317560166120529,0.10622336715459824,-1.0036565065383911
1616624667859,2021-03-24T22:26:28.747Z,21.419,-0.07488458603620529,0.10524680465459824,-1.0065861940383911
1616624667899,2021-03-24T22:26:28.750Z,21.459,-0.07464044541120529,0.10622336715459824,-1.0063420534133911
1616624667938,2021-03-24T22:26:28.761Z,21.498,-0.07415216416120529,0.10597922652959824,-1.0041447877883911
1616624667978,2021-03-24T22:26:28.763Z,21.538,-0.07219903916120529,0.10524680465459824,-1.0041447877883911
1616624668017,2021-03-24T22:26:28.765Z,21.577,-0.07195489853620529,0.10768821090459824,-1.0041447877883911
1616624668057,2021-03-24T22:26:28.776Z,21.617,-0.07293146103620529,0.10671164840459824,-1.0034123659133911
1616624668096,2021-03-24T22:26:28.779Z,21.656,-0.07366388291120529,0.10695578902959824,-1.0031682252883911
1616624668136,2021-03-24T22:26:28.780Z,21.696,-0.07293146103620529,0.10671164840459824,-1.0053654909133911
1616624668176,2021-03-24T22:26:28.791Z,21.736,-0.07219903916120529,0.10646750777959824,-1.0058537721633911
1616624668215,2021-03-24T22:26:28.794Z,21.775,-0.07366388291120529,0.10549094527959824,-1.0056096315383911
1616624668256,2021-03-24T22:26:28.805Z,21.816,-0.07219903916120529,0.10842063277959824,-1.0039006471633911
1616624668296,2021-03-24T22:26:28.807Z,21.856,-0.07268732041120529,0.10646750777959824,-1.0053654909133911
1616624668335,2021-03-24T22:26:28.809Z,21.895,-0.07464044541120529,0.10622336715459824,-1.0056096315383911
1616624668375,2021-03-24T22:26:28.835Z,21.935,-0.07244317978620529,0.10671164840459824,-1.0053654909133911
1616624668414,2021-03-24T22:26:28.837Z,21.974,-0.07512872666120529,0.10988547652959824,-1.0043889284133911
1616624668454,2021-03-24T22:26:28.839Z,22.014,-0.07341974228620529,0.10915305465459824,-1.0065861940383911
1616624668493,2021-03-24T22:26:28.850Z,22.053,-0.07708185166120529,0.10866477340459824,-1.0046330690383911
1616624668533,2021-03-24T22:26:28.853Z,22.093,-0.07293146103620529,0.10890891402959824,-1.0043889284133911
1616624668572,2021-03-24T22:26:28.855Z,22.132,-0.07537286728620529,0.10988547652959824,-1.0073186159133911
1616624668612,2021-03-24T22:26:28.866Z,22.172,-0.07439630478620529,0.11379172652959824,-1.0043889284133911
1616624668652,2021-03-24T22:26:28.868Z,22.212,-0.07781427353620529,0.11696555465459824,-1.0060979127883911
1616624668691,2021-03-24T22:26:28.870Z,22.251,-0.07732599228620529,0.11720969527959824,-1.0017033815383911
1616624668732,2021-03-24T22:26:28.881Z,22.292,-0.07805841416120529,0.11769797652959824,-1.0031682252883911
1616624668772,2021-03-24T22:26:28.883Z,22.332,-0.07708185166120529,0.11525657027959824,-1.0036565065383911
1616624668811,2021-03-24T22:26:28.886Z,22.371,-0.07366388291120529,0.11208274215459824,-1.0031682252883911
1616624668851,2021-03-24T22:26:28.898Z,22.411,-0.07244317978620529,0.10549094527959824,-1.0021916627883911
1616624668890,2021-03-24T22:26:28.900Z,22.45,-0.07171075791120529,0.09352805465459824,-1.0139104127883911
1616624668930,2021-03-24T22:26:28.926Z,22.49,-0.07586114853620529,0.10109641402959824,-1.0090276002883911
1616624668969,2021-03-24T22:26:28.928Z,22.529,-0.07341974228620529,0.10036399215459824,-1.0092717409133911
1616624669009,2021-03-24T22:26:28.930Z,22.569,-0.07195489853620529,0.09816672652959824,-1.0058537721633911
1616624669049,2021-03-24T22:26:28.986Z,22.609,-0.07366388291120529,0.10109641402959824,-1.0060979127883911
1616624669088,2021-03-24T22:26:28.989Z,22.648,-0.07464044541120529,0.10353782027959824,-1.0053654909133911
1616624669128,2021-03-24T22:26:29.000Z,22.688,-0.07488458603620529,0.10256125777959824,-1.0034123659133911
1616624669169,2021-03-24T22:26:29.016Z,22.729,-0.07244317978620529,0.10329367965459824,-1.0031682252883911
1616624669208,2021-03-24T22:26:29.018Z,22.768,-0.07439630478620529,0.10256125777959824,-1.0051213502883911
1616624669248,2021-03-24T22:26:29.030Z,22.808,-0.07366388291120529,0.10378196090459824,-1.0043889284133911
1616624669287,2021-03-24T22:26:29.032Z,22.847,-0.07268732041120529,0.10402610152959824,-1.0058537721633911
1616624669327,2021-03-24T22:26:29.034Z,22.887,-0.07439630478620529,0.10256125777959824,-1.0046330690383911
1616624669366,2021-03-24T22:26:29.061Z,22.926,-0.07219903916120529,0.10182883590459824,-1.0065861940383911
1616624669406,2021-03-24T22:26:29.063Z,22.966,-0.07464044541120529,0.10304953902959824,-1.0046330690383911
1616624669446,2021-03-24T22:26:29.066Z,23.006,-0.07317560166120529,0.10402610152959824,-1.0065861940383911
1616624669485,2021-03-24T22:26:29.076Z,23.045,-0.07268732041120529,0.10256125777959824,-1.0075627565383911
1616624669525,2021-03-24T22:26:29.078Z,23.085,-0.07293146103620529,0.10329367965459824,-1.0056096315383911
1616624669564,2021-03-24T22:26:29.090Z,23.124,-0.07317560166120529,0.10085227340459824,-1.0065861940383911
1616624669605,2021-03-24T22:26:29.092Z,23.165,-0.07341974228620529,0.10378196090459824,-1.0046330690383911
1616624669645,2021-03-24T22:26:29.094Z,23.205,-0.07293146103620529,0.10256125777959824,-1.0078068971633911
1616624669684,2021-03-24T22:26:29.106Z,23.244,-0.07390802353620529,0.10207297652959824,-1.0070744752883911
1616624669724,2021-03-24T22:26:29.108Z,23.284,-0.07512872666120529,0.10231711715459824,-1.0058537721633911
1616624669763,2021-03-24T22:26:29.110Z,23.323,-0.07366388291120529,0.10158469527959824,-1.0073186159133911
1616624669803,2021-03-24T22:26:29.121Z,23.363,-0.07293146103620529,0.10256125777959824,-1.0060979127883911
1616624669843,2021-03-24T22:26:29.123Z,23.403,-0.07341974228620529,0.10231711715459824,-1.0041447877883911
1616624669882,2021-03-24T22:26:29.126Z,23.442,-0.07512872666120529,0.10427024215459824,-1.0060979127883911
1616624669922,2021-03-24T22:26:29.167Z,23.482,-0.07464044541120529,0.10158469527959824,-1.0046330690383911
1616624669961,2021-03-24T22:26:29.168Z,23.521,-0.07366388291120529,0.10182883590459824,-1.0065861940383911
1616624670001,2021-03-24T22:26:29.171Z,23.561,-0.07122247666120529,0.10329367965459824,-1.0070744752883911
1616624670042,2021-03-24T22:26:29.182Z,23.602,-0.07244317978620529,0.10304953902959824,-1.0046330690383911
1616624670081,2021-03-24T22:26:29.183Z,23.641,-0.07317560166120529,0.10231711715459824,-1.0058537721633911
1616624670121,2021-03-24T22:26:29.186Z,23.681,-0.07512872666120529,0.10353782027959824,-1.0056096315383911
1616624670160,2021-03-24T22:26:29.197Z,23.72,-0.07244317978620529,0.10182883590459824,-1.0056096315383911
1616624670200,2021-03-24T22:26:29.199Z,23.76,-0.07366388291120529,0.10231711715459824,-1.0043889284133911
1616624670239,2021-03-24T22:26:29.210Z,23.799,-0.07195489853620529,0.10085227340459824,-1.0053654909133911
1616624670279,2021-03-24T22:26:29.212Z,23.839,-0.07293146103620529,0.10402610152959824,-1.0053654909133911
1616624670319,2021-03-24T22:26:29.215Z,23.879,-0.07439630478620529,0.10427024215459824,-1.0051213502883911
1616624670358,2021-03-24T22:26:29.226Z,23.918,-0.07464044541120529,0.10378196090459824,-1.0060979127883911
1616624670398,2021-03-24T22:26:29.228Z,23.958,-0.07366388291120529,0.10304953902959824,-1.0058537721633911
1616624670437,2021-03-24T22:26:29.230Z,23.997,-0.07366388291120529,0.10280539840459824,-1.0058537721633911
1616624670478,2021-03-24T22:26:29.241Z,24.038,-0.07122247666120529,0.10231711715459824,-1.0053654909133911
1616624670518,2021-03-24T22:26:29.255Z,24.078,-0.07317560166120529,0.10280539840459824,-1.0060979127883911
1616624670557,2021-03-24T22:26:29.257Z,24.117,-0.07268732041120529,0.10280539840459824,-1.0039006471633911
1616624670597,2021-03-24T22:26:29.259Z,24.157,-0.07415216416120529,0.10231711715459824,-1.0060979127883911
1616624670636,2021-03-24T22:26:29.271Z,24.196,-0.07415216416120529,0.10402610152959824,-1.0053654909133911
1616624670676,2021-03-24T22:26:29.273Z,24.236,-0.07439630478620529,0.10451438277959824,-1.0053654909133911
1616624670716,2021-03-24T22:26:29.275Z,24.276,-0.07464044541120529,0.10304953902959824,-1.0060979127883911
1616624670755,2021-03-24T22:26:29.286Z,24.315,-0.07244317978620529,0.10280539840459824,-1.0065861940383911
1616624670795,2021-03-24T22:26:29.288Z,24.355,-0.07219903916120529,0.10500266402959824,-1.0060979127883911
1616624670834,2021-03-24T22:26:29.290Z,24.394,-0.07244317978620529,0.10378196090459824,-1.0031682252883911
1616624670874,2021-03-24T22:26:29.302Z,24.434,-0.07195489853620529,0.10256125777959824,-1.0053654909133911
1616624670913,2021-03-24T22:26:29.304Z,24.473,-0.07366388291120529,0.10109641402959824,-1.0046330690383911
1616624670954,2021-03-24T22:26:29.315Z,24.514,-0.07415216416120529,0.10060813277959824,-1.0041447877883911
1616624670994,2021-03-24T22:26:29.317Z,24.554,-0.06975763291120529,0.10353782027959824,-1.0063420534133911
1616624671033,2021-03-24T22:26:29.319Z,24.593,-0.07195489853620529,0.10256125777959824,-1.0060979127883911
1616624671073,2021-03-24T22:26:29.330Z,24.633,-0.07415216416120529,0.10402610152959824,-1.0046330690383911
1616624671113,2021-03-24T22:26:29.346Z,24.673,-0.07341974228620529,0.10256125777959824,-1.0060979127883911
1616624671152,2021-03-24T22:26:29.348Z,24.712,-0.07464044541120529,0.10500266402959824,-1.0053654909133911
1616624671192,2021-03-24T22:26:29.351Z,24.752,-0.07293146103620529,0.10378196090459824,-1.0068303346633911
1616624671231,2021-03-24T22:26:29.361Z,24.791,-0.07317560166120529,0.10378196090459824,-1.0078068971633911
1616624671271,2021-03-24T22:26:29.364Z,24.831,-0.07439630478620529,0.10280539840459824,-1.0060979127883911
1616624671310,2021-03-24T22:26:29.375Z,24.87,-0.07268732041120529,0.10280539840459824,-1.0046330690383911
1616624671350,2021-03-24T22:26:29.391Z,24.91,-0.07464044541120529,0.10256125777959824,-1.0063420534133911
1616624671391,2021-03-24T22:26:29.394Z,24.951,-0.07341974228620529,0.10378196090459824,-1.0053654909133911
1616624671430,2021-03-24T22:26:29.405Z,24.99,-0.07317560166120529,0.10207297652959824,-1.0080510377883911
1616624671470,2021-03-24T22:26:29.407Z,25.03,-0.07390802353620529,0.10353782027959824,-1.0078068971633911
1616624671510,2021-03-24T22:26:29.409Z,25.07,-0.07195489853620529,0.10280539840459824,-1.0085393190383911
1616624671549,2021-03-24T22:26:29.421Z,25.109,-0.07122247666120529,0.10231711715459824,-1.0065861940383911
1616624671589,2021-03-24T22:26:29.423Z,25.149,-0.07317560166120529,0.10353782027959824,-1.0058537721633911
1616624671628,2021-03-24T22:26:29.425Z,25.188,-0.07610528916120529,0.10329367965459824,-1.0068303346633911
1616624671668,2021-03-24T22:26:29.436Z,25.228,-0.07659357041120529,0.10549094527959824,-1.0048772096633911
1616624671707,2021-03-24T22:26:29.439Z,25.267,-0.07659357041120529,0.10573508590459824,-1.0080510377883911
1616624671747,2021-03-24T22:26:29.440Z,25.307,-0.07659357041120529,0.10842063277959824,-1.0060979127883911
1616624671786,2021-03-24T22:26:29.452Z,25.346,-0.07781427353620529,0.10817649215459824,-1.0056096315383911
1616624671827,2021-03-24T22:26:29.453Z,25.387,-0.08049982041120529,0.10915305465459824,-1.0043889284133911
1616624671867,2021-03-24T22:26:29.480Z,25.427,-0.08025567978620529,0.10939719527959824,-1.0056096315383911
1616624671906,2021-03-24T22:26:29.482Z,25.466,-0.08123224228620529,0.10768821090459824,-1.0051213502883911
1616624671946,2021-03-24T22:26:29.484Z,25.506,-0.07927911728620529,0.10793235152959824,-1.0043889284133911
1616624671986,2021-03-24T22:26:29.495Z,25.546,-0.07927911728620529,0.10915305465459824,-1.0065861940383911
1616624672025,2021-03-24T22:26:29.498Z,25.585,-0.08025567978620529,0.10842063277959824,-1.0036565065383911
1616624672065,2021-03-24T22:26:29.500Z,25.625,-0.08001153916120529,0.10964133590459824,-1.0053654909133911
1616624672104,2021-03-24T22:26:29.511Z,25.664,-0.07903497666120529,0.10890891402959824,-1.0046330690383911
1616624672144,2021-03-24T22:26:29.570Z,25.704,-0.07879083603620529,0.10866477340459824,-1.0065861940383911
1616624672183,2021-03-24T22:26:29.572Z,25.743,-0.08147638291120529,0.11183860152959824,-1.0007268190383911
1616624672223,2021-03-24T22:26:29.574Z,25.783,-0.08709161728620529,0.12404563277959824,-0.9997503161430359
1616624672264,2021-03-24T22:26:29.587Z,25.824,-0.09295099228620529,0.14284445345401764,-0.9982854723930359
1616624672303,2021-03-24T22:26:29.588Z,25.863,-0.11297052353620529,0.16652609407901764,-1.0007268190383911
1616624672343,2021-03-24T22:26:29.591Z,25.903,-0.11199396103620529,0.17775656282901764,-0.9858343005180359
1616624672383,2021-03-24T22:26:29.616Z,25.943,-0.1617986559867859,0.18483664095401764,-0.9909612536430359
1616624672422,2021-03-24T22:26:29.618Z,25.982,-0.1505681872367859,0.18898703157901764,-0.9821721911430359
1616624672462,2021-03-24T22:26:29.620Z,26.022,-0.1610662341117859,0.18508078157901764,-0.9799749255180359
1616624672501,2021-03-24T22:26:29.631Z,26.061,-0.1625310778617859,0.17678000032901764,-0.9836370348930359
1616624672541,2021-03-24T22:26:29.634Z,26.101,-0.1530095934867859,0.17409445345401764,-0.9802190661430359
1616624672580,2021-03-24T22:26:29.646Z,26.14,-0.1644842028617859,0.15383078157901764,-0.9912053942680359
1616624672620,2021-03-24T22:26:29.648Z,26.18,-0.1549627184867859,0.16530539095401764,-0.9882757067680359
1616624672659,2021-03-24T22:26:29.650Z,26.219,-0.1481267809867859,0.16384054720401764,-0.9868108630180359
1616624672700,2021-03-24T22:26:29.661Z,26.26,-0.1439763903617859,0.15944601595401764,-0.9887639880180359
1616624672740,2021-03-24T22:26:29.663Z,26.3,-0.1454412341117859,0.16042257845401764,-0.9885198473930359
1616624672780,2021-03-24T22:26:29.665Z,26.34,-0.1476384997367859,0.16384054720401764,-0.9843694567680359
1616624672819,2021-03-24T22:26:29.720Z,26.379,-0.1556951403617859,0.17580343782901764,-0.9877874255180359
1616624672859,2021-03-24T22:26:29.722Z,26.419,-0.1652166247367859,0.18288351595401764,-0.9799749255180359
1616624672898,2021-03-24T22:26:29.725Z,26.458,-0.1608220934867859,0.19313742220401764,-0.9794866442680359
1616624672938,2021-03-24T22:26:29.736Z,26.498,-0.1603338122367859,0.20534445345401764,-0.9782659411430359
1616624672977,2021-03-24T22:26:29.738Z,26.537,-0.1600896716117859,0.21315695345401764,-0.9780218005180359
1616624673017,2021-03-24T22:26:29.740Z,26.577,-0.1486150622367859,0.22145773470401764,-0.9765569567680359
1616624673056,2021-03-24T22:26:29.751Z,26.616,-0.1376287341117859,0.22756125032901764,-0.9719182848930359
1616624673097,2021-03-24T22:26:29.754Z,26.657,-0.1344549059867859,0.22511984407901764,-0.9770452380180359
1616624673137,2021-03-24T22:26:29.755Z,26.697,-0.11150567978620529,0.21974875032901764,-0.9872991442680359
1616624673177,2021-03-24T22:26:29.766Z,26.737,-0.11541192978620529,0.22121359407901764,-0.9753362536430359
1616624673216,2021-03-24T22:26:29.769Z,26.776,-0.11126153916120529,0.21926046907901764,-0.9785100817680359
1616624673256,2021-03-24T22:26:29.780Z,26.816,-0.10955255478620529,0.21584250032901764,-0.9728948473930359
1616624673295,2021-03-24T22:26:29.795Z,26.855,-0.11687677353620529,0.22121359407901764,-0.9821721911430359
1616624673335,2021-03-24T22:26:29.798Z,26.895,-0.12444513291120529,0.21437765657901764,-0.9787542223930359
1616624673374,2021-03-24T22:26:29.810Z,26.934,-0.1285955309867859,0.21730734407901764,-0.9821721911430359
1616624673414,2021-03-24T22:26:29.812Z,26.974,-0.11931817978620529,0.21926046907901764,-0.9787542223930359
1616624673453,2021-03-24T22:26:29.814Z,27.013,-0.1271306872367859,0.22511984407901764,-0.9750921130180359
1616624673493,2021-03-24T22:26:29.826Z,27.053,-0.12420099228620529,0.22023703157901764,-0.9772893786430359
1616624673534,2021-03-24T22:26:29.828Z,27.094,-0.11004083603620529,0.21388937532901764,-0.9760686755180359
1616624673573,2021-03-24T22:26:29.830Z,27.133,-0.11370294541120529,0.21584250032901764,-0.9804632067680359
1616624673613,2021-03-24T22:26:29.841Z,27.173,-0.11443536728620529,0.21242453157901764,-0.9797307848930359
1616624673653,2021-03-24T22:26:29.843Z,27.213,-0.11272638291120529,0.21608664095401764,-0.9814397692680359
1616624673692,2021-03-24T22:26:29.845Z,27.252,-0.10955255478620529,0.21535421907901764,-0.9682561755180359
1616624673732,2021-03-24T22:26:29.856Z,27.292,-0.11419122666120529,0.21511007845401764,-0.9848577380180359
1616624673771,2021-03-24T22:26:29.858Z,27.331,-0.11321466416120529,0.22292257845401764,-0.9741155505180359
1616624673811,2021-03-24T22:26:29.870Z,27.371,-0.10174005478620529,0.23415304720401764,-0.9872991442680359
1616624673850,2021-03-24T22:26:29.872Z,27.41,-0.10882013291120529,0.22463156282901764,-0.9875432848930359
1616624673890,2021-03-24T22:26:29.874Z,27.45,-0.11443536728620529,0.22707296907901764,-0.9868108630180359
1616624673929,2021-03-24T22:26:29.885Z,27.489,-0.09465997666120529,0.22194601595401764,-0.9797307848930359
1616624673970,2021-03-24T22:26:29.888Z,27.53,-0.07488458603620529,0.23610617220401764,-0.9780218005180359
1616624674010,2021-03-24T22:26:29.890Z,27.57,-0.09148614853620529,0.21877218782901764,-0.9797307848930359
1616624674050,2021-03-24T22:26:29.901Z,27.61,-0.09197442978620529,0.21364523470401764,-0.9853460192680359
1616624674089,2021-03-24T22:26:29.903Z,27.649,-0.09368341416120529,0.20973898470401764,-0.9855901598930359
1616624674129,2021-03-24T22:26:29.905Z,27.689,-0.09246271103620529,0.21071554720401764,-0.9836370348930359
1616624674168,2021-03-24T22:26:29.916Z,27.728,-0.08977716416120529,0.20827414095401764,-0.9824163317680359
1616624674208,2021-03-24T22:26:29.919Z,27.768,-0.09026544541120529,0.21047140657901764,-0.9819280505180359
1616624674247,2021-03-24T22:26:29.920Z,27.807,-0.06487482041120529,0.22023703157901764,-0.9853460192680359
1616624674287,2021-03-24T22:26:29.947Z,27.847,-0.07976739853620529,0.21511007845401764,-0.9870550036430359
1616624674326,2021-03-24T22:26:29.948Z,27.886,-0.09612482041120529,0.19484640657901764,-0.9890081286430359
1616624674366,2021-03-24T22:26:29.950Z,27.926,-0.08269708603620529,0.21486593782901764,-0.9848577380180359
1616624674406,2021-03-24T22:26:29.961Z,27.966,-0.08123224228620529,0.21340109407901764,-0.9821721911430359
1616624674447,2021-03-24T22:26:29.964Z,28.007,-0.07854669541120529,0.21657492220401764,-0.9753362536430359
1616624674486,2021-03-24T22:26:29.975Z,28.046,-0.08245294541120529,0.21169210970401764,-0.9887639880180359
1616624674526,2021-03-24T22:26:29.977Z,28.086,-0.08049982041120529,0.21266867220401764,-0.9826604723930359
1616624674565,2021-03-24T22:26:29.979Z,28.125,-0.08001153916120529,0.21169210970401764,-0.9887639880180359
1616624674605,2021-03-24T22:26:29.991Z,28.165,-0.07732599228620529,0.21022726595401764,-0.9814397692680359
1616624674644,2021-03-24T22:26:29.993Z,28.204,-0.08001153916120529,0.21144796907901764,-0.9875432848930359
1616624674684,2021-03-24T22:26:29.995Z,28.244,-0.07927911728620529,0.21022726595401764,-0.9802190661430359
1616624674723,2021-03-24T22:26:30.006Z,28.283,-0.07830255478620529,0.21218039095401764,-0.9848577380180359
1616624674763,2021-03-24T22:26:30.008Z,28.323,-0.08172052353620529,0.21218039095401764,-0.9851018786430359
1616624674802,2021-03-24T22:26:30.010Z,28.362,-0.07879083603620529,0.21218039095401764,-0.9841253161430359
1616624674842,2021-03-24T22:26:30.036Z,28.402,-0.08367364853620529,0.21120382845401764,-0.9831487536430359
1616624674883,2021-03-24T22:26:30.039Z,28.443,-0.08416192978620529,0.20729757845401764,-0.9821721911430359
1616624674923,2021-03-24T22:26:30.050Z,28.483,-0.08196466416120529,0.20754171907901764,-0.9868108630180359
1616624674962,2021-03-24T22:26:30.066Z,28.522,-0.08269708603620529,0.20534445345401764,-0.9853460192680359
1616624675002,2021-03-24T22:26:30.068Z,28.562,-0.08220880478620529,0.20949484407901764,-0.9865667223930359
1616624675041,2021-03-24T22:26:30.070Z,28.601,-0.08123224228620529,0.20656515657901764,-0.9851018786430359
1616624675081,2021-03-24T22:26:30.082Z,28.641,-0.08562677353620529,0.20949484407901764,-0.9880315661430359
1616624675120,2021-03-24T22:26:30.083Z,28.68,-0.08342950791120529,0.20998312532901764,-0.9897405505180359
1616624675160,2021-03-24T22:26:30.086Z,28.72,-0.08269708603620529,0.20998312532901764,-0.9833928942680359
1616624675199,2021-03-24T22:26:30.097Z,28.759,-0.08098810166120529,0.20973898470401764,-0.9831487536430359
1616624675239,2021-03-24T22:26:30.099Z,28.799,-0.08172052353620529,0.21047140657901764,-0.9858343005180359
1616624675279,2021-03-24T22:26:30.128Z,28.839,-0.08318536728620529,0.20973898470401764,-0.9880315661430359
1616624675320,2021-03-24T22:26:30.130Z,28.88,-0.08318536728620529,0.21047140657901764,-0.9855901598930359
1616624675359,2021-03-24T22:26:30.141Z,28.919,-0.08294122666120529,0.20973898470401764,-0.9880315661430359
1616624675399,2021-03-24T22:26:30.143Z,28.959,-0.08196466416120529,0.21095968782901764,-0.9846135973930359
1616624675438,2021-03-24T22:26:30.171Z,28.998,-0.08049982041120529,0.20803000032901764,-0.9848577380180359
1616624675478,2021-03-24T22:26:30.173Z,29.038,-0.08025567978620529,0.20754171907901764,-0.9855901598930359
1616624675517,2021-03-24T22:26:30.175Z,29.077,-0.07903497666120529,0.21071554720401764,-0.9848577380180359
1616624675557,2021-03-24T22:26:30.186Z,29.117,-0.08074396103620529,0.21071554720401764,-0.9833928942680359
1616624675596,2021-03-24T22:26:30.188Z,29.156,-0.08123224228620529,0.20876242220401764,-0.9858343005180359
1616624675636,2021-03-24T22:26:30.191Z,29.196,-0.08001153916120529,0.20949484407901764,-0.9851018786430359
1616624675676,2021-03-24T22:26:30.202Z,29.236,-0.08245294541120529,0.20973898470401764,-0.9836370348930359
1616624675715,2021-03-24T22:26:30.204Z,29.275,-0.07854669541120529,0.20827414095401764,-0.9848577380180359
1616624675756,2021-03-24T22:26:30.216Z,29.316,-0.08098810166120529,0.20851828157901764,-0.9855901598930359
1616624675796,2021-03-24T22:26:30.218Z,29.356,-0.08269708603620529,0.20973898470401764,-0.9882757067680359
1616624675835,2021-03-24T22:26:30.219Z,29.395,-0.07976739853620529,0.20998312532901764,-0.9841253161430359
1616624675875,2021-03-24T22:26:30.231Z,29.435,-0.08123224228620529,0.20876242220401764,-0.9860784411430359
1616624675914,2021-03-24T22:26:30.234Z,29.474,-0.07927911728620529,0.20851828157901764,-0.9841253161430359
1616624675954,2021-03-24T22:26:30.235Z,29.514,-0.07879083603620529,0.20998312532901764,-0.9887639880180359
1616624675993,2021-03-24T22:26:30.260Z,29.553,-0.08098810166120529,0.20778585970401764,-0.9853460192680359
1616624676033,2021-03-24T22:26:30.262Z,29.593,-0.08196466416120529,0.20729757845401764,-0.9855901598930359
1616624676072,2021-03-24T22:26:30.265Z,29.632,-0.08074396103620529,0.20998312532901764,-0.9855901598930359
1616624676112,2021-03-24T22:26:30.276Z,29.672,-0.07805841416120529,0.21022726595401764,-0.9880315661430359
1616624676152,2021-03-24T22:26:30.278Z,29.712,-0.08294122666120529,0.20949484407901764,-0.9855901598930359
1616624676193,2021-03-24T22:26:30.280Z,29.753,-0.07976739853620529,0.20949484407901764,-0.9875432848930359
1616624676232,2021-03-24T22:26:30.291Z,29.792,-0.08147638291120529,0.21095968782901764,-0.9843694567680359
1616624676272,2021-03-24T22:26:30.293Z,29.832,-0.07927911728620529,0.20803000032901764,-0.9860784411430359
1616624676311,2021-03-24T22:26:30.295Z,29.871,-0.08147638291120529,0.20827414095401764,-0.9851018786430359
1616624676351,2021-03-24T22:26:30.307Z,29.911,-0.07781427353620529,0.20803000032901764,-0.9877874255180359
1616624676390,2021-03-24T22:26:30.309Z,29.95,-0.07854669541120529,0.20705343782901764,-0.9875432848930359
1616624676430,2021-03-24T22:26:30.320Z,29.99,-0.08001153916120529,0.20827414095401764,-0.9851018786430359
1616624676469,2021-03-24T22:26:30.322Z,30.029,-0.07879083603620529,0.20607687532901764,-0.9829046130180359
1616624676509,2021-03-24T22:26:30.324Z,30.069,-0.07854669541120529,0.20680929720401764,-0.9853460192680359
1616624676549,2021-03-24T22:26:30.336Z,30.109,-0.08147638291120529,0.20534445345401764,-0.9890081286430359
1616624676588,2021-03-24T22:26:30.338Z,30.148,-0.07586114853620529,0.20754171907901764,-0.9860784411430359
1616624676629,2021-03-24T22:26:30.341Z,30.189,-0.07488458603620529,0.20949484407901764,-0.9843694567680359
1616624676669,2021-03-24T22:26:30.351Z,30.229,-0.07683771103620529,0.20729757845401764,-0.9877874255180359
1616624676708,2021-03-24T22:26:30.366Z,30.268,-0.07537286728620529,0.20900656282901764,-0.9882757067680359
1616624676748,2021-03-24T22:26:30.368Z,30.308,-0.07805841416120529,0.20485617220401764,-0.9853460192680359
1616624676787,2021-03-24T22:26:30.370Z,30.347,-0.07610528916120529,0.20339132845401764,-0.9870550036430359
1616624676827,2021-03-24T22:26:30.381Z,30.387,-0.07488458603620529,0.20192648470401764,-0.9894964098930359
1616624676866,2021-03-24T22:26:30.383Z,30.426,-0.07317560166120529,0.20412375032901764,-0.9870550036430359
1616624676906,2021-03-24T22:26:30.386Z,30.466,-0.07341974228620529,0.20339132845401764,-0.9880315661430359
1616624676946,2021-03-24T22:26:30.396Z,30.506,-0.07366388291120529,0.20387960970401764,-0.9894964098930359
1616624676985,2021-03-24T22:26:30.400Z,30.545,-0.07512872666120529,0.20265890657901764,-0.9887639880180359
1616624677025,2021-03-24T22:26:30.410Z,30.585,-0.07512872666120529,0.20046164095401764,-0.9868108630180359
1616624677066,2021-03-24T22:26:30.418Z,30.626,-0.07659357041120529,0.20265890657901764,-0.9904729723930359
1616624677105,2021-03-24T22:26:30.418Z,30.665,-0.07097833603620529,0.19948507845401764,-0.9887639880180359
1616624677145,2021-03-24T22:26:30.427Z,30.705,-0.07659357041120529,0.19972921907901764,-0.9902288317680359
1616624677184,2021-03-24T22:26:30.428Z,30.744,-0.07293146103620529,0.19948507845401764,-0.9892522692680359
1616624677224,2021-03-24T22:26:30.430Z,30.784,-0.07146661728620529,0.19875265657901764,-0.9904729723930359
1616624677263,2021-03-24T22:26:30.441Z,30.823,-0.07244317978620529,0.19704367220401764,-0.9880315661430359
1616624677303,2021-03-24T22:26:30.443Z,30.863,-0.07244317978620529,0.19972921907901764,-0.9877874255180359
1616624677343,2021-03-24T22:26:30.445Z,30.903,-0.07244317978620529,0.20094992220401764,-0.9882757067680359
1616624677382,2021-03-24T22:26:30.456Z,30.942,-0.07219903916120529,0.19704367220401764,-0.9887639880180359
1616624677422,2021-03-24T22:26:30.458Z,30.982,-0.07268732041120529,0.19728781282901764,-0.9882757067680359
1616624677463,2021-03-24T22:26:30.470Z,31.023,-0.07171075791120529,0.19631125032901764,-0.9894964098930359
1616624677502,2021-03-24T22:26:30.472Z,31.062,-0.07586114853620529,0.19704367220401764,-0.9946233630180359
1616624677542,2021-03-24T22:26:30.474Z,31.102,-0.06853692978620529,0.19313742220401764,-0.9890081286430359
1616624677581,2021-03-24T22:26:30.485Z,31.141,-0.06902521103620529,0.19460226595401764,-0.9899846911430359
1616624677621,2021-03-24T22:26:30.502Z,31.181,-0.07049005478620529,0.19386984407901764,-0.9912053942680359
1616624677660,2021-03-24T22:26:30.504Z,31.22,-0.07415216416120529,0.19313742220401764,-0.9914495348930359
1616624677700,2021-03-24T22:26:30.515Z,31.26,-0.06926935166120529,0.19094015657901764,-0.9919378161430359
1616624677739,2021-03-24T22:26:30.517Z,31.299,-0.06633966416120529,0.18532492220401764,-0.9912053942680359
1616624677779,2021-03-24T22:26:30.520Z,31.339,-0.06023615226149559,0.17214132845401764,-0.9982854723930359
1616624677819,2021-03-24T22:26:30.531Z,31.379,-0.06194513663649559,0.17214132845401764,-0.9965764880180359
1616624677858,2021-03-24T22:26:30.533Z,31.418,-0.06218927726149559,0.17043234407901764,-0.9941350817680359
1616624677898,2021-03-24T22:26:30.535Z,31.458,-0.05877130851149559,0.16506125032901764,-0.9963323473930359
1616624677939,2021-03-24T22:26:30.546Z,31.499,-0.05877130851149559,0.16872335970401764,-0.9955999255180359
1616624677978,2021-03-24T22:26:30.548Z,31.538,-0.06096857413649559,0.16139914095401764,-0.9997503161430359
1616624678018,2021-03-24T22:26:30.550Z,31.578,-0.06121271476149559,0.15676046907901764,-0.9975530505180359
1616624678057,2021-03-24T22:26:30.562Z,31.617,-0.06340997666120529,0.15383078157901764,-0.9980413317680359
1616624678097,2021-03-24T22:26:30.564Z,31.657,-0.05999201163649559,0.14992453157901764,-0.9992620348930359
1616624678136,2021-03-24T22:26:30.590Z,31.696,-0.06292169541120529,0.14748312532901764,-0.9948675036430359
1616624678176,2021-03-24T22:26:30.592Z,31.736,-0.06267755478620529,0.13625265657901764,-1.0021916627883911
1616624678216,2021-03-24T22:26:30.594Z,31.776,-0.06292169541120529,0.13429953157901764,-1.0058537721633911
1616624678255,2021-03-24T22:26:30.606Z,31.815,-0.05925958976149559,0.13478781282901764,-1.0021916627883911
1616624678295,2021-03-24T22:26:30.608Z,31.855,-0.06072443351149559,0.13307882845401764,-1.0017033815383911
1616624678334,2021-03-24T22:26:30.610Z,31.894,-0.06438653916120529,0.13674093782901764,-1.0087834596633911
1616624678375,2021-03-24T22:26:30.651Z,31.935,-0.06194513663649559,0.13454367220401764,-1.0161076784133911
1616624678415,2021-03-24T22:26:30.653Z,31.975,-0.06463067978620529,0.13893820345401764,-1.0012151002883911
1616624678454,2021-03-24T22:26:30.655Z,32.014,-0.06511896103620529,0.14015890657901764,-0.9943792223930359
1616624678494,2021-03-24T22:26:30.681Z,32.054,-0.06292169541120529,0.14308859407901764,-0.9973089098930359
1616624678533,2021-03-24T22:26:30.683Z,32.093,-0.06048029288649559,0.14211203157901764,-1.0031682252883911
1616624678573,2021-03-24T22:26:30.685Z,32.133,-0.06218927726149559,0.14284445345401764,-0.9995061755180359
1616624678613,2021-03-24T22:26:30.696Z,32.173,-0.06170099601149559,0.14137960970401764,-1.0002385377883911
1616624678652,2021-03-24T22:26:30.698Z,32.212,-0.06267755478620529,0.14040304720401764,-1.0017033815383911
1616624678692,2021-03-24T22:26:30.701Z,32.252,-0.06218927726149559,0.13844992220401764,-1.0021916627883911
1616624678731,2021-03-24T22:26:30.726Z,32.291,-0.06194513663649559,0.13844992220401764,-1.0029240846633911
1616624678771,2021-03-24T22:26:30.729Z,32.331,-0.06170099601149559,0.13869406282901764,-0.9995061755180359
1616624678810,2021-03-24T22:26:30.731Z,32.37,-0.06096857413649559,0.13722921907901764,-1.0007268190383911
1616624678851,2021-03-24T22:26:30.741Z,32.411,-0.06096857413649559,0.13942648470401764,-1.0004826784133911
1616624678891,2021-03-24T22:26:30.744Z,32.451,-0.06218927726149559,0.13991476595401764,-1.0014592409133911
1616624678930,2021-03-24T22:26:30.755Z,32.49,-0.06145685538649559,0.13967062532901764,-1.0024358034133911
1616624678970,2021-03-24T22:26:30.757Z,32.53,-0.06023615226149559,0.14040304720401764,-1.0019475221633911
1616624679010,2021-03-24T22:26:30.759Z,32.57,-0.06145685538649559,0.14064718782901764,-1.0019475221633911
1616624679049,2021-03-24T22:26:30.785Z,32.609,-0.06145685538649559,0.14137960970401764,-1.0021916627883911
1616624679089,2021-03-24T22:26:30.788Z,32.649,-0.06096857413649559,0.14040304720401764,-1.0031682252883911
1616624679128,2021-03-24T22:26:30.790Z,32.688,-0.06365411728620529,0.14040304720401764,-0.9999944567680359
1616624679168,2021-03-24T22:26:30.830Z,32.728,-0.06365411728620529,0.14260031282901764,-1.0031682252883911
1616624679207,2021-03-24T22:26:30.832Z,32.767,-0.06121271476149559,0.14040304720401764,-1.0024358034133911
1616624679247,2021-03-24T22:26:30.835Z,32.807,-0.05999201163649559,0.14284445345401764,-1.0012151002883911
1616624679288,2021-03-24T22:26:30.846Z,32.848,-0.06463067978620529,0.14089132845401764,-1.0021916627883911
1616624679327,2021-03-24T22:26:30.848Z,32.887,-0.05950373038649559,0.14064718782901764,-1.0017033815383911
1616624679367,2021-03-24T22:26:30.850Z,32.927,-0.06048029288649559,0.14064718782901764,-1.0019475221633911
1616624679406,2021-03-24T22:26:30.861Z,32.966,-0.06316583603620529,0.14113546907901764,-1.0002385377883911
1616624679446,2021-03-24T22:26:30.863Z,33.006,-0.05999201163649559,0.14284445345401764,-1.0007268190383911
1616624679486,2021-03-24T22:26:30.865Z,33.046,-0.06145685538649559,0.14211203157901764,-1.0007268190383911
1616624679525,2021-03-24T22:26:30.876Z,33.085,-0.06267755478620529,0.14137960970401764,-1.0036565065383911
1616624679565,2021-03-24T22:26:30.879Z,33.125,-0.06072443351149559,0.14040304720401764,-1.0002385377883911
1616624679604,2021-03-24T22:26:30.890Z,33.164,-0.06170099601149559,0.13991476595401764,-0.9992620348930359
1616624679644,2021-03-24T22:26:30.892Z,33.204,-0.06096857413649559,0.14137960970401764,-1.0034123659133911
1616624679683,2021-03-24T22:26:30.894Z,33.243,-0.06194513663649559,0.14162375032901764,-1.0026799440383911
1616624679723,2021-03-24T22:26:30.906Z,33.283,-0.06243341788649559,0.14260031282901764,-1.0007268190383911
1616624679764,2021-03-24T22:26:30.908Z,33.324,-0.06121271476149559,0.14186789095401764,-0.9990178942680359
1616624679803,2021-03-24T22:26:30.922Z,33.363,-0.06218927726149559,0.14040304720401764,-1.0012151002883911
1616624679843,2021-03-24T22:26:30.923Z,33.403,-0.06023615226149559,0.13918234407901764,-1.0019475221633911
1616624679883,2021-03-24T22:26:30.935Z,33.443,-0.06048029288649559,0.14113546907901764,-1.0007268190383911
1616624679922,2021-03-24T22:26:30.937Z,33.482,-0.06292169541120529,0.13991476595401764,-0.9999944567680359
1616624679962,2021-03-24T22:26:30.939Z,33.522,-0.06145685538649559,0.14137960970401764,-1.0029240846633911
1616624680001,2021-03-24T22:26:30.950Z,33.561,-0.06218927726149559,0.14186789095401764,-1.0021916627883911
1616624680041,2021-03-24T22:26:30.953Z,33.601,-0.06194513663649559,0.14040304720401764,-1.0002385377883911
1616624680080,2021-03-24T22:26:30.955Z,33.64,-0.06072443351149559,0.14162375032901764,-1.0029240846633911
1616624680120,2021-03-24T22:26:30.966Z,33.68,-0.06072443351149559,0.14089132845401764,-0.9997503161430359
1616624680159,2021-03-24T22:26:30.968Z,33.719,-0.06048029288649559,0.14089132845401764,-1.0021916627883911
1616624680200,2021-03-24T22:26:30.971Z,33.76,-0.06023615226149559,0.13991476595401764,-1.0004826784133911
1616624680240,2021-03-24T22:26:30.981Z,33.8,-0.06243341788649559,0.14137960970401764,-1.0039006471633911
1616624680280,2021-03-24T22:26:30.984Z,33.84,-0.06072443351149559,0.14089132845401764,-1.0017033815383911
1616624680319,2021-03-24T22:26:30.986Z,33.879,-0.06170099601149559,0.14040304720401764,-0.9997503161430359
1616624680359,2021-03-24T22:26:30.997Z,33.919,-0.06365411728620529,0.13967062532901764,-0.9990178942680359
1616624680398,2021-03-24T22:26:30.999Z,33.958,-0.06292169541120529,0.13771750032901764,-1.0019475221633911
1616624680438,2021-03-24T22:26:31.012Z,33.998,-0.06072443351149559,0.14064718782901764,-1.0034123659133911
1616624680477,2021-03-24T22:26:31.014Z,34.037,-0.06194513663649559,0.14040304720401764,-1.0021916627883911
1616624680517,2021-03-24T22:26:31.015Z,34.077,-0.06243341788649559,0.14089132845401764,-1.0017033815383911
1616624680556,2021-03-24T22:26:31.029Z,34.116,-0.06194513663649559,0.13967062532901764,-1.0024358034133911
1616624680597,2021-03-24T22:26:31.029Z,34.157,-0.06170099601149559,0.13967062532901764,-0.9982854723930359
1616624680637,2021-03-24T22:26:31.030Z,34.197,-0.06096857413649559,0.13918234407901764,-1.0029240846633911
1616624680677,2021-03-24T22:26:31.056Z,34.237,-0.06048029288649559,0.14064718782901764,-0.9995061755180359
1616624680716,2021-03-24T22:26:31.058Z,34.276,-0.06096857413649559,0.14113546907901764,-1.0021916627883911
1616624680756,2021-03-24T22:26:31.060Z,34.316,-0.06365411728620529,0.14015890657901764,-1.0009709596633911
1616624680795,2021-03-24T22:26:31.071Z,34.355,-0.06048029288649559,0.13991476595401764,-1.0026799440383911
1616624680835,2021-03-24T22:26:31.073Z,34.395,-0.06145685538649559,0.14089132845401764,-1.0019475221633911
1616624680874,2021-03-24T22:26:31.075Z,34.434,-0.06243341788649559,0.13991476595401764,-1.0012151002883911
1616624680914,2021-03-24T22:26:31.087Z,34.474,-0.06218927726149559,0.14211203157901764,-1.0007268190383911
1616624680953,2021-03-24T22:26:31.089Z,34.513,-0.06292169541120529,0.14137960970401764,-1.0029240846633911
1616624680993,2021-03-24T22:26:31.100Z,34.553,-0.06072443351149559,0.14235617220401764,-1.0002385377883911
1616624681032,2021-03-24T22:26:31.102Z,34.592,-0.05999201163649559,0.14064718782901764,-1.0034123659133911
1616624681072,2021-03-24T22:26:31.104Z,34.632,-0.05999201163649559,0.14040304720401764,-1.0009709596633911
1616624681113,2021-03-24T22:26:31.116Z,34.673,-0.05950373038649559,0.14064718782901764,-1.0012151002883911
1616624681153,2021-03-24T22:26:31.118Z,34.713,-0.06243341788649559,0.14089132845401764,-0.9995061755180359
1616624681192,2021-03-24T22:26:31.121Z,34.752,-0.06170099601149559,0.14015890657901764,-0.9999944567680359
1616624681232,2021-03-24T22:26:31.146Z,34.792,-0.06121271476149559,0.13967062532901764,-1.0021916627883911
1616624681271,2021-03-24T22:26:31.149Z,34.831,-0.05974787101149559,0.14137960970401764,-1.0019475221633911
1616624681311,2021-03-24T22:26:31.160Z,34.871,-0.06023615226149559,0.14186789095401764,-1.0048772096633911
1616624681350,2021-03-24T22:26:31.162Z,34.91,-0.06096857413649559,0.13918234407901764,-0.9997503161430359
1616624681390,2021-03-24T22:26:31.164Z,34.95,-0.06194513663649559,0.14113546907901764,-1.0014592409133911
1616624681429,2021-03-24T22:26:31.176Z,34.989,-0.06267755478620529,0.13967062532901764,-1.0024358034133911
1616624681469,2021-03-24T22:26:31.178Z,35.029,-0.06121271476149559,0.14064718782901764,-1.0019475221633911
1616624681509,2021-03-24T22:26:31.208Z,35.069,-0.06145685538649559,0.14089132845401764,-0.9999944567680359
1616624681548,2021-03-24T22:26:31.209Z,35.108,-0.06218927726149559,0.14064718782901764,-1.0014592409133911
1616624681589,2021-03-24T22:26:31.220Z,35.149,-0.05999201163649559,0.14064718782901764,-1.0007268190383911
1616624681629,2021-03-24T22:26:31.236Z,35.189,-0.06218927726149559,0.13942648470401764,-0.9990178942680359
1616624681668,2021-03-24T22:26:31.239Z,35.228,-0.05999201163649559,0.13820578157901764,-1.0009709596633911
1616624681708,2021-03-24T22:26:31.250Z,35.268,-0.05706232413649559,0.13942648470401764,-1.0073186159133911
1616624681747,2021-03-24T22:26:31.252Z,35.307,-0.05755060538649559,0.13698507845401764,-1.0007268190383911
1616624681787,2021-03-24T22:26:31.254Z,35.347,-0.05803888663649559,0.13820578157901764,-0.9995061755180359
1616624681826,2021-03-24T22:26:31.280Z,35.386,-0.05877130851149559,0.13893820345401764,-1.0009709596633911
1616624681866,2021-03-24T22:26:31.282Z,35.426,-0.06218927726149559,0.13967062532901764,-1.0019475221633911
1616624681906,2021-03-24T22:26:31.284Z,35.466,-0.06023615226149559,0.13967062532901764,-1.0004826784133911
1616624681945,2021-03-24T22:26:31.295Z,35.505,-0.05925958976149559,0.13918234407901764,-1.0021916627883911
1616624681985,2021-03-24T22:26:31.298Z,35.545,-0.05950373038649559,0.13844992220401764,-1.0026799440383911
1616624682026,2021-03-24T22:26:31.300Z,35.586,-0.06048029288649559,0.13820578157901764,-0.9990178942680359
1616624682065,2021-03-24T22:26:31.311Z,35.625,-0.05925958976149559,0.14015890657901764,-1.0002385377883911
1616624682105,2021-03-24T22:26:31.313Z,35.665,-0.05828302726149559,0.13942648470401764,-0.9995061755180359
1616624682144,2021-03-24T22:26:31.316Z,35.704,-0.06048029288649559,0.13796164095401764,-1.0036565065383911
1616624682184,2021-03-24T22:26:31.327Z,35.744,-0.05950373038649559,0.13844992220401764,-1.0036565065383911
1616624682223,2021-03-24T22:26:31.329Z,35.783,-0.05901544913649559,0.13967062532901764,-1.0017033815383911
1616624682263,2021-03-24T22:26:31.331Z,35.823,-0.05901544913649559,0.13844992220401764,-1.0017033815383911
1616624682302,2021-03-24T22:26:31.342Z,35.862,-0.05877130851149559,0.13893820345401764,-1.0021916627883911
1616624682342,2021-03-24T22:26:31.344Z,35.902,-0.05974787101149559,0.14015890657901764,-1.0009709596633911
1616624682382,2021-03-24T22:26:31.355Z,35.942,-0.05925958976149559,0.13942648470401764,-1.0007268190383911
1616624682421,2021-03-24T22:26:31.387Z,35.981,-0.05657404288649559,0.14015890657901764,-1.0007268190383911
1616624682462,2021-03-24T22:26:31.389Z,36.022,-0.05999201163649559,0.13893820345401764,-0.9995061755180359
1616624682502,2021-03-24T22:26:31.400Z,36.062,-0.06072443351149559,0.13796164095401764,-1.0039006471633911
1616624682541,2021-03-24T22:26:31.402Z,36.101,-0.06023615226149559,0.14089132845401764,-1.0029240846633911
1616624682581,2021-03-24T22:26:31.405Z,36.141,-0.05779474601149559,0.13820578157901764,-1.0012151002883911
1616624682620,2021-03-24T22:26:31.416Z,36.18,-0.05755060538649559,0.13942648470401764,-0.9982854723930359
1616624682660,2021-03-24T22:26:31.418Z,36.22,-0.05999201163649559,0.14162375032901764,-1.0026799440383911
1616624682699,2021-03-24T22:26:31.420Z,36.259,-0.06023615226149559,0.14015890657901764,-1.0019475221633911
1616624682739,2021-03-24T22:26:31.432Z,36.299,-0.06096857413649559,0.13820578157901764,-1.0017033815383911
1616624682779,2021-03-24T22:26:31.434Z,36.339,-0.05999201163649559,0.13820578157901764,-1.0036565065383911
1616624682818,2021-03-24T22:26:31.436Z,36.378,-0.06145685538649559,0.14015890657901764,-1.0043889284133911
1616624682858,2021-03-24T22:26:31.446Z,36.418,-0.05950373038649559,0.13967062532901764,-1.0007268190383911
1616624682899,2021-03-24T22:26:31.449Z,36.459,-0.05974787101149559,0.13918234407901764,-1.0017033815383911
1616624682938,2021-03-24T22:26:31.460Z,36.498,-0.05974787101149559,0.14064718782901764,-1.0026799440383911
1616624682978,2021-03-24T22:26:31.462Z,36.538,-0.05925958976149559,0.13820578157901764,-1.0017033815383911
1616624683017,2021-03-24T22:26:31.464Z,36.577,-0.06023615226149559,0.14015890657901764,-1.0009709596633911
1616624683057,2021-03-24T22:26:31.476Z,36.617,-0.05999201163649559,0.13942648470401764,-0.9997503161430359
1616624683096,2021-03-24T22:26:31.478Z,36.656,-0.05852716788649559,0.13820578157901764,-0.9997503161430359
1616624683136,2021-03-24T22:26:31.480Z,36.696,-0.06048029288649559,0.14040304720401764,-1.0002385377883911
1616624683176,2021-03-24T22:26:31.491Z,36.736,-0.05730646476149559,0.13942648470401764,-1.0024358034133911
1616624683215,2021-03-24T22:26:31.493Z,36.775,-0.06023615226149559,0.13991476595401764,-1.0002385377883911
1616624683255,2021-03-24T22:26:31.496Z,36.815,-0.06096857413649559,0.13869406282901764,-1.0009709596633911
1616624683294,2021-03-24T22:26:31.507Z,36.854,-0.06121271476149559,0.13942648470401764,-1.0031682252883911
1616624683334,2021-03-24T22:26:31.509Z,36.894,-0.05999201163649559,0.13893820345401764,-1.0012151002883911
1616624683375,2021-03-24T22:26:31.520Z,36.935,-0.05877130851149559,0.13820578157901764,-1.0017033815383911
1616624683414,2021-03-24T22:26:31.522Z,36.974,-0.05999201163649559,0.13918234407901764,-1.0053654909133911
1616624683454,2021-03-24T22:26:31.524Z,37.014,-0.06096857413649559,0.14113546907901764,-1.0009709596633911
1616624683493,2021-03-24T22:26:31.535Z,37.053,-0.06267755478620529,0.14162375032901764,-1.0007268190383911
1616624683533,2021-03-24T22:26:31.538Z,37.093,-0.06414239853620529,0.14260031282901764,-1.0004826784133911
1616624683572,2021-03-24T22:26:31.540Z,37.132,-0.06389825791120529,0.14357687532901764,-1.0026799440383911
1616624683612,2021-03-24T22:26:31.551Z,37.172,-0.06267755478620529,0.14382101595401764,-1.0007268190383911
1616624683652,2021-03-24T22:26:31.553Z,37.212,-0.06218927726149559,0.14162375032901764,-0.9992620348930359
1616624683691,2021-03-24T22:26:31.555Z,37.251,-0.06414239853620529,0.14089132845401764,-1.0039006471633911
1616624683732,2021-03-24T22:26:31.570Z,37.292,-0.06438653916120529,0.14113546907901764,-1.0024358034133911
1616624683770,2021-03-24T22:26:31.570Z,37.33,-0.06121271476149559,0.14162375032901764,-1.0009709596633911
1616624683811,2021-03-24T22:26:31.571Z,37.371,-0.06194513663649559,0.14308859407901764,-0.9980413317680359
1616624683851,2021-03-24T22:26:31.582Z,37.411,-0.06316583603620529,0.14284445345401764,-0.9990178942680359
1616624683890,2021-03-24T22:26:31.584Z,37.45,-0.06267755478620529,0.14186789095401764,-1.0012151002883911
1616624683930,2021-03-24T22:26:31.595Z,37.49,-0.06121271476149559,0.14235617220401764,-1.0024358034133911
1616624683969,2021-03-24T22:26:31.612Z,37.529,-0.06267755478620529,0.14064718782901764,-1.0004826784133911
1616624684009,2021-03-24T22:26:31.614Z,37.569,-0.06267755478620529,0.14308859407901764,-1.0041447877883911
1616624684049,2021-03-24T22:26:31.625Z,37.609,-0.06072443351149559,0.14064718782901764,-1.0021916627883911
1616624684088,2021-03-24T22:26:31.627Z,37.648,-0.06145685538649559,0.14064718782901764,-0.9992620348930359
1616624684128,2021-03-24T22:26:31.641Z,37.688,-0.06145685538649559,0.14113546907901764,-1.0002385377883911
1616624684167,2021-03-24T22:26:31.643Z,37.727,-0.06096857413649559,0.14357687532901764,-1.0017033815383911
1616624684207,2021-03-24T22:26:31.645Z,37.767,-0.06145685538649559,0.14113546907901764,-1.0004826784133911
1616624684248,2021-03-24T22:26:31.656Z,37.808,-0.05877130851149559,0.14137960970401764,-0.9992620348930359
1616624684287,2021-03-24T22:26:31.658Z,37.847,-0.06145685538649559,0.14284445345401764,-1.0002385377883911
1616624684327,2021-03-24T22:26:31.661Z,37.887,-0.06072443351149559,0.14137960970401764,-0.9999944567680359
1616624684366,2021-03-24T22:26:31.672Z,37.926,-0.05999201163649559,0.14357687532901764,-0.9992620348930359
1616624684406,2021-03-24T22:26:31.674Z,37.966,-0.06072443351149559,0.14333273470401764,-1.0004826784133911
1616624684446,2021-03-24T22:26:31.700Z,38.006,-0.06072443351149559,0.14137960970401764,-0.9992620348930359
1616624684485,2021-03-24T22:26:31.702Z,38.045,-0.06096857413649559,0.14137960970401764,-1.0012151002883911
1616624684525,2021-03-24T22:26:31.704Z,38.085,-0.05999201163649559,0.13869406282901764,-1.0002385377883911
1616624684564,2021-03-24T22:26:31.715Z,38.124,-0.05925958976149559,0.14260031282901764,-0.9999944567680359
1616624684604,2021-03-24T22:26:31.746Z,38.164,-0.06023615226149559,0.14113546907901764,-1.0026799440383911
1616624684643,2021-03-24T22:26:31.748Z,38.203,-0.06096857413649559,0.14113546907901764,-1.0009709596633911
1616624684683,2021-03-24T22:26:31.750Z,38.243,-0.05828302726149559,0.14162375032901764,-1.0021916627883911
1616624684724,2021-03-24T22:26:31.762Z,38.284,-0.05950373038649559,0.14089132845401764,-0.9995061755180359
1616624684763,2021-03-24T22:26:31.763Z,38.323,-0.06267755478620529,0.14113546907901764,-1.0039006471633911
1616624684803,2021-03-24T22:26:31.766Z,38.363,-0.06096857413649559,0.14137960970401764,-0.9999944567680359
1616624684843,2021-03-24T22:26:31.791Z,38.403,-0.05901544913649559,0.13942648470401764,-0.9990178942680359
1616624684882,2021-03-24T22:26:31.793Z,38.442,-0.06145685538649559,0.14260031282901764,-0.9992620348930359
1616624684922,2021-03-24T22:26:31.795Z,38.482,-0.06048029288649559,0.14089132845401764,-1.0021916627883911
1616624684961,2021-03-24T22:26:31.807Z,38.521,-0.06121271476149559,0.14040304720401764,-1.0012151002883911
1616624685001,2021-03-24T22:26:31.810Z,38.561,-0.06096857413649559,0.14406515657901764,-1.0007268190383911
1616624685040,2021-03-24T22:26:31.836Z,38.6,-0.06023615226149559,0.14186789095401764,-1.0034123659133911
1616624685080,2021-03-24T22:26:31.838Z,38.64,-0.06048029288649559,0.14186789095401764,-1.0024358034133911
1616624685119,2021-03-24T22:26:31.840Z,38.679,-0.06145685538649559,0.14162375032901764,-1.0004826784133911
1616624685160,2021-03-24T22:26:31.851Z,38.72,-0.05950373038649559,0.13918234407901764,-1.0014592409133911
1616624685200,2021-03-24T22:26:31.854Z,38.76,-0.06048029288649559,0.14186789095401764,-1.0031682252883911
1616624685239,2021-03-24T22:26:31.856Z,38.799,-0.06170099601149559,0.14186789095401764,-1.0021916627883911
1616624685279,2021-03-24T22:26:31.867Z,38.839,-0.05925958976149559,0.14113546907901764,-1.0026799440383911
1616624685319,2021-03-24T22:26:31.869Z,38.879,-0.06023615226149559,0.14089132845401764,-1.0012151002883911
1616624685358,2021-03-24T22:26:31.880Z,38.918,-0.06145685538649559,0.14040304720401764,-1.0031682252883911
1616624685398,2021-03-24T22:26:31.882Z,38.958,-0.06121271476149559,0.14333273470401764,-0.9995061755180359
1616624685437,2021-03-24T22:26:31.884Z,38.997,-0.05925958976149559,0.13918234407901764,-1.0021916627883911
1616624685477,2021-03-24T22:26:31.896Z,39.037,-0.06096857413649559,0.14211203157901764,-1.0041447877883911
1616624685516,2021-03-24T22:26:31.898Z,39.076,-0.06145685538649559,0.13967062532901764,-1.0014592409133911
1616624685556,2021-03-24T22:26:31.901Z,39.116,-0.06145685538649559,0.14162375032901764,-1.0012151002883911
1616624685597,2021-03-24T22:26:31.941Z,39.157,-0.06267755478620529,0.13967062532901764,-1.0004826784133911
1616624685636,2021-03-24T22:26:31.943Z,39.196,-0.06170099601149559,0.14162375032901764,-1.0014592409133911
1616624685676,2021-03-24T22:26:31.946Z,39.236,-0.06145685538649559,0.14308859407901764,-1.0031682252883911
1616624685716,2021-03-24T22:26:31.957Z,39.276,-0.05925958976149559,0.14064718782901764,-1.0012151002883911
1616624685755,2021-03-24T22:26:31.958Z,39.315,-0.06023615226149559,0.14137960970401764,-1.0007268190383911
1616624685795,2021-03-24T22:26:31.970Z,39.355,-0.05999201163649559,0.13918234407901764,-1.0012151002883911
1616624685834,2021-03-24T22:26:31.972Z,39.394,-0.06218927726149559,0.14357687532901764,-0.9992620348930359
1616624685874,2021-03-24T22:26:31.974Z,39.434,-0.06170099601149559,0.14015890657901764,-0.9970647692680359
1616624685913,2021-03-24T22:26:31.986Z,39.473,-0.06048029288649559,0.14089132845401764,-1.0031682252883911
1616624685953,2021-03-24T22:26:31.988Z,39.513,-0.05828302726149559,0.14137960970401764,-1.0004826784133911
1616624685992,2021-03-24T22:26:31.990Z,39.552,-0.06267755478620529,0.14113546907901764,-1.0017033815383911
1616624686032,2021-03-24T22:26:32.001Z,39.592,-0.05828302726149559,0.14186789095401764,-1.0039006471633911
1616624686073,2021-03-24T22:26:32.004Z,39.633,-0.06243341788649559,0.14186789095401764,-0.9973089098930359
1616624686113,2021-03-24T22:26:32.006Z,39.673,-0.05999201163649559,0.14064718782901764,-1.0012151002883911
1616624686152,2021-03-24T22:26:32.016Z,39.712,-0.05974787101149559,0.14211203157901764,-1.0026799440383911
1616624686192,2021-03-24T22:26:32.018Z,39.752,-0.06170099601149559,0.14064718782901764,-0.9990178942680359
1616624686231,2021-03-24T22:26:32.030Z,39.791,-0.05974787101149559,0.14333273470401764,-0.9990178942680359
1616624686271,2021-03-24T22:26:32.032Z,39.831,-0.06145685538649559,0.14113546907901764,-0.9995061755180359
1616624686310,2021-03-24T22:26:32.034Z,39.87,-0.06194513663649559,0.14015890657901764,-1.0012151002883911
1616624686350,2021-03-24T22:26:32.045Z,39.91,-0.05950373038649559,0.14089132845401764,-0.9987737536430359
1616624686389,2021-03-24T22:26:32.048Z,39.949,-0.05999201163649559,0.13942648470401764,-0.9995061755180359
1616624686429,2021-03-24T22:26:32.050Z,39.989,-0.06072443351149559,0.14064718782901764,-1.0021916627883911
1616624686468,2021-03-24T22:26:32.061Z,40.028,-0.06072443351149559,0.14015890657901764,-1.0034123659133911
1616624686510,2021-03-24T22:26:32.063Z,40.07,-0.06072443351149559,0.14211203157901764,-1.0039006471633911
1616624686549,2021-03-24T22:26:32.065Z,40.109,-0.05950373038649559,0.14333273470401764,-1.0024358034133911
1616624686589,2021-03-24T22:26:32.077Z,40.149,-0.06194513663649559,0.14137960970401764,-0.9990178942680359
1616624686628,2021-03-24T22:26:32.078Z,40.188,-0.06023615226149559,0.14137960970401764,-1.0075627565383911
1616624686668,2021-03-24T22:26:32.080Z,40.228,-0.05999201163649559,0.14284445345401764,-1.0082951784133911
1616624686707,2021-03-24T22:26:32.092Z,40.267,-0.06340997666120529,0.14040304720401764,-0.9992620348930359
1616624686747,2021-03-24T22:26:32.094Z,40.307,-0.06365411728620529,0.14113546907901764,-0.9987737536430359
1616624686786,2021-03-24T22:26:32.105Z,40.346,-0.06170099601149559,0.14113546907901764,-1.0056096315383911
1616624686826,2021-03-24T22:26:32.107Z,40.386,-0.06243341788649559,0.14260031282901764,-1.0004826784133911
1616624686865,2021-03-24T22:26:32.110Z,40.425,-0.06243341788649559,0.14308859407901764,-0.9995061755180359
1616624686905,2021-03-24T22:26:32.121Z,40.465,-0.06365411728620529,0.14235617220401764,-0.9985296130180359
1616624686946,2021-03-24T22:26:32.123Z,40.506,-0.06414239853620529,0.14406515657901764,-1.0024358034133911
1616624686986,2021-03-24T22:26:32.125Z,40.546,-0.06756036728620529,0.14235617220401764,-1.0002385377883911
1616624687025,2021-03-24T22:26:32.138Z,40.585,-0.06633966416120529,0.14479757845401764,-0.9968206286430359
1616624687065,2021-03-24T22:26:32.139Z,40.625,-0.07122247666120529,0.15212179720401764,-0.9973089098930359
1616624687104,2021-03-24T22:26:32.141Z,40.664,-0.07952325791120529,0.16286398470401764,-0.9968206286430359
1616624687144,2021-03-24T22:26:32.166Z,40.704,-0.09319513291120529,0.16823507845401764,-0.9965764880180359
1616624687183,2021-03-24T22:26:32.168Z,40.743,-0.09832208603620529,0.16652609407901764,-0.9938909411430359
1616624687223,2021-03-24T22:26:32.170Z,40.783,-0.09197442978620529,0.16896750032901764,-0.9946233630180359
1616624687262,2021-03-24T22:26:32.181Z,40.822,-0.09465997666120529,0.16628195345401764,-0.9951116442680359
1616624687302,2021-03-24T22:26:32.183Z,40.862,-0.09856622666120529,0.16432882845401764,-0.9929143786430359
1616624687342,2021-03-24T22:26:32.195Z,40.902,-0.10174005478620529,0.16115500032901764,-0.9948675036430359
1616624687383,2021-03-24T22:26:32.197Z,40.943,-0.09905450791120529,0.15969015657901764,-0.9921819567680359
1616624687422,2021-03-24T22:26:32.199Z,40.982,-0.09929864853620529,0.15065695345401764,-0.9968206286430359
1616624687462,2021-03-24T22:26:32.210Z,41.022,-0.09807794541120529,0.15114523470401764,-0.9973089098930359
1616624687501,2021-03-24T22:26:32.213Z,41.061,-0.09539239853620529,0.15041281282901764,-0.9958440661430359
1616624687541,2021-03-24T22:26:32.215Z,41.101,-0.09514825791120529,0.14845968782901764,-0.9999944567680359
1616624687580,2021-03-24T22:26:32.226Z,41.14,-0.09465997666120529,0.15016867220401764,-0.9980413317680359
1616624687620,2021-03-24T22:26:32.228Z,41.18,-0.09563653916120529,0.15212179720401764,-0.9980413317680359
1616624687659,2021-03-24T22:26:32.231Z,41.219,-0.09758966416120529,0.15334250032901764,-0.9943792223930359
1616624687699,2021-03-24T22:26:32.257Z,41.259,-0.09099786728620529,0.15505148470401764,-0.9968206286430359
1616624687739,2021-03-24T22:26:32.287Z,41.299,-0.09050958603620529,0.15676046907901764,-0.9973089098930359
1616624687778,2021-03-24T22:26:32.289Z,41.338,-0.09075372666120529,0.15773703157901764,-0.9870550036430359
1616624687819,2021-03-24T22:26:32.300Z,41.379,-0.09270685166120529,0.16237570345401764,-0.9916936755180359
1616624687859,2021-03-24T22:26:32.303Z,41.419,-0.09661310166120529,0.16921164095401764,-0.9902288317680359
1616624687898,2021-03-24T22:26:32.305Z,41.458,-0.10515802353620529,0.16677023470401764,-0.9902288317680359
1616624687938,2021-03-24T22:26:32.316Z,41.498,-0.09832208603620529,0.18141867220401764,-0.9973089098930359
1616624687977,2021-03-24T22:26:32.318Z,41.537,-0.04656427726149559,0.23635031282901764,-0.9753362536430359
1616624688017,2021-03-24T22:26:32.321Z,41.577,0.01935369335114956,0.27443626523017883,-0.9748479723930359
1616624688056,2021-03-24T22:26:32.346Z,41.616,-0.02971857227385044,0.23195578157901764,-0.9826604723930359
1616624688096,2021-03-24T22:26:32.348Z,41.656,-0.03801935538649559,0.22267843782901764,-0.9877874255180359
1616624688135,2021-03-24T22:26:32.350Z,41.695,-0.03826349601149559,0.21511007845401764,-0.9868108630180359
1616624688175,2021-03-24T22:26:32.362Z,41.735,-0.04046076163649559,0.20851828157901764,-0.9919378161430359
1616624688215,2021-03-24T22:26:32.364Z,41.775,-0.03264826163649559,0.19777609407901764,-0.9926702380180359
1616624688254,2021-03-24T22:26:32.375Z,41.814,-0.02898615039885044,0.18727804720401764,-0.9892522692680359
1616624688295,2021-03-24T22:26:32.392Z,41.855,-0.02581232227385044,0.18263937532901764,-0.9936468005180359
1616624688335,2021-03-24T22:26:32.394Z,41.895,-0.02923029102385044,0.18483664095401764,-0.9936468005180359
1616624688374,2021-03-24T22:26:32.405Z,41.934,-0.02312677539885044,0.17848898470401764,-0.9977971911430359
1616624688414,2021-03-24T22:26:32.407Z,41.974,-0.02654474414885044,0.18410421907901764,-0.9951116442680359
1616624688453,2021-03-24T22:26:32.409Z,42.013,-0.01726740039885044,0.17507101595401764,-0.9990178942680359
1616624688493,2021-03-24T22:26:32.421Z,42.053,-0.01848810352385044,0.17726828157901764,-0.9916936755180359
1616624688532,2021-03-24T22:26:32.423Z,42.092,-0.01873224414885044,0.18019796907901764,-0.9992620348930359
1616624688572,2021-03-24T22:26:32.425Z,42.132,-0.01970880664885044,0.17873312532901764,-0.9965764880180359
1616624688612,2021-03-24T22:26:32.437Z,42.172,-0.01629083789885044,0.18068625032901764,-0.9931585192680359
1616624688651,2021-03-24T22:26:32.438Z,42.211,-0.014337712898850441,0.17848898470401764,-0.9965764880180359
1616624688691,2021-03-24T22:26:32.440Z,42.251,-0.01702325977385044,0.17824484407901764,-0.9946233630180359
1616624688732,2021-03-24T22:26:32.452Z,42.292,-0.02385919727385044,0.17824484407901764,-0.9929143786430359
1616624688771,2021-03-24T22:26:32.454Z,42.331,-0.01726740039885044,0.17678000032901764,-0.9916936755180359
1616624688811,2021-03-24T22:26:32.465Z,42.371,-0.01848810352385044,0.17458273470401764,-0.9975530505180359
1616624688850,2021-03-24T22:26:32.497Z,42.41,-0.01653497852385044,0.17385031282901764,-1.0007268190383911
1616624688890,2021-03-24T22:26:32.498Z,42.45,-0.0028631037566810846,0.17116476595401764,-0.9960882067680359
1616624688929,2021-03-24T22:26:32.500Z,42.489,-0.009210759773850441,0.17238546907901764,-0.9975530505180359
1616624688969,2021-03-24T22:26:32.512Z,42.529,-0.010431462898850441,0.17458273470401764,-0.9960882067680359
1616624689009,2021-03-24T22:26:32.514Z,42.569,-0.009943181648850441,0.17360617220401764,-0.9977971911430359
1616624689048,2021-03-24T22:26:32.525Z,42.608,-0.012140447273850441,0.17262960970401764,-0.9975530505180359
1616624689088,2021-03-24T22:26:32.527Z,42.648,-0.012384587898850441,0.17092062532901764,-0.9990178942680359
1616624689127,2021-03-24T22:26:32.530Z,42.687,-0.010431462898850441,0.16945578157901764,-0.9975530505180359
1616624689168,2021-03-24T22:26:32.541Z,42.728,-0.010431462898850441,0.16603781282901764,-0.9999944567680359
1616624689208,2021-03-24T22:26:32.543Z,42.768,-0.010187322273850441,0.16701437532901764,-1.0012151002883911
1616624689247,2021-03-24T22:26:32.545Z,42.807,-0.009943181648850441,0.17043234407901764,-0.9965764880180359
1616624689287,2021-03-24T22:26:32.556Z,42.847,-0.010919744148850441,0.16799093782901764,-0.9999944567680359
1616624689326,2021-03-24T22:26:32.558Z,42.886,-0.010187322273850441,0.16774679720401764,-0.9970647692680359
1616624689366,2021-03-24T22:26:32.561Z,42.926,-0.009943181648850441,0.16872335970401764,-0.9990178942680359
1616624689406,2021-03-24T22:26:32.571Z,42.966,-0.009210759773850441,0.16896750032901764,-0.9973089098930359
1616624689445,2021-03-24T22:26:32.586Z,43.005,-0.007990056648850441,0.17092062532901764,-1.0012151002883911
1616624689485,2021-03-24T22:26:32.588Z,43.045,-0.009943181648850441,0.17043234407901764,-0.9975530505180359
1616624689524,2021-03-24T22:26:32.590Z,43.084,-0.009699041023850441,0.17116476595401764,-0.9968206286430359
1616624689564,2021-03-24T22:26:32.602Z,43.124,-0.009699041023850441,0.16896750032901764,-0.9995061755180359
1616624689603,2021-03-24T22:26:32.603Z,43.163,-0.010187322273850441,0.16969992220401764,-0.9977971911430359
1616624689644,2021-03-24T22:26:32.606Z,43.204,-0.011163884773850441,0.16701437532901764,-0.9990178942680359
1616624689684,2021-03-24T22:26:32.617Z,43.244,-0.010675603523850441,0.16847921907901764,-0.9990178942680359
1616624689723,2021-03-24T22:26:32.619Z,43.283,-0.007501775398850441,0.16896750032901764,-1.0012151002883911
1616624689763,2021-03-24T22:26:32.630Z,43.323,-0.010431462898850441,0.17043234407901764,-0.9960882067680359
1616624689802,2021-03-24T22:26:32.632Z,43.362,-0.011408025398850441,0.16945578157901764,-1.0009709596633911
1616624689842,2021-03-24T22:26:32.635Z,43.402,-0.007745916023850441,0.16799093782901764,-0.9987737536430359
1616624689882,2021-03-24T22:26:32.647Z,43.442,-0.009943181648850441,0.16921164095401764,-1.0004826784133911
1616624689921,2021-03-24T22:26:32.649Z,43.481,-0.011163884773850441,0.16872335970401764,-0.9992620348930359
1616624689961,2021-03-24T22:26:32.651Z,43.521,-0.008966619148850441,0.16823507845401764,-0.9960882067680359
1616624690000,2021-03-24T22:26:32.661Z,43.56,-0.008722478523850441,0.16750265657901764,-1.0002385377883911
1616624690040,2021-03-24T22:26:32.665Z,43.6,-0.009699041023850441,0.16994406282901764,-0.9963323473930359
1616624690081,2021-03-24T22:26:32.675Z,43.641,-0.011896306648850441,0.17043234407901764,-0.9990178942680359
1616624690120,2021-03-24T22:26:32.677Z,43.68,-0.011408025398850441,0.16725851595401764,-0.9982854723930359
1616624690160,2021-03-24T22:26:32.679Z,43.72,-0.012140447273850441,0.16921164095401764,-0.9946233630180359
1616624690199,2021-03-24T22:26:32.691Z,43.759,-0.010675603523850441,0.16921164095401764,-1.0002385377883911
1616624690239,2021-03-24T22:26:32.693Z,43.799,-0.010187322273850441,0.17043234407901764,-0.9960882067680359
1616624690279,2021-03-24T22:26:32.695Z,43.839,-0.010187322273850441,0.16799093782901764,-0.9968206286430359
1616624690318,2021-03-24T22:26:32.720Z,43.878,-0.009699041023850441,0.16994406282901764,-0.9995061755180359
1616624690358,2021-03-24T22:26:32.723Z,43.918,-0.009699041023850441,0.17092062532901764,-0.9941350817680359
1616624690397,2021-03-24T22:26:32.725Z,43.957,-0.009699041023850441,0.17116476595401764,-0.9985296130180359
1616624690437,2021-03-24T22:26:32.736Z,43.997,-0.010187322273850441,0.16799093782901764,-0.9982854723930359
1616624690476,2021-03-24T22:26:32.738Z,44.036,-0.009210759773850441,0.16896750032901764,-0.9999944567680359
1616624690517,2021-03-24T22:26:32.741Z,44.077,-0.007990056648850441,0.16969992220401764,-0.9970647692680359
1616624690557,2021-03-24T22:26:32.751Z,44.117,-0.008966619148850441,0.16872335970401764,-1.0012151002883911
1616624690596,2021-03-24T22:26:32.753Z,44.156,-0.010675603523850441,0.16994406282901764,-0.9982854723930359
1616624690636,2021-03-24T22:26:32.756Z,44.196,-0.010431462898850441,0.17140890657901764,-1.0014592409133911
1616624690676,2021-03-24T22:26:32.767Z,44.236,-0.008966619148850441,0.17043234407901764,-0.9982854723930359
1616624690715,2021-03-24T22:26:32.769Z,44.275,-0.010675603523850441,0.16872335970401764,-0.9990178942680359
1616624690755,2021-03-24T22:26:32.780Z,44.315,-0.011408025398850441,0.17018820345401764,-0.9977971911430359
1616624690794,2021-03-24T22:26:32.782Z,44.354,-0.009454900398850441,0.16750265657901764,-1.0017033815383911
1616624690834,2021-03-24T22:26:32.811Z,44.394,-0.010431462898850441,0.16994406282901764,-0.9965764880180359
1616624690873,2021-03-24T22:26:32.813Z,44.433,-0.007990056648850441,0.16872335970401764,-0.9985296130180359
1616624690913,2021-03-24T22:26:32.826Z,44.473,-0.010919744148850441,0.16701437532901764,-1.0004826784133911
1616624690954,2021-03-24T22:26:32.828Z,44.514,-0.014093572273850441,0.16725851595401764,-1.0007268190383911
1616624690993,2021-03-24T22:26:32.830Z,44.553,-0.013117009773850441,0.16872335970401764,-0.9975530505180359
1616624691033,2021-03-24T22:26:32.841Z,44.593,-0.012872869148850441,0.16969992220401764,-0.9973089098930359
1616624691072,2021-03-24T22:26:32.843Z,44.632,-0.009210759773850441,0.16945578157901764,-0.9977971911430359
1616624691112,2021-03-24T22:26:32.846Z,44.672,-0.011408025398850441,0.16799093782901764,-0.9982854723930359
1616624691152,2021-03-24T22:26:32.857Z,44.712,-0.007745916023850441,0.16628195345401764,-0.9975530505180359
1616624691191,2021-03-24T22:26:32.858Z,44.751,-0.011896306648850441,0.16701437532901764,-0.9970647692680359
1616624691231,2021-03-24T22:26:32.870Z,44.791,-0.012140447273850441,0.16774679720401764,-0.9980413317680359
1616624691270,2021-03-24T22:26:32.872Z,44.83,-0.013605291023850441,0.16994406282901764,-0.9970647692680359
1616624691310,2021-03-24T22:26:32.874Z,44.87,-0.011652166023850441,0.16677023470401764,-0.9980413317680359
1616624691349,2021-03-24T22:26:32.885Z,44.909,-0.012872869148850441,0.16872335970401764,-0.9980413317680359
1616624691389,2021-03-24T22:26:32.902Z,44.949,-0.012628728523850441,0.16701437532901764,-0.9990178942680359
1616624691430,2021-03-24T22:26:32.904Z,44.99,-0.013849431648850441,0.16603781282901764,-0.9985296130180359
1616624691469,2021-03-24T22:26:32.915Z,45.029,-0.013117009773850441,0.16750265657901764,-0.9965764880180359
1616624691509,2021-03-24T22:26:32.918Z,45.069,-0.011652166023850441,0.16847921907901764,-0.9973089098930359
1616624691549,2021-03-24T22:26:32.920Z,45.109,-0.010675603523850441,0.16725851595401764,-0.9992620348930359
1616624691588,2021-03-24T22:26:32.945Z,45.148,-0.011652166023850441,0.16799093782901764,-0.9992620348930359
1616624691628,2021-03-24T22:26:32.947Z,45.188,-0.010675603523850441,0.16750265657901764,-0.9990178942680359
1616624691667,2021-03-24T22:26:32.950Z,45.227,-0.013117009773850441,0.16457296907901764,-0.9980413317680359
1616624691707,2021-03-24T22:26:32.961Z,45.267,-0.011408025398850441,0.16750265657901764,-0.9992620348930359
1616624691746,2021-03-24T22:26:32.963Z,45.306,-0.012384587898850441,0.16774679720401764,-0.9970647692680359
1616624691786,2021-03-24T22:26:32.965Z,45.346,-0.012384587898850441,0.16823507845401764,-0.9992620348930359
1616624691825,2021-03-24T22:26:32.976Z,45.385,-0.012872869148850441,0.16677023470401764,-0.9997503161430359
1616624691866,2021-03-24T22:26:32.978Z,45.426,-0.010675603523850441,0.16774679720401764,-0.9995061755180359
1616624691906,2021-03-24T22:26:32.980Z,45.466,-0.011896306648850441,0.16725851595401764,-0.9975530505180359
1616624691946,2021-03-24T22:26:32.991Z,45.506,-0.011408025398850441,0.16628195345401764,-0.9985296130180359
1616624691985,2021-03-24T22:26:32.994Z,45.545,-0.013117009773850441,0.16872335970401764,-0.9977971911430359
1616624692025,2021-03-24T22:26:33.005Z,45.585,-0.012628728523850441,0.16701437532901764,-0.9982854723930359
1616624692064,2021-03-24T22:26:33.008Z,45.624,-0.010431462898850441,0.16579367220401764,-0.9982854723930359
1616624692104,2021-03-24T22:26:33.010Z,45.664,-0.011652166023850441,0.16506125032901764,-0.9963323473930359
1616624692143,2021-03-24T22:26:33.052Z,45.703,-0.012872869148850441,0.16652609407901764,-1.0017033815383911
1616624692183,2021-03-24T22:26:33.053Z,45.743,-0.010431462898850441,0.16554953157901764,-0.9992620348930359
1616624692222,2021-03-24T22:26:33.055Z,45.782,-0.012384587898850441,0.16823507845401764,-0.9965764880180359
1616624692262,2021-03-24T22:26:33.066Z,45.822,-0.012140447273850441,0.16506125032901764,-0.9997503161430359
1616624692303,2021-03-24T22:26:33.068Z,45.863,-0.012872869148850441,0.16774679720401764,-0.9992620348930359
1616624692343,2021-03-24T22:26:33.071Z,45.903,-0.011163884773850441,0.16677023470401764,-0.9963323473930359
1616624692382,2021-03-24T22:26:33.082Z,45.942,-0.013849431648850441,0.16750265657901764,-0.9980413317680359
1616624692422,2021-03-24T22:26:33.083Z,45.982,-0.013361150398850441,0.16969992220401764,-0.9982854723930359
1616624692461,2021-03-24T22:26:33.095Z,46.021,-0.014093572273850441,0.16774679720401764,-0.9975530505180359
1616624692501,2021-03-24T22:26:33.097Z,46.061,-0.011163884773850441,0.17018820345401764,-1.0004826784133911
1616624692540,2021-03-24T22:26:33.099Z,46.1,-0.013605291023850441,0.16823507845401764,-0.9995061755180359
1616624692580,2021-03-24T22:26:33.110Z,46.14,-0.013117009773850441,0.16847921907901764,-0.9985296130180359
1616624692619,2021-03-24T22:26:33.113Z,46.179,-0.012140447273850441,0.16725851595401764,-0.9987737536430359
1616624692659,2021-03-24T22:26:33.115Z,46.219,-0.011896306648850441,0.16603781282901764,-0.9982854723930359
1616624692698,2021-03-24T22:26:33.126Z,46.258,-0.012384587898850441,0.16750265657901764,-0.9992620348930359
1616624692739,2021-03-24T22:26:33.128Z,46.299,-0.015070134773850441,0.16701437532901764,-0.9999944567680359
1616624692779,2021-03-24T22:26:33.142Z,46.339,-0.010919744148850441,0.16628195345401764,-0.9980413317680359
1616624692819,2021-03-24T22:26:33.143Z,46.379,-0.012384587898850441,0.16750265657901764,-0.9975530505180359
1616624692858,2021-03-24T22:26:33.145Z,46.418,-0.012628728523850441,0.16945578157901764,-0.9985296130180359
1616624692898,2021-03-24T22:26:33.156Z,46.458,-0.013605291023850441,0.16799093782901764,-0.9999944567680359
1616624692937,2021-03-24T22:26:33.158Z,46.497,-0.011408025398850441,0.16579367220401764,-0.9985296130180359
1616624692977,2021-03-24T22:26:33.161Z,46.537,-0.012384587898850441,0.16750265657901764,-0.9973089098930359
1616624693016,2021-03-24T22:26:33.171Z,46.576,-0.011163884773850441,0.16677023470401764,-0.9985296130180359
1616624693056,2021-03-24T22:26:33.173Z,46.616,-0.013361150398850441,0.16725851595401764,-0.9968206286430359
1616624693095,2021-03-24T22:26:33.185Z,46.655,-0.012872869148850441,0.16701437532901764,-1.0014592409133911
1616624693135,2021-03-24T22:26:33.187Z,46.695,-0.014581853523850441,0.16652609407901764,-0.9987737536430359
1616624693176,2021-03-24T22:26:33.189Z,46.736,-0.012872869148850441,0.16774679720401764,-0.9990178942680359
1616624693216,2021-03-24T22:26:33.201Z,46.776,-0.011163884773850441,0.16823507845401764,-0.9999944567680359
1616624693255,2021-03-24T22:26:33.203Z,46.815,-0.012872869148850441,0.16750265657901764,-0.9982854723930359
1616624693295,2021-03-24T22:26:33.205Z,46.855,-0.014825994148850441,0.16725851595401764,-0.9992620348930359
1616624693334,2021-03-24T22:26:33.216Z,46.894,-0.014093572273850441,0.16652609407901764,-0.9987737536430359
1616624693374,2021-03-24T22:26:33.218Z,46.934,-0.013605291023850441,0.16725851595401764,-1.0012151002883911
1616624693413,2021-03-24T22:26:33.221Z,46.973,-0.012628728523850441,0.16725851595401764,-0.9973089098930359
1616624693453,2021-03-24T22:26:33.232Z,47.013,-0.012628728523850441,0.16823507845401764,-0.9985296130180359
1616624693492,2021-03-24T22:26:33.234Z,47.052,-0.012628728523850441,0.16969992220401764,-0.9965764880180359
1616624693532,2021-03-24T22:26:33.248Z,47.092,-0.011652166023850441,0.16677023470401764,-0.9977971911430359
1616624693572,2021-03-24T22:26:33.249Z,47.132,-0.011163884773850441,0.16799093782901764,-0.9970647692680359
1616624693613,2021-03-24T22:26:33.260Z,47.173,-0.013117009773850441,0.16603781282901764,-0.9977971911430359
1616624693652,2021-03-24T22:26:33.276Z,47.212,-0.015070134773850441,0.16457296907901764,-1.0009709596633911
1616624693692,2021-03-24T22:26:33.279Z,47.252,-0.011652166023850441,0.16603781282901764,-0.9992620348930359
1616624693731,2021-03-24T22:26:33.290Z,47.291,-0.011896306648850441,0.16750265657901764,-0.9973089098930359
1616624693771,2021-03-24T22:26:33.292Z,47.331,-0.009943181648850441,0.16774679720401764,-0.9995061755180359
1616624693810,2021-03-24T22:26:33.294Z,47.37,-0.012140447273850441,0.16554953157901764,-0.9963323473930359
1616624693850,2021-03-24T22:26:33.306Z,47.41,-0.010919744148850441,0.16701437532901764,-0.9977971911430359
1616624693889,2021-03-24T22:26:33.308Z,47.449,-0.009210759773850441,0.16701437532901764,-0.9990178942680359
1616624693929,2021-03-24T22:26:33.310Z,47.489,-0.013361150398850441,0.16774679720401764,-0.9960882067680359
1616624693968,2021-03-24T22:26:33.367Z,47.528,-0.010919744148850441,0.16823507845401764,-0.9980413317680359
1616624694008,2021-03-24T22:26:33.369Z,47.568,-0.011408025398850441,0.16725851595401764,-0.9970647692680359
1616624694049,2021-03-24T22:26:33.370Z,47.609,-0.011652166023850441,0.16603781282901764,-0.9987737536430359
1616624694089,2021-03-24T22:26:33.382Z,47.649,-0.014581853523850441,0.16677023470401764,-0.9973089098930359
1616624694128,2021-03-24T22:26:33.385Z,47.688,-0.012140447273850441,0.16579367220401764,-0.9980413317680359
1616624694168,2021-03-24T22:26:33.395Z,47.728,-0.01580255664885044,0.16066671907901764,-0.9987737536430359
1616624694207,2021-03-24T22:26:33.397Z,47.767,-0.013605291023850441,0.16164328157901764,-0.9980413317680359
1616624694247,2021-03-24T22:26:33.400Z,47.807,-0.011163884773850441,0.16042257845401764,-1.0017033815383911
1616624694286,2021-03-24T22:26:33.411Z,47.846,-0.013361150398850441,0.16091085970401764,-1.0012151002883911
1616624694326,2021-03-24T22:26:33.413Z,47.886,-0.012872869148850441,0.16335226595401764,-0.9987737536430359
1616624694365,2021-03-24T22:26:33.415Z,47.925,-0.013849431648850441,0.16359640657901764,-1.0002385377883911
1616624694405,2021-03-24T22:26:33.427Z,47.965,-0.010187322273850441,0.16359640657901764,-0.9992620348930359
1616624694445,2021-03-24T22:26:33.429Z,48.005,-0.012872869148850441,0.16384054720401764,-0.9992620348930359
1616624694486,2021-03-24T22:26:33.431Z,48.046,-0.011408025398850441,0.16237570345401764,-1.0014592409133911
1616624694525,2021-03-24T22:26:33.456Z,48.085,-0.013117009773850441,0.16310812532901764,-0.9992620348930359
1616624694565,2021-03-24T22:26:33.458Z,48.125,-0.012872869148850441,0.16359640657901764,-0.9995061755180359
1616624694604,2021-03-24T22:26:33.460Z,48.164,-0.015070134773850441,0.16164328157901764,-1.0002385377883911
1616624694644,2021-03-24T22:26:33.471Z,48.204,-0.014581853523850441,0.16457296907901764,-0.9955999255180359
1616624694683,2021-03-24T22:26:33.485Z,48.243,-0.013605291023850441,0.16286398470401764,-0.9995061755180359
1616624694723,2021-03-24T22:26:33.502Z,48.283,-0.013361150398850441,0.16335226595401764,-0.9999944567680359
1616624694762,2021-03-24T22:26:33.504Z,48.322,-0.013361150398850441,0.16237570345401764,-1.0014592409133911
1616624694802,2021-03-24T22:26:33.515Z,48.362,-0.013361150398850441,0.16286398470401764,-0.9982854723930359
1616624694842,2021-03-24T22:26:33.517Z,48.402,-0.013605291023850441,0.16237570345401764,-0.9975530505180359
1616624694881,2021-03-24T22:26:33.520Z,48.441,-0.013117009773850441,0.16359640657901764,-0.9992620348930359
1616624694922,2021-03-24T22:26:33.531Z,48.482,-0.015070134773850441,0.16384054720401764,-1.0021916627883911
1616624694962,2021-03-24T22:26:33.533Z,48.522,-0.015070134773850441,0.16408468782901764,-1.0007268190383911
1616624695001,2021-03-24T22:26:33.535Z,48.561,-0.012628728523850441,0.16310812532901764,-0.9973089098930359
1616624695041,2021-03-24T22:26:33.546Z,48.601,-0.011896306648850441,0.16261984407901764,-0.9963323473930359
1616624695080,2021-03-24T22:26:33.548Z,48.64,-0.011408025398850441,0.16164328157901764,-0.9997503161430359
1616624695120,2021-03-24T22:26:33.550Z,48.68,-0.012384587898850441,0.16310812532901764,-1.0034123659133911
1616624695159,2021-03-24T22:26:33.562Z,48.719,-0.012628728523850441,0.16432882845401764,-0.9997503161430359
1616624695199,2021-03-24T22:26:33.564Z,48.759,-0.013361150398850441,0.16359640657901764,-0.9977971911430359
1616624695239,2021-03-24T22:26:33.575Z,48.799,-0.010187322273850441,0.16457296907901764,-0.9990178942680359
1616624695278,2021-03-24T22:26:33.607Z,48.838,-0.013117009773850441,0.16115500032901764,-1.0012151002883911
1616624695318,2021-03-24T22:26:33.609Z,48.878,-0.012872869148850441,0.16066671907901764,-0.9985296130180359
1616624695359,2021-03-24T22:26:33.620Z,48.919,-0.014581853523850441,0.15578390657901764,-0.9975530505180359
1616624695398,2021-03-24T22:26:33.622Z,48.958,-0.015314275398850441,0.15553976595401764,-0.9980413317680359
1616624695438,2021-03-24T22:26:33.624Z,48.998,-0.02068536914885044,0.15407492220401764,-0.9999944567680359
1616624695477,2021-03-24T22:26:33.636Z,49.037,-0.012872869148850441,0.15212179720401764,-0.9999944567680359
1616624695517,2021-03-24T22:26:33.638Z,49.077,-0.013117009773850441,0.15236593782901764,-1.0021916627883911
1616624695556,2021-03-24T22:26:33.640Z,49.116,-0.011408025398850441,0.15383078157901764,-0.9990178942680359
1616624695596,2021-03-24T22:26:33.651Z,49.156,-0.012628728523850441,0.15383078157901764,-1.0004826784133911
1616624695635,2021-03-24T22:26:33.653Z,49.195,-0.013849431648850441,0.15529562532901764,-0.9990178942680359
1616624695675,2021-03-24T22:26:33.656Z,49.235,-0.014825994148850441,0.15212179720401764,-0.9997503161430359
1616624695715,2021-03-24T22:26:33.681Z,49.275,-0.01653497852385044,0.15212179720401764,-1.0029240846633911
1616624695754,2021-03-24T22:26:33.683Z,49.314,-0.01653497852385044,0.15309835970401764,-1.0007268190383911
1616624695795,2021-03-24T22:26:33.686Z,49.355,-0.012384587898850441,0.15309835970401764,-1.0021916627883911
1616624695835,2021-03-24T22:26:33.696Z,49.395,-0.013361150398850441,0.15358664095401764,-0.9973089098930359
1616624695874,2021-03-24T22:26:33.698Z,49.434,-0.014825994148850441,0.15431906282901764,-1.0017033815383911
1616624695914,2021-03-24T22:26:33.701Z,49.474,-0.01824396289885044,0.15627218782901764,-0.9990178942680359
1616624695953,2021-03-24T22:26:33.712Z,49.513,-0.01848810352385044,0.15334250032901764,-1.0012151002883911
1616624695993,2021-03-24T22:26:33.714Z,49.553,-0.01897638477385044,0.14699484407901764,-0.9838811755180359
1616624696032,2021-03-24T22:26:33.728Z,49.592,-0.02117365039885044,0.15431906282901764,-0.9977971911430359
1616624696072,2021-03-24T22:26:33.728Z,49.632,-0.02117365039885044,0.15505148470401764,-1.0009709596633911
1616624696112,2021-03-24T22:26:33.730Z,49.672,-0.02141779102385044,0.15358664095401764,-1.0039006471633911
1616624696151,2021-03-24T22:26:33.741Z,49.711,-0.01970880664885044,0.15285421907901764,-1.0039006471633911
1616624696191,2021-03-24T22:26:33.743Z,49.751,-0.02117365039885044,0.15383078157901764,-0.9977971911430359
1616624696232,2021-03-24T22:26:33.745Z,49.792,-0.01995294727385044,0.15309835970401764,-1.0002385377883911
1616624696271,2021-03-24T22:26:33.756Z,49.831,-0.02117365039885044,0.15114523470401764,-1.0031682252883911
1616624696311,2021-03-24T22:26:33.758Z,49.871,-0.01995294727385044,0.14992453157901764,-1.0012151002883911
1616624696350,2021-03-24T22:26:33.760Z,49.91,-0.02141779102385044,0.15090109407901764,-1.0007268190383911
1616624696390,2021-03-24T22:26:33.771Z,49.95,-0.01873224414885044,0.14943625032901764,-1.0009709596633911
1616624696429,2021-03-24T22:26:33.774Z,49.989,-0.01946466602385044,0.15065695345401764,-0.9997503161430359
1616624696469,2021-03-24T22:26:33.785Z,50.029,-0.01995294727385044,0.14992453157901764,-1.0002385377883911
1616624696509,2021-03-24T22:26:33.787Z,50.069,-0.01897638477385044,0.14968039095401764,-1.0019475221633911
1616624696548,2021-03-24T22:26:33.789Z,50.108,-0.02044122852385044,0.15041281282901764,-1.0036565065383911
1616624696588,2021-03-24T22:26:33.801Z,50.148,-0.01922052539885044,0.14894796907901764,-1.0024358034133911
1616624696627,2021-03-24T22:26:33.803Z,50.187,-0.01848810352385044,0.15138937532901764,-1.0012151002883911
1616624696668,2021-03-24T22:26:33.805Z,50.228,-0.01873224414885044,0.14919210970401764,-0.9987737536430359
1616624696708,2021-03-24T22:26:33.830Z,50.268,-0.01799982227385044,0.14968039095401764,-1.0004826784133911
1616624696747,2021-03-24T22:26:33.833Z,50.307,-0.01995294727385044,0.15114523470401764,-0.9997503161430359
1616624696787,2021-03-24T22:26:33.835Z,50.347,-0.02117365039885044,0.15016867220401764,-1.0019475221633911
1616624696826,2021-03-24T22:26:33.846Z,50.386,-0.01946466602385044,0.15090109407901764,-1.0004826784133911
1616624696866,2021-03-24T22:26:33.848Z,50.426,-0.02044122852385044,0.15065695345401764,-1.0014592409133911
1616624696906,2021-03-24T22:26:33.850Z,50.466,-0.01922052539885044,0.15090109407901764,-1.0039006471633911
1616624696945,2021-03-24T22:26:33.866Z,50.505,-0.02044122852385044,0.14992453157901764,-0.9999944567680359
1616624696985,2021-03-24T22:26:33.866Z,50.545,-0.02166193164885044,0.15138937532901764,-1.0024358034133911
1616624697024,2021-03-24T22:26:33.875Z,50.584,-0.02044122852385044,0.14943625032901764,-1.0043889284133911
1616624697064,2021-03-24T22:26:33.920Z,50.624,-0.02092950977385044,0.15187765657901764,-1.0029240846633911
1616624697105,2021-03-24T22:26:33.923Z,50.665,-0.02068536914885044,0.14919210970401764,-1.0014592409133911
1616624697144,2021-03-24T22:26:33.925Z,50.704,-0.02019708789885044,0.15138937532901764,-0.9997503161430359
1616624697184,2021-03-24T22:26:33.936Z,50.744,-0.02117365039885044,0.15041281282901764,-1.0012151002883911
1616624697223,2021-03-24T22:26:33.938Z,50.783,-0.01848810352385044,0.15090109407901764,-1.0017033815383911
1616624697263,2021-03-24T22:26:33.941Z,50.823,-0.02117365039885044,0.15187765657901764,-1.0019475221633911
1616624697302,2021-03-24T22:26:33.951Z,50.862,-0.01946466602385044,0.15041281282901764,-1.0002385377883911
1616624697342,2021-03-24T22:26:33.954Z,50.902,-0.02190607227385044,0.14968039095401764,-1.0031682252883911
1616624697382,2021-03-24T22:26:33.956Z,50.942,-0.01848810352385044,0.15065695345401764,-1.0021916627883911
1616624697421,2021-03-24T22:26:33.967Z,50.981,-0.02044122852385044,0.15016867220401764,-1.0007268190383911
1616624697461,2021-03-24T22:26:33.970Z,51.021,-0.01922052539885044,0.14943625032901764,-1.0009709596633911
1616624697500,2021-03-24T22:26:33.980Z,51.06,-0.01897638477385044,0.15041281282901764,-1.0017033815383911
1616624697541,2021-03-24T22:26:33.982Z,51.101,-0.01799982227385044,0.15016867220401764,-1.0004826784133911
1616624697581,2021-03-24T22:26:33.985Z,51.141,-0.01751154102385044,0.14943625032901764,-1.0024358034133911
1616624697620,2021-03-24T22:26:34.010Z,51.18,-0.01970880664885044,0.14968039095401764,-1.0009709596633911
1616624697660,2021-03-24T22:26:34.012Z,51.22,-0.01946466602385044,0.15090109407901764,-1.0021916627883911
1616624697699,2021-03-24T22:26:34.014Z,51.259,-0.01897638477385044,0.14870382845401764,-1.0021916627883911
1616624697739,2021-03-24T22:26:34.026Z,51.299,-0.01922052539885044,0.15236593782901764,-1.0026799440383911
1616624697779,2021-03-24T22:26:34.030Z,51.339,-0.01970880664885044,0.15065695345401764,-1.0014592409133911
1616624697818,2021-03-24T22:26:34.031Z,51.378,-0.02019708789885044,0.14919210970401764,-1.0012151002883911
1616624697858,2021-03-24T22:26:34.056Z,51.418,-0.02141779102385044,0.14772726595401764,-1.0017033815383911
1616624697897,2021-03-24T22:26:34.059Z,51.457,-0.01848810352385044,0.15016867220401764,-1.0007268190383911
1616624697937,2021-03-24T22:26:34.061Z,51.497,-0.01873224414885044,0.14699484407901764,-1.0051213502883911
1616624697978,2021-03-24T22:26:34.072Z,51.538,-0.02166193164885044,0.14626242220401764,-1.0004826784133911
1616624698017,2021-03-24T22:26:34.074Z,51.577,-0.02117365039885044,0.14748312532901764,-1.0031682252883911
1616624698057,2021-03-24T22:26:34.085Z,51.617,-0.02117365039885044,0.14675070345401764,-1.0017033815383911
1616624698096,2021-03-24T22:26:34.087Z,51.656,-0.02166193164885044,0.14577414095401764,-1.0004826784133911
1616624698136,2021-03-24T22:26:34.089Z,51.696,-0.02215021289885044,0.14870382845401764,-1.0017033815383911
1616624698176,2021-03-24T22:26:34.102Z,51.736,-0.01995294727385044,0.14406515657901764,-1.0029240846633911
1616624698215,2021-03-24T22:26:34.104Z,51.775,-0.02068536914885044,0.14870382845401764,-1.0012151002883911
1616624698255,2021-03-24T22:26:34.115Z,51.815,-0.02215021289885044,0.14626242220401764,-0.9973089098930359
1616624698294,2021-03-24T22:26:34.117Z,51.854,-0.02166193164885044,0.14601828157901764,-1.0009709596633911
1616624698334,2021-03-24T22:26:34.120Z,51.894,-0.02239435352385044,0.14797140657901764,-0.9999944567680359
1616624698373,2021-03-24T22:26:34.160Z,51.933,-0.02068536914885044,0.14601828157901764,-1.0007268190383911
1616624698414,2021-03-24T22:26:34.163Z,51.974,-0.02166193164885044,0.14553000032901764,-1.0012151002883911
1616624698454,2021-03-24T22:26:34.164Z,52.014,-0.01970880664885044,0.14577414095401764,-1.0019475221633911
1616624698493,2021-03-24T22:26:34.175Z,52.053,-0.01922052539885044,0.14504171907901764,-1.0041447877883911
1616624698533,2021-03-24T22:26:34.178Z,52.093,-0.02044122852385044,0.14308859407901764,-0.9999944567680359
1616624698572,2021-03-24T22:26:34.181Z,52.132,-0.01995294727385044,0.14528585970401764,-1.0034123659133911
1616624698612,2021-03-24T22:26:34.191Z,52.172,-0.02215021289885044,0.14504171907901764,-1.0019475221633911
1616624698652,2021-03-24T22:26:34.194Z,52.212,-0.02117365039885044,0.14479757845401764,-1.0012151002883911
1616624698691,2021-03-24T22:26:34.205Z,52.251,-0.01995294727385044,0.14553000032901764,-1.0014592409133911
1616624698731,2021-03-24T22:26:34.207Z,52.291,-0.02141779102385044,0.14430929720401764,-1.0021916627883911
1616624698770,2021-03-24T22:26:34.209Z,52.33,-0.02044122852385044,0.14699484407901764,-1.0014592409133911
1616624698810,2021-03-24T22:26:34.221Z,52.37,-0.02190607227385044,0.14553000032901764,-1.0014592409133911
1616624698851,2021-03-24T22:26:34.223Z,52.411,-0.02141779102385044,0.14553000032901764,-1.0029240846633911
1616624698890,2021-03-24T22:26:34.225Z,52.45,-0.01995294727385044,0.14577414095401764,-1.0031682252883911
1616624698930,2021-03-24T22:26:34.236Z,52.49,-0.02092950977385044,0.14455343782901764,-1.0036565065383911
1616624698969,2021-03-24T22:26:34.240Z,52.529,-0.01970880664885044,0.14504171907901764,-1.0012151002883911
1616624699009,2021-03-24T22:26:34.250Z,52.569,-0.02141779102385044,0.14553000032901764,-1.0046330690383911
1616624699049,2021-03-24T22:26:34.252Z,52.609,-0.02044122852385044,0.14430929720401764,-1.0007268190383911
1616624699088,2021-03-24T22:26:34.254Z,52.648,-0.01995294727385044,0.14479757845401764,-1.0048772096633911
1616624699128,2021-03-24T22:26:34.266Z,52.688,-0.02288263477385044,0.14430929720401764,-1.0036565065383911
1616624699167,2021-03-24T22:26:34.268Z,52.727,-0.02044122852385044,0.14528585970401764,-1.0029240846633911
1616624699207,2021-03-24T22:26:34.270Z,52.767,-0.02215021289885044,0.14553000032901764,-1.0017033815383911
1616624699246,2021-03-24T22:26:34.281Z,52.806,-0.02166193164885044,0.14528585970401764,-1.0024358034133911
1616624699287,2021-03-24T22:26:34.284Z,52.847,-0.02141779102385044,0.14650656282901764,-1.0019475221633911
1616624699327,2021-03-24T22:26:34.285Z,52.887,-0.02117365039885044,0.14430929720401764,-1.0026799440383911
1616624699366,2021-03-24T22:26:34.297Z,52.926,-0.02117365039885044,0.14675070345401764,-1.0036565065383911
1616624699406,2021-03-24T22:26:34.311Z,52.966,-0.02019708789885044,0.14601828157901764,-1.0024358034133911
1616624699446,2021-03-24T22:26:34.313Z,53.006,-0.02068536914885044,0.14650656282901764,-1.0036565065383911
1616624699485,2021-03-24T22:26:34.316Z,53.045,-0.02288263477385044,0.14601828157901764,-1.0029240846633911
1616624699525,2021-03-24T22:26:34.326Z,53.085,-0.02044122852385044,0.14577414095401764,-1.0031682252883911
1616624699564,2021-03-24T22:26:34.328Z,53.124,-0.02117365039885044,0.14382101595401764,-1.0017033815383911
1616624699604,2021-03-24T22:26:34.340Z,53.164,-0.02044122852385044,0.14675070345401764,-1.0029240846633911
1616624699643,2021-03-24T22:26:34.342Z,53.203,-0.02044122852385044,0.14675070345401764,-1.0019475221633911
1616624699683,2021-03-24T22:26:34.344Z,53.243,-0.02044122852385044,0.14870382845401764,-1.0017033815383911
1616624699724,2021-03-24T22:26:34.355Z,53.284,-0.02141779102385044,0.14504171907901764,-1.0048772096633911
1616624699763,2021-03-24T22:26:34.358Z,53.323,-0.02239435352385044,0.14577414095401764,-1.0019475221633911
1616624699803,2021-03-24T22:26:34.360Z,53.363,-0.02166193164885044,0.14577414095401764,-1.0007268190383911
1616624699843,2021-03-24T22:26:34.385Z,53.403,-0.02141779102385044,0.14577414095401764,-1.0019475221633911
1616624699882,2021-03-24T22:26:34.387Z,53.442,-0.02239435352385044,0.14577414095401764,-1.0002385377883911
1616624699922,2021-03-24T22:26:34.390Z,53.482,-0.02190607227385044,0.14650656282901764,-1.0014592409133911
1616624699961,2021-03-24T22:26:34.401Z,53.521,-0.02117365039885044,0.14675070345401764,-1.0031682252883911
1616624700001,2021-03-24T22:26:34.403Z,53.561,-0.01995294727385044,0.14455343782901764,-1.0039006471633911
1616624700040,2021-03-24T22:26:34.405Z,53.6,-0.02117365039885044,0.14430929720401764,-0.9997503161430359
1616624700080,2021-03-24T22:26:34.416Z,53.64,-0.02019708789885044,0.14553000032901764,-1.0002385377883911
1616624700119,2021-03-24T22:26:34.419Z,53.679,-0.01922052539885044,0.14650656282901764,-1.0024358034133911
1616624700160,2021-03-24T22:26:34.421Z,53.72,-0.02190607227385044,0.14553000032901764,-1.0036565065383911
1616624700200,2021-03-24T22:26:34.477Z,53.76,-0.02092950977385044,0.14455343782901764,-1.0034123659133911
1616624700239,2021-03-24T22:26:34.480Z,53.799,-0.02141779102385044,0.14675070345401764,-1.0007268190383911
1616624700279,2021-03-24T22:26:34.491Z,53.839,-0.02092950977385044,0.14577414095401764,-1.0036565065383911
1616624700319,2021-03-24T22:26:34.494Z,53.879,-0.02166193164885044,0.14528585970401764,-1.0024358034133911
1616624700358,2021-03-24T22:26:34.496Z,53.918,-0.01922052539885044,0.14797140657901764,-1.0007268190383911
1616624700398,2021-03-24T22:26:34.506Z,53.958,-0.02239435352385044,0.14601828157901764,-1.0002385377883911
1616624700437,2021-03-24T22:26:34.509Z,53.997,-0.02068536914885044,0.14406515657901764,-0.9985296130180359
1616624700477,2021-03-24T22:26:34.520Z,54.037,-0.01897638477385044,0.14626242220401764,-1.0007268190383911
1616624700516,2021-03-24T22:26:34.522Z,54.076,-0.02117365039885044,0.14626242220401764,-1.0021916627883911
1616624700556,2021-03-24T22:26:34.524Z,54.116,-0.02019708789885044,0.14699484407901764,-1.0034123659133911
1616624700597,2021-03-24T22:26:34.536Z,54.157,-0.02092950977385044,0.14528585970401764,-1.0024358034133911
1616624700636,2021-03-24T22:26:34.538Z,54.196,-0.01946466602385044,0.14723898470401764,-1.0036565065383911
1616624700676,2021-03-24T22:26:34.540Z,54.236,-0.02092950977385044,0.14601828157901764,-1.0026799440383911
1616624700716,2021-03-24T22:26:34.565Z,54.276,-0.02117365039885044,0.14601828157901764,-1.0012151002883911
1616624700755,2021-03-24T22:26:34.568Z,54.315,-0.02166193164885044,0.14699484407901764,-1.0029240846633911
1616624700795,2021-03-24T22:26:34.570Z,54.355,-0.01922052539885044,0.14406515657901764,-1.0029240846633911
1616624700834,2021-03-24T22:26:34.581Z,54.394,-0.02190607227385044,0.14528585970401764,-1.0031682252883911
1616624700874,2021-03-24T22:26:34.583Z,54.434,-0.02019708789885044,0.14528585970401764,-1.0034123659133911
1616624700913,2021-03-24T22:26:34.586Z,54.473,-0.02117365039885044,0.14553000032901764,-1.0026799440383911
1616624700953,2021-03-24T22:26:34.611Z,54.513,-0.02092950977385044,0.14650656282901764,-1.0034123659133911
1616624700992,2021-03-24T22:26:34.613Z,54.552,-0.01922052539885044,0.14479757845401764,-1.0007268190383911
1616624701033,2021-03-24T22:26:34.615Z,54.593,-0.02361505664885044,0.14650656282901764,-1.0019475221633911
1616624701073,2021-03-24T22:26:34.626Z,54.633,-0.02068536914885044,0.14553000032901764,-1.0007268190383911
1616624701113,2021-03-24T22:26:34.628Z,54.673,-0.02166193164885044,0.14430929720401764,-1.0004826784133911
1616624701152,2021-03-24T22:26:34.631Z,54.712,-0.02166193164885044,0.14553000032901764,-1.0026799440383911
1616624701192,2021-03-24T22:26:34.642Z,54.752,-0.01995294727385044,0.14479757845401764,-0.9995061755180359
1616624701231,2021-03-24T22:26:34.644Z,54.791,-0.02239435352385044,0.14772726595401764,-1.0029240846633911
1616624701271,2021-03-24T22:26:34.655Z,54.831,-0.02092950977385044,0.14626242220401764,-1.0014592409133911
1616624701310,2021-03-24T22:26:34.657Z,54.87,-0.02068536914885044,0.14455343782901764,-0.9992620348930359
1616624701350,2021-03-24T22:26:34.659Z,54.91,-0.02092950977385044,0.14528585970401764,-1.0024358034133911
1616624701389,2021-03-24T22:26:34.671Z,54.949,-0.02044122852385044,0.14626242220401764,-0.9990178942680359
1616624701429,2021-03-24T22:26:34.673Z,54.989,-0.02263849414885044,0.14577414095401764,-1.0024358034133911
1616624701470,2021-03-24T22:26:34.675Z,55.03,-0.02141779102385044,0.14553000032901764,-1.0002385377883911
1616624701510,2021-03-24T22:26:34.715Z,55.07,-0.02141779102385044,0.14797140657901764,-1.0007268190383911
1616624701549,2021-03-24T22:26:34.718Z,55.109,-0.02117365039885044,0.14675070345401764,-1.0036565065383911
1616624701589,2021-03-24T22:26:34.720Z,55.149,-0.02019708789885044,0.14553000032901764,-1.0031682252883911
1616624701628,2021-03-24T22:26:34.731Z,55.188,-0.02215021289885044,0.14211203157901764,-1.0039006471633911
1616624701668,2021-03-24T22:26:34.733Z,55.228,-0.02215021289885044,0.14577414095401764,-1.0004826784133911
1616624701707,2021-03-24T22:26:34.736Z,55.267,-0.02117365039885044,0.14553000032901764,-1.0024358034133911
1616624701747,2021-03-24T22:26:34.747Z,55.307,-0.02166193164885044,0.14455343782901764,-1.0014592409133911
1616624701786,2021-03-24T22:26:34.748Z,55.346,-0.02190607227385044,0.14553000032901764,-1.0014592409133911
1616624701826,2021-03-24T22:26:34.751Z,55.386,-0.02092950977385044,0.14479757845401764,-1.0002385377883911
1616624701865,2021-03-24T22:26:34.762Z,55.425,-0.02141779102385044,0.14455343782901764,-1.0002385377883911
1616624701906,2021-03-24T22:26:34.764Z,55.466,-0.02019708789885044,0.14577414095401764,-1.0017033815383911
1616624701946,2021-03-24T22:26:34.775Z,55.506,-0.02141779102385044,0.14528585970401764,-1.0024358034133911
1616624701986,2021-03-24T22:26:34.777Z,55.546,-0.02166193164885044,0.14601828157901764,-1.0009709596633911
1616624702025,2021-03-24T22:26:34.780Z,55.585,-0.02117365039885044,0.14333273470401764,-1.0014592409133911
1616624702065,2021-03-24T22:26:34.791Z,55.625,-0.02166193164885044,0.14577414095401764,-1.0019475221633911
1616624702104,2021-03-24T22:26:34.793Z,55.664,-0.02141779102385044,0.14430929720401764,-1.0043889284133911
1616624702144,2021-03-24T22:26:34.806Z,55.704,-0.02092950977385044,0.14675070345401764,-1.0029240846633911
1616624702183,2021-03-24T22:26:34.809Z,55.743,-0.02263849414885044,0.14455343782901764,-1.0026799440383911
1616624702223,2021-03-24T22:26:34.811Z,55.783,-0.02044122852385044,0.14601828157901764,-1.0009709596633911
1616624702262,2021-03-24T22:26:34.822Z,55.822,-0.02263849414885044,0.14479757845401764,-1.0034123659133911
1616624702302,2021-03-24T22:26:34.824Z,55.862,-0.02044122852385044,0.14553000032901764,-1.0026799440383911
1616624702343,2021-03-24T22:26:34.837Z,55.903,-0.02019708789885044,0.14333273470401764,-1.0051213502883911
1616624702383,2021-03-24T22:26:34.840Z,55.943,-0.02019708789885044,0.14601828157901764,-1.0009709596633911
1616624702422,2021-03-24T22:26:34.840Z,55.982,-0.01970880664885044,0.14553000032901764,-1.0007268190383911
1616624702462,2021-03-24T22:26:34.851Z,56.022,-0.01946466602385044,0.14699484407901764,-1.0014592409133911
1616624702501,2021-03-24T22:26:34.853Z,56.061,-0.02190607227385044,0.14260031282901764,-1.0031682252883911
1616624702541,2021-03-24T22:26:34.855Z,56.101,-0.02019708789885044,0.14675070345401764,-1.0019475221633911
1616624702580,2021-03-24T22:26:34.866Z,56.14,-0.02141779102385044,0.14260031282901764,-1.0019475221633911
1616624702620,2021-03-24T22:26:34.868Z,56.18,-0.02190607227385044,0.14553000032901764,-1.0014592409133911
1616624702659,2021-03-24T22:26:34.871Z,56.219,-0.02019708789885044,0.14479757845401764,-0.9995061755180359
1616624702699,2021-03-24T22:26:34.882Z,56.259,-0.02092950977385044,0.14308859407901764,-1.0026799440383911
1616624702739,2021-03-24T22:26:34.883Z,56.299,-0.02068536914885044,0.14626242220401764,-1.0019475221633911
1616624702780,2021-03-24T22:26:34.895Z,56.34,-0.01995294727385044,0.14553000032901764,-1.0029240846633911
1616624702819,2021-03-24T22:26:34.897Z,56.379,-0.02190607227385044,0.14528585970401764,-1.0034123659133911
1616624702859,2021-03-24T22:26:34.899Z,56.419,-0.02337091602385044,0.14479757845401764,-1.0029240846633911
1616624702898,2021-03-24T22:26:34.910Z,56.458,-0.02044122852385044,0.14455343782901764,-1.0017033815383911
1616624702938,2021-03-24T22:26:34.913Z,56.498,-0.02044122852385044,0.14528585970401764,-1.0029240846633911
1616624702977,2021-03-24T22:26:34.915Z,56.537,-0.02068536914885044,0.14406515657901764,-1.0017033815383911
1616624703017,2021-03-24T22:26:34.940Z,56.577,-0.02117365039885044,0.14479757845401764,-1.0024358034133911
1616624703056,2021-03-24T22:26:34.942Z,56.616,-0.02263849414885044,0.14455343782901764,-1.0021916627883911
1616624703096,2021-03-24T22:26:34.945Z,56.656,-0.02141779102385044,0.14406515657901764,-1.0036565065383911
1616624703135,2021-03-24T22:26:34.956Z,56.695,-0.02044122852385044,0.14382101595401764,-1.0017033815383911
1616624703175,2021-03-24T22:26:34.958Z,56.735,-0.02092950977385044,0.14406515657901764,-1.0024358034133911
1616624703216,2021-03-24T22:26:34.960Z,56.776,-0.02092950977385044,0.14650656282901764,-1.0024358034133911
1616624703256,2021-03-24T22:26:34.971Z,56.816,-0.02044122852385044,0.14430929720401764,-1.0019475221633911
1616624703295,2021-03-24T22:26:35.001Z,56.855,-0.02263849414885044,0.14528585970401764,-1.0014592409133911
1616624703335,2021-03-24T22:26:35.003Z,56.895,-0.02068536914885044,0.14504171907901764,-1.0041447877883911
1616624703374,2021-03-24T22:26:35.006Z,56.934,-0.02166193164885044,0.14406515657901764,-1.0026799440383911
1616624703414,2021-03-24T22:26:35.032Z,56.974,-0.02141779102385044,0.14553000032901764,-1.0017033815383911
1616624703453,2021-03-24T22:26:35.033Z,57.013,-0.02312677539885044,0.14626242220401764,-0.9999944567680359
1616624703493,2021-03-24T22:26:35.045Z,57.053,-0.02215021289885044,0.14553000032901764,-1.0024358034133911
1616624703532,2021-03-24T22:26:35.047Z,57.092,-0.02385919727385044,0.14675070345401764,-1.0007268190383911
1616624703572,2021-03-24T22:26:35.050Z,57.132,-0.02141779102385044,0.14528585970401764,-1.0002385377883911
1616624703612,2021-03-24T22:26:35.060Z,57.172,-0.02092950977385044,0.14650656282901764,-1.0048772096633911
1616624703653,2021-03-24T22:26:35.063Z,57.213,-0.02507990039885044,0.14723898470401764,-1.0026799440383911
1616624703692,2021-03-24T22:26:35.065Z,57.252,-0.02215021289885044,0.14723898470401764,-0.9999944567680359
1616624703732,2021-03-24T22:26:35.076Z,57.292,-0.02312677539885044,0.14723898470401764,-1.0021916627883911
1616624703771,2021-03-24T22:26:35.078Z,57.331,-0.02312677539885044,0.14650656282901764,-1.0036565065383911
1616624703811,2021-03-24T22:26:35.081Z,57.371,-0.02288263477385044,0.14968039095401764,-1.0029240846633911
1616624703850,2021-03-24T22:26:35.091Z,57.41,-0.02239435352385044,0.14772726595401764,-1.0021916627883911
1616624703890,2021-03-24T22:26:35.094Z,57.45,-0.02361505664885044,0.14919210970401764,-0.9990178942680359
1616624703929,2021-03-24T22:26:35.095Z,57.489,-0.02532404102385044,0.15187765657901764,-1.0004826784133911
1616624703969,2021-03-24T22:26:35.108Z,57.529,-0.02654474414885044,0.15358664095401764,-1.0021916627883911
1616624704009,2021-03-24T22:26:35.110Z,57.569,-0.03045099414885044,0.15407492220401764,-0.9992620348930359
1616624704048,2021-03-24T22:26:35.121Z,57.608,-0.02800958789885044,0.15431906282901764,-1.0004826784133911
1616624704089,2021-03-24T22:26:35.123Z,57.649,-0.02923029102385044,0.15431906282901764,-0.9997503161430359
1616624704129,2021-03-24T22:26:35.126Z,57.689,-0.02947443164885044,0.15431906282901764,-0.9990178942680359
1616624704168,2021-03-24T22:26:35.137Z,57.728,-0.03240412101149559,0.15358664095401764,-0.9982854723930359
1616624704208,2021-03-24T22:26:35.166Z,57.768,-0.03460138663649559,0.14504171907901764,-1.0024358034133911
1616624704247,2021-03-24T22:26:35.168Z,57.807,-0.02385919727385044,0.15041281282901764,-0.9970647692680359
1616624704287,2021-03-24T22:26:35.170Z,57.847,-0.03045099414885044,0.16969992220401764,-0.9909612536430359
1616624704326,2021-03-24T22:26:35.182Z,57.886,-0.04241388663649559,0.17678000032901764,-0.9931585192680359
1616624704366,2021-03-24T22:26:35.184Z,57.926,-0.06951349228620529,0.19069601595401764,-0.9955999255180359
1616624704406,2021-03-24T22:26:35.195Z,57.966,-0.07390802353620529,0.19045187532901764,-0.9948675036430359
1616624704445,2021-03-24T22:26:35.197Z,58.005,-0.07268732041120529,0.18605734407901764,-0.9955999255180359
1616624704485,2021-03-24T22:26:35.199Z,58.045,-0.07073419541120529,0.18019796907901764,-0.9948675036430359
1616624704526,2021-03-24T22:26:35.210Z,58.086,-0.06853692978620529,0.17995382845401764,-0.9965764880180359
1616624704565,2021-03-24T22:26:35.213Z,58.125,-0.06463067978620529,0.17458273470401764,-0.9953557848930359
1616624704605,2021-03-24T22:26:35.215Z,58.165,-0.06389825791120529,0.17214132845401764,-0.9934026598930359
1616624704644,2021-03-24T22:26:35.226Z,58.204,-0.06560724228620529,0.17507101595401764,-0.9934026598930359
1616624704684,2021-03-24T22:26:35.228Z,58.244,-0.06243341788649559,0.17311789095401764,-0.9941350817680359
1616624704723,2021-03-24T22:26:35.230Z,58.283,-0.06365411728620529,0.16945578157901764,-0.9951116442680359
1616624704763,2021-03-24T22:26:35.271Z,58.323,-0.06609552353620529,0.16921164095401764,-1.0009709596633911
1616624704802,2021-03-24T22:26:35.273Z,58.362,-0.05779474601149559,0.16335226595401764,-0.9921819567680359
1616624704842,2021-03-24T22:26:35.275Z,58.402,-0.03411310538649559,0.16335226595401764,-0.9965764880180359
1616624704882,2021-03-24T22:26:35.287Z,58.442,-0.015314275398850441,0.16774679720401764,-1.0017033815383911
1616624704921,2021-03-24T22:26:35.289Z,58.481,0.004216974601149559,0.16725851595401764,-0.9992620348930359
1616624704961,2021-03-24T22:26:35.291Z,58.521,0.02301580272614956,0.17531515657901764,-0.9907171130180359
1616624705002,2021-03-24T22:26:35.302Z,58.562,0.02081853710114956,0.18044210970401764,-0.9955999255180359
1616624705041,2021-03-24T22:26:35.305Z,58.601,0.02008611522614956,0.18166281282901764,-0.9992620348930359
1616624705081,2021-03-24T22:26:35.316Z,58.641,0.03937322273850441,0.19728781282901764,-0.9855901598930359
1616624705120,2021-03-24T22:26:35.318Z,58.68,0.02838689647614956,0.19020773470401764,-0.9975530505180359
1616624705160,2021-03-24T22:26:35.320Z,58.72,0.03278142586350441,0.18190695345401764,-0.9965764880180359
1616624705199,2021-03-24T22:26:35.332Z,58.759,0.03619939461350441,0.17873312532901764,-0.9970647692680359
1616624705239,2021-03-24T22:26:35.335Z,58.799,0.03668767586350441,0.17726828157901764,-0.9909612536430359
1616624705279,2021-03-24T22:26:35.336Z,58.839,0.09284002333879471,0.15749289095401764,-0.9843694567680359
1616624705318,2021-03-24T22:26:35.347Z,58.878,0.06329900771379471,0.17018820345401764,-0.9963323473930359
1616624705358,2021-03-24T22:26:35.350Z,58.918,0.05670720711350441,0.15846945345401764,-0.9955999255180359
1616624705397,2021-03-24T22:26:35.360Z,58.957,0.04767400398850441,0.15553976595401764,-0.9997503161430359
1616624705438,2021-03-24T22:26:35.362Z,58.998,0.04962712898850441,0.15846945345401764,-0.9963323473930359
1616624705478,2021-03-24T22:26:35.364Z,59.038,0.05548650398850441,0.15651632845401764,-0.9997503161430359
1616624705517,2021-03-24T22:26:35.376Z,59.077,0.05450994148850441,0.15700460970401764,-0.9982854723930359
1616624705557,2021-03-24T22:26:35.378Z,59.117,0.05304509773850441,0.15969015657901764,-0.9997503161430359
1616624705596,2021-03-24T22:26:35.380Z,59.156,0.05377751961350441,0.15969015657901764,-0.9987737536430359
1616624705636,2021-03-24T22:26:35.391Z,59.196,0.05499822273850441,0.16042257845401764,-0.9968206286430359
1616624705676,2021-03-24T22:26:35.394Z,59.236,0.05206853523850441,0.15920187532901764,-0.9968206286430359
1616624705715,2021-03-24T22:26:35.405Z,59.275,0.05304509773850441,0.15871359407901764,-0.9965764880180359
1616624705755,2021-03-24T22:26:35.407Z,59.315,0.05255681648850441,0.15920187532901764,-0.9970647692680359
1616624705794,2021-03-24T22:26:35.410Z,59.354,0.05109197273850441,0.15553976595401764,-0.9987737536430359
1616624705834,2021-03-24T22:26:35.421Z,59.394,0.05255681648850441,0.15505148470401764,-1.0007268190383911
1616624705875,2021-03-24T22:26:35.423Z,59.435,0.05426580086350441,0.15529562532901764,-0.9990178942680359
1616624705914,2021-03-24T22:26:35.425Z,59.474,0.05182439461350441,0.15505148470401764,-0.9982854723930359
1616624705954,2021-03-24T22:26:35.437Z,59.514,0.05255681648850441,0.15578390657901764,-0.9975530505180359
1616624705993,2021-03-24T22:26:35.438Z,59.553,0.05182439461350441,0.15553976595401764,-1.0002385377883911
1616624706033,2021-03-24T22:26:35.451Z,59.593,0.05158025398850441,0.15456320345401764,-0.9963323473930359
1616624706072,2021-03-24T22:26:35.453Z,59.632,0.05084783211350441,0.15651632845401764,-0.9982854723930359
1616624706112,2021-03-24T22:26:35.456Z,59.672,0.05084783211350441,0.15456320345401764,-0.9982854723930359
1616624706152,2021-03-24T22:26:35.467Z,59.712,0.05231267586350441,0.15261007845401764,-0.9992620348930359
1616624706191,2021-03-24T22:26:35.469Z,59.751,0.05060369148850441,0.15163351595401764,-1.0009709596633911
1616624706231,2021-03-24T22:26:35.471Z,59.791,0.04840642586350441,0.15334250032901764,-1.0014592409133911
1616624706270,2021-03-24T22:26:35.497Z,59.83,0.04938298836350441,0.15358664095401764,-0.9999944567680359
1616624706311,2021-03-24T22:26:35.498Z,59.871,0.04913884773850441,0.15212179720401764,-0.9995061755180359
1616624706351,2021-03-24T22:26:35.501Z,59.911,0.04742986336350441,0.15358664095401764,-1.0004826784133911
1616624706390,2021-03-24T22:26:35.511Z,59.95,0.04865056648850441,0.15456320345401764,-1.0007268190383911
1616624706430,2021-03-24T22:26:35.542Z,59.99,0.04669744148850441,0.15187765657901764,-0.9985296130180359
1616624706469,2021-03-24T22:26:35.544Z,60.029,0.04742986336350441,0.15187765657901764,-0.9980413317680359
1616624706509,2021-03-24T22:26:35.557Z,60.069,0.05011541023850441,0.14919210970401764,-0.9999944567680359
1616624706549,2021-03-24T22:26:35.559Z,60.109,0.05304509773850441,0.14943625032901764,-0.9980413317680359
1616624706588,2021-03-24T22:26:35.585Z,60.148,0.04718572273850441,0.15138937532901764,-1.0004826784133911
1616624706628,2021-03-24T22:26:35.587Z,60.188,0.04889470711350441,0.14968039095401764,-0.9995061755180359
1616624706667,2021-03-24T22:26:35.590Z,60.227,0.04889470711350441,0.14968039095401764,-0.9985296130180359
1616624706707,2021-03-24T22:26:35.601Z,60.267,0.04816228523850441,0.15187765657901764,-1.0007268190383911
1616624706748,2021-03-24T22:26:35.603Z,60.308,0.04962712898850441,0.15114523470401764,-1.0002385377883911
1616624706787,2021-03-24T22:26:35.605Z,60.347,0.04913884773850441,0.14992453157901764,-0.9990178942680359
1616624706827,2021-03-24T22:26:35.616Z,60.387,0.05109197273850441,0.15138937532901764,-0.9985296130180359
1616624706866,2021-03-24T22:26:35.619Z,60.426,0.04987126961350441,0.15236593782901764,-1.0007268190383911
1616624706906,2021-03-24T22:26:35.620Z,60.466,0.05182439461350441,0.15431906282901764,-1.0012151002883911
1616624706946,2021-03-24T22:26:35.632Z,60.506,0.05084783211350441,0.15553976595401764,-0.9960882067680359
1616624706985,2021-03-24T22:26:35.634Z,60.545,0.05206853523850441,0.15505148470401764,-1.0012151002883911
1616624707025,2021-03-24T22:26:35.645Z,60.585,0.05158025398850441,0.15236593782901764,-0.9968206286430359
1616624707064,2021-03-24T22:26:35.648Z,60.624,0.04913884773850441,0.15358664095401764,-0.9973089098930359
1616624707104,2021-03-24T22:26:35.650Z,60.664,0.04889470711350441,0.15334250032901764,-0.9958440661430359
1616624707143,2021-03-24T22:26:35.676Z,60.703,0.05158025398850441,0.15114523470401764,-1.0002385377883911
1616624707184,2021-03-24T22:26:35.678Z,60.744,0.05182439461350441,0.15407492220401764,-0.9995061755180359
1616624707224,2021-03-24T22:26:35.679Z,60.784,0.05084783211350441,0.15334250032901764,-0.9999944567680359
1616624707263,2021-03-24T22:26:35.690Z,60.823,0.05158025398850441,0.15358664095401764,-0.9970647692680359
1616624707303,2021-03-24T22:26:35.693Z,60.863,0.04962712898850441,0.15456320345401764,-0.9982854723930359
1616624707343,2021-03-24T22:26:35.695Z,60.903,0.05011541023850441,0.15236593782901764,-1.0012151002883911
1616624707382,2021-03-24T22:26:35.720Z,60.942,0.05158025398850441,0.15407492220401764,-0.9997503161430359
1616624707422,2021-03-24T22:26:35.722Z,60.982,0.05328923836350441,0.15016867220401764,-1.0019475221633911
1616624707461,2021-03-24T22:26:35.725Z,61.021,0.04987126961350441,0.15212179720401764,-0.9985296130180359
1616624707501,2021-03-24T22:26:35.736Z,61.061,0.05084783211350441,0.15163351595401764,-0.9995061755180359
1616624707540,2021-03-24T22:26:35.738Z,61.1,0.04889470711350441,0.15090109407901764,-0.9990178942680359
1616624707580,2021-03-24T22:26:35.740Z,61.14,0.04718572273850441,0.15236593782901764,-0.9982854723930359
1616624707621,2021-03-24T22:26:35.752Z,61.181,0.04938298836350441,0.15065695345401764,-0.9985296130180359
1616624707660,2021-03-24T22:26:35.754Z,61.22,0.04840642586350441,0.15065695345401764,-0.9997503161430359
1616624707700,2021-03-24T22:26:35.765Z,61.26,0.05206853523850441,0.15456320345401764,-0.9973089098930359
1616624707739,2021-03-24T22:26:35.768Z,61.299,0.05060369148850441,0.15285421907901764,-0.9982854723930359
1616624707779,2021-03-24T22:26:35.770Z,61.339,0.05133611336350441,0.15261007845401764,-1.0007268190383911
1616624707819,2021-03-24T22:26:35.781Z,61.379,0.05133611336350441,0.15090109407901764,-1.0004826784133911
1616624707858,2021-03-24T22:26:35.783Z,61.418,0.04840642586350441,0.15212179720401764,-0.9987737536430359
1616624707898,2021-03-24T22:26:35.795Z,61.458,0.04913884773850441,0.15358664095401764,-1.0017033815383911
1616624707937,2021-03-24T22:26:35.812Z,61.497,0.04816228523850441,0.15041281282901764,-1.0007268190383911
1616624707977,2021-03-24T22:26:35.813Z,61.537,0.04913884773850441,0.14821554720401764,-1.0002385377883911
1616624708018,2021-03-24T22:26:35.815Z,61.578,0.05084783211350441,0.14894796907901764,-0.9975530505180359
1616624708057,2021-03-24T22:26:35.827Z,61.617,0.04987126961350441,0.15016867220401764,-0.9997503161430359
1616624708097,2021-03-24T22:26:35.829Z,61.657,0.05206853523850441,0.15065695345401764,-0.9982854723930359
1616624708136,2021-03-24T22:26:35.840Z,61.696,0.04913884773850441,0.15041281282901764,-0.9982854723930359
1616624708176,2021-03-24T22:26:35.842Z,61.736,0.04962712898850441,0.14894796907901764,-1.0009709596633911
1616624708216,2021-03-24T22:26:35.845Z,61.776,0.04938298836350441,0.14894796907901764,-1.0009709596633911
1616624708255,2021-03-24T22:26:35.856Z,61.815,0.05158025398850441,0.15016867220401764,-0.9968206286430359
1616624708295,2021-03-24T22:26:35.858Z,61.855,0.04840642586350441,0.15065695345401764,-0.9980413317680359
1616624708334,2021-03-24T22:26:35.860Z,61.894,0.05011541023850441,0.15090109407901764,-0.9963323473930359
1616624708374,2021-03-24T22:26:35.871Z,61.934,0.05035955086350441,0.15212179720401764,-1.0009709596633911
1616624708413,2021-03-24T22:26:35.874Z,61.973,0.04669744148850441,0.15138937532901764,-1.0043889284133911
1616624708453,2021-03-24T22:26:35.876Z,62.013,0.04767400398850441,0.15016867220401764,-0.9990178942680359
1616624708494,2021-03-24T22:26:35.887Z,62.054,0.04816228523850441,0.14992453157901764,-0.9992620348930359
1616624708533,2021-03-24T22:26:35.889Z,62.093,0.04865056648850441,0.15041281282901764,-0.9999944567680359
1616624708573,2021-03-24T22:26:35.900Z,62.133,0.04938298836350441,0.14845968782901764,-1.0029240846633911
1616624708613,2021-03-24T22:26:35.902Z,62.173,0.04816228523850441,0.14845968782901764,-0.9990178942680359
1616624708652,2021-03-24T22:26:35.905Z,62.212,0.04913884773850441,0.15114523470401764,-0.9999944567680359
1616624708692,2021-03-24T22:26:35.916Z,62.252,0.04791814461350441,0.14943625032901764,-1.0036565065383911
1616624708731,2021-03-24T22:26:35.918Z,62.291,0.04718572273850441,0.14919210970401764,-0.9990178942680359
1616624708771,2021-03-24T22:26:35.920Z,62.331,0.04425603523850441,0.14772726595401764,-1.0002385377883911
1616624708810,2021-03-24T22:26:35.932Z,62.37,0.04718572273850441,0.14894796907901764,-1.0004826784133911
1616624708850,2021-03-24T22:26:35.934Z,62.41,0.04645330086350441,0.14943625032901764,-0.9992620348930359
1616624708889,2021-03-24T22:26:35.935Z,62.449,0.04645330086350441,0.14772726595401764,-0.9975530505180359
1616624708930,2021-03-24T22:26:35.947Z,62.49,0.04742986336350441,0.14943625032901764,-1.0004826784133911
1616624708970,2021-03-24T22:26:35.948Z,62.53,0.04376775398850441,0.14894796907901764,-0.9995061755180359
1616624709010,2021-03-24T22:26:35.960Z,62.57,0.04572087898850441,0.14821554720401764,-1.0009709596633911
1616624709049,2021-03-24T22:26:35.977Z,62.609,0.04425603523850441,0.14845968782901764,-0.9995061755180359
1616624709089,2021-03-24T22:26:35.978Z,62.649,0.04523259773850441,0.14821554720401764,-1.0012151002883911
1616624709128,2021-03-24T22:26:35.980Z,62.688,0.04450017586350441,0.14723898470401764,-0.9985296130180359
1616624709168,2021-03-24T22:26:35.992Z,62.728,0.04498845711350441,0.15016867220401764,-1.0007268190383911
1616624709207,2021-03-24T22:26:35.994Z,62.767,0.04498845711350441,0.14870382845401764,-0.9975530505180359
1616624709247,2021-03-24T22:26:36.005Z,62.807,0.04572087898850441,0.14992453157901764,-1.0007268190383911
1616624709286,2021-03-24T22:26:36.007Z,62.846,0.04401189461350441,0.14894796907901764,-0.9990178942680359
1616624709326,2021-03-24T22:26:36.010Z,62.886,0.04572087898850441,0.15236593782901764,-0.9992620348930359
1616624709367,2021-03-24T22:26:36.021Z,62.927,0.04620916023850441,0.14748312532901764,-0.9992620348930359
1616624709406,2021-03-24T22:26:36.023Z,62.966,0.04401189461350441,0.14894796907901764,-0.9990178942680359
1616624709446,2021-03-24T22:26:36.025Z,63.006,0.04401189461350441,0.14894796907901764,-0.9992620348930359
1616624709486,2021-03-24T22:26:36.051Z,63.046,0.04694158211350441,0.14894796907901764,-1.0021916627883911
1616624709525,2021-03-24T22:26:36.081Z,63.085,0.04645330086350441,0.15090109407901764,-0.9997503161430359
1616624709565,2021-03-24T22:26:36.083Z,63.125,0.04523259773850441,0.14797140657901764,-0.9990178942680359
1616624709604,2021-03-24T22:26:36.086Z,63.164,0.04425603523850441,0.14748312532901764,-1.0009709596633911
1616624709644,2021-03-24T22:26:36.097Z,63.204,0.04694158211350441,0.14894796907901764,-0.9990178942680359
1616624709683,2021-03-24T22:26:36.099Z,63.243,0.04352361336350441,0.15065695345401764,-0.9997503161430359
1616624709723,2021-03-24T22:26:36.110Z,63.283,0.04279119148850441,0.14845968782901764,-1.0012151002883911
1616624709762,2021-03-24T22:26:36.112Z,63.322,0.04401189461350441,0.14821554720401764,-1.0014592409133911
1616624709803,2021-03-24T22:26:36.115Z,63.363,0.04279119148850441,0.14723898470401764,-1.0014592409133911
1616624709843,2021-03-24T22:26:36.141Z,63.403,0.04401189461350441,0.14894796907901764,-1.0007268190383911
1616624709883,2021-03-24T22:26:36.143Z,63.443,0.04254705086350441,0.14845968782901764,-1.0017033815383911
1616624709922,2021-03-24T22:26:36.145Z,63.482,0.04230291023850441,0.14943625032901764,-1.0007268190383911
1616624709962,2021-03-24T22:26:36.156Z,63.522,0.04132634773850441,0.14919210970401764,-0.9995061755180359
1616624710001,2021-03-24T22:26:36.158Z,63.561,0.04279119148850441,0.14968039095401764,-1.0007268190383911
1616624710041,2021-03-24T22:26:36.160Z,63.601,0.04010564461350441,0.14772726595401764,-1.0007268190383911
1616624710080,2021-03-24T22:26:36.172Z,63.64,0.04279119148850441,0.14650656282901764,-1.0002385377883911
1616624710120,2021-03-24T22:26:36.173Z,63.68,0.04279119148850441,0.14919210970401764,-1.0036565065383911
1616624710159,2021-03-24T22:26:36.185Z,63.719,0.04205876961350441,0.14797140657901764,-1.0007268190383911
1616624710199,2021-03-24T22:26:36.187Z,63.759,0.04205876961350441,0.14650656282901764,-1.0019475221633911
1616624710240,2021-03-24T22:26:36.189Z,63.8,0.04059392586350441,0.14919210970401764,-1.0017033815383911
1616624710280,2021-03-24T22:26:36.200Z,63.84,0.03937322273850441,0.14894796907901764,-0.9992620348930359
1616624710319,2021-03-24T22:26:36.203Z,63.879,0.04279119148850441,0.15016867220401764,-1.0004826784133911
1616624710359,2021-03-24T22:26:36.205Z,63.919,0.04059392586350441,0.15065695345401764,-1.0021916627883911
1616624710398,2021-03-24T22:26:36.230Z,63.958,0.04474431648850441,0.14748312532901764,-0.9995061755180359
1616624710438,2021-03-24T22:26:36.232Z,63.998,0.04401189461350441,0.14968039095401764,-1.0019475221633911
1616624710477,2021-03-24T22:26:36.235Z,64.037,0.04352361336350441,0.14943625032901764,-0.9992620348930359
1616624710517,2021-03-24T22:26:36.246Z,64.077,0.04376775398850441,0.14821554720401764,-1.0004826784133911
1616624710556,2021-03-24T22:26:36.248Z,64.116,0.04230291023850441,0.14797140657901764,-0.9997503161430359
1616624710596,2021-03-24T22:26:36.251Z,64.156,0.04303533211350441,0.14845968782901764,-0.9980413317680359
1616624710635,2021-03-24T22:26:36.277Z,64.195,0.04254705086350441,0.14968039095401764,-1.0002385377883911
1616624710677,2021-03-24T22:26:36.279Z,64.237,0.04157048836350441,0.14821554720401764,-1.0024358034133911
1616624710716,2021-03-24T22:26:36.281Z,64.276,0.04547673836350441,0.14772726595401764,-1.0017033815383911
1616624710756,2021-03-24T22:26:36.292Z,64.316,0.04352361336350441,0.15041281282901764,-1.0002385377883911
1616624710795,2021-03-24T22:26:36.294Z,64.355,0.04132634773850441,0.15016867220401764,-0.9992620348930359
1616624710835,2021-03-24T22:26:36.305Z,64.395,0.04205876961350441,0.15138937532901764,-1.0004826784133911
1616624710874,2021-03-24T22:26:36.308Z,64.434,0.04352361336350441,0.14919210970401764,-1.0007268190383911
1616624710914,2021-03-24T22:26:36.309Z,64.474,0.04376775398850441,0.14992453157901764,-1.0014592409133911
1616624710953,2021-03-24T22:26:36.321Z,64.513,0.04547673836350441,0.15114523470401764,-0.9992620348930359
1616624710993,2021-03-24T22:26:36.323Z,64.553,0.04254705086350441,0.14894796907901764,-1.0004826784133911
1616624711032,2021-03-24T22:26:36.325Z,64.592,0.04376775398850441,0.14723898470401764,-1.0021916627883911
1616624711072,2021-03-24T22:26:36.336Z,64.632,0.04303533211350441,0.15114523470401764,-1.0012151002883911
1616624711112,2021-03-24T22:26:36.339Z,64.672,0.04205876961350441,0.14894796907901764,-1.0012151002883911
1616624711153,2021-03-24T22:26:36.350Z,64.713,0.04352361336350441,0.15065695345401764,-0.9987737536430359
1616624711192,2021-03-24T22:26:36.381Z,64.752,0.04450017586350441,0.15138937532901764,-1.0004826784133911
1616624711232,2021-03-24T22:26:36.383Z,64.792,0.04523259773850441,0.14943625032901764,-1.0031682252883911
1616624711271,2021-03-24T22:26:36.395Z,64.831,0.04425603523850441,0.15041281282901764,-1.0017033815383911
1616624711311,2021-03-24T22:26:36.397Z,64.871,0.04327947273850441,0.14943625032901764,-1.0004826784133911
1616624711350,2021-03-24T22:26:36.399Z,64.91,0.04327947273850441,0.15016867220401764,-1.0004826784133911
1616624711390,2021-03-24T22:26:36.411Z,64.95,0.04401189461350441,0.14968039095401764,-0.9970647692680359
1616624711429,2021-03-24T22:26:36.413Z,64.989,0.04450017586350441,0.14992453157901764,-0.9999944567680359
1616624711469,2021-03-24T22:26:36.415Z,65.029,0.04279119148850441,0.14992453157901764,-1.0012151002883911
1616624711509,2021-03-24T22:26:36.426Z,65.069,0.04157048836350441,0.15016867220401764,-1.0012151002883911
1616624711548,2021-03-24T22:26:36.444Z,65.108,0.04254705086350441,0.14675070345401764,-1.0004826784133911
1616624711589,2021-03-24T22:26:36.445Z,65.149,0.04352361336350441,0.14723898470401764,-1.0007268190383911
1616624711629,2021-03-24T22:26:36.446Z,65.189,0.03986150398850441,0.14699484407901764,-1.0029240846633911
1616624711668,2021-03-24T22:26:36.471Z,65.228,0.04157048836350441,0.14699484407901764,-1.0014592409133911
1616624711708,2021-03-24T22:26:36.474Z,65.268,0.04132634773850441,0.14943625032901764,-1.0012151002883911
1616624711747,2021-03-24T22:26:36.476Z,65.307,0.04254705086350441,0.14870382845401764,-1.0002385377883911
1616624711787,2021-03-24T22:26:36.487Z,65.347,0.04205876961350441,0.14968039095401764,-1.0009709596633911
1616624711826,2021-03-24T22:26:36.502Z,65.386,0.04157048836350441,0.14943625032901764,-0.9995061755180359
1616624711866,2021-03-24T22:26:36.504Z,65.426,0.04059392586350441,0.14845968782901764,-1.0007268190383911
1616624711906,2021-03-24T22:26:36.515Z,65.466,0.04157048836350441,0.15065695345401764,-0.9973089098930359
1616624711945,2021-03-24T22:26:36.517Z,65.505,0.04108220711350441,0.14845968782901764,-1.0004826784133911
1616624711985,2021-03-24T22:26:36.520Z,65.545,0.04108220711350441,0.15016867220401764,-0.9999944567680359
1616624712024,2021-03-24T22:26:36.531Z,65.584,0.04279119148850441,0.15187765657901764,-0.9990178942680359
1616624712065,2021-03-24T22:26:36.533Z,65.625,0.04181462898850441,0.15041281282901764,-1.0004826784133911
1616624712105,2021-03-24T22:26:36.535Z,65.665,0.04327947273850441,0.15163351595401764,-0.9965764880180359
1616624712144,2021-03-24T22:26:36.546Z,65.704,0.04376775398850441,0.15016867220401764,-1.0014592409133911
1616624712184,2021-03-24T22:26:36.548Z,65.744,0.04034978523850441,0.14821554720401764,-0.9997503161430359
1616624712223,2021-03-24T22:26:36.550Z,65.783,0.04352361336350441,0.15016867220401764,-1.0004826784133911
1616624712263,2021-03-24T22:26:36.562Z,65.823,0.04327947273850441,0.14992453157901764,-1.0004826784133911
1616624712302,2021-03-24T22:26:36.563Z,65.862,0.03986150398850441,0.15163351595401764,-0.9995061755180359
1616624712342,2021-03-24T22:26:36.575Z,65.902,0.04108220711350441,0.15187765657901764,-1.0004826784133911
1616624712383,2021-03-24T22:26:36.577Z,65.943,0.04205876961350441,0.15138937532901764,-1.0029240846633911
1616624712421,2021-03-24T22:26:36.579Z,65.981,0.04425603523850441,0.15212179720401764,-0.9992620348930359
1616624712461,2021-03-24T22:26:36.590Z,66.021,0.04303533211350441,0.15065695345401764,-0.9990178942680359
1616624712502,2021-03-24T22:26:36.607Z,66.062,0.04205876961350441,0.15114523470401764,-0.9997503161430359
1616624712541,2021-03-24T22:26:36.609Z,66.101,0.03937322273850441,0.15187765657901764,-0.9990178942680359
1616624712581,2021-03-24T22:26:36.620Z,66.141,0.04205876961350441,0.15065695345401764,-1.0012151002883911
1616624712620,2021-03-24T22:26:36.622Z,66.18,0.04303533211350441,0.15309835970401764,-0.9999944567680359
1616624712660,2021-03-24T22:26:36.652Z,66.22,0.04205876961350441,0.15407492220401764,-1.0041447877883911
1616624712699,2021-03-24T22:26:36.654Z,66.259,0.04474431648850441,0.15871359407901764,-0.9999944567680359
1616624712739,2021-03-24T22:26:36.666Z,66.299,0.04645330086350441,0.16213156282901764,-0.9982854723930359
1616624712779,2021-03-24T22:26:36.669Z,66.339,0.04694158211350441,0.16603781282901764,-0.9985296130180359
1616624712818,2021-03-24T22:26:36.670Z,66.378,0.04840642586350441,0.17385031282901764,-0.9929143786430359
1616624712858,2021-03-24T22:26:36.696Z,66.418,0.04987126961350441,0.17311789095401764,-0.9912053942680359
1616624712897,2021-03-24T22:26:36.699Z,66.457,0.04498845711350441,0.17092062532901764,-0.9943792223930359
1616624712938,2021-03-24T22:26:36.710Z,66.498,0.04889470711350441,0.17824484407901764,-0.9875432848930359
1616624712978,2021-03-24T22:26:36.712Z,66.538,0.04840642586350441,0.17629171907901764,-0.9963323473930359
1616624713017,2021-03-24T22:26:36.714Z,66.577,0.04547673836350441,0.17531515657901764,-0.9943792223930359
1616624713057,2021-03-24T22:26:36.726Z,66.617,0.04376775398850441,0.17385031282901764,-0.9963323473930359
1616624713096,2021-03-24T22:26:36.728Z,66.656,0.04205876961350441,0.17018820345401764,-0.9963323473930359
1616624713136,2021-03-24T22:26:36.730Z,66.696,0.04157048836350441,0.16677023470401764,-1.0009709596633911
1616624713176,2021-03-24T22:26:36.742Z,66.736,0.06232244148850441,0.18361593782901764,-0.9963323473930359
1616624713215,2021-03-24T22:26:36.743Z,66.775,0.07330877333879471,0.19386984407901764,-0.9894964098930359
1616624713255,2021-03-24T22:26:36.745Z,66.815,0.05328923836350441,0.19679953157901764,-0.9995061755180359
1616624713294,2021-03-24T22:26:36.757Z,66.854,0.10065252333879471,0.22438742220401764,-0.9675237536430359
1616624713334,2021-03-24T22:26:36.759Z,66.894,0.07233221083879471,0.21095968782901764,-0.9894964098930359
1616624713373,2021-03-24T22:26:36.770Z,66.933,0.06964666396379471,0.20705343782901764,-0.9816839098930359
1616624713414,2021-03-24T22:26:36.787Z,66.974,0.06085759773850441,0.19753195345401764,-0.9907171130180359
1616624713454,2021-03-24T22:26:36.788Z,67.014,0.07037908583879471,0.19386984407901764,-0.9897405505180359
1616624713493,2021-03-24T22:26:36.800Z,67.053,0.07013494521379471,0.19362570345401764,-0.9880315661430359
1616624713533,2021-03-24T22:26:36.803Z,67.093,0.07037908583879471,0.19167257845401764,-0.9863225817680359
1616624713572,2021-03-24T22:26:36.805Z,67.132,0.06476385146379471,0.19216085970401764,-0.9946233630180359
1616624713612,2021-03-24T22:26:36.830Z,67.172,0.07575017958879471,0.18898703157901764,-0.9909612536430359
1616624713652,2021-03-24T22:26:36.833Z,67.212,0.08234197646379471,0.19533468782901764,-0.9877874255180359
1616624713691,2021-03-24T22:26:36.835Z,67.251,0.08185369521379471,0.19362570345401764,-0.9865667223930359
1616624713731,2021-03-24T22:26:36.846Z,67.291,0.07428533583879471,0.19313742220401764,-0.9887639880180359
1616624713770,2021-03-24T22:26:36.848Z,67.33,0.07575017958879471,0.19411398470401764,-0.9892522692680359
1616624713810,2021-03-24T22:26:36.851Z,67.37,0.07477361708879471,0.19118429720401764,-0.9941350817680359
1616624713851,2021-03-24T22:26:36.861Z,67.411,0.08185369521379471,0.19509054720401764,-0.9909612536430359
1616624713890,2021-03-24T22:26:36.864Z,67.45,0.07843572646379471,0.19777609407901764,-0.9851018786430359
1616624713930,2021-03-24T22:26:36.866Z,67.49,0.08575994521379471,0.19802023470401764,-0.9851018786430359
1616624713969,2021-03-24T22:26:36.877Z,67.529,0.07892400771379471,0.19704367220401764,-0.9870550036430359
1616624714009,2021-03-24T22:26:36.879Z,67.569,0.07965642958879471,0.19606710970401764,-0.9880315661430359
1616624714049,2021-03-24T22:26:36.890Z,67.609,0.08014471083879471,0.19338156282901764,-0.9902288317680359
1616624714088,2021-03-24T22:26:36.892Z,67.648,0.07990057021379471,0.19557882845401764,-0.9880315661430359
1616624714128,2021-03-24T22:26:36.895Z,67.688,0.07208807021379471,0.19264914095401764,-0.9929143786430359
1616624714167,2021-03-24T22:26:36.935Z,67.727,0.07794744521379471,0.19338156282901764,-0.9894964098930359
1616624714207,2021-03-24T22:26:36.937Z,67.767,0.0007990056765265763,0.18508078157901764,-1.0114690065383911
1616624714246,2021-03-24T22:26:36.940Z,67.806,0.08258611708879471,0.19655539095401764,-0.9838811755180359
1616624714286,2021-03-24T22:26:36.951Z,67.846,0.08942205458879471,0.20339132845401764,-0.9833928942680359
1616624714327,2021-03-24T22:26:36.953Z,67.887,0.08722478896379471,0.19924093782901764,-0.9868108630180359
1616624714366,2021-03-24T22:26:36.955Z,67.926,0.08600408583879471,0.20070578157901764,-0.9841253161430359
1616624714406,2021-03-24T22:26:36.966Z,67.966,0.08307439833879471,0.19972921907901764,-0.9902288317680359
1616624714446,2021-03-24T22:26:36.969Z,68.006,0.08209783583879471,0.20021750032901764,-0.9899846911430359
1616624714485,2021-03-24T22:26:36.971Z,68.045,0.08429510146379471,0.19777609407901764,-0.9863225817680359
1616624714525,2021-03-24T22:26:36.982Z,68.085,0.08502752333879471,0.19924093782901764,-0.9885198473930359
1616624714564,2021-03-24T22:26:36.983Z,68.124,0.08307439833879471,0.19826437532901764,-0.9853460192680359
1616624714604,2021-03-24T22:26:36.995Z,68.164,0.08014471083879471,0.19875265657901764,-0.9890081286430359
1616624714643,2021-03-24T22:26:36.997Z,68.203,0.08136541396379471,0.20070578157901764,-0.9855901598930359
1616624714683,2021-03-24T22:26:36.999Z,68.243,0.07867986708879471,0.19875265657901764,-0.9892522692680359
1616624714722,2021-03-24T22:26:37.010Z,68.282,0.07867986708879471,0.19777609407901764,-0.9877874255180359
1616624714762,2021-03-24T22:26:37.013Z,68.322,0.07819158583879471,0.19631125032901764,-0.9865667223930359
1616624714803,2021-03-24T22:26:37.026Z,68.363,0.07990057021379471,0.19753195345401764,-0.9885198473930359
1616624714843,2021-03-24T22:26:37.028Z,68.403,0.07965642958879471,0.19557882845401764,-0.9890081286430359
1616624714882,2021-03-24T22:26:37.030Z,68.442,0.07526189833879471,0.19460226595401764,-0.9887639880180359
1616624714922,2021-03-24T22:26:37.042Z,68.482,0.07745916396379471,0.19533468782901764,-0.9909612536430359
1616624714961,2021-03-24T22:26:37.043Z,68.521,0.07819158583879471,0.19313742220401764,-0.9875432848930359
1616624715001,2021-03-24T22:26:37.046Z,68.561,0.07819158583879471,0.19386984407901764,-0.9899846911430359
1616624715040,2021-03-24T22:26:37.057Z,68.6,0.07501775771379471,0.19582296907901764,-0.9880315661430359
1616624715080,2021-03-24T22:26:37.059Z,68.64,0.07794744521379471,0.19533468782901764,-0.9875432848930359
1616624715119,2021-03-24T22:26:37.070Z,68.679,0.07428533583879471,0.19460226595401764,-0.9875432848930359
1616624715159,2021-03-24T22:26:37.072Z,68.719,0.07599432021379471,0.19386984407901764,-0.9912053942680359
1616624715198,2021-03-24T22:26:37.075Z,68.758,0.07208807021379471,0.19240500032901764,-0.9914495348930359
1616624715238,2021-03-24T22:26:37.086Z,68.798,0.07550603896379471,0.19484640657901764,-0.9912053942680359
1616624715279,2021-03-24T22:26:37.088Z,68.839,0.07428533583879471,0.19289328157901764,-0.9877874255180359
1616624715319,2021-03-24T22:26:37.090Z,68.879,0.07111150771379471,0.19045187532901764,-0.9875432848930359
1616624715358,2021-03-24T22:26:37.102Z,68.918,0.07990057021379471,0.19313742220401764,-0.9907171130180359
1616624715398,2021-03-24T22:26:37.103Z,68.958,0.07623846083879471,0.19435812532901764,-0.9858343005180359
1616624715437,2021-03-24T22:26:37.106Z,68.997,0.07794744521379471,0.19411398470401764,-0.9890081286430359
1616624715477,2021-03-24T22:26:37.117Z,69.037,0.07965642958879471,0.19509054720401764,-0.9929143786430359
1616624715516,2021-03-24T22:26:37.119Z,69.076,0.07794744521379471,0.19460226595401764,-0.9860784411430359
1616624715556,2021-03-24T22:26:37.130Z,69.116,0.07843572646379471,0.19313742220401764,-0.9897405505180359
1616624715595,2021-03-24T22:26:37.132Z,69.155,0.07501775771379471,0.19606710970401764,-0.9882757067680359
1616624715635,2021-03-24T22:26:37.135Z,69.195,0.07990057021379471,0.19411398470401764,-0.9877874255180359
1616624715675,2021-03-24T22:26:37.160Z,69.235,0.08136541396379471,0.19484640657901764,-0.9885198473930359
1616624715716,2021-03-24T22:26:37.162Z,69.276,0.08258611708879471,0.19997335970401764,-0.9868108630180359
1616624715755,2021-03-24T22:26:37.191Z,69.315,0.07941228896379471,0.19777609407901764,-0.9872991442680359
1616624715795,2021-03-24T22:26:37.193Z,69.355,0.08063299208879471,0.19362570345401764,-0.9894964098930359
1616624715834,2021-03-24T22:26:37.196Z,69.394,0.07867986708879471,0.19606710970401764,-0.9870550036430359
1616624715874,2021-03-24T22:26:37.207Z,69.434,0.07916814833879471,0.19728781282901764,-0.9904729723930359
1616624715913,2021-03-24T22:26:37.209Z,69.473,0.08038885146379471,0.19435812532901764,-0.9882757067680359
1616624715953,2021-03-24T22:26:37.221Z,69.513,0.08038885146379471,0.19557882845401764,-0.9877874255180359
1616624715992,2021-03-24T22:26:37.222Z,69.552,0.08160955458879471,0.19557882845401764,-0.9865667223930359
1616624716032,2021-03-24T22:26:37.224Z,69.592,0.07892400771379471,0.19557882845401764,-0.9892522692680359
1616624716072,2021-03-24T22:26:37.251Z,69.632,0.07892400771379471,0.19533468782901764,-0.9858343005180359
1616624716111,2021-03-24T22:26:37.253Z,69.671,0.07965642958879471,0.19533468782901764,-0.9897405505180359
1616624716151,2021-03-24T22:26:37.255Z,69.711,0.08063299208879471,0.19362570345401764,-0.9877874255180359
1616624716192,2021-03-24T22:26:37.266Z,69.752,0.07672674208879471,0.19167257845401764,-0.9882757067680359
1616624716231,2021-03-24T22:26:37.268Z,69.791,0.08112127333879471,0.19142843782901764,-0.9858343005180359
1616624716271,2021-03-24T22:26:37.270Z,69.831,0.08063299208879471,0.18849875032901764,-0.9868108630180359
1616624716310,2021-03-24T22:26:37.282Z,69.87,0.07599432021379471,0.17751242220401764,-0.9909612536430359
1616624716350,2021-03-24T22:26:37.283Z,69.91,0.07184392958879471,0.16237570345401764,-1.0012151002883911
1616624716389,2021-03-24T22:26:37.295Z,69.949,0.07037908583879471,0.16139914095401764,-0.9985296130180359
1616624716429,2021-03-24T22:26:37.297Z,69.989,0.06842596083879471,0.16261984407901764,-0.9943792223930359
1616624716468,2021-03-24T22:26:37.299Z,70.028,0.05719548836350441,0.14772726595401764,-1.0004826784133911
1616624716508,2021-03-24T22:26:37.310Z,70.068,0.04572087898850441,0.14797140657901764,-0.9973089098930359
1616624716548,2021-03-24T22:26:37.313Z,70.108,0.04181462898850441,0.14235617220401764,-1.0068303346633911
1616624716587,2021-03-24T22:26:37.315Z,70.147,0.03082830272614956,0.13869406282901764,-1.0019475221633911
1616624716627,2021-03-24T22:26:37.340Z,70.187,0.03375798836350441,0.13820578157901764,-1.0031682252883911
1616624716668,2021-03-24T22:26:37.342Z,70.228,0.03253728523850441,0.13674093782901764,-1.0026799440383911
1616624716707,2021-03-24T22:26:37.345Z,70.267,0.03180486336350441,0.13698507845401764,-1.0002385377883911
1616624716747,2021-03-24T22:26:37.356Z,70.307,0.03253728523850441,0.13576437532901764,-1.0051213502883911
1616624716786,2021-03-24T22:26:37.358Z,70.346,0.03278142586350441,0.14089132845401764,-1.0053654909133911
1616624716826,2021-03-24T22:26:37.361Z,70.386,0.03278142586350441,0.14064718782901764,-1.0053654909133911
1616624716865,2021-03-24T22:26:37.386Z,70.425,0.03522283211350441,0.14040304720401764,-1.0029240846633911
1616624716905,2021-03-24T22:26:37.388Z,70.465,0.03204900398850441,0.13893820345401764,-1.0058537721633911
1616624716945,2021-03-24T22:26:37.390Z,70.505,0.03180486336350441,0.12575460970401764,-0.9758245348930359
1616624716984,2021-03-24T22:26:37.402Z,70.544,0.03253728523850441,0.13478781282901764,-0.9670354723930359
1616624717024,2021-03-24T22:26:37.404Z,70.584,0.02960759960114956,0.14211203157901764,-1.0021916627883911
1616624717063,2021-03-24T22:26:37.407Z,70.623,0.02863103710114956,0.14186789095401764,-1.0097600221633911
1616624717104,2021-03-24T22:26:37.430Z,70.664,0.02911931835114956,0.13796164095401764,-1.0012151002883911
1616624717144,2021-03-24T22:26:37.433Z,70.704,0.02838689647614956,0.13503195345401764,-1.0048772096633911
1616624717183,2021-03-24T22:26:37.435Z,70.743,0.02911931835114956,0.13576437532901764,-1.0051213502883911
1616624717223,2021-03-24T22:26:37.446Z,70.783,0.02545720897614956,0.13185812532901764,-1.0034123659133911
1616624717262,2021-03-24T22:26:37.448Z,70.822,0.02741033397614956,0.13185812532901764,-1.0063420534133911
1616624717302,2021-03-24T22:26:37.491Z,70.862,0.02667791210114956,0.13088156282901764,-1.0085393190383911
1616624717342,2021-03-24T22:26:37.493Z,70.902,0.02765447460114956,0.13283468782901764,-1.0053654909133911
1616624717381,2021-03-24T22:26:37.495Z,70.941,0.02643377147614956,0.13332296907901764,-1.0048772096633911
1616624717421,2021-03-24T22:26:37.507Z,70.981,0.02838689647614956,0.12966085970401764,-1.0039006471633911
1616624717460,2021-03-24T22:26:37.509Z,71.02,0.02814275585114956,0.13112570345401764,-1.0024358034133911
1616624717500,2021-03-24T22:26:37.520Z,71.06,0.02643377147614956,0.13014914095401764,-1.0041447877883911
1616624717539,2021-03-24T22:26:37.522Z,71.099,0.02643377147614956,0.13185812532901764,-1.0029240846633911
1616624717580,2021-03-24T22:26:37.524Z,71.14,0.02667791210114956,0.13112570345401764,-1.0039006471633911
1616624717620,2021-03-24T22:26:37.538Z,71.18,0.02765447460114956,0.13283468782901764,-1.0046330690383911
1616624717659,2021-03-24T22:26:37.538Z,71.219,0.02716619335114956,0.13088156282901764,-1.0053654909133911
1616624717699,2021-03-24T22:26:37.540Z,71.259,0.02472478710114956,0.13161398470401764,-1.0051213502883911
1616624717739,2021-03-24T22:26:37.551Z,71.299,0.02838689647614956,0.13210226595401764,-1.0034123659133911
1616624717778,2021-03-24T22:26:37.554Z,71.338,0.02545720897614956,0.13234640657901764,-1.0021916627883911
1616624717818,2021-03-24T22:26:37.555Z,71.378,0.02863103710114956,0.13527609407901764,-1.0039006471633911
1616624717857,2021-03-24T22:26:37.567Z,71.417,0.02741033397614956,0.13307882845401764,-1.0026799440383911
1616624717897,2021-03-24T22:26:37.569Z,71.457,0.02789861522614956,0.13259054720401764,-1.0034123659133911
1616624717936,2021-03-24T22:26:37.580Z,71.496,0.02667791210114956,0.13429953157901764,-1.0036565065383911
1616624717977,2021-03-24T22:26:37.582Z,71.537,0.02521306835114956,0.13283468782901764,-1.0034123659133911
1616624718015,2021-03-24T22:26:37.584Z,71.575,0.02643377147614956,0.13332296907901764,-1.0048772096633911
1616624718056,2021-03-24T22:26:37.596Z,71.616,0.02570134960114956,0.13429953157901764,-1.0046330690383911
1616624718096,2021-03-24T22:26:37.599Z,71.656,0.02960759960114956,0.13356710970401764,-1.0036565065383911
1616624718135,2021-03-24T22:26:37.601Z,71.695,0.02496892772614956,0.13234640657901764,-1.0051213502883911
1616624718175,2021-03-24T22:26:37.612Z,71.735,0.02838689647614956,0.13356710970401764,-1.0026799440383911
1616624718215,2021-03-24T22:26:37.614Z,71.775,0.02838689647614956,0.13185812532901764,-1.0056096315383911
1616624718254,2021-03-24T22:26:37.625Z,71.814,0.02618963085114956,0.13381125032901764,-1.0073186159133911
1616624718294,2021-03-24T22:26:37.627Z,71.854,0.02838689647614956,0.13161398470401764,-1.0053654909133911
1616624718333,2021-03-24T22:26:37.630Z,71.893,0.02618963085114956,0.13234640657901764,-1.0041447877883911
1616624718373,2021-03-24T22:26:37.640Z,71.933,0.02545720897614956,0.13283468782901764,-1.0029240846633911
1616624718412,2021-03-24T22:26:37.644Z,71.972,0.02838689647614956,0.13283468782901764,-1.0051213502883911
1616624718452,2021-03-24T22:26:37.645Z,72.012,0.02643377147614956,0.13307882845401764,-1.0034123659133911
1616624718493,2021-03-24T22:26:37.656Z,72.053,0.02789861522614956,0.13234640657901764,-1.0048772096633911
1616624718532,2021-03-24T22:26:37.658Z,72.092,0.02716619335114956,0.13112570345401764,-1.0009709596633911
1616624718572,2021-03-24T22:26:37.661Z,72.132,0.02814275585114956,0.13210226595401764,-1.0048772096633911
1616624718612,2021-03-24T22:26:37.672Z,72.172,0.02545720897614956,0.13259054720401764,-1.0031682252883911
1616624718651,2021-03-24T22:26:37.674Z,72.211,0.02667791210114956,0.13088156282901764,-1.0019475221633911
1616624718691,2021-03-24T22:26:37.685Z,72.251,0.02741033397614956,0.13332296907901764,-1.0031682252883911
1616624718730,2021-03-24T22:26:37.687Z,72.29,0.02618963085114956,0.12990500032901764,-1.0014592409133911
1616624718770,2021-03-24T22:26:37.689Z,72.33,0.02618963085114956,0.13185812532901764,-1.0034123659133911
1616624718809,2021-03-24T22:26:37.700Z,72.369,0.02741033397614956,0.13283468782901764,-1.0034123659133911
1616624718849,2021-03-24T22:26:37.717Z,72.409,0.02716619335114956,0.13210226595401764,-1.0046330690383911
1616624718890,2021-03-24T22:26:37.747Z,72.45,0.02765447460114956,0.13283468782901764,-1.0048772096633911
1616624718929,2021-03-24T22:26:37.750Z,72.489,0.02789861522614956,0.13381125032901764,-1.0034123659133911
1616624718969,2021-03-24T22:26:37.761Z,72.529,0.03229314461350441,0.14064718782901764,-1.0021916627883911
1616624719009,2021-03-24T22:26:37.763Z,72.569,0.02594549022614956,0.12966085970401764,-1.0085393190383911
1616624719048,2021-03-24T22:26:37.765Z,72.608,0.02374822460114956,0.12184836715459824,-1.0114690065383911
1616624719088,2021-03-24T22:26:37.777Z,72.648,0.02960759960114956,0.12502218782901764,-1.0078068971633911
1616624719127,2021-03-24T22:26:37.778Z,72.687,0.02985174022614956,0.12624289095401764,-1.0234318971633911
1616624719167,2021-03-24T22:26:37.781Z,72.727,0.02838689647614956,0.13063742220401764,-1.0207463502883911
1616624719206,2021-03-24T22:26:37.807Z,72.766,-0.009699041023850441,0.12331321090459824,-0.9992620348930359
1616624719246,2021-03-24T22:26:37.809Z,72.806,0.1592462658882141,0.22511984407901764,-0.9846135973930359
1616624719285,2021-03-24T22:26:37.821Z,72.845,0.1467950940132141,0.24220968782901764,-0.9208928942680359
1616624719326,2021-03-24T22:26:37.822Z,72.886,-0.07024591416120529,0.22536398470401764,-0.9907171130180359
1616624719366,2021-03-24T22:26:37.824Z,72.926,-0.2074529528617859,0.24269796907901764,-0.9626409411430359
1616624719406,2021-03-24T22:26:37.836Z,72.966,-0.1652166247367859,0.23439718782901764,-0.9448186755180359
1616624719445,2021-03-24T22:26:37.838Z,73.005,-0.1679021716117859,0.22170187532901764,-0.9929143786430359
1616624719485,2021-03-24T22:26:37.840Z,73.045,-0.1361638903617859,0.21633078157901764,-0.9841253161430359
1616624719524,2021-03-24T22:26:37.851Z,73.084,-0.1254217028617859,0.21291281282901764,-0.9946233630180359
1616624719564,2021-03-24T22:26:37.854Z,73.124,-0.11272638291120529,0.20241476595401764,-0.9819280505180359
1616624719603,2021-03-24T22:26:37.855Z,73.163,-0.12078302353620529,0.19142843782901764,-0.9750921130180359
1616624719643,2021-03-24T22:26:37.867Z,73.203,-0.08513849228620529,0.17433859407901764,-1.0036565065383911
1616624719682,2021-03-24T22:26:37.869Z,73.242,-0.10320489853620529,0.18874289095401764,-0.9902288317680359
1616624719722,2021-03-24T22:26:37.880Z,73.282,-0.11028497666120529,0.18923117220401764,-0.9885198473930359
1616624719763,2021-03-24T22:26:37.897Z,73.323,-0.10076349228620529,0.18971945345401764,-0.9904729723930359
1616624719802,2021-03-24T22:26:37.898Z,73.362,-0.09124200791120529,0.19240500032901764,-0.9916936755180359
1616624719842,2021-03-24T22:26:37.900Z,73.402,-0.09734552353620529,0.19313742220401764,-0.9887639880180359
1616624719882,2021-03-24T22:26:37.912Z,73.442,-0.09490411728620529,0.19313742220401764,-0.9855901598930359
1616624719921,2021-03-24T22:26:37.914Z,73.481,-0.09563653916120529,0.19338156282901764,-0.9897405505180359
1616624719961,2021-03-24T22:26:37.941Z,73.521,-0.09319513291120529,0.19094015657901764,-0.9865667223930359
1616624720000,2021-03-24T22:26:37.943Z,73.56,-0.09539239853620529,0.19289328157901764,-0.9897405505180359
1616624720040,2021-03-24T22:26:37.946Z,73.6,-0.09783380478620529,0.19191671907901764,-0.9885198473930359
1616624720079,2021-03-24T22:26:37.956Z,73.639,-0.09392755478620529,0.19240500032901764,-0.9904729723930359
1616624720119,2021-03-24T22:26:37.958Z,73.679,-0.09514825791120529,0.19386984407901764,-0.9872991442680359
1616624720158,2021-03-24T22:26:37.961Z,73.718,-0.09539239853620529,0.19216085970401764,-0.9865667223930359
1616624720199,2021-03-24T22:26:37.972Z,73.759,-0.09417169541120529,0.19460226595401764,-0.9907171130180359
1616624720239,2021-03-24T22:26:37.974Z,73.799,-0.09563653916120529,0.19240500032901764,-0.9904729723930359
1616624720279,2021-03-24T22:26:37.986Z,73.839,-0.09514825791120529,0.19240500032901764,-0.9885198473930359
1616624720318,2021-03-24T22:26:37.987Z,73.878,-0.09295099228620529,0.19289328157901764,-0.9887639880180359
1616624720358,2021-03-24T22:26:37.990Z,73.918,-0.09246271103620529,0.19435812532901764,-0.9907171130180359
1616624720397,2021-03-24T22:26:38.001Z,73.957,-0.09368341416120529,0.19264914095401764,-0.9868108630180359
1616624720437,2021-03-24T22:26:38.003Z,73.997,-0.09270685166120529,0.19411398470401764,-0.9892522692680359
1616624720476,2021-03-24T22:26:38.006Z,74.036,-0.09368341416120529,0.19338156282901764,-0.9875432848930359
1616624720516,2021-03-24T22:26:38.046Z,74.076,-0.09417169541120529,0.19240500032901764,-0.9872991442680359
1616624720555,2021-03-24T22:26:38.048Z,74.115,-0.09392755478620529,0.19289328157901764,-0.9909612536430359
1616624720596,2021-03-24T22:26:38.050Z,74.156,-0.09295099228620529,0.19240500032901764,-0.9885198473930359
1616624720636,2021-03-24T22:26:38.062Z,74.196,-0.09343927353620529,0.19411398470401764,-0.9880315661430359
1616624720676,2021-03-24T22:26:38.064Z,74.236,-0.09343927353620529,0.19411398470401764,-0.9902288317680359
1616624720715,2021-03-24T22:26:38.066Z,74.275,-0.09514825791120529,0.19435812532901764,-0.9907171130180359
1616624720755,2021-03-24T22:26:38.077Z,74.315,-0.09588067978620529,0.19289328157901764,-0.9899846911430359
1616624720794,2021-03-24T22:26:38.079Z,74.354,-0.09148614853620529,0.19313742220401764,-0.9877874255180359
1616624720834,2021-03-24T22:26:38.090Z,74.394,-0.09441583603620529,0.19264914095401764,-0.9872991442680359
1616624720873,2021-03-24T22:26:38.092Z,74.433,-0.09465997666120529,0.19240500032901764,-0.9902288317680359
1616624720913,2021-03-24T22:26:38.095Z,74.473,-0.09368341416120529,0.19118429720401764,-0.9897405505180359
1616624720952,2021-03-24T22:26:38.106Z,74.512,-0.09319513291120529,0.19167257845401764,-0.9885198473930359
1616624720993,2021-03-24T22:26:38.107Z,74.553,-0.09319513291120529,0.19289328157901764,-0.9890081286430359
1616624721033,2021-03-24T22:26:38.109Z,74.593,-0.09270685166120529,0.19362570345401764,-0.9863225817680359
1616624721072,2021-03-24T22:26:38.120Z,74.632,-0.09441583603620529,0.19338156282901764,-0.9887639880180359
1616624721112,2021-03-24T22:26:38.123Z,74.672,-0.09221857041120529,0.19289328157901764,-0.9875432848930359
1616624721152,2021-03-24T22:26:38.125Z,74.712,-0.09295099228620529,0.19386984407901764,-0.9877874255180359
1616624721191,2021-03-24T22:26:38.136Z,74.751,-0.09392755478620529,0.19631125032901764,-0.9885198473930359
1616624721231,2021-03-24T22:26:38.138Z,74.791,-0.09173028916120529,0.19435812532901764,-0.9863225817680359
1616624721270,2021-03-24T22:26:38.140Z,74.83,-0.09270685166120529,0.19216085970401764,-0.9890081286430359
1616624721310,2021-03-24T22:26:38.152Z,74.87,-0.09221857041120529,0.19240500032901764,-0.9902288317680359
1616624721349,2021-03-24T22:26:38.153Z,74.909,-0.09026544541120529,0.19094015657901764,-0.9904729723930359
1616624721389,2021-03-24T22:26:38.156Z,74.949,-0.08880060166120529,0.19191671907901764,-0.9909612536430359
1616624721428,2021-03-24T22:26:38.167Z,74.988,-0.08880060166120529,0.19264914095401764,-0.9890081286430359
1616624721469,2021-03-24T22:26:38.169Z,75.029,-0.09075372666120529,0.19142843782901764,-0.9882757067680359
1616624721509,2021-03-24T22:26:38.180Z,75.069,-0.08806817978620529,0.19264914095401764,-0.9926702380180359
1616624721549,2021-03-24T22:26:38.182Z,75.109,-0.08904474228620529,0.19167257845401764,-0.9924260973930359
1616624721588,2021-03-24T22:26:38.185Z,75.148,-0.08928888291120529,0.19313742220401764,-0.9890081286430359
1616624721628,2021-03-24T22:26:38.196Z,75.188,-0.08928888291120529,0.19191671907901764,-0.9890081286430359
1616624721667,2021-03-24T22:26:38.198Z,75.227,-0.09221857041120529,0.19264914095401764,-0.9887639880180359
1616624721707,2021-03-24T22:26:38.200Z,75.267,-0.09197442978620529,0.19435812532901764,-0.9887639880180359
1616624721746,2021-03-24T22:26:38.211Z,75.306,-0.08904474228620529,0.19191671907901764,-0.9877874255180359
1616624721786,2021-03-24T22:26:38.213Z,75.346,-0.08953302353620529,0.19338156282901764,-0.9882757067680359
1616624721825,2021-03-24T22:26:38.216Z,75.385,-0.08904474228620529,0.19289328157901764,-0.9892522692680359
1616624721866,2021-03-24T22:26:38.227Z,75.426,-0.09124200791120529,0.19362570345401764,-0.9877874255180359
1616624721906,2021-03-24T22:26:38.230Z,75.466,-0.09319513291120529,0.19216085970401764,-0.9865667223930359
1616624721946,2021-03-24T22:26:38.240Z,75.506,-0.09050958603620529,0.19216085970401764,-0.9885198473930359
1616624721985,2021-03-24T22:26:38.271Z,75.545,-0.09221857041120529,0.19240500032901764,-0.9868108630180359
1616624722025,2021-03-24T22:26:38.273Z,75.585,-0.09075372666120529,0.19362570345401764,-0.9882757067680359
1616624722064,2021-03-24T22:26:38.275Z,75.624,-0.09368341416120529,0.19264914095401764,-0.9892522692680359
1616624722104,2021-03-24T22:26:38.286Z,75.664,-0.09148614853620529,0.19386984407901764,-0.9882757067680359
1616624722143,2021-03-24T22:26:38.302Z,75.703,-0.09124200791120529,0.19216085970401764,-0.9880315661430359
1616624722183,2021-03-24T22:26:38.303Z,75.743,-0.09002130478620529,0.19191671907901764,-0.9870550036430359
1616624722222,2021-03-24T22:26:38.306Z,75.782,-0.08953302353620529,0.19338156282901764,-0.9894964098930359
1616624722262,2021-03-24T22:26:38.317Z,75.822,-0.08977716416120529,0.19240500032901764,-0.9885198473930359
1616624722303,2021-03-24T22:26:38.319Z,75.863,-0.08977716416120529,0.19435812532901764,-0.9865667223930359
1616624722343,2021-03-24T22:26:38.332Z,75.903,-0.09050958603620529,0.19338156282901764,-0.9902288317680359
1616624722382,2021-03-24T22:26:38.334Z,75.942,-0.09319513291120529,0.19362570345401764,-0.9890081286430359
1616624722422,2021-03-24T22:26:38.360Z,75.982,-0.09173028916120529,0.19216085970401764,-0.9880315661430359
1616624722461,2021-03-24T22:26:38.362Z,76.021,-0.09099786728620529,0.19313742220401764,-0.9904729723930359
1616624722501,2021-03-24T22:26:38.364Z,76.061,-0.09270685166120529,0.19264914095401764,-0.9892522692680359
1616624722540,2021-03-24T22:26:38.375Z,76.1,-0.08977716416120529,0.19264914095401764,-0.9892522692680359
1616624722580,2021-03-24T22:26:38.378Z,76.14,-0.09221857041120529,0.19460226595401764,-0.9897405505180359
1616624722619,2021-03-24T22:26:38.380Z,76.179,-0.09075372666120529,0.19386984407901764,-0.9892522692680359
1616624722659,2021-03-24T22:26:38.391Z,76.219,-0.08977716416120529,0.19216085970401764,-0.9855901598930359
1616624722698,2021-03-24T22:26:38.393Z,76.258,-0.09026544541120529,0.19460226595401764,-0.9916936755180359
1616624722739,2021-03-24T22:26:38.396Z,76.299,-0.08928888291120529,0.19484640657901764,-0.9875432848930359
1616624722779,2021-03-24T22:26:38.407Z,76.339,-0.09246271103620529,0.19362570345401764,-0.9885198473930359
1616624722819,2021-03-24T22:26:38.408Z,76.379,-0.09148614853620529,0.19509054720401764,-0.9890081286430359
1616624722858,2021-03-24T22:26:38.410Z,76.418,-0.09148614853620529,0.19264914095401764,-0.9897405505180359
1616624722898,2021-03-24T22:26:38.422Z,76.458,-0.08953302353620529,0.19338156282901764,-0.9890081286430359
1616624722937,2021-03-24T22:26:38.424Z,76.497,-0.08928888291120529,0.19362570345401764,-0.9868108630180359
1616624722977,2021-03-24T22:26:38.435Z,76.537,-0.08953302353620529,0.19216085970401764,-0.9894964098930359
1616624723016,2021-03-24T22:26:38.452Z,76.576,-0.08953302353620529,0.19313742220401764,-0.9897405505180359
1616624723056,2021-03-24T22:26:38.455Z,76.616,-0.09050958603620529,0.19362570345401764,-0.9868108630180359
1616624723095,2021-03-24T22:26:38.465Z,76.655,-0.09246271103620529,0.19411398470401764,-0.9880315661430359
1616624723136,2021-03-24T22:26:38.467Z,76.696,-0.09124200791120529,0.19362570345401764,-0.9890081286430359
1616624723176,2021-03-24T22:26:38.469Z,76.736,-0.09173028916120529,0.19509054720401764,-0.9894964098930359
1616624723216,2021-03-24T22:26:38.495Z,76.776,-0.09050958603620529,0.19289328157901764,-0.9858343005180359
1616624723255,2021-03-24T22:26:38.497Z,76.815,-0.08904474228620529,0.19264914095401764,-0.9902288317680359
1616624723295,2021-03-24T22:26:38.499Z,76.855,-0.09050958603620529,0.19167257845401764,-0.9865667223930359
1616624723334,2021-03-24T22:26:38.510Z,76.894,-0.09270685166120529,0.19435812532901764,-0.9868108630180359
1616624723374,2021-03-24T22:26:38.513Z,76.934,-0.09124200791120529,0.19362570345401764,-0.9882757067680359
1616624723413,2021-03-24T22:26:38.515Z,76.973,-0.08928888291120529,0.19460226595401764,-0.9894964098930359
1616624723453,2021-03-24T22:26:38.526Z,77.013,-0.09124200791120529,0.19362570345401764,-0.9860784411430359
1616624723492,2021-03-24T22:26:38.528Z,77.052,-0.08928888291120529,0.19533468782901764,-0.9877874255180359
1616624723532,2021-03-24T22:26:38.531Z,77.092,-0.08855646103620529,0.19264914095401764,-0.9872991442680359
1616624723573,2021-03-24T22:26:38.542Z,77.133,-0.08757989853620529,0.19313742220401764,-0.9916936755180359
1616624723613,2021-03-24T22:26:38.544Z,77.173,-0.08928888291120529,0.19313742220401764,-0.9892522692680359
1616624723652,2021-03-24T22:26:38.545Z,77.212,-0.08953302353620529,0.19313742220401764,-0.9904729723930359
1616624723692,2021-03-24T22:26:38.557Z,77.252,-0.09002130478620529,0.19313742220401764,-0.9897405505180359
1616624723731,2021-03-24T22:26:38.559Z,77.291,-0.09075372666120529,0.19264914095401764,-0.9909612536430359
1616624723771,2021-03-24T22:26:38.570Z,77.331,-0.09002130478620529,0.19435812532901764,-0.9887639880180359
1616624723810,2021-03-24T22:26:38.587Z,77.37,-0.09099786728620529,0.19582296907901764,-0.9907171130180359
1616624723850,2021-03-24T22:26:38.589Z,77.41,-0.09026544541120529,0.19533468782901764,-0.9870550036430359
1616624723889,2021-03-24T22:26:38.600Z,77.449,-0.09197442978620529,0.19289328157901764,-0.9882757067680359
1616624723929,2021-03-24T22:26:38.602Z,77.489,-0.09124200791120529,0.19386984407901764,-0.9914495348930359
1616624723968,2021-03-24T22:26:38.604Z,77.528,-0.08928888291120529,0.19313742220401764,-0.9890081286430359
1616624724010,2021-03-24T22:26:38.616Z,77.57,-0.08928888291120529,0.19289328157901764,-0.9885198473930359
1616624724049,2021-03-24T22:26:38.618Z,77.609,-0.09050958603620529,0.19313742220401764,-0.9855901598930359
1616624724089,2021-03-24T22:26:38.620Z,77.649,-0.09270685166120529,0.19313742220401764,-0.9885198473930359
1616624724128,2021-03-24T22:26:38.633Z,77.688,-0.08977716416120529,0.19240500032901764,-0.9912053942680359
1616624724168,2021-03-24T22:26:38.634Z,77.728,-0.09002130478620529,0.19289328157901764,-0.9870550036430359
1616624724207,2021-03-24T22:26:38.636Z,77.767,-0.08904474228620529,0.19460226595401764,-0.9894964098930359
1616624724247,2021-03-24T22:26:38.647Z,77.807,-0.09148614853620529,0.19240500032901764,-0.9899846911430359
1616624724286,2021-03-24T22:26:38.649Z,77.846,-0.09124200791120529,0.19289328157901764,-0.9875432848930359
1616624724326,2021-03-24T22:26:38.660Z,77.886,-0.09075372666120529,0.19411398470401764,-0.9909612536430359
1616624724365,2021-03-24T22:26:38.662Z,77.925,-0.08953302353620529,0.19582296907901764,-0.9894964098930359
1616624724405,2021-03-24T22:26:38.664Z,77.965,-0.08928888291120529,0.19338156282901764,-0.9902288317680359
1616624724446,2021-03-24T22:26:38.676Z,78.006,-0.09343927353620529,0.19313742220401764,-0.9907171130180359
1616624724486,2021-03-24T22:26:38.678Z,78.046,-0.09002130478620529,0.19386984407901764,-0.9892522692680359
1616624724525,2021-03-24T22:26:38.680Z,78.085,-0.09221857041120529,0.19411398470401764,-0.9868108630180359
1616624724565,2021-03-24T22:26:38.692Z,78.125,-0.09197442978620529,0.19509054720401764,-0.9882757067680359
1616624724604,2021-03-24T22:26:38.694Z,78.164,-0.09075372666120529,0.19411398470401764,-0.9907171130180359
1616624724644,2021-03-24T22:26:38.705Z,78.204,-0.08904474228620529,0.19240500032901764,-0.9858343005180359
1616624724683,2021-03-24T22:26:38.707Z,78.243,-0.08806817978620529,0.19411398470401764,-0.9902288317680359
1616624724723,2021-03-24T22:26:38.709Z,78.283,-0.09197442978620529,0.19191671907901764,-0.9882757067680359
1616624724762,2021-03-24T22:26:38.721Z,78.322,-0.08928888291120529,0.19338156282901764,-0.9926702380180359
1616624724802,2021-03-24T22:26:38.723Z,78.362,-0.08977716416120529,0.19362570345401764,-0.9887639880180359
1616624724842,2021-03-24T22:26:38.725Z,78.402,-0.08904474228620529,0.19264914095401764,-0.9907171130180359
1616624724883,2021-03-24T22:26:38.736Z,78.443,-0.09002130478620529,0.19313742220401764,-0.9872991442680359
1616624724922,2021-03-24T22:26:38.738Z,78.482,-0.09099786728620529,0.19264914095401764,-0.9894964098930359
1616624724962,2021-03-24T22:26:38.740Z,78.522,-0.09002130478620529,0.19362570345401764,-0.9875432848930359
1616624725001,2021-03-24T22:26:38.752Z,78.561,-0.08880060166120529,0.19362570345401764,-0.9877874255180359
1616624725041,2021-03-24T22:26:38.754Z,78.601,-0.08904474228620529,0.19289328157901764,-0.9882757067680359
1616624725080,2021-03-24T22:26:38.765Z,78.64,-0.08977716416120529,0.19533468782901764,-0.9890081286430359
1616624725120,2021-03-24T22:26:38.797Z,78.68,-0.09026544541120529,0.19386984407901764,-0.9894964098930359
1616624725159,2021-03-24T22:26:38.800Z,78.719,-0.09173028916120529,0.19386984407901764,-0.9907171130180359
1616624725199,2021-03-24T22:26:38.825Z,78.759,-0.08928888291120529,0.19460226595401764,-0.9897405505180359
1616624725239,2021-03-24T22:26:38.829Z,78.799,-0.09124200791120529,0.19142843782901764,-0.9902288317680359
1616624725280,2021-03-24T22:26:38.829Z,78.84,-0.09124200791120529,0.19460226595401764,-0.9890081286430359
1616624725319,2021-03-24T22:26:38.841Z,78.879,-0.08880060166120529,0.19411398470401764,-0.9870550036430359
1616624725359,2021-03-24T22:26:38.843Z,78.919,-0.08953302353620529,0.19362570345401764,-0.9899846911430359
1616624725398,2021-03-24T22:26:38.845Z,78.958,-0.09099786728620529,0.19289328157901764,-0.9882757067680359
1616624725438,2021-03-24T22:26:38.856Z,78.998,-0.09002130478620529,0.19264914095401764,-0.9858343005180359
1616624725477,2021-03-24T22:26:38.859Z,79.037,-0.09173028916120529,0.19386984407901764,-0.9877874255180359
1616624725517,2021-03-24T22:26:38.861Z,79.077,-0.09246271103620529,0.19362570345401764,-0.9890081286430359
1616624725556,2021-03-24T22:26:38.872Z,79.116,-0.08928888291120529,0.19289328157901764,-0.9882757067680359
1616624725596,2021-03-24T22:26:38.873Z,79.156,-0.09173028916120529,0.19362570345401764,-0.9897405505180359
1616624725635,2021-03-24T22:26:38.885Z,79.195,-0.08904474228620529,0.19460226595401764,-0.9885198473930359
1616624725675,2021-03-24T22:26:38.891Z,79.235,-0.09124200791120529,0.19338156282901764,-0.9912053942680359
1616624725716,2021-03-24T22:26:38.891Z,79.276,-0.08953302353620529,0.19484640657901764,-0.9912053942680359
1616624725756,2021-03-24T22:26:38.915Z,79.316,-0.09197442978620529,0.19338156282901764,-0.9916936755180359
1616624725795,2021-03-24T22:26:38.918Z,79.355,-0.09075372666120529,0.19362570345401764,-0.9904729723930359
1616624725835,2021-03-24T22:26:38.920Z,79.395,-0.09124200791120529,0.19411398470401764,-0.9907171130180359
1616624725874,2021-03-24T22:26:38.931Z,79.434,-0.09002130478620529,0.19460226595401764,-0.9894964098930359
1616624725914,2021-03-24T22:26:38.933Z,79.474,-0.09002130478620529,0.19264914095401764,-0.9904729723930359
1616624725953,2021-03-24T22:26:38.935Z,79.513,-0.09124200791120529,0.19289328157901764,-0.9882757067680359
1616624725993,2021-03-24T22:26:38.947Z,79.553,-0.09124200791120529,0.19509054720401764,-0.9880315661430359
1616624726032,2021-03-24T22:26:38.949Z,79.592,-0.08855646103620529,0.19435812532901764,-0.9885198473930359
1616624726072,2021-03-24T22:26:38.960Z,79.632,-0.09099786728620529,0.19460226595401764,-0.9899846911430359
1616624726112,2021-03-24T22:26:38.962Z,79.672,-0.09173028916120529,0.19191671907901764,-0.9863225817680359
1616624726153,2021-03-24T22:26:38.965Z,79.713,-0.09148614853620529,0.19289328157901764,-0.9865667223930359
1616624726192,2021-03-24T22:26:38.975Z,79.752,-0.08928888291120529,0.19509054720401764,-0.9909612536430359
1616624726232,2021-03-24T22:26:38.978Z,79.792,-0.08684747666120529,0.19362570345401764,-0.9894964098930359
1616624726271,2021-03-24T22:26:38.980Z,79.831,-0.09050958603620529,0.19386984407901764,-0.9897405505180359
1616624726311,2021-03-24T22:26:39.005Z,79.871,-0.08977716416120529,0.19338156282901764,-0.9899846911430359
1616624726350,2021-03-24T22:26:39.007Z,79.91,-0.08953302353620529,0.19338156282901764,-0.9882757067680359
1616624726390,2021-03-24T22:26:39.010Z,79.95,-0.09124200791120529,0.19411398470401764,-0.9887639880180359
1616624726429,2021-03-24T22:26:39.021Z,79.989,-0.09002130478620529,0.19509054720401764,-0.9875432848930359
1616624726469,2021-03-24T22:26:39.023Z,80.029,-0.08953302353620529,0.19460226595401764,-0.9882757067680359
1616624726509,2021-03-24T22:26:39.025Z,80.069,-0.08709161728620529,0.19386984407901764,-0.9892522692680359
1616624726548,2021-03-24T22:26:39.051Z,80.108,-0.09050958603620529,0.19435812532901764,-0.9870550036430359
1616624726589,2021-03-24T22:26:39.053Z,80.149,-0.08782403916120529,0.19289328157901764,-0.9912053942680359
1616624726629,2021-03-24T22:26:39.055Z,80.189,-0.09124200791120529,0.19460226595401764,-0.9870550036430359
1616624726668,2021-03-24T22:26:39.066Z,80.228,-0.09099786728620529,0.19411398470401764,-0.9892522692680359
1616624726708,2021-03-24T22:26:39.068Z,80.268,-0.09221857041120529,0.19338156282901764,-0.9892522692680359
1616624726747,2021-03-24T22:26:39.070Z,80.307,-0.09148614853620529,0.19582296907901764,-0.9912053942680359
1616624726787,2021-03-24T22:26:39.082Z,80.347,-0.08928888291120529,0.19411398470401764,-0.9914495348930359
1616624726826,2021-03-24T22:26:39.084Z,80.386,-0.08953302353620529,0.19460226595401764,-0.9870550036430359
1616624726866,2021-03-24T22:26:39.095Z,80.426,-0.09075372666120529,0.19264914095401764,-0.9907171130180359
1616624726906,2021-03-24T22:26:39.097Z,80.466,-0.08904474228620529,0.19338156282901764,-0.9890081286430359
1616624726945,2021-03-24T22:26:39.099Z,80.505,-0.08977716416120529,0.19460226595401764,-0.9870550036430359
1616624726985,2021-03-24T22:26:39.110Z,80.545,-0.09099786728620529,0.19313742220401764,-0.9897405505180359
1616624727026,2021-03-24T22:26:39.156Z,80.586,-0.08904474228620529,0.19362570345401764,-0.9904729723930359
1616624727065,2021-03-24T22:26:39.158Z,80.625,-0.09050958603620529,0.19289328157901764,-0.9894964098930359
1616624727105,2021-03-24T22:26:39.160Z,80.665,-0.09002130478620529,0.19557882845401764,-0.9868108630180359
1616624727144,2021-03-24T22:26:39.172Z,80.704,-0.08928888291120529,0.19386984407901764,-0.9870550036430359
1616624727184,2021-03-24T22:26:39.173Z,80.744,-0.08855646103620529,0.19264914095401764,-0.9885198473930359
1616624727223,2021-03-24T22:26:39.176Z,80.783,-0.09050958603620529,0.19338156282901764,-0.9875432848930359
1616624727263,2021-03-24T22:26:39.187Z,80.823,-0.09099786728620529,0.19411398470401764,-0.9865667223930359
1616624727302,2021-03-24T22:26:39.188Z,80.862,-0.09026544541120529,0.19240500032901764,-0.9855901598930359
1616624727342,2021-03-24T22:26:39.201Z,80.902,-0.08928888291120529,0.19557882845401764,-0.9885198473930359
1616624727382,2021-03-24T22:26:39.202Z,80.942,-0.08928888291120529,0.19557882845401764,-0.9904729723930359
1616624727421,2021-03-24T22:26:39.205Z,80.981,-0.09148614853620529,0.19313742220401764,-0.9887639880180359
1616624727462,2021-03-24T22:26:39.215Z,81.022,-0.09075372666120529,0.19313742220401764,-0.9875432848930359
1616624727502,2021-03-24T22:26:39.218Z,81.062,-0.09319513291120529,0.19338156282901764,-0.9875432848930359
1616624727541,2021-03-24T22:26:39.220Z,81.101,-0.09050958603620529,0.19264914095401764,-0.9899846911430359
1616624727581,2021-03-24T22:26:39.231Z,81.141,-0.08904474228620529,0.19509054720401764,-0.9882757067680359
1616624727620,2021-03-24T22:26:39.233Z,81.18,-0.09050958603620529,0.19411398470401764,-0.9914495348930359
1616624727660,2021-03-24T22:26:39.236Z,81.22,-0.09075372666120529,0.19411398470401764,-0.9902288317680359
1616624727699,2021-03-24T22:26:39.247Z,81.259,-0.09148614853620529,0.19557882845401764,-0.9892522692680359
1616624727739,2021-03-24T22:26:39.248Z,81.299,-0.08953302353620529,0.19362570345401764,-0.9887639880180359
1616624727779,2021-03-24T22:26:39.260Z,81.339,-0.08880060166120529,0.19411398470401764,-0.9899846911430359
1616624727818,2021-03-24T22:26:39.262Z,81.378,-0.08953302353620529,0.19460226595401764,-0.9872991442680359
1616624727858,2021-03-24T22:26:39.264Z,81.418,-0.08855646103620529,0.19484640657901764,-0.9902288317680359
1616624727899,2021-03-24T22:26:39.275Z,81.459,-0.09075372666120529,0.19460226595401764,-0.9870550036430359
1616624727938,2021-03-24T22:26:39.278Z,81.498,-0.09099786728620529,0.19289328157901764,-0.9858343005180359
1616624727978,2021-03-24T22:26:39.280Z,81.538,-0.08806817978620529,0.19386984407901764,-0.9897405505180359
1616624728017,2021-03-24T22:26:39.291Z,81.577,-0.08928888291120529,0.19240500032901764,-0.9877874255180359
1616624728057,2021-03-24T22:26:39.293Z,81.617,-0.08904474228620529,0.19191671907901764,-0.9897405505180359
1616624728096,2021-03-24T22:26:39.296Z,81.656,-0.08855646103620529,0.19167257845401764,-0.9916936755180359
1616624728136,2021-03-24T22:26:39.307Z,81.696,-0.09099786728620529,0.19240500032901764,-0.9892522692680359
1616624728176,2021-03-24T22:26:39.309Z,81.736,-0.08977716416120529,0.19362570345401764,-0.9892522692680359
1616624728215,2021-03-24T22:26:39.351Z,81.775,-0.08928888291120529,0.19264914095401764,-0.9890081286430359
1616624728255,2021-03-24T22:26:39.353Z,81.815,-0.08733575791120529,0.19386984407901764,-0.9902288317680359
1616624728294,2021-03-24T22:26:39.355Z,81.854,-0.08806817978620529,0.19191671907901764,-0.9897405505180359
1616624728335,2021-03-24T22:26:39.382Z,81.895,-0.08977716416120529,0.18703390657901764,-0.9899846911430359
1616624728375,2021-03-24T22:26:39.384Z,81.935,-0.08513849228620529,0.19411398470401764,-0.9899846911430359
1616624728414,2021-03-24T22:26:39.386Z,81.974,-0.08465021103620529,0.19679953157901764,-0.9814397692680359
1616624728454,2021-03-24T22:26:39.397Z,82.014,-0.08660333603620529,0.19533468782901764,-0.9858343005180359
1616624728493,2021-03-24T22:26:39.400Z,82.053,-0.08660333603620529,0.19289328157901764,-0.9914495348930359
1616624728533,2021-03-24T22:26:39.411Z,82.093,-0.08294122666120529,0.19362570345401764,-0.9877874255180359
1616624728572,2021-03-24T22:26:39.413Z,82.132,-0.08489435166120529,0.19411398470401764,-0.9880315661430359
1616624728612,2021-03-24T22:26:39.415Z,82.172,-0.08440607041120529,0.19386984407901764,-0.9890081286430359
1616624728652,2021-03-24T22:26:39.427Z,82.212,-0.08684747666120529,0.19313742220401764,-0.9885198473930359
1616624728691,2021-03-24T22:26:39.429Z,82.251,-0.08513849228620529,0.19191671907901764,-0.9882757067680359
1616624728731,2021-03-24T22:26:39.430Z,82.291,-0.08269708603620529,0.19411398470401764,-0.9880315661430359
1616624728772,2021-03-24T22:26:39.442Z,82.332,-0.08342950791120529,0.19435812532901764,-0.9880315661430359
1616624728811,2021-03-24T22:26:39.444Z,82.371,-0.08513849228620529,0.19509054720401764,-0.9877874255180359
1616624728851,2021-03-24T22:26:39.470Z,82.411,-0.08342950791120529,0.19386984407901764,-0.9875432848930359
1616624728890,2021-03-24T22:26:39.472Z,82.45,-0.08269708603620529,0.19240500032901764,-0.9868108630180359
1616624728930,2021-03-24T22:26:39.474Z,82.49,-0.08342950791120529,0.19435812532901764,-0.9894964098930359
1616624728969,2021-03-24T22:26:39.486Z,82.529,-0.08294122666120529,0.19386984407901764,-0.9868108630180359
1616624729009,2021-03-24T22:26:39.488Z,82.569,-0.08342950791120529,0.19509054720401764,-0.9880315661430359
1616624729049,2021-03-24T22:26:39.490Z,82.609,-0.08562677353620529,0.19386984407901764,-0.9885198473930359
1616624729088,2021-03-24T22:26:39.501Z,82.648,-0.08465021103620529,0.19460226595401764,-0.9875432848930359
1616624729128,2021-03-24T22:26:39.503Z,82.688,-0.08416192978620529,0.19191671907901764,-0.9892522692680359
1616624729169,2021-03-24T22:26:39.506Z,82.729,-0.08269708603620529,0.19313742220401764,-0.9904729723930359
1616624729208,2021-03-24T22:26:39.517Z,82.768,-0.08416192978620529,0.19289328157901764,-0.9868108630180359
1616624729248,2021-03-24T22:26:39.518Z,82.808,-0.08318536728620529,0.19289328157901764,-0.9868108630180359
1616624729287,2021-03-24T22:26:39.531Z,82.847,-0.08660333603620529,0.19362570345401764,-0.9897405505180359
1616624729327,2021-03-24T22:26:39.533Z,82.887,-0.08538263291120529,0.19289328157901764,-0.9882757067680359
1616624729366,2021-03-24T22:26:39.535Z,82.926,-0.08391778916120529,0.19557882845401764,-0.9902288317680359
1616624729406,2021-03-24T22:26:39.547Z,82.966,-0.08465021103620529,0.19679953157901764,-0.9882757067680359
1616624729446,2021-03-24T22:26:39.549Z,83.006,-0.08513849228620529,0.19411398470401764,-0.9907171130180359
1616624729485,2021-03-24T22:26:39.560Z,83.045,-0.08367364853620529,0.19533468782901764,-0.9890081286430359
1616624729525,2021-03-24T22:26:39.562Z,83.085,-0.08440607041120529,0.19386984407901764,-0.9885198473930359
1616624729564,2021-03-24T22:26:39.565Z,83.124,-0.08147638291120529,0.19240500032901764,-0.9909612536430359
1616624729604,2021-03-24T22:26:39.577Z,83.164,-0.08489435166120529,0.19606710970401764,-0.9912053942680359
1616624729643,2021-03-24T22:26:39.578Z,83.203,-0.08489435166120529,0.19460226595401764,-0.9912053942680359
1616624729684,2021-03-24T22:26:39.606Z,83.244,-0.08416192978620529,0.19362570345401764,-0.9914495348930359
1616624729724,2021-03-24T22:26:39.609Z,83.284,-0.08318536728620529,0.19509054720401764,-0.9899846911430359
1616624729763,2021-03-24T22:26:39.611Z,83.323,-0.08391778916120529,0.19582296907901764,-0.9872991442680359
1616624729803,2021-03-24T22:26:39.622Z,83.363,-0.08245294541120529,0.19557882845401764,-0.9897405505180359
1616624729843,2021-03-24T22:26:39.623Z,83.403,-0.08513849228620529,0.19484640657901764,-0.9870550036430359
1616624729882,2021-03-24T22:26:39.635Z,83.442,-0.08196466416120529,0.19460226595401764,-0.9882757067680359
1616624729922,2021-03-24T22:26:39.637Z,83.482,-0.08562677353620529,0.19484640657901764,-0.9902288317680359
1616624729961,2021-03-24T22:26:39.640Z,83.521,-0.08196466416120529,0.19704367220401764,-0.9885198473930359
1616624730001,2021-03-24T22:26:39.650Z,83.561,-0.08294122666120529,0.19655539095401764,-0.9897405505180359
1616624730040,2021-03-24T22:26:39.653Z,83.6,-0.08367364853620529,0.19411398470401764,-0.9877874255180359
1616624730080,2021-03-24T22:26:39.655Z,83.64,-0.08440607041120529,0.19679953157901764,-0.9880315661430359
1616624730121,2021-03-24T22:26:39.666Z,83.681,-0.08196466416120529,0.19264914095401764,-0.9872991442680359
1616624730160,2021-03-24T22:26:39.668Z,83.72,-0.08342950791120529,0.19411398470401764,-0.9897405505180359
1616624730200,2021-03-24T22:26:39.671Z,83.76,-0.08513849228620529,0.19582296907901764,-0.9907171130180359
1616624730239,2021-03-24T22:26:39.711Z,83.799,-0.08172052353620529,0.19264914095401764,-0.9897405505180359
1616624730279,2021-03-24T22:26:39.713Z,83.839,-0.08196466416120529,0.19509054720401764,-0.9914495348930359
1616624730319,2021-03-24T22:26:39.715Z,83.879,-0.08367364853620529,0.19460226595401764,-0.9892522692680359
1616624730358,2021-03-24T22:26:39.726Z,83.918,-0.08416192978620529,0.19411398470401764,-0.9892522692680359
1616624730398,2021-03-24T22:26:39.728Z,83.958,-0.08465021103620529,0.19411398470401764,-0.9885198473930359
1616624730437,2021-03-24T22:26:39.730Z,83.997,-0.08635919541120529,0.19460226595401764,-0.9863225817680359
1616624730477,2021-03-24T22:26:39.741Z,84.037,-0.08342950791120529,0.19435812532901764,-0.9892522692680359
1616624730518,2021-03-24T22:26:39.744Z,84.078,-0.08342950791120529,0.19386984407901764,-0.9880315661430359
1616624730557,2021-03-24T22:26:39.755Z,84.117,-0.08172052353620529,0.19386984407901764,-0.9890081286430359
1616624730597,2021-03-24T22:26:39.757Z,84.157,-0.08367364853620529,0.19362570345401764,-0.9882757067680359
1616624730636,2021-03-24T22:26:39.759Z,84.196,-0.08416192978620529,0.19362570345401764,-0.9877874255180359
1616624730676,2021-03-24T22:26:39.771Z,84.236,-0.08342950791120529,0.19264914095401764,-0.9892522692680359
1616624730716,2021-03-24T22:26:39.773Z,84.276,-0.08489435166120529,0.19557882845401764,-0.9899846911430359
1616624730755,2021-03-24T22:26:39.775Z,84.315,-0.08245294541120529,0.19460226595401764,-0.9890081286430359
1616624730795,2021-03-24T22:26:39.786Z,84.355,-0.08196466416120529,0.19460226595401764,-0.9880315661430359
1616624730834,2021-03-24T22:26:39.790Z,84.394,-0.08587091416120529,0.19386984407901764,-0.9894964098930359
1616624730874,2021-03-24T22:26:39.801Z,84.434,-0.08294122666120529,0.19460226595401764,-0.9899846911430359
1616624730913,2021-03-24T22:26:39.803Z,84.473,-0.08342950791120529,0.19362570345401764,-0.9868108630180359
1616624730953,2021-03-24T22:26:39.805Z,84.513,-0.08489435166120529,0.19386984407901764,-0.9887639880180359
1616624730994,2021-03-24T22:26:39.816Z,84.554,-0.08416192978620529,0.19606710970401764,-0.9894964098930359
1616624731033,2021-03-24T22:26:39.819Z,84.593,-0.08269708603620529,0.19216085970401764,-0.9890081286430359
1616624731073,2021-03-24T22:26:39.830Z,84.633,-0.08391778916120529,0.19533468782901764,-0.9899846911430359
1616624731113,2021-03-24T22:26:39.832Z,84.673,-0.08172052353620529,0.19557882845401764,-0.9887639880180359
1616624731152,2021-03-24T22:26:39.835Z,84.712,-0.08465021103620529,0.19509054720401764,-0.9892522692680359
1616624731192,2021-03-24T22:26:39.846Z,84.752,-0.08538263291120529,0.19509054720401764,-0.9882757067680359
1616624731231,2021-03-24T22:26:39.848Z,84.791,-0.08367364853620529,0.19875265657901764,-0.9899846911430359
1616624731271,2021-03-24T22:26:39.850Z,84.831,-0.08782403916120529,0.20094992220401764,-0.9860784411430359
1616624731310,2021-03-24T22:26:39.862Z,84.87,-0.08587091416120529,0.20558859407901764,-0.9885198473930359
1616624731350,2021-03-24T22:26:39.906Z,84.91,-0.09221857041120529,0.20827414095401764,-0.9848577380180359
1616624731389,2021-03-24T22:26:39.908Z,84.949,-0.09612482041120529,0.21803976595401764,-0.9826604723930359
1616624731430,2021-03-24T22:26:39.911Z,84.99,-0.10174005478620529,0.22194601595401764,-0.9794866442680359
1616624731470,2021-03-24T22:26:39.936Z,85.03,-0.10418146103620529,0.22096945345401764,-0.9826604723930359
1616624731510,2021-03-24T22:26:39.939Z,85.07,-0.10320489853620529,0.22194601595401764,-0.9799749255180359
1616624731549,2021-03-24T22:26:39.941Z,85.109,-0.10320489853620529,0.22048117220401764,-0.9826604723930359
1616624731589,2021-03-24T22:26:39.951Z,85.149,-0.10222833603620529,0.22145773470401764,-0.9787542223930359
1616624731628,2021-03-24T22:26:39.953Z,85.188,-0.10540216416120529,0.22267843782901764,-0.9811956286430359
1616624731668,2021-03-24T22:26:39.965Z,85.228,-0.10296075791120529,0.22365500032901764,-0.9789983630180359
1616624731707,2021-03-24T22:26:39.967Z,85.267,-0.10540216416120529,0.22365500032901764,-0.9794866442680359
1616624731747,2021-03-24T22:26:39.969Z,85.307,-0.10735528916120529,0.22756125032901764,-0.9787542223930359
1616624731786,2021-03-24T22:26:39.980Z,85.346,-0.10833185166120529,0.22731710970401764,-0.9777776598930359
1616624731827,2021-03-24T22:26:39.983Z,85.387,-0.11150567978620529,0.23635031282901764,-0.9777776598930359
1616624731867,2021-03-24T22:26:39.985Z,85.427,-0.11248224228620529,0.23854757845401764,-0.9733831286430359
1616624731906,2021-03-24T22:26:39.996Z,85.466,-0.11101739853620529,0.25075462460517883,-0.9736272692680359
1616624731946,2021-03-24T22:26:39.998Z,85.506,-0.11541192978620529,0.25344017148017883,-0.9711858630180359
1616624731986,2021-03-24T22:26:40.001Z,85.546,-0.11345880478620529,0.26442649960517883,-0.9685003161430359
1616624732025,2021-03-24T22:26:40.026Z,85.585,-0.12005060166120529,0.27443626523017883,-0.9692327380180359
1616624732065,2021-03-24T22:26:40.029Z,85.625,-0.12078302353620529,0.27419212460517883,-0.9672796130180359
1616624732104,2021-03-24T22:26:40.031Z,85.664,-0.11809747666120529,0.27492454648017883,-0.9621526598930359
1616624732144,2021-03-24T22:26:40.042Z,85.704,-0.12127130478620529,0.29274681210517883,-0.9558050036430359
1616624732183,2021-03-24T22:26:40.044Z,85.743,-0.1749822497367859,0.33718040585517883,-0.9521428942680359
1616624732223,2021-03-24T22:26:40.055Z,85.783,-0.1322576403617859,0.31081321835517883,-0.9570257067680359
1616624732264,2021-03-24T22:26:40.057Z,85.824,-0.1322576403617859,0.31032493710517883,-0.9497014880180359
1616624732303,2021-03-24T22:26:40.060Z,85.863,-0.11565607041120529,0.30934837460517883,-0.9565374255180359
1616624732343,2021-03-24T22:26:40.071Z,85.903,-0.10442560166120529,0.30178001523017883,-0.9555608630180359
1616624732383,2021-03-24T22:26:40.073Z,85.943,-0.08294122666120529,0.30422142148017883,-0.9587346911430359
1616624732422,2021-03-24T22:26:40.075Z,85.982,-0.03655451163649559,0.31691673398017883,-0.9562932848930359
1616624732462,2021-03-24T22:26:40.086Z,86.022,-0.01677911914885044,0.32961204648017883,-0.9472600817680359
1616624732501,2021-03-24T22:26:40.089Z,86.061,-0.0033513850066810846,0.34621360898017883,-0.9406682848930359
1616624732541,2021-03-24T22:26:40.091Z,86.101,0.02423650585114956,0.35695579648017883,-0.9394475817680359
1616624732580,2021-03-24T22:26:40.116Z,86.14,0.04791814461350441,0.34621360898017883,-0.9352971911430359
1616624732620,2021-03-24T22:26:40.119Z,86.18,0.011297052726149559,0.29103782773017883,-0.9841253161430359
1616624732659,2021-03-24T22:26:40.121Z,86.219,0.05743962898850441,0.37062767148017883,-0.9274846911430359
1616624732700,2021-03-24T22:26:40.132Z,86.26,0.07721502333879471,0.34816673398017883,-0.9370061755180359
1616624732740,2021-03-24T22:26:40.134Z,86.3,0.08405096083879471,0.33547142148017883,-0.9536077380180359
1616624732780,2021-03-24T22:26:40.145Z,86.34,0.10797674208879471,0.31911399960517883,-0.9477483630180359
1616624732819,2021-03-24T22:26:40.162Z,86.379,0.10577947646379471,0.31056907773017883,-0.9540960192680359
1616624732859,2021-03-24T22:26:40.163Z,86.419,0.2368829846382141,0.27687767148017883,-0.9379827380180359
1616624732898,2021-03-24T22:26:40.166Z,86.458,0.01715642772614956,0.31105735898017883,-0.9601995348930359
1616624732938,2021-03-24T22:26:40.177Z,86.498,0.10602361708879471,0.28346946835517883,-0.9643499255180359
1616624732977,2021-03-24T22:26:40.179Z,86.537,0.11408025771379471,0.29689720273017883,-0.9565374255180359
1616624733017,2021-03-24T22:26:40.190Z,86.577,0.10797674208879471,0.29201439023017883,-0.9545843005180359
1616624733056,2021-03-24T22:26:40.193Z,86.616,0.10407049208879471,0.29396751523017883,-0.9501897692680359
1616624733096,2021-03-24T22:26:40.195Z,86.656,0.08673650771379471,0.26857689023017883,-0.9724065661430359
1616624733137,2021-03-24T22:26:40.206Z,86.697,0.07867986708879471,0.26857689023017883,-0.9685003161430359
1616624733177,2021-03-24T22:26:40.208Z,86.737,0.08722478896379471,0.27053001523017883,-0.9689885973930359
1616624733216,2021-03-24T22:26:40.211Z,86.776,0.09357244521379471,0.27297142148017883,-0.9689885973930359
1616624733256,2021-03-24T22:26:40.221Z,86.816,0.09406072646379471,0.27272728085517883,-0.9714300036430359
1616624733295,2021-03-24T22:26:40.224Z,86.855,0.09552557021379471,0.27101829648017883,-0.9680120348930359
1616624733324,2021-03-24T22:26:40.226Z,86.884,0.09650213271379471,0.27638939023017883,-0.9655706286430359
1616624733364,2021-03-24T22:26:40.266Z,86.924,0.10211736708879471,0.27761009335517883,-0.9614202380180359
1616624733404,2021-03-24T22:26:40.269Z,86.964,0.09869939833879471,0.27712181210517883,-0.9665471911430359
1616624733443,2021-03-24T22:26:40.271Z,87.003,0.09869939833879471,0.27834251523017883,-0.9631292223930359
1616624733484,2021-03-24T22:26:40.281Z,87.044,0.09845525771379471,0.27809837460517883,-0.9643499255180359
1616624733524,2021-03-24T22:26:40.284Z,87.084,0.10333807021379471,0.27541282773017883,-0.9667913317680359
1616624733563,2021-03-24T22:26:40.295Z,87.123,0.10358221083879471,0.27297142148017883,-0.9631292223930359
1616624733603,2021-03-24T22:26:40.297Z,87.163,0.10480291396379471,0.27272728085517883,-0.9653264880180359
1616624733642,2021-03-24T22:26:40.299Z,87.202,0.10797674208879471,0.27175071835517883,-0.9670354723930359
1616624733682,2021-03-24T22:26:40.311Z,87.242,0.11139471083879471,0.26857689023017883,-0.9697210192680359
1616624733721,2021-03-24T22:26:40.313Z,87.281,0.10919744521379471,0.27004173398017883,-0.9660589098930359
1616624733761,2021-03-24T22:26:40.315Z,87.321,0.11139471083879471,0.26882103085517883,-0.9631292223930359
1616624733801,2021-03-24T22:26:40.326Z,87.361,0.11285955458879471,0.27077415585517883,-0.9643499255180359
1616624733840,2021-03-24T22:26:40.329Z,87.4,0.11090642958879471,0.26711204648017883,-0.9670354723930359
1616624733880,2021-03-24T22:26:40.331Z,87.44,0.11188299208879471,0.26955345273017883,-0.9645940661430359
1616624733921,2021-03-24T22:26:40.342Z,87.481,0.10944158583879471,0.27077415585517883,-0.9648382067680359
1616624733960,2021-03-24T22:26:40.344Z,87.52,0.11212713271379471,0.26930931210517883,-0.9631292223930359
1616624734000,2021-03-24T22:26:40.356Z,87.56,0.11359197646379471,0.27101829648017883,-0.9628850817680359
1616624734039,2021-03-24T22:26:40.359Z,87.599,0.11359197646379471,0.26955345273017883,-0.9641057848930359
1616624734079,2021-03-24T22:26:40.360Z,87.639,0.11285955458879471,0.26760032773017883,-0.9667913317680359
1616624734118,2021-03-24T22:26:40.372Z,87.678,0.11163885146379471,0.26784446835517883,-0.9685003161430359
1616624734158,2021-03-24T22:26:40.375Z,87.718,0.11139471083879471,0.26808860898017883,-0.9667913317680359
1616624734197,2021-03-24T22:26:40.385Z,87.757,0.11261541396379471,0.26686790585517883,-0.9655706286430359
1616624734237,2021-03-24T22:26:40.387Z,87.797,0.11383611708879471,0.27150657773017883,-0.9667913317680359
1616624734277,2021-03-24T22:26:40.389Z,87.837,0.11334783583879471,0.27199485898017883,-0.9626409411430359
1616624734316,2021-03-24T22:26:40.401Z,87.876,0.11163885146379471,0.26906517148017883,-0.9638616442680359
1616624734357,2021-03-24T22:26:40.403Z,87.917,0.11456853896379471,0.26955345273017883,-0.9621526598930359
1616624734397,2021-03-24T22:26:40.405Z,87.957,0.11212713271379471,0.26735618710517883,-0.9653264880180359
1616624734436,2021-03-24T22:26:40.461Z,87.996,0.11481267958879471,0.26735618710517883,-0.9645940661430359
1616624734476,2021-03-24T22:26:40.463Z,88.036,0.11408025771379471,0.26760032773017883,-0.9645940661430359
1616624734515,2021-03-24T22:26:40.466Z,88.075,0.11334783583879471,0.26686790585517883,-0.9670354723930359
1616624734555,2021-03-24T22:26:40.491Z,88.115,0.11481267958879471,0.26686790585517883,-0.9660589098930359
1616624734594,2021-03-24T22:26:40.493Z,88.154,0.11359197646379471,0.26760032773017883,-0.9663030505180359
1616624734634,2021-03-24T22:26:40.496Z,88.194,0.11139471083879471,0.26589134335517883,-0.9672796130180359
1616624734674,2021-03-24T22:26:40.506Z,88.234,0.11530096083879471,0.26735618710517883,-0.9675237536430359
1616624734713,2021-03-24T22:26:40.509Z,88.273,0.11359197646379471,0.26564720273017883,-0.9665471911430359
1616624734753,2021-03-24T22:26:40.520Z,88.313,0.11115057021379471,0.26418235898017883,-0.9653264880180359
1616624734794,2021-03-24T22:26:40.522Z,88.354,0.11603338271379471,0.26589134335517883,-0.9682561755180359
1616624734833,2021-03-24T22:26:40.524Z,88.393,0.11237127333879471,0.26637962460517883,-0.9655706286430359
1616624734873,2021-03-24T22:26:40.536Z,88.433,0.11188299208879471,0.26540306210517883,-0.9677678942680359
1616624734912,2021-03-24T22:26:40.538Z,88.472,0.11383611708879471,0.26564720273017883,-0.9650823473930359
1616624734952,2021-03-24T22:26:40.540Z,88.512,0.11554510146379471,0.26467064023017883,-0.9697210192680359
1616624734991,2021-03-24T22:26:40.551Z,88.551,0.11237127333879471,0.26369407773017883,-0.9660589098930359
1616624735031,2021-03-24T22:26:40.554Z,88.591,0.11310369521379471,0.26442649960517883,-0.9689885973930359
1616624735071,2021-03-24T22:26:40.555Z,88.631,0.11261541396379471,0.26442649960517883,-0.9682561755180359
1616624735110,2021-03-24T22:26:40.582Z,88.67,0.11285955458879471,0.26369407773017883,-0.9687444567680359
1616624735150,2021-03-24T22:26:40.583Z,88.71,0.11578924208879471,0.26344993710517883,-0.9641057848930359
1616624735189,2021-03-24T22:26:40.595Z,88.749,0.10944158583879471,0.26174095273017883,-0.9626409411430359
1616624735230,2021-03-24T22:26:40.597Z,88.79,0.11310369521379471,0.26662376523017883,-0.9728948473930359
1616624735270,2021-03-24T22:26:40.599Z,88.83,0.11115057021379471,0.26320579648017883,-0.9672796130180359
1616624735309,2021-03-24T22:26:40.610Z,88.869,0.10919744521379471,0.26027610898017883,-0.9685003161430359
1616624735349,2021-03-24T22:26:40.613Z,88.909,0.10773260146379471,0.26174095273017883,-0.9685003161430359
1616624735388,2021-03-24T22:26:40.615Z,88.948,0.11041814833879471,0.25881126523017883,-0.9685003161430359
1616624735428,2021-03-24T22:26:40.626Z,88.988,0.10919744521379471,0.25832298398017883,-0.9682561755180359
1616624735468,2021-03-24T22:26:40.629Z,89.028,0.10700017958879471,0.25881126523017883,-0.9667913317680359
1616624735507,2021-03-24T22:26:40.631Z,89.067,0.10382635146379471,0.25832298398017883,-0.9687444567680359
1616624735547,2021-03-24T22:26:40.642Z,89.107,0.10455877333879471,0.25612571835517883,-0.9755803942680359
1616624735586,2021-03-24T22:26:40.644Z,89.146,0.11261541396379471,0.25661399960517883,-0.9719182848930359
1616624735626,2021-03-24T22:26:40.655Z,89.186,0.10895330458879471,0.25710228085517883,-0.9731389880180359
1616624735667,2021-03-24T22:26:40.672Z,89.227,0.11139471083879471,0.26052024960517883,-0.9689885973930359
1616624735706,2021-03-24T22:26:40.674Z,89.266,0.11188299208879471,0.25661399960517883,-0.9697210192680359
1616624735746,2021-03-24T22:26:40.676Z,89.306,0.11237127333879471,0.25466087460517883,-0.9704534411430359
1616624735785,2021-03-24T22:26:40.688Z,89.345,0.11090642958879471,0.25392845273017883,-0.9702093005180359
1616624735825,2021-03-24T22:26:40.689Z,89.385,0.11041814833879471,0.25295189023017883,-0.9748479723930359
1616624735864,2021-03-24T22:26:40.700Z,89.424,0.10602361708879471,0.25246360898017883,-0.9726507067680359
1616624735904,2021-03-24T22:26:40.716Z,89.464,0.10919744521379471,0.25148704648017883,-0.9711858630180359
1616624735944,2021-03-24T22:26:40.719Z,89.504,0.10968572646379471,0.25221946835517883,-0.9702093005180359
1616624735983,2021-03-24T22:26:40.730Z,89.543,0.11310369521379471,0.25246360898017883,-0.9714300036430359
1616624736023,2021-03-24T22:26:40.732Z,89.583,0.10968572646379471,0.25270774960517883,-0.9733831286430359
1616624736062,2021-03-24T22:26:40.734Z,89.622,0.11090642958879471,0.25075462460517883,-0.9699651598930359
1616624736103,2021-03-24T22:26:40.746Z,89.663,0.11115057021379471,0.25124290585517883,-0.9680120348930359
1616624736143,2021-03-24T22:26:40.748Z,89.703,0.11188299208879471,0.25173118710517883,-0.9724065661430359
1616624736182,2021-03-24T22:26:40.750Z,89.742,0.10944158583879471,0.25148704648017883,-0.9692327380180359
1616624736222,2021-03-24T22:26:40.761Z,89.782,0.10968572646379471,0.25148704648017883,-0.9709417223930359
1616624736261,2021-03-24T22:26:40.764Z,89.821,0.10919744521379471,0.25026634335517883,-0.9699651598930359
1616624736301,2021-03-24T22:26:40.765Z,89.861,0.10797674208879471,0.24904562532901764,-0.9706975817680359
1616624736341,2021-03-24T22:26:40.777Z,89.901,0.11017400771379471,0.25075462460517883,-0.9702093005180359
1616624736380,2021-03-24T22:26:40.778Z,89.94,0.11237127333879471,0.25124290585517883,-0.9728948473930359
1616624736420,2021-03-24T22:26:40.790Z,89.98,0.11041814833879471,0.24977804720401764,-0.9709417223930359
1616624736459,2021-03-24T22:26:40.821Z,90.019,0.10919744521379471,0.25246360898017883,-0.9694768786430359
1616624736499,2021-03-24T22:26:40.823Z,90.059,0.11163885146379471,0.25124290585517883,-0.9724065661430359
1616624736540,2021-03-24T22:26:40.826Z,90.1,0.11115057021379471,0.25173118710517883,-0.9724065661430359
1616624736579,2021-03-24T22:26:40.837Z,90.139,0.11139471083879471,0.25319603085517883,-0.9709417223930359
1616624736619,2021-03-24T22:26:40.839Z,90.179,0.10968572646379471,0.25099876523017883,-0.9694768786430359
1616624736658,2021-03-24T22:26:40.850Z,90.218,0.11017400771379471,0.25246360898017883,-0.9719182848930359
1616624736698,2021-03-24T22:26:40.852Z,90.258,0.11359197646379471,0.25221946835517883,-0.9685003161430359
1616624736738,2021-03-24T22:26:40.855Z,90.298,0.11188299208879471,0.25148704648017883,-0.9716741442680359
1616624736777,2021-03-24T22:26:40.866Z,90.337,0.11237127333879471,0.25539329648017883,-0.9704534411430359
1616624736817,2021-03-24T22:26:40.868Z,90.377,0.11505682021379471,0.25466087460517883,-0.9685003161430359
1616624736856,2021-03-24T22:26:40.870Z,90.416,0.11237127333879471,0.25514915585517883,-0.9670354723930359
1616624736896,2021-03-24T22:26:40.882Z,90.456,0.11408025771379471,0.25514915585517883,-0.9711858630180359
1616624736935,2021-03-24T22:26:40.884Z,90.495,0.11774236708879471,0.25710228085517883,-0.9685003161430359
1616624736976,2021-03-24T22:26:40.886Z,90.536,0.11578924208879471,0.25588157773017883,-0.9689885973930359
1616624737016,2021-03-24T22:26:40.897Z,90.576,0.11652166396379471,0.25514915585517883,-0.9706975817680359
1616624737055,2021-03-24T22:26:40.899Z,90.615,0.11554510146379471,0.25270774960517883,-0.9697210192680359
1616624737095,2021-03-24T22:26:40.910Z,90.655,0.11676580458879471,0.25392845273017883,-0.9711858630180359
1616624737135,2021-03-24T22:26:40.912Z,90.695,0.11676580458879471,0.25636985898017883,-0.9699651598930359
1616624737174,2021-03-24T22:26:40.915Z,90.734,0.11310369521379471,0.25441673398017883,-0.9726507067680359
1616624737214,2021-03-24T22:26:40.926Z,90.774,0.11725408583879471,0.25490501523017883,-0.9711858630180359
1616624737253,2021-03-24T22:26:40.928Z,90.813,0.11383611708879471,0.25661399960517883,-0.9689885973930359
1616624737293,2021-03-24T22:26:40.931Z,90.853,0.11554510146379471,0.25759056210517883,-0.9697210192680359
1616624737332,2021-03-24T22:26:40.942Z,90.892,0.11505682021379471,0.25466087460517883,-0.9697210192680359
1616624737372,2021-03-24T22:26:40.944Z,90.932,0.11969549208879471,0.25612571835517883,-0.9687444567680359
1616624737413,2021-03-24T22:26:40.946Z,90.973,0.11554510146379471,0.25685814023017883,-0.9719182848930359
1616624737452,2021-03-24T22:26:40.957Z,91.012,0.11652166396379471,0.25514915585517883,-0.9699651598930359
1616624737492,2021-03-24T22:26:40.960Z,91.052,0.11432439833879471,0.25466087460517883,-0.9709417223930359
1616624737531,2021-03-24T22:26:40.986Z,91.091,0.11652166396379471,0.25588157773017883,-0.9699651598930359
1616624737571,2021-03-24T22:26:41.033Z,91.131,0.11383611708879471,0.25588157773017883,-0.9692327380180359
1616624737611,2021-03-24T22:26:41.035Z,91.171,0.11530096083879471,0.25636985898017883,-0.9663030505180359
1616624737650,2021-03-24T22:26:41.046Z,91.21,0.11749822646379471,0.25588157773017883,-0.9711858630180359
1616624737690,2021-03-24T22:26:41.048Z,91.25,0.11505682021379471,0.25490501523017883,-0.9687444567680359
1616624737729,2021-03-24T22:26:41.051Z,91.289,0.11627752333879471,0.25710228085517883,-0.9704534411430359
1616624737769,2021-03-24T22:26:41.062Z,91.329,0.11359197646379471,0.25344017148017883,-0.9687444567680359
1616624737808,2021-03-24T22:26:41.064Z,91.368,0.11603338271379471,0.25539329648017883,-0.9706975817680359
1616624737849,2021-03-24T22:26:41.066Z,91.409,0.11578924208879471,0.25539329648017883,-0.9714300036430359
1616624737889,2021-03-24T22:26:41.077Z,91.449,0.11432439833879471,0.25563743710517883,-0.9711858630180359
1616624737928,2021-03-24T22:26:41.079Z,91.488,0.11530096083879471,0.25636985898017883,-0.9655706286430359
1616624737968,2021-03-24T22:26:41.090Z,91.528,0.11334783583879471,0.25539329648017883,-0.9719182848930359
1616624738008,2021-03-24T22:26:41.092Z,91.568,0.11359197646379471,0.25124290585517883,-0.9699651598930359
1616624738047,2021-03-24T22:26:41.095Z,91.607,0.11408025771379471,0.25099876523017883,-0.9694768786430359
1616624738087,2021-03-24T22:26:41.106Z,91.647,0.11408025771379471,0.24782492220401764,-0.9706975817680359
1616624738126,2021-03-24T22:26:41.108Z,91.686,0.11505682021379471,0.24977804720401764,-0.9719182848930359
1616624738166,2021-03-24T22:26:41.110Z,91.726,0.10968572646379471,0.24977804720401764,-0.9694768786430359
1616624738205,2021-03-24T22:26:41.137Z,91.765,0.11408025771379471,0.25148704648017883,-0.9714300036430359
1616624738245,2021-03-24T22:26:41.139Z,91.805,0.11554510146379471,0.24831320345401764,-0.9704534411430359
1616624738284,2021-03-24T22:26:41.141Z,91.844,0.11408025771379471,0.25173118710517883,-0.9702093005180359
1616624738325,2021-03-24T22:26:41.152Z,91.885,0.11334783583879471,0.24806906282901764,-0.9711858630180359
1616624738365,2021-03-24T22:26:41.154Z,91.925,0.11359197646379471,0.24806906282901764,-0.9721624255180359
1616624738405,2021-03-24T22:26:41.165Z,91.965,0.11310369521379471,0.25026634335517883,-0.9719182848930359
1616624738444,2021-03-24T22:26:41.167Z,92.004,0.11481267958879471,0.24928976595401764,-0.9706975817680359
1616624738484,2021-03-24T22:26:41.169Z,92.044,0.11725408583879471,0.24928976595401764,-0.9709417223930359
1616624738523,2021-03-24T22:26:41.181Z,92.083,0.11481267958879471,0.25099876523017883,-0.9721624255180359
1616624738563,2021-03-24T22:26:41.183Z,92.123,0.11432439833879471,0.25002220273017883,-0.9699651598930359
1616624738602,2021-03-24T22:26:41.185Z,92.162,0.11505682021379471,0.25221946835517883,-0.9719182848930359
1616624738642,2021-03-24T22:26:41.196Z,92.202,0.11139471083879471,0.24831320345401764,-0.9714300036430359
1616624738681,2021-03-24T22:26:41.198Z,92.241,0.11432439833879471,0.24733664095401764,-0.9709417223930359
1616624738721,2021-03-24T22:26:41.201Z,92.281,0.11408025771379471,0.24782492220401764,-0.9697210192680359
1616624738762,2021-03-24T22:26:41.227Z,92.322,0.11481267958879471,0.24904562532901764,-0.9721624255180359
1616624738802,2021-03-24T22:26:41.229Z,92.362,0.10968572646379471,0.25099876523017883,-0.9721624255180359
1616624738841,2021-03-24T22:26:41.231Z,92.401,0.11383611708879471,0.25051048398017883,-0.9709417223930359
1616624738881,2021-03-24T22:26:41.241Z,92.441,0.11530096083879471,0.24953390657901764,-0.9706975817680359
1616624738920,2021-03-24T22:26:41.244Z,92.48,0.11481267958879471,0.25051048398017883,-0.9733831286430359
1616624738960,2021-03-24T22:26:41.255Z,92.52,0.11383611708879471,0.25173118710517883,-0.9692327380180359
1616624738999,2021-03-24T22:26:41.272Z,92.559,0.11432439833879471,0.24928976595401764,-0.9706975817680359
1616624739039,2021-03-24T22:26:41.273Z,92.599,0.11481267958879471,0.24928976595401764,-0.9711858630180359
1616624739078,2021-03-24T22:26:41.276Z,92.638,0.11432439833879471,0.25002220273017883,-0.9699651598930359
1616624739118,2021-03-24T22:26:41.287Z,92.678,0.11334783583879471,0.25026634335517883,-0.9709417223930359
1616624739159,2021-03-24T22:26:41.289Z,92.719,0.11578924208879471,0.25026634335517883,-0.9709417223930359
1616624739198,2021-03-24T22:26:41.300Z,92.758,0.11481267958879471,0.25246360898017883,-0.9716741442680359
1616624739238,2021-03-24T22:26:41.302Z,92.798,0.11530096083879471,0.25197532773017883,-0.9721624255180359
1616624739278,2021-03-24T22:26:41.305Z,92.838,0.11481267958879471,0.25148704648017883,-0.9719182848930359
1616624739317,2021-03-24T22:26:41.316Z,92.877,0.11334783583879471,0.25002220273017883,-0.9704534411430359
1616624739357,2021-03-24T22:26:41.318Z,92.917,0.11334783583879471,0.24977804720401764,-0.9709417223930359
1616624739396,2021-03-24T22:26:41.320Z,92.956,0.11408025771379471,0.24880148470401764,-0.9680120348930359
1616624739436,2021-03-24T22:26:41.332Z,92.996,0.11383611708879471,0.25051048398017883,-0.9702093005180359
1616624739475,2021-03-24T22:26:41.334Z,93.035,0.11456853896379471,0.25173118710517883,-0.9719182848930359
1616624739515,2021-03-24T22:26:41.336Z,93.075,0.11383611708879471,0.25148704648017883,-0.9711858630180359
1616624739554,2021-03-24T22:26:41.376Z,93.114,0.11505682021379471,0.25246360898017883,-0.9711858630180359
1616624739594,2021-03-24T22:26:41.379Z,93.154,0.11554510146379471,0.25295189023017883,-0.9685003161430359
1616624739635,2021-03-24T22:26:41.381Z,93.195,0.11530096083879471,0.24880148470401764,-0.9711858630180359
1616624739675,2021-03-24T22:26:41.392Z,93.235,0.11603338271379471,0.25075462460517883,-0.9716741442680359
1616624739714,2021-03-24T22:26:41.394Z,93.274,0.11676580458879471,0.25124290585517883,-0.9709417223930359
1616624739754,2021-03-24T22:26:41.405Z,93.314,0.11554510146379471,0.24880148470401764,-0.9736272692680359
1616624739793,2021-03-24T22:26:41.407Z,93.353,0.11432439833879471,0.25026634335517883,-0.9694768786430359
1616624739833,2021-03-24T22:26:41.409Z,93.393,0.11627752333879471,0.25124290585517883,-0.9711858630180359
1616624739872,2021-03-24T22:26:41.420Z,93.432,0.11554510146379471,0.25026634335517883,-0.9721624255180359
1616624739912,2021-03-24T22:26:41.423Z,93.472,0.11359197646379471,0.25051048398017883,-0.9714300036430359
1616624739951,2021-03-24T22:26:41.425Z,93.511,0.11627752333879471,0.24904562532901764,-0.9714300036430359
1616624739991,2021-03-24T22:26:41.436Z,93.551,0.11554510146379471,0.25124290585517883,-0.9716741442680359
1616624740031,2021-03-24T22:26:41.438Z,93.591,0.11383611708879471,0.25197532773017883,-0.9731389880180359
1616624740072,2021-03-24T22:26:41.441Z,93.632,0.11383611708879471,0.25099876523017883,-0.9702093005180359
1616624740111,2021-03-24T22:26:41.452Z,93.671,0.11359197646379471,0.25148704648017883,-0.9719182848930359
1616624740151,2021-03-24T22:26:41.454Z,93.711,0.11554510146379471,0.25099876523017883,-0.9721624255180359
1616624740190,2021-03-24T22:26:41.456Z,93.75,0.11627752333879471,0.25148704648017883,-0.9685003161430359
1616624740230,2021-03-24T22:26:41.467Z,93.79,0.11285955458879471,0.25026634335517883,-0.9711858630180359
1616624740269,2021-03-24T22:26:41.469Z,93.829,0.11554510146379471,0.25124290585517883,-0.9709417223930359
1616624740309,2021-03-24T22:26:41.480Z,93.869,0.11603338271379471,0.25075462460517883,-0.9697210192680359
1616624740348,2021-03-24T22:26:41.482Z,93.908,0.11554510146379471,0.25124290585517883,-0.9719182848930359
1616624740388,2021-03-24T22:26:41.485Z,93.948,0.11432439833879471,0.25295189023017883,-0.9714300036430359
1616624740427,2021-03-24T22:26:41.496Z,93.987,0.11530096083879471,0.24953390657901764,-0.9719182848930359
1616624740467,2021-03-24T22:26:41.498Z,94.027,0.11481267958879471,0.25002220273017883,-0.9692327380180359
1616624740508,2021-03-24T22:26:41.500Z,94.068,0.11285955458879471,0.25148704648017883,-0.9716741442680359
1616624740548,2021-03-24T22:26:41.512Z,94.108,0.11334783583879471,0.24855734407901764,-0.9719182848930359
1616624740587,2021-03-24T22:26:41.514Z,94.147,0.11334783583879471,0.24953390657901764,-0.9736272692680359
1616624740627,2021-03-24T22:26:41.516Z,94.187,0.11408025771379471,0.25051048398017883,-0.9692327380180359
1616624740666,2021-03-24T22:26:41.570Z,94.226,0.11676580458879471,0.25270774960517883,-0.9694768786430359
1616624740706,2021-03-24T22:26:41.573Z,94.266,0.11261541396379471,0.25173118710517883,-0.9694768786430359
1616624740745,2021-03-24T22:26:41.575Z,94.305,0.11383611708879471,0.25173118710517883,-0.9719182848930359
1616624740785,2021-03-24T22:26:41.600Z,94.345,0.11408025771379471,0.24953390657901764,-0.9711858630180359
1616624740824,2021-03-24T22:26:41.602Z,94.384,0.11627752333879471,0.24953390657901764,-0.9724065661430359
1616624740864,2021-03-24T22:26:41.604Z,94.424,0.11163885146379471,0.24880148470401764,-0.9724065661430359
1616624740904,2021-03-24T22:26:41.616Z,94.464,0.11212713271379471,0.25026634335517883,-0.9724065661430359
1616624740943,2021-03-24T22:26:41.618Z,94.503,0.11383611708879471,0.24855734407901764,-0.9714300036430359
1616624740984,2021-03-24T22:26:41.620Z,94.544,0.11505682021379471,0.25002220273017883,-0.9726507067680359
1616624741024,2021-03-24T22:26:41.631Z,94.584,0.11115057021379471,0.25051048398017883,-0.9736272692680359
1616624741063,2021-03-24T22:26:41.634Z,94.623,0.11188299208879471,0.24806906282901764,-0.9746038317680359
1616624741103,2021-03-24T22:26:41.636Z,94.663,0.10992986708879471,0.24318625032901764,-0.9741155505180359
1616624741142,2021-03-24T22:26:41.660Z,94.702,0.10602361708879471,0.24220968782901764,-0.9763128161430359
1616624741182,2021-03-24T22:26:41.662Z,94.742,0.10919744521379471,0.24391867220401764,-0.9760686755180359
1616624741221,2021-03-24T22:26:41.665Z,94.781,0.10919744521379471,0.24196554720401764,-0.9719182848930359
1616624741261,2021-03-24T22:26:41.691Z,94.821,0.11139471083879471,0.24294210970401764,-0.9721624255180359
1616624741301,2021-03-24T22:26:41.693Z,94.861,0.10748846083879471,0.24172140657901764,-0.9746038317680359
1616624741340,2021-03-24T22:26:41.695Z,94.9,0.10480291396379471,0.23976828157901764,-0.9709417223930359
1616624741380,2021-03-24T22:26:41.706Z,94.94,0.09772283583879471,0.23415304720401764,-0.9748479723930359
1616624741421,2021-03-24T22:26:41.709Z,94.981,0.09430486708879471,0.22707296907901764,-0.9865667223930359
1616624741460,2021-03-24T22:26:41.711Z,95.02,0.09454900771379471,0.22170187532901764,-0.9780218005180359
1616624741500,2021-03-24T22:26:41.722Z,95.06,0.09845525771379471,0.22365500032901764,-0.9819280505180359
1616624741539,2021-03-24T22:26:41.725Z,95.099,0.09821111708879471,0.22072531282901764,-0.9775335192680359
1616624741579,2021-03-24T22:26:41.735Z,95.139,0.09869939833879471,0.21706320345401764,-0.9811956286430359
1616624741618,2021-03-24T22:26:41.737Z,95.178,0.09381658583879471,0.21633078157901764,-0.9833928942680359
1616624741649,2021-03-24T22:26:41.739Z,95.209,0.10162908583879471,0.22048117220401764,-0.9753362536430359
1616624741687,2021-03-24T22:26:41.751Z,95.247,0.08551580458879471,0.20680929720401764,-0.9848577380180359
1616624741727,2021-03-24T22:26:41.753Z,95.287,0.08112127333879471,0.20485617220401764,-0.9894964098930359
1616624741768,2021-03-24T22:26:41.755Z,95.328,0.07745916396379471,0.20973898470401764,-0.9848577380180359
1616624741807,2021-03-24T22:26:41.780Z,95.367,0.06110173836350441,0.19972921907901764,-0.9743596911430359
1616624741847,2021-03-24T22:26:41.783Z,95.407,0.06110173836350441,0.20534445345401764,-0.9663030505180359
1616624741886,2021-03-24T22:26:41.785Z,95.446,0.04987126961350441,0.21901632845401764,-0.9863225817680359
1616624741926,2021-03-24T22:26:41.796Z,95.486,0.03864080086350441,0.21779562532901764,-0.9872991442680359
1616624741966,2021-03-24T22:26:41.798Z,95.526,0.04474431648850441,0.21657492220401764,-0.9846135973930359
1616624742005,2021-03-24T22:26:41.801Z,95.565,0.04840642586350441,0.21730734407901764,-0.9848577380180359
1616624742045,2021-03-24T22:26:41.826Z,95.605,0.05109197273850441,0.21413351595401764,-0.9826604723930359
1616624742084,2021-03-24T22:26:41.828Z,95.644,0.05133611336350441,0.20339132845401764,-0.9870550036430359
1616624742124,2021-03-24T22:26:41.830Z,95.684,0.05377751961350441,0.19899679720401764,-0.9929143786430359
1616624742163,2021-03-24T22:26:41.842Z,95.723,0.05377751961350441,0.19606710970401764,-0.9914495348930359
1616624742204,2021-03-24T22:26:41.844Z,95.764,0.05621892586350441,0.19338156282901764,-0.9894964098930359
1616624742244,2021-03-24T22:26:41.846Z,95.804,0.05670720711350441,0.19460226595401764,-0.9868108630180359
1616624742283,2021-03-24T22:26:41.857Z,95.843,0.05524236336350441,0.19655539095401764,-0.9890081286430359
1616624742323,2021-03-24T22:26:41.859Z,95.883,0.05719548836350441,0.19460226595401764,-0.9907171130180359
1616624742363,2021-03-24T22:26:41.870Z,95.923,0.05792791023850441,0.19338156282901764,-0.9921819567680359
1616624742402,2021-03-24T22:26:41.872Z,95.962,0.05670720711350441,0.19484640657901764,-0.9921819567680359
1616624742442,2021-03-24T22:26:41.874Z,96.002,0.05646306648850441,0.19435812532901764,-0.9899846911430359
1616624742481,2021-03-24T22:26:41.886Z,96.041,0.05597478523850441,0.19313742220401764,-0.9921819567680359
1616624742521,2021-03-24T22:26:41.888Z,96.081,0.05573064461350441,0.19533468782901764,-0.9909612536430359
1616624742560,2021-03-24T22:26:41.890Z,96.12,0.05597478523850441,0.19484640657901764,-0.9914495348930359
1616624742600,2021-03-24T22:26:41.916Z,96.16,0.05450994148850441,0.19509054720401764,-0.9919378161430359
1616624742641,2021-03-24T22:26:41.919Z,96.201,0.05524236336350441,0.19582296907901764,-0.9904729723930359
1616624742680,2021-03-24T22:26:41.921Z,96.24,0.05670720711350441,0.19753195345401764,-0.9916936755180359
1616624742720,2021-03-24T22:26:41.931Z,96.28,0.05450994148850441,0.19533468782901764,-0.9872991442680359
1616624742760,2021-03-24T22:26:41.934Z,96.32,0.05597478523850441,0.19313742220401764,-0.9919378161430359
1616624742799,2021-03-24T22:26:41.945Z,96.359,0.05695134773850441,0.19484640657901764,-0.9904729723930359
1616624742839,2021-03-24T22:26:41.947Z,96.399,0.05548650398850441,0.19655539095401764,-0.9934026598930359
1616624742878,2021-03-24T22:26:41.949Z,96.438,0.05719548836350441,0.19289328157901764,-0.9916936755180359
1616624742918,2021-03-24T22:26:41.960Z,96.478,0.05743962898850441,0.19557882845401764,-0.9899846911430359
1616624742957,2021-03-24T22:26:41.963Z,96.517,0.05792791023850441,0.19362570345401764,-0.9921819567680359
1616624742997,2021-03-24T22:26:41.965Z,96.557,0.05597478523850441,0.19533468782901764,-0.9894964098930359
1616624743036,2021-03-24T22:26:41.976Z,96.596,0.05621892586350441,0.19509054720401764,-0.9904729723930359
1616624743076,2021-03-24T22:26:41.979Z,96.636,0.05841619148850441,0.19484640657901764,-0.9907171130180359
1616624743117,2021-03-24T22:26:41.981Z,96.677,0.05573064461350441,0.19606710970401764,-0.9890081286430359
1616624743156,2021-03-24T22:26:41.991Z,96.716,0.05621892586350441,0.19240500032901764,-0.9907171130180359
1616624743196,2021-03-24T22:26:41.994Z,96.756,0.05817205086350441,0.19313742220401764,-0.9919378161430359
1616624743236,2021-03-24T22:26:42.005Z,96.796,0.05670720711350441,0.19167257845401764,-0.9936468005180359
1616624743275,2021-03-24T22:26:42.007Z,96.835,0.05548650398850441,0.19094015657901764,-0.9892522692680359
1616624743315,2021-03-24T22:26:42.009Z,96.875,0.05988103523850441,0.19142843782901764,-0.9941350817680359
1616624743354,2021-03-24T22:26:42.020Z,96.914,0.05792791023850441,0.19338156282901764,-0.9926702380180359
1616624743394,2021-03-24T22:26:42.023Z,96.954,0.05621892586350441,0.19191671907901764,-0.9916936755180359
1616624743433,2021-03-24T22:26:42.025Z,96.993,0.05792791023850441,0.19142843782901764,-0.9892522692680359
1616624743473,2021-03-24T22:26:42.036Z,97.033,0.05646306648850441,0.19142843782901764,-0.9909612536430359
1616624743512,2021-03-24T22:26:42.038Z,97.072,0.06305486708879471,0.19679953157901764,-0.9846135973930359
1616624743553,2021-03-24T22:26:42.041Z,97.113,0.05597478523850441,0.18410421907901764,-0.9953557848930359
1616624743593,2021-03-24T22:26:42.051Z,97.153,0.05743962898850441,0.18605734407901764,-0.9948675036430359
1616624743633,2021-03-24T22:26:42.054Z,97.193,0.06061345711350441,0.19118429720401764,-0.9912053942680359
1616624743672,2021-03-24T22:26:42.056Z,97.232,0.05670720711350441,0.18556906282901764,-0.9919378161430359
1616624743712,2021-03-24T22:26:42.067Z,97.272,0.05231267586350441,0.17946554720401764,-0.9931585192680359
1616624743751,2021-03-24T22:26:42.069Z,97.311,0.05841619148850441,0.18410421907901764,-0.9973089098930359
1616624743791,2021-03-24T22:26:42.098Z,97.351,0.05646306648850441,0.17458273470401764,-0.9736272692680359
1616624743830,2021-03-24T22:26:42.100Z,97.39,0.06354314833879471,0.20387960970401764,-1.0039006471633911
1616624743870,2021-03-24T22:26:42.111Z,97.43,0.03156072273850441,0.20314718782901764,-0.9951116442680359
1616624743909,2021-03-24T22:26:42.113Z,97.469,-0.02288263477385044,0.23342062532901764,-0.9733831286430359
1616624743949,2021-03-24T22:26:42.116Z,97.509,0.1509454846382141,0.32570579648017883,-0.9802190661430359
1616624743989,2021-03-24T22:26:42.126Z,97.549,0.02057439647614956,0.32009056210517883,-1.0029240846633911
1616624744030,2021-03-24T22:26:42.129Z,97.59,-0.1466619372367859,0.28517845273017883,-0.8015081286430359
1616624744069,2021-03-24T22:26:42.141Z,97.629,0.01569158397614956,0.32350853085517883,-0.9291936755180359
1616624744109,2021-03-24T22:26:42.157Z,97.669,0.03766423836350441,0.30422142148017883,-0.9575139880180359
1616624744148,2021-03-24T22:26:42.159Z,97.708,0.03131658211350441,0.28639915585517883,-0.9675237536430359
1616624744188,2021-03-24T22:26:42.170Z,97.748,0.01764470897614956,0.26174095273017883,-0.9780218005180359
1616624744227,2021-03-24T22:26:42.172Z,97.787,0.02692205272614956,0.23659445345401764,-0.9804632067680359
1616624744267,2021-03-24T22:26:42.175Z,97.827,0.02618963085114956,0.22634054720401764,-0.9831487536430359
1616624744306,2021-03-24T22:26:42.186Z,97.866,0.02472478710114956,0.22927023470401764,-1.0056096315383911
1616624744346,2021-03-24T22:26:42.188Z,97.906,0.02301580272614956,0.22121359407901764,-0.9909612536430359
1616624744385,2021-03-24T22:26:42.190Z,97.945,0.02081853710114956,0.21852804720401764,-0.9792425036430359
1616624744425,2021-03-24T22:26:42.202Z,97.985,0.02448064647614956,0.21486593782901764,-0.9868108630180359
1616624744466,2021-03-24T22:26:42.204Z,98.026,0.02814275585114956,0.21633078157901764,-0.9924260973930359
1616624744506,2021-03-24T22:26:42.206Z,98.066,0.02545720897614956,0.21706320345401764,-0.9853460192680359
1616624744545,2021-03-24T22:26:42.217Z,98.105,0.02374822460114956,0.21657492220401764,-0.9865667223930359
1616624744585,2021-03-24T22:26:42.220Z,98.145,0.02325994335114956,0.21779562532901764,-0.9858343005180359
1616624744624,2021-03-24T22:26:42.245Z,98.184,0.02350408397614956,0.21681906282901764,-0.9865667223930359
1616624744664,2021-03-24T22:26:42.247Z,98.224,0.02179509960114956,0.21559835970401764,-0.9831487536430359
1616624744703,2021-03-24T22:26:42.249Z,98.263,0.02399236522614956,0.21584250032901764,-0.9916936755180359
1616624744743,2021-03-24T22:26:42.261Z,98.303,0.02594549022614956,0.21535421907901764,-0.9907171130180359
1616624744782,2021-03-24T22:26:42.263Z,98.342,0.02570134960114956,0.21388937532901764,-0.9882757067680359
1616624744822,2021-03-24T22:26:42.265Z,98.382,0.02521306835114956,0.21413351595401764,-0.9875432848930359
1616624744862,2021-03-24T22:26:42.277Z,98.422,0.02325994335114956,0.21315695345401764,-0.9887639880180359
1616624744903,2021-03-24T22:26:42.278Z,98.463,0.02570134960114956,0.21169210970401764,-0.9880315661430359
1616624744942,2021-03-24T22:26:42.281Z,98.502,0.02057439647614956,0.21291281282901764,-0.9882757067680359
1616624744982,2021-03-24T22:26:42.292Z,98.542,0.02399236522614956,0.21218039095401764,-0.9868108630180359
1616624745021,2021-03-24T22:26:42.294Z,98.581,0.02228338085114956,0.21266867220401764,-0.9870550036430359
1616624745061,2021-03-24T22:26:42.305Z,98.621,0.02350408397614956,0.21144796907901764,-0.9880315661430359
1616624745100,2021-03-24T22:26:42.307Z,98.66,0.02252752147614956,0.21047140657901764,-0.9921819567680359
1616624745140,2021-03-24T22:26:42.309Z,98.7,0.02570134960114956,0.21364523470401764,-0.9890081286430359
1616624745179,2021-03-24T22:26:42.335Z,98.739,0.02350408397614956,0.21291281282901764,-0.9872991442680359
1616624745219,2021-03-24T22:26:42.337Z,98.779,0.02570134960114956,0.21120382845401764,-0.9846135973930359
1616624745259,2021-03-24T22:26:42.339Z,98.819,0.02643377147614956,0.21144796907901764,-0.9880315661430359
1616624745298,2021-03-24T22:26:42.350Z,98.858,0.02423650585114956,0.21242453157901764,-0.9887639880180359
1616624745339,2021-03-24T22:26:42.353Z,98.899,0.02496892772614956,0.20778585970401764,-0.9863225817680359
1616624745379,2021-03-24T22:26:42.355Z,98.939,0.02545720897614956,0.20973898470401764,-0.9880315661430359
1616624745418,2021-03-24T22:26:42.380Z,98.978,0.02692205272614956,0.21169210970401764,-0.9890081286430359
1616624745458,2021-03-24T22:26:42.382Z,99.018,0.02423650585114956,0.21169210970401764,-0.9872991442680359
1616624745497,2021-03-24T22:26:42.385Z,99.057,0.02545720897614956,0.21193625032901764,-0.9894964098930359
1616624745537,2021-03-24T22:26:42.396Z,99.097,0.02545720897614956,0.21266867220401764,-0.9853460192680359
1616624745576,2021-03-24T22:26:42.398Z,99.136,0.02228338085114956,0.20998312532901764,-0.9946233630180359
1616624745616,2021-03-24T22:26:42.400Z,99.176,0.02618963085114956,0.20925070345401764,-0.9885198473930359
1616624745656,2021-03-24T22:26:42.412Z,99.216,0.02765447460114956,0.20778585970401764,-0.9868108630180359
1616624745695,2021-03-24T22:26:42.414Z,99.255,0.02765447460114956,0.21291281282901764,-0.9934026598930359
1616624745735,2021-03-24T22:26:42.416Z,99.295,0.02765447460114956,0.21193625032901764,-0.9848577380180359
1616624745774,2021-03-24T22:26:42.427Z,99.334,0.02936345897614956,0.21022726595401764,-0.9811956286430359
1616624745815,2021-03-24T22:26:42.429Z,99.375,0.02814275585114956,0.21388937532901764,-0.9890081286430359
1616624745855,2021-03-24T22:26:42.440Z,99.415,0.02863103710114956,0.21388937532901764,-0.9836370348930359
1616624745894,2021-03-24T22:26:42.442Z,99.454,0.02985174022614956,0.21413351595401764,-0.9853460192680359
1616624745934,2021-03-24T22:26:42.444Z,99.494,0.03034002147614956,0.21559835970401764,-0.9836370348930359
1616624745973,2021-03-24T22:26:42.485Z,99.533,0.02960759960114956,0.21511007845401764,-0.9860784411430359
1616624746013,2021-03-24T22:26:42.487Z,99.573,0.03058416210114956,0.21291281282901764,-0.9863225817680359
1616624746052,2021-03-24T22:26:42.489Z,99.612,0.02887517772614956,0.20949484407901764,-0.9868108630180359
1616624746092,2021-03-24T22:26:42.500Z,99.652,0.02887517772614956,0.20778585970401764,-0.9907171130180359
1616624746132,2021-03-24T22:26:42.503Z,99.692,0.02838689647614956,0.20461203157901764,-0.9885198473930359
1616624746171,2021-03-24T22:26:42.505Z,99.731,0.02985174022614956,0.20265890657901764,-0.9941350817680359
1616624746211,2021-03-24T22:26:42.516Z,99.771,0.02863103710114956,0.20021750032901764,-0.9907171130180359
1616624746252,2021-03-24T22:26:42.518Z,99.812,0.03034002147614956,0.19850851595401764,-0.9897405505180359
1616624746291,2021-03-24T22:26:42.521Z,99.851,0.03229314461350441,0.20070578157901764,-0.9907171130180359
1616624746331,2021-03-24T22:26:42.532Z,99.891,0.03082830272614956,0.20021750032901764,-0.9882757067680359
1616624746370,2021-03-24T22:26:42.534Z,99.93,0.03156072273850441,0.20094992220401764,-0.9921819567680359
1616624746410,2021-03-24T22:26:42.536Z,99.97,0.02911931835114956,0.20314718782901764,-0.9934026598930359
1616624746449,2021-03-24T22:26:42.547Z,100.009,0.02789861522614956,0.19899679720401764,-0.9877874255180359
1616624746489,2021-03-24T22:26:42.549Z,100.049,0.03009588085114956,0.20070578157901764,-0.9865667223930359
1616624746529,2021-03-24T22:26:42.560Z,100.089,0.02960759960114956,0.19899679720401764,-0.9887639880180359
1616624746568,2021-03-24T22:26:42.577Z,100.128,0.03034002147614956,0.20021750032901764,-0.9909612536430359
1616624746608,2021-03-24T22:26:42.579Z,100.168,0.03034002147614956,0.20192648470401764,-0.9894964098930359
1616624746647,2021-03-24T22:26:42.590Z,100.207,0.03131658211350441,0.20119406282901764,-0.9919378161430359
1616624746688,2021-03-24T22:26:42.592Z,100.248,0.02789861522614956,0.20119406282901764,-0.9921819567680359
1616624746728,2021-03-24T22:26:42.595Z,100.288,0.03034002147614956,0.19850851595401764,-0.9897405505180359
1616624746767,2021-03-24T22:26:42.606Z,100.327,0.03156072273850441,0.20217062532901764,-0.9909612536430359
1616624746807,2021-03-24T22:26:42.608Z,100.367,0.03034002147614956,0.20021750032901764,-0.9921819567680359
1616624746846,2021-03-24T22:26:42.610Z,100.406,0.03131658211350441,0.20021750032901764,-0.9885198473930359
1616624746886,2021-03-24T22:26:42.652Z,100.446,0.03107244335114956,0.19850851595401764,-0.9924260973930359
1616624746926,2021-03-24T22:26:42.653Z,100.486,0.02887517772614956,0.20094992220401764,-0.9902288317680359
1616624746965,2021-03-24T22:26:42.665Z,100.525,0.03034002147614956,0.19924093782901764,-0.9894964098930359
1616624747005,2021-03-24T22:26:42.667Z,100.565,0.03180486336350441,0.19899679720401764,-0.9916936755180359
1616624747044,2021-03-24T22:26:42.669Z,100.604,0.03082830272614956,0.20094992220401764,-0.9887639880180359
1616624747084,2021-03-24T22:26:42.680Z,100.644,0.03229314461350441,0.19997335970401764,-0.9921819567680359
1616624747123,2021-03-24T22:26:42.683Z,100.683,0.02911931835114956,0.19899679720401764,-0.9916936755180359
1616624747164,2021-03-24T22:26:42.685Z,100.724,0.03082830272614956,0.19826437532901764,-0.9929143786430359
1616624747204,2021-03-24T22:26:42.710Z,100.764,0.02863103710114956,0.19777609407901764,-0.9892522692680359
1616624747243,2021-03-24T22:26:42.712Z,100.803,0.02838689647614956,0.19777609407901764,-0.9897405505180359
1616624747283,2021-03-24T22:26:42.715Z,100.843,0.02985174022614956,0.19728781282901764,-0.9912053942680359
1616624747322,2021-03-24T22:26:42.726Z,100.882,0.03131658211350441,0.19802023470401764,-0.9912053942680359
1616624747362,2021-03-24T22:26:42.728Z,100.922,0.03156072273850441,0.20021750032901764,-0.9890081286430359
1616624747402,2021-03-24T22:26:42.730Z,100.962,0.02936345897614956,0.19777609407901764,-0.9880315661430359
1616624747441,2021-03-24T22:26:42.742Z,101.001,0.03180486336350441,0.19777609407901764,-0.9902288317680359
1616624747481,2021-03-24T22:26:42.743Z,101.041,0.03082830272614956,0.19850851595401764,-0.9929143786430359
1616624747520,2021-03-24T22:26:42.746Z,101.08,0.02960759960114956,0.19948507845401764,-0.9890081286430359
1616624747560,2021-03-24T22:26:42.757Z,101.12,0.03131658211350441,0.19924093782901764,-0.9929143786430359
1616624747601,2021-03-24T22:26:42.759Z,101.161,0.03131658211350441,0.19753195345401764,-0.9912053942680359
1616624747640,2021-03-24T22:26:42.770Z,101.2,0.02936345897614956,0.19826437532901764,-0.9916936755180359
1616624747680,2021-03-24T22:26:42.772Z,101.24,0.03107244335114956,0.19728781282901764,-0.9914495348930359
1616624747719,2021-03-24T22:26:42.774Z,101.279,0.03082830272614956,0.19240500032901764,-0.9968206286430359
1616624747759,2021-03-24T22:26:42.801Z,101.319,0.03204900398850441,0.19557882845401764,-0.9907171130180359
1616624747799,2021-03-24T22:26:42.803Z,101.359,0.03058416210114956,0.19582296907901764,-0.9936468005180359
1616624747838,2021-03-24T22:26:42.805Z,101.398,0.03082830272614956,0.19582296907901764,-0.9912053942680359
1616624747878,2021-03-24T22:26:42.817Z,101.438,0.03082830272614956,0.19533468782901764,-0.9899846911430359
1616624747917,2021-03-24T22:26:42.819Z,101.477,0.02936345897614956,0.19655539095401764,-0.9892522692680359
1616624747957,2021-03-24T22:26:42.821Z,101.517,0.02985174022614956,0.19509054720401764,-0.9931585192680359
1616624747996,2021-03-24T22:26:42.832Z,101.556,0.03156072273850441,0.19338156282901764,-0.9936468005180359
1616624748037,2021-03-24T22:26:42.834Z,101.597,0.02960759960114956,0.19362570345401764,-0.9929143786430359
1616624748077,2021-03-24T22:26:42.845Z,101.637,0.02985174022614956,0.18849875032901764,-0.9970647692680359
1616624748116,2021-03-24T22:26:42.862Z,101.676,0.03034002147614956,0.19435812532901764,-0.9958440661430359
1616624748156,2021-03-24T22:26:42.863Z,101.716,0.02887517772614956,0.19118429720401764,-0.9943792223930359
1616624748196,2021-03-24T22:26:42.866Z,101.756,0.02985174022614956,0.19094015657901764,-0.9943792223930359
1616624748235,2021-03-24T22:26:42.892Z,101.795,0.03131658211350441,0.19240500032901764,-0.9926702380180359
1616624748275,2021-03-24T22:26:42.894Z,101.835,0.02936345897614956,0.19264914095401764,-0.9914495348930359
1616624748314,2021-03-24T22:26:42.896Z,101.874,0.03034002147614956,0.19142843782901764,-0.9916936755180359
1616624748354,2021-03-24T22:26:42.907Z,101.914,0.03009588085114956,0.19216085970401764,-0.9934026598930359
1616624748393,2021-03-24T22:26:42.909Z,101.953,0.03058416210114956,0.19264914095401764,-0.9941350817680359
1616624748433,2021-03-24T22:26:42.920Z,101.993,0.03009588085114956,0.19142843782901764,-0.9912053942680359
1616624748474,2021-03-24T22:26:42.937Z,102.034,0.03156072273850441,0.19264914095401764,-0.9904729723930359
1616624748513,2021-03-24T22:26:42.939Z,102.073,0.03107244335114956,0.19313742220401764,-0.9885198473930359
1616624748553,2021-03-24T22:26:42.950Z,102.113,0.03473455086350441,0.19094015657901764,-0.9943792223930359
1616624748593,2021-03-24T22:26:42.952Z,102.153,0.03449041023850441,0.19264914095401764,-0.9926702380180359
1616624748632,2021-03-24T22:26:42.955Z,102.192,0.03571111336350441,0.19264914095401764,-0.9963323473930359
1616624748672,2021-03-24T22:26:42.970Z,102.232,0.03351384773850441,0.19094015657901764,-0.9938909411430359
1616624748711,2021-03-24T22:26:42.971Z,102.271,0.03326970711350441,0.19240500032901764,-0.9899846911430359
1616624748751,2021-03-24T22:26:42.971Z,102.311,0.03449041023850441,0.19338156282901764,-0.9916936755180359
1616624748790,2021-03-24T22:26:42.981Z,102.35,0.03156072273850441,0.19484640657901764,-0.9875432848930359
1616624748830,2021-03-24T22:26:42.983Z,102.39,0.03131658211350441,0.19484640657901764,-0.9887639880180359
1616624748869,2021-03-24T22:26:42.986Z,102.429,0.03156072273850441,0.19509054720401764,-0.9897405505180359
1616624748909,2021-03-24T22:26:42.996Z,102.469,0.03009588085114956,0.19557882845401764,-0.9902288317680359
1616624748950,2021-03-24T22:26:42.998Z,102.51,0.03204900398850441,0.19509054720401764,-0.9894964098930359
1616624748989,2021-03-24T22:26:43.010Z,102.549,0.03156072273850441,0.19606710970401764,-0.9877874255180359
1616624749029,2021-03-24T22:26:43.042Z,102.589,0.03522283211350441,0.19460226595401764,-0.9907171130180359
1616624749069,2021-03-24T22:26:43.044Z,102.629,0.03497869148850441,0.19631125032901764,-0.9931585192680359
1616624749108,2021-03-24T22:26:43.046Z,102.668,0.03546697273850441,0.19509054720401764,-0.9916936755180359
1616624749148,2021-03-24T22:26:43.057Z,102.708,0.03619939461350441,0.19313742220401764,-0.9929143786430359
1616624749187,2021-03-24T22:26:43.059Z,102.747,0.03497869148850441,0.19704367220401764,-0.9899846911430359
1616624749227,2021-03-24T22:26:43.070Z,102.787,0.03595525398850441,0.19557882845401764,-0.9934026598930359
1616624749266,2021-03-24T22:26:43.072Z,102.826,0.03497869148850441,0.19655539095401764,-0.9899846911430359
1616624749306,2021-03-24T22:26:43.075Z,102.866,0.03326970711350441,0.19655539095401764,-0.9941350817680359
1616624749345,2021-03-24T22:26:43.086Z,102.905,0.03449041023850441,0.19460226595401764,-0.9916936755180359
1616624749386,2021-03-24T22:26:43.088Z,102.946,0.03497869148850441,0.19362570345401764,-0.9914495348930359
1616624749426,2021-03-24T22:26:43.090Z,102.986,0.03375798836350441,0.19435812532901764,-0.9907171130180359
1616624749466,2021-03-24T22:26:43.102Z,103.026,0.03424626961350441,0.19484640657901764,-0.9931585192680359
1616624749505,2021-03-24T22:26:43.104Z,103.065,0.03619939461350441,0.19435812532901764,-0.9921819567680359
1616624749545,2021-03-24T22:26:43.106Z,103.105,0.03522283211350441,0.19460226595401764,-0.9926702380180359
1616624749584,2021-03-24T22:26:43.117Z,103.144,0.03546697273850441,0.19167257845401764,-0.9916936755180359
1616624749624,2021-03-24T22:26:43.132Z,103.184,0.03644353523850441,0.19557882845401764,-0.9931585192680359
1616624749663,2021-03-24T22:26:43.133Z,103.223,0.03326970711350441,0.19509054720401764,-0.9914495348930359
1616624749703,2021-03-24T22:26:43.135Z,103.263,0.03717595711350441,0.19216085970401764,-0.9946233630180359
1616624749742,2021-03-24T22:26:43.146Z,103.302,0.03473455086350441,0.19338156282901764,-0.9916936755180359
1616624749782,2021-03-24T22:26:43.148Z,103.342,0.03522283211350441,0.19411398470401764,-0.9946233630180359
1616624749822,2021-03-24T22:26:43.151Z,103.382,0.03619939461350441,0.19533468782901764,-0.9885198473930359
1616624749863,2021-03-24T22:26:43.162Z,103.423,0.03449041023850441,0.19338156282901764,-0.9907171130180359
1616624749902,2021-03-24T22:26:43.164Z,103.462,0.03668767586350441,0.19191671907901764,-0.9929143786430359
1616624749942,2021-03-24T22:26:43.175Z,103.502,0.03864080086350441,0.19069601595401764,-0.9951116442680359
1616624749981,2021-03-24T22:26:43.177Z,103.541,0.03497869148850441,0.18996359407901764,-0.9916936755180359
1616624750021,2021-03-24T22:26:43.208Z,103.581,0.03839666023850441,0.19289328157901764,-0.9907171130180359
1616624750060,2021-03-24T22:26:43.210Z,103.62,0.03571111336350441,0.19118429720401764,-0.9904729723930359
1616624750100,2021-03-24T22:26:43.222Z,103.66,0.03571111336350441,0.19264914095401764,-0.9921819567680359
1616624750139,2021-03-24T22:26:43.223Z,103.699,0.03522283211350441,0.19240500032901764,-0.9926702380180359
1616624750179,2021-03-24T22:26:43.226Z,103.739,0.03693181648850441,0.19289328157901764,-0.9936468005180359
1616624750218,2021-03-24T22:26:43.237Z,103.778,0.03717595711350441,0.19191671907901764,-0.9897405505180359
1616624750258,2021-03-24T22:26:43.238Z,103.818,0.03619939461350441,0.19191671907901764,-0.9899846911430359
1616624750299,2021-03-24T22:26:43.250Z,103.859,0.03522283211350441,0.19191671907901764,-0.9938909411430359
1616624750339,2021-03-24T22:26:43.267Z,103.899,0.03766423836350441,0.19020773470401764,-0.9926702380180359
1616624750378,2021-03-24T22:26:43.269Z,103.938,0.03595525398850441,0.19045187532901764,-0.9938909411430359
1616624750418,2021-03-24T22:26:43.271Z,103.978,0.03693181648850441,0.18898703157901764,-0.9919378161430359
1616624750457,2021-03-24T22:26:43.282Z,104.017,0.03766423836350441,0.19118429720401764,-0.9916936755180359
1616624750497,2021-03-24T22:26:43.285Z,104.057,0.03790837898850441,0.19191671907901764,-0.9926702380180359
1616624750536,2021-03-24T22:26:43.296Z,104.096,0.03473455086350441,0.19264914095401764,-0.9941350817680359
1616624750576,2021-03-24T22:26:43.299Z,104.136,0.03888494148850441,0.19240500032901764,-0.9921819567680359
1616624750615,2021-03-24T22:26:43.301Z,104.175,0.03766423836350441,0.18898703157901764,-0.9931585192680359
1616624750655,2021-03-24T22:26:43.311Z,104.215,0.04132634773850441,0.18996359407901764,-0.9890081286430359
1616624750695,2021-03-24T22:26:43.314Z,104.255,0.04303533211350441,0.19069601595401764,-0.9921819567680359
1616624750736,2021-03-24T22:26:43.316Z,104.296,0.04352361336350441,0.19020773470401764,-0.9904729723930359
1616624750775,2021-03-24T22:26:43.327Z,104.335,0.04279119148850441,0.18947531282901764,-0.9929143786430359
1616624750815,2021-03-24T22:26:43.329Z,104.375,0.04230291023850441,0.18801046907901764,-0.9938909411430359
1616624750854,2021-03-24T22:26:43.355Z,104.414,0.04572087898850441,0.19020773470401764,-1.0036565065383911
1616624750894,2021-03-24T22:26:43.357Z,104.454,0.04034978523850441,0.18947531282901764,-1.0117131471633911
1616624750933,2021-03-24T22:26:43.360Z,104.493,0.03473455086350441,0.20070578157901764,-0.9943792223930359
1616624750973,2021-03-24T22:26:43.371Z,104.533,0.03449041023850441,0.19362570345401764,-0.9890081286430359
1616624751012,2021-03-24T22:26:43.373Z,104.572,0.05646306648850441,0.19679953157901764,-0.9853460192680359
1616624751052,2021-03-24T22:26:43.375Z,104.612,0.05035955086350441,0.20803000032901764,-0.9919378161430359
1616624751092,2021-03-24T22:26:43.387Z,104.652,0.04816228523850441,0.19899679720401764,-0.9938909411430359
1616624751133,2021-03-24T22:26:43.388Z,104.693,0.05060369148850441,0.21681906282901764,-0.9848577380180359
1616624751172,2021-03-24T22:26:43.391Z,104.732,0.03009588085114956,0.21803976595401764,-0.9719182848930359
1616624751212,2021-03-24T22:26:43.402Z,104.772,-0.06731622666120529,0.40822532773017883,-0.9499456286430359
1616624751251,2021-03-24T22:26:43.404Z,104.811,0.02448064647614956,0.25051048398017883,-0.9743596911430359
1616624751291,2021-03-24T22:26:43.416Z,104.851,-0.04461115226149559,0.33083274960517883,-0.9902288317680359
1616624751330,2021-03-24T22:26:43.418Z,104.89,-0.03533380851149559,0.33718040585517883,-0.9560491442680359
1616624751370,2021-03-24T22:26:43.419Z,104.93,0.03180486336350441,0.35988548398017883,-0.9484807848930359
1616624751409,2021-03-24T22:26:43.445Z,104.969,-0.02825372852385044,0.40969017148017883,-0.9238225817680359
1616624751449,2021-03-24T22:26:43.447Z,105.009,-0.02898615039885044,0.42800071835517883,-0.8898870348930359
1616624751489,2021-03-24T22:26:43.449Z,105.049,0.012029474601149559,0.42116478085517883,-0.8461858630180359
1616624751528,2021-03-24T22:26:43.460Z,105.088,-0.05047052726149559,0.45070579648017883,-0.9177190661430359
1616624751569,2021-03-24T22:26:43.463Z,105.129,-0.05242365226149559,0.44240501523017883,-0.9230901598930359
1616624751609,2021-03-24T22:26:43.465Z,105.169,-0.04876154288649559,0.43239524960517883,-0.9130803942680359
1616624751648,2021-03-24T22:26:43.490Z,105.208,-0.06218927726149559,0.42140892148017883,-0.9164983630180359
1616624751688,2021-03-24T22:26:43.492Z,105.248,-0.06438653916120529,0.42140892148017883,-0.9089300036430359
1616624751727,2021-03-24T22:26:43.495Z,105.287,-0.06218927726149559,0.41335228085517883,-0.9060003161430359
1616624751767,2021-03-24T22:26:43.506Z,105.327,-0.05047052726149559,0.41335228085517883,-0.8979436755180359
1616624751806,2021-03-24T22:26:43.508Z,105.366,-0.05657404288649559,0.40700462460517883,-0.9177190661430359
1616624751846,2021-03-24T22:26:43.510Z,105.406,-0.05608576163649559,0.40187767148017883,-0.9113714098930359
1616624751885,2021-03-24T22:26:43.522Z,105.445,-0.04387873038649559,0.39601829648017883,-0.9182073473930359
1616624751925,2021-03-24T22:26:43.523Z,105.485,-0.04412287101149559,0.39260032773017883,-0.9216253161430359
1616624751966,2021-03-24T22:26:43.535Z,105.526,-0.04509943351149559,0.38454368710517883,-0.9365178942680359
1616624752006,2021-03-24T22:26:43.537Z,105.566,-0.04534357413649559,0.37624290585517883,-0.9374944567680359
1616624752045,2021-03-24T22:26:43.540Z,105.605,-0.04021662101149559,0.36574485898017883,-0.9428655505180359
1616624752085,2021-03-24T22:26:43.551Z,105.645,-0.03850763663649559,0.35866478085517883,-0.9516546130180359
1616624752124,2021-03-24T22:26:43.553Z,105.684,-0.03728693351149559,0.35256126523017883,-0.9433538317680359
1616624752164,2021-03-24T22:26:43.556Z,105.724,-0.03801935538649559,0.34865501523017883,-0.9487249255180359
1616624752203,2021-03-24T22:26:43.596Z,105.763,-0.03679865226149559,0.35060814023017883,-0.9453069567680359
1616624752243,2021-03-24T22:26:43.598Z,105.803,-0.03899591788649559,0.34670189023017883,-0.9411565661430359
1616624752282,2021-03-24T22:26:43.600Z,105.842,-0.04168146476149559,0.34816673398017883,-0.9433538317680359
1616624752322,2021-03-24T22:26:43.612Z,105.882,-0.04509943351149559,0.34841087460517883,-0.9475042223930359
1616624752362,2021-03-24T22:26:43.614Z,105.922,-0.04705255851149559,0.34670189023017883,-0.9475042223930359
1616624752403,2021-03-24T22:26:43.616Z,105.963,-0.04436701163649559,0.34743431210517883,-0.9455510973930359
1616624752442,2021-03-24T22:26:43.626Z,106.002,-0.04314630851149559,0.34767845273017883,-0.9475042223930359
1616624752482,2021-03-24T22:26:43.629Z,106.042,-0.04509943351149559,0.34865501523017883,-0.9421331286430359
1616624752521,2021-03-24T22:26:43.640Z,106.081,-0.04339044913649559,0.35060814023017883,-0.9453069567680359
1616624752561,2021-03-24T22:26:43.642Z,106.121,-0.04119318351149559,0.34841087460517883,-0.9460393786430359
1616624752600,2021-03-24T22:26:43.644Z,106.16,-0.04387873038649559,0.34865501523017883,-0.9423772692680359
1616624752640,2021-03-24T22:26:43.656Z,106.2,-0.03826349601149559,0.34596946835517883,-0.9421331286430359
1616624752679,2021-03-24T22:26:43.658Z,106.239,-0.03631037101149559,0.34035423398017883,-0.9475042223930359
1616624752719,2021-03-24T22:26:43.660Z,106.279,-0.03093927539885044,0.33595970273017883,-0.9504339098930359
1616624752759,2021-03-24T22:26:43.671Z,106.319,-0.03508966788649559,0.32936790585517883,-0.9550725817680359
1616624752800,2021-03-24T22:26:43.685Z,106.36,-0.03167169913649559,0.32497337460517883,-0.9511663317680359
1616624752839,2021-03-24T22:26:43.687Z,106.399,-0.03631037101149559,0.32155540585517883,-0.9606878161430359
1616624752879,2021-03-24T22:26:43.689Z,106.439,-0.03093927539885044,0.31740501523017883,-0.9501897692680359
1616624752918,2021-03-24T22:26:43.701Z,106.478,-0.03508966788649559,0.31447532773017883,-0.9580022692680359
1616624752958,2021-03-24T22:26:43.703Z,106.518,-0.03215998038649559,0.31130149960517883,-0.9562932848930359
1616624752997,2021-03-24T22:26:43.705Z,106.557,-0.03362482413649559,0.30934837460517883,-0.9665471911430359
1616624753037,2021-03-24T22:26:43.716Z,106.597,-0.03313654288649559,0.30983665585517883,-0.9623968005180359
1616624753076,2021-03-24T22:26:43.718Z,106.636,-0.03484552726149559,0.30788353085517883,-0.9587346911430359
1616624753116,2021-03-24T22:26:43.760Z,106.676,-0.03264826163649559,0.30959251523017883,-0.9584905505180359
1616624753156,2021-03-24T22:26:43.762Z,106.716,-0.03435724601149559,0.30739524960517883,-0.9594671130180359
1616624753195,2021-03-24T22:26:43.765Z,106.755,-0.03264826163649559,0.30812767148017883,-0.9597112536430359
1616624753236,2021-03-24T22:26:43.776Z,106.796,-0.03484552726149559,0.30861595273017883,-0.9621526598930359
1616624753276,2021-03-24T22:26:43.778Z,106.836,-0.03533380851149559,0.30739524960517883,-0.9589788317680359
1616624753315,2021-03-24T22:26:43.780Z,106.875,-0.03460138663649559,0.30788353085517883,-0.9577581286430359
1616624753355,2021-03-24T22:26:43.792Z,106.915,-0.03338068351149559,0.30690696835517883,-0.9601995348930359
1616624753394,2021-03-24T22:26:43.794Z,106.954,-0.03289240226149559,0.30837181210517883,-0.9594671130180359
1616624753434,2021-03-24T22:26:43.796Z,106.994,-0.03338068351149559,0.30861595273017883,-0.9599553942680359
1616624753473,2021-03-24T22:26:43.821Z,107.033,-0.03191583976149559,0.30519798398017883,-0.9604436755180359
1616624753513,2021-03-24T22:26:43.823Z,107.073,-0.03240412101149559,0.30446556210517883,-0.9589788317680359
1616624753552,2021-03-24T22:26:43.826Z,107.112,-0.03240412101149559,0.30568626523017883,-0.9589788317680359
1616624753592,2021-03-24T22:26:43.837Z,107.152,-0.03338068351149559,0.30739524960517883,-0.9597112536430359
1616624753633,2021-03-24T22:26:43.839Z,107.193,-0.03362482413649559,0.30641868710517883,-0.9614202380180359
1616624753673,2021-03-24T22:26:43.850Z,107.233,-0.03313654288649559,0.30690696835517883,-0.9597112536430359
1616624753712,2021-03-24T22:26:43.852Z,107.272,-0.03362482413649559,0.30519798398017883,-0.9601995348930359
1616624753752,2021-03-24T22:26:43.854Z,107.312,-0.03386896476149559,0.30470970273017883,-0.9609319567680359
1616624753791,2021-03-24T22:26:43.865Z,107.351,-0.03386896476149559,0.30617454648017883,-0.9597112536430359
1616624753831,2021-03-24T22:26:43.868Z,107.391,-0.03411310538649559,0.30470970273017883,-0.9626409411430359
1616624753870,2021-03-24T22:26:43.870Z,107.43,-0.03435724601149559,0.30495384335517883,-0.9582464098930359
1616624753910,2021-03-24T22:26:43.881Z,107.47,-0.03435724601149559,0.30641868710517883,-0.9614202380180359
1616624753949,2021-03-24T22:26:43.883Z,107.509,-0.03313654288649559,0.30495384335517883,-0.9601995348930359
1616624753989,2021-03-24T22:26:43.886Z,107.549,-0.03289240226149559,0.30593040585517883,-0.9621526598930359
1616624754029,2021-03-24T22:26:43.911Z,107.589,-0.03338068351149559,0.30544212460517883,-0.9594671130180359
1616624754070,2021-03-24T22:26:43.913Z,107.63,-0.03191583976149559,0.30593040585517883,-0.9587346911430359
1616624754109,2021-03-24T22:26:43.916Z,107.669,-0.02996271289885044,0.30666282773017883,-0.9601995348930359
1616624754149,2021-03-24T22:26:43.927Z,107.709,-0.02849786914885044,0.30641868710517883,-0.9614202380180359
1616624754188,2021-03-24T22:26:43.929Z,107.748,-0.02800958789885044,0.30861595273017883,-0.9619085192680359
1616624754228,2021-03-24T22:26:43.931Z,107.788,-0.02727716602385044,0.30544212460517883,-0.9606878161430359
1616624754267,2021-03-24T22:26:43.942Z,107.827,-0.03045099414885044,0.30544212460517883,-0.9619085192680359
1616624754307,2021-03-24T22:26:43.944Z,107.867,-0.02947443164885044,0.30470970273017883,-0.9623968005180359
1616624754346,2021-03-24T22:26:43.955Z,107.906,-0.02898615039885044,0.30495384335517883,-0.9636175036430359
1616624754386,2021-03-24T22:26:43.957Z,107.946,-0.02898615039885044,0.30568626523017883,-0.9619085192680359
1616624754426,2021-03-24T22:26:43.960Z,107.986,-0.02849786914885044,0.30544212460517883,-0.9599553942680359
1616624754465,2021-03-24T22:26:43.971Z,108.025,-0.03069513477385044,0.30666282773017883,-0.9614202380180359
1616624754506,2021-03-24T22:26:44.000Z,108.066,-0.02898615039885044,0.30495384335517883,-0.9592229723930359
1616624754546,2021-03-24T22:26:44.002Z,108.106,-0.02947443164885044,0.30446556210517883,-0.9601995348930359
1616624754585,2021-03-24T22:26:44.005Z,108.145,-0.02971857227385044,0.30348899960517883,-0.9616643786430359
1616624754625,2021-03-24T22:26:44.017Z,108.185,-0.03045099414885044,0.30568626523017883,-0.9597112536430359
1616624754664,2021-03-24T22:26:44.018Z,108.224,-0.02923029102385044,0.30568626523017883,-0.9582464098930359
1616624754704,2021-03-24T22:26:44.021Z,108.264,-0.03020685352385044,0.30715110898017883,-0.9609319567680359
1616624754743,2021-03-24T22:26:44.046Z,108.303,-0.03093927539885044,0.30593040585517883,-0.9628850817680359
1616624754783,2021-03-24T22:26:44.048Z,108.343,-0.02971857227385044,0.30666282773017883,-0.9628850817680359
1616624754822,2021-03-24T22:26:44.050Z,108.382,-0.02947443164885044,0.30519798398017883,-0.9594671130180359
1616624754862,2021-03-24T22:26:44.061Z,108.422,-0.03069513477385044,0.30641868710517883,-0.9611760973930359
1616624754902,2021-03-24T22:26:44.063Z,108.462,-0.03093927539885044,0.30715110898017883,-0.9577581286430359
1616624754943,2021-03-24T22:26:44.066Z,108.503,-0.02996271289885044,0.30617454648017883,-0.9582464098930359
1616624754982,2021-03-24T22:26:44.077Z,108.542,-0.02825372852385044,0.30593040585517883,-0.9609319567680359
1616624755022,2021-03-24T22:26:44.078Z,108.582,-0.02947443164885044,0.30837181210517883,-0.9601995348930359
1616624755061,2021-03-24T22:26:44.090Z,108.621,-0.03435724601149559,0.30763939023017883,-0.9814397692680359
1616624755101,2021-03-24T22:26:44.092Z,108.661,-0.03435724601149559,0.31545189023017883,-0.9851018786430359
1616624755140,2021-03-24T22:26:44.094Z,108.7,-0.03045099414885044,0.31130149960517883,-0.9553167223930359
1616624755180,2021-03-24T22:26:44.105Z,108.74,-0.03215998038649559,0.31130149960517883,-0.9560491442680359
1616624755219,2021-03-24T22:26:44.108Z,108.779,-0.03142755851149559,0.31008079648017883,-0.9606878161430359
1616624755259,2021-03-24T22:26:44.110Z,108.819,-0.03045099414885044,0.31032493710517883,-0.9545843005180359
1616624755299,2021-03-24T22:26:44.135Z,108.859,-0.02825372852385044,0.31130149960517883,-0.9609319567680359
1616624755340,2021-03-24T22:26:44.137Z,108.9,-0.02996271289885044,0.30861595273017883,-0.9560491442680359
1616624755379,2021-03-24T22:26:44.140Z,108.939,-0.02898615039885044,0.30788353085517883,-0.9599553942680359
1616624755419,2021-03-24T22:26:44.151Z,108.979,-0.02825372852385044,0.30666282773017883,-0.9616643786430359
1616624755458,2021-03-24T22:26:44.153Z,109.018,-0.02849786914885044,0.30739524960517883,-0.9592229723930359
1616624755498,2021-03-24T22:26:44.155Z,109.058,-0.03020685352385044,0.30715110898017883,-0.9589788317680359
1616624755537,2021-03-24T22:26:44.167Z,109.097,-0.02776544727385044,0.30788353085517883,-0.9636175036430359
1616624755577,2021-03-24T22:26:44.168Z,109.137,-0.02800958789885044,0.30666282773017883,-0.9638616442680359
1616624755616,2021-03-24T22:26:44.171Z,109.176,-0.02752130664885044,0.30641868710517883,-0.9597112536430359
1616624755656,2021-03-24T22:26:44.182Z,109.216,-0.02849786914885044,0.30568626523017883,-0.9601995348930359
1616624755696,2021-03-24T22:26:44.184Z,109.256,-0.02727716602385044,0.29958274960517883,-0.9482366442680359
1616624755735,2021-03-24T22:26:44.195Z,109.295,-0.02752130664885044,0.30666282773017883,-0.9609319567680359
1616624755776,2021-03-24T22:26:44.197Z,109.336,-0.02752130664885044,0.30861595273017883,-0.9623968005180359
1616624755816,2021-03-24T22:26:44.199Z,109.376,-0.02776544727385044,0.30666282773017883,-0.9623968005180359
1616624755855,2021-03-24T22:26:44.210Z,109.415,-0.02971857227385044,0.30422142148017883,-0.9606878161430359
1616624755895,2021-03-24T22:26:44.212Z,109.455,-0.02898615039885044,0.30641868710517883,-0.9611760973930359
1616624755934,2021-03-24T22:26:44.214Z,109.494,-0.02727716602385044,0.30397728085517883,-0.9570257067680359
1616624755974,2021-03-24T22:26:44.226Z,109.534,-0.02800958789885044,0.30715110898017883,-0.9601995348930359
1616624756013,2021-03-24T22:26:44.228Z,109.573,-0.02874200977385044,0.30495384335517883,-0.9604436755180359
1616624756053,2021-03-24T22:26:44.230Z,109.613,-0.02874200977385044,0.30593040585517883,-0.9609319567680359
1616624756093,2021-03-24T22:26:44.241Z,109.653,-0.02825372852385044,0.30837181210517883,-0.9604436755180359
1616624756132,2021-03-24T22:26:44.244Z,109.692,-0.02800958789885044,0.30690696835517883,-0.9614202380180359
1616624756172,2021-03-24T22:26:44.246Z,109.732,-0.02898615039885044,0.30715110898017883,-0.9621526598930359
1616624756213,2021-03-24T22:26:44.257Z,109.773,-0.02800958789885044,0.30617454648017883,-0.9606878161430359
1616624756252,2021-03-24T22:26:44.316Z,109.812,-0.02849786914885044,0.30812767148017883,-0.9628850817680359
1616624756292,2021-03-24T22:26:44.332Z,109.852,-0.02996271289885044,0.30495384335517883,-0.9599553942680359
1616624756331,2021-03-24T22:26:44.334Z,109.891,-0.02825372852385044,0.30446556210517883,-0.9606878161430359
1616624756371,2021-03-24T22:26:44.345Z,109.931,-0.02800958789885044,0.30593040585517883,-0.9597112536430359
1616624756410,2021-03-24T22:26:44.347Z,109.97,-0.02752130664885044,0.30446556210517883,-0.9626409411430359
1616624756450,2021-03-24T22:26:44.349Z,110.01,-0.02825372852385044,0.30544212460517883,-0.9587346911430359
1616624756489,2021-03-24T22:26:44.360Z,110.049,-0.03045099414885044,0.30666282773017883,-0.9587346911430359
1616624756529,2021-03-24T22:26:44.377Z,110.089,-0.02849786914885044,0.30641868710517883,-0.9606878161430359
1616624756569,2021-03-24T22:26:44.379Z,110.129,-0.02776544727385044,0.30715110898017883,-0.9606878161430359
1616624756608,2021-03-24T22:26:44.390Z,110.168,-0.02752130664885044,0.30910423398017883,-0.9599553942680359
1616624756649,2021-03-24T22:26:44.392Z,110.209,-0.02923029102385044,0.30666282773017883,-0.9616643786430359
1616624756689,2021-03-24T22:26:44.395Z,110.249,-0.02581232227385044,0.30519798398017883,-0.9604436755180359
1616624756728,2021-03-24T22:26:44.406Z,110.288,-0.02776544727385044,0.30934837460517883,-0.9577581286430359
1616624756768,2021-03-24T22:26:44.409Z,110.328,-0.02874200977385044,0.30763939023017883,-0.9606878161430359
1616624756807,2021-03-24T22:26:44.410Z,110.367,-0.02776544727385044,0.30446556210517883,-0.9597112536430359
1616624756847,2021-03-24T22:26:44.422Z,110.407,-0.02825372852385044,0.30373314023017883,-0.9589788317680359
1616624756886,2021-03-24T22:26:44.423Z,110.446,-0.02898615039885044,0.30568626523017883,-0.9599553942680359
1616624756926,2021-03-24T22:26:44.426Z,110.486,-0.02947443164885044,0.30641868710517883,-0.9626409411430359
1616624756966,2021-03-24T22:26:44.437Z,110.526,-0.02947443164885044,0.30666282773017883,-0.9611760973930359
1616624757005,2021-03-24T22:26:44.440Z,110.565,-0.02825372852385044,0.30519798398017883,-0.9619085192680359
1616624757045,2021-03-24T22:26:44.465Z,110.605,-0.02752130664885044,0.30544212460517883,-0.9604436755180359
1616624757086,2021-03-24T22:26:44.467Z,110.646,-0.02752130664885044,0.30617454648017883,-0.9592229723930359
1616624757125,2021-03-24T22:26:44.469Z,110.685,-0.02825372852385044,0.30690696835517883,-0.9609319567680359
1616624757165,2021-03-24T22:26:44.481Z,110.725,-0.02849786914885044,0.30544212460517883,-0.9606878161430359
1616624757204,2021-03-24T22:26:44.483Z,110.764,-0.02703302539885044,0.30470970273017883,-0.9611760973930359
1616624757244,2021-03-24T22:26:44.485Z,110.804,-0.02654474414885044,0.30470970273017883,-0.9609319567680359
1616624757283,2021-03-24T22:26:44.496Z,110.843,-0.02800958789885044,0.30788353085517883,-0.9631292223930359
1616624757323,2021-03-24T22:26:44.499Z,110.883,-0.02996271289885044,0.30690696835517883,-0.9614202380180359
1616624757363,2021-03-24T22:26:44.501Z,110.923,-0.02776544727385044,0.30568626523017883,-0.9587346911430359
1616624757402,2021-03-24T22:26:44.512Z,110.962,-0.02849786914885044,0.30495384335517883,-0.9599553942680359
1616624757443,2021-03-24T22:26:44.513Z,111.003,-0.02849786914885044,0.30739524960517883,-0.9594671130180359
1616624757481,2021-03-24T22:26:44.526Z,111.041,-0.02654474414885044,0.30568626523017883,-0.9587346911430359
1616624757522,2021-03-24T22:26:44.527Z,111.082,-0.02874200977385044,0.30568626523017883,-0.9592229723930359
1616624757562,2021-03-24T22:26:44.529Z,111.122,-0.02800958789885044,0.30544212460517883,-0.9597112536430359
1616624757601,2021-03-24T22:26:44.555Z,111.161,-0.02776544727385044,0.30519798398017883,-0.9633733630180359
1616624757641,2021-03-24T22:26:44.557Z,111.201,-0.02947443164885044,0.30422142148017883,-0.9599553942680359
1616624757680,2021-03-24T22:26:44.559Z,111.24,-0.02971857227385044,0.30666282773017883,-0.9616643786430359
1616624757720,2021-03-24T22:26:44.570Z,111.28,-0.02947443164885044,0.30568626523017883,-0.9623968005180359
1616624757760,2021-03-24T22:26:44.573Z,111.32,-0.02898615039885044,0.30422142148017883,-0.9614202380180359
1616624757799,2021-03-24T22:26:44.575Z,111.359,-0.02825372852385044,0.30617454648017883,-0.9616643786430359
1616624757839,2021-03-24T22:26:44.600Z,111.399,-0.02923029102385044,0.30495384335517883,-0.9604436755180359
1616624757878,2021-03-24T22:26:44.602Z,111.438,-0.02678888477385044,0.30544212460517883,-0.9633733630180359
1616624757919,2021-03-24T22:26:44.606Z,111.479,-0.02703302539885044,0.30568626523017883,-0.9601995348930359
1616624757959,2021-03-24T22:26:44.617Z,111.519,-0.02996271289885044,0.30934837460517883,-0.9599553942680359
1616624757998,2021-03-24T22:26:44.618Z,111.558,-0.02898615039885044,0.30470970273017883,-0.9628850817680359
1616624758038,2021-03-24T22:26:44.621Z,111.598,-0.02825372852385044,0.30568626523017883,-0.9609319567680359
1616624758077,2021-03-24T22:26:44.632Z,111.637,-0.02898615039885044,0.30739524960517883,-0.9609319567680359
1616624758117,2021-03-24T22:26:44.646Z,111.677,-0.02703302539885044,0.30568626523017883,-0.9611760973930359
1616624758156,2021-03-24T22:26:44.648Z,111.716,-0.02849786914885044,0.30617454648017883,-0.9621526598930359
1616624758196,2021-03-24T22:26:44.650Z,111.756,-0.02825372852385044,0.30739524960517883,-0.9589788317680359
1616624758236,2021-03-24T22:26:44.662Z,111.796,-0.02849786914885044,0.30715110898017883,-0.9594671130180359
1616624758275,2021-03-24T22:26:44.663Z,111.835,-0.03093927539885044,0.30397728085517883,-0.9606878161430359
1616624758315,2021-03-24T22:26:44.666Z,111.875,-0.02727716602385044,0.30324485898017883,-0.9584905505180359
1616624758356,2021-03-24T22:26:44.691Z,111.916,-0.02727716602385044,0.30715110898017883,-0.9623968005180359
1616624758395,2021-03-24T22:26:44.694Z,111.955,-0.02825372852385044,0.30812767148017883,-0.9594671130180359
1616624758435,2021-03-24T22:26:44.696Z,111.995,-0.03045099414885044,0.30568626523017883,-0.9619085192680359
1616624758474,2021-03-24T22:26:44.707Z,112.034,-0.02947443164885044,0.30739524960517883,-0.9626409411430359
1616624758514,2021-03-24T22:26:44.709Z,112.074,-0.02678888477385044,0.30422142148017883,-0.9553167223930359
1616624758553,2021-03-24T22:26:44.726Z,112.113,-0.02800958789885044,0.30617454648017883,-0.9587346911430359
1616624758593,2021-03-24T22:26:44.726Z,112.153,-0.02898615039885044,0.30763939023017883,-0.9619085192680359
1616624758633,2021-03-24T22:26:44.727Z,112.193,-0.02923029102385044,0.30690696835517883,-0.9577581286430359
1616624758672,2021-03-24T22:26:44.735Z,112.232,-0.02825372852385044,0.30666282773017883,-0.9626409411430359
1616624758712,2021-03-24T22:26:44.738Z,112.272,-0.02874200977385044,0.30641868710517883,-0.9636175036430359
1616624758751,2021-03-24T22:26:44.740Z,112.311,-0.02849786914885044,0.30666282773017883,-0.9589788317680359
1616624758792,2021-03-24T22:26:44.751Z,112.352,-0.02825372852385044,0.30617454648017883,-0.9616643786430359
1616624758832,2021-03-24T22:26:44.753Z,112.392,-0.02825372852385044,0.30715110898017883,-0.9594671130180359
1616624758871,2021-03-24T22:26:44.756Z,112.431,-0.02825372852385044,0.30593040585517883,-0.9589788317680359
1616624758911,2021-03-24T22:26:44.766Z,112.471,-0.02703302539885044,0.30593040585517883,-0.9584905505180359
1616624758950,2021-03-24T22:26:44.768Z,112.51,-0.02996271289885044,0.30593040585517883,-0.9611760973930359
1616624758990,2021-03-24T22:26:44.771Z,112.55,-0.02898615039885044,0.30495384335517883,-0.9589788317680359
1616624759030,2021-03-24T22:26:44.782Z,112.59,-0.03020685352385044,0.30641868710517883,-0.9587346911430359
1616624759069,2021-03-24T22:26:44.784Z,112.629,-0.02727716602385044,0.30666282773017883,-0.9631292223930359
1616624759109,2021-03-24T22:26:44.795Z,112.669,-0.02923029102385044,0.30544212460517883,-0.9601995348930359
1616624759148,2021-03-24T22:26:44.797Z,112.708,-0.02947443164885044,0.30495384335517883,-0.9587346911430359
1616624759188,2021-03-24T22:26:44.800Z,112.748,-0.02703302539885044,0.30470970273017883,-0.9589788317680359
1616624759229,2021-03-24T22:26:44.811Z,112.789,-0.02923029102385044,0.30470970273017883,-0.9619085192680359
1616624759268,2021-03-24T22:26:44.813Z,112.828,-0.02727716602385044,0.30446556210517883,-0.9611760973930359
1616624759308,2021-03-24T22:26:44.816Z,112.868,-0.02703302539885044,0.30446556210517883,-0.9567815661430359
1616624759347,2021-03-24T22:26:44.827Z,112.907,-0.02776544727385044,0.30544212460517883,-0.9575139880180359
1616624759387,2021-03-24T22:26:44.872Z,112.947,-0.02971857227385044,0.30617454648017883,-0.9621526598930359
1616624759427,2021-03-24T22:26:44.874Z,112.987,-0.02776544727385044,0.30519798398017883,-0.9606878161430359
1616624759466,2021-03-24T22:26:44.885Z,113.026,-0.02800958789885044,0.30690696835517883,-0.9611760973930359
1616624759506,2021-03-24T22:26:44.887Z,113.066,-0.02752130664885044,0.30593040585517883,-0.9594671130180359
1616624759545,2021-03-24T22:26:44.890Z,113.105,-0.02800958789885044,0.30666282773017883,-0.9599553942680359
1616624759585,2021-03-24T22:26:44.901Z,113.145,-0.02898615039885044,0.30715110898017883,-0.9599553942680359
1616624759624,2021-03-24T22:26:44.903Z,113.184,-0.02849786914885044,0.30666282773017883,-0.9606878161430359
1616624759665,2021-03-24T22:26:44.905Z,113.225,-0.02849786914885044,0.30495384335517883,-0.9628850817680359
1616624759705,2021-03-24T22:26:44.931Z,113.265,-0.03020685352385044,0.30495384335517883,-0.9619085192680359
1616624759744,2021-03-24T22:26:44.933Z,113.304,-0.02971857227385044,0.30641868710517883,-0.9601995348930359
1616624759784,2021-03-24T22:26:44.935Z,113.344,-0.02800958789885044,0.30739524960517883,-0.9606878161430359
1616624759823,2021-03-24T22:26:44.946Z,113.383,-0.02703302539885044,0.30544212460517883,-0.9609319567680359
1616624759863,2021-03-24T22:26:44.949Z,113.423,-0.02898615039885044,0.30495384335517883,-0.9597112536430359
1616624759903,2021-03-24T22:26:44.951Z,113.463,-0.02849786914885044,0.30715110898017883,-0.9609319567680359
1616624759942,2021-03-24T22:26:44.962Z,113.502,-0.02825372852385044,0.30666282773017883,-0.9616643786430359
1616624759982,2021-03-24T22:26:44.964Z,113.542,-0.02996271289885044,0.30666282773017883,-0.9609319567680359
1616624760021,2021-03-24T22:26:44.975Z,113.581,-0.03020685352385044,0.30690696835517883,-0.9597112536430359
1616624760061,2021-03-24T22:26:44.977Z,113.621,-0.02849786914885044,0.30666282773017883,-0.9587346911430359
1616624760102,2021-03-24T22:26:44.979Z,113.662,-0.02849786914885044,0.30739524960517883,-0.9601995348930359
1616624760141,2021-03-24T22:26:44.990Z,113.701,-0.02923029102385044,0.30666282773017883,-0.9601995348930359
1616624760181,2021-03-24T22:26:44.993Z,113.741,-0.02971857227385044,0.30641868710517883,-0.9606878161430359
1616624760220,2021-03-24T22:26:44.995Z,113.78,-0.02898615039885044,0.30593040585517883,-0.9594671130180359
1616624760260,2021-03-24T22:26:45.020Z,113.82,-0.02703302539885044,0.30739524960517883,-0.9619085192680359
1616624760300,2021-03-24T22:26:45.022Z,113.86,-0.02898615039885044,0.30886009335517883,-0.9589788317680359
1616624760339,2021-03-24T22:26:45.025Z,113.899,-0.02800958789885044,0.30593040585517883,-0.9611760973930359
1616624760379,2021-03-24T22:26:45.036Z,113.939,-0.02996271289885044,0.30568626523017883,-0.9611760973930359
1616624760418,2021-03-24T22:26:45.038Z,113.978,-0.02996271289885044,0.30641868710517883,-0.9614202380180359
1616624760458,2021-03-24T22:26:45.040Z,114.018,-0.02996271289885044,0.30617454648017883,-0.9619085192680359
1616624760497,2021-03-24T22:26:45.052Z,114.057,-0.02923029102385044,0.30666282773017883,-0.9616643786430359
1616624760538,2021-03-24T22:26:45.053Z,114.098,-0.02923029102385044,0.30837181210517883,-0.9601995348930359
1616624760578,2021-03-24T22:26:45.056Z,114.138,-0.03167169913649559,0.31276634335517883,-0.9597112536430359
1616624760617,2021-03-24T22:26:45.067Z,114.177,-0.03215998038649559,0.31081321835517883,-0.9582464098930359
1616624760657,2021-03-24T22:26:45.069Z,114.217,-0.03386896476149559,0.31349876523017883,-0.9587346911430359
1616624760697,2021-03-24T22:26:45.080Z,114.257,-0.03386896476149559,0.31838157773017883,-0.9587346911430359
1616624760736,2021-03-24T22:26:45.082Z,114.296,-0.03508966788649559,0.31252220273017883,-0.9599553942680359
1616624760776,2021-03-24T22:26:45.084Z,114.336,-0.04021662101149559,0.32082298398017883,-0.9538518786430359
1616624760815,2021-03-24T22:26:45.110Z,114.375,-0.03948419913649559,0.31838157773017883,-0.9560491442680359
1616624760855,2021-03-24T22:26:45.112Z,114.415,-0.04241388663649559,0.32204368710517883,-0.9577581286430359
1616624760894,2021-03-24T22:26:45.114Z,114.454,-0.04802912101149559,0.32326439023017883,-0.9577581286430359
1616624760935,2021-03-24T22:26:45.125Z,114.495,-0.04705255851149559,0.32179954648017883,-0.9548284411430359
1616624760975,2021-03-24T22:26:45.128Z,114.535,-0.05071466788649559,0.32668235898017883,-0.9526311755180359
1616624761014,2021-03-24T22:26:45.130Z,114.574,-0.05193537101149559,0.32106712460517883,-0.9533635973930359
1616624761054,2021-03-24T22:26:45.155Z,114.614,-0.04973810538649559,0.32326439023017883,-0.9521428942680359
1616624761093,2021-03-24T22:26:45.158Z,114.653,-0.05071466788649559,0.32082298398017883,-0.9497014880180359
1616624761133,2021-03-24T22:26:45.160Z,114.693,-0.05388849601149559,0.32546165585517883,-0.9538518786430359
1616624761173,2021-03-24T22:26:45.171Z,114.733,-0.05071466788649559,0.32448509335517883,-0.9514104723930359
1616624761212,2021-03-24T22:26:45.173Z,114.772,-0.05437677726149559,0.32302024960517883,-0.9497014880180359
1616624761252,2021-03-24T22:26:45.176Z,114.812,-0.05242365226149559,0.32399681210517883,-0.9509221911430359
1616624761291,2021-03-24T22:26:45.187Z,114.851,-0.04754083976149559,0.31789329648017883,-0.9562932848930359
1616624761331,2021-03-24T22:26:45.189Z,114.891,-0.04607599601149559,0.31618431210517883,-0.9558050036430359
1616624761370,2021-03-24T22:26:45.200Z,114.93,-0.04485529288649559,0.31594017148017883,-0.9545843005180359
1616624761411,2021-03-24T22:26:45.203Z,114.971,-0.04729669913649559,0.31642845273017883,-0.9545843005180359
1616624761451,2021-03-24T22:26:45.205Z,115.011,-0.04192560538649559,0.31960228085517883,-0.9528753161430359
1616624761490,2021-03-24T22:26:45.216Z,115.05,-0.01848810352385044,0.23146750032901764,-0.9814397692680359
1616624761530,2021-03-24T22:26:45.218Z,115.09,-0.04094904288649559,0.33620384335517883,-0.9501897692680359
1616624761570,2021-03-24T22:26:45.230Z,115.13,-0.0018865411402657628,0.23561789095401764,-0.9689885973930359
1616624761609,2021-03-24T22:26:45.247Z,115.169,-0.04119318351149559,0.34474876523017883,-0.9457952380180359
1616624761649,2021-03-24T22:26:45.248Z,115.209,-0.04119318351149559,0.35671165585517883,-0.9399358630180359
1616624761688,2021-03-24T22:26:45.251Z,115.248,-0.03313654288649559,0.35890892148017883,-0.9392034411430359
1616624761728,2021-03-24T22:26:45.262Z,115.288,-0.08538263291120529,0.5705788135528564,-0.8251897692680359
1616624761767,2021-03-24T22:26:45.264Z,115.327,-0.01580255664885044,0.35378196835517883,-0.9406682848930359
1616624761808,2021-03-24T22:26:45.275Z,115.368,-0.02092950977385044,0.5029518604278564,-0.9103948473930359
1616624761848,2021-03-24T22:26:45.277Z,115.408,-0.0028631037566810846,0.32790306210517883,-0.9296819567680359
1616624761887,2021-03-24T22:26:45.280Z,115.447,0.010564630851149559,0.34499290585517883,-0.9309026598930359
1616624761927,2021-03-24T22:26:45.291Z,115.487,0.02130681835114956,0.34865501523017883,-0.9511663317680359
1616624761967,2021-03-24T22:26:45.293Z,115.527,0.03937322273850441,0.48268821835517883,-0.8791448473930359
1616624762006,2021-03-24T22:26:45.295Z,115.566,0.02106267772614956,0.23879171907901764,-1.0026799440383911
1616624762046,2021-03-24T22:26:45.307Z,115.606,0.04083806648850441,0.32863548398017883,-0.9470159411430359
1616624762085,2021-03-24T22:26:45.309Z,115.645,0.03717595711350441,0.35329368710517883,-0.9440862536430359
1616624762125,2021-03-24T22:26:45.311Z,115.685,0.04034978523850441,0.34963157773017883,-0.9418889880180359
1616624762164,2021-03-24T22:26:45.322Z,115.724,0.04205876961350441,0.34230735898017883,-0.9475042223930359
1616624762204,2021-03-24T22:26:45.324Z,115.764,0.04157048836350441,0.33693626523017883,-0.9533635973930359
1616624762245,2021-03-24T22:26:45.335Z,115.805,0.05133611336350441,0.32472923398017883,-0.9489690661430359
1616624762284,2021-03-24T22:26:45.338Z,115.844,0.04791814461350441,0.31911399960517883,-0.9528753161430359
1616624762324,2021-03-24T22:26:45.339Z,115.884,0.05353337898850441,0.31813743710517883,-0.9562932848930359
1616624762364,2021-03-24T22:26:45.351Z,115.924,0.05914861336350441,0.31154564023017883,-0.9592229723930359
1616624762403,2021-03-24T22:26:45.353Z,115.963,0.06964666396379471,0.31056907773017883,-0.9543401598930359
1616624762443,2021-03-24T22:26:45.355Z,116.003,0.08038885146379471,0.31447532773017883,-0.9580022692680359
1616624762482,2021-03-24T22:26:45.397Z,116.042,0.08014471083879471,0.31325462460517883,-0.9560491442680359
1616624762522,2021-03-24T22:26:45.399Z,116.082,0.08722478896379471,0.31740501523017883,-0.9531194567680359
1616624762561,2021-03-24T22:26:45.411Z,116.121,0.09137517958879471,0.31764915585517883,-0.9499456286430359
1616624762601,2021-03-24T22:26:45.413Z,116.161,0.08795721083879471,0.31764915585517883,-0.9531194567680359
1616624762640,2021-03-24T22:26:45.415Z,116.2,0.08502752333879471,0.31325462460517883,-0.9531194567680359
1616624762681,2021-03-24T22:26:45.426Z,116.241,0.08429510146379471,0.30886009335517883,-0.9562932848930359
1616624762721,2021-03-24T22:26:45.428Z,116.281,0.08575994521379471,0.30886009335517883,-0.9533635973930359
1616624762760,2021-03-24T22:26:45.431Z,116.32,0.08283025771379471,0.31081321835517883,-0.9536077380180359
1616624762800,2021-03-24T22:26:45.441Z,116.36,0.08820135146379471,0.31081321835517883,-0.9560491442680359
1616624762840,2021-03-24T22:26:45.443Z,116.4,0.09137517958879471,0.30910423398017883,-0.9528753161430359
1616624762879,2021-03-24T22:26:45.446Z,116.439,0.09039861708879471,0.31423118710517883,-0.9518987536430359
1616624762919,2021-03-24T22:26:45.457Z,116.479,0.09137517958879471,0.31349876523017883,-0.9516546130180359
1616624762958,2021-03-24T22:26:45.459Z,116.518,0.09064275771379471,0.31374290585517883,-0.9558050036430359
1616624762998,2021-03-24T22:26:45.470Z,116.558,0.09015447646379471,0.31252220273017883,-0.9531194567680359
1616624763037,2021-03-24T22:26:45.487Z,116.597,0.09259588271379471,0.31130149960517883,-0.9553167223930359
1616624763077,2021-03-24T22:26:45.489Z,116.637,0.09210760146379471,0.30983665585517883,-0.9536077380180359
1616624763118,2021-03-24T22:26:45.500Z,116.678,0.09113103896379471,0.30959251523017883,-0.9558050036430359
1616624763157,2021-03-24T22:26:45.502Z,116.717,0.09088689833879471,0.31130149960517883,-0.9548284411430359
1616624763197,2021-03-24T22:26:45.505Z,116.757,0.09332830458879471,0.30959251523017883,-0.9555608630180359
1616624763237,2021-03-24T22:26:45.516Z,116.797,0.09064275771379471,0.30934837460517883,-0.9558050036430359
1616624763276,2021-03-24T22:26:45.518Z,116.836,0.09210760146379471,0.30715110898017883,-0.9553167223930359
1616624763316,2021-03-24T22:26:45.520Z,116.876,0.09357244521379471,0.30861595273017883,-0.9545843005180359
1616624763355,2021-03-24T22:26:45.532Z,116.915,0.09259588271379471,0.30739524960517883,-0.9538518786430359
1616624763395,2021-03-24T22:26:45.534Z,116.955,0.09186346083879471,0.30886009335517883,-0.9562932848930359
1616624763434,2021-03-24T22:26:45.536Z,116.994,0.09210760146379471,0.30910423398017883,-0.9540960192680359
1616624763474,2021-03-24T22:26:45.547Z,117.034,0.08991033583879471,0.30910423398017883,-0.9538518786430359
1616624763513,2021-03-24T22:26:45.550Z,117.073,0.09113103896379471,0.30837181210517883,-0.9558050036430359
1616624763553,2021-03-24T22:26:45.575Z,117.113,0.09284002333879471,0.30593040585517883,-0.9553167223930359
1616624763594,2021-03-24T22:26:45.577Z,117.154,0.09186346083879471,0.30495384335517883,-0.9560491442680359
1616624763634,2021-03-24T22:26:45.579Z,117.194,0.09161932021379471,0.30568626523017883,-0.9558050036430359
1616624763673,2021-03-24T22:26:45.591Z,117.233,0.09064275771379471,0.30324485898017883,-0.9572698473930359
1616624763713,2021-03-24T22:26:45.593Z,117.273,0.08893377333879471,0.30373314023017883,-0.9555608630180359
1616624763752,2021-03-24T22:26:45.595Z,117.312,0.08844549208879471,0.30348899960517883,-0.9565374255180359
1616624763792,2021-03-24T22:26:45.606Z,117.352,0.09039861708879471,0.30495384335517883,-0.9577581286430359
1616624763831,2021-03-24T22:26:45.609Z,117.391,0.09161932021379471,0.30324485898017883,-0.9575139880180359
1616624763871,2021-03-24T22:26:45.611Z,117.431,0.09235174208879471,0.30153587460517883,-0.9599553942680359
1616624763910,2021-03-24T22:26:45.622Z,117.47,0.09039861708879471,0.30129173398017883,-0.9582464098930359
1616624763950,2021-03-24T22:26:45.623Z,117.51,0.08820135146379471,0.30275657773017883,-0.9589788317680359
1616624763989,2021-03-24T22:26:45.636Z,117.549,0.09088689833879471,0.30178001523017883,-0.9580022692680359
1616624764031,2021-03-24T22:26:45.637Z,117.591,0.09186346083879471,0.30251243710517883,-0.9582464098930359
1616624764070,2021-03-24T22:26:45.639Z,117.63,0.09088689833879471,0.30275657773017883,-0.9575139880180359
1616624764110,2021-03-24T22:26:45.650Z,117.67,0.08844549208879471,0.30324485898017883,-0.9572698473930359
1616624764149,2021-03-24T22:26:45.667Z,117.709,0.09161932021379471,0.30178001523017883,-0.9565374255180359
1616624764189,2021-03-24T22:26:45.669Z,117.749,0.08942205458879471,0.30422142148017883,-0.9592229723930359
1616624764228,2021-03-24T22:26:45.680Z,117.788,0.09064275771379471,0.30275657773017883,-0.9601995348930359
1616624764268,2021-03-24T22:26:45.682Z,117.828,0.08966619521379471,0.30104759335517883,-0.9565374255180359
1616624764307,2021-03-24T22:26:45.685Z,117.867,0.08917791396379471,0.30007103085517883,-0.9570257067680359
1616624764347,2021-03-24T22:26:45.710Z,117.907,0.09161932021379471,0.30178001523017883,-0.9575139880180359
1616624764386,2021-03-24T22:26:45.712Z,117.946,0.08820135146379471,0.30178001523017883,-0.9531194567680359
1616624764426,2021-03-24T22:26:45.715Z,117.986,0.08942205458879471,0.30251243710517883,-0.9575139880180359
1616624764467,2021-03-24T22:26:45.726Z,118.027,0.08893377333879471,0.30275657773017883,-0.9567815661430359
1616624764507,2021-03-24T22:26:45.728Z,118.067,0.09039861708879471,0.30104759335517883,-0.9575139880180359
1616624764546,2021-03-24T22:26:45.730Z,118.106,0.09015447646379471,0.30324485898017883,-0.9567815661430359
1616624764586,2021-03-24T22:26:45.741Z,118.146,0.09161932021379471,0.30153587460517883,-0.9580022692680359
1616624764625,2021-03-24T22:26:45.743Z,118.185,0.08917791396379471,0.30202415585517883,-0.9575139880180359
1616624764665,2021-03-24T22:26:45.746Z,118.225,0.09064275771379471,0.30446556210517883,-0.9594671130180359
1616624764704,2021-03-24T22:26:45.756Z,118.264,0.09137517958879471,0.30324485898017883,-0.9594671130180359
1616624764744,2021-03-24T22:26:45.759Z,118.304,0.08966619521379471,0.30470970273017883,-0.9570257067680359
1616624764783,2021-03-24T22:26:45.770Z,118.343,0.09015447646379471,0.30470970273017883,-0.9577581286430359
1616624764823,2021-03-24T22:26:45.772Z,118.383,0.09406072646379471,0.30641868710517883,-0.9550725817680359
1616624764863,2021-03-24T22:26:45.774Z,118.423,0.09454900771379471,0.30617454648017883,-0.9567815661430359
1616624764904,2021-03-24T22:26:45.800Z,118.464,0.09161932021379471,0.30519798398017883,-0.9575139880180359
1616624764943,2021-03-24T22:26:45.802Z,118.503,0.09259588271379471,0.30422142148017883,-0.9577581286430359
1616624764983,2021-03-24T22:26:45.804Z,118.543,0.09235174208879471,0.30519798398017883,-0.9562932848930359
1616624765022,2021-03-24T22:26:45.815Z,118.582,0.08991033583879471,0.30300071835517883,-0.9589788317680359
1616624765062,2021-03-24T22:26:45.818Z,118.622,0.09235174208879471,0.30446556210517883,-0.9565374255180359
1616624765101,2021-03-24T22:26:45.820Z,118.661,0.09137517958879471,0.30324485898017883,-0.9567815661430359
1616624765141,2021-03-24T22:26:45.831Z,118.701,0.09235174208879471,0.30251243710517883,-0.9575139880180359
1616624765180,2021-03-24T22:26:45.833Z,118.74,0.09113103896379471,0.30544212460517883,-0.9609319567680359
1616624765220,2021-03-24T22:26:45.836Z,118.78,0.09357244521379471,0.30202415585517883,-0.9553167223930359
1616624765260,2021-03-24T22:26:45.847Z,118.82,0.09137517958879471,0.30104759335517883,-0.9572698473930359
1616624765299,2021-03-24T22:26:45.849Z,118.859,0.09161932021379471,0.30251243710517883,-0.9565374255180359
1616624765339,2021-03-24T22:26:45.851Z,118.899,0.09308416396379471,0.30251243710517883,-0.9594671130180359
1616624765380,2021-03-24T22:26:45.862Z,118.94,0.09186346083879471,0.30226829648017883,-0.9572698473930359
1616624765419,2021-03-24T22:26:45.864Z,118.979,0.09235174208879471,0.30397728085517883,-0.9577581286430359
1616624765459,2021-03-24T22:26:45.875Z,119.019,0.09186346083879471,0.30373314023017883,-0.9565374255180359
1616624765498,2021-03-24T22:26:45.877Z,119.058,0.09161932021379471,0.30324485898017883,-0.9540960192680359
1616624765538,2021-03-24T22:26:45.880Z,119.098,0.08966619521379471,0.30373314023017883,-0.9560491442680359
1616624765577,2021-03-24T22:26:45.891Z,119.137,0.08844549208879471,0.30324485898017883,-0.9570257067680359
1616624765617,2021-03-24T22:26:45.923Z,119.177,0.09137517958879471,0.30178001523017883,-0.9565374255180359
1616624765656,2021-03-24T22:26:45.925Z,119.216,0.09235174208879471,0.30300071835517883,-0.9584905505180359
1616624765696,2021-03-24T22:26:45.936Z,119.256,0.09186346083879471,0.30153587460517883,-0.9538518786430359
1616624765736,2021-03-24T22:26:45.938Z,119.296,0.09064275771379471,0.30226829648017883,-0.9580022692680359
1616624765775,2021-03-24T22:26:45.941Z,119.335,0.09088689833879471,0.30153587460517883,-0.9575139880180359
1616624765816,2021-03-24T22:26:45.952Z,119.376,0.09210760146379471,0.30153587460517883,-0.9565374255180359
1616624765856,2021-03-24T22:26:45.954Z,119.416,0.09357244521379471,0.30226829648017883,-0.9577581286430359
1616624765895,2021-03-24T22:26:45.955Z,119.455,0.09235174208879471,0.30275657773017883,-0.9584905505180359
1616624765935,2021-03-24T22:26:45.967Z,119.495,0.09064275771379471,0.30275657773017883,-0.9567815661430359
1616624765974,2021-03-24T22:26:45.969Z,119.534,0.09235174208879471,0.30251243710517883,-0.9577581286430359
1616624766014,2021-03-24T22:26:45.980Z,119.574,0.09406072646379471,0.30129173398017883,-0.9582464098930359
1616624766053,2021-03-24T22:26:45.982Z,119.613,0.09332830458879471,0.30104759335517883,-0.9580022692680359
1616624766093,2021-03-24T22:26:45.985Z,119.653,0.08356267958879471,0.30031517148017883,-0.9633733630180359
1616624766133,2021-03-24T22:26:45.996Z,119.693,0.09576971083879471,0.30519798398017883,-0.9565374255180359
1616624766172,2021-03-24T22:26:45.998Z,119.732,0.07037908583879471,0.28884056210517883,-0.9550725817680359
1616624766212,2021-03-24T22:26:46.000Z,119.772,0.10651189833879471,0.30129173398017883,-0.9548284411430359
1616624766253,2021-03-24T22:26:46.011Z,119.813,0.1807306408882141,0.33766868710517883,-0.9555608630180359
1616624766292,2021-03-24T22:26:46.014Z,119.852,0.2207697033882141,0.34914329648017883,-0.8969671130180359
1616624766332,2021-03-24T22:26:46.016Z,119.892,0.2371271252632141,0.34450462460517883,-0.9133245348930359
1616624766371,2021-03-24T22:26:46.041Z,119.931,0.2034357190132141,0.34645774960517883,-0.9255315661430359
1616624766411,2021-03-24T22:26:46.044Z,119.971,0.2041681408882141,0.34279564023017883,-0.9243108630180359
1616624766450,2021-03-24T22:26:46.046Z,120.01,0.1961115002632141,0.34255149960517883,-0.9223577380180359
1616624766490,2021-03-24T22:26:46.057Z,120.05,0.1995294690132141,0.33644798398017883,-0.9277288317680359
1616624766530,2021-03-24T22:26:46.059Z,120.09,0.2049005627632141,0.33766868710517883,-0.9260198473930359
1616624766569,2021-03-24T22:26:46.070Z,120.129,0.2129572033882141,0.34181907773017883,-0.9223577380180359
1616624766609,2021-03-24T22:26:46.072Z,120.169,0.2141779065132141,0.34059837460517883,-0.9206487536430359
1616624766648,2021-03-24T22:26:46.076Z,120.208,0.2166193127632141,0.34523704648017883,-0.9221135973930359
1616624766689,2021-03-24T22:26:46.086Z,120.249,0.2151544690132141,0.34377220273017883,-0.9230901598930359
1616624766729,2021-03-24T22:26:46.088Z,120.289,0.2092950940132141,0.34181907773017883,-0.9206487536430359
1616624766768,2021-03-24T22:26:46.090Z,120.328,0.2117365002632141,0.34084251523017883,-0.9204046130180359
1616624766808,2021-03-24T22:26:46.101Z,120.368,0.2070978283882141,0.34474876523017883,-0.9228460192680359
1616624766847,2021-03-24T22:26:46.104Z,120.407,0.2066095471382141,0.34303978085517883,-0.9245550036430359
1616624766887,2021-03-24T22:26:46.106Z,120.447,0.2124689221382141,0.34621360898017883,-0.9189397692680359
1616624766927,2021-03-24T22:26:46.131Z,120.487,0.2105157971382141,0.34719017148017883,-0.9233343005180359
1616624766966,2021-03-24T22:26:46.133Z,120.526,0.2149103283882141,0.35207298398017883,-0.9194280505180359
1616624767006,2021-03-24T22:26:46.136Z,120.566,0.2158868908882141,0.34914329648017883,-0.9167425036430359
1616624767045,2021-03-24T22:26:46.147Z,120.605,0.2175958752632141,0.34841087460517883,-0.9172307848930359
1616624767085,2021-03-24T22:26:46.149Z,120.645,0.2122247815132141,0.34865501523017883,-0.9199163317680359
1616624767124,2021-03-24T22:26:46.150Z,120.684,0.2171075940132141,0.34841087460517883,-0.9201604723930359
1616624767165,2021-03-24T22:26:46.162Z,120.725,0.2151544690132141,0.34548118710517883,-0.9213811755180359
1616624767205,2021-03-24T22:26:46.164Z,120.765,0.2129572033882141,0.34596946835517883,-0.9194280505180359
1616624767244,2021-03-24T22:26:46.175Z,120.804,0.2114923596382141,0.34328392148017883,-0.9230901598930359
1616624767284,2021-03-24T22:26:46.177Z,120.844,0.2149103283882141,0.34670189023017883,-0.9211370348930359
1616624767323,2021-03-24T22:26:46.180Z,120.883,0.2149103283882141,0.34401634335517883,-0.9194280505180359
1616624767363,2021-03-24T22:26:46.191Z,120.923,0.2158868908882141,0.34816673398017883,-0.9189397692680359
1616624767403,2021-03-24T22:26:46.193Z,120.963,0.2139337658882141,0.34596946835517883,-0.9208928942680359
1616624767442,2021-03-24T22:26:46.195Z,121.002,0.2139337658882141,0.34865501523017883,-0.9211370348930359
1616624767482,2021-03-24T22:26:46.221Z,121.042,0.2112482190132141,0.34596946835517883,-0.9206487536430359
1616624767521,2021-03-24T22:26:46.223Z,121.081,0.2136896252632141,0.34230735898017883,-0.9226018786430359
1616624767561,2021-03-24T22:26:46.225Z,121.121,0.2127130627632141,0.34206321835517883,-0.9226018786430359
1616624767602,2021-03-24T22:26:46.236Z,121.162,0.2136896252632141,0.34035423398017883,-0.9216253161430359
1616624767641,2021-03-24T22:26:46.238Z,121.201,0.2102716565132141,0.34084251523017883,-0.9265081286430359
1616624767681,2021-03-24T22:26:46.241Z,121.241,0.2117365002632141,0.34157493710517883,-0.9247991442680359
1616624767720,2021-03-24T22:26:46.266Z,121.28,0.2107599377632141,0.33840110898017883,-0.9216253161430359
1616624767760,2021-03-24T22:26:46.268Z,121.32,0.2127130627632141,0.34230735898017883,-0.9226018786430359
1616624767800,2021-03-24T22:26:46.270Z,121.36,0.2097833752632141,0.34157493710517883,-0.9243108630180359
1616624767839,2021-03-24T22:26:46.282Z,121.399,0.2102716565132141,0.33864524960517883,-0.9228460192680359
1616624767879,2021-03-24T22:26:46.283Z,121.439,0.2080743908882141,0.33693626523017883,-0.9235784411430359
1616624767918,2021-03-24T22:26:46.286Z,121.478,0.2100275158882141,0.33595970273017883,-0.9284612536430359
1616624767958,2021-03-24T22:26:46.297Z,121.518,0.2078302502632141,0.33644798398017883,-0.9269964098930359
1616624767997,2021-03-24T22:26:46.299Z,121.557,0.2092950940132141,0.33644798398017883,-0.9262639880180359
1616624768038,2021-03-24T22:26:46.310Z,121.598,0.2066095471382141,0.33620384335517883,-0.9252874255180359
1616624768078,2021-03-24T22:26:46.312Z,121.638,0.2083185315132141,0.33766868710517883,-0.9238225817680359
1616624768117,2021-03-24T22:26:46.315Z,121.677,0.2078302502632141,0.33644798398017883,-0.9221135973930359
1616624768157,2021-03-24T22:26:46.326Z,121.717,0.2068536877632141,0.33547142148017883,-0.9245550036430359
1616624768197,2021-03-24T22:26:46.328Z,121.757,0.2095392346382141,0.33595970273017883,-0.9240667223930359
1616624768236,2021-03-24T22:26:46.330Z,121.796,0.2066095471382141,0.33815696835517883,-0.9274846911430359
1616624768276,2021-03-24T22:26:46.356Z,121.836,0.2092950940132141,0.33498314023017883,-0.9267522692680359
1616624768315,2021-03-24T22:26:46.358Z,121.875,0.2080743908882141,0.33669212460517883,-0.9267522692680359
1616624768355,2021-03-24T22:26:46.360Z,121.915,0.2075861096382141,0.33498314023017883,-0.9240667223930359
1616624768394,2021-03-24T22:26:46.372Z,121.954,0.2088068127632141,0.33669212460517883,-0.9265081286430359
1616624768434,2021-03-24T22:26:46.374Z,121.994,0.2041681408882141,0.33254173398017883,-0.9318792223930359
1616624768475,2021-03-24T22:26:46.376Z,122.035,0.2017267346382141,0.32912376523017883,-0.9296819567680359
1616624768514,2021-03-24T22:26:46.387Z,122.074,0.2014825940132141,0.32814720273017883,-0.9313909411430359
1616624768554,2021-03-24T22:26:46.389Z,122.114,0.2014825940132141,0.32692649960517883,-0.9326116442680359
1616624768593,2021-03-24T22:26:46.400Z,122.153,0.2022150158882141,0.32521751523017883,-0.9311468005180359
1616624768633,2021-03-24T22:26:46.402Z,122.193,0.2014825940132141,0.32741478085517883,-0.9309026598930359
1616624768673,2021-03-24T22:26:46.404Z,122.233,0.2014825940132141,0.32399681210517883,-0.9326116442680359
1616624768712,2021-03-24T22:26:46.446Z,122.272,0.2007501721382141,0.32277610898017883,-0.9289495348930359
1616624768752,2021-03-24T22:26:46.448Z,122.312,0.2000177502632141,0.31984642148017883,-0.9318792223930359
1616624768791,2021-03-24T22:26:46.460Z,122.351,0.1970880627632141,0.32228782773017883,-0.9333440661430359
1616624768831,2021-03-24T22:26:46.462Z,122.391,0.1978204846382141,0.31960228085517883,-0.9348089098930359
1616624768870,2021-03-24T22:26:46.464Z,122.43,0.1997736096382141,0.31935814023017883,-0.9343206286430359
1616624768911,2021-03-24T22:26:46.475Z,122.471,0.2002618908882141,0.31911399960517883,-0.9350530505180359
1616624768951,2021-03-24T22:26:46.478Z,122.511,0.1992853283882141,0.31935814023017883,-0.9328557848930359
1616624768990,2021-03-24T22:26:46.480Z,122.55,0.1970880627632141,0.31862571835517883,-0.9370061755180359
1616624769030,2021-03-24T22:26:46.491Z,122.59,0.1941583752632141,0.31838157773017883,-0.9340764880180359
1616624769070,2021-03-24T22:26:46.493Z,122.63,0.1965997815132141,0.31764915585517883,-0.9343206286430359
1616624769109,2021-03-24T22:26:46.496Z,122.669,0.1978204846382141,0.31716087460517883,-0.9372503161430359
1616624769149,2021-03-24T22:26:46.507Z,122.709,0.1990411877632141,0.31838157773017883,-0.9350530505180359
1616624769188,2021-03-24T22:26:46.509Z,122.748,0.1983087658882141,0.31911399960517883,-0.9387151598930359
1616624769228,2021-03-24T22:26:46.511Z,122.788,0.2014825940132141,0.31862571835517883,-0.9367620348930359
1616624769267,2021-03-24T22:26:46.522Z,122.827,0.1953790783882141,0.31886985898017883,-0.9374944567680359
1616624769307,2021-03-24T22:26:46.524Z,122.867,0.1990411877632141,0.31764915585517883,-0.9377385973930359
1616624769348,2021-03-24T22:26:46.535Z,122.908,0.1961115002632141,0.31667259335517883,-0.9343206286430359
1616624769387,2021-03-24T22:26:46.537Z,122.947,0.1980646252632141,0.31862571835517883,-0.9338323473930359
1616624769427,2021-03-24T22:26:46.540Z,122.987,0.1975763440132141,0.31789329648017883,-0.9343206286430359
1616624769467,2021-03-24T22:26:46.551Z,123.027,0.1990411877632141,0.31740501523017883,-0.9367620348930359
1616624769506,2021-03-24T22:26:46.553Z,123.066,0.1975763440132141,0.31838157773017883,-0.9335882067680359
1616624769546,2021-03-24T22:26:46.555Z,123.106,0.1973322033882141,0.31545189023017883,-0.9340764880180359
1616624769585,2021-03-24T22:26:46.567Z,123.145,0.1961115002632141,0.31423118710517883,-0.9357854723930359
1616624769625,2021-03-24T22:26:46.569Z,123.185,0.1963556408882141,0.31276634335517883,-0.9379827380180359
1616624769664,2021-03-24T22:26:46.571Z,123.224,0.1936700940132141,0.31325462460517883,-0.9367620348930359
1616624769704,2021-03-24T22:26:46.596Z,123.264,0.1970880627632141,0.31301048398017883,-0.9360296130180359
1616624769743,2021-03-24T22:26:46.599Z,123.303,0.1963556408882141,0.31276634335517883,-0.9384710192680359
1616624769784,2021-03-24T22:26:46.601Z,123.344,0.1980646252632141,0.31374290585517883,-0.9370061755180359
1616624769824,2021-03-24T22:26:46.612Z,123.384,0.1956232190132141,0.30715110898017883,-0.9372503161430359
1616624769864,2021-03-24T22:26:46.614Z,123.424,0.1963556408882141,0.30837181210517883,-0.9404241442680359
1616624769903,2021-03-24T22:26:46.626Z,123.463,0.1824396252632141,0.29323509335517883,-0.9533635973930359
1616624769943,2021-03-24T22:26:46.627Z,123.503,0.1846368908882141,0.28884056210517883,-0.9514104723930359
1616624769982,2021-03-24T22:26:46.629Z,123.542,0.1831720471382141,0.28884056210517883,-0.9489690661430359
1616624770022,2021-03-24T22:26:46.641Z,123.582,0.1836603283882141,0.28713157773017883,-0.9435979723930359
1616624770061,2021-03-24T22:26:46.643Z,123.621,0.1804865002632141,0.28176048398017883,-0.9531194567680359
1616624770101,2021-03-24T22:26:46.645Z,123.661,0.1763361096382141,0.27834251523017883,-0.9536077380180359
1616624770140,2021-03-24T22:26:46.656Z,123.7,0.1780450940132141,0.27565696835517883,-0.9555608630180359
1616624770180,2021-03-24T22:26:46.659Z,123.74,0.1790216565132141,0.27541282773017883,-0.9521428942680359
1616624770219,2021-03-24T22:26:46.670Z,123.779,0.1809747815132141,0.27468040585517883,-0.9545843005180359
1616624770260,2021-03-24T22:26:46.686Z,123.82,0.1809747815132141,0.26955345273017883,-0.9536077380180359
1616624770300,2021-03-24T22:26:46.689Z,123.86,0.1768243908882141,0.26589134335517883,-0.9572698473930359
1616624770340,2021-03-24T22:26:46.700Z,123.9,0.1748712658882141,0.26540306210517883,-0.9558050036430359
1616624770379,2021-03-24T22:26:46.702Z,123.939,0.1668146252632141,0.24880148470401764,-0.9392034411430359
1616624770419,2021-03-24T22:26:46.704Z,123.979,0.1738947033882141,0.26442649960517883,-0.9526311755180359
1616624770458,2021-03-24T22:26:46.715Z,124.018,0.1719415783882141,0.26662376523017883,-0.9538518786430359
1616624770498,2021-03-24T22:26:46.718Z,124.058,0.1741388440132141,0.26711204648017883,-0.9599553942680359
1616624770537,2021-03-24T22:26:46.720Z,124.097,0.1765802502632141,0.26686790585517883,-0.9589788317680359
1616624770577,2021-03-24T22:26:46.731Z,124.137,0.1748712658882141,0.26564720273017883,-0.9543401598930359
1616624770616,2021-03-24T22:26:46.733Z,124.176,0.1724298596382141,0.26198509335517883,-0.9565374255180359
1616624770656,2021-03-24T22:26:46.736Z,124.216,0.1699884533882141,0.25514915585517883,-0.9631292223930359
1616624770697,2021-03-24T22:26:46.747Z,124.257,0.1687677502632141,0.24928976595401764,-0.9663030505180359
1616624770737,2021-03-24T22:26:46.749Z,124.297,0.1699884533882141,0.24855734407901764,-0.9645940661430359
1616624770776,2021-03-24T22:26:46.751Z,124.336,0.1687677502632141,0.25124290585517883,-0.9606878161430359
1616624770816,2021-03-24T22:26:46.777Z,124.376,0.1685236096382141,0.25344017148017883,-0.9621526598930359
1616624770855,2021-03-24T22:26:46.779Z,124.415,0.1685236096382141,0.25270774960517883,-0.9616643786430359
1616624770895,2021-03-24T22:26:46.781Z,124.455,0.1707208752632141,0.25246360898017883,-0.9604436755180359
1616624770934,2021-03-24T22:26:46.792Z,124.494,0.1690118908882141,0.25466087460517883,-0.9621526598930359
1616624770974,2021-03-24T22:26:46.794Z,124.534,0.1687677502632141,0.25368431210517883,-0.9638616442680359
1616624771013,2021-03-24T22:26:46.805Z,124.573,0.1695001721382141,0.25661399960517883,-0.9628850817680359
1616624771053,2021-03-24T22:26:46.823Z,124.613,0.1670587658882141,0.25539329648017883,-0.9623968005180359
1616624771093,2021-03-24T22:26:46.824Z,124.653,0.1690118908882141,0.25319603085517883,-0.9616643786430359
1616624771134,2021-03-24T22:26:46.835Z,124.694,0.1697443127632141,0.25563743710517883,-0.9626409411430359
1616624771173,2021-03-24T22:26:46.837Z,124.733,0.1687677502632141,0.25368431210517883,-0.9601995348930359
1616624771213,2021-03-24T22:26:46.839Z,124.773,0.1709650158882141,0.25344017148017883,-0.9606878161430359
1616624771252,2021-03-24T22:26:46.850Z,124.812,0.1692560315132141,0.25954368710517883,-0.9638616442680359
1616624771292,2021-03-24T22:26:46.866Z,124.852,0.1653497815132141,0.26637962460517883,-0.9609319567680359
1616624771331,2021-03-24T22:26:46.868Z,124.891,0.1655939221382141,0.27663353085517883,-0.9558050036430359
1616624771371,2021-03-24T22:26:46.870Z,124.931,0.1682794690132141,0.28200462460517883,-0.9518987536430359
1616624771410,2021-03-24T22:26:46.881Z,124.97,0.1673029065132141,0.28151634335517883,-0.9528753161430359
1616624771450,2021-03-24T22:26:46.884Z,125.01,0.1675470471382141,0.27907493710517883,-0.9555608630180359
1616624771489,2021-03-24T22:26:46.911Z,125.049,0.1675470471382141,0.27663353085517883,-0.9553167223930359
1616624771531,2021-03-24T22:26:46.913Z,125.091,0.1680353283882141,0.27516868710517883,-0.9577581286430359
1616624771570,2021-03-24T22:26:46.915Z,125.13,0.1670587658882141,0.27468040585517883,-0.9567815661430359
1616624771610,2021-03-24T22:26:46.928Z,125.17,0.1660822033882141,0.27492454648017883,-0.9555608630180359
1616624771649,2021-03-24T22:26:46.929Z,125.209,0.1675470471382141,0.27638939023017883,-0.9562932848930359
1616624771689,2021-03-24T22:26:46.931Z,125.249,0.1655939221382141,0.27663353085517883,-0.9540960192680359
1616624771728,2021-03-24T22:26:46.942Z,125.288,0.1646173596382141,0.27614524960517883,-0.9560491442680359
1616624771768,2021-03-24T22:26:46.944Z,125.328,0.1658380627632141,0.27858665585517883,-0.9555608630180359
1616624771807,2021-03-24T22:26:46.955Z,125.367,0.1660822033882141,0.27834251523017883,-0.9553167223930359
1616624771847,2021-03-24T22:26:46.988Z,125.407,0.1670587658882141,0.27858665585517883,-0.9548284411430359
1616624771886,2021-03-24T22:26:46.990Z,125.446,0.1677911877632141,0.27809837460517883,-0.9521428942680359
1616624771926,2021-03-24T22:26:47.001Z,125.486,0.1677911877632141,0.27785423398017883,-0.9555608630180359
1616624771966,2021-03-24T22:26:47.003Z,125.526,0.1668146252632141,0.27663353085517883,-0.9540960192680359
1616624772005,2021-03-24T22:26:47.006Z,125.565,0.1680353283882141,0.27785423398017883,-0.9560491442680359
1616624772046,2021-03-24T22:26:47.017Z,125.606,0.1690118908882141,0.27785423398017883,-0.9550725817680359
1616624772086,2021-03-24T22:26:47.019Z,125.646,0.1673029065132141,0.27565696835517883,-0.9550725817680359
1616624772125,2021-03-24T22:26:47.030Z,125.685,0.1668146252632141,0.27516868710517883,-0.9562932848930359
1616624772165,2021-03-24T22:26:47.032Z,125.725,0.1673029065132141,0.27614524960517883,-0.9553167223930359
1616624772204,2021-03-24T22:26:47.034Z,125.764,0.1680353283882141,0.27492454648017883,-0.9545843005180359
1616624772244,2021-03-24T22:26:47.045Z,125.804,0.1699884533882141,0.27565696835517883,-0.9567815661430359
1616624772283,2021-03-24T22:26:47.048Z,125.843,0.1695001721382141,0.27272728085517883,-0.9560491442680359
1616624772323,2021-03-24T22:26:47.050Z,125.883,0.1685236096382141,0.27248314023017883,-0.9540960192680359
1616624772363,2021-03-24T22:26:47.062Z,125.923,0.1699884533882141,0.27394798398017883,-0.9555608630180359
1616624772402,2021-03-24T22:26:47.064Z,125.962,0.1677911877632141,0.27150657773017883,-0.9555608630180359
1616624772442,2021-03-24T22:26:47.075Z,126.002,0.1690118908882141,0.27101829648017883,-0.9550725817680359
1616624772483,2021-03-24T22:26:47.077Z,126.043,0.1697443127632141,0.27028587460517883,-0.9562932848930359
1616624772522,2021-03-24T22:26:47.079Z,126.082,0.1687677502632141,0.27199485898017883,-0.9570257067680359
1616624772562,2021-03-24T22:26:47.090Z,126.122,0.1680353283882141,0.27150657773017883,-0.9567815661430359
1616624772601,2021-03-24T22:26:47.093Z,126.161,0.1677911877632141,0.27077415585517883,-0.9577581286430359
1616624772641,2021-03-24T22:26:47.095Z,126.201,0.1692560315132141,0.26979759335517883,-0.9584905505180359
1616624772680,2021-03-24T22:26:47.106Z,126.24,0.1687677502632141,0.26955345273017883,-0.9584905505180359
1616624772720,2021-03-24T22:26:47.108Z,126.28,0.1677911877632141,0.26784446835517883,-0.9570257067680359
1616624772760,2021-03-24T22:26:47.111Z,126.32,0.1682794690132141,0.26833274960517883,-0.9565374255180359
1616624772799,2021-03-24T22:26:47.122Z,126.359,0.1677911877632141,0.26857689023017883,-0.9587346911430359
1616624772839,2021-03-24T22:26:47.124Z,126.399,0.1668146252632141,0.26711204648017883,-0.9580022692680359
1616624772878,2021-03-24T22:26:47.126Z,126.438,0.1677911877632141,0.26833274960517883,-0.9589788317680359
1616624772918,2021-03-24T22:26:47.152Z,126.478,0.1680353283882141,0.27199485898017883,-0.9592229723930359
1616624772959,2021-03-24T22:26:47.154Z,126.519,0.1675470471382141,0.26906517148017883,-0.9570257067680359
1616624772998,2021-03-24T22:26:47.156Z,126.558,0.1670587658882141,0.27053001523017883,-0.9570257067680359
1616624773038,2021-03-24T22:26:47.167Z,126.598,0.1641290783882141,0.27077415585517883,-0.9567815661430359
1616624773077,2021-03-24T22:26:47.169Z,126.637,0.1665704846382141,0.27248314023017883,-0.9597112536430359
1616624773117,2021-03-24T22:26:47.180Z,126.677,0.1670587658882141,0.27272728085517883,-0.9558050036430359
1616624773156,2021-03-24T22:26:47.182Z,126.716,0.1653497815132141,0.27101829648017883,-0.9565374255180359
1616624773196,2021-03-24T22:26:47.184Z,126.756,0.1655939221382141,0.27272728085517883,-0.9577581286430359
1616624773236,2021-03-24T22:26:47.196Z,126.796,0.1668146252632141,0.27053001523017883,-0.9580022692680359
1616624773275,2021-03-24T22:26:47.198Z,126.835,0.1638849377632141,0.26979759335517883,-0.9577581286430359
1616624773315,2021-03-24T22:26:47.200Z,126.875,0.1655939221382141,0.27199485898017883,-0.9575139880180359
1616624773354,2021-03-24T22:26:47.211Z,126.914,0.1653497815132141,0.26979759335517883,-0.9589788317680359
1616624773395,2021-03-24T22:26:47.214Z,126.955,0.1655939221382141,0.26906517148017883,-0.9584905505180359
1616624773435,2021-03-24T22:26:47.216Z,126.995,0.1616876721382141,0.27223899960517883,-0.9543401598930359
1616624773474,2021-03-24T22:26:47.241Z,127.034,0.1660822033882141,0.27053001523017883,-0.9555608630180359
1616624773514,2021-03-24T22:26:47.243Z,127.074,0.1665704846382141,0.27101829648017883,-0.9589788317680359
1616624773553,2021-03-24T22:26:47.246Z,127.113,0.1638849377632141,0.27077415585517883,-0.9572698473930359
1616624773593,2021-03-24T22:26:47.257Z,127.153,0.1663263440132141,0.27028587460517883,-0.9575139880180359
1616624773633,2021-03-24T22:26:47.259Z,127.193,0.1646173596382141,0.27004173398017883,-0.9555608630180359
1616624773672,2021-03-24T22:26:47.261Z,127.232,0.1670587658882141,0.27199485898017883,-0.9570257067680359
1616624773712,2021-03-24T22:26:47.272Z,127.272,0.1655939221382141,0.27126243710517883,-0.9575139880180359
1616624773751,2021-03-24T22:26:47.274Z,127.311,0.1633966565132141,0.27223899960517883,-0.9570257067680359
1616624773791,2021-03-24T22:26:47.285Z,127.351,0.1651056408882141,0.27126243710517883,-0.9570257067680359
1616624773832,2021-03-24T22:26:47.288Z,127.392,0.1643732190132141,0.27272728085517883,-0.9562932848930359
1616624773871,2021-03-24T22:26:47.290Z,127.431,0.1660822033882141,0.27199485898017883,-0.9572698473930359
1616624773911,2021-03-24T22:26:47.301Z,127.471,0.1655939221382141,0.27223899960517883,-0.9577581286430359
1616624773950,2021-03-24T22:26:47.303Z,127.51,0.1651056408882141,0.27175071835517883,-0.9560491442680359
1616624773990,2021-03-24T22:26:47.306Z,127.55,0.1668146252632141,0.27199485898017883,-0.9567815661430359
1616624774030,2021-03-24T22:26:47.331Z,127.59,0.1663263440132141,0.27199485898017883,-0.9558050036430359
1616624774069,2021-03-24T22:26:47.334Z,127.629,0.1655939221382141,0.27126243710517883,-0.9538518786430359
1616624774109,2021-03-24T22:26:47.335Z,127.669,0.1655939221382141,0.27199485898017883,-0.9572698473930359
1616624774148,2021-03-24T22:26:47.347Z,127.708,0.1641290783882141,0.27126243710517883,-0.9570257067680359
1616624774188,2021-03-24T22:26:47.349Z,127.748,0.1641290783882141,0.27126243710517883,-0.9553167223930359
1616624774227,2021-03-24T22:26:47.351Z,127.787,0.1648615002632141,0.27175071835517883,-0.9572698473930359
1616624774267,2021-03-24T22:26:47.376Z,127.827,0.1668146252632141,0.27419212460517883,-0.9545843005180359
1616624774308,2021-03-24T22:26:47.379Z,127.868,0.1665704846382141,0.27248314023017883,-0.9570257067680359
1616624774347,2021-03-24T22:26:47.381Z,127.907,0.1658380627632141,0.27150657773017883,-0.9558050036430359
1616624774387,2021-03-24T22:26:47.392Z,127.947,0.1643732190132141,0.27345970273017883,-0.9572698473930359
1616624774427,2021-03-24T22:26:47.394Z,127.987,0.1646173596382141,0.27126243710517883,-0.9548284411430359
1616624774466,2021-03-24T22:26:47.405Z,128.026,0.1636407971382141,0.27199485898017883,-0.9553167223930359
1616624774506,2021-03-24T22:26:47.407Z,128.066,0.1631525158882141,0.27272728085517883,-0.9545843005180359
1616624774545,2021-03-24T22:26:47.409Z,128.105,0.1641290783882141,0.27370384335517883,-0.9555608630180359
1616624774585,2021-03-24T22:26:47.420Z,128.145,0.1638849377632141,0.27345970273017883,-0.9584905505180359
1616624774624,2021-03-24T22:26:47.423Z,128.184,0.1660822033882141,0.27419212460517883,-0.9589788317680359
1616624774665,2021-03-24T22:26:47.425Z,128.225,0.1651056408882141,0.27394798398017883,-0.9555608630180359
1616624774703,2021-03-24T22:26:47.436Z,128.263,0.1660822033882141,0.27370384335517883,-0.9584905505180359
1616624774744,2021-03-24T22:26:47.438Z,128.304,0.1668146252632141,0.27248314023017883,-0.9560491442680359
1616624774784,2021-03-24T22:26:47.441Z,128.344,0.1648615002632141,0.27345970273017883,-0.9572698473930359
1616624774823,2021-03-24T22:26:47.466Z,128.383,0.1624200940132141,0.27199485898017883,-0.9555608630180359
1616624774863,2021-03-24T22:26:47.468Z,128.423,0.1643732190132141,0.27272728085517883,-0.9584905505180359
1616624774903,2021-03-24T22:26:47.470Z,128.463,0.1626642346382141,0.27150657773017883,-0.9572698473930359
1616624774942,2021-03-24T22:26:47.511Z,128.502,0.1658380627632141,0.27248314023017883,-0.9555608630180359
1616624774982,2021-03-24T22:26:47.513Z,128.542,0.1629083752632141,0.27248314023017883,-0.9577581286430359
1616624775021,2021-03-24T22:26:47.525Z,128.581,0.1631525158882141,0.27272728085517883,-0.9570257067680359
1616624775061,2021-03-24T22:26:47.527Z,128.621,0.1629083752632141,0.27150657773017883,-0.9562932848930359
1616624775100,2021-03-24T22:26:47.530Z,128.66,0.1643732190132141,0.27150657773017883,-0.9572698473930359
1616624775140,2021-03-24T22:26:47.540Z,128.7,0.1626642346382141,0.27053001523017883,-0.9570257067680359
1616624775181,2021-03-24T22:26:47.543Z,128.741,0.1621759533882141,0.27101829648017883,-0.9550725817680359
1616624775220,2021-03-24T22:26:47.545Z,128.78,0.1629083752632141,0.27101829648017883,-0.9567815661430359
1616624775260,2021-03-24T22:26:47.556Z,128.82,0.1629083752632141,0.27272728085517883,-0.9570257067680359
1616624775300,2021-03-24T22:26:47.559Z,128.86,0.1638849377632141,0.27150657773017883,-0.9572698473930359
1616624775339,2021-03-24T22:26:47.561Z,128.899,0.1621759533882141,0.27175071835517883,-0.9553167223930359
1616624775379,2021-03-24T22:26:47.572Z,128.939,0.1633966565132141,0.27199485898017883,-0.9582464098930359
1616624775418,2021-03-24T22:26:47.574Z,128.978,0.1636407971382141,0.27077415585517883,-0.9589788317680359
1616624775458,2021-03-24T22:26:47.576Z,129.018,0.1626642346382141,0.27297142148017883,-0.9565374255180359
1616624775497,2021-03-24T22:26:47.587Z,129.057,0.1619318127632141,0.27345970273017883,-0.9597112536430359
1616624775537,2021-03-24T22:26:47.589Z,129.097,0.1631525158882141,0.27248314023017883,-0.9560491442680359
1616624775576,2021-03-24T22:26:47.600Z,129.136,0.1629083752632141,0.27370384335517883,-0.9567815661430359
1616624775617,2021-03-24T22:26:47.602Z,129.177,0.1631525158882141,0.27419212460517883,-0.9562932848930359
1616624775657,2021-03-24T22:26:47.605Z,129.217,0.1648615002632141,0.27199485898017883,-0.9567815661430359
1616624775697,2021-03-24T22:26:47.616Z,129.257,0.1621759533882141,0.27272728085517883,-0.9597112536430359
1616624775736,2021-03-24T22:26:47.618Z,129.296,0.1629083752632141,0.27175071835517883,-0.9575139880180359
1616624775776,2021-03-24T22:26:47.621Z,129.336,0.1611993908882141,0.27199485898017883,-0.9531194567680359
1616624775815,2021-03-24T22:26:47.632Z,129.375,0.1624200940132141,0.27150657773017883,-0.9560491442680359
1616624775855,2021-03-24T22:26:47.634Z,129.415,0.1616876721382141,0.27199485898017883,-0.9594671130180359
1616624775894,2021-03-24T22:26:47.636Z,129.454,0.1624200940132141,0.27126243710517883,-0.9592229723930359
1616624775934,2021-03-24T22:26:47.647Z,129.494,0.1629083752632141,0.27419212460517883,-0.9562932848930359
1616624775973,2021-03-24T22:26:47.649Z,129.533,0.1629083752632141,0.27199485898017883,-0.9545843005180359
1616624776013,2021-03-24T22:26:47.660Z,129.573,0.1629083752632141,0.27248314023017883,-0.9589788317680359
1616624776052,2021-03-24T22:26:47.662Z,129.612,0.1624200940132141,0.27126243710517883,-0.9597112536430359
1616624776093,2021-03-24T22:26:47.665Z,129.653,0.1626642346382141,0.27419212460517883,-0.9592229723930359
1616624776133,2021-03-24T22:26:47.676Z,129.693,0.1631525158882141,0.27150657773017883,-0.9587346911430359
1616624776173,2021-03-24T22:26:47.678Z,129.733,0.1629083752632141,0.27223899960517883,-0.9545843005180359
1616624776212,2021-03-24T22:26:47.680Z,129.772,0.1626642346382141,0.27223899960517883,-0.9577581286430359
1616624776252,2021-03-24T22:26:47.706Z,129.812,0.1633966565132141,0.27297142148017883,-0.9582464098930359
1616624776291,2021-03-24T22:26:47.708Z,129.851,0.1616876721382141,0.27248314023017883,-0.9587346911430359
1616624776331,2021-03-24T22:26:47.710Z,129.891,0.1636407971382141,0.27297142148017883,-0.9572698473930359
1616624776370,2021-03-24T22:26:47.721Z,129.93,0.1621759533882141,0.27053001523017883,-0.9577581286430359
1616624776410,2021-03-24T22:26:47.723Z,129.97,0.1655939221382141,0.27077415585517883,-0.9565374255180359
1616624776449,2021-03-24T22:26:47.726Z,130.009,0.1629083752632141,0.27248314023017883,-0.9562932848930359
1616624776489,2021-03-24T22:26:47.737Z,130.049,0.1629083752632141,0.27077415585517883,-0.9555608630180359
1616624776529,2021-03-24T22:26:47.739Z,130.089,0.1643732190132141,0.27248314023017883,-0.9565374255180359
