epoch (ms),time (-07:00),elapsed (s),X-Axis (g),Y-Axis (g),Z-Axis (g)
1612464225181,2021-02-04T18:44:45.799Z,40.445,0.2299241274595261,-0.9732634425163268,-0.4064002335071564
1612464225220,2021-02-04T18:44:45.801Z,40.484,0.2306565493345261,-0.9713103175163268,-0.3988318741321564
1612464225260,2021-02-04T18:44:45.812Z,40.524,0.2357835024595261,-0.9664275050163268,-0.4002967178821564
1612464225299,2021-02-04T18:44:45.814Z,40.563,0.2379807680845261,-0.9674040675163268,-0.3988318741321564
1612464225339,2021-02-04T18:44:45.816Z,40.603,0.2377366274595261,-0.9632536768913268,-0.3919959366321564
1612464225379,2021-02-04T18:44:45.827Z,40.643,0.2289475649595261,-0.9539763331413268,-0.3941932022571564
1612464225418,2021-02-04T18:44:45.830Z,40.681999999999995,0.2365159243345261,-0.9639860987663268,-0.3954139053821564
1612464225458,2021-02-04T18:44:45.831Z,40.722,0.2392014712095261,-0.9644743800163268,-0.3885779678821564
1612464225497,2021-02-04T18:44:45.843Z,40.760999999999996,0.2462815493345261,-0.9647185206413268,-0.3878455460071564
1612464225537,2021-02-04T18:44:45.873Z,40.801,0.2360276430845261,-0.9669157862663268,-0.3998084366321564
1612464225576,2021-02-04T18:44:45.889Z,40.84,0.22308818995952606,-0.9613005518913268,-0.4103064835071564
1612464225617,2021-02-04T18:44:45.890Z,40.881,0.2343186587095261,-0.9700896143913268,-0.4068885147571564
1612464225657,2021-02-04T18:44:45.892Z,40.921,0.2374924868345261,-0.9654509425163268,-0.3983435928821564
1612464225696,2021-02-04T18:44:45.903Z,40.96,0.22211162745952606,-0.9581267237663268,-0.3939490616321564
1612464225736,2021-02-04T18:44:45.906Z,41.0,0.2365159243345261,-0.9642302393913268,-0.3995642960071564
1612464225776,2021-02-04T18:44:45.917Z,41.04,0.2357835024595261,-0.9615446925163268,-0.3998084366321564
1612464225815,2021-02-04T18:44:45.919Z,41.07899999999999,0.2348069399595261,-0.9634978175163268,-0.4000525772571564
1612464225855,2021-02-04T18:44:45.921Z,41.119,0.2269944399595261,-0.9569060206413268,-0.4012732803821564
1612464225894,2021-02-04T18:44:45.932Z,41.158,0.2338303774595261,-0.9634978175163268,-0.4107947647571564
1612464225934,2021-02-04T18:44:45.935Z,41.198,0.2279710024595261,-0.9620329737663268,-0.4024939835071564
1612464225973,2021-02-04T18:44:45.936Z,41.236999999999995,0.2338303774595261,-0.9639860987663268,-0.4042029678821564
1612464226013,2021-02-04T18:44:45.947Z,41.277,0.2372483462095261,-0.9551970362663268,-0.3971228897571564
1612464226052,2021-02-04T18:44:45.950Z,41.316,0.2340745180845261,-0.9581267237663268,-0.3998084366321564
1612464226093,2021-02-04T18:44:45.952Z,41.357,0.2365159243345261,-0.9573943018913268,-0.4002967178821564
1612464226133,2021-02-04T18:44:45.963Z,41.397,0.2296799868345261,-0.9620329737663268,-0.4007849991321564
1612464226172,2021-02-04T18:44:45.965Z,41.43600000000001,0.2328538149595261,-0.9588591456413268,-0.4000525772571564
1612464226212,2021-02-04T18:44:45.977Z,41.476000000000006,0.2433518618345261,-0.9622771143913268,-0.4049353897571564
1612464226252,2021-02-04T18:44:45.979Z,41.516000000000005,0.2328538149595261,-0.9622771143913268,-0.4015174210071564
1612464226291,2021-02-04T18:44:45.981Z,41.555,0.2394456118345261,-0.9676482081413268,-0.4112830460071564
1612464226331,2021-02-04T18:44:45.992Z,41.595,0.2294358462095261,-0.9583708643913268,-0.4012732803821564
1612464226370,2021-02-04T18:44:45.995Z,41.63399999999999,0.2399338930845261,-0.9603239893913268,-0.4034705460071564
1612464226410,2021-02-04T18:44:45.996Z,41.674,0.2265061587095261,-0.9588591456413268,-0.3963904678821564
1612464226449,2021-02-04T18:44:46.007Z,41.713,0.2448167055845261,-0.9583708643913268,-0.3961463272571564
1612464226489,2021-02-04T18:44:46.010Z,41.753,0.2382249087095261,-0.9591032862663268,-0.3946814835071564
1612464226530,2021-02-04T18:44:46.012Z,41.794,0.2348069399595261,-0.9610564112663268,-0.4029822647571564
1612464226569,2021-02-04T18:44:46.023Z,41.833,0.2309006899595261,-0.9615446925163268,-0.4081092178821564
1612464226609,2021-02-04T18:44:46.025Z,41.873000000000005,0.2382249087095261,-0.9678923487663268,-0.4059119522571564
1612464226649,2021-02-04T18:44:46.027Z,41.913000000000004,0.2340745180845261,-0.9600798487663268,-0.3976111710071564
1612464226688,2021-02-04T18:44:46.039Z,41.952,0.2382249087095261,-0.9627653956413268,-0.3968787491321564
1612464226728,2021-02-04T18:44:46.041Z,41.992,0.2382249087095261,-0.9627653956413268,-0.4000525772571564
1612464226767,2021-02-04T18:44:46.052Z,42.031000000000006,0.2350510805845261,-0.9603239893913268,-0.3968787491321564
1612464226807,2021-02-04T18:44:46.054Z,42.071000000000005,0.2311448305845261,-0.9576384425163268,-0.4002967178821564
1612464226846,2021-02-04T18:44:46.056Z,42.11,0.2348069399595261,-0.9593474268913268,-0.4027381241321564
1612464226886,2021-02-04T18:44:46.067Z,42.15,0.2448167055845261,-0.9713103175163268,-0.3988318741321564
1612464226925,2021-02-04T18:44:46.069Z,42.18899999999999,0.2326096743345261,-0.9532439112663268,-0.3951697647571564
1612464226965,2021-02-04T18:44:46.072Z,42.229,0.2284592837095261,-0.9576384425163268,-0.4049353897571564
1612464227006,2021-02-04T18:44:46.083Z,42.27,0.2411545962095261,-0.9674040675163268,-0.4039588272571564
1612464227046,2021-02-04T18:44:46.085Z,42.31,0.2326096743345261,-0.9615446925163268,-0.4020057022571564
1612464227085,2021-02-04T18:44:46.087Z,42.349,0.2360276430845261,-0.9625212550163268,-0.3983435928821564
1612464227125,2021-02-04T18:44:46.099Z,42.388999999999996,0.2352952212095261,-0.9617888331413268,-0.3990760147571564
1612464227164,2021-02-04T18:44:46.101Z,42.428000000000004,0.2445725649595261,-0.9669157862663268,-0.3973670303821564
1612464227204,2021-02-04T18:44:46.112Z,42.468,0.2289475649595261,-0.9661833643913268,-0.4024939835071564
1612464227243,2021-02-04T18:44:46.114Z,42.507,0.2257737368345261,-0.9696013331413268,-0.4054236710071564
1612464227283,2021-02-04T18:44:46.116Z,42.547,0.21478740870952606,-0.9691130518913268,-0.4046912491321564
1612464227322,2021-02-04T18:44:46.127Z,42.586000000000006,0.2348069399595261,-0.9857146143913268,-0.4005408585071564
1612464227362,2021-02-04T18:44:46.130Z,42.626000000000005,0.2467698305845261,-0.9766814112663268,-0.4156775772571564
1612464227401,2021-02-04T18:44:46.131Z,42.665,0.2548264861106873,-0.9940153956413268,-0.3980994522571564
1612464227441,2021-02-04T18:44:46.143Z,42.705,0.22015850245952606,-0.9610564112663268,-0.3846717178821564
1612464227482,2021-02-04T18:44:46.145Z,42.746,0.2367600649595261,-0.9669157862663268,-0.3834510147571564
1612464227522,2021-02-04T18:44:46.147Z,42.786,0.2663010954856873,-0.9974333643913268,-0.3673377335071564
1612464227561,2021-02-04T18:44:46.158Z,42.825,0.2326096743345261,-0.9410368800163268,-0.3490271866321564
1612464227601,2021-02-04T18:44:46.161Z,42.865,0.19476787745952606,-0.9891325831413268,-0.3895545303821564
1612464227640,2021-02-04T18:44:46.173Z,42.903999999999996,0.21039287745952606,-1.0181853771209717,-0.4027381241321564
1612464227680,2021-02-04T18:44:46.175Z,42.943999999999996,0.14960186183452606,-0.9293181300163268,-0.3663611710071564
1612464227719,2021-02-04T18:44:46.177Z,42.983000000000004,0.15594951808452606,-1.0628631114959717,-0.3995642960071564
1612464227759,2021-02-04T18:44:46.189Z,43.023,0.16742412745952606,-1.0152556896209717,-0.3180213272571564
1612464227798,2021-02-04T18:44:46.191Z,43.062,0.15668193995952606,-0.9058806300163268,-0.2948279678821564
1612464227838,2021-02-04T18:44:46.202Z,43.102,0.11884014308452605,-0.9940153956413268,-0.2857947647571564
1612464227878,2021-02-04T18:44:46.204Z,43.141999999999996,0.15155498683452606,-0.9551970362663268,-0.2709021866321564
1612464227917,2021-02-04T18:44:46.206Z,43.181000000000004,0.15717022120952606,-0.9932829737663268,-0.2811560928821564
1612464227958,2021-02-04T18:44:46.217Z,43.222,0.09735576808452606,-1.0071990489959717,-0.3927283585071564
1612464227998,2021-02-04T18:44:46.220Z,43.262,0.10467998683452606,-1.1434295177459717,-0.4320349991321564
1612464228037,2021-02-04T18:44:46.221Z,43.301,0.2516526579856873,-1.0953338146209717,-0.3475623428821564
1612464228077,2021-02-04T18:44:46.233Z,43.341,0.12860576808452606,-0.9498259425163268,-0.3910193741321564
1612464228116,2021-02-04T18:44:46.235Z,43.38,0.14740459620952606,-1.0631072521209717,-0.3927283585071564
1612464228156,2021-02-04T18:44:46.237Z,43.42,0.2365159243345261,-0.9090544581413268,-0.3978553116321564
1612464228195,2021-02-04T18:44:46.248Z,43.458999999999996,0.11688701808452605,-1.0526092052459717,-0.4442420303821564
1612464228235,2021-02-04T18:44:46.251Z,43.498999999999995,0.17352764308452606,-1.0733611583709717,-0.4188514053821564
1612464228275,2021-02-04T18:44:46.262Z,43.538999999999994,0.2633714079856873,-1.1571013927459717,-0.4369178116321564
1612464228314,2021-02-04T18:44:46.264Z,43.578,0.20868389308452606,-1.0980193614959717,-0.3983435928821564
1612464228354,2021-02-04T18:44:46.266Z,43.618,0.2577561736106873,-0.9405485987663268,-0.3810096085071564
1612464228393,2021-02-04T18:44:46.278Z,43.657,0.2741135954856873,-1.0909392833709717,-0.2691932022571564
1612464228434,2021-02-04T18:44:46.280Z,43.698,0.2870530486106873,-1.0518767833709717,-0.2694373428821564
1612464228474,2021-02-04T18:44:46.281Z,43.738,0.3004807829856873,-1.1590545177459717,-0.2787146866321564
1612464228513,2021-02-04T18:44:46.292Z,43.777,0.3854417204856873,-1.1693084239959717,-0.2779822647571564
1612464228553,2021-02-04T18:44:46.295Z,43.817,0.21112529933452606,-0.9591032862663268,-0.12051156908273696
1612464228592,2021-02-04T18:44:46.297Z,43.856,0.3734788298606873,-1.0316131114959717,0.014498197473585606
1612464228632,2021-02-04T18:44:46.338Z,43.896,0.3512620329856873,-0.9603239893913268,-0.0011268028756603599
1612464228672,2021-02-04T18:44:46.339Z,43.93600000000001,0.2482346743345261,-1.0811736583709717,0.058687649667263024
1612464228711,2021-02-04T18:44:46.341Z,43.975,0.2953538298606873,-0.9481169581413268,0.04867788404226303
1612464228751,2021-02-04T18:44:46.352Z,44.015,0.2660569548606873,-1.0472381114959717,0.08236929029226303
1612464228790,2021-02-04T18:44:46.355Z,44.053999999999995,0.2965745329856873,-0.9793669581413268,0.15317007899284366
1612464228830,2021-02-04T18:44:46.357Z,44.093999999999994,0.3007249236106873,-0.9117400050163268,0.19369742274284366
1612464228869,2021-02-04T18:44:46.368Z,44.133,0.2335862368345261,-0.9195525050163268,0.19320914149284366
1612464228910,2021-02-04T18:44:46.371Z,44.174,0.2804612517356873,-1.0379607677459717,0.21542593836784366
1612464228950,2021-02-04T18:44:46.382Z,44.214,0.2943772673606873,-0.9320036768913268,0.24057242274284366
1612464228989,2021-02-04T18:44:46.384Z,44.253,0.2506760954856873,-0.9210173487663268,0.29379507899284363
1612464229029,2021-02-04T18:44:46.386Z,44.293,0.3307542204856873,-0.9825407862663268,0.32724234461784363
1612464229068,2021-02-04T18:44:46.397Z,44.332,0.3392991423606873,-0.9014860987663268,0.35678336024284363
1612464229108,2021-02-04T18:44:46.399Z,44.372,0.2367600649595261,-0.9012419581413268,0.4031700789928436
1612464229148,2021-02-04T18:44:46.401Z,44.412,0.3685960173606873,-0.9266325831413268,0.4234337508678436
1612464229187,2021-02-04T18:44:46.414Z,44.451,0.22479717433452606,-0.8316618800163269,0.4366173446178436
1612464229227,2021-02-04T18:44:46.417Z,44.49100000000001,0.3605393767356873,-0.7955290675163269,0.4915489852428436
1612464229266,2021-02-04T18:44:46.427Z,44.53,0.3517503142356873,-0.8587614893913269,0.6138634085655212
1612464229306,2021-02-04T18:44:46.430Z,44.57,0.2577561736106873,-0.7918669581413269,0.4964317977428436
1612464229347,2021-02-04T18:44:46.431Z,44.611000000000004,0.2655686736106873,-0.7523161768913269,0.5584434866905212
1612464229386,2021-02-04T18:44:46.443Z,44.65,0.3427171111106873,-0.7694060206413269,0.5938438773155212
1612464229426,2021-02-04T18:44:46.445Z,44.69,0.21234600245952606,-0.6824919581413269,0.6294884085655212
1612464229465,2021-02-04T18:44:46.447Z,44.729,0.3312425017356873,-0.7816130518913269,0.5569786429405212
1612464229505,2021-02-04T18:44:46.458Z,44.769,0.2746018767356873,-0.7633025050163269,0.5728477835655212
1612464229545,2021-02-04T18:44:46.461Z,44.809,0.22064678370952606,-0.6807829737663269,0.6609825491905212
1612464229584,2021-02-04T18:44:46.472Z,44.848,0.3214768767356873,-0.7408415675163269,0.7139610648155212
1612464229624,2021-02-04T18:44:46.474Z,44.888000000000005,0.13617412745952606,-0.5794646143913269,0.7066368460655212
1612464229663,2021-02-04T18:44:46.476Z,44.927,0.4205979704856873,-0.8675505518913269,0.6917442679405212
1612464229703,2021-02-04T18:44:46.487Z,44.967,0.3334397673606873,-0.7574431300163269,0.6597618460655212
1612464229742,2021-02-04T18:44:46.490Z,45.006,0.2389573305845261,-0.7476775050163269,0.5679649710655212
1612464229782,2021-02-04T18:44:46.491Z,45.04600000000001,0.3283128142356873,-0.8218962550163269,0.5955528616905212
1612464229823,2021-02-04T18:44:46.502Z,45.086999999999996,0.20721904933452606,-0.6844450831413269,0.6919884085655212
1612464229862,2021-02-04T18:44:46.505Z,45.126000000000005,0.3009690642356873,-0.8040739893913269,0.6639122366905212
1612464229902,2021-02-04T18:44:46.507Z,45.166000000000004,0.19916240870952606,-0.7117888331413269,0.6895470023155212
1612464229942,2021-02-04T18:44:46.518Z,45.206,0.3295335173606873,-0.7796599268913269,0.6402305960655212
1612464229981,2021-02-04T18:44:46.520Z,45.245,0.2536057829856873,-0.7540251612663269,0.6407188773155212
1612464230021,2021-02-04T18:44:46.532Z,45.285,0.3068284392356873,-0.8182341456413269,0.6175255179405212
1612464230060,2021-02-04T18:44:46.534Z,45.324,0.2780198454856873,-0.7476775050163269,0.6731895804405212
1612464230100,2021-02-04T18:44:46.536Z,45.364,0.3368577361106873,-0.7950407862663269,0.6099571585655212
1612464230139,2021-02-04T18:44:46.547Z,45.403,0.2809495329856873,-0.7352263331413269,0.6626915335655212
1612464230179,2021-02-04T18:44:46.550Z,45.443000000000005,0.3244065642356873,-0.7662321925163269,0.6761192679405212
1612464230218,2021-02-04T18:44:46.551Z,45.482,0.2958421111106873,-0.7418181300163269,0.6714805960655212
1612464230258,2021-02-04T18:44:46.562Z,45.522,0.2960862517356873,-0.7427946925163269,0.6773399710655212
1612464230299,2021-02-04T18:44:46.564Z,45.563,0.2846116423606873,-0.7540251612663269,0.6785606741905212
1612464230339,2021-02-04T18:44:46.567Z,45.603,0.3021897673606873,-0.7271696925163269,0.6834434866905212
1612464230378,2021-02-04T18:44:46.579Z,45.641999999999996,0.2811936736106873,-0.7681853175163269,0.6631798148155212
1612464230418,2021-02-04T18:44:46.580Z,45.681999999999995,0.3053635954856873,-0.7396208643913269,0.6858848929405212
1612464230457,2021-02-04T18:44:46.582Z,45.721000000000004,0.2829026579856873,-0.7379118800163269,0.6995567679405212
1612464230497,2021-02-04T18:44:46.594Z,45.761,0.2655686736106873,-0.7344939112663269,0.6858848929405212
1612464230536,2021-02-04T18:44:46.596Z,45.8,0.3078050017356873,-0.8074919581413269,0.6260704398155212
1612464230576,2021-02-04T18:44:46.607Z,45.84,0.3017014861106873,-0.7938200831413269,0.6065391898155212
1612464230615,2021-02-04T18:44:46.609Z,45.879,0.3212327361106873,-0.8196989893913269,0.5806602835655212
1612464230655,2021-02-04T18:44:46.611Z,45.919,0.2831467986106873,-0.8011443018913269,0.6102012991905212
1612464230694,2021-02-04T18:44:46.622Z,45.958,0.2912034392356873,-0.7938200831413269,0.6165489554405212
1612464230734,2021-02-04T18:44:46.625Z,45.998000000000005,0.3139085173606873,-0.7757536768913269,0.6380333304405212
1612464230775,2021-02-04T18:44:46.627Z,46.038999999999994,0.2907151579856873,-0.7864958643913269,0.6311973929405212
1612464230815,2021-02-04T18:44:46.639Z,46.07899999999999,0.3043870329856873,-0.7984587550163269,0.6204552054405212
1612464230854,2021-02-04T18:44:46.641Z,46.118,0.2960862517356873,-0.8011443018913269,0.6150841116905212
1612464230894,2021-02-04T18:44:46.652Z,46.158,0.3043870329856873,-0.8033415675163269,0.6097130179405212
1612464230933,2021-02-04T18:44:46.655Z,46.196999999999996,0.2709397673606873,-0.8084685206413269,0.6123985648155212
1612464230973,2021-02-04T18:44:46.656Z,46.236999999999995,0.3070725798606873,-0.7894255518913269,0.6180137991905212
1612464231012,2021-02-04T18:44:46.667Z,46.276,0.2846116423606873,-0.7930876612663269,0.6341270804405212
1612464231052,2021-02-04T18:44:46.669Z,46.316,0.3014573454856873,-0.7857634425163269,0.6309532523155212
1612464231091,2021-02-04T18:44:46.672Z,46.355,0.2780198454856873,-0.8001677393913269,0.6211876273155212
1612464231131,2021-02-04T18:44:46.683Z,46.395,0.2843675017356873,-0.7923552393913269,0.6187462210655212
1612464231171,2021-02-04T18:44:46.685Z,46.435,0.2777757048606873,-0.7921110987663269,0.6170372366905212
1612464231210,2021-02-04T18:44:46.687Z,46.474,0.3031663298606873,-0.8001677393913269,0.6263145804405212
1612464231251,2021-02-04T18:44:46.699Z,46.515,0.2951096892356873,-0.7921110987663269,0.6265587210655212
1612464231291,2021-02-04T18:44:46.701Z,46.555,0.2833909392356873,-0.7806364893913269,0.6333946585655212
1612464231330,2021-02-04T18:44:46.712Z,46.593999999999994,0.3024339079856873,-0.7911345362663269,0.6294884085655212
1612464231370,2021-02-04T18:44:46.714Z,46.63399999999999,0.2785081267356873,-0.7899138331413269,0.6226524710655212
1612464231409,2021-02-04T18:44:46.716Z,46.673,0.2936448454856873,-0.8006560206413269,0.6158165335655212
1612464231449,2021-02-04T18:44:46.727Z,46.713,0.2824143767356873,-0.7862517237663269,0.6314415335655212
1612464231488,2021-02-04T18:44:46.729Z,46.751999999999995,0.3007249236106873,-0.7882048487663269,0.6185020804405212
1612464231528,2021-02-04T18:44:46.731Z,46.792,0.2946214079856873,-0.7965056300163269,0.6148399710655212
1612464231568,2021-02-04T18:44:46.743Z,46.832,0.3158616423606873,-0.8084685206413269,0.6182579398155212
1612464231607,2021-02-04T18:44:46.745Z,46.871,0.2960862517356873,-0.7716032862663269,0.6399864554405212
1612464231647,2021-02-04T18:44:46.747Z,46.911,0.2890061736106873,-0.7828337550163269,0.6404747366905212
1612464231686,2021-02-04T18:44:46.758Z,46.95,0.3065842986106873,-0.7813689112663269,0.6341270804405212
1612464231726,2021-02-04T18:44:46.761Z,46.99,0.2877854704856873,-0.7852751612663269,0.6351036429405212
1612464231767,2021-02-04T18:44:46.788Z,47.031000000000006,0.3029221892356873,-0.7847868800163269,0.6373009085655212
1612464231806,2021-02-04T18:44:46.791Z,47.07,0.2794846892356873,-0.7842985987663269,0.6341270804405212
1612464231846,2021-02-04T18:44:46.802Z,47.11,0.2960862517356873,-0.7913786768913269,0.6241173148155212
1612464231885,2021-02-04T18:44:46.805Z,47.148999999999994,0.2953538298606873,-0.7791716456413269,0.6277794241905212
1612464231925,2021-02-04T18:44:46.806Z,47.18899999999999,0.3121995329856873,-0.7904021143913269,0.6189903616905212
1612464231964,2021-02-04T18:44:46.818Z,47.228,0.2921800017356873,-0.7801482081413269,0.6275352835655212
1612464232004,2021-02-04T18:44:46.820Z,47.268,0.3012132048606873,-0.7933318018913269,0.6258262991905212
1612464232044,2021-02-04T18:44:46.822Z,47.308,0.3007249236106873,-0.7781950831413269,0.6353477835655212
1612464232083,2021-02-04T18:44:46.833Z,47.347,0.2880296111106873,-0.7860075831413269,0.6304649710655212
1612464232123,2021-02-04T18:44:46.836Z,47.387,0.3026780486106873,-0.7899138331413269,0.6253380179405212
1612464232162,2021-02-04T18:44:46.847Z,47.426,0.2885178923606873,-0.7852751612663269,0.6351036429405212
1612464232202,2021-02-04T18:44:46.849Z,47.466,0.3004807829856873,-0.7882048487663269,0.6314415335655212
1612464232243,2021-02-04T18:44:46.851Z,47.507,0.2848557829856873,-0.7811247706413269,0.6409630179405212
1612464232282,2021-02-04T18:44:46.862Z,47.54600000000001,0.2953538298606873,-0.7799040675163269,0.6412071585655212
1612464232322,2021-02-04T18:44:46.865Z,47.586000000000006,0.2902268767356873,-0.7835661768913269,0.6346153616905212
1612464232361,2021-02-04T18:44:46.866Z,47.625,0.3026780486106873,-0.7867400050163269,0.6346153616905212
1612464232401,2021-02-04T18:44:46.877Z,47.665,0.3024339079856873,-0.7823454737663269,0.6304649710655212
1612464232441,2021-02-04T18:44:46.880Z,47.705,0.2882737517356873,-0.8011443018913269,0.6128868460655212
1612464232480,2021-02-04T18:44:46.882Z,47.744,0.3036546111106873,-0.8077360987663269,0.6236290335655212
1612464232520,2021-02-04T18:44:46.893Z,47.784,0.3109788298606873,-0.7779509425163269,0.6194786429405212
1612464232559,2021-02-04T18:44:46.896Z,47.823,0.2838792204856873,-0.7950407862663269,0.6158165335655212
1612464232599,2021-02-04T18:44:46.907Z,47.863,0.2982835173606873,-0.7845427393913269,0.6224083304405212
1612464232638,2021-02-04T18:44:46.909Z,47.902,0.2787522673606873,-0.7564665675163269,0.6673302054405212
1612464232678,2021-02-04T18:44:46.911Z,47.942,0.3139085173606873,-0.7716032862663269,0.6619591116905212
1612464232719,2021-02-04T18:44:46.922Z,47.983000000000004,0.3002366423606873,-0.8341032862663269,0.5982384085655212
1612464232758,2021-02-04T18:44:46.924Z,48.022,0.3253831267356873,-0.8485075831413269,0.5503868460655212
1612464232798,2021-02-04T18:44:46.926Z,48.062,0.2675217986106873,-0.7488982081413269,0.6368126273155212
1612464232838,2021-02-04T18:44:46.937Z,48.102,0.2872971892356873,-0.7122771143913269,0.7166466116905212
1612464232877,2021-02-04T18:44:46.940Z,48.141000000000005,0.3314866423606873,-0.7967497706413269,0.6519493460655212
1612464232917,2021-02-04T18:44:46.942Z,48.181000000000004,0.2938889861106873,-0.8560759425163269,0.5415977835655212
1612464232956,2021-02-04T18:44:46.953Z,48.22,0.3136643767356873,-0.8455778956413269,0.5498985648155212
1612464232996,2021-02-04T18:44:46.955Z,48.26,0.2716721892356873,-0.7374235987663269,0.6634239554405212
1612464233035,2021-02-04T18:44:46.967Z,48.299,0.3117112517356873,-0.7569548487663269,0.6853966116905212
1612464233075,2021-02-04T18:44:46.969Z,48.339,0.3163499236106873,-0.8455778956413269,0.5904259085655212
1612464233114,2021-02-04T18:44:46.971Z,48.378,0.2760667204856873,-0.8187224268913269,0.5811485648155212
1612464233154,2021-02-04T18:44:46.982Z,48.418,0.2777757048606873,-0.7435271143913269,0.6507286429405212
1612464233195,2021-02-04T18:44:46.985Z,48.458999999999996,0.2829026579856873,-0.7298552393913269,0.6976036429405212
1612464233234,2021-02-04T18:44:46.986Z,48.498000000000005,0.2921800017356873,-0.8179900050163269,0.6226524710655212
1612464233274,2021-02-04T18:44:46.997Z,48.538000000000004,0.2802171111106873,-0.8323943018913269,0.5743126273155212
1612464233314,2021-02-04T18:44:47.000Z,48.578,0.3070725798606873,-0.8043181300163269,0.5901817679405212
1612464233353,2021-02-04T18:44:47.002Z,48.617,0.2802171111106873,-0.7537810206413269,0.6582970023155212
1612464233393,2021-02-04T18:44:47.013Z,48.657,0.2792405486106873,-0.7293669581413269,0.6968712210655212
1612464233432,2021-02-04T18:44:47.015Z,48.696000000000005,0.3024339079856873,-0.7847868800163269,0.6465782523155212
1612464233472,2021-02-04T18:44:47.017Z,48.736000000000004,0.2846116423606873,-0.8187224268913269,0.6028770804405212
1612464233511,2021-02-04T18:44:47.029Z,48.775,0.3078050017356873,-0.8109099268913269,0.5962852835655212
1612464233551,2021-02-04T18:44:47.031Z,48.815,0.2770432829856873,-0.7608610987663269,0.6460899710655212
1612464233590,2021-02-04T18:44:47.042Z,48.854,0.2968186736106873,-0.7633025050163269,0.6617149710655212
1612464233630,2021-02-04T18:44:47.044Z,48.894,0.3153733611106873,-0.8018767237663269,0.6297325491905212
1612464233671,2021-02-04T18:44:47.047Z,48.935,0.2775315642356873,-0.8040739893913269,0.6165489554405212
1612464233711,2021-02-04T18:44:47.058Z,48.975,0.2951096892356873,-0.7960173487663269,0.6104454398155212
1612464233750,2021-02-04T18:44:47.060Z,49.013999999999996,0.2980393767356873,-0.7855193018913269,0.6351036429405212
1612464233790,2021-02-04T18:44:47.062Z,49.053999999999995,0.2597092986106873,-0.7679411768913269,0.6499962210655212
1612464233829,2021-02-04T18:44:47.074Z,49.093,0.3161057829856873,-0.7867400050163269,0.6338829398155212
1612464233869,2021-02-04T18:44:47.076Z,49.133,0.2767991423606873,-0.8035857081413269,0.6133751273155212
1612464233908,2021-02-04T18:44:47.087Z,49.172,0.2975510954856873,-0.7957732081413269,0.6040977835655212
1612464233948,2021-02-04T18:44:47.089Z,49.211999999999996,0.2973069548606873,-0.8079802393913269,0.6077598929405212
1612464233987,2021-02-04T18:44:47.091Z,49.251000000000005,0.2743577361106873,-0.7620818018913269,0.6456016898155212
1612464234027,2021-02-04T18:44:47.102Z,49.291000000000004,0.3026780486106873,-0.7742888331413269,0.6580528616905212
1612464234067,2021-02-04T18:44:47.105Z,49.331,0.2824143767356873,-0.7799040675163269,0.6387657523155212
1612464234106,2021-02-04T18:44:47.106Z,49.37,0.2807053923606873,-0.7947966456413269,0.6214317679405212
1612464234147,2021-02-04T18:44:47.118Z,49.411,0.2821702361106873,-0.8013884425163269,0.6160606741905212
1612464234187,2021-02-04T18:44:47.120Z,49.451,0.3070725798606873,-0.7969939112663269,0.6182579398155212
1612464234226,2021-02-04T18:44:47.122Z,49.49,0.2870530486106873,-0.7852751612663269,0.6331505179405212
1612464234266,2021-02-04T18:44:47.133Z,49.53,0.2929124236106873,-0.7886931300163269,0.6346153616905212
1612464234305,2021-02-04T18:44:47.136Z,49.568999999999996,0.2850999236106873,-0.7789275050163269,0.6326622366905212
1612464234345,2021-02-04T18:44:47.147Z,49.608999999999995,0.2816819548606873,-0.8004118800163269,0.6182579398155212
1612464234384,2021-02-04T18:44:47.149Z,49.648,0.2789964079856873,-0.7906462550163269,0.6290001273155212
1612464234424,2021-02-04T18:44:47.151Z,49.688,0.2943772673606873,-0.7757536768913269,0.6436485648155212
1612464234464,2021-02-04T18:44:47.162Z,49.728,0.2692307829856873,-0.7884489893913269,0.6397423148155212
1612464234503,2021-02-04T18:44:47.164Z,49.766999999999996,0.2877854704856873,-0.7862517237663269,0.6297325491905212
1612464234543,2021-02-04T18:44:47.166Z,49.806999999999995,0.2738694548606873,-0.8018767237663269,0.6214317679405212
1612464234582,2021-02-04T18:44:47.178Z,49.846000000000004,0.2672776579856873,-0.7945525050163269,0.6250938773155212
1612464234622,2021-02-04T18:44:47.180Z,49.886,0.2814378142356873,-0.7764860987663269,0.6316856741905212
1612464234663,2021-02-04T18:44:47.182Z,49.927,0.2743577361106873,-0.8111540675163269,0.6238731741905212
1612464234702,2021-02-04T18:44:47.193Z,49.966,0.2787522673606873,-0.7747771143913269,0.6407188773155212
1612464234742,2021-02-04T18:44:47.196Z,50.006,0.2843675017356873,-0.7923552393913269,0.6290001273155212
1612464234781,2021-02-04T18:44:47.207Z,50.045,0.2675217986106873,-0.7908903956413269,0.6160606741905212
1612464234821,2021-02-04T18:44:47.209Z,50.085,0.2897385954856873,-0.8023650050163269,0.6182579398155212
1612464234860,2021-02-04T18:44:47.238Z,50.123999999999995,0.2848557829856873,-0.7669646143913269,0.6373009085655212
1612464234900,2021-02-04T18:44:47.240Z,50.163999999999994,0.2921800017356873,-0.7767302393913269,0.6390098929405212
1612464234940,2021-02-04T18:44:47.242Z,50.20399999999999,0.2926682829856873,-0.7601286768913269,0.6431602835655212
1612464234979,2021-02-04T18:44:47.254Z,50.243,0.2477463930845261,-0.7796599268913269,0.6619591116905212
1612464235019,2021-02-04T18:44:47.256Z,50.283,0.22406475245952606,-0.6568571925163269,0.6941856741905212
1612464235058,2021-02-04T18:44:47.267Z,50.321999999999996,0.3388108611106873,-0.7467009425163269,0.6475548148155212
1612464235098,2021-02-04T18:44:47.269Z,50.361999999999995,0.19842998683452606,-0.7596403956413269,0.6543907523155212
1612464235139,2021-02-04T18:44:47.271Z,50.403,0.22113506495952606,-0.8011443018913269,0.5877403616905212
1612464235178,2021-02-04T18:44:47.282Z,50.442,0.2570237517356873,-0.7571989893913269,0.6116661429405212
1612464235218,2021-02-04T18:44:47.285Z,50.482,0.3029221892356873,-0.7672087550163269,0.5577110648155212
1612464235257,2021-02-04T18:44:47.286Z,50.521,0.20306865870952606,-0.7864958643913269,0.5852989554405212
1612464235297,2021-02-04T18:44:47.298Z,50.56100000000001,0.2770432829856873,-0.7659880518913269,0.5760216116905212
1612464235337,2021-02-04T18:44:47.300Z,50.601000000000006,0.15863506495952606,-0.7200896143913269,0.6087364554405212
1612464235376,2021-02-04T18:44:47.302Z,50.64,0.2467698305845261,-0.7132536768913269,0.5965294241905212
1612464235416,2021-02-04T18:44:47.313Z,50.68,0.2689866423606873,-0.7913786768913269,0.4900841414928436
1612464235455,2021-02-04T18:44:47.316Z,50.718999999999994,0.3192796111106873,-0.8792693018913269,0.4605431258678436
1612464235495,2021-02-04T18:44:47.327Z,50.75899999999999,0.3114671111106873,-0.7952849268913269,0.5064415335655212
1612464235534,2021-02-04T18:44:47.329Z,50.798,0.3371018767356873,-0.8092009425163269,0.4500450789928436
1612464235574,2021-02-04T18:44:47.331Z,50.838,0.3031663298606873,-0.8890349268913269,0.4256310164928436
1612464235615,2021-02-04T18:44:47.342Z,50.879,0.3292893767356873,-0.8282439112663269,0.4229454696178436
1612464235654,2021-02-04T18:44:47.344Z,50.918,0.2804612517356873,-0.8763396143913269,0.33871695399284363
1612464235694,2021-02-04T18:44:47.346Z,50.958,0.2846116423606873,-0.8929411768913269,0.27255484461784363
1612464235734,2021-02-04T18:44:47.357Z,50.998000000000005,0.4298753142356873,-0.9969450831413268,0.20785757899284366
1612464235773,2021-02-04T18:44:47.360Z,51.037,0.3048753142356873,-1.0218474864959717,0.18686148524284366
1612464235813,2021-02-04T18:44:47.362Z,51.077,0.2892503142356873,-0.9168669581413268,0.19931265711784366
1612464235852,2021-02-04T18:44:47.373Z,51.11600000000001,0.3102464079856873,-0.9354216456413268,0.12558218836784366
1612464235892,2021-02-04T18:44:47.375Z,51.156000000000006,0.3710374236106873,-1.0728728771209717,0.07455679029226303
1612464235931,2021-02-04T18:44:47.387Z,51.195,0.3146409392356873,-1.0831267833709717,0.056490384042263024
1612464235971,2021-02-04T18:44:47.388Z,51.235,0.3085374236106873,-1.0379607677459717,0.03964468091726303
1612464236010,2021-02-04T18:44:47.391Z,51.273999999999994,0.2392014712095261,-0.9779021143913268,-0.0016150841256603599
1612464236050,2021-02-04T18:44:47.402Z,51.31399999999999,0.3014573454856873,-1.0128142833709717,-0.08608774095773697
1612464236091,2021-02-04T18:44:47.405Z,51.355,0.3183030486106873,-1.1451385021209717,-0.11245492845773697
1612464236130,2021-02-04T18:44:47.406Z,51.394,0.2650803923606873,-0.9744841456413268,-0.10464242845773697
1612464236170,2021-02-04T18:44:47.417Z,51.434,0.2462815493345261,-1.0789763927459717,-0.1810584366321564
1612464236210,2021-02-04T18:44:47.420Z,51.474,0.2767991423606873,-1.1343963146209717,-0.2020545303821564
1612464236249,2021-02-04T18:44:47.422Z,51.513000000000005,0.3078050017356873,-1.0858123302459717,-0.2110877335071564
1612464236289,2021-02-04T18:44:47.433Z,51.553000000000004,0.2252854555845261,-0.9940153956413268,-0.2315955460071564
1612464236328,2021-02-04T18:44:47.435Z,51.592,0.2584885954856873,-1.0487029552459717,-0.2530799210071564
1612464236368,2021-02-04T18:44:47.447Z,51.632,0.2714280486106873,-1.0435760021209717,-0.2833533585071564
1612464236407,2021-02-04T18:44:47.448Z,51.67100000000001,0.20673076808452606,-1.0101287364959717,-0.3084998428821564
1612464236447,2021-02-04T18:44:47.451Z,51.711000000000006,0.2719163298606873,-1.0413787364959717,-0.3480506241321564
1612464236486,2021-02-04T18:44:47.462Z,51.75,0.2509202361106873,-1.0623748302459717,-0.3570838272571564
1612464236526,2021-02-04T18:44:47.465Z,51.79,0.2562913298606873,-0.9971892237663268,-0.3756385147571564
1612464236567,2021-02-04T18:44:47.466Z,51.831,0.2421311587095261,-0.9625212550163268,-0.3927283585071564
1612464236607,2021-02-04T18:44:47.477Z,51.871,0.2428635805845261,-0.9271208643913268,-0.4112830460071564
1612464236646,2021-02-04T18:44:47.480Z,51.91,0.2658128142356873,-0.9349333643913268,-0.3976111710071564
1612464236686,2021-02-04T18:44:47.482Z,51.95,0.2587327361106873,-0.9781462550163268,-0.3897986710071564
1612464236725,2021-02-04T18:44:47.493Z,51.989,0.3410081267356873,-1.0696990489959717,-0.4232459366321564
1612464236765,2021-02-04T18:44:47.495Z,52.028999999999996,0.3070725798606873,-1.0018279552459717,-0.4190955460071564
1612464236804,2021-02-04T18:44:47.497Z,52.068000000000005,0.2736253142356873,-0.9666716456413268,-0.4342322647571564
1612464236844,2021-02-04T18:44:47.509Z,52.108000000000004,0.3034104704856873,-0.9984099268913268,-0.4645057022571564
1612464236883,2021-02-04T18:44:47.511Z,52.147,0.3007249236106873,-0.9398161768913268,-0.4645057022571564
1612464236923,2021-02-04T18:44:47.521Z,52.187,0.2440842837095261,-0.9378630518913268,-0.4896521866321564
1612464236963,2021-02-04T18:44:47.523Z,52.227,0.22211162745952606,-0.9412810206413268,-0.4835486710071564
1612464237002,2021-02-04T18:44:47.526Z,52.266000000000005,0.2294358462095261,-0.9346892237663268,-0.4708533585071564
1612464237043,2021-02-04T18:44:47.537Z,52.306999999999995,0.21576397120952606,-0.8929411768913269,-0.4669471085071564
1612464237083,2021-02-04T18:44:47.540Z,52.347,0.19818584620952606,-0.9371306300163268,-0.4703650772571564
1612464237122,2021-02-04T18:44:47.541Z,52.386,0.19769756495952606,-0.9237028956413268,-0.4837928116321564
1612464237162,2021-02-04T18:44:47.553Z,52.426,0.17377178370952606,-0.9071013331413268,-0.4972205460071564
1612464237201,2021-02-04T18:44:47.555Z,52.465,0.17230693995952606,-0.9034392237663268,-0.5318885445594788
1612464237241,2021-02-04T18:44:47.557Z,52.505,0.15643779933452606,-0.8970915675163269,-0.5355506539344788
1612464237280,2021-02-04T18:44:47.568Z,52.544,0.13837139308452606,-0.9581267237663268,-0.5448279976844788
1612464237320,2021-02-04T18:44:47.571Z,52.583999999999996,0.16937725245952606,-0.9630095362663268,-0.5064979195594788
1612464237359,2021-02-04T18:44:47.582Z,52.623000000000005,0.20428936183452606,-0.9639860987663268,-0.4710974991321564
1612464237399,2021-02-04T18:44:47.584Z,52.663000000000004,0.19867412745952606,-0.9222380518913268,-0.4430213272571564
1612464237439,2021-02-04T18:44:47.586Z,52.703,0.22357647120952606,-0.9188200831413268,-0.4291053116321564
