epoch (ms),time (-07:00),elapsed (s),X-Axis (g),Y-Axis (g),Z-Axis (g)
1614098554762,2021-02-23T16:44:05.919Z,0.047,-0.05360551178455353,0.9274680614471436,-0.1738336682319641
1614098554802,2021-02-23T16:44:05.921Z,0.087,-0.04652543365955353,0.9350364208221436,-0.1882379651069641
1614098554843,2021-02-23T16:44:05.923Z,0.128,-0.04603715240955353,0.9343039989471436,-0.1875055432319641
1614098554883,2021-02-23T16:44:05.936Z,0.168,-0.04457230865955353,0.9313743114471436,-0.1831110119819641
1614098554922,2021-02-23T16:44:05.937Z,0.207,-0.04750199615955353,0.9340598583221436,-0.1882379651069641
1614098554962,2021-02-23T16:44:05.938Z,0.247,-0.04945512115955353,0.9345481395721436,-0.1870172619819641
1614098555001,2021-02-23T16:44:05.949Z,0.286,-0.04774613678455353,0.9282004833221436,-0.1831110119819641
1614098555041,2021-02-23T16:44:05.951Z,0.326,-0.05287308990955353,0.9394309520721436,-0.1865289807319641
1614098555080,2021-02-23T16:44:05.954Z,0.365,-0.04554887115955353,0.9347922801971436,-0.1867731213569641
1614098555120,2021-02-23T16:44:05.965Z,0.405,-0.04872269928455353,0.9325950145721436,-0.1879938244819641
1614098555159,2021-02-23T16:44:05.967Z,0.444,-0.04872269928455353,0.9352805614471436,-0.1867731213569641
1614098555199,2021-02-23T16:44:05.969Z,0.484,-0.05067582428455353,0.9321067333221436,-0.1879938244819641
1614098555239,2021-02-23T16:44:05.980Z,0.524,-0.04628129303455353,0.9350364208221436,-0.1906793713569641
1614098555278,2021-02-23T16:44:05.983Z,0.563,-0.04872269928455353,0.9335715770721436,-0.1860406994819641
1614098555318,2021-02-23T16:44:05.993Z,0.603,-0.04603715240955353,0.9377219676971436,-0.1892145276069641
1614098555359,2021-02-23T16:44:05.995Z,0.644,-0.04701371490955353,0.9311301708221436,-0.1872614026069641
1614098555398,2021-02-23T16:44:05.998Z,0.683,-0.04896683990955353,0.9347922801971436,-0.1901910901069641
1614098555438,2021-02-23T16:44:06.009Z,0.723,-0.04799027740955353,0.9294211864471436,-0.1875055432319641
1614098555477,2021-02-23T16:44:06.011Z,0.762,-0.04676957428455353,0.9328391551971436,-0.1889703869819641
1614098555517,2021-02-23T16:44:06.013Z,0.802,-0.04921098053455353,0.9360129833221436,-0.1904352307319641
1614098555556,2021-02-23T16:44:06.025Z,0.841,-0.04774613678455353,0.9313743114471436,-0.1887262463569641
1614098555596,2021-02-23T16:44:06.027Z,0.881,-0.04579301178455353,0.9372336864471436,-0.1916559338569641
1614098555636,2021-02-23T16:44:06.029Z,0.921,-0.05507035553455353,0.9340598583221436,-0.1821344494819641
1614098555675,2021-02-23T16:44:06.040Z,0.96,-0.04676957428455353,0.9323508739471436,-0.1909235119819641
1614098555715,2021-02-23T16:44:06.043Z,1,-0.04554887115955353,0.9338157176971436,-0.1889703869819641
1614098555754,2021-02-23T16:44:06.054Z,1.039,-0.04628129303455353,0.9323508739471436,-0.1911676526069641
1614098555794,2021-02-23T16:44:06.056Z,1.079,-0.04774613678455353,0.9333274364471436,-0.1940973401069641
1614098555835,2021-02-23T16:44:06.058Z,1.12,-0.04799027740955353,0.9350364208221436,-0.1906793713569641
1614098555874,2021-02-23T16:44:06.069Z,1.159,-0.04847855865955353,0.9286887645721436,-0.1853082776069641
1614098555914,2021-02-23T16:44:06.071Z,1.199,-0.05043168365955353,0.9330832958221436,-0.1870172619819641
1614098555953,2021-02-23T16:44:06.073Z,1.238,-0.04774613678455353,0.9274680614471436,-0.1894586682319641
1614098555993,2021-02-23T16:44:06.084Z,1.278,-0.04872269928455353,0.9311301708221436,-0.1892145276069641
1614098556033,2021-02-23T16:44:06.087Z,1.318,-0.04847855865955353,0.9406516551971436,-0.1940973401069641
1614098556072,2021-02-23T16:44:06.089Z,1.357,-0.04750199615955353,0.9316184520721436,-0.1843317151069641
1614098556112,2021-02-23T16:44:06.100Z,1.397,-0.04676957428455353,0.9357688426971436,-0.1877496838569641
1614098556151,2021-02-23T16:44:06.102Z,1.436,-0.04628129303455353,0.9313743114471436,-0.1882379651069641
1614098556191,2021-02-23T16:44:06.130Z,1.476,-0.04701371490955353,0.9357688426971436,-0.1840875744819641
1614098556230,2021-02-23T16:44:06.133Z,1.515,-0.04921098053455353,0.9181907176971436,-0.1897028088569641
1614098556270,2021-02-23T16:44:06.144Z,1.555,-0.05848832428455353,0.9277122020721436,-0.1838434338569641
1614098556311,2021-02-23T16:44:06.146Z,1.596,-0.03920121490955353,0.9394309520721436,-0.1999567151069641
1614098556350,2021-02-23T16:44:06.148Z,1.635,-0.04774613678455353,0.9465110301971436,-0.1940973401069641
1614098556390,2021-02-23T16:44:06.160Z,1.675,-0.05140824615955353,0.9250266551971436,-0.1911676526069641
1614098556429,2021-02-23T16:44:06.162Z,1.714,-0.05384965240955353,0.9377219676971436,-0.1965387463569641
1614098556469,2021-02-23T16:44:06.164Z,1.754,-0.06263871490955353,0.9408957958221436,-0.1948297619819641
1614098556509,2021-02-23T16:44:06.175Z,1.794,-0.06190629303455353,0.9238059520721436,-0.2111871838569641
1614098556548,2021-02-23T16:44:06.178Z,1.833,-0.05409379303455353,0.9484641551971436,-0.2216852307319641
1614098556588,2021-02-23T16:44:06.189Z,1.873,-0.05677933990955353,0.8923118114471436,-0.2292535901069641
1614098556627,2021-02-23T16:44:06.190Z,1.912,-0.05922074615955353,0.9277122020721436,-0.2243707776069641
1614098556667,2021-02-23T16:44:06.193Z,1.952,-0.04847855865955353,0.9213645458221436,-0.2280328869819641
1614098556706,2021-02-23T16:44:06.204Z,1.991,-0.05922074615955353,0.9467551708221436,-0.2180231213569641
1614098556746,2021-02-23T16:44:06.206Z,2.031,-0.07045121490955353,0.9474875926971436,-0.2050836682319641
1614098556787,2021-02-23T16:44:06.208Z,2.072,-0.04701371490955353,0.9448020458221436,-0.2170465588569641
1614098556826,2021-02-23T16:44:06.219Z,2.111,-0.04432816803455353,0.9079368114471436,-0.1984918713569641
1614098556866,2021-02-23T16:44:06.222Z,2.151,-0.03724808990955353,0.9440696239471436,-0.2143610119819641
1614098556906,2021-02-23T16:44:06.224Z,2.191,-0.04554887115955353,0.9306418895721436,-0.2160699963569641
1614098556945,2021-02-23T16:44:06.235Z,2.23,-0.05238480865955353,0.9382102489471436,-0.2072809338569641
1614098556985,2021-02-23T16:44:06.237Z,2.27,-0.04628129303455353,0.9435813426971436,-0.2136285901069641
1614098557024,2021-02-23T16:44:06.248Z,2.309,-0.07093949615955353,0.8969504833221436,-0.2177789807319641
1614098557064,2021-02-23T16:44:06.250Z,2.349,-0.04164262115955353,0.9238059520721436,-0.2150934338569641
1614098557103,2021-02-23T16:44:06.253Z,2.388,-0.06190629303455353,0.9426047801971436,-0.2216852307319641
1614098557143,2021-02-23T16:44:06.263Z,2.428,-0.06166215240955353,0.9067161083221436,-0.2334039807319641
1614098557182,2021-02-23T16:44:06.266Z,2.467,-0.05336137115955353,0.9228293895721436,-0.2231500744819641
1614098557222,2021-02-23T16:44:06.268Z,2.507,-0.06141801178455353,0.9260032176971436,-0.2360895276069641
1614098557263,2021-02-23T16:44:06.279Z,2.548,-0.07069535553455353,0.9325950145721436,-0.2385309338569641
1614098557303,2021-02-23T16:44:06.281Z,2.588,-0.07362504303455353,0.9086692333221436,-0.2509821057319641
1614098557342,2021-02-23T16:44:06.284Z,2.627,-0.07313676178455353,0.9123313426971436,-0.2627008557319641
1614098557382,2021-02-23T16:44:06.295Z,2.667,-0.08436723053455353,0.9094016551971436,-0.2602594494819641
1614098557421,2021-02-23T16:44:06.297Z,2.706,-0.08461137115955353,0.8949973583221436,-0.2744196057319641
1614098557461,2021-02-23T16:44:06.299Z,2.746,-0.09706254303455353,0.9391868114471436,-0.2756403088569641
1614098557500,2021-02-23T16:44:06.310Z,2.785,-0.12220902740955353,0.8986594676971436,-0.2819879651069641
1614098557540,2021-02-23T16:44:06.313Z,2.825,-0.10511918365955353,0.8644797801971436,-0.2883356213569641
1614098557579,2021-02-23T16:44:06.323Z,2.864,-0.08094926178455353,0.9274680614471436,-0.2741754651069641
1614098557619,2021-02-23T16:44:06.326Z,2.904,-0.08754105865955353,0.9194114208221436,-0.2902887463569641
1614098557660,2021-02-23T16:44:06.328Z,2.945,-0.11757035553455353,0.9062278270721436,-0.3166559338569641
1614098557698,2021-02-23T16:44:06.339Z,2.983,-0.13661332428455353,0.9011008739471436,-0.2978571057319641
1614098557739,2021-02-23T16:44:06.341Z,3.024,-0.13417191803455353,0.8993918895721436,-0.3129938244819641
1614098557779,2021-02-23T16:44:06.343Z,3.064,-0.12635941803455353,0.8554465770721436,-0.2968805432319641
1614098557818,2021-02-23T16:44:06.355Z,3.103,-0.13050980865955353,0.9355247020721436,-0.3095758557319641
1614098557858,2021-02-23T16:44:06.357Z,3.143,-0.11781449615955353,0.8942649364471436,-0.2783258557319641
1614098557897,2021-02-23T16:44:06.359Z,3.182,-0.15907426178455353,0.9601829051971436,-0.3098199963569641
1614098557937,2021-02-23T16:44:06.370Z,3.222,-0.13636918365955353,0.8395774364471436,-0.3042047619819641
1614098557976,2021-02-23T16:44:06.373Z,3.261,-0.11537308990955353,0.9052512645721436,-0.2751520276069641
1614098558016,2021-02-23T16:44:06.383Z,3.301,-0.16395707428455353,0.9518821239471436,-0.2829645276069641
1614098558055,2021-02-23T16:44:06.385Z,3.34,-0.19203324615955353,0.8871848583221436,-0.2968805432319641
1614098558095,2021-02-23T16:44:06.388Z,3.38,-0.21205277740955353,0.9330832958221436,-0.2683160901069641
1614098558135,2021-02-23T16:44:06.399Z,3.42,-0.17591996490955353,0.8945090770721436,-0.2414606213569641
1614098558174,2021-02-23T16:44:06.401Z,3.459,-0.18446488678455353,0.9726340770721436,-0.2399957776069641
1614098558215,2021-02-23T16:44:06.403Z,3.5,-0.20887894928455353,0.9140403270721436,-0.2446344494819641
1614098558255,2021-02-23T16:44:06.415Z,3.54,-0.23280473053455353,0.8866965770721436,-0.2495172619819641
1614098558294,2021-02-23T16:44:06.417Z,3.579,-0.21205277740955353,0.8525168895721436,-0.2121637463569641
1614098558334,2021-02-23T16:44:06.419Z,3.619,-0.19008012115955353,0.8610618114471436,-0.2465875744819641
1614098558373,2021-02-23T16:44:06.430Z,3.658,-0.21229691803455353,0.9760520458221436,-0.2360895276069641
1614098558413,2021-02-23T16:44:06.433Z,3.698,-0.18031449615955353,0.8710715770721436,-0.1909235119819641
1614098558452,2021-02-23T16:44:06.443Z,3.737,-0.18422074615955353,0.7968528270721436,-0.2336481213569641
1614098558492,2021-02-23T16:44:06.446Z,3.777,-0.22596879303455353,0.8981711864471436,-0.2082574963569641
1614098558532,2021-02-23T16:44:06.448Z,3.817,-0.17787308990955353,0.8613059520721436,-0.1894586682319641
1614098558571,2021-02-23T16:44:06.460Z,3.856,-0.20668168365955353,0.9972922801971436,-0.1716364026069641
1614098558611,2021-02-23T16:44:06.462Z,3.896,-0.24476762115955353,0.9777610301971436,-0.2116754651069641
1614098558650,2021-02-23T16:44:06.464Z,3.935,-0.17762894928455353,0.9533469676971436,-0.1811578869819641
1614098558690,2021-02-23T16:44:06.475Z,3.975,-0.19618363678455353,0.8141868114471436,-0.1657770276069641
1614098558731,2021-02-23T16:44:06.478Z,4.016,-0.17714066803455353,0.8547141551971436,-0.2089899182319641
1614098558770,2021-02-23T16:44:06.488Z,4.055,-0.19813676178455353,0.9911887645721436,-0.1684625744819641
1614098558810,2021-02-23T16:44:06.490Z,4.095,-0.18324418365955353,0.9633567333221436,-0.1557672619819641
1614098558849,2021-02-23T16:44:06.493Z,4.134,-0.13978715240955353,0.9374778270721436,-0.1328180432319641
1614098558889,2021-02-23T16:44:06.504Z,4.174,-0.14051957428455353,0.9499289989471436,-0.1359918713569641
1614098558929,2021-02-23T16:44:06.506Z,4.214,-0.17543168365955353,0.9189231395721436,-0.1731012463569641
1614098558968,2021-02-23T16:44:06.508Z,4.253,-0.17738480865955353,0.9413840770721436,-0.1774957776069641
1614098559008,2021-02-23T16:44:06.519Z,4.293,-0.17836137115955353,0.8996360301971436,-0.1543024182319641
1614098559047,2021-02-23T16:44:06.522Z,4.332,-0.15150590240955353,0.9250266551971436,-0.1391656994819641
1614098559087,2021-02-23T16:44:06.524Z,4.372,-0.18251176178455353,0.9391868114471436,-0.1350153088569641
1614098559126,2021-02-23T16:44:06.535Z,4.411,-0.18446488678455353,0.9306418895721436,-0.1364801526069641
1614098559166,2021-02-23T16:44:06.537Z,4.451,-0.15126176178455353,0.9301536083221436,-0.1508844494819641
1614098559207,2021-02-23T16:44:06.549Z,4.492,-0.17762894928455353,0.9382102489471436,-0.1355035901069641
1614098559246,2021-02-23T16:44:06.551Z,4.531,-0.16737504303455353,0.9159934520721436,-0.1477106213569641
1614098559286,2021-02-23T16:44:06.580Z,4.571,-0.17347855865955353,0.9247825145721436,-0.1250055432319641
1614098559325,2021-02-23T16:44:06.582Z,4.61,-0.20643754303455353,0.9294211864471436,-0.1284235119819641
1614098559365,2021-02-23T16:44:06.593Z,4.65,-0.19545121490955353,0.9357688426971436,-0.1394098401069641
1614098559405,2021-02-23T16:44:06.595Z,4.69,-0.20204301178455353,0.9020774364471436,-0.1313531994819641
1614098559444,2021-02-23T16:44:06.598Z,4.729,-0.17299027740955353,0.9308860301971436,-0.12012273818254471
1614098559484,2021-02-23T16:44:06.609Z,4.769,-0.18324418365955353,0.9230735301971436,-0.11914617568254471
1614098559523,2021-02-23T16:44:06.611Z,4.808,-0.16957230865955353,0.9316184520721436,-0.11768133193254471
1614098559563,2021-02-23T16:44:06.614Z,4.848,-0.17933793365955353,0.9372336864471436,-0.11401922255754471
1614098559602,2021-02-23T16:44:06.625Z,4.887,-0.16664262115955353,0.9257590770721436,-0.11548406630754471
1614098559642,2021-02-23T16:44:06.628Z,4.927,-0.17250199615955353,0.9355247020721436,-0.11694891005754471
1614098559683,2021-02-23T16:44:06.638Z,4.968,-0.18373246490955353,0.9238059520721436,-0.1291559338569641
1614098559722,2021-02-23T16:44:06.641Z,5.007,-0.18592973053455353,0.9308860301971436,-0.11011297255754471
1614098559762,2021-02-23T16:44:06.643Z,5.047,-0.18104691803455353,0.9208762645721436,-0.11182195693254471
1614098559802,2021-02-23T16:44:06.654Z,5.087,-0.16639848053455353,0.9384543895721436,-0.10596258193254471
1614098559841,2021-02-23T16:44:06.656Z,5.126,-0.17665238678455353,0.9352805614471436,-0.10864812880754471
1614098559881,2021-02-23T16:44:06.659Z,5.166,-0.18324418365955353,0.9289329051971436,-0.11792547255754471
1614098559920,2021-02-23T16:44:06.670Z,5.205,-0.20106644928455353,0.9299094676971436,-0.11694891005754471
1614098559960,2021-02-23T16:44:06.672Z,5.245,-0.17640824615955353,0.9289329051971436,-0.10718328505754471
1614098559999,2021-02-23T16:44:06.674Z,5.284,-0.18129105865955353,0.9330832958221436,-0.10815984755754471
1614098560039,2021-02-23T16:44:06.685Z,5.324,-0.18275590240955353,0.9133079051971436,-0.12427312880754471
1614098560078,2021-02-23T16:44:06.688Z,5.363,-0.18007035553455353,0.9350364208221436,-0.10425359755754471
1614098560118,2021-02-23T16:44:06.698Z,5.403,-0.17445512115955353,0.9316184520721436,-0.11108953505754471
1614098560159,2021-02-23T16:44:06.700Z,5.444,-0.17811723053455353,0.9274680614471436,-0.10791570693254471
1614098560199,2021-02-23T16:44:06.703Z,5.484,-0.18788285553455353,0.9325950145721436,-0.11621648818254471
1614098560238,2021-02-23T16:44:06.714Z,5.523,-0.18788285553455353,0.9272239208221436,-0.11816961318254471
1614098560278,2021-02-23T16:44:06.716Z,5.563,-0.19716019928455353,0.9340598583221436,-0.11694891005754471
1614098560317,2021-02-23T16:44:06.718Z,5.602,-0.18470902740955353,0.9198997020721436,-0.11475164443254471
1614098560357,2021-02-23T16:44:06.730Z,5.642,-0.17372269928455353,0.9382102489471436,-0.11304266005754471
1614098560396,2021-02-23T16:44:06.732Z,5.681,-0.18055863678455353,0.9384543895721436,-0.11157781630754471
1614098560436,2021-02-23T16:44:06.734Z,5.721,-0.16981644928455353,0.9269797801971436,-0.11133367568254471
1614098560475,2021-02-23T16:44:06.745Z,5.76,-0.17982621490955353,0.9262473583221436,-0.11792547255754471
1614098560515,2021-02-23T16:44:06.748Z,5.8,-0.18568558990955353,0.9242942333221436,-0.10864812880754471
1614098560554,2021-02-23T16:44:06.758Z,5.839,-0.18470902740955353,0.9306418895721436,-0.11523992568254471
1614098560594,2021-02-23T16:44:06.760Z,5.879,-0.19960160553455353,0.9286887645721436,-0.11011297255754471
1614098560635,2021-02-23T16:44:06.763Z,5.92,-0.17640824615955353,0.9238059520721436,-0.10889226943254471
1614098560675,2021-02-23T16:44:06.774Z,5.96,-0.17054887115955353,0.9365012645721436,-0.10718328505754471
1614098560714,2021-02-23T16:44:06.776Z,5.999,-0.17128129303455353,0.9306418895721436,-0.11231023818254471
1614098560754,2021-02-23T16:44:06.778Z,6.039,-0.18592973053455353,0.9308860301971436,-0.11206609755754471
1614098560793,2021-02-23T16:44:06.790Z,6.078,-0.18348832428455353,0.9230735301971436,-0.11060125380754471
1614098560833,2021-02-23T16:44:06.792Z,6.118,-0.18348832428455353,0.9355247020721436,-0.10815984755754471
1614098560872,2021-02-23T16:44:06.794Z,6.157,-0.18568558990955353,0.9362571239471436,-0.11060125380754471
1614098560912,2021-02-23T16:44:06.805Z,6.197,-0.19227738678455353,0.9142844676971436,-0.12036687880754471
1614098560951,2021-02-23T16:44:06.808Z,6.236,-0.18324418365955353,0.9355247020721436,-0.10523016005754471
1614098560991,2021-02-23T16:44:06.819Z,6.276,-0.18446488678455353,0.9308860301971436,-0.11011297255754471
1614098561031,2021-02-23T16:44:06.821Z,6.316,-0.18348832428455353,0.9250266551971436,-0.11182195693254471
1614098561070,2021-02-23T16:44:06.823Z,6.355,-0.17982621490955353,0.9343039989471436,-0.10986883193254471
1614098561111,2021-02-23T16:44:06.834Z,6.396,-0.18031449615955353,0.9267356395721436,-0.11035711318254471
1614098561151,2021-02-23T16:44:06.837Z,6.436,-0.17714066803455353,0.9267356395721436,-0.10864812880754471
1614098561190,2021-02-23T16:44:06.839Z,6.475,-0.18080277740955353,0.9272239208221436,-0.11548406630754471
1614098561230,2021-02-23T16:44:06.850Z,6.515,-0.19178910553455353,0.9391868114471436,-0.10864812880754471
1614098561269,2021-02-23T16:44:06.852Z,6.554,-0.18251176178455353,0.9267356395721436,-0.11157781630754471
1614098561309,2021-02-23T16:44:06.863Z,6.594,-0.18910355865955353,0.9311301708221436,-0.11157781630754471
1614098561348,2021-02-23T16:44:06.865Z,6.633,-0.18446488678455353,0.9252707958221436,-0.11475164443254471
1614098561388,2021-02-23T16:44:06.868Z,6.673,-0.17811723053455353,0.9264914989471436,-0.10962469130754471
1614098561428,2021-02-23T16:44:06.878Z,6.713,-0.18470902740955353,0.9372336864471436,-0.10352117568254471
1614098561467,2021-02-23T16:44:06.881Z,6.752,-0.19056840240955353,0.9230735301971436,-0.11353094130754471
1614098561507,2021-02-23T16:44:06.883Z,6.792,-0.17543168365955353,0.9277122020721436,-0.10254461318254471
1614098561546,2021-02-23T16:44:06.894Z,6.831,-0.18690629303455353,0.9313743114471436,-0.11035711318254471
1614098561587,2021-02-23T16:44:06.896Z,6.872,-0.19325394928455353,0.9350364208221436,-0.11572820693254471
1614098561627,2021-02-23T16:44:06.899Z,6.912,-0.18153519928455353,0.9115989208221436,-0.11157781630754471
1614098561666,2021-02-23T16:44:06.910Z,6.951,-0.18617387115955353,0.9404075145721436,-0.10352117568254471
1614098561706,2021-02-23T16:44:06.912Z,6.991,-0.18300004303455353,0.9230735301971436,-0.10864812880754471
1614098561745,2021-02-23T16:44:06.924Z,7.03,-0.18934769928455353,0.9321067333221436,-0.11011297255754471
1614098561785,2021-02-23T16:44:06.925Z,7.07,-0.18177933990955353,0.9306418895721436,-0.10425359755754471
1614098561825,2021-02-23T16:44:06.928Z,7.11,-0.18300004303455353,0.9267356395721436,-0.10791570693254471
1614098561864,2021-02-23T16:44:06.938Z,7.149,-0.18934769928455353,0.9316184520721436,-0.10645086318254471
1614098561904,2021-02-23T16:44:06.941Z,7.189,-0.18788285553455353,0.9321067333221436,-0.10986883193254471
1614098561943,2021-02-23T16:44:06.943Z,7.228,-0.18788285553455353,0.9238059520721436,-0.10547430068254471
1614098561983,2021-02-23T16:44:06.954Z,7.268,-0.18177933990955353,0.9323508739471436,-0.10718328505754471
1614098562022,2021-02-23T16:44:06.956Z,7.307,-0.18617387115955353,0.9172141551971436,-0.10913641005754471
1614098562062,2021-02-23T16:44:06.959Z,7.347,-0.18690629303455353,0.9357688426971436,-0.10547430068254471
1614098562103,2021-02-23T16:44:06.970Z,7.388,-0.18837113678455353,0.9252707958221436,-0.11328680068254471
1614098562142,2021-02-23T16:44:06.972Z,7.427,-0.18519730865955353,0.9374778270721436,-0.10523016005754471
1614098562182,2021-02-23T16:44:06.974Z,7.467,-0.18300004303455353,0.9294211864471436,-0.10864812880754471
1614098562221,2021-02-23T16:44:06.985Z,7.506,-0.18470902740955353,0.9262473583221436,-0.11401922255754471
1614098562261,2021-02-23T16:44:06.988Z,7.546,-0.19032426178455353,0.9350364208221436,-0.10132391005754471
1614098562301,2021-02-23T16:44:06.998Z,7.586,-0.17152543365955353,0.9333274364471436,-0.11060125380754471
1614098562340,2021-02-23T16:44:07.000Z,7.625,-0.19056840240955353,0.9213645458221436,-0.11328680068254471
1614098562380,2021-02-23T16:44:07.029Z,7.665,-0.17762894928455353,0.9262473583221436,-0.10815984755754471
1614098562419,2021-02-23T16:44:07.031Z,7.704,-0.18617387115955353,0.9343039989471436,-0.10718328505754471
1614098562459,2021-02-23T16:44:07.034Z,7.744,-0.17738480865955353,0.9313743114471436,-0.10864812880754471
1614098562498,2021-02-23T16:44:07.045Z,7.783,-0.18495316803455353,0.9260032176971436,-0.10815984755754471
1614098562538,2021-02-23T16:44:07.047Z,7.823,-0.17323441803455353,0.9325950145721436,-0.10962469130754471
1614098562579,2021-02-23T16:44:07.049Z,7.864,-0.18592973053455353,0.9277122020721436,-0.11939031630754471
1614098562618,2021-02-23T16:44:07.060Z,7.903,-0.19032426178455353,0.9328391551971436,-0.11060125380754471
1614098562658,2021-02-23T16:44:07.063Z,7.943,-0.18275590240955353,0.9274680614471436,-0.10791570693254471
1614098562698,2021-02-23T16:44:07.074Z,7.983,-0.19349808990955353,0.9264914989471436,-0.11426336318254471
1614098562737,2021-02-23T16:44:07.076Z,8.022,-0.18763871490955353,0.9391868114471436,-0.11206609755754471
1614098562777,2021-02-23T16:44:07.079Z,8.062,-0.17347855865955353,0.9274680614471436,-0.10889226943254471
1614098562816,2021-02-23T16:44:07.089Z,8.101,-0.18495316803455353,0.9296653270721436,-0.10791570693254471
1614098562856,2021-02-23T16:44:07.091Z,8.141,-0.17909379303455353,0.9272239208221436,-0.11328680068254471
1614098562895,2021-02-23T16:44:07.093Z,8.18,-0.18153519928455353,0.9299094676971436,-0.10352117568254471
1614098562935,2021-02-23T16:44:07.105Z,8.22,-0.18885941803455353,0.9333274364471436,-0.10742742568254471
1614098562974,2021-02-23T16:44:07.107Z,8.259,-0.18202348053455353,0.9325950145721436,-0.10840398818254471
1614098563014,2021-02-23T16:44:07.109Z,8.299,-0.18104691803455353,0.9225852489471436,-0.11011297255754471
1614098563055,2021-02-23T16:44:07.120Z,8.34,-0.17836137115955353,0.9352805614471436,-0.11157781630754471
1614098563095,2021-02-23T16:44:07.123Z,8.38,-0.19032426178455353,0.9369895458221436,-0.10034734755754471
1614098563134,2021-02-23T16:44:07.133Z,8.419,-0.17274613678455353,0.9137961864471436,-0.10669500380754471
1614098563174,2021-02-23T16:44:07.135Z,8.459,-0.18397660553455353,0.9401633739471436,-0.10523016005754471
1614098563213,2021-02-23T16:44:07.138Z,8.498,-0.18446488678455353,0.9274680614471436,-0.11060125380754471
1614098563253,2021-02-23T16:44:07.149Z,8.538,-0.18226762115955353,0.9245383739471436,-0.10669500380754471
1614098563292,2021-02-23T16:44:07.151Z,8.577,-0.18397660553455353,0.9343039989471436,-0.10889226943254471
1614098563332,2021-02-23T16:44:07.153Z,8.617,-0.18519730865955353,0.9313743114471436,-0.10815984755754471
1614098563371,2021-02-23T16:44:07.164Z,8.656,-0.17250199615955353,0.9247825145721436,-0.11328680068254471
1614098563411,2021-02-23T16:44:07.168Z,8.696,-0.18300004303455353,0.9294211864471436,-0.11572820693254471
1614098563450,2021-02-23T16:44:07.179Z,8.735,-0.17884965240955353,0.9264914989471436,-0.11011297255754471
1614098563490,2021-02-23T16:44:07.181Z,8.775,-0.18251176178455353,0.9252707958221436,-0.11548406630754471
1614098563531,2021-02-23T16:44:07.184Z,8.816,-0.20155473053455353,0.9267356395721436,-0.11035711318254471
1614098563571,2021-02-23T16:44:07.195Z,8.856,-0.18959183990955353,0.9318625926971436,-0.10962469130754471
1614098563610,2021-02-23T16:44:07.197Z,8.895,-0.18324418365955353,0.9294211864471436,-0.11157781630754471
1614098563650,2021-02-23T16:44:07.199Z,8.935,-0.16664262115955353,0.9260032176971436,-0.10767156630754471
1614098563689,2021-02-23T16:44:07.210Z,8.974,-0.17616410553455353,0.9299094676971436,-0.11084539443254471
1614098563729,2021-02-23T16:44:07.213Z,9.014,-0.18983598053455353,0.9369895458221436,-0.11231023818254471
1614098563768,2021-02-23T16:44:07.224Z,9.053,-0.19520707428455353,0.9169700145721436,-0.11450750380754471
1614098563808,2021-02-23T16:44:07.226Z,9.093,-0.19105668365955353,0.9240500926971436,-0.10474187880754471
1614098563847,2021-02-23T16:44:07.228Z,9.132,-0.18910355865955353,0.9374778270721436,-0.10693914443254471
1614098563887,2021-02-23T16:44:07.239Z,9.172,-0.18641801178455353,0.9335715770721436,-0.10962469130754471
1614098563927,2021-02-23T16:44:07.242Z,9.212,-0.18617387115955353,0.9247825145721436,-0.10889226943254471
1614098563966,2021-02-23T16:44:07.243Z,9.251,-0.18690629303455353,0.9274680614471436,-0.10889226943254471
1614098564007,2021-02-23T16:44:07.255Z,9.292,-0.18324418365955353,0.9340598583221436,-0.10645086318254471
1614098564047,2021-02-23T16:44:07.257Z,9.332,-0.18617387115955353,0.9282004833221436,-0.10620672255754471
1614098564086,2021-02-23T16:44:07.259Z,9.371,-0.18861527740955353,0.9284446239471436,-0.11060125380754471
1614098564126,2021-02-23T16:44:07.270Z,9.411,-0.18373246490955353,0.9308860301971436,-0.10645086318254471
1614098564165,2021-02-23T16:44:07.273Z,9.45,-0.18934769928455353,0.9264914989471436,-0.11060125380754471
1614098564205,2021-02-23T16:44:07.284Z,9.49,-0.18617387115955353,0.9247825145721436,-0.10962469130754471
1614098564244,2021-02-23T16:44:07.286Z,9.529,-0.17372269928455353,0.9474875926971436,-0.09399969130754471
1614098564284,2021-02-23T16:44:07.288Z,9.569,-0.18153519928455353,0.9174582958221436,-0.10693914443254471
1614098564324,2021-02-23T16:44:07.299Z,9.609,-0.18251176178455353,0.9306418895721436,-0.10840398818254471
1614098564363,2021-02-23T16:44:07.301Z,9.648,-0.19130082428455353,0.9294211864471436,-0.10547430068254471
1614098564403,2021-02-23T16:44:07.303Z,9.688,-0.18837113678455353,0.9233176708221436,-0.11401922255754471
1614098564442,2021-02-23T16:44:07.314Z,9.727,-0.19252152740955353,0.9240500926971436,-0.10864812880754471
1614098564482,2021-02-23T16:44:07.318Z,9.767,-0.18495316803455353,0.9343039989471436,-0.10645086318254471
1614098564523,2021-02-23T16:44:07.328Z,9.808,-0.19203324615955353,0.9311301708221436,-0.10791570693254471
1614098564562,2021-02-23T16:44:07.330Z,9.847,-0.18153519928455353,0.9274680614471436,-0.10205633193254471
1614098564602,2021-02-23T16:44:07.333Z,9.887,-0.18397660553455353,0.9277122020721436,-0.11035711318254471
1614098564641,2021-02-23T16:44:07.344Z,9.926,-0.19105668365955353,0.9325950145721436,-0.10547430068254471
1614098564681,2021-02-23T16:44:07.346Z,9.966,-0.18422074615955353,0.9274680614471436,-0.10352117568254471
1614098564721,2021-02-23T16:44:07.348Z,10.006,-0.18251176178455353,0.9264914989471436,-0.10156805068254471
1614098564760,2021-02-23T16:44:07.359Z,10.045,-0.19178910553455353,0.9394309520721436,-0.09692937880754471
1614098564800,2021-02-23T16:44:07.363Z,10.085,-0.18348832428455353,0.9306418895721436,-0.10107976943254471
1614098564839,2021-02-23T16:44:07.374Z,10.124,-0.18324418365955353,0.9223411083221436,-0.10425359755754471
1614098564879,2021-02-23T16:44:07.375Z,10.164,-0.18812699615955353,0.9269797801971436,-0.10303289443254471
1614098564920,2021-02-23T16:44:07.378Z,10.205,-0.18983598053455353,0.9299094676971436,-0.10571844130754471
1614098564958,2021-02-23T16:44:07.389Z,10.243,-0.19252152740955353,0.9316184520721436,-0.10181219130754471
1614098564999,2021-02-23T16:44:07.391Z,10.284,-0.19423051178455353,0.9306418895721436,-0.10278875380754471
1614098565038,2021-02-23T16:44:07.393Z,10.323,-0.17933793365955353,0.9365012645721436,-0.10449773818254471
1614098565078,2021-02-23T16:44:07.404Z,10.363,-0.18788285553455353,0.9169700145721436,-0.11304266005754471
1614098565117,2021-02-23T16:44:07.407Z,10.402,-0.18397660553455353,0.9335715770721436,-0.09863836318254471
1614098565157,2021-02-23T16:44:07.409Z,10.442,-0.18177933990955353,0.9240500926971436,-0.09961492568254471
1614098565197,2021-02-23T16:44:07.420Z,10.482,-0.19593949615955353,0.9277122020721436,-0.10547430068254471
1614098565236,2021-02-23T16:44:07.422Z,10.521,-0.19374223053455353,0.9321067333221436,-0.10034734755754471
1614098565276,2021-02-23T16:44:07.433Z,10.561,-0.18544144928455353,0.9379661083221436,-0.10669500380754471
1614098565315,2021-02-23T16:44:07.435Z,10.6,-0.19300980865955353,0.9282004833221436,-0.09741766005754471
1614098565355,2021-02-23T16:44:07.438Z,10.64,-0.18715043365955353,0.9277122020721436,-0.09229070693254471
1614098565394,2021-02-23T16:44:07.449Z,10.679,-0.18617387115955353,0.9245383739471436,-0.10059148818254471
1614098565434,2021-02-23T16:44:07.451Z,10.719,-0.19423051178455353,0.9362571239471436,-0.09985906630754471
1614098565473,2021-02-23T16:44:07.453Z,10.758,-0.18910355865955353,0.9330832958221436,-0.09570867568254471
1614098565514,2021-02-23T16:44:07.495Z,10.799,-0.18983598053455353,0.9228293895721436,-0.09692937880754471
1614098565554,2021-02-23T16:44:07.497Z,10.839,-0.19105668365955353,0.9343039989471436,-0.09131414443254471
1614098565594,2021-02-23T16:44:07.509Z,10.879,-0.20082230865955353,0.9303977489471436,-0.09204656630754471
1614098565633,2021-02-23T16:44:07.511Z,10.918,-0.18446488678455353,0.9279563426971436,-0.10376531630754471
1614098565673,2021-02-23T16:44:07.513Z,10.958,-0.18788285553455353,0.9303977489471436,-0.09790594130754471
1614098565712,2021-02-23T16:44:07.524Z,10.997,-0.18592973053455353,0.9255149364471436,-0.10254461318254471
1614098565752,2021-02-23T16:44:07.526Z,11.037,-0.18446488678455353,0.9264914989471436,-0.10132391005754471
1614098565791,2021-02-23T16:44:07.529Z,11.076,-0.19349808990955353,0.9264914989471436,-0.10107976943254471
1614098565831,2021-02-23T16:44:07.540Z,11.116,-0.19569535553455353,0.9330832958221436,-0.09839422255754471
1614098565870,2021-02-23T16:44:07.542Z,11.155,-0.19740433990955353,0.9396750926971436,-0.10156805068254471
1614098565910,2021-02-23T16:44:07.544Z,11.195,-0.19398637115955353,0.9123313426971436,-0.11108953505754471
1614098565950,2021-02-23T16:44:07.556Z,11.235,-0.18959183990955353,0.9296653270721436,-0.10059148818254471
1614098565991,2021-02-23T16:44:07.558Z,11.276,-0.18910355865955353,0.9389426708221436,-0.10327703505754471
1614098566030,2021-02-23T16:44:07.569Z,11.315,-0.18544144928455353,0.9301536083221436,-0.10181219130754471
1614098566070,2021-02-23T16:44:07.571Z,11.355,-0.18568558990955353,0.9220969676971436,-0.10107976943254471
1614098566109,2021-02-23T16:44:07.573Z,11.394,-0.18568558990955353,0.9365012645721436,-0.10059148818254471
1614098566149,2021-02-23T16:44:07.584Z,11.434,-0.19471879303455353,0.9208762645721436,-0.10376531630754471
1614098566188,2021-02-23T16:44:07.586Z,11.473,-0.18568558990955353,0.9340598583221436,-0.09644109755754471
1614098566228,2021-02-23T16:44:07.589Z,11.513,-0.19398637115955353,0.9296653270721436,-0.10693914443254471
1614098566267,2021-02-23T16:44:07.601Z,11.552,-0.19496293365955353,0.9316184520721436,-0.10474187880754471
1614098566307,2021-02-23T16:44:07.603Z,11.592,-0.19398637115955353,0.9191672801971436,-0.11084539443254471
1614098566346,2021-02-23T16:44:07.613Z,11.631,-0.18837113678455353,0.9301536083221436,-0.10669500380754471
1614098566386,2021-02-23T16:44:07.616Z,11.671,-0.18763871490955353,0.9211204051971436,-0.10425359755754471
1614098566426,2021-02-23T16:44:07.618Z,11.711,-0.19154496490955353,0.9377219676971436,-0.10693914443254471
1614098566467,2021-02-23T16:44:07.629Z,11.752,-0.18641801178455353,0.9318625926971436,-0.09351141005754471
1614098566506,2021-02-23T16:44:07.631Z,11.791,-0.18666215240955353,0.9245383739471436,-0.10571844130754471
1614098566546,2021-02-23T16:44:07.633Z,11.831,-0.18373246490955353,0.9245383739471436,-0.10352117568254471
1614098566585,2021-02-23T16:44:07.645Z,11.87,-0.19520707428455353,0.9313743114471436,-0.10474187880754471
1614098566625,2021-02-23T16:44:07.647Z,11.91,-0.19520707428455353,0.9308860301971436,-0.10742742568254471
1614098566664,2021-02-23T16:44:07.649Z,11.949,-0.19618363678455353,0.9277122020721436,-0.10547430068254471
1614098566704,2021-02-23T16:44:07.660Z,11.989,-0.18715043365955353,0.9318625926971436,-0.10278875380754471
1614098566743,2021-02-23T16:44:07.663Z,12.028,-0.19154496490955353,0.9301536083221436,-0.10889226943254471
1614098566783,2021-02-23T16:44:07.674Z,12.068,-0.19398637115955353,0.9274680614471436,-0.11694891005754471
1614098566823,2021-02-23T16:44:07.676Z,12.108,-0.19374223053455353,0.9338157176971436,-0.10742742568254471
1614098566862,2021-02-23T16:44:07.678Z,12.147,-0.17982621490955353,0.9333274364471436,-0.10327703505754471
1614098566902,2021-02-23T16:44:07.689Z,12.187,-0.19325394928455353,0.9150168895721436,-0.10864812880754471
1614098566943,2021-02-23T16:44:07.691Z,12.228,-0.19935746490955353,0.9194114208221436,-0.10889226943254471
1614098566982,2021-02-23T16:44:07.693Z,12.267,-0.19642777740955353,0.9299094676971436,-0.11231023818254471
1614098567022,2021-02-23T16:44:07.704Z,12.307,-0.19032426178455353,0.9311301708221436,-0.11450750380754471
1614098567061,2021-02-23T16:44:07.707Z,12.346,-0.19886918365955353,0.9396750926971436,-0.11353094130754471
1614098567101,2021-02-23T16:44:07.709Z,12.386,-0.18226762115955353,0.9338157176971436,-0.11108953505754471
1614098567140,2021-02-23T16:44:07.720Z,12.425,-0.20277543365955353,0.9250266551971436,-0.11499578505754471
1614098567180,2021-02-23T16:44:07.723Z,12.465,-0.19227738678455353,0.9699485301971436,-0.1347711682319641
1614098567220,2021-02-23T16:44:07.734Z,12.505,-0.20936723053455353,0.9274680614471436,-0.1572321057319641
1614098567259,2021-02-23T16:44:07.736Z,12.544,-0.21522660553455353,0.8981711864471436,-0.1796930432319641
1614098567299,2021-02-23T16:44:07.738Z,12.584,-0.17469926178455353,0.8700950145721436,-0.1972711682319641
1614098567338,2021-02-23T16:44:07.750Z,12.623,-0.18666215240955353,0.8976829051971436,-0.1457574963569641
1614098567378,2021-02-23T16:44:07.752Z,12.663,-0.15883012115955353,0.9206321239471436,-0.1828668713569641
1614098567419,2021-02-23T16:44:07.754Z,12.704,-0.16566605865955353,0.8593528270721436,-0.1838434338569641
1614098567458,2021-02-23T16:44:07.765Z,12.743,-0.19886918365955353,0.9286887645721436,-0.2060602307319641
1614098567498,2021-02-23T16:44:07.768Z,12.783,-0.22010941803455353,0.9684836864471436,-0.2192438244819641
1614098567537,2021-02-23T16:44:07.778Z,12.822,-0.21009965240955353,0.8749778270721436,-0.2082574963569641
1614098567577,2021-02-23T16:44:07.783Z,12.862,-0.20375199615955353,0.9482200145721436,-0.1840875744819641
1614098567617,2021-02-23T16:44:07.783Z,12.902,-0.17738480865955353,0.9247825145721436,-0.1906793713569641
1614098567656,2021-02-23T16:44:07.794Z,12.941,-0.17201371490955353,0.8852317333221436,-0.2014215588569641
1614098567696,2021-02-23T16:44:07.796Z,12.981,-0.23549027740955353,0.9255149364471436,-0.2375543713569641
1614098567735,2021-02-23T16:44:07.798Z,13.02,-0.16517777740955353,0.8974387645721436,-0.2155817151069641
1614098567775,2021-02-23T16:44:07.810Z,13.06,-0.15492387115955353,0.9633567333221436,-0.2141168713569641
1614098567814,2021-02-23T16:44:07.813Z,13.099,-0.15638871490955353,0.9111106395721436,-0.1960504651069641
1614098567854,2021-02-23T16:44:07.824Z,13.139,-0.12709183990955353,0.8874289989471436,-0.2175348401069641
1614098567895,2021-02-23T16:44:07.826Z,13.18,-0.15321488678455353,0.9557883739471436,-0.2251031994819641
1614098567934,2021-02-23T16:44:07.828Z,13.219,-0.14613480865955353,0.9047629833221436,-0.2273004651069641
1614098567974,2021-02-23T16:44:07.839Z,13.259,-0.14174027740955353,0.9296653270721436,-0.2546442151069641
1614098568013,2021-02-23T16:44:07.841Z,13.298,-0.14857621490955353,0.9069602489471436,-0.2500055432319641
1614098568053,2021-02-23T16:44:07.844Z,13.338,-0.15931840240955353,0.8976829051971436,-0.2553766369819641
1614098568093,2021-02-23T16:44:07.854Z,13.378,-0.11805863678455353,0.9130637645721436,-0.2360895276069641
1614098568132,2021-02-23T16:44:07.857Z,13.417,-0.13221879303455353,0.9352805614471436,-0.2446344494819641
1614098568172,2021-02-23T16:44:07.859Z,13.457,-0.12880082428455353,0.9445579051971436,-0.2304742932319641
1614098568211,2021-02-23T16:44:07.870Z,13.496,-0.11683793365955353,0.9352805614471436,-0.2387750744819641
1614098568251,2021-02-23T16:44:07.873Z,13.536,-0.10145707428455353,0.9230735301971436,-0.2294977307319641
1614098568290,2021-02-23T16:44:07.885Z,13.575,-0.09022660553455353,0.9306418895721436,-0.2436578869819641
1614098568330,2021-02-23T16:44:07.887Z,13.615,-0.09803910553455353,0.9052512645721436,-0.2531793713569641
1614098568371,2021-02-23T16:44:07.888Z,13.656,-0.08998246490955353,0.9203879833221436,-0.2490289807319641
1614098568410,2021-02-23T16:44:07.899Z,13.695,-0.07655473053455353,0.9140403270721436,-0.2229059338569641
1614098568450,2021-02-23T16:44:07.902Z,13.735,-0.07069535553455353,0.9460227489471436,-0.2426813244819641
1614098568490,2021-02-23T16:44:07.904Z,13.775,-0.08070512115955353,0.9191672801971436,-0.2268121838569641
1614098568529,2021-02-23T16:44:07.915Z,13.814,-0.06678910553455353,0.9172141551971436,-0.2302301526069641
1614098568569,2021-02-23T16:44:07.918Z,13.854,-0.05726762115955353,0.9133079051971436,-0.2385309338569641
1614098568608,2021-02-23T16:44:07.959Z,13.893,-0.06410355865955353,0.9203879833221436,-0.2136285901069641
1614098568648,2021-02-23T16:44:07.961Z,13.933,-0.07289262115955353,0.9477317333221436,-0.2168024182319641
1614098568687,2021-02-23T16:44:07.964Z,13.972,-0.04310746490955353,0.9140403270721436,-0.2153375744819641
1614098568727,2021-02-23T16:44:07.975Z,14.012,-0.06532426178455353,0.9604270458221436,-0.2202203869819641
1614098568766,2021-02-23T16:44:07.977Z,14.051,-0.05262894928455353,0.9242942333221436,-0.1926324963569641
1614098568806,2021-02-23T16:44:07.979Z,14.091,-0.03798051178455353,0.9367454051971436,-0.1699274182319641
1614098568847,2021-02-23T16:44:07.991Z,14.132,-0.03846879303455353,0.9181907176971436,-0.1809137463569641
1614098568887,2021-02-23T16:44:07.993Z,14.172,-0.05775590240955353,0.9418723583221436,-0.1950739026069641
1614098568926,2021-02-23T16:44:08.004Z,14.211,-0.023332076147198677,0.9469993114471436,-0.1901910901069641
1614098568966,2021-02-23T16:44:08.006Z,14.251,0.013777299784123898,0.9120872020721436,-0.1811578869819641
1614098569005,2021-02-23T16:44:08.008Z,14.29,-0.06019730865955353,0.9184348583221436,-0.2031305432319641
1614098569045,2021-02-23T16:44:08.019Z,14.33,-0.05360551178455353,0.9487082958221436,-0.2038629651069641
1614098569084,2021-02-23T16:44:08.021Z,14.369,-0.020890669897198677,0.9499289989471436,-0.1750543713569641
1614098569124,2021-02-23T16:44:08.024Z,14.409,-0.03334183990955353,0.9328391551971436,-0.1875055432319641
1614098569163,2021-02-23T16:44:08.035Z,14.448,-0.05140824615955353,0.9282004833221436,-0.1762750744819641
1614098569203,2021-02-23T16:44:08.037Z,14.488,-0.020402388647198677,0.9504172801971436,-0.1623590588569641
1614098569242,2021-02-23T16:44:08.039Z,14.527,-0.05091996490955353,0.9357688426971436,-0.1640680432319641
1614098569282,2021-02-23T16:44:08.050Z,14.567,-0.06459183990955353,0.9469993114471436,-0.1582086682319641
1614098569323,2021-02-23T16:44:08.053Z,14.608,-0.04774613678455353,0.9399192333221436,-0.1484430432319641
1614098569363,2021-02-23T16:44:08.063Z,14.648,-0.05140824615955353,0.9430930614471436,-0.1508844494819641
1614098569402,2021-02-23T16:44:08.066Z,14.687,-0.04530473053455353,0.9338157176971436,-0.1350153088569641
1614098569442,2021-02-23T16:44:08.068Z,14.727,-0.03700394928455353,0.9426047801971436,-0.1491754651069641
1614098569481,2021-02-23T16:44:08.079Z,14.766,-0.06068558990955353,0.9369895458221436,-0.1511285901069641
1614098569521,2021-02-23T16:44:08.081Z,14.806,-0.025773482397198677,0.9443137645721436,-0.1320856213569641
1614098569560,2021-02-23T16:44:08.083Z,14.845,-0.04359574615955353,0.9430930614471436,-0.12451726943254471
1614098569600,2021-02-23T16:44:08.095Z,14.885,-0.03700394928455353,0.9343039989471436,-0.1435602307319641
1614098569639,2021-02-23T16:44:08.097Z,14.924,-0.05116410553455353,0.9526145458221436,-0.1435602307319641
1614098569679,2021-02-23T16:44:08.099Z,14.964,-0.04310746490955353,0.9382102489471436,-0.1518610119819641
1614098569719,2021-02-23T16:44:08.110Z,15.004,-0.07216019928455353,0.9457786083221436,-0.1303766369819641
1614098569758,2021-02-23T16:44:08.113Z,15.043,-0.017960982397198677,0.9428489208221436,-0.09717351943254471
1614098569799,2021-02-23T16:44:08.123Z,15.084,-0.013566450215876102,0.9235618114471436,-0.09692937880754471
1614098569839,2021-02-23T16:44:08.126Z,15.124,-0.025285201147198677,0.9521262645721436,-0.1337946057319641
1614098569878,2021-02-23T16:44:08.128Z,15.163,-0.05726762115955353,0.9577414989471436,-0.1877496838569641
1614098569918,2021-02-23T16:44:08.139Z,15.203,-0.06532426178455353,0.9218528270721436,-0.2255914807319641
1614098569957,2021-02-23T16:44:08.141Z,15.242,-0.05311723053455353,0.9223411083221436,-0.2002008557319641
1614098569997,2021-02-23T16:44:08.144Z,15.282,-0.03602738678455353,0.9570090770721436,-0.1672418713569641
1614098570036,2021-02-23T16:44:08.155Z,15.321,-0.04042191803455353,0.9386985301971436,-0.1633356213569641
1614098570076,2021-02-23T16:44:08.158Z,15.361,-0.03944535553455353,0.9303977489471436,-0.1660211682319641
1614098570116,2021-02-23T16:44:08.169Z,15.401,-0.029679732397198677,0.9159934520721436,-0.1752985119819641
1614098570155,2021-02-23T16:44:08.171Z,15.44,-0.03383012115955353,0.9435813426971436,-0.1564996838569641
1614098570195,2021-02-23T16:44:08.173Z,15.48,-0.04335160553455353,0.9438254833221436,-0.1701715588569641
1614098570234,2021-02-23T16:44:08.184Z,15.519,-0.04286332428455353,0.9328391551971436,-0.1787164807319641
1614098570275,2021-02-23T16:44:08.186Z,15.56,-0.04457230865955353,0.9286887645721436,-0.1848199963569641
1614098570315,2021-02-23T16:44:08.188Z,15.6,-0.04261918365955353,0.9438254833221436,-0.1855524182319641
1614098570354,2021-02-23T16:44:08.199Z,15.639,-0.03944535553455353,0.9345481395721436,-0.1801813244819641
1614098570394,2021-02-23T16:44:08.202Z,15.679,-0.03822465240955353,0.9345481395721436,-0.1699274182319641
1614098570433,2021-02-23T16:44:08.204Z,15.718,-0.03480668365955353,0.9250266551971436,-0.1665094494819641
1614098570473,2021-02-23T16:44:08.215Z,15.758,-0.03578324615955353,0.9394309520721436,-0.1743219494819641
1614098570512,2021-02-23T16:44:08.217Z,15.797,-0.04481644928455353,0.9423606395721436,-0.1765192151069641
1614098570552,2021-02-23T16:44:08.229Z,15.837,-0.04042191803455353,0.9296653270721436,-0.1716364026069641
1614098570592,2021-02-23T16:44:08.231Z,15.877,-0.04164262115955353,0.9345481395721436,-0.1740778088569641
1614098570631,2021-02-23T16:44:08.233Z,15.916,-0.03627152740955353,0.9367454051971436,-0.1757867932319641
1614098570671,2021-02-23T16:44:08.244Z,15.956,-0.04091019928455353,0.9416282176971436,-0.1623590588569641
1614098570710,2021-02-23T16:44:08.246Z,15.995,-0.04066605865955353,0.9286887645721436,-0.1726129651069641
1614098570751,2021-02-23T16:44:08.248Z,16.036,-0.04066605865955353,0.9401633739471436,-0.1787164807319641
1614098570791,2021-02-23T16:44:08.259Z,16.076,-0.03700394928455353,0.9377219676971436,-0.1711481213569641
1614098570830,2021-02-23T16:44:08.262Z,16.115,-0.04310746490955353,0.9335715770721436,-0.1713922619819641
1614098570870,2021-02-23T16:44:08.264Z,16.155,-0.03968949615955353,0.9384543895721436,-0.1767633557319641
1614098570909,2021-02-23T16:44:08.275Z,16.194,-0.04115433990955353,0.9372336864471436,-0.1677301526069641
1614098570949,2021-02-23T16:44:08.278Z,16.234,-0.04066605865955353,0.9374778270721436,-0.1616266369819641
1614098570989,2021-02-23T16:44:08.289Z,16.274,-0.03944535553455353,0.9386985301971436,-0.1665094494819641
1614098571028,2021-02-23T16:44:08.291Z,16.313,-0.04091019928455353,0.9313743114471436,-0.1723688244819641
1614098571068,2021-02-23T16:44:08.294Z,16.353,-0.04383988678455353,0.9177024364471436,-0.1857965588569641
1614098571107,2021-02-23T16:44:08.304Z,16.392,-0.04359574615955353,0.9240500926971436,-0.1840875744819641
1614098571147,2021-02-23T16:44:08.307Z,16.432,-0.05067582428455353,0.9511497020721436,-0.1828668713569641
1614098571188,2021-02-23T16:44:08.309Z,16.473,-0.06508012115955353,0.9345481395721436,-0.2109430432319641
1614098571227,2021-02-23T16:44:08.320Z,16.512,-0.03846879303455353,0.9211204051971436,-0.2053278088569641
1614098571267,2021-02-23T16:44:08.322Z,16.552,-0.04481644928455353,0.9621360301971436,-0.2014215588569641
1614098571306,2021-02-23T16:44:08.334Z,16.591,-0.06556840240955353,0.9318625926971436,-0.2072809338569641
1614098571346,2021-02-23T16:44:08.336Z,16.631,-0.03895707428455353,0.8937766551971436,-0.1782281994819641
1614098571386,2021-02-23T16:44:08.338Z,16.671,-0.025529341772198677,0.9484641551971436,-0.1794489026069641
1614098571425,2021-02-23T16:44:08.349Z,16.71,-0.04091019928455353,0.9345481395721436,-0.1831110119819641
1614098571465,2021-02-23T16:44:08.352Z,16.75,-0.05336137115955353,0.9140403270721436,-0.2038629651069641
1614098571504,2021-02-23T16:44:08.354Z,16.789,-0.06361527740955353,0.9653098583221436,-0.2080133557319641
1614098571544,2021-02-23T16:44:08.365Z,16.829,-0.05946488678455353,0.9260032176971436,-0.2128961682319641
1614098571583,2021-02-23T16:44:08.367Z,16.868,-0.05043168365955353,0.9455344676971436,-0.2026422619819641
1614098571623,2021-02-23T16:44:08.379Z,16.908,-0.04872269928455353,0.9045188426971436,-0.1994684338569641
1614098571664,2021-02-23T16:44:08.381Z,16.949,-0.04945512115955353,0.9406516551971436,-0.1909235119819641
1614098571703,2021-02-23T16:44:08.383Z,16.988,-0.04896683990955353,0.8979270458221436,-0.2177789807319641
1614098571743,2021-02-23T16:44:08.411Z,17.028,-0.05091996490955353,0.9482200145721436,-0.2221735119819641
1614098571783,2021-02-23T16:44:08.413Z,17.068,-0.04774613678455353,0.8471457958221436,-0.2382867932319641
1614098571822,2021-02-23T16:44:08.424Z,17.107,-0.07216019928455353,0.9489524364471436,-0.2116754651069641
1614098571862,2021-02-23T16:44:08.427Z,17.147,-0.07875199615955353,0.9333274364471436,-0.2273004651069641
1614098571901,2021-02-23T16:44:08.429Z,17.186,-0.06092973053455353,0.9426047801971436,-0.2419489026069641
1614098571941,2021-02-23T16:44:08.440Z,17.226,-0.07338090240955353,0.9228293895721436,-0.2402399182319641
1614098571980,2021-02-23T16:44:08.442Z,17.265,-0.07069535553455353,0.9203879833221436,-0.2485406994819641
1614098572020,2021-02-23T16:44:08.454Z,17.305,-0.08632035553455353,0.9294211864471436,-0.2714899182319641
1614098572059,2021-02-23T16:44:08.456Z,17.344,-0.05970902740955353,0.8456809520721436,-0.2622125744819641
1614098572099,2021-02-23T16:44:08.458Z,17.384,-0.10609574615955353,0.9003684520721436,-0.2766168713569641
1614098572140,2021-02-23T16:44:08.469Z,17.425,-0.08119340240955353,0.9772727489471436,-0.2624567151069641
1614098572179,2021-02-23T16:44:08.473Z,17.464,-0.07606644928455353,0.8713157176971436,-0.2766168713569641
1614098572219,2021-02-23T16:44:08.484Z,17.504,-0.11830277740955353,0.9164817333221436,-0.2773492932319641
1614098572259,2021-02-23T16:44:08.487Z,17.544,-0.10365433990955353,0.9340598583221436,-0.2670953869819641
1614098572298,2021-02-23T16:44:08.488Z,17.583,-0.12196488678455353,0.9103782176971436,-0.2568414807319641
1614098572338,2021-02-23T16:44:08.499Z,17.623,-0.11219926178455353,0.9201438426971436,-0.2739313244819641
1614098572377,2021-02-23T16:44:08.501Z,17.662,-0.15028519928455353,0.9823997020721436,-0.3322809338569641
1614098572417,2021-02-23T16:44:08.503Z,17.702,-0.16444535553455353,0.9374778270721436,-0.2590387463569641
1614098572456,2021-02-23T16:44:08.514Z,17.741,-0.12001176178455353,0.8259055614471436,-0.2473199963569641
1614098572496,2021-02-23T16:44:08.517Z,17.781,-0.15004105865955353,0.9836204051971436,-0.2712457776069641
1614098572535,2021-02-23T16:44:08.519Z,17.82,-0.21107621490955353,0.8991477489471436,-0.2404840588569641
1614098572575,2021-02-23T16:44:08.530Z,17.86,-0.15638871490955353,0.7648704051971436,-0.2519586682319641
1614098572616,2021-02-23T16:44:08.533Z,17.901,-0.19667191803455353,1.0949485301971436,-0.2187555432319641
1614098572656,2021-02-23T16:44:08.544Z,17.941,-0.22621293365955353,0.8818137645721436,-0.2785699963569641
1614098572695,2021-02-23T16:44:08.546Z,17.98,-0.15467973053455353,0.9692161083221436,-0.2346246838569641
1614098572735,2021-02-23T16:44:08.548Z,18.02,-0.20887894928455353,0.8520286083221436,-0.1560114026069641
1614098572774,2021-02-23T16:44:08.559Z,18.059,-0.14906449615955353,0.9064719676971436,-0.2085016369819641
1614098572814,2021-02-23T16:44:08.561Z,18.099,-0.22718949615955353,0.9626243114471436,-0.1496637463569641
1614098572853,2021-02-23T16:44:08.563Z,18.138,-0.19593949615955353,0.8156516551971436,-0.2194879651069641
1614098572893,2021-02-23T16:44:08.574Z,18.178,-0.21229691803455353,1.0239036083221436,-0.2087457776069641
1614098572932,2021-02-23T16:44:08.577Z,18.217,-0.19154496490955353,0.9338157176971436,-0.1623590588569641
1614098572972,2021-02-23T16:44:08.579Z,18.257,-0.13905473053455353,0.8620383739471436,-0.1765192151069641
1614098573012,2021-02-23T16:44:08.590Z,18.297,-0.19105668365955353,0.7990500926971436,-0.11548406630754471
1614098573051,2021-02-23T16:44:08.592Z,18.336,-0.14857621490955353,0.9767844676971436,-0.1755426526069641
1614098573092,2021-02-23T16:44:08.604Z,18.377,-0.16175980865955353,1.0558860301971436,-0.1250055432319641
1614098573132,2021-02-23T16:44:08.606Z,18.417,-0.16029496490955353,0.7829368114471436,-0.1413629651069641
1614098573171,2021-02-23T16:44:08.608Z,18.456,-0.12684769928455353,0.8525168895721436,-0.1250055432319641
1614098573211,2021-02-23T16:44:08.619Z,18.496,-0.24354691803455353,1.0199973583221436,-0.1572321057319641
1614098573250,2021-02-23T16:44:08.621Z,18.535,-0.2530684173107147,0.9098899364471436,-0.2131403088569641
1614098573290,2021-02-23T16:44:08.623Z,18.575,-0.17445512115955353,1.0119407176971436,-0.12207586318254471
1614098573329,2021-02-23T16:44:08.634Z,18.614,-0.16737504303455353,0.9142844676971436,-0.08203680068254471
1614098573369,2021-02-23T16:44:08.637Z,18.654,-0.10243363678455353,0.8676536083221436,-0.09546453505754471
1614098573408,2021-02-23T16:44:08.639Z,18.693,-0.15809769928455353,0.9318625926971436,-0.08106023818254471
1614098573448,2021-02-23T16:44:08.650Z,18.733,-0.18080277740955353,0.8910911083221436,-0.1591852307319641
1614098573488,2021-02-23T16:44:08.652Z,18.773,-0.22255082428455353,0.9743430614471436,-0.1623590588569641
1614098573527,2021-02-23T16:44:08.654Z,18.812,-0.23451371490955353,0.9784934520721436,-0.1403864026069641
1614098573568,2021-02-23T16:44:08.666Z,18.853,-0.18592973053455353,0.9074485301971436,-0.11792547255754471
1614098573608,2021-02-23T16:44:08.668Z,18.893,-0.17714066803455353,0.9242942333221436,-0.11597234755754471
1614098573647,2021-02-23T16:44:08.679Z,18.932,-0.15785355865955353,0.9032981395721436,-0.1320856213569641
1614098573687,2021-02-23T16:44:08.681Z,18.972,-0.14344926178455353,0.9440696239471436,-0.11939031630754471
1614098573726,2021-02-23T16:44:08.683Z,19.011,-0.16005082428455353,0.9592063426971436,-0.1408746838569641
1614098573766,2021-02-23T16:44:08.701Z,19.051,-0.19300980865955353,0.9225852489471436,-0.1289117932319641
1614098573805,2021-02-23T16:44:08.701Z,19.09,-0.17421098053455353,0.9477317333221436,-0.12085516005754471
1614098573845,2021-02-23T16:44:08.702Z,19.13,-0.19252152740955353,0.9313743114471436,-0.11719305068254471
1614098573885,2021-02-23T16:44:08.711Z,19.17,-0.17250199615955353,0.9211204051971436,-0.11890203505754471
1614098573924,2021-02-23T16:44:08.713Z,19.209,-0.16151566803455353,0.9242942333221436,-0.1250055432319641
1614098573964,2021-02-23T16:44:08.724Z,19.249,-0.17030473053455353,0.9389426708221436,-0.11792547255754471
1614098574003,2021-02-23T16:44:08.726Z,19.288,-0.16053910553455353,0.9172141551971436,-0.12280828505754471
1614098574044,2021-02-23T16:44:08.728Z,19.329,-0.16249223053455353,0.9469993114471436,-0.09985906630754471
1614098574084,2021-02-23T16:44:08.740Z,19.369,-0.19203324615955353,0.9289329051971436,-0.12158758193254471
1614098574123,2021-02-23T16:44:08.742Z,19.408,-0.18055863678455353,0.9255149364471436,-0.12158758193254471
1614098574163,2021-02-23T16:44:08.743Z,19.448,-0.16908402740955353,0.9338157176971436,-0.11646062880754471
1614098574202,2021-02-23T16:44:08.755Z,19.487,-0.17543168365955353,0.9260032176971436,-0.12207586318254471
1614098574242,2021-02-23T16:44:08.757Z,19.527,-0.17518754303455353,0.9391868114471436,-0.11450750380754471
1614098574282,2021-02-23T16:44:08.759Z,19.567,-0.18592973053455353,0.9318625926971436,-0.11743719130754471
1614098574321,2021-02-23T16:44:08.770Z,19.606,-0.16298051178455353,0.9394309520721436,-0.11035711318254471
1614098574361,2021-02-23T16:44:08.773Z,19.646,-0.16517777740955353,0.9201438426971436,-0.10767156630754471
1614098574400,2021-02-23T16:44:08.784Z,19.685,-0.17469926178455353,0.9233176708221436,-0.11987859755754471
1614098574440,2021-02-23T16:44:08.786Z,19.725,-0.17543168365955353,0.9440696239471436,-0.11108953505754471
1614098574479,2021-02-23T16:44:08.788Z,19.764,-0.19935746490955353,0.9198997020721436,-0.11597234755754471
1614098574520,2021-02-23T16:44:08.799Z,19.805,-0.17689652740955353,0.9345481395721436,-0.10986883193254471
1614098574560,2021-02-23T16:44:08.802Z,19.845,-0.17421098053455353,0.9306418895721436,-0.11035711318254471
1614098574599,2021-02-23T16:44:08.803Z,19.884,-0.18055863678455353,0.9247825145721436,-0.11792547255754471
1614098574639,2021-02-23T16:44:08.815Z,19.924,-0.18446488678455353,0.9365012645721436,-0.11108953505754471
1614098574679,2021-02-23T16:44:08.817Z,19.964,-0.17640824615955353,0.9355247020721436,-0.10962469130754471
1614098574718,2021-02-23T16:44:08.819Z,20.003,-0.17958207428455353,0.9230735301971436,-0.10840398818254471
1614098574758,2021-02-23T16:44:08.830Z,20.043,-0.17201371490955353,0.9343039989471436,-0.10523016005754471
1614098574797,2021-02-23T16:44:08.833Z,20.082,-0.18397660553455353,0.9245383739471436,-0.11108953505754471
1614098574837,2021-02-23T16:44:08.874Z,20.122,-0.17933793365955353,0.9260032176971436,-0.11084539443254471
1614098574876,2021-02-23T16:44:08.877Z,20.161,-0.17860551178455353,0.9238059520721436,-0.10767156630754471
1614098574916,2021-02-23T16:44:08.879Z,20.201,-0.17958207428455353,0.9333274364471436,-0.10669500380754471
1614098574955,2021-02-23T16:44:08.890Z,20.24,-0.18470902740955353,0.9233176708221436,-0.10693914443254471
1614098574996,2021-02-23T16:44:08.892Z,20.281,-0.17714066803455353,0.9347922801971436,-0.10693914443254471
1614098575036,2021-02-23T16:44:08.904Z,20.321,-0.18617387115955353,0.9372336864471436,-0.10815984755754471
1614098575075,2021-02-23T16:44:08.906Z,20.36,-0.17884965240955353,0.9262473583221436,-0.11206609755754471
1614098575115,2021-02-23T16:44:08.908Z,20.4,-0.17958207428455353,0.9399192333221436,-0.10449773818254471
1614098575155,2021-02-23T16:44:08.919Z,20.44,-0.17884965240955353,0.9267356395721436,-0.10620672255754471
1614098575194,2021-02-23T16:44:08.921Z,20.479,-0.17909379303455353,0.9252707958221436,-0.10718328505754471
1614098575234,2021-02-23T16:44:08.923Z,20.519,-0.18568558990955353,0.9289329051971436,-0.10352117568254471
1614098575273,2021-02-23T16:44:08.935Z,20.558,-0.18324418365955353,0.9328391551971436,-0.09815008193254471
1614098575313,2021-02-23T16:44:08.936Z,20.598,-0.18251176178455353,0.9357688426971436,-0.10010320693254471
1614098575352,2021-02-23T16:44:08.939Z,20.637,-0.18495316803455353,0.9474875926971436,-0.10815984755754471
1614098575392,2021-02-23T16:44:08.950Z,20.677,-0.18837113678455353,0.9159934520721436,-0.11450750380754471
1614098575431,2021-02-23T16:44:08.952Z,20.716,-0.17762894928455353,0.9213645458221436,-0.10474187880754471
1614098575472,2021-02-23T16:44:08.954Z,20.757,-0.18544144928455353,0.9377219676971436,-0.09253484755754471
1614098575512,2021-02-23T16:44:08.966Z,20.797,-0.18153519928455353,0.9191672801971436,-0.10498601943254471
1614098575552,2021-02-23T16:44:08.968Z,20.837,-0.17958207428455353,0.9269797801971436,-0.10010320693254471
1614098575591,2021-02-23T16:44:08.979Z,20.876,-0.19056840240955353,0.9562766551971436,-0.09375555068254471
1614098575631,2021-02-23T16:44:08.981Z,20.916,-0.18837113678455353,0.9279563426971436,-0.11035711318254471
1614098575670,2021-02-23T16:44:08.984Z,20.955,-0.18959183990955353,0.9301536083221436,-0.10840398818254471
1614098575710,2021-02-23T16:44:08.995Z,20.995,-0.18519730865955353,0.9352805614471436,-0.09937078505754471
1614098575749,2021-02-23T16:44:08.997Z,21.034,-0.17665238678455353,0.9067161083221436,-0.10327703505754471
1614098575789,2021-02-23T16:44:08.999Z,21.074,-0.18348832428455353,0.9374778270721436,-0.10010320693254471
1614098575828,2021-02-23T16:44:09.011Z,21.113,-0.18397660553455353,0.9291770458221436,-0.10840398818254471
1614098575868,2021-02-23T16:44:09.013Z,21.153,-0.18544144928455353,0.9233176708221436,-0.10620672255754471
1614098575908,2021-02-23T16:44:09.024Z,21.193,-0.19252152740955353,0.9299094676971436,-0.10254461318254471
1614098575949,2021-02-23T16:44:09.026Z,21.234,-0.19423051178455353,0.9340598583221436,-0.10767156630754471
1614098575988,2021-02-23T16:44:09.029Z,21.273,-0.18739457428455353,0.9506614208221436,-0.09570867568254471
1614098576028,2021-02-23T16:44:09.040Z,21.313,-0.18519730865955353,0.9045188426971436,-0.11450750380754471
1614098576067,2021-02-23T16:44:09.042Z,21.352,-0.18275590240955353,0.9308860301971436,-0.10059148818254471
1614098576107,2021-02-23T16:44:09.044Z,21.392,-0.18226762115955353,0.9389426708221436,-0.10303289443254471
1614098576146,2021-02-23T16:44:09.056Z,21.431,-0.18910355865955353,0.9164817333221436,-0.10083562880754471
1614098576186,2021-02-23T16:44:09.058Z,21.471,-0.18397660553455353,0.9235618114471436,-0.10498601943254471
1614098576225,2021-02-23T16:44:09.069Z,21.51,-0.20277543365955353,0.9384543895721436,-0.11060125380754471
1614098576265,2021-02-23T16:44:09.072Z,21.55,-0.18104691803455353,0.9330832958221436,-0.11255437880754471
1614098576304,2021-02-23T16:44:09.073Z,21.589,-0.19300980865955353,0.9184348583221436,-0.11475164443254471
1614098576344,2021-02-23T16:44:09.085Z,21.629,-0.18080277740955353,0.9291770458221436,-0.10278875380754471
1614098576384,2021-02-23T16:44:09.087Z,21.669,-0.19325394928455353,0.9318625926971436,-0.11719305068254471
1614098576425,2021-02-23T16:44:09.099Z,21.71,-0.18422074615955353,0.9426047801971436,-0.10815984755754471
1614098576464,2021-02-23T16:44:09.101Z,21.749,-0.18592973053455353,0.9025657176971436,-0.11279851943254471
1614098576504,2021-02-23T16:44:09.103Z,21.789,-0.18690629303455353,0.9474875926971436,-0.11353094130754471
1614098576543,2021-02-23T16:44:09.114Z,21.828,-0.18739457428455353,0.9306418895721436,-0.11108953505754471
1614098576583,2021-02-23T16:44:09.117Z,21.868,-0.17909379303455353,0.9238059520721436,-0.10791570693254471
1614098576622,2021-02-23T16:44:09.118Z,21.907,-0.18959183990955353,0.9308860301971436,-0.11255437880754471
1614098576662,2021-02-23T16:44:09.129Z,21.947,-0.19105668365955353,0.9311301708221436,-0.11841375380754471
1614098576701,2021-02-23T16:44:09.131Z,21.986,-0.18153519928455353,0.9184348583221436,-0.11279851943254471
1614098576741,2021-02-23T16:44:09.134Z,22.026,-0.18007035553455353,0.9423606395721436,-0.10718328505754471
1614098576781,2021-02-23T16:44:09.145Z,22.066,-0.18226762115955353,0.9242942333221436,-0.11231023818254471
1614098576820,2021-02-23T16:44:09.147Z,22.105,-0.18031449615955353,0.9338157176971436,-0.10889226943254471
1614098576860,2021-02-23T16:44:09.149Z,22.145,-0.18592973053455353,0.9257590770721436,-0.11157781630754471
1614098576899,2021-02-23T16:44:09.161Z,22.184,-0.18519730865955353,0.9340598583221436,-0.11841375380754471
1614098576940,2021-02-23T16:44:09.163Z,22.225,-0.18129105865955353,0.9318625926971436,-0.11255437880754471
1614098576980,2021-02-23T16:44:09.174Z,22.265,-0.17958207428455353,0.9296653270721436,-0.10962469130754471
1614098577019,2021-02-23T16:44:09.176Z,22.304,-0.17347855865955353,0.9184348583221436,-0.10840398818254471
1614098577059,2021-02-23T16:44:09.178Z,22.344,-0.18446488678455353,0.9487082958221436,-0.10693914443254471
1614098577098,2021-02-23T16:44:09.190Z,22.383,-0.18202348053455353,0.9228293895721436,-0.11694891005754471
1614098577138,2021-02-23T16:44:09.192Z,22.423,-0.17860551178455353,0.9208762645721436,-0.11816961318254471
1614098577178,2021-02-23T16:44:09.193Z,22.463,-0.18422074615955353,0.9382102489471436,-0.11792547255754471
1614098577217,2021-02-23T16:44:09.205Z,22.502,-0.18812699615955353,0.9233176708221436,-0.11890203505754471
1614098577257,2021-02-23T16:44:09.207Z,22.542,-0.19105668365955353,0.9277122020721436,-0.12012273818254471
1614098577296,2021-02-23T16:44:09.209Z,22.581,-0.18177933990955353,0.9308860301971436,-0.11231023818254471
1614098577336,2021-02-23T16:44:09.221Z,22.621,-0.16517777740955353,0.9316184520721436,-0.11255437880754471
1614098577375,2021-02-23T16:44:09.223Z,22.66,-0.17128129303455353,0.9345481395721436,-0.11035711318254471
1614098577416,2021-02-23T16:44:09.234Z,22.701,-0.17494340240955353,0.9269797801971436,-0.11719305068254471
1614098577456,2021-02-23T16:44:09.236Z,22.741,-0.18226762115955353,0.9250266551971436,-0.12256414443254471
1614098577495,2021-02-23T16:44:09.238Z,22.78,-0.19545121490955353,0.9306418895721436,-0.10913641005754471
1614098577535,2021-02-23T16:44:09.250Z,22.82,-0.18739457428455353,0.9269797801971436,-0.11231023818254471
1614098577575,2021-02-23T16:44:09.252Z,22.86,-0.19178910553455353,0.9242942333221436,-0.10938055068254471
1614098577614,2021-02-23T16:44:09.254Z,22.899,-0.18153519928455353,0.9352805614471436,-0.12451726943254471
1614098577654,2021-02-23T16:44:09.265Z,22.939,-0.17567582428455353,0.9313743114471436,-0.12378484755754471
1614098577693,2021-02-23T16:44:09.268Z,22.978,-0.17445512115955353,0.9174582958221436,-0.11304266005754471
1614098577733,2021-02-23T16:44:09.279Z,23.018,-0.17591996490955353,0.9306418895721436,-0.11108953505754471
1614098577772,2021-02-23T16:44:09.281Z,23.057,-0.18788285553455353,0.9401633739471436,-0.11133367568254471
1614098577812,2021-02-23T16:44:09.283Z,23.097,-0.18837113678455353,0.9103782176971436,-0.10962469130754471
1614098577851,2021-02-23T16:44:09.294Z,23.136,-0.17738480865955353,0.9430930614471436,-0.11353094130754471
1614098577892,2021-02-23T16:44:09.297Z,23.177,-0.18715043365955353,0.9279563426971436,-0.11792547255754471
1614098577932,2021-02-23T16:44:09.324Z,23.217,-0.17762894928455353,0.9308860301971436,-0.10596258193254471
1614098577971,2021-02-23T16:44:09.326Z,23.256,-0.19008012115955353,0.9279563426971436,-0.11548406630754471
1614098578011,2021-02-23T16:44:09.328Z,23.296,-0.18739457428455353,0.9347922801971436,-0.11865789443254471
1614098578051,2021-02-23T16:44:09.339Z,23.336,-0.19349808990955353,0.9228293895721436,-0.11572820693254471
1614098578090,2021-02-23T16:44:09.342Z,23.375,-0.17933793365955353,0.9247825145721436,-0.10986883193254471
1614098578130,2021-02-23T16:44:09.344Z,23.415,-0.18422074615955353,0.9321067333221436,-0.10693914443254471
1614098578169,2021-02-23T16:44:09.355Z,23.454,-0.18300004303455353,0.9260032176971436,-0.11182195693254471
1614098578209,2021-02-23T16:44:09.358Z,23.494,-0.18007035553455353,0.9328391551971436,-0.11206609755754471
1614098578248,2021-02-23T16:44:09.369Z,23.533,-0.18715043365955353,0.9343039989471436,-0.11060125380754471
1614098578288,2021-02-23T16:44:09.371Z,23.573,-0.17933793365955353,0.9194114208221436,-0.10767156630754471
1614098578327,2021-02-23T16:44:09.373Z,23.612,-0.17836137115955353,0.9301536083221436,-0.10791570693254471
1614098578368,2021-02-23T16:44:09.385Z,23.653,-0.19105668365955353,0.9247825145721436,-0.10230047255754471
1614098578408,2021-02-23T16:44:09.387Z,23.693,-0.18251176178455353,0.9340598583221436,-0.10474187880754471
1614098578448,2021-02-23T16:44:09.389Z,23.733,-0.18153519928455353,0.9289329051971436,-0.11060125380754471
1614098578487,2021-02-23T16:44:09.400Z,23.772,-0.19130082428455353,0.9220969676971436,-0.11035711318254471
1614098578527,2021-02-23T16:44:09.403Z,23.812,-0.18885941803455353,0.9272239208221436,-0.10913641005754471
1614098578566,2021-02-23T16:44:09.414Z,23.851,-0.18348832428455353,0.9347922801971436,-0.10620672255754471
1614098578606,2021-02-23T16:44:09.416Z,23.891,-0.18373246490955353,0.9352805614471436,-0.10791570693254471
1614098578645,2021-02-23T16:44:09.418Z,23.93,-0.17982621490955353,0.9360129833221436,-0.10815984755754471
1614098578685,2021-02-23T16:44:09.429Z,23.97,-0.17567582428455353,0.9257590770721436,-0.10742742568254471
1614098578724,2021-02-23T16:44:09.432Z,24.009,-0.18739457428455353,0.9365012645721436,-0.10083562880754471
1614098578764,2021-02-23T16:44:09.433Z,24.049,-0.18251176178455353,0.9242942333221436,-0.10913641005754471
1614098578804,2021-02-23T16:44:09.444Z,24.089,-0.19008012115955353,0.9255149364471436,-0.11060125380754471
1614098578845,2021-02-23T16:44:09.447Z,24.13,-0.18690629303455353,0.9238059520721436,-0.10523016005754471
1614098578884,2021-02-23T16:44:09.449Z,24.169,-0.18544144928455353,0.9325950145721436,-0.10327703505754471
1614098578924,2021-02-23T16:44:09.460Z,24.209,-0.18763871490955353,0.9262473583221436,-0.10303289443254471
1614098578963,2021-02-23T16:44:09.462Z,24.248,-0.18715043365955353,0.9330832958221436,-0.10376531630754471
1614098579003,2021-02-23T16:44:09.474Z,24.288,-0.19349808990955353,0.9250266551971436,-0.10571844130754471
1614098579042,2021-02-23T16:44:09.476Z,24.327,-0.18544144928455353,0.9289329051971436,-0.10327703505754471
1614098579082,2021-02-23T16:44:09.478Z,24.367,-0.19252152740955353,0.9282004833221436,-0.09985906630754471
1614098579121,2021-02-23T16:44:09.489Z,24.406,-0.17982621490955353,0.9372336864471436,-0.10278875380754471
1614098579161,2021-02-23T16:44:09.492Z,24.446,-0.18788285553455353,0.9201438426971436,-0.10645086318254471
1614098579200,2021-02-23T16:44:09.493Z,24.485,-0.18422074615955353,0.9296653270721436,-0.10132391005754471
1614098579240,2021-02-23T16:44:09.504Z,24.525,-0.18251176178455353,0.9325950145721436,-0.10669500380754471
1614098579280,2021-02-23T16:44:09.506Z,24.565,-0.18470902740955353,0.9308860301971436,-0.10767156630754471
1614098579319,2021-02-23T16:44:09.509Z,24.604,-0.18812699615955353,0.9323508739471436,-0.10083562880754471
1614098579360,2021-02-23T16:44:09.520Z,24.645,-0.18251176178455353,0.9177024364471436,-0.10156805068254471
1614098579400,2021-02-23T16:44:09.522Z,24.685,-0.18055863678455353,0.9257590770721436,-0.10669500380754471
1614098579439,2021-02-23T16:44:09.524Z,24.724,-0.20350785553455353,0.9438254833221436,-0.10034734755754471
1614098579479,2021-02-23T16:44:09.536Z,24.764,-0.18300004303455353,0.9296653270721436,-0.10425359755754471
1614098579518,2021-02-23T16:44:09.538Z,24.803,-0.18837113678455353,0.9198997020721436,-0.10547430068254471
1614098579558,2021-02-23T16:44:09.549Z,24.843,-0.18910355865955353,0.9369895458221436,-0.09815008193254471
1614098579597,2021-02-23T16:44:09.551Z,24.882,-0.19300980865955353,0.9284446239471436,-0.10352117568254471
1614098579637,2021-02-23T16:44:09.554Z,24.922,-0.18031449615955353,0.9330832958221436,-0.10278875380754471
1614098579677,2021-02-23T16:44:09.565Z,24.962,-0.18934769928455353,0.9189231395721436,-0.10181219130754471
1614098579716,2021-02-23T16:44:09.567Z,25.001,-0.19300980865955353,0.9394309520721436,-0.10034734755754471
1614098579756,2021-02-23T16:44:09.569Z,25.041,-0.19374223053455353,0.9308860301971436,-0.11231023818254471
1614098579795,2021-02-23T16:44:09.581Z,25.08,-0.18300004303455353,0.9372336864471436,-0.10083562880754471
1614098579836,2021-02-23T16:44:09.583Z,25.121,-0.18446488678455353,0.9235618114471436,-0.09888250380754471
1614098579876,2021-02-23T16:44:09.594Z,25.161,-0.17640824615955353,0.9299094676971436,-0.09692937880754471
1614098579915,2021-02-23T16:44:09.597Z,25.2,-0.20546098053455353,0.9189231395721436,-0.11572820693254471
1614098579955,2021-02-23T16:44:09.599Z,25.24,-0.20643754303455353,0.9035422801971436,-0.1272028088569641
1614098579994,2021-02-23T16:44:09.610Z,25.279,-0.18641801178455353,0.9487082958221436,-0.11060125380754471
1614098580034,2021-02-23T16:44:09.612Z,25.319,-0.16468949615955353,0.9574973583221436,-0.09766180068254471
1614098580074,2021-02-23T16:44:09.624Z,25.359,-0.17591996490955353,0.9111106395721436,-0.11548406630754471
1614098580113,2021-02-23T16:44:09.626Z,25.398,-0.20106644928455353,0.9162375926971436,-0.1379449963569641
1614098580153,2021-02-23T16:44:09.628Z,25.438,-0.18422074615955353,0.9330832958221436,-0.1311090588569641
1614098580192,2021-02-23T16:44:09.639Z,25.477,-0.19642777740955353,0.9494407176971436,-0.1799371838569641
1614098580232,2021-02-23T16:44:09.642Z,25.517,-0.20668168365955353,0.9086692333221436,-0.1701715588569641
1614098580271,2021-02-23T16:44:09.643Z,25.556,-0.18348832428455353,0.8805930614471436,-0.1640680432319641
1614098580312,2021-02-23T16:44:09.654Z,25.597,-0.17494340240955353,0.9306418895721436,-0.1626031994819641
1614098580352,2021-02-23T16:44:09.657Z,25.637,-0.16517777740955353,0.9103782176971436,-0.2053278088569641
1614098580391,2021-02-23T16:44:09.659Z,25.676,-0.17714066803455353,0.9030539989471436,-0.2028864026069641
1614098580431,2021-02-23T16:44:09.670Z,25.716,-0.20472855865955353,0.9262473583221436,-0.2133844494819641
1614098580471,2021-02-23T16:44:09.672Z,25.756,-0.16371293365955353,0.9086692333221436,-0.2002008557319641
1614098580510,2021-02-23T16:44:09.674Z,25.795,-0.16883988678455353,0.9345481395721436,-0.1901910901069641
1614098580550,2021-02-23T16:44:09.686Z,25.835,-0.16761918365955353,0.9037864208221436,-0.1914117932319641
1614098580589,2021-02-23T16:44:09.688Z,25.874,-0.17689652740955353,0.8949973583221436,-0.1972711682319641
1614098580629,2021-02-23T16:44:09.699Z,25.914,-0.19886918365955353,0.9545676708221436,-0.2282770276069641
1614098580668,2021-02-23T16:44:09.701Z,25.953,-0.19593949615955353,0.9072043895721436,-0.2211969494819641
1614098580708,2021-02-23T16:44:09.703Z,25.993,-0.16151566803455353,0.9299094676971436,-0.2231500744819641
1614098580747,2021-02-23T16:44:09.715Z,26.032,-0.16688676178455353,0.9521262645721436,-0.2170465588569641
1614098580788,2021-02-23T16:44:09.717Z,26.073,-0.16298051178455353,0.8928000926971436,-0.2263239026069641
1614098580828,2021-02-23T16:44:09.719Z,26.113,-0.14540238678455353,0.8674094676971436,-0.2197321057319641
1614098580867,2021-02-23T16:44:09.731Z,26.152,-0.09779496490955353,0.8959739208221436,-0.2568414807319641
1614098580907,2021-02-23T16:44:09.733Z,26.192,-0.15150590240955353,0.9345481395721436,-0.2485406994819641
1614098580947,2021-02-23T16:44:09.744Z,26.232,-0.11171098053455353,0.8864524364471436,-0.2561090588569641
1614098580986,2021-02-23T16:44:09.746Z,26.271,-0.11293168365955353,0.9975364208221436,-0.2504938244819641
1614098581026,2021-02-23T16:44:09.748Z,26.311,-0.10389848053455353,0.9328391551971436,-0.2412164807319641
1614098581065,2021-02-23T16:44:09.790Z,26.35,-0.11439652740955353,0.8881614208221436,-0.2395074963569641
1614098581105,2021-02-23T16:44:09.793Z,26.39,-0.08216996490955353,0.9062278270721436,-0.2666071057319641
1614098581144,2021-02-23T16:44:09.804Z,26.429,-0.11049027740955353,0.9728782176971436,-0.2470758557319641
1614098581184,2021-02-23T16:44:09.806Z,26.469,-0.06898637115955353,0.8884055614471436,-0.2426813244819641
1614098581225,2021-02-23T16:44:09.808Z,26.51,-0.09071488678455353,0.9216086864471436,-0.2641656994819641
1614098581264,2021-02-23T16:44:09.819Z,26.549,-0.09755082428455353,0.9284446239471436,-0.2334039807319641
1614098581304,2021-02-23T16:44:09.822Z,26.589,-0.08998246490955353,0.8971946239471436,-0.2341364026069641
1614098581344,2021-02-23T16:44:09.823Z,26.629,-0.07826371490955353,0.9523704051971436,-0.2470758557319641
1614098581383,2021-02-23T16:44:09.834Z,26.668,-0.10463090240955353,0.8786399364471436,-0.2490289807319641
1614098581423,2021-02-23T16:44:09.837Z,26.708,-0.07191605865955353,0.9391868114471436,-0.2077692151069641
1614098581462,2021-02-23T16:44:09.839Z,26.747,-0.06190629303455353,0.9360129833221436,-0.2014215588569641
1614098581502,2021-02-23T16:44:09.850Z,26.787,-0.07704301178455353,0.9277122020721436,-0.1921442151069641
1614098581541,2021-02-23T16:44:09.852Z,26.826,-0.05116410553455353,0.9557883739471436,-0.1726129651069641
1614098581581,2021-02-23T16:44:09.864Z,26.866,-0.03383012115955353,0.9198997020721436,-0.1799371838569641
1614098581620,2021-02-23T16:44:09.866Z,26.905,-0.04017777740955353,0.9518821239471436,-0.1972711682319641
1614098581660,2021-02-23T16:44:09.868Z,26.945,-0.06263871490955353,0.9467551708221436,-0.1901910901069641
1614098581700,2021-02-23T16:44:09.879Z,26.985,-0.04750199615955353,0.9303977489471436,-0.1999567151069641
1614098581741,2021-02-23T16:44:09.882Z,27.026,-0.018693404272198677,0.8842551708221436,-0.2082574963569641
1614098581780,2021-02-23T16:44:09.883Z,27.065,-0.07142777740955353,0.9545676708221436,-0.2085016369819641
1614098581820,2021-02-23T16:44:09.894Z,27.105,-0.06166215240955353,0.9015891551971436,-0.2111871838569641
1614098581859,2021-02-23T16:44:09.897Z,27.144,-0.026505904272198677,0.9948508739471436,-0.1804254651069641
1614098581899,2021-02-23T16:44:09.899Z,27.184,-0.03798051178455353,0.9084250926971436,-0.1691949963569641
1614098581938,2021-02-23T16:44:09.910Z,27.223,-0.05800004303455353,0.8949973583221436,-0.1811578869819641
1614098581978,2021-02-23T16:44:09.912Z,27.263,-0.028703169897198677,0.9880149364471436,-0.1460016369819641
1614098582017,2021-02-23T16:44:09.924Z,27.302,-0.06141801178455353,0.9225852489471436,-0.1533258557319641
1614098582057,2021-02-23T16:44:09.926Z,27.342,-0.04750199615955353,0.9467551708221436,-0.1628473401069641
1614098582096,2021-02-23T16:44:09.928Z,27.381,-0.04921098053455353,0.9230735301971436,-0.1635797619819641
1614098582136,2021-02-23T16:44:09.939Z,27.421,-0.04921098053455353,0.9374778270721436,-0.1679742932319641
1614098582176,2021-02-23T16:44:09.943Z,27.461,-0.05653519928455353,0.9499289989471436,-0.1626031994819641
1614098582217,2021-02-23T16:44:09.954Z,27.502,-0.05507035553455353,0.9250266551971436,-0.1445367932319641
1614098582256,2021-02-23T16:44:09.956Z,27.541,-0.03163285553455353,0.9435813426971436,-0.1308649182319641
1614098582296,2021-02-23T16:44:09.958Z,27.581,-0.04432816803455353,0.9369895458221436,-0.1533258557319641
1614098582335,2021-02-23T16:44:09.969Z,27.62,-0.06239457428455353,0.9545676708221436,-0.1389215588569641
1614098582375,2021-02-23T16:44:09.971Z,27.66,-0.05336137115955353,0.9233176708221436,-0.1467340588569641
1614098582414,2021-02-23T16:44:09.974Z,27.699,-0.05604691803455353,0.9594504833221436,-0.1394098401069641
1614098582454,2021-02-23T16:44:09.984Z,27.739,-0.04725785553455353,0.9521262645721436,-0.11987859755754471
1614098582493,2021-02-23T16:44:09.987Z,27.778,-0.03383012115955353,0.9394309520721436,-0.10498601943254471
1614098582533,2021-02-23T16:44:09.989Z,27.818,-0.030168013647198677,0.9274680614471436,-0.1259821057319641
1614098582573,2021-02-23T16:44:10.000Z,27.858,-0.03773637115955353,0.9208762645721436,-0.1523492932319641
1614098582614,2021-02-23T16:44:10.003Z,27.899,-0.06263871490955353,0.9360129833221436,-0.1828668713569641
1614098582652,2021-02-23T16:44:10.015Z,27.937,-0.04774613678455353,0.9426047801971436,-0.1816461682319641
1614098582693,2021-02-23T16:44:10.017Z,27.978,-0.05580277740955353,0.9438254833221436,-0.1591852307319641
1614098582732,2021-02-23T16:44:10.018Z,28.017,-0.04237504303455353,0.9189231395721436,-0.1384332776069641
1614098582772,2021-02-23T16:44:10.030Z,28.057,-0.04042191803455353,0.9553000926971436,-0.1428278088569641
1614098582811,2021-02-23T16:44:10.032Z,28.096,-0.05360551178455353,0.9489524364471436,-0.1562555432319641
1614098582851,2021-02-23T16:44:10.034Z,28.136,-0.05531449615955353,0.9374778270721436,-0.1679742932319641
1614098582890,2021-02-23T16:44:10.045Z,28.175,-0.04969926178455353,0.9382102489471436,-0.1569879651069641
1614098582930,2021-02-23T16:44:10.047Z,28.215,-0.04896683990955353,0.9125754833221436,-0.1716364026069641
1614098582970,2021-02-23T16:44:10.059Z,28.255,-0.05409379303455353,0.9545676708221436,-0.1728571057319641
1614098583009,2021-02-23T16:44:10.061Z,28.294,-0.04603715240955353,0.9367454051971436,-0.1679742932319641
1614098583049,2021-02-23T16:44:10.063Z,28.334,-0.04408402740955353,0.9360129833221436,-0.1709039807319641
1614098583088,2021-02-23T16:44:10.074Z,28.373,-0.05604691803455353,0.9430930614471436,-0.1540582776069641
1614098583128,2021-02-23T16:44:10.077Z,28.413,-0.04872269928455353,0.9303977489471436,-0.1623590588569641
1614098583169,2021-02-23T16:44:10.078Z,28.454,-0.04554887115955353,0.9360129833221436,-0.1669977307319641
1614098583208,2021-02-23T16:44:10.089Z,28.493,-0.05018754303455353,0.9382102489471436,-0.1733453869819641
1614098583248,2021-02-23T16:44:10.092Z,28.533,-0.04579301178455353,0.9377219676971436,-0.1696832776069641
1614098583287,2021-02-23T16:44:10.104Z,28.572,-0.04823441803455353,0.9330832958221436,-0.1755426526069641
1614098583327,2021-02-23T16:44:10.106Z,28.612,-0.04359574615955353,0.9365012645721436,-0.1674860119819641
1614098583367,2021-02-23T16:44:10.108Z,28.652,-0.04457230865955353,0.9347922801971436,-0.1667535901069641
1614098583406,2021-02-23T16:44:10.119Z,28.691,-0.05165238678455353,0.9343039989471436,-0.1694391369819641
1614098583446,2021-02-23T16:44:10.122Z,28.731,-0.04261918365955353,0.9365012645721436,-0.1623590588569641
1614098583485,2021-02-23T16:44:10.123Z,28.77,-0.04335160553455353,0.9345481395721436,-0.1652887463569641
1614098583525,2021-02-23T16:44:10.134Z,28.81,-0.04310746490955353,0.9433372020721436,-0.1687067151069641
1614098583564,2021-02-23T16:44:10.138Z,28.849,-0.04530473053455353,0.9301536083221436,-0.1677301526069641
1614098583604,2021-02-23T16:44:10.149Z,28.889,-0.04603715240955353,0.9421164989471436,-0.1738336682319641
1614098583645,2021-02-23T16:44:10.151Z,28.93,-0.04506058990955353,0.9365012645721436,-0.1699274182319641
1614098583684,2021-02-23T16:44:10.153Z,28.969,-0.04335160553455353,0.9338157176971436,-0.1743219494819641
1614098583724,2021-02-23T16:44:10.165Z,29.009,-0.04408402740955353,0.9416282176971436,-0.1728571057319641
1614098583763,2021-02-23T16:44:10.167Z,29.048,-0.04481644928455353,0.9333274364471436,-0.1696832776069641
1614098583803,2021-02-23T16:44:10.168Z,29.088,-0.04188676178455353,0.9365012645721436,-0.1704156994819641
1614098583843,2021-02-23T16:44:10.180Z,29.128,-0.04872269928455353,0.9401633739471436,-0.1596735119819641
1614098583882,2021-02-23T16:44:10.182Z,29.167,-0.04603715240955353,0.9306418895721436,-0.1728571057319641
1614098583922,2021-02-23T16:44:10.184Z,29.207,-0.04359574615955353,0.9338157176971436,-0.1709039807319641
1614098583961,2021-02-23T16:44:10.195Z,29.246,-0.04530473053455353,0.9386985301971436,-0.1679742932319641
1614098584001,2021-02-23T16:44:10.197Z,29.286,-0.04310746490955353,0.9338157176971436,-0.1738336682319641
1614098584040,2021-02-23T16:44:10.209Z,29.325,-0.04115433990955353,0.9325950145721436,-0.1716364026069641
1614098584080,2021-02-23T16:44:10.211Z,29.365,-0.04896683990955353,0.9443137645721436,-0.1689508557319641
1614098584121,2021-02-23T16:44:10.213Z,29.406,-0.04335160553455353,0.9372336864471436,-0.1713922619819641
1614098584160,2021-02-23T16:44:10.255Z,29.445,-0.04457230865955353,0.9367454051971436,-0.1752985119819641
1614098584200,2021-02-23T16:44:10.257Z,29.485,-0.04310746490955353,0.9325950145721436,-0.1704156994819641
1614098584240,2021-02-23T16:44:10.259Z,29.525,-0.04847855865955353,0.9352805614471436,-0.1694391369819641
1614098584279,2021-02-23T16:44:10.271Z,29.564,-0.04676957428455353,0.9357688426971436,-0.1655328869819641
1614098584319,2021-02-23T16:44:10.274Z,29.604,-0.04847855865955353,0.9394309520721436,-0.1721246838569641
1614098584358,2021-02-23T16:44:10.284Z,29.643,-0.04066605865955353,0.9321067333221436,-0.1687067151069641
1614098584398,2021-02-23T16:44:10.286Z,29.683,-0.04286332428455353,0.9369895458221436,-0.1718805432319641
1614098584437,2021-02-23T16:44:10.288Z,29.722,-0.04628129303455353,0.9365012645721436,-0.1709039807319641
1614098584477,2021-02-23T16:44:10.300Z,29.762,-0.04579301178455353,0.9379661083221436,-0.1711481213569641
1614098584516,2021-02-23T16:44:10.302Z,29.801,-0.04310746490955353,0.9316184520721436,-0.1740778088569641
1614098584557,2021-02-23T16:44:10.304Z,29.842,-0.04774613678455353,0.9452903270721436,-0.1630914807319641
1614098584597,2021-02-23T16:44:10.315Z,29.882,-0.04139848053455353,0.9321067333221436,-0.1706598401069641
1614098584637,2021-02-23T16:44:10.317Z,29.922,-0.04383988678455353,0.9333274364471436,-0.1691949963569641
1614098584676,2021-02-23T16:44:10.319Z,29.961,-0.04042191803455353,0.9382102489471436,-0.1711481213569641
1614098584716,2021-02-23T16:44:10.330Z,30.001,-0.04701371490955353,0.9316184520721436,-0.1770074963569641
1614098584755,2021-02-23T16:44:10.333Z,30.04,-0.04652543365955353,0.9360129833221436,-0.1733453869819641
1614098584795,2021-02-23T16:44:10.344Z,30.08,-0.04628129303455353,0.9416282176971436,-0.1672418713569641
1614098584834,2021-02-23T16:44:10.346Z,30.119,-0.04750199615955353,0.9391868114471436,-0.1677301526069641
1614098584874,2021-02-23T16:44:10.348Z,30.159,-0.03968949615955353,0.9396750926971436,-0.1735895276069641
1614098584913,2021-02-23T16:44:10.359Z,30.198,-0.04383988678455353,0.9325950145721436,-0.1669977307319641
1614098584953,2021-02-23T16:44:10.362Z,30.238,-0.04408402740955353,0.9379661083221436,-0.1701715588569641
1614098584992,2021-02-23T16:44:10.364Z,30.277,-0.04676957428455353,0.9350364208221436,-0.1733453869819641
1614098585033,2021-02-23T16:44:10.375Z,30.318,-0.04506058990955353,0.9394309520721436,-0.1694391369819641
1614098585073,2021-02-23T16:44:10.378Z,30.358,-0.04164262115955353,0.9343039989471436,-0.1677301526069641
1614098585113,2021-02-23T16:44:10.389Z,30.398,-0.04774613678455353,0.9355247020721436,-0.1709039807319641
1614098585152,2021-02-23T16:44:10.392Z,30.437,-0.04676957428455353,0.9362571239471436,-0.1704156994819641
1614098585192,2021-02-23T16:44:10.393Z,30.477,-0.04799027740955353,0.9374778270721436,-0.1672418713569641
1614098585231,2021-02-23T16:44:10.405Z,30.516,-0.04847855865955353,0.9418723583221436,-0.1848199963569641
1614098585271,2021-02-23T16:44:10.407Z,30.556,-0.05995316803455353,0.9413840770721436,-0.1904352307319641
1614098585310,2021-02-23T16:44:10.409Z,30.595,-0.05214066803455353,0.9540793895721436,-0.1975153088569641
1614098585350,2021-02-23T16:44:10.420Z,30.635,-0.06800980865955353,0.8896262645721436,-0.2131403088569641
1614098585389,2021-02-23T16:44:10.423Z,30.674,-0.07997269928455353,0.9386985301971436,-0.2238824963569641
1614098585429,2021-02-23T16:44:10.434Z,30.714,-0.03309769928455353,0.9135520458221436,-0.2043512463569641
1614098585470,2021-02-23T16:44:10.436Z,30.755,-0.04188676178455353,0.9306418895721436,-0.2085016369819641
1614098585510,2021-02-23T16:44:10.438Z,30.795,-0.04676957428455353,0.9555442333221436,-0.2048395276069641
1614098585549,2021-02-23T16:44:10.450Z,30.834,-0.04994340240955353,0.9191672801971436,-0.2121637463569641
1614098585589,2021-02-23T16:44:10.452Z,30.874,-0.05287308990955353,0.9069602489471436,-0.2043512463569641
1614098585628,2021-02-23T16:44:10.454Z,30.913,-0.05458207428455353,0.9228293895721436,-0.2067926526069641
1614098585668,2021-02-23T16:44:10.465Z,30.953,-0.05970902740955353,0.9460227489471436,-0.2299860119819641
1614098585707,2021-02-23T16:44:10.467Z,30.992,-0.06532426178455353,0.9216086864471436,-0.2358453869819641
1614098585747,2021-02-23T16:44:10.469Z,31.032,-0.05360551178455353,0.8932883739471436,-0.2297418713569641
1614098585786,2021-02-23T16:44:10.480Z,31.071,-0.07118363678455353,0.9601829051971436,-0.2531793713569641
1614098585826,2021-02-23T16:44:10.483Z,31.111,-0.06727738678455353,0.9267356395721436,-0.2460992932319641
1614098585866,2021-02-23T16:44:10.494Z,31.151,-0.06825394928455353,0.9198997020721436,-0.2399957776069641
1614098585905,2021-02-23T16:44:10.496Z,31.19,-0.08412308990955353,0.9108664989471436,-0.2636774182319641
1614098585945,2021-02-23T16:44:10.498Z,31.23,-0.09486527740955353,0.9626243114471436,-0.2563531994819641
1614098585986,2021-02-23T16:44:10.510Z,31.271,-0.07582230865955353,0.8539817333221436,-0.2690485119819641
1614098586025,2021-02-23T16:44:10.512Z,31.31,-0.10804887115955353,0.9562766551971436,-0.2829645276069641
1614098586065,2021-02-23T16:44:10.514Z,31.35,-0.09315629303455353,0.8996360301971436,-0.2751520276069641
1614098586104,2021-02-23T16:44:10.525Z,31.389,-0.10780473053455353,0.9194114208221436,-0.2880914807319641
1614098586144,2021-02-23T16:44:10.528Z,31.429,-0.11805863678455353,0.8971946239471436,-0.2731989026069641
1614098586183,2021-02-23T16:44:10.539Z,31.468,-0.11122269928455353,0.8854758739471436,-0.2861383557319641
1614098586223,2021-02-23T16:44:10.541Z,31.508,-0.14271683990955353,0.9262473583221436,-0.2797906994819641
1614098586262,2021-02-23T16:44:10.543Z,31.547,-0.11879105865955353,0.8783957958221436,-0.2710016369819641
1614098586302,2021-02-23T16:44:10.554Z,31.587,-0.12831254303455353,0.9277122020721436,-0.2761285901069641
1614098586342,2021-02-23T16:44:10.557Z,31.627,-0.16859574615955353,0.9189231395721436,-0.2656305432319641
1614098586381,2021-02-23T16:44:10.559Z,31.666,-0.15687699615955353,0.8390891551971436,-0.2656305432319641
1614098586421,2021-02-23T16:44:10.570Z,31.706,-0.10658402740955353,0.9274680614471436,-0.2758844494819641
1614098586462,2021-02-23T16:44:10.573Z,31.747,-0.15394730865955353,0.9628684520721436,-0.2492731213569641
1614098586501,2021-02-23T16:44:10.584Z,31.786,-0.14393754303455353,0.8329856395721436,-0.2473199963569641
1614098586541,2021-02-23T16:44:10.586Z,31.826,-0.15516801178455353,0.9782493114471436,-0.2634332776069641
1614098586580,2021-02-23T16:44:10.588Z,31.865,-0.17176957428455353,0.9357688426971436,-0.2575739026069641
1614098586620,2021-02-23T16:44:10.600Z,31.905,-0.18007035553455353,0.8813254833221436,-0.2612360119819641
1614098586659,2021-02-23T16:44:10.602Z,31.944,-0.17884965240955353,0.9286887645721436,-0.2446344494819641
1614098586699,2021-02-23T16:44:10.604Z,31.984,-0.21302933990955353,0.9059836864471436,-0.2771051526069641
1614098586739,2021-02-23T16:44:10.614Z,32.024,-0.16615433990955353,0.8742454051971436,-0.2170465588569641
1614098586778,2021-02-23T16:44:10.617Z,32.063,-0.15565629303455353,0.8437278270721436,-0.2033746838569641
1614098586818,2021-02-23T16:44:10.619Z,32.103,-0.20033402740955353,1.0275657176971436,-0.2099664807319641
1614098586857,2021-02-23T16:44:10.630Z,32.142,-0.2667402923107147,0.9194114208221436,-0.2058160901069641
1614098586898,2021-02-23T16:44:10.632Z,32.183,-0.21327348053455353,0.9062278270721436,-0.2146051526069641
1614098586938,2021-02-23T16:44:10.644Z,32.223,-0.2674727141857147,0.8862082958221436,-0.2312067151069641
1614098586977,2021-02-23T16:44:10.646Z,32.262,-0.21791215240955353,0.9272239208221436,-0.1960504651069641
1614098587017,2021-02-23T16:44:10.648Z,32.302,-0.21815629303455353,0.8210227489471436,-0.1814020276069641
1614098587056,2021-02-23T16:44:10.659Z,32.341,-0.2633223235607147,0.9094016551971436,-0.2370660901069641
1614098587096,2021-02-23T16:44:10.662Z,32.381,-0.2633223235607147,0.8910911083221436,-0.1926324963569641
1614098587136,2021-02-23T16:44:10.664Z,32.421,-0.19642777740955353,0.9430930614471436,-0.1765192151069641
1614098587175,2021-02-23T16:44:10.675Z,32.46,-0.22865433990955353,0.9216086864471436,-0.1872614026069641
1614098587215,2021-02-23T16:44:10.678Z,32.5,-0.19691605865955353,0.9343039989471436,-0.2563531994819641
1614098587254,2021-02-23T16:44:10.689Z,32.539,-0.20277543365955353,0.9267356395721436,-0.2124078869819641
1614098587294,2021-02-23T16:44:10.721Z,32.579,-0.13954301178455353,0.7438743114471436,-0.2172906994819641
1614098587333,2021-02-23T16:44:10.724Z,32.618,-0.14637894928455353,0.8376243114471436,-0.1735895276069641
1614098587374,2021-02-23T16:44:10.734Z,32.659,-0.19178910553455353,0.9301536083221436,-0.1652887463569641
1614098587414,2021-02-23T16:44:10.737Z,32.699,-0.18861527740955353,1.1095969676971436,-0.2417047619819641
1614098587453,2021-02-23T16:44:10.739Z,32.738,-0.24427933990955353,0.9928977489471436,-0.1679742932319641
1614098587493,2021-02-23T16:44:10.750Z,32.778,-0.14491410553455353,0.7927024364471436,-0.1601617932319641
1614098587533,2021-02-23T16:44:10.752Z,32.818,-0.15614457428455353,0.9003684520721436,-0.12305242568254471
1614098587572,2021-02-23T16:44:10.754Z,32.857,-0.21913285553455353,0.9579856395721436,-0.1508844494819641
1614098587612,2021-02-23T16:44:10.766Z,32.897,-0.19984574615955353,0.9216086864471436,-0.1796930432319641
1614098587651,2021-02-23T16:44:10.768Z,32.936,-0.20912308990955353,0.9306418895721436,-0.1420953869819641
1614098587691,2021-02-23T16:44:10.779Z,32.976,-0.16322465240955353,0.8823020458221436,-0.07813055068254471
1614098587730,2021-02-23T16:44:10.781Z,33.015,-0.15956254303455353,0.9460227489471436,-0.09033758193254471
1614098587770,2021-02-23T16:44:10.783Z,33.055,-0.21107621490955353,0.9792258739471436,-0.08838445693254471
1614098587809,2021-02-23T16:44:10.794Z,33.094,-0.19789262115955353,0.9062278270721436,-0.1284235119819641
1614098587850,2021-02-23T16:44:10.797Z,33.135,-0.21888871490955353,0.8979270458221436,-0.1342828869819641
1614098587890,2021-02-23T16:44:10.798Z,33.175,-0.23988480865955353,0.9137961864471436,-0.1284235119819641
1614098587929,2021-02-23T16:44:10.810Z,33.214,-0.19813676178455353,0.9054954051971436,-0.12012273818254471
1614098587969,2021-02-23T16:44:10.812Z,33.254,-0.20961137115955353,0.9174582958221436,-0.12354070693254471
1614098588009,2021-02-23T16:44:10.814Z,33.294,-0.19691605865955353,0.9311301708221436,-0.1284235119819641
1614098588048,2021-02-23T16:44:10.825Z,33.333,-0.18519730865955353,0.9238059520721436,-0.12451726943254471
1614098588088,2021-02-23T16:44:10.828Z,33.373,-0.19545121490955353,0.9284446239471436,-0.1328180432319641
1614098588127,2021-02-23T16:44:10.839Z,33.412,-0.20643754303455353,0.9450461864471436,-0.1254938244819641
1614098588167,2021-02-23T16:44:10.841Z,33.452,-0.20082230865955353,0.9345481395721436,-0.11304266005754471
1614098588206,2021-02-23T16:44:10.843Z,33.491,-0.20106644928455353,0.9284446239471436,-0.11890203505754471
1614098588246,2021-02-23T16:44:10.855Z,33.531,-0.19691605865955353,0.9220969676971436,-0.12232000380754471
1614098588285,2021-02-23T16:44:10.857Z,33.57,-0.17591996490955353,0.9286887645721436,-0.1298883557319641
1614098588326,2021-02-23T16:44:10.859Z,33.611,-0.18104691803455353,0.9296653270721436,-0.12329656630754471
1614098588366,2021-02-23T16:44:10.869Z,33.651,-0.17494340240955353,0.9418723583221436,-0.12378484755754471
1614098588406,2021-02-23T16:44:10.872Z,33.691,-0.18837113678455353,0.9264914989471436,-0.10767156630754471
1614098588445,2021-02-23T16:44:10.874Z,33.73,-0.19008012115955353,0.9362571239471436,-0.12232000380754471
1614098588485,2021-02-23T16:44:10.885Z,33.77,-0.19716019928455353,0.9157493114471436,-0.11890203505754471
1614098588524,2021-02-23T16:44:10.887Z,33.809,-0.19496293365955353,0.9340598583221436,-0.12280828505754471
1614098588564,2021-02-23T16:44:10.899Z,33.849,-0.19520707428455353,0.9328391551971436,-0.12207586318254471
1614098588603,2021-02-23T16:44:10.901Z,33.888,-0.19252152740955353,0.9184348583221436,-0.11279851943254471
1614098588643,2021-02-23T16:44:10.903Z,33.928,-0.19520707428455353,0.9228293895721436,-0.11768133193254471
1614098588682,2021-02-23T16:44:10.914Z,33.967,-0.19374223053455353,0.9345481395721436,-0.12451726943254471
1614098588722,2021-02-23T16:44:10.917Z,34.007,-0.19960160553455353,0.9343039989471436,-0.11523992568254471
1614098588763,2021-02-23T16:44:10.919Z,34.048,-0.19813676178455353,0.9164817333221436,-0.11743719130754471
1614098588803,2021-02-23T16:44:10.930Z,34.088,-0.18959183990955353,0.9284446239471436,-0.10303289443254471
1614098588842,2021-02-23T16:44:10.932Z,34.127,-0.20863480865955353,0.9177024364471436,-0.11450750380754471
1614098588882,2021-02-23T16:44:10.944Z,34.167,-0.20033402740955353,0.9267356395721436,-0.11206609755754471
1614098588921,2021-02-23T16:44:10.946Z,34.206,-0.19252152740955353,0.9262473583221436,-0.11426336318254471
1614098588961,2021-02-23T16:44:10.948Z,34.246,-0.20131058990955353,0.9203879833221436,-0.11499578505754471
1614098589000,2021-02-23T16:44:10.959Z,34.285,-0.19593949615955353,0.9365012645721436,-0.11426336318254471
1614098589040,2021-02-23T16:44:10.962Z,34.325,-0.20326371490955353,0.9140403270721436,-0.10523016005754471
1614098589079,2021-02-23T16:44:10.963Z,34.364,-0.19227738678455353,0.9213645458221436,-0.10864812880754471
1614098589119,2021-02-23T16:44:10.974Z,34.404,-0.20277543365955353,0.9389426708221436,-0.10474187880754471
1614098589158,2021-02-23T16:44:10.978Z,34.443,-0.19618363678455353,0.9245383739471436,-0.10962469130754471
1614098589198,2021-02-23T16:44:10.979Z,34.483,-0.19398637115955353,0.9225852489471436,-0.11182195693254471
1614098589239,2021-02-23T16:44:10.990Z,34.524,-0.20619340240955353,0.9294211864471436,-0.10718328505754471
1614098589279,2021-02-23T16:44:10.992Z,34.564,-0.20106644928455353,0.9157493114471436,-0.11035711318254471
1614098589318,2021-02-23T16:44:11.004Z,34.603,-0.20228715240955353,0.9250266551971436,-0.10303289443254471
1614098589358,2021-02-23T16:44:11.008Z,34.643,-0.20692582428455353,0.9357688426971436,-0.10400945693254471
1614098589397,2021-02-23T16:44:11.009Z,34.682,-0.20375199615955353,0.9213645458221436,-0.11133367568254471
1614098589437,2021-02-23T16:44:11.020Z,34.722,-0.20277543365955353,0.9181907176971436,-0.11133367568254471
1614098589476,2021-02-23T16:44:11.022Z,34.761,-0.20863480865955353,0.9411399364471436,-0.10230047255754471
1614098589516,2021-02-23T16:44:11.024Z,34.801,-0.20008988678455353,0.9198997020721436,-0.10181219130754471
1614098589555,2021-02-23T16:44:11.035Z,34.84,-0.20204301178455353,0.9162375926971436,-0.10059148818254471
1614098589595,2021-02-23T16:44:11.037Z,34.88,-0.20570512115955353,0.9311301708221436,-0.10376531630754471
1614098589635,2021-02-23T16:44:11.049Z,34.92,-0.19716019928455353,0.9191672801971436,-0.10107976943254471
1614098589674,2021-02-23T16:44:11.051Z,34.959,-0.20301957428455353,0.9269797801971436,-0.10034734755754471
1614098589715,2021-02-23T16:44:11.053Z,35,-0.20204301178455353,0.9255149364471436,-0.10523016005754471
1614098589755,2021-02-23T16:44:11.064Z,35.04,-0.21058793365955353,0.9213645458221436,-0.10230047255754471
1614098589794,2021-02-23T16:44:11.067Z,35.079,-0.20814652740955353,0.9316184520721436,-0.10449773818254471
1614098589834,2021-02-23T16:44:11.069Z,35.119,-0.20692582428455353,0.9189231395721436,-0.10620672255754471
1614098589873,2021-02-23T16:44:11.080Z,35.158,-0.20839066803455353,0.9347922801971436,-0.09815008193254471
1614098589913,2021-02-23T16:44:11.082Z,35.198,-0.20228715240955353,0.9252707958221436,-0.10889226943254471
1614098589952,2021-02-23T16:44:11.094Z,35.237,-0.19642777740955353,0.9264914989471436,-0.10059148818254471
1614098589992,2021-02-23T16:44:11.096Z,35.277,-0.20008988678455353,0.9194114208221436,-0.10718328505754471
1614098590032,2021-02-23T16:44:11.098Z,35.317,-0.20179887115955353,0.9313743114471436,-0.10889226943254471
1614098590071,2021-02-23T16:44:11.109Z,35.356,-0.20887894928455353,0.9225852489471436,-0.10913641005754471
1614098590111,2021-02-23T16:44:11.112Z,35.396,-0.19471879303455353,0.9277122020721436,-0.09937078505754471
1614098590150,2021-02-23T16:44:11.114Z,35.435,-0.20277543365955353,0.9228293895721436,-0.10620672255754471
1614098590191,2021-02-23T16:44:11.125Z,35.476,-0.20106644928455353,0.9274680614471436,-0.10571844130754471
1614098590231,2021-02-23T16:44:11.127Z,35.516,-0.19862504303455353,0.9262473583221436,-0.10547430068254471
1614098590270,2021-02-23T16:44:11.129Z,35.555,-0.19667191803455353,0.9294211864471436,-0.10278875380754471
1614098590310,2021-02-23T16:44:11.140Z,35.595,-0.18715043365955353,0.9203879833221436,-0.10791570693254471
1614098590349,2021-02-23T16:44:11.142Z,35.634,-0.20326371490955353,0.9338157176971436,-0.10230047255754471
1614098590389,2021-02-23T16:44:11.170Z,35.674,-0.19984574615955353,0.9216086864471436,-0.10840398818254471
1614098590429,2021-02-23T16:44:11.172Z,35.714,-0.20448441803455353,0.9321067333221436,-0.10620672255754471
1614098590468,2021-02-23T16:44:11.174Z,35.753,-0.19838090240955353,0.9306418895721436,-0.11450750380754471
1614098590508,2021-02-23T16:44:11.186Z,35.793,-0.19667191803455353,0.9162375926971436,-0.10620672255754471
1614098590547,2021-02-23T16:44:11.188Z,35.832,-0.19838090240955353,0.9313743114471436,-0.10620672255754471
1614098590587,2021-02-23T16:44:11.199Z,35.872,-0.21229691803455353,0.9274680614471436,-0.10498601943254471
1614098590626,2021-02-23T16:44:11.201Z,35.911,-0.19984574615955353,0.9257590770721436,-0.11206609755754471
1614098590667,2021-02-23T16:44:11.204Z,35.952,-0.20204301178455353,0.9201438426971436,-0.10742742568254471
1614098590707,2021-02-23T16:44:11.215Z,35.992,-0.20399613678455353,0.9303977489471436,-0.10327703505754471
1614098590746,2021-02-23T16:44:11.217Z,36.031,-0.20057816803455353,0.9325950145721436,-0.11060125380754471
1614098590786,2021-02-23T16:44:11.219Z,36.071,-0.20985551178455353,0.9201438426971436,-0.11133367568254471
1614098590825,2021-02-23T16:44:11.231Z,36.11,-0.19618363678455353,0.9362571239471436,-0.10938055068254471
1614098590865,2021-02-23T16:44:11.233Z,36.15,-0.19984574615955353,0.9233176708221436,-0.11353094130754471
1614098590905,2021-02-23T16:44:11.244Z,36.19,-0.19862504303455353,0.9213645458221436,-0.11231023818254471
1614098590944,2021-02-23T16:44:11.247Z,36.229,-0.20375199615955353,0.9299094676971436,-0.10742742568254471
1614098590984,2021-02-23T16:44:11.249Z,36.269,-0.19862504303455353,0.9262473583221436,-0.10474187880754471
1614098591023,2021-02-23T16:44:11.260Z,36.308,-0.19569535553455353,0.9111106395721436,-0.10913641005754471
1614098591063,2021-02-23T16:44:11.262Z,36.348,-0.21229691803455353,0.9311301708221436,-0.10938055068254471
1614098591102,2021-02-23T16:44:11.274Z,36.387,-0.19471879303455353,0.9421164989471436,-0.10645086318254471
1614098591143,2021-02-23T16:44:11.276Z,36.428,-0.21351762115955353,0.9242942333221436,-0.10449773818254471
1614098591183,2021-02-23T16:44:11.278Z,36.468,-0.20326371490955353,0.9162375926971436,-0.11157781630754471
1614098591222,2021-02-23T16:44:11.289Z,36.507,-0.20643754303455353,0.9257590770721436,-0.10815984755754471
1614098591262,2021-02-23T16:44:11.292Z,36.547,-0.19593949615955353,0.9313743114471436,-0.11304266005754471
1614098591302,2021-02-23T16:44:11.293Z,36.587,-0.20692582428455353,0.9179465770721436,-0.10864812880754471
1614098591341,2021-02-23T16:44:11.304Z,36.626,-0.20008988678455353,0.9286887645721436,-0.10913641005754471
1614098591381,2021-02-23T16:44:11.307Z,36.666,-0.20521683990955353,0.9323508739471436,-0.10669500380754471
1614098591420,2021-02-23T16:44:11.309Z,36.705,-0.19935746490955353,0.9255149364471436,-0.11255437880754471
1614098591460,2021-02-23T16:44:11.320Z,36.745,-0.20253129303455353,0.9228293895721436,-0.10523016005754471
1614098591499,2021-02-23T16:44:11.322Z,36.784,-0.20350785553455353,0.9213645458221436,-0.10107976943254471
1614098591539,2021-02-23T16:44:11.324Z,36.824,-0.19960160553455353,0.9252707958221436,-0.10474187880754471
1614098591578,2021-02-23T16:44:11.336Z,36.863,-0.22010941803455353,0.9218528270721436,-0.10791570693254471
1614098591619,2021-02-23T16:44:11.338Z,36.904,-0.21205277740955353,0.9255149364471436,-0.10645086318254471
1614098591659,2021-02-23T16:44:11.349Z,36.944,-0.20106644928455353,0.9211204051971436,-0.10815984755754471
1614098591699,2021-02-23T16:44:11.351Z,36.984,-0.19545121490955353,0.9289329051971436,-0.10523016005754471
1614098591738,2021-02-23T16:44:11.354Z,37.023,-0.20057816803455353,0.9267356395721436,-0.10278875380754471
1614098591778,2021-02-23T16:44:11.364Z,37.063,-0.20057816803455353,0.9291770458221436,-0.10474187880754471
1614098591817,2021-02-23T16:44:11.367Z,37.102,-0.20399613678455353,0.9167258739471436,-0.10767156630754471
1614098591857,2021-02-23T16:44:11.369Z,37.142,-0.21132035553455353,0.9379661083221436,-0.10010320693254471
1614098591896,2021-02-23T16:44:11.380Z,37.181,-0.20155473053455353,0.9252707958221436,-0.10718328505754471
1614098591936,2021-02-23T16:44:11.382Z,37.221,-0.21254105865955353,0.9184348583221436,-0.10254461318254471
1614098591975,2021-02-23T16:44:11.384Z,37.26,-0.19984574615955353,0.9299094676971436,-0.09912664443254471
1614098592015,2021-02-23T16:44:11.395Z,37.3,-0.19862504303455353,0.9216086864471436,-0.10474187880754471
1614098592054,2021-02-23T16:44:11.398Z,37.339,-0.20741410553455353,0.9196555614471436,-0.10938055068254471
1614098592096,2021-02-23T16:44:11.409Z,37.381,-0.20887894928455353,0.9379661083221436,-0.10815984755754471
1614098592135,2021-02-23T16:44:11.411Z,37.42,-0.20546098053455353,0.9230735301971436,-0.09717351943254471
1614098592175,2021-02-23T16:44:11.413Z,37.46,-0.20008988678455353,0.9191672801971436,-0.09937078505754471
1614098592214,2021-02-23T16:44:11.425Z,37.499,-0.20399613678455353,0.9303977489471436,-0.10327703505754471
1614098592254,2021-02-23T16:44:11.427Z,37.539,-0.19911332428455353,0.9267356395721436,-0.10693914443254471
1614098592293,2021-02-23T16:44:11.429Z,37.578,-0.19618363678455353,0.9213645458221436,-0.10571844130754471
1614098592333,2021-02-23T16:44:11.440Z,37.618,-0.21669144928455353,0.9365012645721436,-0.10498601943254471
1614098592372,2021-02-23T16:44:11.442Z,37.657,-0.19862504303455353,0.9211204051971436,-0.11060125380754471
1614098592412,2021-02-23T16:44:11.444Z,37.697,-0.20399613678455353,0.9328391551971436,-0.10205633193254471
1614098592451,2021-02-23T16:44:11.455Z,37.736,-0.21669144928455353,0.9174582958221436,-0.10645086318254471
1614098592491,2021-02-23T16:44:11.457Z,37.776,-0.20814652740955353,0.9242942333221436,-0.12256414443254471
1614098592531,2021-02-23T16:44:11.469Z,37.816,-0.21571488678455353,0.9347922801971436,-0.11426336318254471
1614098592572,2021-02-23T16:44:11.471Z,37.857,-0.20741410553455353,0.9333274364471436,-0.1259821057319641
1614098592611,2021-02-23T16:44:11.474Z,37.896,-0.19886918365955353,0.9135520458221436,-0.11865789443254471
1614098592651,2021-02-23T16:44:11.485Z,37.936,-0.20424027740955353,0.9401633739471436,-0.12109930068254471
1614098592690,2021-02-23T16:44:11.487Z,37.975,-0.19520707428455353,0.9443137645721436,-0.11475164443254471
1614098592730,2021-02-23T16:44:11.489Z,38.015,-0.21791215240955353,0.8984153270721436,-0.1315973401069641
1614098592769,2021-02-23T16:44:11.500Z,38.054,-0.21913285553455353,0.8869407176971436,-0.12354070693254471
1614098592809,2021-02-23T16:44:11.503Z,38.094,-0.22474808990955353,0.9211204051971436,-0.1369684338569641
1614098592848,2021-02-23T16:44:11.514Z,38.133,-0.22987504303455353,0.8986594676971436,-0.1372125744819641
1614098592888,2021-02-23T16:44:11.516Z,38.173,-0.21864457428455353,0.9294211864471436,-0.1367242932319641
1614098592928,2021-02-23T16:44:11.518Z,38.213,-0.22279496490955353,0.9650657176971436,-0.11548406630754471
1614098592967,2021-02-23T16:44:11.530Z,38.252,-0.19935746490955353,0.9340598583221436,-0.12158758193254471
1614098593007,2021-02-23T16:44:11.532Z,38.292,-0.20741410553455353,0.8935325145721436,-0.1328180432319641
1614098593048,2021-02-23T16:44:11.533Z,38.333,-0.20839066803455353,0.9274680614471436,-0.1359918713569641
1614098593087,2021-02-23T16:44:11.545Z,38.372,-0.20643754303455353,0.9152610301971436,-0.1301324963569641
1614098593127,2021-02-23T16:44:11.547Z,38.412,-0.21302933990955353,0.9147727489471436,-0.12134344130754471
1614098593166,2021-02-23T16:44:11.549Z,38.451,-0.21815629303455353,0.9159934520721436,-0.1325739026069641
1614098593206,2021-02-23T16:44:11.560Z,38.491,-0.21717973053455353,0.9343039989471436,-0.1272028088569641
1614098593245,2021-02-23T16:44:11.562Z,38.53,-0.21766801178455353,0.9047629833221436,-0.1303766369819641
1614098593285,2021-02-23T16:44:11.574Z,38.57,-0.21351762115955353,0.9201438426971436,-0.1320856213569641
1614098593325,2021-02-23T16:44:11.576Z,38.61,-0.22255082428455353,0.9316184520721436,-0.1264703869819641
1614098593364,2021-02-23T16:44:11.578Z,38.649,-0.20619340240955353,0.9108664989471436,-0.1298883557319641
1614098593404,2021-02-23T16:44:11.589Z,38.689,-0.21571488678455353,0.9328391551971436,-0.1313531994819641
1614098593443,2021-02-23T16:44:11.592Z,38.728,-0.21205277740955353,0.9167258739471436,-0.1303766369819641
1614098593483,2021-02-23T16:44:11.594Z,38.768,-0.21083207428455353,0.9350364208221436,-0.1254938244819641
1614098593522,2021-02-23T16:44:11.621Z,38.807,-0.21473832428455353,0.9177024364471436,-0.1269586682319641
1614098593563,2021-02-23T16:44:11.623Z,38.848,-0.20985551178455353,0.9191672801971436,-0.1330621838569641
1614098593603,2021-02-23T16:44:11.635Z,38.888,-0.21547074615955353,0.9152610301971436,-0.1362360119819641
1614098593642,2021-02-23T16:44:11.637Z,38.927,-0.21791215240955353,0.9137961864471436,-0.1337946057319641
1614098593682,2021-02-23T16:44:11.639Z,38.967,-0.22230668365955353,0.9172141551971436,-0.1340387463569641
1614098593721,2021-02-23T16:44:11.651Z,39.006,-0.21962113678455353,0.9211204051971436,-0.12451726943254471
1614098593761,2021-02-23T16:44:11.653Z,39.046,-0.21791215240955353,0.9096457958221436,-0.1276910901069641
1614098593801,2021-02-23T16:44:11.664Z,39.086,-0.20839066803455353,0.9296653270721436,-0.1252496838569641
1614098593840,2021-02-23T16:44:11.667Z,39.125,-0.21913285553455353,0.9150168895721436,-0.1301324963569641
1614098593880,2021-02-23T16:44:11.669Z,39.165,-0.21107621490955353,0.9196555614471436,-0.1272028088569641
1614098593919,2021-02-23T16:44:11.680Z,39.204,-0.21888871490955353,0.9247825145721436,-0.1333063244819641
1614098593960,2021-02-23T16:44:11.682Z,39.245,-0.21132035553455353,0.9250266551971436,-0.1342828869819641
1614098593998,2021-02-23T16:44:11.694Z,39.283,-0.21400590240955353,0.9159934520721436,-0.1337946057319641
1614098594039,2021-02-23T16:44:11.696Z,39.324,-0.21327348053455353,0.9228293895721436,-0.1325739026069641
1614098594079,2021-02-23T16:44:11.698Z,39.364,-0.21717973053455353,0.9086692333221436,-0.1301324963569641
1614098594118,2021-02-23T16:44:11.709Z,39.403,-0.21425004303455353,0.9291770458221436,-0.1308649182319641
1614098594158,2021-02-23T16:44:11.712Z,39.443,-0.22474808990955353,0.9223411083221436,-0.1401422619819641
1614098594198,2021-02-23T16:44:11.713Z,39.483,-0.21449418365955353,0.9162375926971436,-0.1406305432319641
1614098594237,2021-02-23T16:44:11.724Z,39.522,-0.21571488678455353,0.9164817333221436,-0.1379449963569641
1614098594277,2021-02-23T16:44:11.727Z,39.562,-0.21156449615955353,0.9240500926971436,-0.1259821057319641
1614098594316,2021-02-23T16:44:11.729Z,39.601,-0.21620316803455353,0.9191672801971436,-0.1267145276069641
1614098594356,2021-02-23T16:44:11.740Z,39.641,-0.22230668365955353,0.9155051708221436,-0.1347711682319641
1614098594395,2021-02-23T16:44:11.742Z,39.68,-0.22035355865955353,0.9257590770721436,-0.1281793713569641
1614098594435,2021-02-23T16:44:11.744Z,39.72,-0.21229691803455353,0.9130637645721436,-0.1281793713569641
1614098594474,2021-02-23T16:44:11.756Z,39.759,-0.20985551178455353,0.9208762645721436,-0.1325739026069641
1614098594515,2021-02-23T16:44:11.759Z,39.8,-0.20985551178455353,0.9284446239471436,-0.1323297619819641
1614098594555,2021-02-23T16:44:11.770Z,39.84,-0.20814652740955353,0.9206321239471436,-0.1372125744819641
1614098594595,2021-02-23T16:44:11.773Z,39.88,-0.21742387115955353,0.9225852489471436,-0.1289117932319641
1614098594634,2021-02-23T16:44:11.774Z,39.919,-0.21107621490955353,0.9167258739471436,-0.1318414807319641
1614098594674,2021-02-23T16:44:11.785Z,39.959,-0.21132035553455353,0.9113547801971436,-0.1294000744819641
1614098594713,2021-02-23T16:44:11.787Z,39.998,-0.22206254303455353,0.9238059520721436,-0.1320856213569641
1614098594753,2021-02-23T16:44:11.799Z,40.038,-0.21717973053455353,0.9074485301971436,-0.1425836682319641
1614098594792,2021-02-23T16:44:11.801Z,40.077,-0.22914262115955353,0.9362571239471436,-0.1286676526069641
1614098594832,2021-02-23T16:44:11.804Z,40.117,-0.21254105865955353,0.9213645458221436,-0.1272028088569641
1614098594871,2021-02-23T16:44:11.815Z,40.156,-0.21815629303455353,0.9155051708221436,-0.1347711682319641
1614098594911,2021-02-23T16:44:11.817Z,40.196,-0.21595902740955353,0.9196555614471436,-0.1347711682319641
1614098594950,2021-02-23T16:44:11.819Z,40.235,-0.21522660553455353,0.9255149364471436,-0.1298883557319641
1614098594992,2021-02-23T16:44:11.830Z,40.277,-0.21254105865955353,0.9120872020721436,-0.1342828869819641
1614098595031,2021-02-23T16:44:11.832Z,40.316,-0.21327348053455353,0.9267356395721436,-0.1296442151069641
1614098595071,2021-02-23T16:44:11.844Z,40.356,-0.22523637115955353,0.9316184520721436,-0.12427312880754471
1614098595110,2021-02-23T16:44:11.846Z,40.395,-0.21913285553455353,0.9133079051971436,-0.1289117932319641
1614098595150,2021-02-23T16:44:11.848Z,40.435,-0.22743363678455353,0.9208762645721436,-0.12476141005754471
1614098595189,2021-02-23T16:44:11.859Z,40.474,-0.22230668365955353,0.9186789989471436,-0.1330621838569641
1614098595229,2021-02-23T16:44:11.862Z,40.514,-0.22084183990955353,0.9184348583221436,-0.1306207776069641
1614098595268,2021-02-23T16:44:11.864Z,40.553,-0.22035355865955353,0.9157493114471436,-0.1284235119819641
1614098595308,2021-02-23T16:44:11.875Z,40.593,-0.21791215240955353,0.9264914989471436,-0.12476141005754471
1614098595347,2021-02-23T16:44:11.877Z,40.632,-0.21229691803455353,0.9211204051971436,-0.1311090588569641
1614098595387,2021-02-23T16:44:11.879Z,40.672,-0.22328324615955353,0.9211204051971436,-0.1298883557319641
1614098595427,2021-02-23T16:44:11.890Z,40.712,-0.21620316803455353,0.9103782176971436,-0.12183172255754471
1614098595468,2021-02-23T16:44:11.892Z,40.753,-0.22914262115955353,0.9284446239471436,-0.1313531994819641
1614098595507,2021-02-23T16:44:11.894Z,40.792,-0.22572465240955353,0.9150168895721436,-0.1313531994819641
1614098595547,2021-02-23T16:44:11.906Z,40.832,-0.23011918365955353,0.9059836864471436,-0.1372125744819641
1614098595586,2021-02-23T16:44:11.908Z,40.871,-0.22279496490955353,0.9299094676971436,-0.1308649182319641
1614098595626,2021-02-23T16:44:11.919Z,40.911,-0.21571488678455353,0.9267356395721436,-0.12476141005754471
1614098595665,2021-02-23T16:44:11.921Z,40.95,-0.21034379303455353,0.8991477489471436,-0.1286676526069641
1614098595705,2021-02-23T16:44:11.924Z,40.99,-0.21791215240955353,0.9330832958221436,-0.1286676526069641
1614098595744,2021-02-23T16:44:11.934Z,41.029,-0.22377152740955353,0.9340598583221436,-0.1262262463569641
1614098595784,2021-02-23T16:44:11.937Z,41.069,-0.21034379303455353,0.9189231395721436,-0.1262262463569641
1614098595824,2021-02-23T16:44:11.939Z,41.109,-0.22621293365955353,0.9137961864471436,-0.12256414443254471
1614098595863,2021-02-23T16:44:11.951Z,41.148,-0.20594926178455353,0.9264914989471436,-0.1330621838569641
1614098595903,2021-02-23T16:44:11.953Z,41.188,-0.21254105865955353,0.9045188426971436,-0.1279352307319641
1614098595944,2021-02-23T16:44:11.964Z,41.229,-0.21791215240955353,0.9355247020721436,-0.1313531994819641
1614098595983,2021-02-23T16:44:11.966Z,41.268,-0.21351762115955353,0.9120872020721436,-0.12451726943254471
1614098596023,2021-02-23T16:44:11.969Z,41.308,-0.23109574615955353,0.9150168895721436,-0.1340387463569641
1614098596062,2021-02-23T16:44:11.980Z,41.347,-0.22938676178455353,0.9203879833221436,-0.1562555432319641
1614098596102,2021-02-23T16:44:11.982Z,41.387,-0.23475785553455353,0.9323508739471436,-0.1357477307319641
1614098596141,2021-02-23T16:44:11.984Z,41.426,-0.21498246490955353,0.9145286083221436,-0.1377008557319641
1614098596181,2021-02-23T16:44:11.995Z,41.466,-0.19300980865955353,0.9120872020721436,-0.1345270276069641
1614098596221,2021-02-23T16:44:11.997Z,41.506,-0.24012894928455353,0.9736106395721436,-0.1552789807319641
1614098596260,2021-02-23T16:44:11.999Z,41.545,-0.22499223053455353,0.9291770458221436,-0.1716364026069641
1614098596300,2021-02-23T16:44:12.010Z,41.585,-0.19203324615955353,0.9445579051971436,-0.1384332776069641
1614098596339,2021-02-23T16:44:12.013Z,41.624,-0.19667191803455353,0.8498313426971436,-0.1416071057319641
1614098596379,2021-02-23T16:44:12.024Z,41.664,-0.21254105865955353,0.8903586864471436,-0.1818903088569641
1614098596420,2021-02-23T16:44:12.026Z,41.705,-0.23109574615955353,0.9157493114471436,-0.1748102307319641
1614098596459,2021-02-23T16:44:12.029Z,41.744,-0.20472855865955353,0.9267356395721436,-0.1621149182319641
1614098596499,2021-02-23T16:44:12.040Z,41.784,-0.17714066803455353,0.8823020458221436,-0.1748102307319641
1614098596538,2021-02-23T16:44:12.042Z,41.823,-0.22255082428455353,0.9250266551971436,-0.2014215588569641
1614098596578,2021-02-23T16:44:12.044Z,41.863,-0.22108598053455353,0.8827903270721436,-0.1989801526069641
1614098596617,2021-02-23T16:44:12.086Z,41.902,-0.20106644928455353,0.8805930614471436,-0.1875055432319641
1614098596657,2021-02-23T16:44:12.088Z,41.942,-0.20961137115955353,0.9203879833221436,-0.1962946057319641
1614098596697,2021-02-23T16:44:12.100Z,41.982,-0.21449418365955353,0.8903586864471436,-0.1992242932319641
1614098596736,2021-02-23T16:44:12.102Z,42.021,-0.22596879303455353,0.9162375926971436,-0.2150934338569641
1614098596776,2021-02-23T16:44:12.104Z,42.061,-0.22450394928455353,0.9701926708221436,-0.2246149182319641
1614098596815,2021-02-23T16:44:12.115Z,42.1,-0.21205277740955353,0.8791282176971436,-0.2197321057319641
1614098596855,2021-02-23T16:44:12.117Z,42.14,-0.19349808990955353,0.9245383739471436,-0.2187555432319641
1614098596894,2021-02-23T16:44:12.119Z,42.179,-0.20253129303455353,0.9367454051971436,-0.2009332776069641
1614098596935,2021-02-23T16:44:12.130Z,42.22,-0.19911332428455353,0.9159934520721436,-0.2219293713569641
1614098596975,2021-02-23T16:44:12.132Z,42.26,-0.19081254303455353,0.8844993114471436,-0.2170465588569641
1614098597014,2021-02-23T16:44:12.144Z,42.299,-0.19374223053455353,0.8918235301971436,-0.2033746838569641
1614098597054,2021-02-23T16:44:12.146Z,42.339,-0.16761918365955353,0.9284446239471436,-0.2268121838569641
1614098597094,2021-02-23T16:44:12.148Z,42.379,-0.19154496490955353,0.9018332958221436,-0.2290094494819641
1614098597133,2021-02-23T16:44:12.159Z,42.418,-0.16761918365955353,0.9416282176971436,-0.2407281994819641
1614098597173,2021-02-23T16:44:12.162Z,42.458,-0.18666215240955353,0.9247825145721436,-0.2246149182319641
1614098597212,2021-02-23T16:44:12.164Z,42.497,-0.15809769928455353,0.8952414989471436,-0.2192438244819641
1614098597252,2021-02-23T16:44:12.175Z,42.537,-0.11244340240955353,0.9162375926971436,-0.2453668713569641
1614098597291,2021-02-23T16:44:12.177Z,42.576,-0.14466996490955353,0.9216086864471436,-0.2419489026069641
1614098597331,2021-02-23T16:44:12.189Z,42.616,-0.10926957428455353,0.9035422801971436,-0.2382867932319641
1614098597370,2021-02-23T16:44:12.191Z,42.655,-0.12709183990955353,0.9340598583221436,-0.2321832776069641
1614098597411,2021-02-23T16:44:12.193Z,42.696,-0.10878129303455353,0.9040305614471436,-0.2287653088569641
1614098597451,2021-02-23T16:44:12.204Z,42.736,-0.11073441803455353,0.9594504833221436,-0.2407281994819641
1614098597491,2021-02-23T16:44:12.207Z,42.776,-0.12098832428455353,0.9369895458221436,-0.2202203869819641
1614098597530,2021-02-23T16:44:12.209Z,42.815,-0.10658402740955353,0.9064719676971436,-0.2146051526069641
1614098597570,2021-02-23T16:44:12.220Z,42.855,-0.08680863678455353,0.9584739208221436,-0.2229059338569641
1614098597609,2021-02-23T16:44:12.222Z,42.894,-0.11927933990955353,0.9352805614471436,-0.2065485119819641
1614098597649,2021-02-23T16:44:12.224Z,42.934,-0.08094926178455353,0.9042747020721436,-0.2246149182319641
1614098597688,2021-02-23T16:44:12.235Z,42.973,-0.09242387115955353,0.9494407176971436,-0.2248590588569641
1614098597728,2021-02-23T16:44:12.237Z,43.013,-0.08070512115955353,0.9338157176971436,-0.2094781994819641
1614098597767,2021-02-23T16:44:12.239Z,43.052,-0.07655473053455353,0.9057395458221436,-0.2168024182319641
1614098597807,2021-02-23T16:44:12.251Z,43.092,-0.08705277740955353,0.9443137645721436,-0.2119196057319641
1614098597846,2021-02-23T16:44:12.253Z,43.131,-0.05116410553455353,0.9030539989471436,-0.1994684338569641
1614098597887,2021-02-23T16:44:12.264Z,43.172,-0.07313676178455353,0.9355247020721436,-0.1962946057319641
1614098597927,2021-02-23T16:44:12.266Z,43.212,-0.06239457428455353,0.9408957958221436,-0.1884821057319641
1614098597967,2021-02-23T16:44:12.269Z,43.252,-0.04115433990955353,0.9194114208221436,-0.1789606213569641
1614098598006,2021-02-23T16:44:12.280Z,43.291,-0.05262894928455353,0.9394309520721436,-0.1589410901069641
1614098598046,2021-02-23T16:44:12.282Z,43.331,-0.05238480865955353,0.9118430614471436,-0.1704156994819641
1614098598085,2021-02-23T16:44:12.284Z,43.37,-0.03212113678455353,0.9416282176971436,-0.1862848401069641
1614098598125,2021-02-23T16:44:12.296Z,43.41,-0.03602738678455353,0.9699485301971436,-0.1831110119819641
1614098598164,2021-02-23T16:44:12.298Z,43.449,-0.05946488678455353,0.9614036083221436,-0.1731012463569641
1614098598204,2021-02-23T16:44:12.309Z,43.489,-0.00648637255653739,0.8469016551971436,-0.1870172619819641
1614098598243,2021-02-23T16:44:12.311Z,43.528,-0.04628129303455353,0.9809348583221436,-0.1867731213569641
1614098598283,2021-02-23T16:44:12.314Z,43.568,-0.04847855865955353,0.9167258739471436,-0.1716364026069641
1614098598323,2021-02-23T16:44:12.325Z,43.608,-0.03480668365955353,0.9347922801971436,-0.1638239026069641
1614098598364,2021-02-23T16:44:12.327Z,43.649,-0.03285355865955353,0.9655539989471436,-0.1762750744819641
1614098598403,2021-02-23T16:44:12.339Z,43.688,-0.05091996490955353,0.9072043895721436,-0.1691949963569641
1614098598443,2021-02-23T16:44:12.341Z,43.728,-0.030168013647198677,0.9565207958221436,-0.1521051526069641
1614098598482,2021-02-23T16:44:12.343Z,43.767,-0.05482621490955353,0.9367454051971436,-0.1628473401069641
1614098598522,2021-02-23T16:44:12.354Z,43.807,-0.05018754303455353,0.9321067333221436,-0.1731012463569641
1614098598561,2021-02-23T16:44:12.357Z,43.846,-0.03480668365955353,0.9462668895721436,-0.1689508557319641
1614098598601,2021-02-23T16:44:12.359Z,43.886,-0.04188676178455353,0.9311301708221436,-0.1677301526069641
1614098598640,2021-02-23T16:44:12.370Z,43.925,-0.04457230865955353,0.9384543895721436,-0.1699274182319641
1614098598680,2021-02-23T16:44:12.372Z,43.965,-0.03627152740955353,0.9516379833221436,-0.1545465588569641
1614098598720,2021-02-23T16:44:12.374Z,44.005,-0.03846879303455353,0.9321067333221436,-0.1389215588569641
1614098598759,2021-02-23T16:44:12.388Z,44.044,-0.03944535553455353,0.9367454051971436,-0.1496637463569641
1614098598800,2021-02-23T16:44:12.388Z,44.085,-0.06923051178455353,0.9455344676971436,-0.1618707776069641
1614098598840,2021-02-23T16:44:12.390Z,44.125,-0.04676957428455353,0.9548118114471436,-0.1440485119819641
1614098598879,2021-02-23T16:44:12.401Z,44.164,-0.05384965240955353,0.9223411083221436,-0.1528375744819641
1614098598919,2021-02-23T16:44:12.403Z,44.204,-0.04261918365955353,0.9645774364471436,-0.1445367932319641
1614098598958,2021-02-23T16:44:12.414Z,44.243,-0.030412154272198677,0.9513938426971436,-0.11011297255754471
1614098598998,2021-02-23T16:44:12.416Z,44.283,-0.023332076147198677,0.9177024364471436,-0.10132391005754471
1614098599037,2021-02-23T16:44:12.419Z,44.322,-0.024064498022198677,0.9406516551971436,-0.1301324963569641
1614098599077,2021-02-23T16:44:12.430Z,44.362,-0.05067582428455353,0.9609153270721436,-0.1721246838569641
1614098599117,2021-02-23T16:44:12.432Z,44.402,-0.06483598053455353,0.9584739208221436,-0.1897028088569641
1614098599156,2021-02-23T16:44:12.434Z,44.441,-0.06239457428455353,0.9020774364471436,-0.1772516369819641
1614098599196,2021-02-23T16:44:12.445Z,44.481,-0.04506058990955353,0.9411399364471436,-0.1481989026069641
1614098599235,2021-02-23T16:44:12.447Z,44.52,-0.05116410553455353,0.9523704051971436,-0.1606500744819641
1614098599275,2021-02-23T16:44:12.449Z,44.56,-0.04115433990955353,0.9360129833221436,-0.1518610119819641
1614098599316,2021-02-23T16:44:12.460Z,44.601,-0.03700394928455353,0.9189231395721436,-0.1384332776069641
1614098599355,2021-02-23T16:44:12.463Z,44.64,-0.04115433990955353,0.9428489208221436,-0.1469781994819641
1614098599395,2021-02-23T16:44:12.474Z,44.68,-0.04261918365955353,0.9377219676971436,-0.1484430432319641
1614098599434,2021-02-23T16:44:12.476Z,44.719,-0.03505082428455353,0.9430930614471436,-0.1525934338569641
1614098599474,2021-02-23T16:44:12.478Z,44.759,-0.04603715240955353,0.9367454051971436,-0.1579645276069641
1614098599513,2021-02-23T16:44:12.490Z,44.798,-0.04994340240955353,0.9521262645721436,-0.1479547619819641
1614098599553,2021-02-23T16:44:12.492Z,44.838,-0.04603715240955353,0.9333274364471436,-0.1557672619819641
1614098599593,2021-02-23T16:44:12.494Z,44.878,-0.05018754303455353,0.9257590770721436,-0.1547906994819641
1614098599632,2021-02-23T16:44:12.505Z,44.917,-0.03871293365955353,0.9452903270721436,-0.1591852307319641
1614098599672,2021-02-23T16:44:12.507Z,44.957,-0.04017777740955353,0.9413840770721436,-0.1577203869819641
1614098599711,2021-02-23T16:44:12.534Z,44.996,-0.04066605865955353,0.9330832958221436,-0.1528375744819641
1614098599752,2021-02-23T16:44:12.537Z,45.037,-0.04139848053455353,0.9386985301971436,-0.1506403088569641
1614098599792,2021-02-23T16:44:12.539Z,45.077,-0.03846879303455353,0.9394309520721436,-0.1533258557319641
1614098599831,2021-02-23T16:44:12.550Z,45.116,-0.04213090240955353,0.9401633739471436,-0.1511285901069641
1614098599871,2021-02-23T16:44:12.552Z,45.156,-0.04115433990955353,0.9328391551971436,-0.1491754651069641
1614098599910,2021-02-23T16:44:12.564Z,45.195,-0.04408402740955353,0.9445579051971436,-0.1518610119819641
1614098599950,2021-02-23T16:44:12.566Z,45.235,-0.04286332428455353,0.9360129833221436,-0.1501520276069641
1614098599990,2021-02-23T16:44:12.568Z,45.275,-0.04286332428455353,0.9418723583221436,-0.1506403088569641
1614098600029,2021-02-23T16:44:12.579Z,45.314,-0.03993363678455353,0.9377219676971436,-0.1508844494819641
1614098600069,2021-02-23T16:44:12.582Z,45.354,-0.03920121490955353,0.9338157176971436,-0.1477106213569641
1614098600108,2021-02-23T16:44:12.584Z,45.393,-0.04213090240955353,0.9389426708221436,-0.1525934338569641
1614098600148,2021-02-23T16:44:12.596Z,45.433,-0.04066605865955353,0.9394309520721436,-0.1496637463569641
1614098600187,2021-02-23T16:44:12.598Z,45.472,-0.03480668365955353,0.9352805614471436,-0.1545465588569641
1614098600228,2021-02-23T16:44:12.611Z,45.513,-0.04750199615955353,0.9445579051971436,-0.1462457776069641
1614098600268,2021-02-23T16:44:12.612Z,45.553,-0.04335160553455353,0.9367454051971436,-0.1547906994819641
1614098600307,2021-02-23T16:44:12.613Z,45.592,-0.04213090240955353,0.9303977489471436,-0.1604059338569641
1614098600347,2021-02-23T16:44:12.625Z,45.632,-0.04579301178455353,0.9462668895721436,-0.1709039807319641
1614098600387,2021-02-23T16:44:12.627Z,45.672,-0.04896683990955353,0.9301536083221436,-0.1933649182319641
1614098600426,2021-02-23T16:44:12.629Z,45.711,-0.07313676178455353,0.9164817333221436,-0.2260797619819641
1614098600466,2021-02-23T16:44:12.640Z,45.751,-0.011369184590876102,0.9648215770721436,-0.2211969494819641
1614098600505,2021-02-23T16:44:12.643Z,45.79,-0.05848832428455353,0.9479758739471436,-0.1574762463569641
1614098600545,2021-02-23T16:44:12.654Z,45.83,-0.05555863678455353,0.9108664989471436,-0.2165582776069641
1614098600584,2021-02-23T16:44:12.656Z,45.869,-0.04774613678455353,0.9106223583221436,-0.2075250744819641
1614098600624,2021-02-23T16:44:12.658Z,45.909,-0.04579301178455353,0.9106223583221436,-0.1889703869819641
1614098600663,2021-02-23T16:44:12.670Z,45.948,-0.031144576147198677,0.9535911083221436,-0.1989801526069641
1614098600704,2021-02-23T16:44:12.672Z,45.989,-0.06678910553455353,0.9308860301971436,-0.1801813244819641
1614098600744,2021-02-23T16:44:12.674Z,46.029,-0.05311723053455353,0.9064719676971436,-0.1735895276069641
1614098600783,2021-02-23T16:44:12.685Z,46.068,-0.06092973053455353,0.9335715770721436,-0.1826227307319641
1614098600823,2021-02-23T16:44:12.687Z,46.108,-0.026750044897198677,0.9614036083221436,-0.1865289807319641
1614098600863,2021-02-23T16:44:12.689Z,46.148,-0.04628129303455353,0.9147727489471436,-0.1909235119819641
1614098600902,2021-02-23T16:44:12.700Z,46.187,-0.08143754303455353,0.9404075145721436,-0.2448785901069641
1614098600942,2021-02-23T16:44:12.702Z,46.227,-0.05897660553455353,0.9184348583221436,-0.2277887463569641
1614098600981,2021-02-23T16:44:12.714Z,46.266,-0.05677933990955353,0.9438254833221436,-0.2309625744819641
1614098601021,2021-02-23T16:44:12.716Z,46.306,-0.08778519928455353,0.9118430614471436,-0.2150934338569641
1614098601060,2021-02-23T16:44:12.719Z,46.345,-0.06044144928455353,0.9277122020721436,-0.2055719494819641
1614098601100,2021-02-23T16:44:12.730Z,46.385,-0.06849808990955353,0.9306418895721436,-0.2292535901069641
1614098601139,2021-02-23T16:44:12.732Z,46.424,-0.09828324615955353,0.9203879833221436,-0.2221735119819641
1614098601180,2021-02-23T16:44:12.734Z,46.465,-0.09462113678455353,0.8984153270721436,-0.2507379651069641
1614098601220,2021-02-23T16:44:12.745Z,46.505,-0.09486527740955353,0.9191672801971436,-0.2565973401069641
1614098601260,2021-02-23T16:44:12.747Z,46.545,-0.11293168365955353,0.9062278270721436,-0.2592828869819641
1614098601299,2021-02-23T16:44:12.759Z,46.584,-0.13783402740955353,0.8862082958221436,-0.2797906994819641
1614098601339,2021-02-23T16:44:12.761Z,46.624,-0.10536332428455353,0.9423606395721436,-0.2710016369819641
1614098601378,2021-02-23T16:44:12.763Z,46.663,-0.13246293365955353,0.8298118114471436,-0.2912653088569641
1614098601418,2021-02-23T16:44:12.774Z,46.703,-0.16810746490955353,0.9538352489471436,-0.3403375744819641
1614098601457,2021-02-23T16:44:12.777Z,46.742,-0.15883012115955353,0.8957297801971436,-0.3027399182319641
1614098601497,2021-02-23T16:44:12.779Z,46.782,-0.14271683990955353,0.8740012645721436,-0.3015192151069641
1614098601536,2021-02-23T16:44:12.790Z,46.821,-0.16468949615955353,0.9208762645721436,-0.2856500744819641
1614098601576,2021-02-23T16:44:12.792Z,46.861,-0.18080277740955353,0.8998801708221436,-0.2756403088569641
1614098601616,2021-02-23T16:44:12.804Z,46.901,-0.17616410553455353,0.8744895458221436,-0.2836969494819641
1614098601657,2021-02-23T16:44:12.806Z,46.942,-0.17079301178455353,0.9362571239471436,-0.2876031994819641
1614098601696,2021-02-23T16:44:12.808Z,46.981,-0.18959183990955353,0.9606711864471436,-0.2478082776069641
1614098601736,2021-02-23T16:44:12.819Z,47.021,-0.15272660553455353,0.8876731395721436,-0.2285211682319641
1614098601775,2021-02-23T16:44:12.822Z,47.06,-0.21229691803455353,0.9496848583221436,-0.2138727307319641
1614098601815,2021-02-23T16:44:12.824Z,47.1,-0.23133988678455353,0.9006125926971436,-0.2023981213569641
1614098601854,2021-02-23T16:44:12.835Z,47.139,-0.23597855865955353,0.9072043895721436,-0.2143610119819641
1614098601894,2021-02-23T16:44:12.837Z,47.179,-0.2581953704357147,0.9025657176971436,-0.1950739026069641
1614098601933,2021-02-23T16:44:12.839Z,47.218,-0.2796797454357147,0.8908469676971436,-0.1809137463569641
1614098601973,2021-02-23T16:44:12.850Z,47.258,-0.21791215240955353,0.8288352489471436,-0.1638239026069641
1614098602012,2021-02-23T16:44:12.852Z,47.297,-0.24403519928455353,0.9748313426971436,-0.1752985119819641
1614098602052,2021-02-23T16:44:12.864Z,47.337,-0.2679609954357147,0.8757102489471436,-0.1997125744819641
1614098602092,2021-02-23T16:44:12.866Z,47.377,-0.24891801178455353,0.9518821239471436,-0.2180231213569641
1614098602133,2021-02-23T16:44:12.869Z,47.418,-0.2767500579357147,0.8888938426971436,-0.1552789807319641
1614098602172,2021-02-23T16:44:12.880Z,47.457,-0.17469926178455353,0.7924582958221436,-0.2241266369819641
1614098602212,2021-02-23T16:44:12.882Z,47.497,-0.23133988678455353,0.9667747020721436,-0.1569879651069641
1614098602251,2021-02-23T16:44:12.884Z,47.536,-0.20033402740955353,0.8444602489471436,-0.2380426526069641
1614098602291,2021-02-23T16:44:12.895Z,47.576,-0.20521683990955353,0.8876731395721436,-0.1474664807319641
1614098602330,2021-02-23T16:44:12.897Z,47.615,-0.19154496490955353,0.8202903270721436,-0.11572820693254471
1614098602370,2021-02-23T16:44:12.910Z,47.655,-0.21034379303455353,1.0146262645721436,-0.2343805432319641
1614098602409,2021-02-23T16:44:12.912Z,47.694,-0.2711348235607147,1.1098411083221436,-0.1296442151069641
1614098602449,2021-02-23T16:44:12.914Z,47.734,-0.16395707428455353,0.8637473583221436,-0.1455133557319641
1614098602489,2021-02-23T16:44:12.925Z,47.774,-0.13783402740955353,0.9120872020721436,-0.10303289443254471
1614098602528,2021-02-23T16:44:12.928Z,47.813,-0.17494340240955353,0.8652122020721436,-0.11255437880754471
1614098602569,2021-02-23T16:44:12.939Z,47.854,-0.18104691803455353,0.9347922801971436,-0.1267145276069641
1614098602609,2021-02-23T16:44:12.941Z,47.894,-0.21742387115955353,0.9821555614471436,-0.09863836318254471
1614098602648,2021-02-23T16:44:12.943Z,47.933,-0.17689652740955353,0.9172141551971436,-0.11646062880754471
1614098602688,2021-02-23T16:44:12.955Z,47.973,-0.18422074615955353,0.9198997020721436,-0.10864812880754471
1614098602727,2021-02-23T16:44:12.957Z,48.012,-0.19984574615955353,0.9074485301971436,-0.11279851943254471
1614098602767,2021-02-23T16:44:12.959Z,48.052,-0.18715043365955353,0.9286887645721436,-0.11035711318254471
1614098602806,2021-02-23T16:44:13.000Z,48.091,-0.19667191803455353,0.9501731395721436,-0.11987859755754471
1614098602846,2021-02-23T16:44:13.001Z,48.131,-0.23182816803455353,0.9267356395721436,-0.1440485119819641
1614098602886,2021-02-23T16:44:13.004Z,48.171,-0.22108598053455353,0.9223411083221436,-0.1325739026069641
1614098602925,2021-02-23T16:44:13.015Z,48.21,-0.21449418365955353,0.9284446239471436,-0.11133367568254471
1614098602965,2021-02-23T16:44:13.017Z,48.25,-0.20448441803455353,0.9201438426971436,-0.12305242568254471
1614098603004,2021-02-23T16:44:13.020Z,48.289,-0.19178910553455353,0.9377219676971436,-0.12109930068254471
1614098603045,2021-02-23T16:44:13.030Z,48.33,-0.19276566803455353,0.9333274364471436,-0.12158758193254471
1614098603085,2021-02-23T16:44:13.033Z,48.37,-0.18837113678455353,0.9318625926971436,-0.11646062880754471
1614098603124,2021-02-23T16:44:13.044Z,48.409,-0.19862504303455353,0.9150168895721436,-0.10693914443254471
1614098603164,2021-02-23T16:44:13.046Z,48.449,-0.19056840240955353,0.9284446239471436,-0.11157781630754471
1614098603203,2021-02-23T16:44:13.048Z,48.488,-0.20350785553455353,0.9152610301971436,-0.11133367568254471
1614098603243,2021-02-23T16:44:13.060Z,48.528,-0.18861527740955353,0.9269797801971436,-0.10693914443254471
1614098603283,2021-02-23T16:44:13.062Z,48.568,-0.18568558990955353,0.9379661083221436,-0.11011297255754471
1614098603322,2021-02-23T16:44:13.064Z,48.607,-0.20179887115955353,0.9206321239471436,-0.10230047255754471
1614098603362,2021-02-23T16:44:13.075Z,48.647,-0.17152543365955353,0.9211204051971436,-0.11743719130754471
1614098603401,2021-02-23T16:44:13.077Z,48.686,-0.20082230865955353,0.9413840770721436,-0.11279851943254471
1614098603441,2021-02-23T16:44:13.079Z,48.726,-0.20985551178455353,0.9487082958221436,-0.11426336318254471
1614098603480,2021-02-23T16:44:13.090Z,48.765,-0.20375199615955353,0.9081809520721436,-0.11768133193254471
1614098603521,2021-02-23T16:44:13.092Z,48.806,-0.20448441803455353,0.9108664989471436,-0.10864812880754471
1614098603561,2021-02-23T16:44:13.104Z,48.846,-0.19300980865955353,0.9335715770721436,-0.11426336318254471
1614098603600,2021-02-23T16:44:13.106Z,48.885,-0.20131058990955353,0.9267356395721436,-0.11255437880754471
1614098603640,2021-02-23T16:44:13.108Z,48.925,-0.20716996490955353,0.9321067333221436,-0.11255437880754471
1614098603679,2021-02-23T16:44:13.119Z,48.964,-0.20008988678455353,0.9357688426971436,-0.11231023818254471
1614098603719,2021-02-23T16:44:13.122Z,49.004,-0.20008988678455353,0.9035422801971436,-0.10840398818254471
1614098603759,2021-02-23T16:44:13.124Z,49.044,-0.19154496490955353,0.9330832958221436,-0.11987859755754471
1614098603798,2021-02-23T16:44:13.135Z,49.083,-0.20497269928455353,0.9355247020721436,-0.10327703505754471
1614098603838,2021-02-23T16:44:13.138Z,49.123,-0.19447465240955353,0.9191672801971436,-0.11792547255754471
1614098603877,2021-02-23T16:44:13.149Z,49.162,-0.19545121490955353,0.9269797801971436,-0.10913641005754471
1614098603917,2021-02-23T16:44:13.151Z,49.202,-0.20863480865955353,0.9250266551971436,-0.1298883557319641
1614098603956,2021-02-23T16:44:13.153Z,49.241,-0.20399613678455353,0.9179465770721436,-0.12232000380754471
1614098603997,2021-02-23T16:44:13.165Z,49.282,-0.19838090240955353,0.9245383739471436,-0.11450750380754471
1614098604037,2021-02-23T16:44:13.167Z,49.322,-0.20057816803455353,0.9335715770721436,-0.10376531630754471
1614098604076,2021-02-23T16:44:13.169Z,49.361,-0.19593949615955353,0.9262473583221436,-0.09937078505754471
1614098604116,2021-02-23T16:44:13.180Z,49.401,-0.18861527740955353,0.9213645458221436,-0.09961492568254471
1614098604156,2021-02-23T16:44:13.182Z,49.441,-0.19838090240955353,0.9401633739471436,-0.10767156630754471
1614098604195,2021-02-23T16:44:13.184Z,49.48,-0.19325394928455353,0.9208762645721436,-0.11353094130754471
1614098604235,2021-02-23T16:44:13.195Z,49.52,-0.19520707428455353,0.9147727489471436,-0.11231023818254471
1614098604274,2021-02-23T16:44:13.197Z,49.559,-0.19691605865955353,0.9357688426971436,-0.11523992568254471
1614098604314,2021-02-23T16:44:13.209Z,49.599,-0.18910355865955353,0.9321067333221436,-0.11353094130754471
1614098604353,2021-02-23T16:44:13.211Z,49.638,-0.20033402740955353,0.9218528270721436,-0.11719305068254471
1614098604393,2021-02-23T16:44:13.213Z,49.678,-0.19911332428455353,0.9306418895721436,-0.11890203505754471
1614098604432,2021-02-23T16:44:13.224Z,49.717,-0.20350785553455353,0.9296653270721436,-0.1252496838569641
1614098604473,2021-02-23T16:44:13.227Z,49.758,-0.19520707428455353,0.9172141551971436,-0.11890203505754471
1614098604513,2021-02-23T16:44:13.229Z,49.798,-0.18788285553455353,0.9325950145721436,-0.11353094130754471
1614098604553,2021-02-23T16:44:13.240Z,49.838,-0.20961137115955353,0.9245383739471436,-0.12280828505754471
1614098604592,2021-02-23T16:44:13.242Z,49.877,-0.19423051178455353,0.9196555614471436,-0.12061101943254471
1614098604632,2021-02-23T16:44:13.244Z,49.917,-0.19960160553455353,0.9284446239471436,-0.11597234755754471
1614098604671,2021-02-23T16:44:13.255Z,49.956,-0.19569535553455353,0.9164817333221436,-0.11548406630754471
1614098604711,2021-02-23T16:44:13.257Z,49.996,-0.18568558990955353,0.9125754833221436,-0.11011297255754471
1614098604750,2021-02-23T16:44:13.259Z,50.035,-0.20179887115955353,0.9352805614471436,-0.12012273818254471
1614098604790,2021-02-23T16:44:13.271Z,50.075,-0.20008988678455353,0.9343039989471436,-0.11987859755754471
1614098604829,2021-02-23T16:44:13.274Z,50.114,-0.19325394928455353,0.9372336864471436,-0.11572820693254471
1614098604869,2021-02-23T16:44:13.285Z,50.154,-0.19960160553455353,0.9157493114471436,-0.1262262463569641
1614098604908,2021-02-23T16:44:13.287Z,50.193,-0.20106644928455353,0.9321067333221436,-0.12109930068254471
1614098604950,2021-02-23T16:44:13.289Z,50.235,-0.19764848053455353,0.9223411083221436,-0.12402898818254471
1614098604989,2021-02-23T16:44:13.300Z,50.274,-0.19862504303455353,0.9203879833221436,-0.12329656630754471
1614098605029,2021-02-23T16:44:13.302Z,50.314,-0.19984574615955353,0.9325950145721436,-0.1267145276069641
1614098605068,2021-02-23T16:44:13.304Z,50.353,-0.20082230865955353,0.9208762645721436,-0.12427312880754471
1614098605108,2021-02-23T16:44:13.316Z,50.393,-0.18641801178455353,0.9196555614471436,-0.12329656630754471
1614098605147,2021-02-23T16:44:13.318Z,50.432,-0.18739457428455353,0.9120872020721436,-0.1259821057319641
1614098605187,2021-02-23T16:44:13.329Z,50.472,-0.19227738678455353,0.9352805614471436,-0.11499578505754471
1614098605226,2021-02-23T16:44:13.331Z,50.511,-0.20204301178455353,0.9391868114471436,-0.11426336318254471
1614098605266,2021-02-23T16:44:13.335Z,50.551,-0.18885941803455353,0.9133079051971436,-0.12280828505754471
1614098605305,2021-02-23T16:44:13.345Z,50.59,-0.19300980865955353,0.9323508739471436,-0.11694891005754471
1614098605345,2021-02-23T16:44:13.347Z,50.63,-0.18690629303455353,0.9301536083221436,-0.12085516005754471
1614098605385,2021-02-23T16:44:13.349Z,50.67,-0.20497269928455353,0.9272239208221436,-0.11987859755754471
1614098605426,2021-02-23T16:44:13.361Z,50.711,-0.19935746490955353,0.9145286083221436,-0.1252496838569641
1614098605465,2021-02-23T16:44:13.363Z,50.75,-0.19081254303455353,0.9155051708221436,-0.11523992568254471
1614098605505,2021-02-23T16:44:13.375Z,50.79,-0.19423051178455353,0.9413840770721436,-0.11743719130754471
1614098605544,2021-02-23T16:44:13.376Z,50.829,-0.20497269928455353,0.9289329051971436,-0.1257379651069641
1614098605584,2021-02-23T16:44:13.379Z,50.869,-0.20008988678455353,0.9262473583221436,-0.11231023818254471
1614098605623,2021-02-23T16:44:13.390Z,50.908,-0.19227738678455353,0.9255149364471436,-0.12158758193254471
1614098605663,2021-02-23T16:44:13.392Z,50.948,-0.19886918365955353,0.9303977489471436,-0.11694891005754471
1614098605702,2021-02-23T16:44:13.394Z,50.987,-0.20350785553455353,0.9162375926971436,-0.11279851943254471
1614098605742,2021-02-23T16:44:13.405Z,51.027,-0.19740433990955353,0.9321067333221436,-0.11157781630754471
1614098605782,2021-02-23T16:44:13.407Z,51.067,-0.19496293365955353,0.9164817333221436,-0.10864812880754471
1614098605821,2021-02-23T16:44:13.409Z,51.106,-0.19178910553455353,0.9296653270721436,-0.11597234755754471
1614098605861,2021-02-23T16:44:13.421Z,51.146,-0.21815629303455353,0.9418723583221436,-0.11377508193254471
1614098605902,2021-02-23T16:44:13.424Z,51.187,-0.20253129303455353,0.9081809520721436,-0.11719305068254471
1614098605941,2021-02-23T16:44:13.466Z,51.226,-0.20082230865955353,0.9291770458221436,-0.10327703505754471
1614098605981,2021-02-23T16:44:13.468Z,51.266,-0.20668168365955353,0.9289329051971436,-0.10864812880754471
1614098606020,2021-02-23T16:44:13.479Z,51.305,-0.20936723053455353,0.9062278270721436,-0.11377508193254471
1614098606060,2021-02-23T16:44:13.481Z,51.345,-0.19520707428455353,0.9382102489471436,-0.11353094130754471
1614098606099,2021-02-23T16:44:13.484Z,51.384,-0.19642777740955353,0.9360129833221436,-0.11548406630754471
1614098606139,2021-02-23T16:44:13.495Z,51.424,-0.19813676178455353,0.9286887645721436,-0.11279851943254471
1614098606179,2021-02-23T16:44:13.497Z,51.464,-0.20106644928455353,0.9074485301971436,-0.11060125380754471
1614098606218,2021-02-23T16:44:13.499Z,51.503,-0.19276566803455353,0.9225852489471436,-0.10742742568254471
1614098606258,2021-02-23T16:44:13.510Z,51.543,-0.21473832428455353,0.9338157176971436,-0.11133367568254471
1614098606297,2021-02-23T16:44:13.512Z,51.582,-0.19862504303455353,0.9037864208221436,-0.11646062880754471
1614098606337,2021-02-23T16:44:13.514Z,51.622,-0.19960160553455353,0.9357688426971436,-0.11060125380754471
1614098606378,2021-02-23T16:44:13.526Z,51.663,-0.20619340240955353,0.9362571239471436,-0.10962469130754471
1614098606417,2021-02-23T16:44:13.528Z,51.702,-0.20424027740955353,0.9365012645721436,-0.11914617568254471
1614098606457,2021-02-23T16:44:13.539Z,51.742,-0.20765824615955353,0.9128196239471436,-0.11743719130754471
1614098606496,2021-02-23T16:44:13.541Z,51.781,-0.19862504303455353,0.9140403270721436,-0.11304266005754471
1614098606536,2021-02-23T16:44:13.543Z,51.821,-0.20790238678455353,0.9333274364471436,-0.11621648818254471
1614098606575,2021-02-23T16:44:13.555Z,51.86,-0.20204301178455353,0.9223411083221436,-0.11768133193254471
1614098606615,2021-02-23T16:44:13.557Z,51.9,-0.20375199615955353,0.9306418895721436,-0.11353094130754471
1614098606655,2021-02-23T16:44:13.559Z,51.94,-0.18715043365955353,0.9216086864471436,-0.11133367568254471
1614098606694,2021-02-23T16:44:13.570Z,51.979,-0.19178910553455353,0.9325950145721436,-0.11572820693254471
1614098606734,2021-02-23T16:44:13.573Z,52.019,-0.20961137115955353,0.9267356395721436,-0.11060125380754471
1614098606773,2021-02-23T16:44:13.584Z,52.058,-0.19764848053455353,0.9028098583221436,-0.11548406630754471
1614098606813,2021-02-23T16:44:13.586Z,52.098,-0.20375199615955353,0.9374778270721436,-0.10864812880754471
1614098606854,2021-02-23T16:44:13.588Z,52.139,-0.21302933990955353,0.9235618114471436,-0.11987859755754471
1614098606893,2021-02-23T16:44:13.600Z,52.178,-0.20790238678455353,0.9250266551971436,-0.11743719130754471
1614098606933,2021-02-23T16:44:13.602Z,52.218,-0.20716996490955353,0.9284446239471436,-0.11939031630754471
1614098606972,2021-02-23T16:44:13.604Z,52.257,-0.20131058990955353,0.9260032176971436,-0.12207586318254471
1614098607012,2021-02-23T16:44:13.615Z,52.297,-0.20155473053455353,0.9318625926971436,-0.11646062880754471
1614098607052,2021-02-23T16:44:13.617Z,52.337,-0.18885941803455353,0.9216086864471436,-0.11816961318254471
1614098607091,2021-02-23T16:44:13.620Z,52.376,-0.19130082428455353,0.9247825145721436,-0.11499578505754471
1614098607131,2021-02-23T16:44:13.630Z,52.416,-0.20131058990955353,0.9264914989471436,-0.11426336318254471
1614098607170,2021-02-23T16:44:13.633Z,52.455,-0.19520707428455353,0.9269797801971436,-0.11987859755754471
1614098607210,2021-02-23T16:44:13.644Z,52.495,-0.19691605865955353,0.9279563426971436,-0.12207586318254471
1614098607249,2021-02-23T16:44:13.646Z,52.534,-0.19960160553455353,0.9211204051971436,-0.12012273818254471
1614098607289,2021-02-23T16:44:13.648Z,52.574,-0.19838090240955353,0.9245383739471436,-0.11499578505754471
1614098607328,2021-02-23T16:44:13.659Z,52.613,-0.20472855865955353,0.9213645458221436,-0.12476141005754471
1614098607369,2021-02-23T16:44:13.662Z,52.654,-0.19593949615955353,0.9284446239471436,-0.12158758193254471
1614098607409,2021-02-23T16:44:13.664Z,52.694,-0.20253129303455353,0.9284446239471436,-0.11816961318254471
1614098607449,2021-02-23T16:44:13.675Z,52.734,-0.19178910553455353,0.9216086864471436,-0.12085516005754471
1614098607488,2021-02-23T16:44:13.677Z,52.773,-0.20350785553455353,0.9335715770721436,-0.11914617568254471
1614098607528,2021-02-23T16:44:13.679Z,52.813,-0.19496293365955353,0.9255149364471436,-0.12402898818254471
1614098607567,2021-02-23T16:44:13.690Z,52.852,-0.19178910553455353,0.9255149364471436,-0.12085516005754471
1614098607607,2021-02-23T16:44:13.693Z,52.892,-0.19886918365955353,0.9172141551971436,-0.11987859755754471
1614098607646,2021-02-23T16:44:13.705Z,52.931,-0.20033402740955353,0.9303977489471436,-0.11646062880754471
1614098607686,2021-02-23T16:44:13.707Z,52.971,-0.19642777740955353,0.9238059520721436,-0.11987859755754471
1614098607725,2021-02-23T16:44:13.709Z,53.01,-0.19398637115955353,0.9174582958221436,-0.11353094130754471
1614098607765,2021-02-23T16:44:13.720Z,53.05,-0.19935746490955353,0.9267356395721436,-0.11987859755754471
1614098607804,2021-02-23T16:44:13.722Z,53.089,-0.20546098053455353,0.9260032176971436,-0.12256414443254471
1614098607846,2021-02-23T16:44:13.724Z,53.131,-0.19398637115955353,0.9225852489471436,-0.11914617568254471
1614098607885,2021-02-23T16:44:13.735Z,53.17,-0.19471879303455353,0.9196555614471436,-0.12109930068254471
1614098607925,2021-02-23T16:44:13.738Z,53.21,-0.20448441803455353,0.9264914989471436,-0.1274469494819641
1614098607964,2021-02-23T16:44:13.749Z,53.249,-0.21034379303455353,0.9264914989471436,-0.12427312880754471
1614098608004,2021-02-23T16:44:13.751Z,53.289,-0.19691605865955353,0.9282004833221436,-0.1289117932319641
1614098608043,2021-02-23T16:44:13.753Z,53.328,-0.20106644928455353,0.9269797801971436,-0.12109930068254471
1614098608083,2021-02-23T16:44:13.764Z,53.368,-0.19081254303455353,0.9211204051971436,-0.11816961318254471
1614098608122,2021-02-23T16:44:13.767Z,53.407,-0.20106644928455353,0.9289329051971436,-0.1294000744819641
1614098608162,2021-02-23T16:44:13.769Z,53.447,-0.19374223053455353,0.9294211864471436,-0.12085516005754471
1614098608201,2021-02-23T16:44:13.780Z,53.486,-0.19325394928455353,0.9201438426971436,-0.1272028088569641
1614098608241,2021-02-23T16:44:13.782Z,53.526,-0.20057816803455353,0.9167258739471436,-0.1272028088569641
1614098608281,2021-02-23T16:44:13.784Z,53.566,-0.19374223053455353,0.9294211864471436,-0.11182195693254471
1614098608322,2021-02-23T16:44:13.795Z,53.607,-0.19911332428455353,0.9216086864471436,-0.11743719130754471
1614098608361,2021-02-23T16:44:13.797Z,53.646,-0.18959183990955353,0.9311301708221436,-0.11499578505754471
1614098608401,2021-02-23T16:44:13.799Z,53.686,-0.19545121490955353,0.9282004833221436,-0.12232000380754471
1614098608440,2021-02-23T16:44:13.811Z,53.725,-0.18373246490955353,0.9272239208221436,-0.12061101943254471
1614098608480,2021-02-23T16:44:13.813Z,53.765,-0.19838090240955353,0.9218528270721436,-0.12280828505754471
1614098608519,2021-02-23T16:44:13.824Z,53.804,-0.19716019928455353,0.9303977489471436,-0.12061101943254471
1614098608559,2021-02-23T16:44:13.826Z,53.844,-0.19374223053455353,0.9316184520721436,-0.11816961318254471
1614098608598,2021-02-23T16:44:13.829Z,53.883,-0.19447465240955353,0.9325950145721436,-0.12036687880754471
1614098608638,2021-02-23T16:44:13.840Z,53.923,-0.19789262115955353,0.9169700145721436,-0.11914617568254471
1614098608678,2021-02-23T16:44:13.842Z,53.963,-0.19984574615955353,0.9401633739471436,-0.1274469494819641
1614098608717,2021-02-23T16:44:13.844Z,54.002,-0.19886918365955353,0.9174582958221436,-0.1269586682319641
1614098608757,2021-02-23T16:44:13.856Z,54.042,-0.20228715240955353,0.9282004833221436,-0.1281793713569641
1614098608796,2021-02-23T16:44:13.858Z,54.081,-0.19227738678455353,0.9242942333221436,-0.11670476943254471
1614098608837,2021-02-23T16:44:13.869Z,54.122,-0.19789262115955353,0.9257590770721436,-0.11816961318254471
1614098608877,2021-02-23T16:44:13.871Z,54.162,-0.20033402740955353,0.9325950145721436,-0.12036687880754471
1614098608916,2021-02-23T16:44:13.874Z,54.201,-0.20106644928455353,0.9282004833221436,-0.1259821057319641
1614098608956,2021-02-23T16:44:13.885Z,54.241,-0.20008988678455353,0.9072043895721436,-0.12305242568254471
1614098608995,2021-02-23T16:44:13.887Z,54.28,-0.19886918365955353,0.9350364208221436,-0.12183172255754471
1614098609035,2021-02-23T16:44:13.930Z,54.32,-0.19496293365955353,0.9391868114471436,-0.11646062880754471
1614098609075,2021-02-23T16:44:13.932Z,54.36,-0.19398637115955353,0.9106223583221436,-0.1250055432319641
1614098609114,2021-02-23T16:44:13.934Z,54.399,-0.21009965240955353,0.9264914989471436,-0.12427312880754471
1614098609154,2021-02-23T16:44:13.946Z,54.439,-0.21425004303455353,0.9167258739471436,-0.1284235119819641
1614098609193,2021-02-23T16:44:13.947Z,54.478,-0.18177933990955353,0.9284446239471436,-0.10352117568254471
1614098609233,2021-02-23T16:44:13.949Z,54.518,-0.18397660553455353,0.9216086864471436,-0.11157781630754471
1614098609272,2021-02-23T16:44:13.960Z,54.557,-0.19423051178455353,0.9262473583221436,-0.12158758193254471
1614098609313,2021-02-23T16:44:13.963Z,54.598,-0.21400590240955353,0.9345481395721436,-0.1308649182319641
1614098609353,2021-02-23T16:44:13.975Z,54.638,-0.21840043365955353,0.9423606395721436,-0.1433160901069641
1614098609392,2021-02-23T16:44:13.976Z,54.677,-0.22645707428455353,0.9323508739471436,-0.1406305432319641
1614098609432,2021-02-23T16:44:13.979Z,54.717,-0.21937699615955353,0.9282004833221436,-0.1521051526069641
1614098609471,2021-02-23T16:44:13.991Z,54.756,-0.20057816803455353,0.9198997020721436,-0.1408746838569641
1614098609511,2021-02-23T16:44:13.992Z,54.796,-0.17958207428455353,0.9047629833221436,-0.1696832776069641
1614098609551,2021-02-23T16:44:13.994Z,54.836,-0.16395707428455353,0.9318625926971436,-0.1640680432319641
1614098609590,2021-02-23T16:44:14.006Z,54.875,-0.18910355865955353,0.8932883739471436,-0.1877496838569641
1614098609630,2021-02-23T16:44:14.008Z,54.915,-0.19618363678455353,0.9125754833221436,-0.1889703869819641
1614098609669,2021-02-23T16:44:14.019Z,54.954,-0.21937699615955353,0.8920676708221436,-0.2036188244819641
1614098609710,2021-02-23T16:44:14.021Z,54.995,-0.21009965240955353,0.8913352489471436,-0.1679742932319641
1614098609748,2021-02-23T16:44:14.025Z,55.033,-0.20155473053455353,0.8930442333221436,-0.1648004651069641
1614098609789,2021-02-23T16:44:14.035Z,55.074,-0.19056840240955353,0.9018332958221436,-0.1652887463569641
1614098609829,2021-02-23T16:44:14.037Z,55.114,-0.18495316803455353,0.8324973583221436,-0.1586969494819641
1614098609868,2021-02-23T16:44:14.039Z,55.153,-0.21888871490955353,0.9223411083221436,-0.1872614026069641
1614098609908,2021-02-23T16:44:14.051Z,55.193,-0.23524613678455353,0.9823997020721436,-0.2085016369819641
1614098609948,2021-02-23T16:44:14.053Z,55.233,-0.24598832428455353,0.9545676708221436,-0.1950739026069641
1614098609987,2021-02-23T16:44:14.064Z,55.272,-0.21376176178455353,0.9120872020721436,-0.1962946057319641
1614098610027,2021-02-23T16:44:14.066Z,55.312,-0.19300980865955353,0.9394309520721436,-0.1955621838569641
1614098610066,2021-02-23T16:44:14.069Z,55.351,-0.20863480865955353,0.9081809520721436,-0.1914117932319641
1614098610106,2021-02-23T16:44:14.080Z,55.391,-0.22035355865955353,0.9389426708221436,-0.2143610119819641
1614098610145,2021-02-23T16:44:14.082Z,55.43,-0.19374223053455353,0.9145286083221436,-0.1884821057319641
1614098610185,2021-02-23T16:44:14.084Z,55.47,-0.15516801178455353,0.9032981395721436,-0.2011774182319641
1614098610224,2021-02-23T16:44:14.095Z,55.509,-0.16298051178455353,0.9511497020721436,-0.1853082776069641
1614098610264,2021-02-23T16:44:14.097Z,55.549,-0.12635941803455353,0.9177024364471436,-0.2185114026069641
1614098610305,2021-02-23T16:44:14.099Z,55.59,-0.15052933990955353,0.9247825145721436,-0.2236383557319641
1614098610345,2021-02-23T16:44:14.111Z,55.63,-0.13612504303455353,0.9303977489471436,-0.2285211682319641
1614098610384,2021-02-23T16:44:14.113Z,55.669,-0.15223832428455353,0.8783957958221436,-0.2246149182319641
1614098610424,2021-02-23T16:44:14.124Z,55.709,-0.11512894928455353,0.9096457958221436,-0.2209528088569641
1614098610463,2021-02-23T16:44:14.126Z,55.748,-0.08949418365955353,0.9408957958221436,-0.1835992932319641
1614098610503,2021-02-23T16:44:14.128Z,55.788,-0.10780473053455353,0.8774192333221436,-0.2053278088569641
1614098610542,2021-02-23T16:44:14.140Z,55.827,-0.09779496490955353,0.9416282176971436,-0.2014215588569641
1614098610582,2021-02-23T16:44:14.142Z,55.867,-0.10853715240955353,0.9484641551971436,-0.2055719494819641
1614098610621,2021-02-23T16:44:14.144Z,55.906,-0.08119340240955353,0.9675071239471436,-0.1801813244819641
1614098610661,2021-02-23T16:44:14.155Z,55.946,-0.08119340240955353,0.9377219676971436,-0.1696832776069641
1614098610700,2021-02-23T16:44:14.158Z,55.985,-0.09047074615955353,0.9421164989471436,-0.1748102307319641
1614098610740,2021-02-23T16:44:14.160Z,56.025,-0.09242387115955353,0.9506614208221436,-0.1855524182319641
1614098610781,2021-02-23T16:44:14.170Z,56.066,-0.07069535553455353,0.9379661083221436,-0.1789606213569641
1614098610821,2021-02-23T16:44:14.172Z,56.106,-0.07435746490955353,0.9162375926971436,-0.2033746838569641
1614098610860,2021-02-23T16:44:14.184Z,56.145,-0.06947465240955353,0.9233176708221436,-0.2055719494819641
1614098610900,2021-02-23T16:44:14.186Z,56.185,-0.05360551178455353,0.9518821239471436,-0.1960504651069641
1614098610939,2021-02-23T16:44:14.188Z,56.224,-0.07777543365955353,0.9008567333221436,-0.1926324963569641
1614098610979,2021-02-23T16:44:14.199Z,56.264,-0.05116410553455353,0.9833762645721436,-0.1926324963569641
1614098611018,2021-02-23T16:44:14.202Z,56.303,-0.03431840240955353,0.9455344676971436,-0.1804254651069641
1614098611058,2021-02-23T16:44:14.205Z,56.343,-0.04799027740955353,0.9023215770721436,-0.1892145276069641
1614098611097,2021-02-23T16:44:14.215Z,56.382,-0.03798051178455353,0.9592063426971436,-0.2016656994819641
1614098611137,2021-02-23T16:44:14.217Z,56.422,-0.03529496490955353,0.9069602489471436,-0.1906793713569641
1614098611177,2021-02-23T16:44:14.229Z,56.462,-0.05800004303455353,0.9216086864471436,-0.1950739026069641
1614098611216,2021-02-23T16:44:14.231Z,56.501,-0.04310746490955353,0.9316184520721436,-0.1938531994819641
1614098611257,2021-02-23T16:44:14.233Z,56.542,-0.03675980865955353,0.9548118114471436,-0.1738336682319641
1614098611297,2021-02-23T16:44:14.245Z,56.582,-0.04213090240955353,0.9208762645721436,-0.1691949963569641
1614098611336,2021-02-23T16:44:14.247Z,56.621,-0.04652543365955353,0.9311301708221436,-0.1696832776069641
1614098611376,2021-02-23T16:44:14.249Z,56.661,-0.03431840240955353,0.9357688426971436,-0.1826227307319641
1614098611415,2021-02-23T16:44:14.260Z,56.7,-0.07338090240955353,0.9609153270721436,-0.1840875744819641
1614098611455,2021-02-23T16:44:14.263Z,56.74,-0.06825394928455353,0.9633567333221436,-0.1377008557319641
1614098611494,2021-02-23T16:44:14.265Z,56.779,-0.017228560522198677,0.8857200145721436,-0.10449773818254471
1614098611534,2021-02-23T16:44:14.275Z,56.819,-0.017716841772198677,0.9733664989471436,-0.11450750380754471
1614098611574,2021-02-23T16:44:14.278Z,56.859,-0.04042191803455353,0.9509055614471436,-0.1591852307319641
1614098611613,2021-02-23T16:44:14.289Z,56.898,-0.05214066803455353,0.9177024364471436,-0.2033746838569641
1614098611653,2021-02-23T16:44:14.291Z,56.938,-0.06630082428455353,0.9352805614471436,-0.2248590588569641
1614098611692,2021-02-23T16:44:14.293Z,56.977,-0.05970902740955353,0.9528586864471436,-0.1926324963569641
1614098611733,2021-02-23T16:44:14.304Z,57.018,-0.04383988678455353,0.9374778270721436,-0.1709039807319641
1614098611773,2021-02-23T16:44:14.307Z,57.058,-0.04017777740955353,0.9345481395721436,-0.1635797619819641
1614098611812,2021-02-23T16:44:14.309Z,57.097,-0.04017777740955353,0.9343039989471436,-0.1667535901069641
1614098611852,2021-02-23T16:44:14.320Z,57.137,-0.04335160553455353,0.9350364208221436,-0.1611383557319641
1614098611891,2021-02-23T16:44:14.322Z,57.176,-0.04042191803455353,0.9338157176971436,-0.1477106213569641
1614098611931,2021-02-23T16:44:14.325Z,57.216,-0.04286332428455353,0.9408957958221436,-0.1538141369819641
1614098611971,2021-02-23T16:44:14.335Z,57.256,-0.04725785553455353,0.9355247020721436,-0.1638239026069641
1614098612010,2021-02-23T16:44:14.338Z,57.295,-0.04921098053455353,0.9330832958221436,-0.1672418713569641
1614098612050,2021-02-23T16:44:14.339Z,57.335,-0.04872269928455353,0.9360129833221436,-0.1704156994819641
1614098612089,2021-02-23T16:44:14.351Z,57.374,-0.05018754303455353,0.9245383739471436,-0.1677301526069641
1614098612129,2021-02-23T16:44:14.353Z,57.414,-0.04652543365955353,0.9426047801971436,-0.1674860119819641
1614098612168,2021-02-23T16:44:14.381Z,57.453,-0.03920121490955353,0.9391868114471436,-0.1711481213569641
1614098612209,2021-02-23T16:44:14.383Z,57.494,-0.04823441803455353,0.9386985301971436,-0.1420953869819641
1614098612249,2021-02-23T16:44:14.394Z,57.534,-0.04457230865955353,0.9289329051971436,-0.1550348401069641
1614098612288,2021-02-23T16:44:14.396Z,57.573,-0.04481644928455353,0.9404075145721436,-0.1579645276069641
1614098612328,2021-02-23T16:44:14.399Z,57.613,-0.04701371490955353,0.9428489208221436,-0.1545465588569641
1614098612367,2021-02-23T16:44:14.410Z,57.652,-0.04481644928455353,0.9272239208221436,-0.1633356213569641
1614098612407,2021-02-23T16:44:14.412Z,57.692,-0.04823441803455353,0.9421164989471436,-0.1601617932319641
1614098612447,2021-02-23T16:44:14.414Z,57.732,-0.04799027740955353,0.9345481395721436,-0.1606500744819641
1614098612486,2021-02-23T16:44:14.426Z,57.771,-0.04799027740955353,0.9423606395721436,-0.1667535901069641
1614098612526,2021-02-23T16:44:14.428Z,57.811,-0.04408402740955353,0.9452903270721436,-0.1594293713569641
1614098612565,2021-02-23T16:44:14.430Z,57.85,-0.04945512115955353,0.9316184520721436,-0.1501520276069641
1614098612605,2021-02-23T16:44:14.440Z,57.89,-0.04237504303455353,0.9308860301971436,-0.1555231213569641
1614098612644,2021-02-23T16:44:14.444Z,57.929,-0.04603715240955353,0.9428489208221436,-0.1679742932319641
1614098612685,2021-02-23T16:44:14.455Z,57.97,-0.05751176178455353,0.9452903270721436,-0.1774957776069641
1614098612725,2021-02-23T16:44:14.457Z,58.01,-0.05140824615955353,0.9328391551971436,-0.1630914807319641
1614098612764,2021-02-23T16:44:14.459Z,58.049,-0.04091019928455353,0.9311301708221436,-0.1491754651069641
1614098612804,2021-02-23T16:44:14.470Z,58.089,-0.04066605865955353,0.9396750926971436,-0.1516168713569641
1614098612844,2021-02-23T16:44:14.472Z,58.129,-0.04261918365955353,0.9377219676971436,-0.1643121838569641
1614098612883,2021-02-23T16:44:14.475Z,58.168,-0.04579301178455353,0.9313743114471436,-0.1723688244819641
1614098612923,2021-02-23T16:44:14.485Z,58.208,-0.05287308990955353,0.9416282176971436,-0.1574762463569641
1614098612962,2021-02-23T16:44:14.488Z,58.247,-0.05384965240955353,0.9318625926971436,-0.1657770276069641
1614098613002,2021-02-23T16:44:14.499Z,58.287,-0.04799027740955353,0.9365012645721436,-0.1667535901069641
1614098613041,2021-02-23T16:44:14.501Z,58.326,-0.04188676178455353,0.9384543895721436,-0.1640680432319641
1614098613081,2021-02-23T16:44:14.503Z,58.366,-0.04652543365955353,0.9367454051971436,-0.1691949963569641
1614098613120,2021-02-23T16:44:14.515Z,58.405,-0.04701371490955353,0.9321067333221436,-0.1677301526069641
1614098613160,2021-02-23T16:44:14.517Z,58.445,-0.04676957428455353,0.9372336864471436,-0.1643121838569641
1614098613201,2021-02-23T16:44:14.519Z,58.486,-0.04530473053455353,0.9362571239471436,-0.1674860119819641
1614098613241,2021-02-23T16:44:14.531Z,58.526,-0.05018754303455353,0.9396750926971436,-0.1709039807319641
1614098613280,2021-02-23T16:44:14.533Z,58.565,-0.05360551178455353,0.9399192333221436,-0.1648004651069641
1614098613320,2021-02-23T16:44:14.544Z,58.605,-0.04799027740955353,0.9345481395721436,-0.1687067151069641
1614098613359,2021-02-23T16:44:14.546Z,58.644,-0.04994340240955353,0.9408957958221436,-0.1628473401069641
1614098613399,2021-02-23T16:44:14.549Z,58.684,-0.04823441803455353,0.9343039989471436,-0.1665094494819641
1614098613438,2021-02-23T16:44:14.560Z,58.723,-0.04921098053455353,0.9394309520721436,-0.1648004651069641
1614098613478,2021-02-23T16:44:14.562Z,58.763,-0.04676957428455353,0.9313743114471436,-0.1618707776069641
1614098613517,2021-02-23T16:44:14.564Z,58.802,-0.04847855865955353,0.9438254833221436,-0.1691949963569641
1614098613557,2021-02-23T16:44:14.575Z,58.842,-0.04847855865955353,0.9360129833221436,-0.1648004651069641
1614098613596,2021-02-23T16:44:14.578Z,58.881,-0.04774613678455353,0.9264914989471436,-0.1760309338569641
1614098613637,2021-02-23T16:44:14.589Z,58.922,-0.05433793365955353,0.9491965770721436,-0.1616266369819641
1614098613677,2021-02-23T16:44:14.591Z,58.962,-0.05018754303455353,0.9269797801971436,-0.1694391369819641
1614098613717,2021-02-23T16:44:14.594Z,59.002,-0.04750199615955353,0.9338157176971436,-0.1721246838569641
1614098613756,2021-02-23T16:44:14.605Z,59.041,-0.04383988678455353,0.9369895458221436,-0.1757867932319641
1614098613796,2021-02-23T16:44:14.607Z,59.081,-0.04945512115955353,0.9389426708221436,-0.1767633557319641
1614098613835,2021-02-23T16:44:14.609Z,59.12,-0.04628129303455353,0.9360129833221436,-0.1770074963569641
1614098613875,2021-02-23T16:44:14.620Z,59.16,-0.05018754303455353,0.9323508739471436,-0.1767633557319641
1614098613914,2021-02-23T16:44:14.622Z,59.199,-0.05116410553455353,0.9474875926971436,-0.1821344494819641
1614098613954,2021-02-23T16:44:14.624Z,59.239,-0.05531449615955353,0.9494407176971436,-0.1887262463569641
1614098613993,2021-02-23T16:44:14.635Z,59.278,-0.06092973053455353,0.9386985301971436,-0.2014215588569641
1614098614033,2021-02-23T16:44:14.638Z,59.318,-0.05775590240955353,0.9101340770721436,-0.2131403088569641
1614098614073,2021-02-23T16:44:14.649Z,59.358,-0.05751176178455353,0.9489524364471436,-0.1967828869819641
1614098614112,2021-02-23T16:44:14.652Z,59.397,-0.030412154272198677,0.8849875926971436,-0.1848199963569641
1614098614153,2021-02-23T16:44:14.654Z,59.438,-0.04603715240955353,0.9196555614471436,-0.2121637463569641
1614098614193,2021-02-23T16:44:14.665Z,59.478,-0.05726762115955353,0.9289329051971436,-0.2202203869819641
1614098614232,2021-02-23T16:44:14.667Z,59.517,-0.07167191803455353,0.9111106395721436,-0.2253473401069641
1614098614272,2021-02-23T16:44:14.670Z,59.557,-0.09755082428455353,0.9445579051971436,-0.2133844494819641
1614098614311,2021-02-23T16:44:14.680Z,59.596,-0.07533402740955353,0.9059836864471436,-0.1694391369819641
1614098614351,2021-02-23T16:44:14.683Z,59.636,-0.030168013647198677,0.9069602489471436,-0.1577203869819641
1614098614390,2021-02-23T16:44:14.694Z,59.675,-0.014543012715876102,1.0026633739471436,-0.1626031994819641
1614098614430,2021-02-23T16:44:14.696Z,59.715,-0.06312699615955353,0.9377219676971436,-0.1862848401069641
1614098614470,2021-02-23T16:44:14.698Z,59.755,-0.04579301178455353,0.9438254833221436,-0.1845758557319641
1614098614509,2021-02-23T16:44:14.710Z,59.794,-0.09559769928455353,0.9452903270721436,-0.2224176526069641
1614098614549,2021-02-23T16:44:14.712Z,59.834,-0.11610551178455353,0.9137961864471436,-0.2236383557319641
1614098614588,2021-02-23T16:44:14.714Z,59.873,-0.10365433990955353,0.9172141551971436,-0.2390192151069641
1614098614629,2021-02-23T16:44:14.725Z,59.914,-0.10170121490955353,0.9282004833221436,-0.2104547619819641
1614098614669,2021-02-23T16:44:14.728Z,59.954,-0.08387894928455353,0.9091575145721436,-0.2263239026069641
1614098614708,2021-02-23T16:44:14.730Z,59.993,-0.12123246490955353,0.9636008739471436,-0.2324274182319641
1614098614748,2021-02-23T16:44:14.740Z,60.033,-0.11073441803455353,0.8657004833221436,-0.2529352307319641
1614098614787,2021-02-23T16:44:14.742Z,60.072,-0.09633012115955353,0.9330832958221436,-0.2399957776069641
1614098614827,2021-02-23T16:44:14.754Z,60.112,-0.12318558990955353,0.9467551708221436,-0.2341364026069641
1614098614867,2021-02-23T16:44:14.756Z,60.152,-0.10365433990955353,0.8954856395721436,-0.2495172619819641
1614098614906,2021-02-23T16:44:14.758Z,60.191,-0.12342973053455353,0.9030539989471436,-0.2475641369819641
1614098614946,2021-02-23T16:44:14.769Z,60.231,-0.11000199615955353,0.9191672801971436,-0.2475641369819641
1614098614985,2021-02-23T16:44:14.772Z,60.27,-0.12855668365955353,0.9238059520721436,-0.2312067151069641
1614098615025,2021-02-23T16:44:14.774Z,60.31,-0.13661332428455353,0.8896262645721436,-0.2307184338569641
1614098615064,2021-02-23T16:44:14.785Z,60.349,-0.18007035553455353,0.9626243114471436,-0.2282770276069641
1614098615105,2021-02-23T16:44:14.788Z,60.39,-0.12709183990955353,0.8996360301971436,-0.2443903088569641
1614098615145,2021-02-23T16:44:14.790Z,60.43,-0.14027543365955353,0.8796164989471436,-0.2551324963569641
1614098615184,2021-02-23T16:44:14.801Z,60.469,-0.16224808990955353,0.9235618114471436,-0.2705133557319641
1614098615224,2021-02-23T16:44:14.803Z,60.509,-0.16005082428455353,0.8805930614471436,-0.2441461682319641
1614098615263,2021-02-23T16:44:14.845Z,60.548,-0.13954301178455353,0.9118430614471436,-0.2490289807319641
1614098615303,2021-02-23T16:44:14.847Z,60.588,-0.17665238678455353,0.9321067333221436,-0.2514703869819641
1614098615343,2021-02-23T16:44:14.859Z,60.628,-0.16591019928455353,0.8622825145721436,-0.2575739026069641
1614098615382,2021-02-23T16:44:14.861Z,60.667,-0.16249223053455353,0.9521262645721436,-0.2585504651069641
1614098615422,2021-02-23T16:44:14.863Z,60.707,-0.14149613678455353,0.8984153270721436,-0.2294977307319641
1614098615461,2021-02-23T16:44:14.874Z,60.746,-0.20057816803455353,0.9823997020721436,-0.2446344494819641
1614098615501,2021-02-23T16:44:14.877Z,60.786,-0.16517777740955353,0.9235618114471436,-0.2204645276069641
1614098615540,2021-02-23T16:44:14.879Z,60.825,-0.23207230865955353,0.8637473583221436,-0.2265680432319641
1614098615581,2021-02-23T16:44:14.890Z,60.866,-0.20643754303455353,0.8537375926971436,-0.2058160901069641
1614098615621,2021-02-23T16:44:14.892Z,60.906,-0.20228715240955353,0.9111106395721436,-0.2209528088569641
1614098615660,2021-02-23T16:44:14.894Z,60.945,-0.2677168548107147,0.8862082958221436,-0.2209528088569641
1614098615700,2021-02-23T16:44:14.905Z,60.985,-0.16664262115955353,0.8989036083221436,-0.2202203869819641
1614098615740,2021-02-23T16:44:14.908Z,61.025,-0.21644730865955353,0.9357688426971436,-0.2143610119819641
1614098615779,2021-02-23T16:44:14.910Z,61.064,-0.23597855865955353,0.9435813426971436,-0.2492731213569641
1614098615819,2021-02-23T16:44:14.921Z,61.104,-0.20277543365955353,0.9362571239471436,-0.1809137463569641
1614098615858,2021-02-23T16:44:14.923Z,61.143,-0.23964066803455353,0.8925559520721436,-0.2163141369819641
1614098615898,2021-02-23T16:44:14.934Z,61.183,-0.20546098053455353,0.9079368114471436,-0.2204645276069641
1614098615937,2021-02-23T16:44:14.936Z,61.222,-0.2638106048107147,0.9882590770721436,-0.2268121838569641
1614098615977,2021-02-23T16:44:14.940Z,61.262,-0.13026566803455353,0.7638938426971436,-0.1884821057319641
1614098616016,2021-02-23T16:44:14.951Z,61.301,-0.08680863678455353,0.8241965770721436,-0.1269586682319641
1614098616057,2021-02-23T16:44:14.953Z,61.342,-0.2757734954357147,1.0441672801971436,-0.2231500744819641
1614098616097,2021-02-23T16:44:14.955Z,61.382,-0.18666215240955353,1.0285422801971436,-0.2050836682319641
1614098616137,2021-02-23T16:44:14.966Z,61.422,-0.18324418365955353,0.8891379833221436,-0.10913641005754471
1614098616176,2021-02-23T16:44:14.968Z,61.461,-0.17714066803455353,0.7895286083221436,-0.1782281994819641
1614098616216,2021-02-23T16:44:14.979Z,61.501,-0.16005082428455353,0.9445579051971436,-0.11499578505754471
1614098616255,2021-02-23T16:44:14.981Z,61.54,-0.22279496490955353,0.9804465770721436,-0.11231023818254471
1614098616295,2021-02-23T16:44:14.984Z,61.58,-0.16298051178455353,0.9426047801971436,-0.10400945693254471
1614098616334,2021-02-23T16:44:14.995Z,61.619,-0.18300004303455353,0.9072043895721436,-0.12109930068254471
1614098616374,2021-02-23T16:44:14.997Z,61.659,-0.19203324615955353,0.9113547801971436,-0.10742742568254471
1614098616413,2021-02-23T16:44:15.000Z,61.698,-0.16883988678455353,0.9924094676971436,-0.10425359755754471
1614098616453,2021-02-23T16:44:15.011Z,61.738,-0.22425980865955353,0.9628684520721436,-0.06299383193254471
1614098616492,2021-02-23T16:44:15.013Z,61.777,-0.18300004303455353,0.9211204051971436,-0.10327703505754471
1614098616533,2021-02-23T16:44:15.024Z,61.818,-0.22548051178455353,0.9111106395721436,-0.12061101943254471
1614098616573,2021-02-23T16:44:15.026Z,61.858,-0.20863480865955353,0.9003684520721436,-0.12085516005754471
1614098616613,2021-02-23T16:44:15.029Z,61.898,-0.19056840240955353,0.9360129833221436,-0.11597234755754471
1614098616652,2021-02-23T16:44:15.040Z,61.937,-0.23353715240955353,0.8903586864471436,-0.1320856213569641
1614098616692,2021-02-23T16:44:15.042Z,61.977,-0.20521683990955353,0.9450461864471436,-0.11426336318254471
1614098616731,2021-02-23T16:44:15.044Z,62.016,-0.20253129303455353,0.9394309520721436,-0.09375555068254471
1614098616771,2021-02-23T16:44:15.055Z,62.056,-0.18617387115955353,0.9155051708221436,-0.09058172255754471
1614098616810,2021-02-23T16:44:15.057Z,62.095,-0.18470902740955353,0.9333274364471436,-0.09180242568254471
1614098616850,2021-02-23T16:44:15.060Z,62.135,-0.21302933990955353,0.9272239208221436,-0.10181219130754471
1614098616889,2021-02-23T16:44:15.071Z,62.174,-0.19178910553455353,0.9164817333221436,-0.09937078505754471
1614098616929,2021-02-23T16:44:15.073Z,62.214,-0.20350785553455353,0.9230735301971436,-0.09912664443254471
1614098616970,2021-02-23T16:44:15.084Z,62.255,-0.19471879303455353,0.9164817333221436,-0.09595281630754471
1614098617010,2021-02-23T16:44:15.086Z,62.295,-0.18666215240955353,0.9511497020721436,-0.08838445693254471
1614098617049,2021-02-23T16:44:15.090Z,62.334,-0.20790238678455353,0.9123313426971436,-0.11890203505754471
1614098617089,2021-02-23T16:44:15.101Z,62.374,-0.19593949615955353,0.9233176708221436,-0.09888250380754471
1614098617128,2021-02-23T16:44:15.103Z,62.413,-0.20057816803455353,0.9391868114471436,-0.09888250380754471
1614098617168,2021-02-23T16:44:15.105Z,62.453,-0.20375199615955353,0.9091575145721436,-0.11060125380754471
1614098617207,2021-02-23T16:44:15.116Z,62.492,-0.19984574615955353,0.9294211864471436,-0.09961492568254471
1614098617247,2021-02-23T16:44:15.118Z,62.532,-0.18934769928455353,0.9343039989471436,-0.10376531630754471
1614098617286,2021-02-23T16:44:15.130Z,62.571,-0.19838090240955353,0.9279563426971436,-0.10620672255754471
1614098617326,2021-02-23T16:44:15.131Z,62.611,-0.19838090240955353,0.9433372020721436,-0.09985906630754471
1614098617366,2021-02-23T16:44:15.135Z,62.651,-0.20863480865955353,0.9177024364471436,-0.09766180068254471
1614098617405,2021-02-23T16:44:15.148Z,62.69,-0.20008988678455353,0.9238059520721436,-0.10327703505754471
1614098617445,2021-02-23T16:44:15.149Z,62.73,-0.20424027740955353,0.9223411083221436,-0.10864812880754471
1614098617486,2021-02-23T16:44:15.150Z,62.771,-0.18885941803455353,0.9184348583221436,-0.09717351943254471
1614098617525,2021-02-23T16:44:15.161Z,62.81,-0.19252152740955353,0.9416282176971436,-0.09107000380754471
1614098617565,2021-02-23T16:44:15.163Z,62.85,-0.19618363678455353,0.9299094676971436,-0.09741766005754471
1614098617604,2021-02-23T16:44:15.175Z,62.889,-0.20741410553455353,0.9277122020721436,-0.10547430068254471
1614098617644,2021-02-23T16:44:15.176Z,62.929,-0.20424027740955353,0.9325950145721436,-0.09839422255754471
1614098617683,2021-02-23T16:44:15.179Z,62.968,-0.20497269928455353,0.9155051708221436,-0.10327703505754471
1614098617723,2021-02-23T16:44:15.190Z,63.008,-0.20179887115955353,0.9094016551971436,-0.09692937880754471
1614098617762,2021-02-23T16:44:15.192Z,63.047,-0.19911332428455353,0.9474875926971436,-0.09790594130754471
1614098617802,2021-02-23T16:44:15.194Z,63.087,-0.19789262115955353,0.9306418895721436,-0.09839422255754471
1614098617842,2021-02-23T16:44:15.206Z,63.127,-0.19154496490955353,0.9047629833221436,-0.11133367568254471
1614098617881,2021-02-23T16:44:15.208Z,63.166,-0.19545121490955353,0.9487082958221436,-0.10571844130754471
1614098617922,2021-02-23T16:44:15.210Z,63.207,-0.20155473053455353,0.9196555614471436,-0.10230047255754471
1614098617962,2021-02-23T16:44:15.220Z,63.247,-0.20716996490955353,0.9040305614471436,-0.10889226943254471
1614098618001,2021-02-23T16:44:15.223Z,63.286,-0.19593949615955353,0.9528586864471436,-0.08838445693254471
1614098618041,2021-02-23T16:44:15.234Z,63.326,-0.18812699615955353,0.9150168895721436,-0.10596258193254471
1614098618080,2021-02-23T16:44:15.236Z,63.365,-0.19789262115955353,0.9311301708221436,-0.09766180068254471
1614098618120,2021-02-23T16:44:15.238Z,63.405,-0.19032426178455353,0.9325950145721436,-0.09741766005754471
1614098618159,2021-02-23T16:44:15.250Z,63.444,-0.19423051178455353,0.9277122020721436,-0.09131414443254471
1614098618199,2021-02-23T16:44:15.252Z,63.484,-0.19325394928455353,0.9338157176971436,-0.09912664443254471
1614098618239,2021-02-23T16:44:15.254Z,63.524,-0.21327348053455353,0.9101340770721436,-0.11304266005754471
1614098618278,2021-02-23T16:44:15.265Z,63.563,-0.19545121490955353,0.9260032176971436,-0.10107976943254471
1614098618318,2021-02-23T16:44:15.267Z,63.603,-0.20131058990955353,0.9372336864471436,-0.10205633193254471
1614098618357,2021-02-23T16:44:15.269Z,63.642,-0.20131058990955353,0.9284446239471436,-0.10815984755754471
1614098618398,2021-02-23T16:44:15.312Z,63.683,-0.19252152740955353,0.9223411083221436,-0.10620672255754471
1614098618438,2021-02-23T16:44:15.314Z,63.723,-0.19838090240955353,0.9208762645721436,-0.10156805068254471
1614098618477,2021-02-23T16:44:15.325Z,63.762,-0.18763871490955353,0.9291770458221436,-0.09912664443254471
1614098618517,2021-02-23T16:44:15.327Z,63.802,-0.18470902740955353,0.9264914989471436,-0.09302312880754471
1614098618556,2021-02-23T16:44:15.330Z,63.841,-0.20155473053455353,0.9257590770721436,-0.10913641005754471
1614098618596,2021-02-23T16:44:15.341Z,63.881,-0.19545121490955353,0.9396750926971436,-0.10132391005754471
1614098618636,2021-02-23T16:44:15.343Z,63.921,-0.19227738678455353,0.9260032176971436,-0.09888250380754471
1614098618675,2021-02-23T16:44:15.354Z,63.96,-0.18617387115955353,0.9262473583221436,-0.09790594130754471
1614098618715,2021-02-23T16:44:15.356Z,64,-0.20814652740955353,0.9399192333221436,-0.09741766005754471
1614098618754,2021-02-23T16:44:15.359Z,64.039,-0.19081254303455353,0.9220969676971436,-0.10156805068254471
1614098618794,2021-02-23T16:44:15.371Z,64.079,-0.20008988678455353,0.9179465770721436,-0.09863836318254471
1614098618833,2021-02-23T16:44:15.373Z,64.118,-0.19520707428455353,0.9328391551971436,-0.09937078505754471
1614098618874,2021-02-23T16:44:15.384Z,64.159,-0.21058793365955353,0.9430930614471436,-0.10254461318254471
1614098618914,2021-02-23T16:44:15.386Z,64.199,-0.19227738678455353,0.9162375926971436,-0.10376531630754471
1614098618953,2021-02-23T16:44:15.388Z,64.238,-0.19593949615955353,0.9269797801971436,-0.09619695693254471
1614098618993,2021-02-23T16:44:15.400Z,64.278,-0.19813676178455353,0.9413840770721436,-0.10376531630754471
1614098619033,2021-02-23T16:44:15.402Z,64.318,-0.20228715240955353,0.9198997020721436,-0.10669500380754471
1614098619072,2021-02-23T16:44:15.404Z,64.357,-0.19203324615955353,0.9257590770721436,-0.10523016005754471
1614098619112,2021-02-23T16:44:15.415Z,64.397,-0.20839066803455353,0.9347922801971436,-0.09937078505754471
1614098619151,2021-02-23T16:44:15.418Z,64.436,-0.19618363678455353,0.9079368114471436,-0.10986883193254471
1614098619191,2021-02-23T16:44:15.420Z,64.476,-0.20521683990955353,0.9343039989471436,-0.09790594130754471
1614098619230,2021-02-23T16:44:15.431Z,64.515,-0.19471879303455353,0.9311301708221436,-0.10059148818254471
1614098619270,2021-02-23T16:44:15.433Z,64.555,-0.19349808990955353,0.9355247020721436,-0.10181219130754471
1614098619309,2021-02-23T16:44:15.444Z,64.594,-0.20790238678455353,0.9374778270721436,-0.10718328505754471
1614098619350,2021-02-23T16:44:15.446Z,64.635,-0.19789262115955353,0.9008567333221436,-0.11353094130754471
1614098619390,2021-02-23T16:44:15.448Z,64.675,-0.19838090240955353,0.9294211864471436,-0.10010320693254471
1614098619429,2021-02-23T16:44:15.459Z,64.714,-0.19886918365955353,0.9257590770721436,-0.10107976943254471
1614098619469,2021-02-23T16:44:15.462Z,64.754,-0.20301957428455353,0.9396750926971436,-0.08936101943254471
1614098619509,2021-02-23T16:44:15.464Z,64.794,-0.19447465240955353,0.9203879833221436,-0.09888250380754471
1614098619548,2021-02-23T16:44:15.475Z,64.833,-0.19447465240955353,0.9355247020721436,-0.09619695693254471
1614098619588,2021-02-23T16:44:15.477Z,64.873,-0.19813676178455353,0.9262473583221436,-0.10059148818254471
1614098619627,2021-02-23T16:44:15.480Z,64.912,-0.20350785553455353,0.9091575145721436,-0.10230047255754471
1614098619667,2021-02-23T16:44:15.491Z,64.952,-0.19813676178455353,0.9308860301971436,-0.09717351943254471
1614098619706,2021-02-23T16:44:15.493Z,64.991,-0.21498246490955353,0.9223411083221436,-0.09937078505754471
1614098619746,2021-02-23T16:44:15.504Z,65.031,-0.19960160553455353,0.9233176708221436,-0.09497625380754471
1614098619785,2021-02-23T16:44:15.507Z,65.07,-0.20008988678455353,0.9365012645721436,-0.09741766005754471
1614098619826,2021-02-23T16:44:15.509Z,65.111,-0.18934769928455353,0.9230735301971436,-0.09399969130754471
1614098619866,2021-02-23T16:44:15.520Z,65.151,-0.20472855865955353,0.9323508739471436,-0.09522039443254471
1614098619906,2021-02-23T16:44:15.522Z,65.191,-0.20131058990955353,0.9267356395721436,-0.10498601943254471
1614098619945,2021-02-23T16:44:15.525Z,65.23,-0.21302933990955353,0.9218528270721436,-0.09668523818254471
1614098619985,2021-02-23T16:44:15.536Z,65.27,-0.20131058990955353,0.9142844676971436,-0.09961492568254471
1614098620024,2021-02-23T16:44:15.538Z,65.309,-0.20741410553455353,0.9277122020721436,-0.09570867568254471
1614098620064,2021-02-23T16:44:15.540Z,65.349,-0.20741410553455353,0.9323508739471436,-0.09595281630754471
1614098620103,2021-02-23T16:44:15.551Z,65.388,-0.19178910553455353,0.9223411083221436,-0.09448797255754471
1614098620143,2021-02-23T16:44:15.554Z,65.428,-0.20155473053455353,0.9184348583221436,-0.10156805068254471
1614098620182,2021-02-23T16:44:15.565Z,65.467,-0.19886918365955353,0.9457786083221436,-0.09033758193254471
1614098620222,2021-02-23T16:44:15.567Z,65.507,-0.19911332428455353,0.9303977489471436,-0.09717351943254471
1614098620263,2021-02-23T16:44:15.570Z,65.548,-0.20179887115955353,0.9284446239471436,-0.09277898818254471
1614098620303,2021-02-23T16:44:15.581Z,65.588,-0.20082230865955353,0.9140403270721436,-0.10254461318254471
1614098620342,2021-02-23T16:44:15.583Z,65.627,-0.19911332428455353,0.9260032176971436,-0.10132391005754471
1614098620382,2021-02-23T16:44:15.585Z,65.667,-0.20253129303455353,0.9238059520721436,-0.09546453505754471
1614098620421,2021-02-23T16:44:15.596Z,65.706,-0.20741410553455353,0.9260032176971436,-0.09888250380754471
1614098620461,2021-02-23T16:44:15.598Z,65.746,-0.20106644928455353,0.9445579051971436,-0.10010320693254471
1614098620500,2021-02-23T16:44:15.609Z,65.785,-0.19886918365955353,0.9208762645721436,-0.10571844130754471
1614098620540,2021-02-23T16:44:15.612Z,65.825,-0.19423051178455353,0.9325950145721436,-0.08765203505754471
1614098620579,2021-02-23T16:44:15.614Z,65.864,-0.19471879303455353,0.9162375926971436,-0.10596258193254471
1614098620619,2021-02-23T16:44:15.625Z,65.904,-0.21180863678455353,0.9323508739471436,-0.10034734755754471
1614098620658,2021-02-23T16:44:15.627Z,65.943,-0.20546098053455353,0.9296653270721436,-0.10352117568254471
1614098620698,2021-02-23T16:44:15.630Z,65.983,-0.20912308990955353,0.9318625926971436,-0.09839422255754471
1614098620739,2021-02-23T16:44:15.641Z,66.024,-0.20033402740955353,0.9189231395721436,-0.09985906630754471
1614098620779,2021-02-23T16:44:15.643Z,66.064,-0.20326371490955353,0.9269797801971436,-0.10425359755754471
1614098620818,2021-02-23T16:44:15.654Z,66.103,-0.20253129303455353,0.9247825145721436,-0.10083562880754471
1614098620858,2021-02-23T16:44:15.657Z,66.143,-0.19056840240955353,0.9235618114471436,-0.09888250380754471
1614098620897,2021-02-23T16:44:15.659Z,66.182,-0.20179887115955353,0.9316184520721436,-0.09888250380754471
1614098620937,2021-02-23T16:44:15.670Z,66.222,-0.21132035553455353,0.9340598583221436,-0.09644109755754471
1614098620976,2021-02-23T16:44:15.672Z,66.261,-0.20008988678455353,0.9184348583221436,-0.10278875380754471
1614098621016,2021-02-23T16:44:15.675Z,66.301,-0.19911332428455353,0.9335715770721436,-0.09985906630754471
1614098621055,2021-02-23T16:44:15.686Z,66.34,-0.20057816803455353,0.9203879833221436,-0.10425359755754471
1614098621095,2021-02-23T16:44:15.688Z,66.38,-0.19569535553455353,0.9220969676971436,-0.10596258193254471
1614098621135,2021-02-23T16:44:15.699Z,66.42,-0.20057816803455353,0.9321067333221436,-0.09302312880754471
1614098621174,2021-02-23T16:44:15.702Z,66.459,-0.19789262115955353,0.9235618114471436,-0.10327703505754471
1614098621215,2021-02-23T16:44:15.704Z,66.5,-0.19667191803455353,0.9396750926971436,-0.09082586318254471
1614098621255,2021-02-23T16:44:15.715Z,66.54,-0.19374223053455353,0.9296653270721436,-0.09717351943254471
1614098621294,2021-02-23T16:44:15.717Z,66.579,-0.19813676178455353,0.9218528270721436,-0.10254461318254471
1614098621334,2021-02-23T16:44:15.720Z,66.619,-0.20033402740955353,0.9264914989471436,-0.10107976943254471
1614098621373,2021-02-23T16:44:15.731Z,66.658,-0.20155473053455353,0.9289329051971436,-0.10620672255754471
1614098621413,2021-02-23T16:44:15.733Z,66.698,-0.19838090240955353,0.9208762645721436,-0.10278875380754471
1614098621452,2021-02-23T16:44:15.735Z,66.737,-0.19911332428455353,0.9338157176971436,-0.09863836318254471
1614098621492,2021-02-23T16:44:15.776Z,66.777,-0.19886918365955353,0.9245383739471436,-0.10278875380754471
1614098621532,2021-02-23T16:44:15.778Z,66.817,-0.18959183990955353,0.9299094676971436,-0.10083562880754471
1614098621571,2021-02-23T16:44:15.790Z,66.856,-0.19960160553455353,0.9362571239471436,-0.10742742568254471
1614098621611,2021-02-23T16:44:15.792Z,66.896,-0.19178910553455353,0.9130637645721436,-0.10254461318254471
1614098621650,2021-02-23T16:44:15.794Z,66.935,-0.19935746490955353,0.9333274364471436,-0.09546453505754471
1614098621691,2021-02-23T16:44:15.805Z,66.976,-0.20033402740955353,0.9208762645721436,-0.10327703505754471
1614098621731,2021-02-23T16:44:15.808Z,67.016,-0.19862504303455353,0.9252707958221436,-0.10059148818254471
1614098621770,2021-02-23T16:44:15.810Z,67.055,-0.19398637115955353,0.9269797801971436,-0.10327703505754471
1614098621810,2021-02-23T16:44:15.821Z,67.095,-0.19545121490955353,0.9277122020721436,-0.10205633193254471
1614098621849,2021-02-23T16:44:15.823Z,67.134,-0.19032426178455353,0.9147727489471436,-0.09888250380754471
1614098621889,2021-02-23T16:44:15.834Z,67.174,-0.20326371490955353,0.9274680614471436,-0.10523016005754471
1614098621929,2021-02-23T16:44:15.836Z,67.214,-0.19593949615955353,0.9474875926971436,-0.10010320693254471
1614098621968,2021-02-23T16:44:15.839Z,67.253,-0.20131058990955353,0.9352805614471436,-0.10425359755754471
1614098622008,2021-02-23T16:44:15.849Z,67.293,-0.19276566803455353,0.9291770458221436,-0.09619695693254471
1614098622047,2021-02-23T16:44:15.852Z,67.332,-0.19349808990955353,0.9318625926971436,-0.10010320693254471
1614098622087,2021-02-23T16:44:15.854Z,67.372,-0.18470902740955353,0.9208762645721436,-0.09985906630754471
1614098622126,2021-02-23T16:44:15.865Z,67.411,-0.19203324615955353,0.9311301708221436,-0.10181219130754471
1614098622167,2021-02-23T16:44:15.867Z,67.452,-0.20521683990955353,0.9167258739471436,-0.10547430068254471
1614098622207,2021-02-23T16:44:15.870Z,67.492,-0.20155473053455353,0.9352805614471436,-0.10010320693254471
1614098622246,2021-02-23T16:44:15.881Z,67.531,-0.19984574615955353,0.9260032176971436,-0.10327703505754471
1614098622286,2021-02-23T16:44:15.883Z,67.571,-0.19105668365955353,0.9299094676971436,-0.10230047255754471
1614098622325,2021-02-23T16:44:15.894Z,67.61,-0.19423051178455353,0.9186789989471436,-0.11157781630754471
1614098622365,2021-02-23T16:44:15.896Z,67.65,-0.18739457428455353,0.9350364208221436,-0.09668523818254471
1614098622405,2021-02-23T16:44:15.898Z,67.69,-0.19569535553455353,0.9247825145721436,-0.10840398818254471
1614098622444,2021-02-23T16:44:15.910Z,67.729,-0.20961137115955353,0.9345481395721436,-0.10303289443254471
1614098622484,2021-02-23T16:44:15.912Z,67.769,-0.18422074615955353,0.9118430614471436,-0.09766180068254471
1614098622523,2021-02-23T16:44:15.915Z,67.808,-0.19325394928455353,0.9252707958221436,-0.10596258193254471
1614098622563,2021-02-23T16:44:15.926Z,67.848,-0.20033402740955353,0.9240500926971436,-0.10449773818254471
1614098622602,2021-02-23T16:44:15.928Z,67.887,-0.19667191803455353,0.9355247020721436,-0.09937078505754471
1614098622643,2021-02-23T16:44:15.939Z,67.928,-0.20619340240955353,0.9433372020721436,-0.09937078505754471
1614098622683,2021-02-23T16:44:15.941Z,67.968,-0.20692582428455353,0.9325950145721436,-0.10718328505754471
1614098622722,2021-02-23T16:44:15.943Z,68.007,-0.20619340240955353,0.9352805614471436,-0.10498601943254471
1614098622762,2021-02-23T16:44:15.954Z,68.047,-0.18397660553455353,0.9137961864471436,-0.09570867568254471
1614098622802,2021-02-23T16:44:15.957Z,68.087,-0.18519730865955353,0.9282004833221436,-0.09253484755754471
1614098622841,2021-02-23T16:44:15.959Z,68.126,-0.19032426178455353,0.9174582958221436,-0.11401922255754471
1614098622881,2021-02-23T16:44:15.970Z,68.166,-0.20131058990955353,0.9230735301971436,-0.11304266005754471
1614098622920,2021-02-23T16:44:15.972Z,68.205,-0.21425004303455353,0.9628684520721436,-0.10620672255754471
1614098622960,2021-02-23T16:44:15.975Z,68.245,-0.23011918365955353,0.9318625926971436,-0.1264703869819641
1614098622999,2021-02-23T16:44:15.986Z,68.284,-0.21595902740955353,0.9284446239471436,-0.1391656994819641
1614098623039,2021-02-23T16:44:15.988Z,68.324,-0.20131058990955353,0.9133079051971436,-0.1616266369819641
1614098623078,2021-02-23T16:44:15.990Z,68.363,-0.20399613678455353,0.9338157176971436,-0.1391656994819641
1614098623119,2021-02-23T16:44:16.001Z,68.404,-0.19813676178455353,0.8730247020721436,-0.1696832776069641
1614098623159,2021-02-23T16:44:16.003Z,68.444,-0.18226762115955353,0.8937766551971436,-0.1503961682319641
1614098623199,2021-02-23T16:44:16.014Z,68.484,-0.20399613678455353,0.9023215770721436,-0.1704156994819641
1614098623238,2021-02-23T16:44:16.016Z,68.523,-0.18837113678455353,0.9184348583221436,-0.1460016369819641
1614098623278,2021-02-23T16:44:16.019Z,68.563,-0.21351762115955353,0.8942649364471436,-0.1660211682319641
1614098623317,2021-02-23T16:44:16.030Z,68.602,-0.21058793365955353,0.8788840770721436,-0.1760309338569641
1614098623357,2021-02-23T16:44:16.032Z,68.642,-0.21547074615955353,0.8793723583221436,-0.1948297619819641
1614098623396,2021-02-23T16:44:16.034Z,68.681,-0.21376176178455353,0.9701926708221436,-0.1840875744819641
1614098623436,2021-02-23T16:44:16.046Z,68.721,-0.20057816803455353,0.9084250926971436,-0.1994684338569641
1614098623475,2021-02-23T16:44:16.049Z,68.76,-0.22572465240955353,0.9147727489471436,-0.2133844494819641
1614098623515,2021-02-23T16:44:16.060Z,68.8,-0.19618363678455353,0.9308860301971436,-0.1972711682319641
1614098623554,2021-02-23T16:44:16.062Z,68.839,-0.21913285553455353,0.9172141551971436,-0.2045953869819641
1614098623596,2021-02-23T16:44:16.064Z,68.881,-0.18519730865955353,0.9238059520721436,-0.2070367932319641
1614098623635,2021-02-23T16:44:16.075Z,68.92,-0.16175980865955353,0.8937766551971436,-0.1938531994819641
1614098623675,2021-02-23T16:44:16.077Z,68.96,-0.18153519928455353,0.8957297801971436,-0.2170465588569641
1614098623714,2021-02-23T16:44:16.079Z,68.999,-0.15834183990955353,0.9401633739471436,-0.2175348401069641
1614098623754,2021-02-23T16:44:16.091Z,69.039,-0.14906449615955353,0.9328391551971436,-0.2253473401069641
1614098623793,2021-02-23T16:44:16.093Z,69.078,-0.15077348053455353,0.9228293895721436,-0.2431696057319641
1614098623833,2021-02-23T16:44:16.095Z,69.118,-0.14662308990955353,0.9067161083221436,-0.2399957776069641
1614098623872,2021-02-23T16:44:16.106Z,69.157,-0.13124223053455353,0.9032981395721436,-0.2273004651069641
1614098623912,2021-02-23T16:44:16.108Z,69.197,-0.11293168365955353,0.9325950145721436,-0.2285211682319641
1614098623951,2021-02-23T16:44:16.119Z,69.236,-0.12587113678455353,0.9362571239471436,-0.2294977307319641
1614098623991,2021-02-23T16:44:16.122Z,69.276,-0.11659379303455353,0.9477317333221436,-0.2214410901069641
1614098624032,2021-02-23T16:44:16.124Z,69.317,-0.10194535553455353,0.8823020458221436,-0.2187555432319641
1614098624072,2021-02-23T16:44:16.136Z,69.357,-0.08509965240955353,0.9067161083221436,-0.2448785901069641
1614098624111,2021-02-23T16:44:16.138Z,69.396,-0.11805863678455353,0.9972922801971436,-0.2351129651069641
1614098624151,2021-02-23T16:44:16.140Z,69.436,-0.10194535553455353,0.8915793895721436,-0.2158258557319641
1614098624190,2021-02-23T16:44:16.151Z,69.475,-0.07679887115955353,0.9220969676971436,-0.2063043713569641
1614098624230,2021-02-23T16:44:16.153Z,69.515,-0.07948441803455353,0.9379661083221436,-0.2146051526069641
1614098624269,2021-02-23T16:44:16.165Z,69.554,-0.10707230865955353,0.8747336864471436,-0.2067926526069641
1614098624309,2021-02-23T16:44:16.166Z,69.594,-0.07216019928455353,0.9438254833221436,-0.2172906994819641
1614098624348,2021-02-23T16:44:16.169Z,69.633,-0.07093949615955353,0.9494407176971436,-0.1767633557319641
1614098624388,2021-02-23T16:44:16.180Z,69.673,-0.05507035553455353,0.9365012645721436,-0.1543024182319641
1614098624428,2021-02-23T16:44:16.182Z,69.713,-0.03358598053455353,0.9277122020721436,-0.1799371838569641
1614098624467,2021-02-23T16:44:16.184Z,69.752,-0.06239457428455353,0.9697043895721436,-0.1665094494819641
1614098624507,2021-02-23T16:44:16.196Z,69.792,-0.04774613678455353,0.9113547801971436,-0.1691949963569641
1614098624548,2021-02-23T16:44:16.198Z,69.833,-0.05262894928455353,0.9240500926971436,-0.1840875744819641
1614098624587,2021-02-23T16:44:16.241Z,69.872,-0.06044144928455353,0.9555442333221436,-0.1877496838569641
1614098624627,2021-02-23T16:44:16.242Z,69.912,-0.05116410553455353,0.9257590770721436,-0.2043512463569641
1614098624666,2021-02-23T16:44:16.245Z,69.951,-0.06117387115955353,0.9123313426971436,-0.1909235119819641
1614098624706,2021-02-23T16:44:16.256Z,69.991,-0.026505904272198677,0.9452903270721436,-0.1850641369819641
1614098624745,2021-02-23T16:44:16.259Z,70.03,-0.025285201147198677,0.9296653270721436,-0.1648004651069641
1614098624785,2021-02-23T16:44:16.269Z,70.07,-0.027238326147198677,0.9357688426971436,-0.1564996838569641
1614098624825,2021-02-23T16:44:16.271Z,70.11,-0.029191451147198677,0.8918235301971436,-0.1792047619819641
1614098624864,2021-02-23T16:44:16.274Z,70.149,-0.03212113678455353,0.9667747020721436,-0.1897028088569641
1614098624904,2021-02-23T16:44:16.285Z,70.189,-0.031144576147198677,0.9340598583221436,-0.1723688244819641
1614098624943,2021-02-23T16:44:16.287Z,70.228,-0.03944535553455353,0.8989036083221436,-0.1904352307319641
1614098624983,2021-02-23T16:44:16.289Z,70.268,-0.04115433990955353,0.9745872020721436,-0.1862848401069641
1614098625024,2021-02-23T16:44:16.300Z,70.309,-0.024552779272198677,0.9177024364471436,-0.1550348401069641
1614098625063,2021-02-23T16:44:16.303Z,70.348,-0.030412154272198677,0.9382102489471436,-0.1557672619819641
1614098625103,2021-02-23T16:44:16.305Z,70.388,-0.04457230865955353,0.9450461864471436,-0.1623590588569641
1614098625142,2021-02-23T16:44:16.316Z,70.427,-0.03212113678455353,0.9303977489471436,-0.1530817151069641
1614098625182,2021-02-23T16:44:16.318Z,70.467,-0.04286332428455353,0.9291770458221436,-0.1672418713569641
1614098625221,2021-02-23T16:44:16.329Z,70.506,-0.03602738678455353,0.9592063426971436,-0.1574762463569641
1614098625261,2021-02-23T16:44:16.331Z,70.546,-0.03724808990955353,0.9321067333221436,-0.1496637463569641
1614098625301,2021-02-23T16:44:16.334Z,70.586,-0.05287308990955353,0.9323508739471436,-0.1574762463569641
1614098625340,2021-02-23T16:44:16.344Z,70.625,-0.04164262115955353,0.9682395458221436,-0.1489313244819641
1614098625380,2021-02-23T16:44:16.347Z,70.665,-0.04359574615955353,0.9540793895721436,-0.1267145276069641
1614098625419,2021-02-23T16:44:16.349Z,70.704,-0.04628129303455353,0.9296653270721436,-0.1296442151069641
1614098625460,2021-02-23T16:44:16.360Z,70.745,-0.026750044897198677,0.9465110301971436,-0.1337946057319641
1614098625500,2021-02-23T16:44:16.362Z,70.785,-0.05751176178455353,0.9413840770721436,-0.11694891005754471
1614098625539,2021-02-23T16:44:16.365Z,70.824,-0.03968949615955353,0.9496848583221436,-0.09546453505754471
1614098625579,2021-02-23T16:44:16.376Z,70.864,-0.027970748022198677,0.9401633739471436,-0.07300359755754471
1614098625618,2021-02-23T16:44:16.378Z,70.903,-0.011857465840876102,0.9255149364471436,-0.09815008193254471
1614098625658,2021-02-23T16:44:16.380Z,70.943,-0.03163285553455353,0.9374778270721436,-0.1342828869819641
1614098625698,2021-02-23T16:44:16.391Z,70.983,-0.06703324615955353,0.9594504833221436,-0.1862848401069641
1614098625737,2021-02-23T16:44:16.393Z,71.022,-0.06996293365955353,0.9457786083221436,-0.1862848401069641
1614098625777,2021-02-23T16:44:16.404Z,71.062,-0.04310746490955353,0.9023215770721436,-0.1425836682319641
1614098625816,2021-02-23T16:44:16.406Z,71.101,-0.03163285553455353,0.9460227489471436,-0.1276910901069641
1614098625856,2021-02-23T16:44:16.409Z,71.141,-0.028459029272198677,0.9467551708221436,-0.1262262463569641
1614098625895,2021-02-23T16:44:16.420Z,71.18,-0.03651566803455353,0.9513938426971436,-0.1272028088569641
1614098625935,2021-02-23T16:44:16.422Z,71.22,-0.04091019928455353,0.9318625926971436,-0.12427312880754471
1614098625976,2021-02-23T16:44:16.425Z,71.261,-0.03749223053455353,0.9264914989471436,-0.1306207776069641
1614098626015,2021-02-23T16:44:16.436Z,71.3,-0.04432816803455353,0.9440696239471436,-0.1386774182319641
1614098626055,2021-02-23T16:44:16.438Z,71.34,-0.04457230865955353,0.9462668895721436,-0.1484430432319641
1614098626095,2021-02-23T16:44:16.440Z,71.38,-0.04554887115955353,0.9438254833221436,-0.1533258557319641
1614098626134,2021-02-23T16:44:16.451Z,71.419,-0.04335160553455353,0.9421164989471436,-0.1494196057319641
1614098626174,2021-02-23T16:44:16.453Z,71.459,-0.04042191803455353,0.9391868114471436,-0.1401422619819641
1614098626213,2021-02-23T16:44:16.465Z,71.498,-0.03651566803455353,0.9384543895721436,-0.1384332776069641
1614098626253,2021-02-23T16:44:16.466Z,71.538,-0.04359574615955353,0.9408957958221436,-0.1352594494819641
1614098626292,2021-02-23T16:44:16.469Z,71.577,-0.04066605865955353,0.9325950145721436,-0.1364801526069641
1614098626332,2021-02-23T16:44:16.480Z,71.617,-0.03920121490955353,0.9423606395721436,-0.1384332776069641
1614098626371,2021-02-23T16:44:16.482Z,71.656,-0.04017777740955353,0.9345481395721436,-0.1438043713569641
1614098626411,2021-02-23T16:44:16.484Z,71.696,-0.05067582428455353,0.9435813426971436,-0.1447809338569641
1614098626450,2021-02-23T16:44:16.496Z,71.735,-0.04286332428455353,0.9467551708221436,-0.1428278088569641
1614098626492,2021-02-23T16:44:16.498Z,71.777,-0.03846879303455353,0.9365012645721436,-0.1484430432319641
1614098626531,2021-02-23T16:44:16.500Z,71.816,-0.04725785553455353,0.9367454051971436,-0.1389215588569641
1614098626571,2021-02-23T16:44:16.511Z,71.856,-0.04261918365955353,0.9394309520721436,-0.1413629651069641
1614098626610,2021-02-23T16:44:16.514Z,71.895,-0.04237504303455353,0.9367454051971436,-0.1442926526069641
1614098626650,2021-02-23T16:44:16.524Z,71.935,-0.04628129303455353,0.9433372020721436,-0.1413629651069641
1614098626689,2021-02-23T16:44:16.526Z,71.974,-0.04164262115955353,0.9386985301971436,-0.1452692151069641
1614098626729,2021-02-23T16:44:16.528Z,72.014,-0.04432816803455353,0.9369895458221436,-0.1447809338569641
1614098626768,2021-02-23T16:44:16.540Z,72.053,-0.04457230865955353,0.9430930614471436,-0.1433160901069641
1614098626808,2021-02-23T16:44:16.542Z,72.093,-0.04286332428455353,0.9345481395721436,-0.1442926526069641
1614098626847,2021-02-23T16:44:16.544Z,72.132,-0.04603715240955353,0.9411399364471436,-0.1467340588569641
1614098626887,2021-02-23T16:44:16.555Z,72.172,-0.04213090240955353,0.9365012645721436,-0.1479547619819641
1614098626927,2021-02-23T16:44:16.558Z,72.212,-0.03700394928455353,0.9365012645721436,-0.1477106213569641
1614098626968,2021-02-23T16:44:16.560Z,72.253,-0.05214066803455353,0.9487082958221436,-0.1333063244819641
1614098627007,2021-02-23T16:44:16.571Z,72.292,-0.04286332428455353,0.9325950145721436,-0.1474664807319641
1614098627047,2021-02-23T16:44:16.573Z,72.332,-0.04213090240955353,0.9338157176971436,-0.1469781994819641
1614098627086,2021-02-23T16:44:16.585Z,72.371,-0.04017777740955353,0.9460227489471436,-0.1423395276069641
1614098627126,2021-02-23T16:44:16.586Z,72.411,-0.04286332428455353,0.9350364208221436,-0.1489313244819641
1614098627165,2021-02-23T16:44:16.589Z,72.45,-0.04481644928455353,0.9365012645721436,-0.1501520276069641
1614098627205,2021-02-23T16:44:16.599Z,72.49,-0.04725785553455353,0.9399192333221436,-0.1479547619819641
1614098627244,2021-02-23T16:44:16.602Z,72.529,-0.04652543365955353,0.9379661083221436,-0.1452692151069641
1614098627284,2021-02-23T16:44:16.605Z,72.569,-0.04164262115955353,0.9448020458221436,-0.1474664807319641
1614098627324,2021-02-23T16:44:16.616Z,72.609,-0.04042191803455353,0.9328391551971436,-0.1438043713569641
1614098627363,2021-02-23T16:44:16.618Z,72.648,-0.04432816803455353,0.9391868114471436,-0.1462457776069641
1614098627403,2021-02-23T16:44:16.630Z,72.688,-0.04457230865955353,0.9394309520721436,-0.1521051526069641
1614098627444,2021-02-23T16:44:16.632Z,72.729,-0.04530473053455353,0.9416282176971436,-0.1508844494819641
1614098627483,2021-02-23T16:44:16.634Z,72.768,-0.04872269928455353,0.9406516551971436,-0.1508844494819641
1614098627523,2021-02-23T16:44:16.645Z,72.808,-0.04432816803455353,0.9345481395721436,-0.1489313244819641
1614098627562,2021-02-23T16:44:16.647Z,72.847,-0.04676957428455353,0.9455344676971436,-0.1518610119819641
1614098627602,2021-02-23T16:44:16.649Z,72.887,-0.04701371490955353,0.9377219676971436,-0.1560114026069641
1614098627641,2021-02-23T16:44:16.660Z,72.926,-0.04115433990955353,0.9345481395721436,-0.1543024182319641
1614098627681,2021-02-23T16:44:16.662Z,72.966,-0.04994340240955353,0.9448020458221436,-0.1433160901069641
1614098627721,2021-02-23T16:44:16.691Z,73.006,-0.04628129303455353,0.9269797801971436,-0.1525934338569641
1614098627760,2021-02-23T16:44:16.694Z,73.045,-0.04457230865955353,0.9465110301971436,-0.1501520276069641
1614098627800,2021-02-23T16:44:16.705Z,73.085,-0.03675980865955353,0.9377219676971436,-0.1435602307319641
1614098627839,2021-02-23T16:44:16.707Z,73.124,-0.04261918365955353,0.9286887645721436,-0.1618707776069641
1614098627879,2021-02-23T16:44:16.709Z,73.164,-0.04603715240955353,0.9465110301971436,-0.1582086682319641
1614098627920,2021-02-23T16:44:16.721Z,73.205,-0.04506058990955353,0.9159934520721436,-0.1538141369819641
1614098627959,2021-02-23T16:44:16.723Z,73.244,-0.04432816803455353,0.9352805614471436,-0.1655328869819641
1614098627999,2021-02-23T16:44:16.725Z,73.284,-0.05287308990955353,0.9455344676971436,-0.1630914807319641
1614098628038,2021-02-23T16:44:16.736Z,73.323,-0.05214066803455353,0.9308860301971436,-0.1643121838569641
1614098628078,2021-02-23T16:44:16.739Z,73.363,-0.05043168365955353,0.9284446239471436,-0.1865289807319641
1614098628117,2021-02-23T16:44:16.749Z,73.402,-0.04579301178455353,0.9594504833221436,-0.1628473401069641
1614098628157,2021-02-23T16:44:16.751Z,73.442,-0.03798051178455353,0.9538352489471436,-0.1579645276069641
1614098628197,2021-02-23T16:44:16.754Z,73.482,-0.04481644928455353,0.9316184520721436,-0.1748102307319641
1614098628236,2021-02-23T16:44:16.766Z,73.521,-0.06605668365955353,0.9306418895721436,-0.1752985119819641
1614098628276,2021-02-23T16:44:16.768Z,73.561,-0.04188676178455353,0.9384543895721436,-0.1792047619819641
1614098628315,2021-02-23T16:44:16.780Z,73.6,-0.05336137115955353,0.9428489208221436,-0.1970270276069641
1614098628355,2021-02-23T16:44:16.781Z,73.64,-0.05067582428455353,0.9372336864471436,-0.1706598401069641
1614098628396,2021-02-23T16:44:16.784Z,73.681,-0.04994340240955353,0.9523704051971436,-0.1777399182319641
1614098628435,2021-02-23T16:44:16.795Z,73.72,-0.04579301178455353,0.9133079051971436,-0.1906793713569641
1614098628475,2021-02-23T16:44:16.797Z,73.76,-0.03334183990955353,0.9406516551971436,-0.1894586682319641
1614098628514,2021-02-23T16:44:16.800Z,73.799,-0.03553910553455353,0.9277122020721436,-0.1765192151069641
1614098628554,2021-02-23T16:44:16.811Z,73.839,-0.04188676178455353,0.9272239208221436,-0.1862848401069641
1614098628594,2021-02-23T16:44:16.813Z,73.879,-0.04676957428455353,0.9350364208221436,-0.1857965588569641
1614098628633,2021-02-23T16:44:16.825Z,73.918,-0.03578324615955353,0.9130637645721436,-0.1801813244819641
1614098628673,2021-02-23T16:44:16.826Z,73.958,-0.08192582428455353,0.9423606395721436,-0.2019098401069641
1614098628712,2021-02-23T16:44:16.829Z,73.997,-0.07411332428455353,0.9467551708221436,-0.2158258557319641
1614098628752,2021-02-23T16:44:16.840Z,74.037,-0.05751176178455353,0.8989036083221436,-0.2087457776069641
1614098628791,2021-02-23T16:44:16.842Z,74.076,-0.05580277740955353,0.9614036083221436,-0.1892145276069641
1614098628831,2021-02-23T16:44:16.844Z,74.116,-0.03846879303455353,0.9240500926971436,-0.2143610119819641
1614098628872,2021-02-23T16:44:16.856Z,74.157,-0.06312699615955353,0.9308860301971436,-0.2290094494819641
1614098628911,2021-02-23T16:44:16.858Z,74.196,-0.05751176178455353,0.9323508739471436,-0.2197321057319641
1614098628951,2021-02-23T16:44:16.860Z,74.236,-0.05726762115955353,0.9106223583221436,-0.2263239026069641
1614098628991,2021-02-23T16:44:16.871Z,74.276,-0.06581254303455353,0.9379661083221436,-0.2319391369819641
1614098629030,2021-02-23T16:44:16.874Z,74.315,-0.07338090240955353,0.9157493114471436,-0.2426813244819641
1614098629070,2021-02-23T16:44:16.884Z,74.355,-0.07118363678455353,0.9228293895721436,-0.2541559338569641
1614098629109,2021-02-23T16:44:16.886Z,74.394,-0.08485551178455353,0.9037864208221436,-0.2561090588569641
1614098629149,2021-02-23T16:44:16.889Z,74.434,-0.07777543365955353,0.9059836864471436,-0.2585504651069641
1614098629188,2021-02-23T16:44:16.900Z,74.473,-0.09901566803455353,0.9045188426971436,-0.2597711682319641
1614098629228,2021-02-23T16:44:16.902Z,74.513,-0.10267777740955353,0.9416282176971436,-0.2724664807319641
1614098629267,2021-02-23T16:44:16.904Z,74.552,-0.10267777740955353,0.9133079051971436,-0.2773492932319641
1614098629307,2021-02-23T16:44:16.915Z,74.592,-0.11732621490955353,0.9213645458221436,-0.2924860119819641
1614098629348,2021-02-23T16:44:16.918Z,74.633,-0.11586137115955353,0.8884055614471436,-0.2949274182319641
1614098629387,2021-02-23T16:44:16.920Z,74.672,-0.11952348053455353,0.8823020458221436,-0.2995660901069641
1614098629427,2021-02-23T16:44:16.931Z,74.712,-0.11610551178455353,0.9147727489471436,-0.2988336682319641
1614098629467,2021-02-23T16:44:16.933Z,74.752,-0.15248246490955353,0.9013450145721436,-0.2832086682319641
1614098629506,2021-02-23T16:44:16.945Z,74.791,-0.12733598053455353,0.9208762645721436,-0.2861383557319641
1614098629546,2021-02-23T16:44:16.946Z,74.831,-0.13734574615955353,0.8947532176971436,-0.2807672619819641
1614098629585,2021-02-23T16:44:16.949Z,74.87,-0.14296098053455353,0.9294211864471436,-0.2741754651069641
1614098629625,2021-02-23T16:44:16.960Z,74.91,-0.16615433990955353,0.8793723583221436,-0.3100641369819641
1614098629664,2021-02-23T16:44:16.962Z,74.949,-0.14466996490955353,0.9208762645721436,-0.3042047619819641
1614098629704,2021-02-23T16:44:16.964Z,74.989,-0.17030473053455353,0.9115989208221436,-0.2841852307319641
1614098629743,2021-02-23T16:44:16.975Z,75.028,-0.15126176178455353,0.8661887645721436,-0.2729547619819641
1614098629783,2021-02-23T16:44:16.978Z,75.068,-0.13685746490955353,0.9076926708221436,-0.2758844494819641
1614098629823,2021-02-23T16:44:16.980Z,75.108,-0.16346879303455353,0.9257590770721436,-0.2890680432319641
1614098629864,2021-02-23T16:44:16.991Z,75.149,-0.15101762115955353,0.8879172801971436,-0.2736871838569641
1614098629903,2021-02-23T16:44:16.993Z,75.188,-0.18153519928455353,0.8364036083221436,-0.3020074963569641
1614098629943,2021-02-23T16:44:17.004Z,75.228,-0.19423051178455353,0.9513938426971436,-0.3161676526069641
1614098629982,2021-02-23T16:44:17.006Z,75.267,-0.18422074615955353,0.8954856395721436,-0.2251031994819641
1614098630022,2021-02-23T16:44:17.009Z,75.307,-0.09584183990955353,0.8241965770721436,-0.2236383557319641
1614098630061,2021-02-23T16:44:17.020Z,75.346,-0.21180863678455353,0.9767844676971436,-0.2397516369819641
1614098630101,2021-02-23T16:44:17.022Z,75.386,-0.16127152740955353,0.8049094676971436,-0.2697809338569641
1614098630140,2021-02-23T16:44:17.025Z,75.425,-0.17933793365955353,0.9225852489471436,-0.3359430432319641
1614098630180,2021-02-23T16:44:17.036Z,75.465,-0.2564863860607147,0.9404075145721436,-0.3798883557319641
1614098630220,2021-02-23T16:44:17.038Z,75.505,-0.2879805266857147,0.9382102489471436,-0.3335016369819641
1614098630259,2021-02-23T16:44:17.049Z,75.544,-0.16175980865955353,0.8949973583221436,-0.2407281994819641
1614098630299,2021-02-23T16:44:17.051Z,75.584,-0.15077348053455353,0.7922141551971436,-0.1879938244819641
1614098630340,2021-02-23T16:44:17.054Z,75.625,-0.11000199615955353,0.8420188426971436,-0.2666071057319641
1614098630379,2021-02-23T16:44:17.064Z,75.664,-0.20375199615955353,0.9924094676971436,-0.2605035901069641
1614098630419,2021-02-23T16:44:17.067Z,75.704,-0.21327348053455353,0.9013450145721436,-0.2780817151069641
1614098630458,2021-02-23T16:44:17.069Z,75.743,-0.18983598053455353,0.9982688426971436,-0.2197321057319641
1614098630498,2021-02-23T16:44:17.080Z,75.783,-0.19325394928455353,0.7096946239471436,-0.2275446057319641
1614098630537,2021-02-23T16:44:17.082Z,75.822,-0.14125199615955353,1.0346457958221436,-0.2326715588569641
1614098630577,2021-02-23T16:44:17.085Z,75.862,-0.23207230865955353,0.8586204051971436,-0.2312067151069641
1614098630617,2021-02-23T16:44:17.096Z,75.902,-0.12416215240955353,0.9543235301971436,-0.2292535901069641
1614098630656,2021-02-23T16:44:17.098Z,75.941,-0.23036332428455353,0.8967063426971436,-0.2033746838569641
1614098630696,2021-02-23T16:44:17.100Z,75.981,-0.15077348053455353,0.8813254833221436,-0.2116754651069641
1614098630735,2021-02-23T16:44:17.111Z,76.02,-0.22767777740955353,0.9770286083221436,-0.2163141369819641
1614098630775,2021-02-23T16:44:17.114Z,76.06,-0.18861527740955353,0.8364036083221436,-0.1962946057319641
1614098630816,2021-02-23T16:44:17.156Z,76.101,-0.15590043365955353,0.9504172801971436,-0.1997125744819641
1614098630855,2021-02-23T16:44:17.157Z,76.14,-0.21791215240955353,0.9570090770721436,-0.1960504651069641
1614098630895,2021-02-23T16:44:17.160Z,76.18,-0.17836137115955353,0.8859641551971436,-0.2153375744819641
1614098630934,2021-02-23T16:44:17.171Z,76.219,-0.19423051178455353,0.9411399364471436,-0.1855524182319641
1614098630974,2021-02-23T16:44:17.174Z,76.259,-0.18983598053455353,0.8818137645721436,-0.2194879651069641
1614098631013,2021-02-23T16:44:17.184Z,76.298,-0.20521683990955353,0.9279563426971436,-0.2097223401069641
1614098631053,2021-02-23T16:44:17.186Z,76.338,-0.20424027740955353,0.9260032176971436,-0.2285211682319641
1614098631093,2021-02-23T16:44:17.189Z,76.378,-0.18300004303455353,0.9028098583221436,-0.2260797619819641
1614098631132,2021-02-23T16:44:17.200Z,76.417,-0.18495316803455353,0.9177024364471436,-0.2207086682319641
1614098631172,2021-02-23T16:44:17.202Z,76.457,-0.18373246490955353,0.9062278270721436,-0.2282770276069641
1614098631211,2021-02-23T16:44:17.204Z,76.496,-0.18592973053455353,0.9279563426971436,-0.2177789807319641
1614098631251,2021-02-23T16:44:17.215Z,76.536,-0.16273637115955353,0.9250266551971436,-0.2055719494819641
1614098631292,2021-02-23T16:44:17.218Z,76.577,-0.17665238678455353,0.9037864208221436,-0.2170465588569641
1614098631331,2021-02-23T16:44:17.220Z,76.616,-0.17421098053455353,0.9155051708221436,-0.2128961682319641
1614098631371,2021-02-23T16:44:17.231Z,76.656,-0.18275590240955353,0.9150168895721436,-0.2031305432319641
1614098631410,2021-02-23T16:44:17.234Z,76.695,-0.17347855865955353,0.9140403270721436,-0.2150934338569641
1614098631450,2021-02-23T16:44:17.245Z,76.735,-0.17176957428455353,0.9162375926971436,-0.2124078869819641
1614098631490,2021-02-23T16:44:17.246Z,76.775,-0.19300980865955353,0.9125754833221436,-0.2221735119819641
1614098631529,2021-02-23T16:44:17.249Z,76.814,-0.18885941803455353,0.9198997020721436,-0.2241266369819641
1614098631569,2021-02-23T16:44:17.260Z,76.854,-0.19008012115955353,0.9054954051971436,-0.2175348401069641
1614098631608,2021-02-23T16:44:17.262Z,76.893,-0.18666215240955353,0.9208762645721436,-0.2075250744819641
1614098631648,2021-02-23T16:44:17.264Z,76.933,-0.17933793365955353,0.9157493114471436,-0.2211969494819641
1614098631687,2021-02-23T16:44:17.275Z,76.972,-0.19252152740955353,0.9028098583221436,-0.2241266369819641
1614098631727,2021-02-23T16:44:17.278Z,77.012,-0.18812699615955353,0.8984153270721436,-0.2304742932319641
1614098631768,2021-02-23T16:44:17.280Z,77.053,-0.19178910553455353,0.9369895458221436,-0.2063043713569641
1614098631807,2021-02-23T16:44:17.291Z,77.092,-0.17640824615955353,0.9001243114471436,-0.2209528088569641
1614098631847,2021-02-23T16:44:17.293Z,77.132,-0.18544144928455353,0.8830344676971436,-0.2226617932319641
1614098631887,2021-02-23T16:44:17.304Z,77.172,-0.18007035553455353,0.9096457958221436,-0.2009332776069641
1614098631926,2021-02-23T16:44:17.306Z,77.211,-0.17738480865955353,0.9245383739471436,-0.1997125744819641
1614098631966,2021-02-23T16:44:17.309Z,77.251,-0.21840043365955353,0.9469993114471436,-0.1911676526069641
1614098632005,2021-02-23T16:44:17.320Z,77.29,-0.21083207428455353,0.9067161083221436,-0.1804254651069641
1614098632045,2021-02-23T16:44:17.323Z,77.33,-0.21205277740955353,0.9108664989471436,-0.1745660901069641
1614098632084,2021-02-23T16:44:17.325Z,77.369,-0.18666215240955353,0.9135520458221436,-0.1699274182319641
1614098632124,2021-02-23T16:44:17.336Z,77.409,-0.20985551178455353,0.9303977489471436,-0.1660211682319641
1614098632163,2021-02-23T16:44:17.338Z,77.448,-0.17567582428455353,0.9147727489471436,-0.1594293713569641
1614098632203,2021-02-23T16:44:17.349Z,77.488,-0.19618363678455353,0.9167258739471436,-0.1650446057319641
1614098632244,2021-02-23T16:44:17.351Z,77.529,-0.18373246490955353,0.9365012645721436,-0.1591852307319641
1614098632283,2021-02-23T16:44:17.354Z,77.568,-0.19911332428455353,0.9279563426971436,-0.1674860119819641
1614098632323,2021-02-23T16:44:17.365Z,77.608,-0.19716019928455353,0.9032981395721436,-0.1711481213569641
1614098632363,2021-02-23T16:44:17.368Z,77.648,-0.17128129303455353,0.9050071239471436,-0.1709039807319641
1614098632402,2021-02-23T16:44:17.370Z,77.687,-0.19618363678455353,0.9303977489471436,-0.1774957776069641
1614098632442,2021-02-23T16:44:17.381Z,77.727,-0.18788285553455353,0.9262473583221436,-0.1757867932319641
1614098632481,2021-02-23T16:44:17.383Z,77.766,-0.19178910553455353,0.9257590770721436,-0.1735895276069641
1614098632521,2021-02-23T16:44:17.395Z,77.806,-0.18837113678455353,0.9220969676971436,-0.1770074963569641
1614098632560,2021-02-23T16:44:17.396Z,77.845,-0.18763871490955353,0.9238059520721436,-0.1709039807319641
1614098632600,2021-02-23T16:44:17.399Z,77.885,-0.17006058990955353,0.9098899364471436,-0.1792047619819641
1614098632639,2021-02-23T16:44:17.410Z,77.924,-0.15809769928455353,0.9006125926971436,-0.1796930432319641
1614098632679,2021-02-23T16:44:17.413Z,77.964,-0.18934769928455353,0.9577414989471436,-0.1569879651069641
1614098632720,2021-02-23T16:44:17.415Z,78.005,-0.19154496490955353,0.9230735301971436,-0.1818903088569641
1614098632760,2021-02-23T16:44:17.426Z,78.045,-0.19374223053455353,0.9279563426971436,-0.1794489026069641
1614098632799,2021-02-23T16:44:17.428Z,78.084,-0.18446488678455353,0.9164817333221436,-0.1765192151069641
1614098632839,2021-02-23T16:44:17.440Z,78.124,-0.17762894928455353,0.9125754833221436,-0.1762750744819641
1614098632878,2021-02-23T16:44:17.441Z,78.163,-0.17689652740955353,0.9274680614471436,-0.1745660901069641
1614098632918,2021-02-23T16:44:17.444Z,78.203,-0.17762894928455353,0.9225852489471436,-0.1696832776069641
1614098632957,2021-02-23T16:44:17.455Z,78.242,-0.18959183990955353,0.9311301708221436,-0.1706598401069641
1614098632997,2021-02-23T16:44:17.457Z,78.282,-0.19105668365955353,0.9296653270721436,-0.1809137463569641
1614098633036,2021-02-23T16:44:17.459Z,78.321,-0.19374223053455353,0.9086692333221436,-0.1870172619819641
1614098633076,2021-02-23T16:44:17.470Z,78.361,-0.17762894928455353,0.9108664989471436,-0.1723688244819641
1614098633116,2021-02-23T16:44:17.472Z,78.401,-0.17689652740955353,0.9316184520721436,-0.1569879651069641
1614098633155,2021-02-23T16:44:17.475Z,78.44,-0.18080277740955353,0.9262473583221436,-0.1623590588569641
1614098633196,2021-02-23T16:44:17.486Z,78.481,-0.17591996490955353,0.9164817333221436,-0.1679742932319641
1614098633236,2021-02-23T16:44:17.488Z,78.521,-0.18519730865955353,0.9257590770721436,-0.1643121838569641
1614098633275,2021-02-23T16:44:17.500Z,78.56,-0.17714066803455353,0.9240500926971436,-0.1655328869819641
1614098633315,2021-02-23T16:44:17.501Z,78.6,-0.17640824615955353,0.9145286083221436,-0.1745660901069641
1614098633354,2021-02-23T16:44:17.504Z,78.639,-0.18788285553455353,0.9335715770721436,-0.1689508557319641
1614098633394,2021-02-23T16:44:17.515Z,78.679,-0.18641801178455353,0.9123313426971436,-0.1814020276069641
1614098633433,2021-02-23T16:44:17.517Z,78.718,-0.16542191803455353,0.9186789989471436,-0.1684625744819641
1614098633473,2021-02-23T16:44:17.519Z,78.758,-0.17982621490955353,0.9250266551971436,-0.1774957776069641
1614098633512,2021-02-23T16:44:17.530Z,78.797,-0.17982621490955353,0.9194114208221436,-0.1738336682319641
1614098633552,2021-02-23T16:44:17.532Z,78.837,-0.17909379303455353,0.9228293895721436,-0.1777399182319641
1614098633592,2021-02-23T16:44:17.535Z,78.877,-0.18080277740955353,0.9194114208221436,-0.1770074963569641
1614098633631,2021-02-23T16:44:17.546Z,78.916,-0.18690629303455353,0.9181907176971436,-0.1699274182319641
1614098633672,2021-02-23T16:44:17.548Z,78.957,-0.16859574615955353,0.9201438426971436,-0.1709039807319641
1614098633712,2021-02-23T16:44:17.550Z,78.997,-0.18934769928455353,0.9208762645721436,-0.1757867932319641
1614098633751,2021-02-23T16:44:17.561Z,79.036,-0.16859574615955353,0.9391868114471436,-0.1713922619819641
1614098633791,2021-02-23T16:44:17.564Z,79.076,-0.19520707428455353,0.9032981395721436,-0.1762750744819641
1614098633830,2021-02-23T16:44:17.575Z,79.115,-0.17982621490955353,0.9191672801971436,-0.1762750744819641
1614098633870,2021-02-23T16:44:17.576Z,79.155,-0.18397660553455353,0.9282004833221436,-0.1648004651069641
1614098633909,2021-02-23T16:44:17.580Z,79.194,-0.19911332428455353,0.9277122020721436,-0.1728571057319641
1614098633949,2021-02-23T16:44:17.622Z,79.234,-0.17665238678455353,0.9245383739471436,-0.1552789807319641
1614098633989,2021-02-23T16:44:17.625Z,79.274,-0.18055863678455353,0.9230735301971436,-0.1701715588569641
1614098634028,2021-02-23T16:44:17.636Z,79.313,-0.18812699615955353,0.9184348583221436,-0.1728571057319641
1614098634068,2021-02-23T16:44:17.638Z,79.353,-0.20106644928455353,0.9435813426971436,-0.1699274182319641
1614098634107,2021-02-23T16:44:17.640Z,79.392,-0.18763871490955353,0.9052512645721436,-0.1765192151069641
1614098634148,2021-02-23T16:44:17.651Z,79.433,-0.18153519928455353,0.9218528270721436,-0.1696832776069641
1614098634188,2021-02-23T16:44:17.654Z,79.473,-0.19471879303455353,0.9208762645721436,-0.1821344494819641
1614098634227,2021-02-23T16:44:17.665Z,79.512,-0.19276566803455353,0.9291770458221436,-0.1787164807319641
1614098634267,2021-02-23T16:44:17.667Z,79.552,-0.18861527740955353,0.9172141551971436,-0.1835992932319641
1614098634306,2021-02-23T16:44:17.669Z,79.591,-0.16908402740955353,0.9213645458221436,-0.1606500744819641
1614098634346,2021-02-23T16:44:17.680Z,79.631,-0.18983598053455353,0.9277122020721436,-0.1831110119819641
1614098634386,2021-02-23T16:44:17.682Z,79.671,-0.18568558990955353,0.9076926708221436,-0.1770074963569641
1614098634425,2021-02-23T16:44:17.684Z,79.71,-0.18226762115955353,0.9203879833221436,-0.1765192151069641
1614098634465,2021-02-23T16:44:17.696Z,79.75,-0.19813676178455353,0.9189231395721436,-0.1767633557319641
1614098634504,2021-02-23T16:44:17.698Z,79.789,-0.18422074615955353,0.9323508739471436,-0.1799371838569641
1614098634544,2021-02-23T16:44:17.700Z,79.829,-0.19764848053455353,0.9179465770721436,-0.1772516369819641
1614098634583,2021-02-23T16:44:17.711Z,79.868,-0.18251176178455353,0.9206321239471436,-0.1731012463569641
1614098634624,2021-02-23T16:44:17.714Z,79.909,-0.18617387115955353,0.9345481395721436,-0.1731012463569641
1614098634664,2021-02-23T16:44:17.725Z,79.949,-0.19618363678455353,0.9113547801971436,-0.1938531994819641
1614098634703,2021-02-23T16:44:17.727Z,79.988,-0.19203324615955353,0.9130637645721436,-0.1845758557319641
1614098634743,2021-02-23T16:44:17.729Z,80.028,-0.19935746490955353,0.9282004833221436,-0.1875055432319641
1614098634783,2021-02-23T16:44:17.741Z,80.068,-0.18324418365955353,0.9194114208221436,-0.1835992932319641
1614098634822,2021-02-23T16:44:17.743Z,80.107,-0.19203324615955353,0.9269797801971436,-0.1750543713569641
1614098634862,2021-02-23T16:44:17.745Z,80.147,-0.18544144928455353,0.9211204051971436,-0.1760309338569641
1614098634901,2021-02-23T16:44:17.756Z,80.186,-0.17958207428455353,0.9118430614471436,-0.1877496838569641
1614098634941,2021-02-23T16:44:17.759Z,80.226,-0.19667191803455353,0.9262473583221436,-0.1774957776069641
1614098634980,2021-02-23T16:44:17.770Z,80.265,-0.19374223053455353,0.9133079051971436,-0.1838434338569641
1614098635020,2021-02-23T16:44:17.771Z,80.305,-0.19130082428455353,0.9130637645721436,-0.1823785901069641
1614098635061,2021-02-23T16:44:17.774Z,80.346,-0.20204301178455353,0.9245383739471436,-0.1833551526069641
1614098635100,2021-02-23T16:44:17.786Z,80.385,-0.19447465240955353,0.9255149364471436,-0.1889703869819641
1614098635140,2021-02-23T16:44:17.788Z,80.425,-0.17884965240955353,0.9111106395721436,-0.1833551526069641
1614098635179,2021-02-23T16:44:17.790Z,80.464,-0.19716019928455353,0.9174582958221436,-0.1857965588569641
1614098635219,2021-02-23T16:44:17.802Z,80.504,-0.18544144928455353,0.9115989208221436,-0.1806696057319641
1614098635259,2021-02-23T16:44:17.804Z,80.544,-0.19398637115955353,0.9189231395721436,-0.1755426526069641
1614098635298,2021-02-23T16:44:17.815Z,80.583,-0.19520707428455353,0.9247825145721436,-0.1867731213569641
1614098635338,2021-02-23T16:44:17.817Z,80.623,-0.19716019928455353,0.9047629833221436,-0.1840875744819641
1614098635377,2021-02-23T16:44:17.819Z,80.662,-0.17591996490955353,0.9201438426971436,-0.1860406994819641
1614098635417,2021-02-23T16:44:17.830Z,80.702,-0.20082230865955353,0.9269797801971436,-0.1865289807319641
1614098635456,2021-02-23T16:44:17.832Z,80.741,-0.18055863678455353,0.9011008739471436,-0.1919000744819641
1614098635496,2021-02-23T16:44:17.834Z,80.781,-0.20716996490955353,0.9301536083221436,-0.1877496838569641
1614098635535,2021-02-23T16:44:17.846Z,80.82,-0.18568558990955353,0.9137961864471436,-0.1867731213569641
1614098635576,2021-02-23T16:44:17.848Z,80.861,-0.18153519928455353,0.9269797801971436,-0.1811578869819641
1614098635616,2021-02-23T16:44:17.850Z,80.901,-0.17884965240955353,0.9213645458221436,-0.1940973401069641
1614098635656,2021-02-23T16:44:17.861Z,80.941,-0.20155473053455353,0.9023215770721436,-0.1879938244819641
1614098635695,2021-02-23T16:44:17.864Z,80.98,-0.18641801178455353,0.9267356395721436,-0.1877496838569641
1614098635735,2021-02-23T16:44:17.875Z,81.02,-0.20375199615955353,0.9089133739471436,-0.1953180432319641
1614098635774,2021-02-23T16:44:17.878Z,81.059,-0.17738480865955353,0.9069602489471436,-0.1887262463569641
1614098635814,2021-02-23T16:44:17.880Z,81.099,-0.19789262115955353,0.9250266551971436,-0.1789606213569641
1614098635853,2021-02-23T16:44:17.891Z,81.138,-0.17103715240955353,0.9086692333221436,-0.1843317151069641
1614098635893,2021-02-23T16:44:17.893Z,81.178,-0.19374223053455353,0.9198997020721436,-0.1933649182319641
1614098635932,2021-02-23T16:44:17.895Z,81.217,-0.18275590240955353,0.9238059520721436,-0.1923883557319641
1614098635972,2021-02-23T16:44:17.906Z,81.257,-0.18837113678455353,0.9289329051971436,-0.1899469494819641
1614098636012,2021-02-23T16:44:17.909Z,81.297,-0.17176957428455353,0.9064719676971436,-0.1850641369819641
1614098636053,2021-02-23T16:44:17.920Z,81.338,-0.19032426178455353,0.9311301708221436,-0.1777399182319641
1614098636092,2021-02-23T16:44:17.922Z,81.377,-0.18934769928455353,0.9079368114471436,-0.1875055432319641
1614098636132,2021-02-23T16:44:17.924Z,81.417,-0.17958207428455353,0.9394309520721436,-0.1782281994819641
1614098636171,2021-02-23T16:44:17.936Z,81.456,-0.19520707428455353,0.9157493114471436,-0.2038629651069641
1614098636211,2021-02-23T16:44:17.938Z,81.496,-0.16615433990955353,0.8959739208221436,-0.1799371838569641
1614098636250,2021-02-23T16:44:17.940Z,81.535,-0.18861527740955353,0.9379661083221436,-0.1755426526069641
1614098636290,2021-02-23T16:44:17.951Z,81.575,-0.19935746490955353,0.9054954051971436,-0.1677301526069641
1614098636329,2021-02-23T16:44:17.954Z,81.614,-0.19032426178455353,0.9372336864471436,-0.1733453869819641
1614098636369,2021-02-23T16:44:17.965Z,81.654,-0.19716019928455353,0.9201438426971436,-0.1770074963569641
1614098636408,2021-02-23T16:44:17.967Z,81.693,-0.17933793365955353,0.9155051708221436,-0.1674860119819641
1614098636448,2021-02-23T16:44:17.969Z,81.733,-0.18177933990955353,0.9282004833221436,-0.1616266369819641
1614098636488,2021-02-23T16:44:17.980Z,81.773,-0.20936723053455353,0.9614036083221436,-0.1713922619819641
1614098636529,2021-02-23T16:44:17.982Z,81.814,-0.21425004303455353,0.9203879833221436,-0.2065485119819641
1614098636568,2021-02-23T16:44:17.984Z,81.853,-0.18592973053455353,0.9167258739471436,-0.1479547619819641
1614098636608,2021-02-23T16:44:17.995Z,81.893,-0.18495316803455353,0.9418723583221436,-0.1479547619819641
1614098636647,2021-02-23T16:44:17.998Z,81.932,-0.20375199615955353,0.9601829051971436,-0.1413629651069641
1614098636687,2021-02-23T16:44:18.000Z,81.972,-0.14076371490955353,0.8083274364471436,-0.1501520276069641
1614098636726,2021-02-23T16:44:18.011Z,82.011,-0.14784379303455353,0.8761985301971436,-0.1494196057319641
1614098636766,2021-02-23T16:44:18.013Z,82.051,-0.22352738678455353,1.0412375926971436,-0.1545465588569641
1614098636805,2021-02-23T16:44:18.024Z,82.09,-0.21547074615955353,0.9067161083221436,-0.1987360119819641
1614098636845,2021-02-23T16:44:18.026Z,82.13,-0.19300980865955353,0.8554465770721436,-0.1782281994819641
1614098636885,2021-02-23T16:44:18.029Z,82.17,-0.12513871490955353,0.9809348583221436,-0.1635797619819641
1614098636924,2021-02-23T16:44:18.040Z,82.209,-0.12855668365955353,0.8744895458221436,-0.1672418713569641
1614098636965,2021-02-23T16:44:18.043Z,82.25,-0.15663285553455353,0.9120872020721436,-0.1950739026069641
1614098637005,2021-02-23T16:44:18.045Z,82.29,-0.18226762115955353,0.9123313426971436,-0.2050836682319641
1614098637044,2021-02-23T16:44:18.086Z,82.329,-0.12684769928455353,0.9355247020721436,-0.2248590588569641
1614098637084,2021-02-23T16:44:18.088Z,82.369,-0.17884965240955353,0.9152610301971436,-0.2153375744819641
1614098637123,2021-02-23T16:44:18.099Z,82.408,-0.13539262115955353,0.8979270458221436,-0.2504938244819641
1614098637163,2021-02-23T16:44:18.102Z,82.448,-0.17103715240955353,0.9540793895721436,-0.2290094494819641
1614098637202,2021-02-23T16:44:18.104Z,82.487,-0.16102738678455353,0.8920676708221436,-0.2343805432319641
1614098637242,2021-02-23T16:44:18.115Z,82.527,-0.13783402740955353,0.9169700145721436,-0.2546442151069641
1614098637282,2021-02-23T16:44:18.117Z,82.567,-0.15028519928455353,0.9435813426971436,-0.2251031994819641
1614098637321,2021-02-23T16:44:18.120Z,82.606,-0.12928910553455353,0.8932883739471436,-0.2172906994819641
1614098637361,2021-02-23T16:44:18.131Z,82.646,-0.10853715240955353,0.9308860301971436,-0.2334039807319641
1614098637400,2021-02-23T16:44:18.134Z,82.685,-0.15492387115955353,0.9035422801971436,-0.2373102307319641
1614098637440,2021-02-23T16:44:18.145Z,82.725,-0.10414262115955353,0.9172141551971436,-0.2338922619819641
1614098637481,2021-02-23T16:44:18.147Z,82.766,-0.13050980865955353,0.9240500926971436,-0.2517145276069641
1614098637520,2021-02-23T16:44:18.149Z,82.805,-0.14393754303455353,0.8893821239471436,-0.2243707776069641
1614098637560,2021-02-23T16:44:18.160Z,82.845,-0.10096879303455353,0.9343039989471436,-0.2204645276069641
1614098637599,2021-02-23T16:44:18.162Z,82.884,-0.13539262115955353,0.9448020458221436,-0.2021539807319641
1614098637639,2021-02-23T16:44:18.165Z,82.924,-0.09022660553455353,0.8984153270721436,-0.2133844494819641
1614098637679,2021-02-23T16:44:18.176Z,82.964,-0.07313676178455353,0.9860618114471436,-0.2199762463569641
1614098637718,2021-02-23T16:44:18.178Z,83.003,-0.11610551178455353,0.8937766551971436,-0.2224176526069641
1614098637758,2021-02-23T16:44:18.180Z,83.043,-0.08949418365955353,0.9194114208221436,-0.2238824963569641
1614098637797,2021-02-23T16:44:18.192Z,83.082,-0.08558793365955353,0.9382102489471436,-0.2294977307319641
1614098637837,2021-02-23T16:44:18.194Z,83.122,-0.10731644928455353,0.9181907176971436,-0.2121637463569641
1614098637876,2021-02-23T16:44:18.205Z,83.161,-0.08021683990955353,0.9096457958221436,-0.2202203869819641
1614098637916,2021-02-23T16:44:18.207Z,83.201,-0.08363480865955353,0.9338157176971436,-0.2197321057319641
1614098637957,2021-02-23T16:44:18.209Z,83.242,-0.09828324615955353,0.9321067333221436,-0.2053278088569641
1614098637996,2021-02-23T16:44:18.220Z,83.281,-0.05922074615955353,0.9186789989471436,-0.2082574963569641
1614098638036,2021-02-23T16:44:18.222Z,83.321,-0.08143754303455353,0.9352805614471436,-0.1862848401069641
1614098638075,2021-02-23T16:44:18.224Z,83.36,-0.07313676178455353,0.9147727489471436,-0.1777399182319641
1614098638115,2021-02-23T16:44:18.236Z,83.4,-0.07264848053455353,0.9494407176971436,-0.1804254651069641
1614098638155,2021-02-23T16:44:18.238Z,83.44,-0.07313676178455353,0.9318625926971436,-0.2006891369819641
1614098638194,2021-02-23T16:44:18.240Z,83.479,-0.08021683990955353,0.9367454051971436,-0.1992242932319641
1614098638234,2021-02-23T16:44:18.251Z,83.519,-0.06996293365955353,0.9599387645721436,-0.1596735119819641
1614098638273,2021-02-23T16:44:18.254Z,83.558,-0.06288285553455353,0.8989036083221436,-0.1809137463569641
1614098638313,2021-02-23T16:44:18.265Z,83.598,-0.06874223053455353,0.9662864208221436,-0.1879938244819641
1614098638352,2021-02-23T16:44:18.266Z,83.637,-0.05214066803455353,0.9484641551971436,-0.1611383557319641
1614098638392,2021-02-23T16:44:18.269Z,83.677,-0.05482621490955353,0.8937766551971436,-0.1853082776069641
1614098638433,2021-02-23T16:44:18.281Z,83.718,-0.05238480865955353,0.9765403270721436,-0.1865289807319641
1614098638472,2021-02-23T16:44:18.283Z,83.757,-0.05091996490955353,0.9152610301971436,-0.1833551526069641
1614098638512,2021-02-23T16:44:18.285Z,83.797,-0.05873246490955353,0.9252707958221436,-0.1831110119819641
1614098638552,2021-02-23T16:44:18.296Z,83.837,-0.06605668365955353,0.9469993114471436,-0.1931207776069641
1614098638591,2021-02-23T16:44:18.299Z,83.876,-0.05702348053455353,0.9382102489471436,-0.1845758557319641
1614098638631,2021-02-23T16:44:18.310Z,83.916,-0.04969926178455353,0.9338157176971436,-0.1657770276069641
1614098638670,2021-02-23T16:44:18.311Z,83.955,-0.030168013647198677,0.9252707958221436,-0.1633356213569641
1614098638710,2021-02-23T16:44:18.314Z,83.995,-0.010392622090876102,0.9228293895721436,-0.1782281994819641
1614098638749,2021-02-23T16:44:18.325Z,84.034,-0.05067582428455353,0.9384543895721436,-0.1794489026069641
1614098638789,2021-02-23T16:44:18.327Z,84.074,-0.017716841772198677,0.9577414989471436,-0.1638239026069641
1614098638828,2021-02-23T16:44:18.329Z,84.113,-0.05214066803455353,0.8981711864471436,-0.1628473401069641
1614098638868,2021-02-23T16:44:18.341Z,84.153,-0.05311723053455353,0.9670188426971436,-0.1796930432319641
1614098638908,2021-02-23T16:44:18.343Z,84.193,-0.03480668365955353,0.9511497020721436,-0.1567438244819641
1614098638949,2021-02-23T16:44:18.345Z,84.234,-0.03675980865955353,0.9050071239471436,-0.1628473401069641
1614098638988,2021-02-23T16:44:18.357Z,84.273,-0.03798051178455353,0.9545676708221436,-0.1672418713569641
1614098639028,2021-02-23T16:44:18.359Z,84.313,-0.04237504303455353,0.9582297801971436,-0.1413629651069641
1614098639067,2021-02-23T16:44:18.370Z,84.352,-0.03822465240955353,0.8915793895721436,-0.1474664807319641
1614098639107,2021-02-23T16:44:18.372Z,84.392,-0.04799027740955353,0.9621360301971436,-0.1716364026069641
1614098639146,2021-02-23T16:44:18.374Z,84.431,-0.06019730865955353,0.9426047801971436,-0.1855524182319641
1614098639186,2021-02-23T16:44:18.386Z,84.471,-0.04017777740955353,0.9533469676971436,-0.1435602307319641
1614098639225,2021-02-23T16:44:18.388Z,84.51,-0.016496138647198677,0.9389426708221436,-0.10669500380754471
1614098639265,2021-02-23T16:44:18.390Z,84.55,-0.015763716772198677,0.9118430614471436,-0.1298883557319641
1614098639304,2021-02-23T16:44:18.401Z,84.589,-0.04286332428455353,0.9352805614471436,-0.1848199963569641
1614098639344,2021-02-23T16:44:18.404Z,84.629,-0.06923051178455353,0.9540793895721436,-0.2063043713569641
1614098639384,2021-02-23T16:44:18.414Z,84.669,-0.06068558990955353,0.9450461864471436,-0.1667535901069641
1614098639425,2021-02-23T16:44:18.417Z,84.71,-0.03675980865955353,0.9211204051971436,-0.1455133557319641
1614098639464,2021-02-23T16:44:18.419Z,84.749,-0.04457230865955353,0.9526145458221436,-0.1596735119819641
1614098639504,2021-02-23T16:44:18.431Z,84.789,-0.04066605865955353,0.9335715770721436,-0.1584528088569641
1614098639543,2021-02-23T16:44:18.433Z,84.828,-0.03309769928455353,0.9213645458221436,-0.1494196057319641
1614098639583,2021-02-23T16:44:18.435Z,84.868,-0.031144576147198677,0.9347922801971436,-0.1496637463569641
1614098639622,2021-02-23T16:44:18.446Z,84.907,-0.04261918365955353,0.9482200145721436,-0.1586969494819641
1614098639662,2021-02-23T16:44:18.449Z,84.947,-0.05214066803455353,0.9440696239471436,-0.1657770276069641
1614098639701,2021-02-23T16:44:18.459Z,84.986,-0.05775590240955353,0.9340598583221436,-0.1611383557319641
1614098639741,2021-02-23T16:44:18.462Z,85.026,-0.04481644928455353,0.9386985301971436,-0.1694391369819641
1614098639781,2021-02-23T16:44:18.464Z,85.066,-0.03993363678455353,0.9303977489471436,-0.1628473401069641
1614098639820,2021-02-23T16:44:18.476Z,85.105,-0.04115433990955353,0.9460227489471436,-0.1579645276069641
1614098639860,2021-02-23T16:44:18.478Z,85.145,-0.04383988678455353,0.9411399364471436,-0.1555231213569641
1614098639901,2021-02-23T16:44:18.480Z,85.186,-0.04847855865955353,0.9496848583221436,-0.1379449963569641
1614098639940,2021-02-23T16:44:18.491Z,85.225,-0.03431840240955353,0.9111106395721436,-0.1552789807319641
1614098639980,2021-02-23T16:44:18.494Z,85.265,-0.04139848053455353,0.9313743114471436,-0.1543024182319641
1614098640019,2021-02-23T16:44:18.505Z,85.304,-0.04213090240955353,0.9494407176971436,-0.1567438244819641
1614098640059,2021-02-23T16:44:18.507Z,85.344,-0.04676957428455353,0.9330832958221436,-0.1543024182319641
1614098640098,2021-02-23T16:44:18.509Z,85.383,-0.04164262115955353,0.9323508739471436,-0.1564996838569641
1614098640138,2021-02-23T16:44:18.551Z,85.423,-0.04725785553455353,0.9408957958221436,-0.1516168713569641
1614098640178,2021-02-23T16:44:18.553Z,85.463,-0.04335160553455353,0.9340598583221436,-0.1584528088569641
1614098640217,2021-02-23T16:44:18.565Z,85.502,-0.04261918365955353,0.9433372020721436,-0.1601617932319641
1614098640257,2021-02-23T16:44:18.566Z,85.542,-0.04408402740955353,0.9396750926971436,-0.1501520276069641
1614098640296,2021-02-23T16:44:18.569Z,85.581,-0.04164262115955353,0.9323508739471436,-0.1511285901069641
1614098640336,2021-02-23T16:44:18.580Z,85.621,-0.05018754303455353,0.9401633739471436,-0.1486871838569641
1614098640377,2021-02-23T16:44:18.582Z,85.662,-0.04530473053455353,0.9384543895721436,-0.1521051526069641
1614098640416,2021-02-23T16:44:18.584Z,85.701,-0.04823441803455353,0.9365012645721436,-0.1513727307319641
1614098640456,2021-02-23T16:44:18.595Z,85.741,-0.04042191803455353,0.9396750926971436,-0.1543024182319641
1614098640495,2021-02-23T16:44:18.597Z,85.78,-0.04921098053455353,0.9384543895721436,-0.1545465588569641
1614098640535,2021-02-23T16:44:18.600Z,85.82,-0.04725785553455353,0.9345481395721436,-0.1574762463569641
1614098640575,2021-02-23T16:44:18.611Z,85.86,-0.04994340240955353,0.9365012645721436,-0.1484430432319641
1614098640614,2021-02-23T16:44:18.613Z,85.899,-0.04579301178455353,0.9386985301971436,-0.1469781994819641
1614098640654,2021-02-23T16:44:18.625Z,85.939,-0.05091996490955353,0.9438254833221436,-0.1472223401069641
1614098640693,2021-02-23T16:44:18.627Z,85.978,-0.04628129303455353,0.9301536083221436,-0.1491754651069641
1614098640733,2021-02-23T16:44:18.629Z,86.018,-0.04188676178455353,0.9389426708221436,-0.1469781994819641
1614098640772,2021-02-23T16:44:18.639Z,86.057,-0.04481644928455353,0.9401633739471436,-0.1464899182319641
1614098640812,2021-02-23T16:44:18.642Z,86.097,-0.04383988678455353,0.9347922801971436,-0.1545465588569641
1614098640853,2021-02-23T16:44:18.644Z,86.138,-0.04554887115955353,0.9416282176971436,-0.1477106213569641
1614098640892,2021-02-23T16:44:18.655Z,86.177,-0.04091019928455353,0.9365012645721436,-0.1467340588569641
1614098640932,2021-02-23T16:44:18.657Z,86.217,-0.05043168365955353,0.9421164989471436,-0.1377008557319641
1614098640971,2021-02-23T16:44:18.660Z,86.256,-0.04676957428455353,0.9416282176971436,-0.1491754651069641
1614098641011,2021-02-23T16:44:18.671Z,86.296,-0.04945512115955353,0.9374778270721436,-0.1418512463569641
1614098641051,2021-02-23T16:44:18.673Z,86.336,-0.04457230865955353,0.9352805614471436,-0.1516168713569641
1614098641090,2021-02-23T16:44:18.675Z,86.375,-0.04872269928455353,0.9416282176971436,-0.1547906994819641
1614098641130,2021-02-23T16:44:18.687Z,86.415,-0.04530473053455353,0.9343039989471436,-0.1518610119819641
1614098641169,2021-02-23T16:44:18.689Z,86.454,-0.04823441803455353,0.9399192333221436,-0.1438043713569641
1614098641209,2021-02-23T16:44:18.700Z,86.494,-0.04725785553455353,0.9362571239471436,-0.1496637463569641
