epoch (ms),time (-07:00),elapsed (s),X-Axis (T),Y-Axis (T),Z-Axis (T)
1616622108760,2021-03-24T21:43:26.048Z,39.736999999999995,-16.811111450195312,-38.80694580078125,37.48888778686523
1616622108799,2021-03-24T21:43:26.050Z,39.775999999999996,-17.186111450195312,-24.369443893432614,36.23888778686523
1616622108839,2021-03-24T21:43:26.053Z,39.816,-16.436111450195312,-25.056943893432614,36.67638778686523
1616622108878,2021-03-24T21:43:26.064Z,39.855,-16.123611450195312,-26.556943893432614,36.23888778686523
1616622108918,2021-03-24T21:43:26.066Z,39.895,-16.436111450195312,-22.869443893432614,35.863887786865234
1616622108957,2021-03-24T21:43:26.068Z,39.934,-17.186111450195312,-24.369443893432614,36.67638778686523
1616622108997,2021-03-24T21:43:26.079Z,39.974000000000004,-16.436111450195312,-26.181943893432614,35.426387786865234
1616622109038,2021-03-24T21:43:26.082Z,40.015,-16.811111450195312,-24.369443893432614,37.48888778686523
1616622109077,2021-03-24T21:43:26.093Z,40.054,-16.123611450195312,-24.744443893432614,36.67638778686523
1616622109117,2021-03-24T21:43:26.094Z,40.094,-16.811111450195312,-25.056943893432614,35.051387786865234
1616622109156,2021-03-24T21:43:26.097Z,40.133,-16.123611450195312,-24.369443893432614,35.863887786865234
1616622109196,2021-03-24T21:43:26.123Z,40.173,-17.936111450195312,-24.369443893432614,37.48888778686523
1616622109236,2021-03-24T21:43:26.125Z,40.213,-16.811111450195312,-23.619443893432614,34.613887786865234
1616622109275,2021-03-24T21:43:26.127Z,40.251999999999995,-17.186111450195312,-23.994443893432614,36.67638778686523
1616622109315,2021-03-24T21:43:26.153Z,40.292,-16.811111450195312,-24.369443893432614,36.67638778686523
1616622109354,2021-03-24T21:43:26.154Z,40.330999999999996,-16.436111450195312,-24.369443893432614,35.863887786865234
1616622109394,2021-03-24T21:43:26.157Z,40.371,-17.561111450195312,-23.619443893432614,35.863887786865234
1616622109433,2021-03-24T21:43:26.168Z,40.41,-16.436111450195312,-37.30694580078125,37.48888778686523
1616622109474,2021-03-24T21:43:26.170Z,40.451,-16.811111450195312,-22.119443893432614,35.426387786865234
1616622109514,2021-03-24T21:43:26.172Z,40.491,-17.186111450195312,-23.619443893432614,36.67638778686523
1616622109553,2021-03-24T21:43:26.183Z,40.53,-16.436111450195312,-24.369443893432614,35.863887786865234
1616622109593,2021-03-24T21:43:26.185Z,40.57,-16.811111450195312,-25.119443893432614,36.67638778686523
1616622109633,2021-03-24T21:43:26.188Z,40.61,-15.748611450195312,-24.369443893432614,36.67638778686523
1616622109672,2021-03-24T21:43:26.199Z,40.649,-15.373611450195312,-25.056943893432614,35.863887786865234
1616622109712,2021-03-24T21:43:26.202Z,40.689,-16.436111450195312,-25.431943893432614,36.67638778686523
1616622109751,2021-03-24T21:43:26.228Z,40.728,-17.936111450195312,-23.619443893432614,37.05138778686523
1616622109791,2021-03-24T21:43:26.231Z,40.768,-16.811111450195312,-25.056943893432614,35.051387786865234
1616622109830,2021-03-24T21:43:26.232Z,40.806999999999995,-17.186111450195312,-23.994443893432614,37.05138778686523
1616622109870,2021-03-24T21:43:26.258Z,40.847,-17.186111450195312,-25.056943893432614,37.05138778686523
1616622109909,2021-03-24T21:43:26.259Z,40.885999999999996,-16.436111450195312,-22.869443893432614,35.051387786865234
1616622109950,2021-03-24T21:43:26.262Z,40.927,-17.186111450195312,-24.744443893432614,37.48888778686523
1616622109990,2021-03-24T21:43:26.288Z,40.967,-16.436111450195312,-30.619443893432614,37.86388778686523
1616622110030,2021-03-24T21:43:26.290Z,41.007,-16.123611450195312,-24.369443893432614,35.426387786865234
1616622110069,2021-03-24T21:43:26.292Z,41.04600000000001,-16.811111450195312,-24.369443893432614,37.05138778686523
1616622110109,2021-03-24T21:43:26.319Z,41.086000000000006,-16.811111450195312,-27.681943893432614,35.863887786865234
1616622110148,2021-03-24T21:43:26.321Z,41.125,-16.123611450195312,-23.619443893432614,35.863887786865234
1616622110188,2021-03-24T21:43:26.323Z,41.165,-16.811111450195312,-29.181943893432614,36.67638778686523
1616622110227,2021-03-24T21:43:26.334Z,41.20399999999999,-15.748611450195312,-24.369443893432614,35.863887786865234
1616622110267,2021-03-24T21:43:26.337Z,41.244,-16.811111450195312,-23.619443893432614,35.051387786865234
1616622110306,2021-03-24T21:43:26.348Z,41.283,-17.186111450195312,-25.056943893432614,37.05138778686523
1616622110346,2021-03-24T21:43:26.378Z,41.323,-16.811111450195312,-23.619443893432614,36.67638778686523
1616622110387,2021-03-24T21:43:26.380Z,41.364,-17.186111450195312,-23.244443893432614,37.48888778686523
1616622110427,2021-03-24T21:43:26.383Z,41.403999999999996,-16.123611450195312,-23.244443893432614,38.30138778686523
1616622110466,2021-03-24T21:43:26.409Z,41.443000000000005,-16.436111450195312,-24.744443893432614,35.051387786865234
1616622110506,2021-03-24T21:43:26.411Z,41.483000000000004,-16.123611450195312,-22.869443893432614,37.86388778686523
1616622110545,2021-03-24T21:43:26.422Z,41.522,-15.748611450195312,-23.619443893432614,36.67638778686523
1616622110585,2021-03-24T21:43:26.424Z,41.562,-16.436111450195312,-24.744443893432614,36.67638778686523
1616622110624,2021-03-24T21:43:26.427Z,41.601000000000006,-16.123611450195312,-23.619443893432614,36.67638778686523
1616622110664,2021-03-24T21:43:26.438Z,41.641000000000005,-17.186111450195312,-38.43194580078125,37.86388778686523
1616622110703,2021-03-24T21:43:26.440Z,41.68,-16.436111450195312,-25.431943893432614,35.426387786865234
1616622110743,2021-03-24T21:43:26.442Z,41.72,-17.186111450195312,-23.244443893432614,37.05138778686523
1616622110782,2021-03-24T21:43:26.453Z,41.75899999999999,-15.748611450195312,-23.994443893432614,35.051387786865234
1616622110823,2021-03-24T21:43:26.455Z,41.8,-17.186111450195312,-24.744443893432614,35.426387786865234
1616622110863,2021-03-24T21:43:26.458Z,41.84,-16.123611450195312,-24.369443893432614,36.67638778686523
1616622110903,2021-03-24T21:43:26.483Z,41.88,-16.436111450195312,-26.931943893432614,36.67638778686523
1616622110942,2021-03-24T21:43:26.485Z,41.919,-16.436111450195312,-25.806943893432614,36.73888778686523
1616622110982,2021-03-24T21:43:26.487Z,41.958999999999996,-16.123611450195312,-24.369443893432614,37.86388778686523
1616622111021,2021-03-24T21:43:26.499Z,41.998000000000005,-16.123611450195312,-25.056943893432614,36.23888778686523
1616622111061,2021-03-24T21:43:26.501Z,42.038000000000004,-16.123611450195312,-25.056943893432614,37.05138778686523
1616622111100,2021-03-24T21:43:26.513Z,42.077,-16.811111450195312,-23.244443893432614,36.67638778686523
1616622111140,2021-03-24T21:43:26.529Z,42.117,-16.123611450195312,-24.744443893432614,36.23888778686523
1616622111179,2021-03-24T21:43:26.532Z,42.156000000000006,-16.811111450195312,-23.619443893432614,36.30138778686523
1616622111219,2021-03-24T21:43:26.542Z,42.196000000000005,-16.436111450195312,-24.744443893432614,37.48888778686523
1616622111260,2021-03-24T21:43:26.559Z,42.236999999999995,-16.436111450195312,-24.369443893432614,36.23888778686523
1616622111300,2021-03-24T21:43:26.561Z,42.277,-16.436111450195312,-24.744443893432614,37.05138778686523
1616622111339,2021-03-24T21:43:26.572Z,42.316,-17.561111450195312,-40.24444580078125,37.05138778686523
1616622111379,2021-03-24T21:43:26.575Z,42.356,-16.436111450195312,-23.619443893432614,35.863887786865234
1616622111418,2021-03-24T21:43:26.577Z,42.395,-16.436111450195312,-25.056943893432614,37.86388778686523
1616622111458,2021-03-24T21:43:26.587Z,42.435,-16.123611450195312,-24.744443893432614,36.23888778686523
1616622111497,2021-03-24T21:43:26.590Z,42.474,-17.186111450195312,-24.369443893432614,35.426387786865234
1616622111537,2021-03-24T21:43:26.592Z,42.513999999999996,-16.436111450195312,-24.744443893432614,36.67638778686523
1616622111576,2021-03-24T21:43:26.634Z,42.553000000000004,-17.186111450195312,-25.056943893432614,35.426387786865234
1616622111616,2021-03-24T21:43:26.636Z,42.593,-15.373611450195312,-24.369443893432614,36.67638778686523
1616622111656,2021-03-24T21:43:26.638Z,42.633,-16.436111450195312,-23.619443893432614,37.48888778686523
1616622111695,2021-03-24T21:43:26.649Z,42.672,-15.748611450195312,-24.369443893432614,35.863887786865234
1616622111736,2021-03-24T21:43:26.652Z,42.713,-15.373611450195312,-23.619443893432614,35.863887786865234
1616622111776,2021-03-24T21:43:26.662Z,42.753,-16.811111450195312,-22.494443893432614,37.48888778686523
1616622111815,2021-03-24T21:43:26.665Z,42.792,-16.123611450195312,-24.744443893432614,35.863887786865234
1616622111855,2021-03-24T21:43:26.667Z,42.832,-16.123611450195312,-23.994443893432614,36.67638778686523
1616622111894,2021-03-24T21:43:26.679Z,42.871,-16.123611450195312,-23.244443893432614,36.23888778686523
1616622111934,2021-03-24T21:43:26.681Z,42.911,-16.811111450195312,-24.369443893432614,36.67638778686523
1616622111973,2021-03-24T21:43:26.683Z,42.95,-16.436111450195312,-29.556943893432614,36.67638778686523
1616622112013,2021-03-24T21:43:26.708Z,42.99,-17.186111450195312,-36.55694580078125,37.48888778686523
1616622112052,2021-03-24T21:43:26.711Z,43.028999999999996,-16.811111450195312,-24.369443893432614,35.426387786865234
1616622112092,2021-03-24T21:43:26.713Z,43.068999999999996,-16.123611450195312,-23.619443893432614,36.67638778686523
1616622112132,2021-03-24T21:43:26.725Z,43.108999999999995,-16.811111450195312,-24.744443893432614,36.23888778686523
1616622112173,2021-03-24T21:43:26.728Z,43.15,-16.436111450195312,-23.994443893432614,35.863887786865234
1616622112212,2021-03-24T21:43:26.738Z,43.18899999999999,-16.436111450195312,-23.619443893432614,36.23888778686523
1616622112252,2021-03-24T21:43:26.740Z,43.229,-15.373611450195312,-25.056943893432614,36.67638778686523
1616622112291,2021-03-24T21:43:26.742Z,43.268,-15.748611450195312,-24.369443893432614,37.05138778686523
1616622112331,2021-03-24T21:43:26.753Z,43.308,-16.436111450195312,-22.494443893432614,35.863887786865234
1616622112370,2021-03-24T21:43:26.755Z,43.347,-16.811111450195312,-25.056943893432614,36.23888778686523
1616622112410,2021-03-24T21:43:26.757Z,43.387,-16.436111450195312,-22.869443893432614,37.05138778686523
1616622112449,2021-03-24T21:43:26.783Z,43.426,-16.123611450195312,-28.806943893432614,35.863887786865234
1616622112489,2021-03-24T21:43:26.786Z,43.466,-15.748611450195312,-24.744443893432614,35.051387786865234
1616622112529,2021-03-24T21:43:26.788Z,43.506,-16.123611450195312,-24.369443893432614,36.23888778686523
1616622112568,2021-03-24T21:43:26.799Z,43.545,-14.998611450195312,-27.681943893432614,37.05138778686523
1616622112608,2021-03-24T21:43:26.802Z,43.585,-17.186111450195312,-25.056943893432614,35.426387786865234
1616622112649,2021-03-24T21:43:26.813Z,43.626000000000005,-16.436111450195312,-24.369443893432614,37.48888778686523
1616622112688,2021-03-24T21:43:26.815Z,43.665,-17.186111450195312,-30.619443893432614,37.05138778686523
1616622112728,2021-03-24T21:43:26.817Z,43.705,-17.186111450195312,-22.869443893432614,35.051387786865234
1616622112767,2021-03-24T21:43:26.844Z,43.744,-17.186111450195312,-23.994443893432614,37.48888778686523
1616622112807,2021-03-24T21:43:26.846Z,43.784,-14.248611450195312,-25.431943893432614,36.23888778686523
1616622112846,2021-03-24T21:43:26.848Z,43.823,-17.561111450195312,-24.369443893432614,36.67638778686523
1616622112886,2021-03-24T21:43:26.874Z,43.863,-16.436111450195312,-23.619443893432614,37.05138778686523
1616622112926,2021-03-24T21:43:26.876Z,43.903,-17.186111450195312,-24.369443893432614,34.613887786865234
1616622112965,2021-03-24T21:43:26.890Z,43.942,-16.436111450195312,-23.619443893432614,36.67638778686523
1616622113005,2021-03-24T21:43:26.891Z,43.982,-16.811111450195312,-24.744443893432614,37.05138778686523
1616622113044,2021-03-24T21:43:26.892Z,44.021,-16.123611450195312,-24.744443893432614,36.23888778686523
1616622113085,2021-03-24T21:43:26.903Z,44.062,-17.561111450195312,-24.744443893432614,37.48888778686523
1616622113125,2021-03-24T21:43:26.934Z,44.102,-17.186111450195312,-23.244443893432614,37.48888778686523
1616622113164,2021-03-24T21:43:26.936Z,44.141000000000005,-16.811111450195312,-23.619443893432614,34.613887786865234
1616622113204,2021-03-24T21:43:26.938Z,44.181000000000004,-17.186111450195312,-25.056943893432614,37.86388778686523
1616622113243,2021-03-24T21:43:26.964Z,44.22,-15.373611450195312,-32.11944580078125,37.05138778686523
1616622113283,2021-03-24T21:43:26.967Z,44.26,-16.811111450195312,-25.806943893432614,35.488887786865234
1616622113322,2021-03-24T21:43:26.978Z,44.299,-16.436111450195312,-23.244443893432614,36.67638778686523
1616622113362,2021-03-24T21:43:26.980Z,44.339,-16.811111450195312,-25.806943893432614,36.67638778686523
1616622113402,2021-03-24T21:43:26.982Z,44.379,-17.561111450195312,-22.494443893432614,36.67638778686523
1616622113441,2021-03-24T21:43:26.994Z,44.418,-16.811111450195312,-23.244443893432614,37.05138778686523
1616622113481,2021-03-24T21:43:26.996Z,44.458,-16.123611450195312,-24.744443893432614,35.051387786865234
1616622113520,2021-03-24T21:43:26.998Z,44.497,-16.436111450195312,-25.431943893432614,35.051387786865234
1616622113561,2021-03-24T21:43:27.009Z,44.538000000000004,-16.811111450195312,-24.744443893432614,35.051387786865234
1616622113601,2021-03-24T21:43:27.012Z,44.578,-15.373611450195312,-25.806943893432614,35.051387786865234
1616622113640,2021-03-24T21:43:27.023Z,44.617,-16.811111450195312,-24.369443893432614,37.86388778686523
1616622113680,2021-03-24T21:43:27.038Z,44.657,-16.436111450195312,-23.619443893432614,36.67638778686523
1616622113719,2021-03-24T21:43:27.040Z,44.696000000000005,-16.436111450195312,-24.744443893432614,35.426387786865234
1616622113759,2021-03-24T21:43:27.043Z,44.736000000000004,-16.811111450195312,-23.994443893432614,37.05138778686523
1616622113799,2021-03-24T21:43:27.054Z,44.776,-17.186111450195312,-23.994443893432614,37.05138778686523
1616622113838,2021-03-24T21:43:27.056Z,44.815,-16.123611450195312,-22.494443893432614,36.23888778686523
1616622113878,2021-03-24T21:43:27.058Z,44.855,-17.561111450195312,-22.869443893432614,36.67638778686523
1616622113917,2021-03-24T21:43:27.084Z,44.894,-16.436111450195312,-40.61944580078125,38.30138778686523
1616622113958,2021-03-24T21:43:27.086Z,44.935,-16.123611450195312,-22.119443893432614,36.30138778686523
1616622113998,2021-03-24T21:43:27.088Z,44.975,-16.436111450195312,-23.994443893432614,37.05138778686523
1616622114037,2021-03-24T21:43:27.113Z,45.013999999999996,-16.436111450195312,-24.744443893432614,35.863887786865234
1616622114077,2021-03-24T21:43:27.116Z,45.053999999999995,-16.811111450195312,-23.994443893432614,36.67638778686523
1616622114116,2021-03-24T21:43:27.118Z,45.093,-16.123611450195312,-26.556943893432614,36.67638778686523
1616622114156,2021-03-24T21:43:27.129Z,45.133,-16.123611450195312,-25.056943893432614,35.426387786865234
1616622114196,2021-03-24T21:43:27.132Z,45.173,-15.373611450195312,-24.744443893432614,37.55138778686523
1616622114235,2021-03-24T21:43:27.143Z,45.211999999999996,-15.748611450195312,-25.431943893432614,37.48888778686523
1616622114275,2021-03-24T21:43:27.144Z,45.251999999999995,-16.811111450195312,-25.056943893432614,37.05138778686523
1616622114314,2021-03-24T21:43:27.147Z,45.291000000000004,-14.998611450195312,-25.431943893432614,37.05138778686523
1616622114354,2021-03-24T21:43:27.158Z,45.331,-16.123611450195312,-25.056943893432614,37.86388778686523
1616622114393,2021-03-24T21:43:27.160Z,45.37,-17.186111450195312,-25.431943893432614,37.48888778686523
1616622114434,2021-03-24T21:43:27.162Z,45.411,-14.998611450195312,-25.806943893432614,38.73888778686523
1616622114474,2021-03-24T21:43:27.173Z,45.451,-14.623611450195312,-24.744443893432614,39.48888778686523
1616622114513,2021-03-24T21:43:27.176Z,45.49,-13.873611450195312,-27.306943893432614,37.92638778686523
1616622114553,2021-03-24T21:43:27.178Z,45.53,-14.998611450195312,-26.181943893432614,38.30138778686523
1616622114593,2021-03-24T21:43:27.189Z,45.57,-15.373611450195312,-43.24444580078125,37.86388778686523
1616622114632,2021-03-24T21:43:27.191Z,45.608999999999995,-15.748611450195312,-26.931943893432614,39.48888778686523
1616622114672,2021-03-24T21:43:27.202Z,45.648999999999994,-14.623611450195312,-26.931943893432614,39.05138778686523
1616622114711,2021-03-24T21:43:27.234Z,45.688,-15.748611450195312,-28.056943893432614,38.30138778686523
1616622114751,2021-03-24T21:43:27.237Z,45.728,-15.373611450195312,-26.556943893432614,38.30138778686523
1616622114790,2021-03-24T21:43:27.263Z,45.766999999999996,-14.623611450195312,-27.681943893432614,38.67638778686523
1616622114830,2021-03-24T21:43:27.264Z,45.806999999999995,-16.123611450195312,-28.431943893432614,37.86388778686523
1616622114869,2021-03-24T21:43:27.267Z,45.846000000000004,-14.248611450195312,-27.306943893432614,38.30138778686523
1616622114910,2021-03-24T21:43:27.278Z,45.887,-16.436111450195312,-26.931943893432614,39.11388778686523
1616622114950,2021-03-24T21:43:27.280Z,45.927,-14.623611450195312,-29.181943893432614,38.67638778686523
1616622114989,2021-03-24T21:43:27.282Z,45.966,-12.373611450195312,-29.181943893432614,39.11388778686523
1616622115029,2021-03-24T21:43:27.294Z,46.006,-15.373611450195312,-27.306943893432614,39.48888778686523
1616622115069,2021-03-24T21:43:27.296Z,46.04600000000001,-15.373611450195312,-28.806943893432614,37.48888778686523
1616622115108,2021-03-24T21:43:27.298Z,46.085,-13.873611450195312,-26.931943893432614,39.92638778686523
1616622115148,2021-03-24T21:43:27.310Z,46.125,-13.498611450195312,-28.806943893432614,37.86388778686523
1616622115187,2021-03-24T21:43:27.312Z,46.163999999999994,-14.623611450195312,-29.556943893432614,38.67638778686523
1616622115227,2021-03-24T21:43:27.339Z,46.20399999999999,-14.623611450195312,-27.306943893432614,38.30138778686523
1616622115266,2021-03-24T21:43:27.341Z,46.243,-15.373611450195312,-30.994443893432614,38.30138778686523
1616622115306,2021-03-24T21:43:27.343Z,46.283,-15.373611450195312,-30.244443893432614,37.05138778686523
1616622115347,2021-03-24T21:43:27.354Z,46.324,-16.436111450195312,-26.931943893432614,38.67638778686523
1616622115386,2021-03-24T21:43:27.357Z,46.363,-14.623611450195312,-27.681943893432614,37.86388778686523
1616622115426,2021-03-24T21:43:27.368Z,46.403,-13.873611450195312,-29.181943893432614,38.30138778686523
1616622115466,2021-03-24T21:43:27.370Z,46.443000000000005,-14.998611450195312,-28.056943893432614,39.05138778686523
1616622115505,2021-03-24T21:43:27.372Z,46.482,-15.373611450195312,-26.931943893432614,37.86388778686523
1616622115545,2021-03-24T21:43:27.399Z,46.522,-15.373611450195312,-27.306943893432614,38.67638778686523
1616622115584,2021-03-24T21:43:27.401Z,46.56100000000001,-14.623611450195312,-28.431943893432614,38.30138778686523
1616622115624,2021-03-24T21:43:27.403Z,46.601000000000006,-15.748611450195312,-27.681943893432614,37.86388778686523
1616622115663,2021-03-24T21:43:27.429Z,46.64,-14.998611450195312,-28.056943893432614,38.67638778686523
1616622115703,2021-03-24T21:43:27.432Z,46.68,-15.373611450195312,-27.306943893432614,38.73888778686523
1616622115742,2021-03-24T21:43:27.443Z,46.718999999999994,-14.623611450195312,-27.681943893432614,39.11388778686523
1616622115783,2021-03-24T21:43:27.445Z,46.76,-15.373611450195312,-26.181943893432614,38.30138778686523
1616622115823,2021-03-24T21:43:27.447Z,46.8,-14.248611450195312,-40.61944580078125,39.05138778686523
1616622115863,2021-03-24T21:43:27.474Z,46.84,-13.123611450195312,-28.431943893432614,37.05138778686523
1616622115902,2021-03-24T21:43:27.489Z,46.879,-15.373611450195312,-27.306943893432614,37.86388778686523
1616622115942,2021-03-24T21:43:27.491Z,46.919,-14.623611450195312,-28.056943893432614,36.67638778686523
1616622115981,2021-03-24T21:43:27.518Z,46.958,-15.373611450195312,-28.056943893432614,36.67638778686523
1616622116021,2021-03-24T21:43:27.520Z,46.998000000000005,-14.248611450195312,-27.681943893432614,39.48888778686523
1616622116060,2021-03-24T21:43:27.522Z,47.037,-14.998611450195312,-29.869443893432614,37.86388778686523
1616622116100,2021-03-24T21:43:27.533Z,47.077,-14.998611450195312,-28.056943893432614,37.92638778686523
1616622116139,2021-03-24T21:43:27.535Z,47.11600000000001,-15.373611450195312,-26.556943893432614,39.48888778686523
1616622116180,2021-03-24T21:43:27.537Z,47.157,-14.623611450195312,-27.681943893432614,37.86388778686523
1616622116218,2021-03-24T21:43:27.548Z,47.195,-15.373611450195312,-26.931943893432614,39.48888778686523
1616622116260,2021-03-24T21:43:27.550Z,47.236999999999995,-14.248611450195312,-26.931943893432614,38.30138778686523
1616622116299,2021-03-24T21:43:27.553Z,47.276,-14.623611450195312,-26.181943893432614,37.05138778686523
1616622116339,2021-03-24T21:43:27.564Z,47.316,-14.623611450195312,-27.306943893432614,39.92638778686523
1616622116378,2021-03-24T21:43:27.566Z,47.355,-15.748611450195312,-26.181943893432614,38.67638778686523
1616622116418,2021-03-24T21:43:27.568Z,47.395,-14.623611450195312,-27.681943893432614,37.86388778686523
1616622116457,2021-03-24T21:43:27.579Z,47.434,-14.248611450195312,-28.056943893432614,37.86388778686523
1616622116497,2021-03-24T21:43:27.582Z,47.474,-15.373611450195312,-43.93194580078125,38.30138778686523
1616622116536,2021-03-24T21:43:27.593Z,47.513000000000005,-15.373611450195312,-26.181943893432614,37.05138778686523
1616622116576,2021-03-24T21:43:27.594Z,47.553000000000004,-16.436111450195312,-27.306943893432614,38.30138778686523
1616622116615,2021-03-24T21:43:27.597Z,47.592,-15.373611450195312,-26.556943893432614,37.48888778686523
1616622116655,2021-03-24T21:43:27.608Z,47.632,-16.123611450195312,-28.056943893432614,37.92638778686523
1616622116696,2021-03-24T21:43:27.610Z,47.673,-14.998611450195312,-27.681943893432614,39.05138778686523
1616622116736,2021-03-24T21:43:27.612Z,47.713,-14.998611450195312,-28.056943893432614,37.11388778686523
1616622116775,2021-03-24T21:43:27.639Z,47.751999999999995,-14.998611450195312,-25.806943893432614,37.92638778686523
1616622116815,2021-03-24T21:43:27.640Z,47.792,-14.998611450195312,-26.931943893432614,38.67638778686523
1616622116854,2021-03-24T21:43:27.642Z,47.831,-14.623611450195312,-26.181943893432614,38.30138778686523
1616622116894,2021-03-24T21:43:27.667Z,47.871,-16.123611450195312,-27.306943893432614,38.73888778686523
1616622116933,2021-03-24T21:43:27.670Z,47.91,-14.623611450195312,-26.556943893432614,39.48888778686523
1616622116973,2021-03-24T21:43:27.672Z,47.95,-14.998611450195312,-28.056943893432614,39.11388778686523
1616622117012,2021-03-24T21:43:27.683Z,47.989,-15.373611450195312,-28.056943893432614,39.48888778686523
1616622117052,2021-03-24T21:43:27.685Z,48.028999999999996,-13.498611450195312,-27.306943893432614,38.67638778686523
1616622117092,2021-03-24T21:43:27.698Z,48.068999999999996,-14.623611450195312,-26.556943893432614,37.92638778686523
1616622117133,2021-03-24T21:43:27.699Z,48.11,-15.373611450195312,-26.931943893432614,38.67638778686523
1616622117172,2021-03-24T21:43:27.702Z,48.148999999999994,-14.998611450195312,-35.43194580078125,39.48888778686523
1616622117212,2021-03-24T21:43:27.713Z,48.18899999999999,-15.748611450195312,-28.056943893432614,36.23888778686523
1616622117251,2021-03-24T21:43:27.715Z,48.228,-14.623611450195312,-26.556943893432614,38.30138778686523
1616622117291,2021-03-24T21:43:27.717Z,48.268,-14.623611450195312,-28.056943893432614,38.30138778686523
1616622117330,2021-03-24T21:43:27.728Z,48.306999999999995,-14.248611450195312,-24.744443893432614,37.48888778686523
1616622117370,2021-03-24T21:43:27.730Z,48.347,-15.748611450195312,-26.931943893432614,38.30138778686523
1616622117409,2021-03-24T21:43:27.733Z,48.386,-14.623611450195312,-32.86944580078125,37.48888778686523
1616622117449,2021-03-24T21:43:27.744Z,48.426,-15.373611450195312,-25.806943893432614,39.92638778686523
1616622117489,2021-03-24T21:43:27.746Z,48.466,-14.998611450195312,-25.431943893432614,38.30138778686523
1616622117528,2021-03-24T21:43:27.749Z,48.505,-15.373611450195312,-26.556943893432614,37.48888778686523
1616622117569,2021-03-24T21:43:27.759Z,48.54600000000001,-14.623611450195312,-26.931943893432614,38.67638778686523
1616622117609,2021-03-24T21:43:27.762Z,48.586000000000006,-13.498611450195312,-26.181943893432614,39.11388778686523
1616622117648,2021-03-24T21:43:27.772Z,48.625,-14.998611450195312,-26.181943893432614,36.67638778686523
1616622117688,2021-03-24T21:43:27.774Z,48.665,-14.623611450195312,-26.181943893432614,37.86388778686523
1616622117727,2021-03-24T21:43:27.777Z,48.70399999999999,-15.373611450195312,-36.55694580078125,39.11388778686523
1616622117767,2021-03-24T21:43:27.788Z,48.744,-14.248611450195312,-27.306943893432614,37.86388778686523
1616622117806,2021-03-24T21:43:27.819Z,48.783,-14.248611450195312,-27.306943893432614,38.67638778686523
1616622117846,2021-03-24T21:43:27.821Z,48.823,-14.248611450195312,-29.556943893432614,37.92638778686523
1616622117885,2021-03-24T21:43:27.823Z,48.861999999999995,-14.623611450195312,-30.619443893432614,37.86388778686523
1616622117925,2021-03-24T21:43:27.834Z,48.902,-13.873611450195312,-26.556943893432614,38.67638778686523
1616622117965,2021-03-24T21:43:27.837Z,48.942,-16.123611450195312,-28.431943893432614,38.30138778686523
1616622118004,2021-03-24T21:43:27.848Z,48.981,-15.748611450195312,-26.556943893432614,38.73888778686523
1616622118045,2021-03-24T21:43:27.849Z,49.022,-15.373611450195312,-26.931943893432614,39.48888778686523
1616622118085,2021-03-24T21:43:27.852Z,49.062,-16.123611450195312,-25.431943893432614,37.48888778686523
1616622118124,2021-03-24T21:43:27.863Z,49.101000000000006,-15.373611450195312,-26.931943893432614,38.30138778686523
1616622118164,2021-03-24T21:43:27.865Z,49.141000000000005,-15.373611450195312,-26.931943893432614,39.11388778686523
1616622118203,2021-03-24T21:43:27.867Z,49.18,-14.998611450195312,-27.306943893432614,38.30138778686523
1616622118243,2021-03-24T21:43:27.894Z,49.22,-14.248611450195312,-26.556943893432614,39.55138778686523
1616622118282,2021-03-24T21:43:27.896Z,49.25899999999999,-13.873611450195312,-26.931943893432614,38.30138778686523
1616622118322,2021-03-24T21:43:27.898Z,49.299,-14.623611450195312,-26.931943893432614,37.05138778686523
1616622118362,2021-03-24T21:43:27.909Z,49.339,-15.748611450195312,-27.681943893432614,38.67638778686523
1616622118401,2021-03-24T21:43:27.912Z,49.378,-14.623611450195312,-43.24444580078125,38.67638778686523
1616622118441,2021-03-24T21:43:27.923Z,49.418,-13.498611450195312,-26.556943893432614,37.86388778686523
1616622118482,2021-03-24T21:43:27.925Z,49.458999999999996,-14.998611450195312,-26.181943893432614,37.86388778686523
1616622118521,2021-03-24T21:43:27.927Z,49.498000000000005,-14.623611450195312,-26.931943893432614,37.48888778686523
1616622118561,2021-03-24T21:43:27.954Z,49.538000000000004,-14.248611450195312,-26.556943893432614,38.67638778686523
1616622118600,2021-03-24T21:43:27.956Z,49.577,-14.623611450195312,-26.181943893432614,37.86388778686523
1616622118640,2021-03-24T21:43:27.958Z,49.617,-13.873611450195312,-27.681943893432614,37.86388778686523
1616622118679,2021-03-24T21:43:27.984Z,49.656000000000006,-14.623611450195312,-26.931943893432614,37.92638778686523
1616622118719,2021-03-24T21:43:27.987Z,49.696000000000005,-14.623611450195312,-26.556943893432614,38.67638778686523
1616622118759,2021-03-24T21:43:27.998Z,49.736000000000004,-14.623611450195312,-25.806943893432614,37.48888778686523
1616622118798,2021-03-24T21:43:28.000Z,49.775,-14.248611450195312,-26.556943893432614,39.11388778686523
1616622118838,2021-03-24T21:43:28.002Z,49.815,-14.248611450195312,-25.806943893432614,39.48888778686523
1616622118877,2021-03-24T21:43:28.027Z,49.854,-15.748611450195312,-25.806943893432614,38.73888778686523
1616622118918,2021-03-24T21:43:28.029Z,49.895,-15.373611450195312,-25.431943893432614,38.30138778686523
1616622118958,2021-03-24T21:43:28.032Z,49.935,-14.623611450195312,-25.056943893432614,38.30138778686523
1616622118997,2021-03-24T21:43:28.042Z,49.974,-16.123611450195312,-25.056943893432614,38.67638778686523
1616622119037,2021-03-24T21:43:28.045Z,50.013999999999996,-15.373611450195312,-25.056943893432614,38.67638778686523
1616622119076,2021-03-24T21:43:28.047Z,50.053000000000004,-14.623611450195312,-41.74444580078125,37.86388778686523
1616622119116,2021-03-24T21:43:28.058Z,50.093,-15.373611450195312,-26.931943893432614,37.86388778686523
1616622119156,2021-03-24T21:43:28.060Z,50.133,-15.748611450195312,-26.931943893432614,39.11388778686523
1616622119195,2021-03-24T21:43:28.063Z,50.172,-15.373611450195312,-24.744443893432614,36.67638778686523
1616622119235,2021-03-24T21:43:28.075Z,50.211999999999996,-15.748611450195312,-25.431943893432614,37.11388778686523
1616622119274,2021-03-24T21:43:28.076Z,50.251000000000005,-14.998611450195312,-26.181943893432614,39.48888778686523
1616622119315,2021-03-24T21:43:28.078Z,50.292,-13.498611450195312,-27.681943893432614,37.48888778686523
1616622119355,2021-03-24T21:43:28.089Z,50.332,-14.998611450195312,-24.369443893432614,39.48888778686523
1616622119394,2021-03-24T21:43:28.092Z,50.371,-14.248611450195312,-26.931943893432614,38.30138778686523
1616622119434,2021-03-24T21:43:28.102Z,50.411,-14.248611450195312,-27.681943893432614,38.30138778686523
1616622119473,2021-03-24T21:43:28.104Z,50.45,-15.373611450195312,-26.181943893432614,38.30138778686523
1616622119513,2021-03-24T21:43:28.107Z,50.49,-15.373611450195312,-26.931943893432614,38.67638778686523
1616622119552,2021-03-24T21:43:28.118Z,50.528999999999996,-15.748611450195312,-25.431943893432614,36.67638778686523
1616622119592,2021-03-24T21:43:28.120Z,50.568999999999996,-14.623611450195312,-24.744443893432614,38.30138778686523
1616622119632,2021-03-24T21:43:28.123Z,50.608999999999995,-14.623611450195312,-32.11944580078125,38.67638778686523
1616622119671,2021-03-24T21:43:28.148Z,50.648,-16.123611450195312,-27.306943893432614,37.05138778686523
1616622119711,2021-03-24T21:43:28.150Z,50.688,-14.623611450195312,-25.806943893432614,38.30138778686523
1616622119750,2021-03-24T21:43:28.152Z,50.727,-14.248611450195312,-30.994443893432614,39.05138778686523
1616622119790,2021-03-24T21:43:28.164Z,50.766999999999996,-15.373611450195312,-26.181943893432614,37.86388778686523
1616622119831,2021-03-24T21:43:28.166Z,50.808,-15.373611450195312,-25.431943893432614,39.11388778686523
1616622119870,2021-03-24T21:43:28.168Z,50.847,-14.623611450195312,-27.681943893432614,37.05138778686523
1616622119910,2021-03-24T21:43:28.193Z,50.887,-15.748611450195312,-26.931943893432614,37.11388778686523
1616622119949,2021-03-24T21:43:28.196Z,50.926,-16.436111450195312,-25.806943893432614,38.67638778686523
1616622119989,2021-03-24T21:43:28.198Z,50.966,-14.248611450195312,-26.931943893432614,37.05138778686523
1616622120029,2021-03-24T21:43:28.223Z,51.006,-15.373611450195312,-23.994443893432614,37.86388778686523
1616622120068,2021-03-24T21:43:28.225Z,51.045,-14.623611450195312,-25.431943893432614,38.67638778686523
1616622120108,2021-03-24T21:43:28.228Z,51.085,-14.998611450195312,-26.556943893432614,38.30138778686523
1616622120147,2021-03-24T21:43:28.239Z,51.123999999999995,-14.623611450195312,-26.181943893432614,38.67638778686523
1616622120187,2021-03-24T21:43:28.241Z,51.163999999999994,-14.998611450195312,-25.056943893432614,38.30138778686523
1616622120226,2021-03-24T21:43:28.243Z,51.203,-14.998611450195312,-25.431943893432614,37.86388778686523
1616622120267,2021-03-24T21:43:28.254Z,51.244,-15.373611450195312,-25.806943893432614,39.11388778686523
1616622120307,2021-03-24T21:43:28.257Z,51.284,-13.873611450195312,-39.49444580078125,37.48888778686523
1616622120346,2021-03-24T21:43:28.267Z,51.323,-16.123611450195312,-27.306943893432614,37.48888778686523
1616622120386,2021-03-24T21:43:28.269Z,51.363,-16.123611450195312,-26.181943893432614,39.11388778686523
1616622120426,2021-03-24T21:43:28.272Z,51.403,-15.373611450195312,-25.056943893432614,37.05138778686523
1616622120465,2021-03-24T21:43:28.284Z,51.442,-14.998611450195312,-28.431943893432614,37.48888778686523
1616622120505,2021-03-24T21:43:28.285Z,51.482,-14.998611450195312,-25.431943893432614,39.55138778686523
1616622120544,2021-03-24T21:43:28.287Z,51.521,-14.248611450195312,-28.056943893432614,36.67638778686523
1616622120584,2021-03-24T21:43:28.299Z,51.56100000000001,-14.248611450195312,-25.806943893432614,38.73888778686523
1616622120623,2021-03-24T21:43:28.301Z,51.6,-14.998611450195312,-25.806943893432614,37.86388778686523
1616622120663,2021-03-24T21:43:28.303Z,51.64,-15.373611450195312,-25.056943893432614,37.11388778686523
1616622120704,2021-03-24T21:43:28.314Z,51.681000000000004,-14.998611450195312,-25.056943893432614,37.92638778686523
1616622120743,2021-03-24T21:43:28.317Z,51.72,-14.998611450195312,-24.369443893432614,38.30138778686523
1616622120783,2021-03-24T21:43:28.327Z,51.76,-15.373611450195312,-25.431943893432614,36.67638778686523
1616622120822,2021-03-24T21:43:28.344Z,51.799,-14.248611450195312,-25.431943893432614,38.30138778686523
1616622120862,2021-03-24T21:43:28.346Z,51.839,-14.248611450195312,-25.806943893432614,38.30138778686523
1616622120902,2021-03-24T21:43:28.358Z,51.879,-16.123611450195312,-25.431943893432614,37.05138778686523
1616622120941,2021-03-24T21:43:28.389Z,51.918,-14.998611450195312,-25.056943893432614,39.11388778686523
1616622120981,2021-03-24T21:43:28.392Z,51.958,-14.998611450195312,-42.86944580078125,39.48888778686523
1616622121020,2021-03-24T21:43:28.403Z,51.997,-14.998611450195312,-26.181943893432614,38.30138778686523
1616622121060,2021-03-24T21:43:28.405Z,52.037,-15.748611450195312,-26.556943893432614,38.30138778686523
1616622121099,2021-03-24T21:43:28.407Z,52.076,-12.748611450195312,-26.181943893432614,37.05138778686523
1616622121139,2021-03-24T21:43:28.420Z,52.11600000000001,-14.998611450195312,-26.556943893432614,36.67638778686523
1616622121180,2021-03-24T21:43:28.422Z,52.157,-15.373611450195312,-25.806943893432614,38.67638778686523
1616622121219,2021-03-24T21:43:28.448Z,52.196000000000005,-15.748611450195312,-26.931943893432614,37.11388778686523
1616622121259,2021-03-24T21:43:28.450Z,52.236000000000004,-16.123611450195312,-24.369443893432614,38.30138778686523
1616622121299,2021-03-24T21:43:28.452Z,52.276,-15.748611450195312,-27.306943893432614,38.30138778686523
1616622121338,2021-03-24T21:43:28.463Z,52.315,-15.373611450195312,-25.431943893432614,38.67638778686523
1616622121378,2021-03-24T21:43:28.465Z,52.355,-14.623611450195312,-25.806943893432614,39.48888778686523
1616622121417,2021-03-24T21:43:28.468Z,52.394,-15.373611450195312,-25.056943893432614,37.48888778686523
1616622121457,2021-03-24T21:43:28.479Z,52.434,-16.123611450195312,-25.431943893432614,37.48888778686523
1616622121496,2021-03-24T21:43:28.481Z,52.473,-16.123611450195312,-25.431943893432614,39.11388778686523
1616622121536,2021-03-24T21:43:28.483Z,52.513000000000005,-14.248611450195312,-27.681943893432614,39.05138778686523
1616622121575,2021-03-24T21:43:28.510Z,52.552,-15.748611450195312,-25.806943893432614,39.11388778686523
1616622121616,2021-03-24T21:43:28.512Z,52.593,-16.436111450195312,-25.431943893432614,38.30138778686523
1616622121656,2021-03-24T21:43:28.522Z,52.633,-15.748611450195312,-34.36944580078125,37.86388778686523
1616622121696,2021-03-24T21:43:28.524Z,52.673,-15.748611450195312,-25.806943893432614,38.67638778686523
1616622121735,2021-03-24T21:43:28.527Z,52.711999999999996,-14.998611450195312,-26.931943893432614,37.86388778686523
1616622121775,2021-03-24T21:43:28.538Z,52.751999999999995,-16.123611450195312,-25.431943893432614,38.30138778686523
1616622121814,2021-03-24T21:43:28.540Z,52.791000000000004,-14.998611450195312,-23.619443893432614,37.48888778686523
1616622121854,2021-03-24T21:43:28.542Z,52.831,-14.998611450195312,-25.056943893432614,37.48888778686523
1616622121893,2021-03-24T21:43:28.554Z,52.87,-15.373611450195312,-26.181943893432614,37.05138778686523
1616622121933,2021-03-24T21:43:28.556Z,52.91,-14.248611450195312,-26.556943893432614,38.67638778686523
1616622121972,2021-03-24T21:43:28.558Z,52.949,-14.623611450195312,-26.931943893432614,38.30138778686523
1616622122012,2021-03-24T21:43:28.628Z,52.989,-15.748611450195312,-24.744443893432614,36.67638778686523
1616622122053,2021-03-24T21:43:28.630Z,53.03,-14.248611450195312,-24.744443893432614,38.30138778686523
1616622122093,2021-03-24T21:43:28.632Z,53.07,-15.373611450195312,-25.806943893432614,39.11388778686523
1616622122132,2021-03-24T21:43:28.643Z,53.108999999999995,-15.373611450195312,-24.744443893432614,36.30138778686523
1616622122172,2021-03-24T21:43:28.645Z,53.148999999999994,-16.811111450195312,-25.806943893432614,39.11388778686523
1616622122211,2021-03-24T21:43:28.648Z,53.188,-15.373611450195312,-30.994443893432614,39.11388778686523
1616622122251,2021-03-24T21:43:28.659Z,53.228,-14.248611450195312,-28.806943893432614,37.48888778686523
1616622122290,2021-03-24T21:43:28.661Z,53.266999999999996,-14.248611450195312,-26.181943893432614,39.11388778686523
1616622122330,2021-03-24T21:43:28.663Z,53.306999999999995,-15.373611450195312,-30.994443893432614,37.11388778686523
1616622122369,2021-03-24T21:43:28.675Z,53.346000000000004,-15.748611450195312,-25.056943893432614,37.86388778686523
1616622122409,2021-03-24T21:43:28.677Z,53.386,-15.748611450195312,-24.369443893432614,38.67638778686523
1616622122448,2021-03-24T21:43:28.687Z,53.425,-13.873611450195312,-26.556943893432614,37.05138778686523
1616622122488,2021-03-24T21:43:28.690Z,53.465,-14.623611450195312,-26.931943893432614,37.92638778686523
1616622122529,2021-03-24T21:43:28.693Z,53.506,-15.373611450195312,-26.181943893432614,38.30138778686523
1616622122569,2021-03-24T21:43:28.704Z,53.54600000000001,-14.623611450195312,-25.431943893432614,37.86388778686523
1616622122608,2021-03-24T21:43:28.706Z,53.585,-15.748611450195312,-26.181943893432614,38.30138778686523
1616622122648,2021-03-24T21:43:28.708Z,53.625,-14.248611450195312,-26.556943893432614,39.11388778686523
1616622122687,2021-03-24T21:43:28.720Z,53.663999999999994,-14.623611450195312,-25.806943893432614,38.67638778686523
1616622122727,2021-03-24T21:43:28.722Z,53.70399999999999,-15.748611450195312,-26.181943893432614,39.11388778686523
1616622122766,2021-03-24T21:43:28.733Z,53.743,-14.248611450195312,-25.431943893432614,38.30138778686523
1616622122806,2021-03-24T21:43:28.749Z,53.783,-14.998611450195312,-25.431943893432614,37.86388778686523
1616622122845,2021-03-24T21:43:28.752Z,53.821999999999996,-14.623611450195312,-28.431943893432614,39.92638778686523
1616622122885,2021-03-24T21:43:28.762Z,53.861999999999995,-14.998611450195312,-39.49444580078125,39.11388778686523
1616622122925,2021-03-24T21:43:28.779Z,53.902,-14.248611450195312,-26.181943893432614,36.67638778686523
1616622122966,2021-03-24T21:43:28.781Z,53.943000000000005,-14.998611450195312,-27.681943893432614,39.48888778686523
1616622123005,2021-03-24T21:43:28.793Z,53.982,-16.123611450195312,-26.931943893432614,38.30138778686523
1616622123045,2021-03-24T21:43:28.794Z,54.022,-14.998611450195312,-26.181943893432614,37.48888778686523
1616622123084,2021-03-24T21:43:28.797Z,54.06100000000001,-14.248611450195312,-26.181943893432614,39.55138778686523
1616622123124,2021-03-24T21:43:28.808Z,54.101000000000006,-14.998611450195312,-28.431943893432614,37.86388778686523
1616622123163,2021-03-24T21:43:28.811Z,54.14,-14.623611450195312,-27.306943893432614,38.30138778686523
1616622123203,2021-03-24T21:43:28.813Z,54.18,-16.123611450195312,-26.556943893432614,39.48888778686523
1616622123242,2021-03-24T21:43:28.824Z,54.218999999999994,-14.998611450195312,-26.556943893432614,38.30138778686523
1616622123282,2021-03-24T21:43:28.827Z,54.25899999999999,-14.623611450195312,-27.681943893432614,37.48888778686523
1616622123322,2021-03-24T21:43:28.838Z,54.299,-14.623611450195312,-26.181943893432614,39.11388778686523
1616622123361,2021-03-24T21:43:28.839Z,54.338,-14.998611450195312,-25.806943893432614,37.05138778686523
1616622123402,2021-03-24T21:43:28.842Z,54.379,-14.623611450195312,-25.806943893432614,38.30138778686523
1616622123442,2021-03-24T21:43:28.853Z,54.419,-14.248611450195312,-26.931943893432614,39.55138778686523
1616622123481,2021-03-24T21:43:28.855Z,54.458,-14.623611450195312,-25.806943893432614,37.86388778686523
1616622123521,2021-03-24T21:43:28.857Z,54.498000000000005,-13.873611450195312,-25.806943893432614,39.48888778686523
1616622123560,2021-03-24T21:43:28.868Z,54.537,-15.373611450195312,-42.86944580078125,38.73888778686523
1616622123600,2021-03-24T21:43:28.871Z,54.577,-15.373611450195312,-26.181943893432614,38.30138778686523
1616622123639,2021-03-24T21:43:28.873Z,54.61600000000001,-13.873611450195312,-26.556943893432614,38.30138778686523
1616622123679,2021-03-24T21:43:28.898Z,54.656000000000006,-13.873611450195312,-26.556943893432614,37.05138778686523
1616622123718,2021-03-24T21:43:28.900Z,54.695,-15.373611450195312,-26.556943893432614,38.73888778686523
1616622123758,2021-03-24T21:43:28.903Z,54.735,-14.248611450195312,-25.806943893432614,39.11388778686523
1616622123798,2021-03-24T21:43:28.929Z,54.775,-14.998611450195312,-27.681943893432614,38.67638778686523
1616622123839,2021-03-24T21:43:28.931Z,54.816,-15.373611450195312,-25.806943893432614,39.11388778686523
1616622123878,2021-03-24T21:43:28.932Z,54.855,-14.623611450195312,-25.806943893432614,39.92638778686523
1616622123918,2021-03-24T21:43:28.944Z,54.895,-14.998611450195312,-25.056943893432614,38.30138778686523
1616622123957,2021-03-24T21:43:28.946Z,54.934,-15.748611450195312,-27.681943893432614,37.86388778686523
1616622123997,2021-03-24T21:43:28.948Z,54.974,-14.998611450195312,-26.931943893432614,39.11388778686523
1616622124036,2021-03-24T21:43:28.989Z,55.013000000000005,-14.623611450195312,-25.806943893432614,37.86388778686523
1616622124076,2021-03-24T21:43:28.991Z,55.053000000000004,-14.998611450195312,-26.181943893432614,39.11388778686523
1616622124115,2021-03-24T21:43:28.993Z,55.092,-14.623611450195312,-29.556943893432614,39.11388778686523
1616622124155,2021-03-24T21:43:29.004Z,55.132,-15.373611450195312,-26.931943893432614,37.05138778686523
1616622124195,2021-03-24T21:43:29.007Z,55.172,-14.998611450195312,-25.806943893432614,37.86388778686523
1616622124236,2021-03-24T21:43:29.018Z,55.213,-16.123611450195312,-33.24444580078125,38.67638778686523
1616622124274,2021-03-24T21:43:29.020Z,55.251000000000005,-15.373611450195312,-25.431943893432614,37.86388778686523
1616622124315,2021-03-24T21:43:29.022Z,55.292,-15.373611450195312,-26.181943893432614,38.73888778686523
1616622124354,2021-03-24T21:43:29.033Z,55.331,-14.998611450195312,-27.306943893432614,37.48888778686523
1616622124394,2021-03-24T21:43:29.036Z,55.371,-15.373611450195312,-25.431943893432614,38.30138778686523
1616622124433,2021-03-24T21:43:29.037Z,55.41,-15.748611450195312,-25.056943893432614,38.30138778686523
1616622124473,2021-03-24T21:43:29.064Z,55.45,-14.623611450195312,-25.431943893432614,36.67638778686523
1616622124512,2021-03-24T21:43:29.066Z,55.489,-16.123611450195312,-24.744443893432614,39.48888778686523
1616622124552,2021-03-24T21:43:29.068Z,55.528999999999996,-14.623611450195312,-25.431943893432614,38.67638778686523
1616622124592,2021-03-24T21:43:29.094Z,55.568999999999996,-15.373611450195312,-26.556943893432614,37.05138778686523
1616622124631,2021-03-24T21:43:29.097Z,55.608000000000004,-14.248611450195312,-27.681943893432614,39.11388778686523
1616622124671,2021-03-24T21:43:29.108Z,55.648,-15.373611450195312,-25.431943893432614,39.11388778686523
1616622124710,2021-03-24T21:43:29.110Z,55.687,-13.873611450195312,-25.806943893432614,37.05138778686523
1616622124751,2021-03-24T21:43:29.112Z,55.728,-13.873611450195312,-25.431943893432614,39.11388778686523
1616622124791,2021-03-24T21:43:29.183Z,55.768,-13.498611450195312,-36.55694580078125,39.92638778686523
1616622124830,2021-03-24T21:43:29.184Z,55.806999999999995,-13.873611450195312,-28.806943893432614,39.55138778686523
1616622124870,2021-03-24T21:43:29.187Z,55.847,-13.873611450195312,-28.806943893432614,39.48888778686523
1616622124909,2021-03-24T21:43:29.197Z,55.886,-13.498611450195312,-30.619443893432614,38.30138778686523
1616622124949,2021-03-24T21:43:29.200Z,55.926,-13.498611450195312,-27.681943893432614,38.30138778686523
1616622124989,2021-03-24T21:43:29.202Z,55.966,-15.373611450195312,-26.556943893432614,39.92638778686523
1616622125028,2021-03-24T21:43:29.214Z,56.005,-14.248611450195312,-28.056943893432614,38.73888778686523
1616622125068,2021-03-24T21:43:29.216Z,56.045,-12.748611450195312,-27.306943893432614,38.30138778686523
1616622125107,2021-03-24T21:43:29.218Z,56.083999999999996,-13.873611450195312,-27.681943893432614,39.48888778686523
1616622125147,2021-03-24T21:43:29.230Z,56.123999999999995,-13.498611450195312,-27.681943893432614,39.55138778686523
1616622125188,2021-03-24T21:43:29.231Z,56.165,-14.623611450195312,-29.556943893432614,39.11388778686523
1616622125227,2021-03-24T21:43:29.243Z,56.20399999999999,-14.623611450195312,-28.431943893432614,37.86388778686523
1616622125267,2021-03-24T21:43:29.245Z,56.244,-14.998611450195312,-28.056943893432614,37.86388778686523
1616622125306,2021-03-24T21:43:29.247Z,56.283,-15.748611450195312,-27.306943893432614,40.30138778686523
1616622125346,2021-03-24T21:43:29.257Z,56.323,-15.373611450195312,-28.431943893432614,39.11388778686523
1616622125385,2021-03-24T21:43:29.260Z,56.361999999999995,-14.998611450195312,-29.556943893432614,38.67638778686523
1616622125425,2021-03-24T21:43:29.262Z,56.402,-14.998611450195312,-28.806943893432614,39.92638778686523
1616622125465,2021-03-24T21:43:29.273Z,56.442,-14.623611450195312,-40.24444580078125,38.30138778686523
1616622125504,2021-03-24T21:43:29.275Z,56.481,-14.623611450195312,-29.556943893432614,38.30138778686523
1616622125544,2021-03-24T21:43:29.278Z,56.521,-13.873611450195312,-30.619443893432614,37.48888778686523
1616622125583,2021-03-24T21:43:29.303Z,56.56,-13.873611450195312,-29.869443893432614,37.86388778686523
1616622125624,2021-03-24T21:43:29.305Z,56.601000000000006,-14.623611450195312,-28.806943893432614,39.11388778686523
1616622125664,2021-03-24T21:43:29.307Z,56.641000000000005,-15.373611450195312,-30.244443893432614,39.92638778686523
1616622125703,2021-03-24T21:43:29.333Z,56.68,-15.373611450195312,-32.11944580078125,37.48888778686523
1616622125743,2021-03-24T21:43:29.335Z,56.72,-15.373611450195312,-30.994443893432614,39.11388778686523
1616622125782,2021-03-24T21:43:29.337Z,56.75899999999999,-14.248611450195312,-31.744443893432614,39.92638778686523
1616622125822,2021-03-24T21:43:29.348Z,56.799,-14.623611450195312,-30.244443893432614,37.92638778686523
1616622125862,2021-03-24T21:43:29.351Z,56.839,-15.373611450195312,-32.11944580078125,38.67638778686523
1616622125901,2021-03-24T21:43:29.353Z,56.878,-15.748611450195312,-34.36944580078125,38.67638778686523
1616622125941,2021-03-24T21:43:29.364Z,56.918,-13.498611450195312,-33.61944580078125,37.48888778686523
1616622125980,2021-03-24T21:43:29.366Z,56.957,-15.748611450195312,-32.86944580078125,37.86388778686523
1616622126020,2021-03-24T21:43:29.377Z,56.997,-15.373611450195312,-32.49444580078125,38.67638778686523
1616622126061,2021-03-24T21:43:29.379Z,57.038000000000004,-15.373611450195312,-32.11944580078125,38.30138778686523
1616622126100,2021-03-24T21:43:29.382Z,57.077,-14.623611450195312,-32.11944580078125,38.30138778686523
1616622126140,2021-03-24T21:43:29.393Z,57.117,-14.248611450195312,-45.05694580078125,39.05138778686523
1616622126179,2021-03-24T21:43:29.395Z,57.156000000000006,-15.748611450195312,-30.619443893432614,38.67638778686523
1616622126219,2021-03-24T21:43:29.397Z,57.196000000000005,-14.998611450195312,-32.49444580078125,38.67638778686523
1616622126259,2021-03-24T21:43:29.408Z,57.236000000000004,-14.998611450195312,-31.744443893432614,37.48888778686523
1616622126298,2021-03-24T21:43:29.410Z,57.275,-14.623611450195312,-32.11944580078125,37.11388778686523
1616622126338,2021-03-24T21:43:29.413Z,57.315,-15.373611450195312,-31.744443893432614,39.11388778686523
1616622126377,2021-03-24T21:43:29.424Z,57.354,-15.373611450195312,-34.30694580078125,37.86388778686523
1616622126417,2021-03-24T21:43:29.426Z,57.394,-14.623611450195312,-34.36944580078125,38.73888778686523
1616622126456,2021-03-24T21:43:29.428Z,57.433,-15.373611450195312,-32.49444580078125,38.30138778686523
1616622126496,2021-03-24T21:43:29.439Z,57.473,-15.373611450195312,-31.369443893432614,37.86388778686523
1616622126537,2021-03-24T21:43:29.442Z,57.513999999999996,-15.373611450195312,-30.994443893432614,38.30138778686523
1616622126576,2021-03-24T21:43:29.452Z,57.553000000000004,-15.748611450195312,-30.619443893432614,37.48888778686523
1616622126616,2021-03-24T21:43:29.455Z,57.593,-14.998611450195312,-28.806943893432614,38.30138778686523
1616622126656,2021-03-24T21:43:29.457Z,57.633,-16.123611450195312,-32.11944580078125,39.48888778686523
1616622126695,2021-03-24T21:43:29.468Z,57.672,-15.748611450195312,-30.994443893432614,39.92638778686523
1616622126735,2021-03-24T21:43:29.470Z,57.711999999999996,-16.123611450195312,-32.49444580078125,37.86388778686523
1616622126774,2021-03-24T21:43:29.472Z,57.751000000000005,-14.998611450195312,-28.806943893432614,38.30138778686523
1616622126814,2021-03-24T21:43:29.484Z,57.791000000000004,-16.123611450195312,-43.24444580078125,37.48888778686523
1616622126853,2021-03-24T21:43:29.486Z,57.83,-15.748611450195312,-28.806943893432614,37.05138778686523
1616622126893,2021-03-24T21:43:29.488Z,57.87,-15.748611450195312,-28.431943893432614,37.48888778686523
1616622126932,2021-03-24T21:43:29.500Z,57.909,-15.373611450195312,-28.056943893432614,38.30138778686523
1616622126973,2021-03-24T21:43:29.502Z,57.95,-15.748611450195312,-24.744443893432614,37.48888778686523
1616622127013,2021-03-24T21:43:29.513Z,57.99,-15.748611450195312,-27.681943893432614,38.30138778686523
1616622127052,2021-03-24T21:43:29.514Z,58.028999999999996,-16.123611450195312,-25.431943893432614,37.48888778686523
1616622127092,2021-03-24T21:43:29.517Z,58.068999999999996,-16.123611450195312,-28.056943893432614,38.30138778686523
1616622127132,2021-03-24T21:43:29.528Z,58.108999999999995,-15.748611450195312,-23.994443893432614,39.11388778686523
1616622127171,2021-03-24T21:43:29.560Z,58.148,-14.998611450195312,-26.556943893432614,37.11388778686523
1616622127211,2021-03-24T21:43:29.562Z,58.188,-16.436111450195312,-22.869443893432614,38.73888778686523
1616622127250,2021-03-24T21:43:29.573Z,58.227,-15.748611450195312,-25.056943893432614,37.92638778686523
1616622127290,2021-03-24T21:43:29.575Z,58.266999999999996,-15.748611450195312,-23.244443893432614,35.863887786865234
1616622127329,2021-03-24T21:43:29.578Z,58.306000000000004,-15.373611450195312,-26.181943893432614,39.11388778686523
1616622127369,2021-03-24T21:43:29.619Z,58.346000000000004,-14.623611450195312,-29.869443893432614,37.86388778686523
1616622127408,2021-03-24T21:43:29.621Z,58.385,-15.748611450195312,-26.931943893432614,37.48888778686523
1616622127449,2021-03-24T21:43:29.623Z,58.426,-15.373611450195312,-23.619443893432614,37.92638778686523
1616622127489,2021-03-24T21:43:29.649Z,58.466,-14.998611450195312,-31.744443893432614,37.48888778686523
1616622127529,2021-03-24T21:43:29.652Z,58.506,-16.123611450195312,-22.119443893432614,37.48888778686523
1616622127568,2021-03-24T21:43:29.663Z,58.545,-16.436111450195312,-25.056943893432614,38.30138778686523
1616622127608,2021-03-24T21:43:29.665Z,58.585,-14.998611450195312,-24.369443893432614,37.48888778686523
1616622127647,2021-03-24T21:43:29.667Z,58.623999999999995,-15.373611450195312,-24.744443893432614,37.05138778686523
1616622127687,2021-03-24T21:43:29.678Z,58.663999999999994,-14.998611450195312,-24.369443893432614,38.67638778686523
1616622127726,2021-03-24T21:43:29.693Z,58.703,-15.373611450195312,-24.744443893432614,37.05138778686523
1616622127766,2021-03-24T21:43:29.696Z,58.743,-15.373611450195312,-23.244443893432614,38.30138778686523
1616622127805,2021-03-24T21:43:29.738Z,58.782,-15.373611450195312,-23.619443893432614,39.48888778686523
1616622127845,2021-03-24T21:43:29.739Z,58.821999999999996,-14.998611450195312,-24.369443893432614,37.86388778686523
1616622127886,2021-03-24T21:43:29.742Z,58.863,-13.873611450195312,-23.244443893432614,37.11388778686523
1616622127926,2021-03-24T21:43:29.753Z,58.903,-15.373611450195312,-23.244443893432614,37.86388778686523
1616622127965,2021-03-24T21:43:29.755Z,58.942,-16.123611450195312,-23.619443893432614,36.67638778686523
1616622128005,2021-03-24T21:43:29.757Z,58.982,-14.248611450195312,-25.056943893432614,38.30138778686523
1616622128044,2021-03-24T21:43:29.768Z,59.021,-16.123611450195312,-30.244443893432614,37.48888778686523
1616622128084,2021-03-24T21:43:29.770Z,59.06100000000001,-15.373611450195312,-27.681943893432614,37.48888778686523
1616622128123,2021-03-24T21:43:29.773Z,59.1,-16.123611450195312,-23.994443893432614,39.11388778686523
1616622128163,2021-03-24T21:43:29.784Z,59.14,-15.373611450195312,-28.431943893432614,38.30138778686523
1616622128202,2021-03-24T21:43:29.786Z,59.178999999999995,-14.998611450195312,-26.181943893432614,38.30138778686523
1616622128242,2021-03-24T21:43:29.788Z,59.218999999999994,-15.373611450195312,-24.369443893432614,37.86388778686523
1616622128281,2021-03-24T21:43:29.800Z,59.258,-14.623611450195312,-23.619443893432614,37.05138778686523
1616622128321,2021-03-24T21:43:29.802Z,59.298,-15.748611450195312,-25.806943893432614,38.30138778686523
1616622128362,2021-03-24T21:43:29.813Z,59.339,-16.123611450195312,-26.556943893432614,37.86388778686523
1616622128402,2021-03-24T21:43:29.815Z,59.379,-15.373611450195312,-27.681943893432614,36.67638778686523
1616622128441,2021-03-24T21:43:29.817Z,59.418,-14.623611450195312,-26.181943893432614,38.67638778686523
1616622128481,2021-03-24T21:43:29.828Z,59.458,-14.623611450195312,-24.369443893432614,37.48888778686523
1616622128520,2021-03-24T21:43:29.830Z,59.497,-15.373611450195312,-25.056943893432614,37.05138778686523
1616622128560,2021-03-24T21:43:29.832Z,59.537,-15.373611450195312,-25.431943893432614,37.92638778686523
1616622128599,2021-03-24T21:43:29.844Z,59.576,-15.373611450195312,-24.369443893432614,38.73888778686523
1616622128639,2021-03-24T21:43:29.846Z,59.61600000000001,-14.998611450195312,-25.806943893432614,37.05138778686523
1616622128678,2021-03-24T21:43:29.848Z,59.655,-14.998611450195312,-25.431943893432614,38.30138778686523
1616622128718,2021-03-24T21:43:29.860Z,59.695,-15.748611450195312,-39.86944580078125,38.30138778686523
1616622128758,2021-03-24T21:43:29.862Z,59.735,-16.811111450195312,-25.806943893432614,38.67638778686523
1616622128799,2021-03-24T21:43:29.873Z,59.776,-14.998611450195312,-27.306943893432614,38.67638778686523
1616622128838,2021-03-24T21:43:29.888Z,59.815,-15.748611450195312,-23.994443893432614,37.48888778686523
1616622128878,2021-03-24T21:43:29.891Z,59.855,-14.998611450195312,-27.681943893432614,38.30138778686523
1616622128917,2021-03-24T21:43:29.893Z,59.894,-15.373611450195312,-23.994443893432614,38.67638778686523
1616622128957,2021-03-24T21:43:29.904Z,59.934,-15.373611450195312,-24.744443893432614,36.67638778686523
1616622128996,2021-03-24T21:43:29.906Z,59.973,-16.123611450195312,-22.119443893432614,36.67638778686523
1616622129036,2021-03-24T21:43:29.918Z,60.013000000000005,-15.748611450195312,-25.056943893432614,38.30138778686523
1616622129075,2021-03-24T21:43:29.920Z,60.052,-16.123611450195312,-23.619443893432614,38.30138778686523
1616622129115,2021-03-24T21:43:29.922Z,60.092,-14.998611450195312,-24.369443893432614,38.73888778686523
1616622129155,2021-03-24T21:43:29.933Z,60.132,-14.998611450195312,-23.994443893432614,37.86388778686523
1616622129194,2021-03-24T21:43:29.936Z,60.17100000000001,-15.748611450195312,-24.369443893432614,37.92638778686523
1616622129234,2021-03-24T21:43:29.938Z,60.211000000000006,-15.748611450195312,-25.806943893432614,37.92638778686523
1616622129275,2021-03-24T21:43:29.949Z,60.251999999999995,-14.623611450195312,-25.431943893432614,37.86388778686523
1616622129314,2021-03-24T21:43:29.951Z,60.291000000000004,-15.748611450195312,-25.056943893432614,36.67638778686523
1616622129354,2021-03-24T21:43:29.962Z,60.331,-15.373611450195312,-26.556943893432614,37.86388778686523
1616622129393,2021-03-24T21:43:29.965Z,60.37,-14.248611450195312,-38.43194580078125,38.67638778686523
1616622129433,2021-03-24T21:43:29.967Z,60.41,-15.748611450195312,-25.806943893432614,36.67638778686523
1616622129472,2021-03-24T21:43:29.978Z,60.449,-14.998611450195312,-25.806943893432614,39.11388778686523
1616622129512,2021-03-24T21:43:29.980Z,60.489,-16.123611450195312,-26.181943893432614,37.05138778686523
1616622129552,2021-03-24T21:43:29.982Z,60.528999999999996,-16.811111450195312,-22.869443893432614,37.92638778686523
1616622129591,2021-03-24T21:43:29.993Z,60.568000000000005,-15.373611450195312,-25.056943893432614,38.30138778686523
1616622129631,2021-03-24T21:43:30.009Z,60.608000000000004,-15.748611450195312,-28.431943893432614,38.30138778686523
1616622129670,2021-03-24T21:43:30.012Z,60.647,-15.748611450195312,-27.681943893432614,37.92638778686523
1616622129711,2021-03-24T21:43:30.022Z,60.688,-15.748611450195312,-25.056943893432614,38.73888778686523
1616622129751,2021-03-24T21:43:30.039Z,60.728,-16.811111450195312,-23.994443893432614,37.86388778686523
1616622129790,2021-03-24T21:43:30.041Z,60.766999999999996,-16.436111450195312,-25.431943893432614,37.48888778686523
1616622129830,2021-03-24T21:43:30.052Z,60.806999999999995,-16.436111450195312,-24.369443893432614,38.30138778686523
1616622129869,2021-03-24T21:43:30.055Z,60.846000000000004,-15.748611450195312,-26.556943893432614,37.86388778686523
1616622129909,2021-03-24T21:43:30.057Z,60.886,-15.373611450195312,-23.244443893432614,38.30138778686523
1616622129948,2021-03-24T21:43:30.067Z,60.925,-14.623611450195312,-24.744443893432614,39.92638778686523
1616622129988,2021-03-24T21:43:30.070Z,60.965,-15.373611450195312,-28.806943893432614,38.67638778686523
1616622130028,2021-03-24T21:43:30.072Z,61.005,-15.373611450195312,-25.431943893432614,38.67638778686523
1616622130067,2021-03-24T21:43:30.083Z,61.044,-15.373611450195312,-32.86944580078125,38.30138778686523
1616622130107,2021-03-24T21:43:30.085Z,61.083999999999996,-16.123611450195312,-25.431943893432614,37.48888778686523
1616622130148,2021-03-24T21:43:30.088Z,61.125,-15.748611450195312,-23.994443893432614,38.30138778686523
1616622130187,2021-03-24T21:43:30.114Z,61.163999999999994,-16.123611450195312,-24.369443893432614,38.30138778686523
1616622130227,2021-03-24T21:43:30.116Z,61.20399999999999,-14.998611450195312,-22.869443893432614,37.92638778686523
1616622130266,2021-03-24T21:43:30.144Z,61.243,-14.998611450195312,-25.056943893432614,39.11388778686523
1616622130306,2021-03-24T21:43:30.146Z,61.283,-17.186111450195312,-24.744443893432614,37.48888778686523
1616622130345,2021-03-24T21:43:30.148Z,61.321999999999996,-16.123611450195312,-24.369443893432614,39.11388778686523
1616622130385,2021-03-24T21:43:30.174Z,61.361999999999995,-15.373611450195312,-23.994443893432614,39.11388778686523
1616622130425,2021-03-24T21:43:30.176Z,61.402,-16.123611450195312,-25.056943893432614,37.86388778686523
1616622130464,2021-03-24T21:43:30.203Z,61.441,-16.123611450195312,-24.369443893432614,37.86388778686523
1616622130504,2021-03-24T21:43:30.205Z,61.481,-15.373611450195312,-25.056943893432614,37.05138778686523
1616622130543,2021-03-24T21:43:30.207Z,61.52,-16.123611450195312,-25.806943893432614,37.86388778686523
1616622130583,2021-03-24T21:43:30.218Z,61.56,-16.123611450195312,-24.744443893432614,38.67638778686523
1616622130624,2021-03-24T21:43:30.220Z,61.601000000000006,-14.998611450195312,-32.49444580078125,38.30138778686523
1616622130663,2021-03-24T21:43:30.223Z,61.64,-17.561111450195312,-23.244443893432614,37.86388778686523
1616622130703,2021-03-24T21:43:30.248Z,61.68,-15.373611450195312,-23.244443893432614,38.30138778686523
1616622130742,2021-03-24T21:43:30.308Z,61.718999999999994,-16.123611450195312,-24.744443893432614,36.67638778686523
1616622130782,2021-03-24T21:43:30.310Z,61.75899999999999,-15.748611450195312,-25.056943893432614,36.67638778686523
1616622130822,2021-03-24T21:43:30.313Z,61.799,-16.436111450195312,-22.869443893432614,37.48888778686523
1616622130861,2021-03-24T21:43:30.324Z,61.838,-16.123611450195312,-25.056943893432614,37.05138778686523
1616622130901,2021-03-24T21:43:30.326Z,61.878,-16.123611450195312,-23.619443893432614,37.11388778686523
1616622130940,2021-03-24T21:43:30.328Z,61.917,-15.373611450195312,-23.994443893432614,37.92638778686523
1616622130980,2021-03-24T21:43:30.339Z,61.957,-14.623611450195312,-24.744443893432614,37.05138778686523
1616622131019,2021-03-24T21:43:30.342Z,61.996,-15.373611450195312,-24.744443893432614,38.30138778686523
1616622131060,2021-03-24T21:43:30.352Z,62.037,-16.123611450195312,-25.806943893432614,39.11388778686523
1616622131100,2021-03-24T21:43:30.354Z,62.077,-16.123611450195312,-24.369443893432614,37.48888778686523
1616622131139,2021-03-24T21:43:30.357Z,62.11600000000001,-16.436111450195312,-24.744443893432614,37.86388778686523
1616622131179,2021-03-24T21:43:30.378Z,62.156000000000006,-16.436111450195312,-24.369443893432614,38.30138778686523
1616622131218,2021-03-24T21:43:30.378Z,62.195,-14.998611450195312,-23.994443893432614,37.86388778686523
1616622131258,2021-03-24T21:43:30.379Z,62.235,-15.748611450195312,-23.994443893432614,39.11388778686523
1616622131298,2021-03-24T21:43:30.384Z,62.275,-14.248611450195312,-38.05694580078125,37.48888778686523
1616622131337,2021-03-24T21:43:30.386Z,62.31399999999999,-15.373611450195312,-24.744443893432614,37.48888778686523
1616622131377,2021-03-24T21:43:30.388Z,62.354,-15.373611450195312,-24.369443893432614,39.11388778686523
1616622131416,2021-03-24T21:43:30.399Z,62.393,-14.998611450195312,-23.994443893432614,37.05138778686523
1616622131456,2021-03-24T21:43:30.402Z,62.433,-16.123611450195312,-27.306943893432614,36.67638778686523
1616622131497,2021-03-24T21:43:30.413Z,62.474,-15.373611450195312,-24.369443893432614,37.92638778686523
1616622131536,2021-03-24T21:43:30.414Z,62.513000000000005,-15.748611450195312,-23.994443893432614,37.11388778686523
1616622131576,2021-03-24T21:43:30.417Z,62.553000000000004,-15.748611450195312,-24.369443893432614,37.11388778686523
1616622131615,2021-03-24T21:43:30.443Z,62.592,-16.123611450195312,-23.994443893432614,37.86388778686523
1616622131645,2021-03-24T21:43:30.445Z,62.622,-15.373611450195312,-24.744443893432614,36.67638778686523
1616622131684,2021-03-24T21:43:30.447Z,62.661,-16.123611450195312,-24.369443893432614,37.11388778686523
1616622131724,2021-03-24T21:43:30.458Z,62.701,-15.373611450195312,-24.744443893432614,39.55138778686523
1616622131763,2021-03-24T21:43:30.460Z,62.74,-15.748611450195312,-23.619443893432614,37.11388778686523
1616622131803,2021-03-24T21:43:30.462Z,62.78,-15.748611450195312,-23.994443893432614,38.30138778686523
1616622131844,2021-03-24T21:43:30.473Z,62.821000000000005,-14.998611450195312,-24.369443893432614,37.92638778686523
1616622131884,2021-03-24T21:43:30.475Z,62.861000000000004,-16.436111450195312,-24.369443893432614,37.05138778686523
1616622131923,2021-03-24T21:43:30.478Z,62.9,-16.123611450195312,-23.244443893432614,38.30138778686523
1616622131963,2021-03-24T21:43:30.489Z,62.94,-16.123611450195312,-39.18194580078125,38.67638778686523
1616622132002,2021-03-24T21:43:30.491Z,62.979,-15.373611450195312,-23.244443893432614,37.48888778686523
1616622132042,2021-03-24T21:43:30.493Z,63.019,-15.373611450195312,-24.369443893432614,38.30138778686523
1616622132081,2021-03-24T21:43:30.504Z,63.058,-15.373611450195312,-24.369443893432614,36.67638778686523
1616622132121,2021-03-24T21:43:30.507Z,63.098,-16.123611450195312,-23.619443893432614,36.30138778686523
1616622132160,2021-03-24T21:43:30.519Z,63.137,-16.811111450195312,-23.244443893432614,37.86388778686523
1616622132200,2021-03-24T21:43:30.520Z,63.177,-16.436111450195312,-23.619443893432614,36.67638778686523
1616622132239,2021-03-24T21:43:30.522Z,63.216,-16.123611450195312,-23.244443893432614,37.92638778686523
1616622132281,2021-03-24T21:43:30.536Z,63.258,-15.748611450195312,-24.369443893432614,38.30138778686523
1616622132320,2021-03-24T21:43:30.537Z,63.297,-15.748611450195312,-25.056943893432614,35.863887786865234
1616622132360,2021-03-24T21:43:30.537Z,63.336999999999996,-16.123611450195312,-23.994443893432614,37.86388778686523
1616622132399,2021-03-24T21:43:30.549Z,63.376000000000005,-15.373611450195312,-23.619443893432614,36.67638778686523
1616622132439,2021-03-24T21:43:30.551Z,63.416000000000004,-17.186111450195312,-25.431943893432614,36.67638778686523
1616622132478,2021-03-24T21:43:30.553Z,63.455,-16.436111450195312,-23.619443893432614,37.48888778686523
1616622132518,2021-03-24T21:43:30.564Z,63.495,-14.998611450195312,-25.056943893432614,38.73888778686523
1616622132557,2021-03-24T21:43:30.567Z,63.534,-16.123611450195312,-25.806943893432614,38.30138778686523
1616622132597,2021-03-24T21:43:30.578Z,63.574,-16.123611450195312,-25.056943893432614,37.48888778686523
1616622132636,2021-03-24T21:43:30.580Z,63.613,-17.186111450195312,-31.369443893432614,36.30138778686523
1616622132676,2021-03-24T21:43:30.582Z,63.653,-16.811111450195312,-24.369443893432614,37.11388778686523
1616622132716,2021-03-24T21:43:30.594Z,63.693000000000005,-16.436111450195312,-22.119443893432614,38.30138778686523
1616622132757,2021-03-24T21:43:30.596Z,63.733999999999995,-16.123611450195312,-24.369443893432614,36.30138778686523
1616622132796,2021-03-24T21:43:30.598Z,63.773,-16.123611450195312,-24.369443893432614,36.67638778686523
1616622132836,2021-03-24T21:43:30.609Z,63.813,-14.623611450195312,-23.619443893432614,37.92638778686523
1616622132875,2021-03-24T21:43:30.612Z,63.852,-17.186111450195312,-25.119443893432614,36.30138778686523
1616622132905,2021-03-24T21:43:30.612Z,63.882,-17.186111450195312,-25.119443893432614,36.30138778686523
1616622132944,2021-03-24T21:43:30.624Z,63.92100000000001,-16.123611450195312,-23.994443893432614,38.30138778686523
1616622132984,2021-03-24T21:43:30.625Z,63.961000000000006,-16.123611450195312,-23.994443893432614,38.30138778686523
1616622133023,2021-03-24T21:43:30.628Z,64.0,-17.186111450195312,-23.994443893432614,37.48888778686523
1616622133064,2021-03-24T21:43:30.639Z,64.041,-16.436111450195312,-22.869443893432614,38.30138778686523
1616622133104,2021-03-24T21:43:30.641Z,64.081,-16.123611450195312,-23.619443893432614,36.67638778686523
1616622133143,2021-03-24T21:43:30.643Z,64.12,-16.123611450195312,-24.369443893432614,37.92638778686523
1616622133183,2021-03-24T21:43:30.670Z,64.16,-15.748611450195312,-30.619443893432614,37.92638778686523
1616622133222,2021-03-24T21:43:30.672Z,64.199,-16.811111450195312,-25.431943893432614,35.051387786865234
1616622133262,2021-03-24T21:43:30.683Z,64.23899999999999,-16.436111450195312,-23.244443893432614,37.86388778686523
1616622133302,2021-03-24T21:43:30.685Z,64.279,-16.123611450195312,-26.931943893432614,37.48888778686523
1616622133341,2021-03-24T21:43:30.687Z,64.318,-16.436111450195312,-24.369443893432614,36.67638778686523
1616622133381,2021-03-24T21:43:30.744Z,64.358,-16.436111450195312,-24.369443893432614,36.67638778686523
1616622133420,2021-03-24T21:43:30.746Z,64.39699999999999,-15.373611450195312,-22.494443893432614,38.30138778686523
1616622133460,2021-03-24T21:43:30.748Z,64.437,-16.436111450195312,-24.744443893432614,37.11388778686523
1616622133499,2021-03-24T21:43:30.759Z,64.476,-16.436111450195312,-23.244443893432614,37.11388778686523
1616622133539,2021-03-24T21:43:30.762Z,64.516,-16.123611450195312,-22.869443893432614,37.11388778686523
1616622133580,2021-03-24T21:43:30.772Z,64.557,-16.123611450195312,-22.869443893432614,38.73888778686523
1616622133619,2021-03-24T21:43:30.774Z,64.596,-15.748611450195312,-23.244443893432614,38.30138778686523
1616622133659,2021-03-24T21:43:30.777Z,64.63600000000001,-14.998611450195312,-24.369443893432614,36.67638778686523
1616622133698,2021-03-24T21:43:30.788Z,64.675,-16.811111450195312,-23.619443893432614,37.92638778686523
1616622133738,2021-03-24T21:43:30.790Z,64.715,-13.873611450195312,-24.744443893432614,38.30138778686523
1616622133778,2021-03-24T21:43:30.793Z,64.755,-16.811111450195312,-23.244443893432614,35.863887786865234
1616622133817,2021-03-24T21:43:30.804Z,64.794,-16.811111450195312,-23.244443893432614,35.863887786865234
1616622133857,2021-03-24T21:43:30.807Z,64.834,-16.436111450195312,-24.369443893432614,37.48888778686523
1616622133896,2021-03-24T21:43:30.848Z,64.873,-17.186111450195312,-38.43194580078125,37.05138778686523
1616622133936,2021-03-24T21:43:30.850Z,64.913,-14.998611450195312,-22.119443893432614,35.863887786865234
1616622133975,2021-03-24T21:43:30.852Z,64.952,-16.436111450195312,-23.244443893432614,37.11388778686523
1616622134016,2021-03-24T21:43:30.863Z,64.993,-16.123611450195312,-23.994443893432614,38.30138778686523
1616622134056,2021-03-24T21:43:30.865Z,65.033,-16.436111450195312,-23.619443893432614,37.11388778686523
1616622134095,2021-03-24T21:43:30.867Z,65.072,-15.373611450195312,-23.994443893432614,37.48888778686523
1616622134135,2021-03-24T21:43:30.878Z,65.112,-16.123611450195312,-23.994443893432614,38.30138778686523
1616622134175,2021-03-24T21:43:30.881Z,65.152,-14.998611450195312,-24.369443893432614,37.92638778686523
1616622134214,2021-03-24T21:43:30.883Z,65.191,-16.123611450195312,-24.369443893432614,37.92638778686523
1616622134254,2021-03-24T21:43:30.894Z,65.23100000000001,-15.748611450195312,-25.119443893432614,38.30138778686523
1616622134293,2021-03-24T21:43:30.896Z,65.27,-15.748611450195312,-25.119443893432614,38.30138778686523
1616622134333,2021-03-24T21:43:30.907Z,65.31,-15.373611450195312,-22.494443893432614,37.92638778686523
1616622134372,2021-03-24T21:43:30.909Z,65.34899999999999,-16.436111450195312,-23.619443893432614,37.48888778686523
1616622134412,2021-03-24T21:43:30.912Z,65.389,-16.123611450195312,-25.431943893432614,39.11388778686523
1616622134451,2021-03-24T21:43:30.923Z,65.428,-15.748611450195312,-24.369443893432614,37.48888778686523
1616622134492,2021-03-24T21:43:30.925Z,65.469,-15.373611450195312,-25.431943893432614,37.48888778686523
1616622134532,2021-03-24T21:43:30.927Z,65.509,-16.061111450195312,-36.18194580078125,37.92638778686523
1616622134572,2021-03-24T21:43:30.938Z,65.54899999999999,-15.748611450195312,-22.869443893432614,37.11388778686523
1616622134611,2021-03-24T21:43:30.940Z,65.58800000000001,-16.123611450195312,-23.994443893432614,37.48888778686523
1616622134651,2021-03-24T21:43:30.943Z,65.628,-15.748611450195312,-23.244443893432614,37.11388778686523
1616622134690,2021-03-24T21:43:30.954Z,65.667,-15.748611450195312,-24.369443893432614,37.11388778686523
1616622134730,2021-03-24T21:43:30.956Z,65.707,-15.748611450195312,-24.369443893432614,37.11388778686523
1616622134769,2021-03-24T21:43:30.958Z,65.74600000000001,-17.186111450195312,-23.619443893432614,38.30138778686523
1616622134809,2021-03-24T21:43:30.969Z,65.786,-16.811111450195312,-25.119443893432614,36.67638778686523
1616622134848,2021-03-24T21:43:30.972Z,65.825,-15.748611450195312,-24.744443893432614,38.73888778686523
1616622134888,2021-03-24T21:43:30.982Z,65.865,-15.748611450195312,-23.994443893432614,37.11388778686523
1616622134929,2021-03-24T21:43:30.984Z,65.906,-14.998611450195312,-24.369443893432614,38.73888778686523
1616622134968,2021-03-24T21:43:30.987Z,65.945,-15.373611450195312,-24.369443893432614,37.48888778686523
1616622135008,2021-03-24T21:43:30.998Z,65.985,-15.373611450195312,-25.119443893432614,37.11388778686523
1616622135048,2021-03-24T21:43:31.000Z,66.025,-14.623611450195312,-24.369443893432614,37.48888778686523
1616622135087,2021-03-24T21:43:31.013Z,66.064,-15.373611450195312,-30.244443893432614,37.11388778686523
1616622135127,2021-03-24T21:43:31.014Z,66.104,-16.123611450195312,-25.431943893432614,36.67638778686523
1616622135166,2021-03-24T21:43:31.017Z,66.143,-15.373611450195312,-24.369443893432614,35.863887786865234
1616622135206,2021-03-24T21:43:31.028Z,66.183,-15.373611450195312,-24.369443893432614,35.863887786865234
1616622135245,2021-03-24T21:43:31.030Z,66.222,-14.623611450195312,-27.681943893432614,36.67638778686523
1616622135285,2021-03-24T21:43:31.032Z,66.262,-15.748611450195312,-22.869443893432614,36.30138778686523
1616622135324,2021-03-24T21:43:31.043Z,66.301,-16.123611450195312,-24.369443893432614,38.30138778686523
1616622135365,2021-03-24T21:43:31.045Z,66.342,-15.748611450195312,-23.994443893432614,37.11388778686523
1616622135405,2021-03-24T21:43:31.048Z,66.382,-15.748611450195312,-22.869443893432614,38.30138778686523
1616622135445,2021-03-24T21:43:31.059Z,66.422,-16.123611450195312,-24.744443893432614,36.67638778686523
1616622135484,2021-03-24T21:43:31.061Z,66.461,-16.061111450195312,-22.869443893432614,37.55138778686523
1616622135524,2021-03-24T21:43:31.063Z,66.501,-16.436111450195312,-25.806943893432614,36.67638778686523
1616622135563,2021-03-24T21:43:31.074Z,66.54,-16.811111450195312,-23.994443893432614,36.30138778686523
1616622135603,2021-03-24T21:43:31.077Z,66.58,-15.748611450195312,-23.619443893432614,37.92638778686523
1616622135642,2021-03-24T21:43:31.087Z,66.619,-16.436111450195312,-24.369443893432614,37.92638778686523
1616622135682,2021-03-24T21:43:31.089Z,66.65899999999999,-16.436111450195312,-24.369443893432614,37.92638778686523
1616622135721,2021-03-24T21:43:31.092Z,66.69800000000001,-15.748611450195312,-25.119443893432614,36.30138778686523
1616622135761,2021-03-24T21:43:31.103Z,66.738,-16.436111450195312,-23.619443893432614,36.67638778686523
1616622135801,2021-03-24T21:43:31.105Z,66.778,-15.373611450195312,-39.86944580078125,37.11388778686523
1616622135840,2021-03-24T21:43:31.107Z,66.817,-16.123611450195312,-26.181943893432614,36.67638778686523
1616622135881,2021-03-24T21:43:31.119Z,66.858,-14.998611450195312,-23.244443893432614,36.30138778686523
1616622135921,2021-03-24T21:43:31.121Z,66.898,-16.436111450195312,-25.806943893432614,36.67638778686523
1616622135960,2021-03-24T21:43:31.123Z,66.937,-16.123611450195312,-23.994443893432614,37.48888778686523
1616622136000,2021-03-24T21:43:31.135Z,66.977,-16.436111450195312,-24.369443893432614,36.67638778686523
1616622136039,2021-03-24T21:43:31.137Z,67.016,-16.436111450195312,-24.369443893432614,36.67638778686523
1616622136079,2021-03-24T21:43:31.148Z,67.056,-15.748611450195312,-23.619443893432614,37.55138778686523
1616622136118,2021-03-24T21:43:31.150Z,67.095,-16.436111450195312,-23.619443893432614,36.67638778686523
1616622136158,2021-03-24T21:43:31.152Z,67.135,-14.998611450195312,-24.744443893432614,38.30138778686523
1616622136197,2021-03-24T21:43:31.163Z,67.17399999999999,-15.748611450195312,-23.619443893432614,37.92638778686523
1616622136237,2021-03-24T21:43:31.165Z,67.214,-15.373611450195312,-24.369443893432614,37.11388778686523
1616622136277,2021-03-24T21:43:31.167Z,67.25399999999999,-16.123611450195312,-24.744443893432614,36.30138778686523
1616622136318,2021-03-24T21:43:31.178Z,67.295,-14.998611450195312,-23.619443893432614,37.11388778686523
1616622136357,2021-03-24T21:43:31.181Z,67.334,-16.811111450195312,-23.994443893432614,35.863887786865234
1616622136397,2021-03-24T21:43:31.183Z,67.374,-15.748611450195312,-23.619443893432614,36.30138778686523
1616622136436,2021-03-24T21:43:31.194Z,67.413,-17.936111450195312,-40.61944580078125,37.48888778686523
1616622136476,2021-03-24T21:43:31.196Z,67.453,-15.748611450195312,-23.619443893432614,38.36388778686523
